dataset,architecture,n_models,width,domain_shift,matching,alignment_source,alignment_noise_fraction,fixed_setting_id,monomial_method,monomial_scale_method,baseline_method,comparison,mean_delta,std_delta,bootstrap_ci_low,bootstrap_ci_high,n_paired_seeds,wins,ties,losses,claim_status,claim_supported
fashion_mnist,mlp,3,64,input_noise,monomial_activation,observed,0.0,fashion_mnist_mlp_N3_W64_input_noise_monomial_activation,monomial_gauge_ref0_clipped,clipped,c2m3_synchronized,monomial_gauge_ref0_clipped - c2m3_synchronized,0.0005833333333333395,0.016806240288764127,-0.004949999999999984,0.007066666666666669,30,14,0,16,unsupported_ci_crosses_zero_or_negative,False
fashion_mnist,mlp,3,64,input_noise,monomial_activation,observed,0.0,fashion_mnist_mlp_N3_W64_input_noise_monomial_activation,monomial_gauge_ref0_clipped,clipped,greedy_soup,monomial_gauge_ref0_clipped - greedy_soup,-0.03881666666666665,0.009236811038498039,-0.042034583333333306,-0.03564958333333333,30,0,0,30,unsupported_ci_crosses_zero_or_negative,False
fashion_mnist,mlp,3,64,input_noise,monomial_activation,observed,0.0,fashion_mnist_mlp_N3_W64_input_noise_monomial_activation,monomial_gauge_ref0_clipped,clipped,weight_average,monomial_gauge_ref0_clipped - weight_average,0.15381666666666663,0.07410087292209244,0.12824416666666663,0.18003375,30,30,0,0,supported_positive_ci_vs_weight_average,True
fashion_mnist,mlp,3,64,input_noise,monomial_activation,observed,0.0,fashion_mnist_mlp_N3_W64_input_noise_monomial_activation,monomial_gauge_ref0_global_synchronized,global_synchronized,c2m3_synchronized,monomial_gauge_ref0_global_synchronized - c2m3_synchronized,0.004350000000000002,0.013417789272660288,-0.00016708333333334072,0.009449999999999988,30,17,0,13,unsupported_ci_crosses_zero_or_negative,False
fashion_mnist,mlp,3,64,input_noise,monomial_activation,observed,0.0,fashion_mnist_mlp_N3_W64_input_noise_monomial_activation,monomial_gauge_ref0_global_synchronized,global_synchronized,greedy_soup,monomial_gauge_ref0_global_synchronized - greedy_soup,-0.03505,0.01137325204455461,-0.03913333333333332,-0.03118333333333333,30,0,0,30,unsupported_ci_crosses_zero_or_negative,False
fashion_mnist,mlp,3,64,input_noise,monomial_activation,observed,0.0,fashion_mnist_mlp_N3_W64_input_noise_monomial_activation,monomial_gauge_ref0_global_synchronized,global_synchronized,weight_average,monomial_gauge_ref0_global_synchronized - weight_average,0.15758333333333335,0.07522816825398965,0.13034958333333332,0.18360041666666668,30,30,0,0,supported_positive_ci_vs_weight_average,True
fashion_mnist,mlp,3,64,input_noise,monomial_activation,observed,0.0,fashion_mnist_mlp_N3_W64_input_noise_monomial_activation,monomial_gauge_ref0_raw,raw,c2m3_synchronized,monomial_gauge_ref0_raw - c2m3_synchronized,0.0008833333333333471,0.01674848594975664,-0.005000416666666663,0.007167500000000016,30,15,0,15,unsupported_ci_crosses_zero_or_negative,False
fashion_mnist,mlp,3,64,input_noise,monomial_activation,observed,0.0,fashion_mnist_mlp_N3_W64_input_noise_monomial_activation,monomial_gauge_ref0_raw,raw,greedy_soup,monomial_gauge_ref0_raw - greedy_soup,-0.03851666666666664,0.009022465575299864,-0.041766666666666626,-0.03541666666666664,30,0,0,30,unsupported_ci_crosses_zero_or_negative,False
fashion_mnist,mlp,3,64,input_noise,monomial_activation,observed,0.0,fashion_mnist_mlp_N3_W64_input_noise_monomial_activation,monomial_gauge_ref0_raw,raw,weight_average,monomial_gauge_ref0_raw - weight_average,0.1541166666666667,0.07402780038529484,0.12972958333333331,0.17873458333333334,30,30,0,0,supported_positive_ci_vs_weight_average,True
fashion_mnist,mlp,3,64,input_noise,monomial_activation,observed,0.0,fashion_mnist_mlp_N3_W64_input_noise_monomial_activation,monomial_gauge_ref0_shrinkage,shrinkage,c2m3_synchronized,monomial_gauge_ref0_shrinkage - c2m3_synchronized,0.0036333333333333365,0.014210203554399618,-0.0011504166666666657,0.008917083333333355,30,15,1,14,unsupported_ci_crosses_zero_or_negative,False
fashion_mnist,mlp,3,64,input_noise,monomial_activation,observed,0.0,fashion_mnist_mlp_N3_W64_input_noise_monomial_activation,monomial_gauge_ref0_shrinkage,shrinkage,greedy_soup,monomial_gauge_ref0_shrinkage - greedy_soup,-0.035766666666666655,0.010617757842840221,-0.03971708333333332,-0.03216624999999999,30,0,0,30,unsupported_ci_crosses_zero_or_negative,False
fashion_mnist,mlp,3,64,input_noise,monomial_activation,observed,0.0,fashion_mnist_mlp_N3_W64_input_noise_monomial_activation,monomial_gauge_ref0_shrinkage,shrinkage,weight_average,monomial_gauge_ref0_shrinkage - weight_average,0.15686666666666668,0.07463727613267881,0.13294916666666667,0.18410291666666664,30,30,0,0,supported_positive_ci_vs_weight_average,True
fashion_mnist,mlp,3,64,input_noise,monomial_weight,observed,0.0,fashion_mnist_mlp_N3_W64_input_noise_monomial_weight,monomial_gauge_ref0_clipped,clipped,c2m3_synchronized,monomial_gauge_ref0_clipped - c2m3_synchronized,0.0019000000000000017,0.00380879200688672,0.0005499999999999986,0.0033166666666666713,30,17,3,10,supported_positive_ci_vs_c2m3,True
fashion_mnist,mlp,3,64,input_noise,monomial_weight,observed,0.0,fashion_mnist_mlp_N3_W64_input_noise_monomial_weight,monomial_gauge_ref0_clipped,clipped,greedy_soup,monomial_gauge_ref0_clipped - greedy_soup,-0.02733333333333331,0.013289439243335237,-0.032016666666666645,-0.022749999999999982,30,0,1,29,unsupported_ci_crosses_zero_or_negative,False
fashion_mnist,mlp,3,64,input_noise,monomial_weight,observed,0.0,fashion_mnist_mlp_N3_W64_input_noise_monomial_weight,monomial_gauge_ref0_clipped,clipped,weight_average,monomial_gauge_ref0_clipped - weight_average,0.16530000000000003,0.07396791009713559,0.13964208333333336,0.19128583333333332,30,30,0,0,supported_positive_ci_vs_weight_average,True
fashion_mnist,mlp,3,64,input_noise,monomial_weight,observed,0.0,fashion_mnist_mlp_N3_W64_input_noise_monomial_weight,monomial_gauge_ref0_global_synchronized,global_synchronized,c2m3_synchronized,monomial_gauge_ref0_global_synchronized - c2m3_synchronized,0.0009500000000000027,0.0020271859210789583,0.00028291666666665447,0.0016666666666666757,30,20,2,8,supported_positive_ci_vs_c2m3,True
fashion_mnist,mlp,3,64,input_noise,monomial_weight,observed,0.0,fashion_mnist_mlp_N3_W64_input_noise_monomial_weight,monomial_gauge_ref0_global_synchronized,global_synchronized,greedy_soup,monomial_gauge_ref0_global_synchronized - greedy_soup,-0.02828333333333331,0.013730587131965824,-0.03320041666666663,-0.023698749999999966,30,1,0,29,unsupported_ci_crosses_zero_or_negative,False
fashion_mnist,mlp,3,64,input_noise,monomial_weight,observed,0.0,fashion_mnist_mlp_N3_W64_input_noise_monomial_weight,monomial_gauge_ref0_global_synchronized,global_synchronized,weight_average,monomial_gauge_ref0_global_synchronized - weight_average,0.16434999999999997,0.07378383502058448,0.13729375,0.19028375,30,30,0,0,supported_positive_ci_vs_weight_average,True
fashion_mnist,mlp,3,64,input_noise,monomial_weight,observed,0.0,fashion_mnist_mlp_N3_W64_input_noise_monomial_weight,monomial_gauge_ref0_raw,raw,c2m3_synchronized,monomial_gauge_ref0_raw - c2m3_synchronized,0.0019000000000000017,0.00380879200688672,0.0006662499999999901,0.0032666666666666625,30,17,3,10,supported_positive_ci_vs_c2m3,True
fashion_mnist,mlp,3,64,input_noise,monomial_weight,observed,0.0,fashion_mnist_mlp_N3_W64_input_noise_monomial_weight,monomial_gauge_ref0_raw,raw,greedy_soup,monomial_gauge_ref0_raw - greedy_soup,-0.02733333333333331,0.013289439243335237,-0.03193374999999999,-0.022699166666666645,30,0,1,29,unsupported_ci_crosses_zero_or_negative,False
fashion_mnist,mlp,3,64,input_noise,monomial_weight,observed,0.0,fashion_mnist_mlp_N3_W64_input_noise_monomial_weight,monomial_gauge_ref0_raw,raw,weight_average,monomial_gauge_ref0_raw - weight_average,0.16530000000000003,0.07396791009713559,0.13839875,0.1922833333333333,30,30,0,0,supported_positive_ci_vs_weight_average,True
fashion_mnist,mlp,3,64,input_noise,monomial_weight,observed,0.0,fashion_mnist_mlp_N3_W64_input_noise_monomial_weight,monomial_gauge_ref0_shrinkage,shrinkage,c2m3_synchronized,monomial_gauge_ref0_shrinkage - c2m3_synchronized,0.0009333333333333305,0.002160512923348069,0.00016666666666667043,0.0017504166666666601,30,16,5,9,supported_positive_ci_vs_c2m3,True
fashion_mnist,mlp,3,64,input_noise,monomial_weight,observed,0.0,fashion_mnist_mlp_N3_W64_input_noise_monomial_weight,monomial_gauge_ref0_shrinkage,shrinkage,greedy_soup,monomial_gauge_ref0_shrinkage - greedy_soup,-0.02829999999999998,0.013793176723943278,-0.03301666666666663,-0.023549583333333332,30,1,0,29,unsupported_ci_crosses_zero_or_negative,False
fashion_mnist,mlp,3,64,input_noise,monomial_weight,observed,0.0,fashion_mnist_mlp_N3_W64_input_noise_monomial_weight,monomial_gauge_ref0_shrinkage,shrinkage,weight_average,monomial_gauge_ref0_shrinkage - weight_average,0.16433333333333336,0.07363462141726791,0.13836541666666666,0.1908858333333333,30,30,0,0,supported_positive_ci_vs_weight_average,True
fashion_mnist,mlp,3,64,none,monomial_activation,observed,0.0,fashion_mnist_mlp_N3_W64_none_monomial_activation,monomial_gauge_ref0_clipped,clipped,c2m3_synchronized,monomial_gauge_ref0_clipped - c2m3_synchronized,0.02126666666666669,0.025635284591592786,0.012430416666666685,0.030668333333333346,30,23,0,7,supported_positive_ci_vs_c2m3,True
fashion_mnist,mlp,3,64,none,monomial_activation,observed,0.0,fashion_mnist_mlp_N3_W64_none_monomial_activation,monomial_gauge_ref0_clipped,clipped,greedy_soup,monomial_gauge_ref0_clipped - greedy_soup,-0.026499999999999968,0.009148205024616246,-0.029849999999999974,-0.0234995833333333,30,0,0,30,unsupported_ci_crosses_zero_or_negative,False
fashion_mnist,mlp,3,64,none,monomial_activation,observed,0.0,fashion_mnist_mlp_N3_W64_none_monomial_activation,monomial_gauge_ref0_clipped,clipped,weight_average,monomial_gauge_ref0_clipped - weight_average,0.24630000000000002,0.08209599091391692,0.2176966666666667,0.27495958333333337,30,30,0,0,supported_positive_ci_vs_weight_average,True
fashion_mnist,mlp,3,64,none,monomial_activation,observed,0.0,fashion_mnist_mlp_N3_W64_none_monomial_activation,monomial_gauge_ref0_global_synchronized,global_synchronized,c2m3_synchronized,monomial_gauge_ref0_global_synchronized - c2m3_synchronized,0.018233333333333344,0.02278109218012913,0.010099166666666675,0.026033750000000022,30,23,1,6,supported_positive_ci_vs_c2m3,True
fashion_mnist,mlp,3,64,none,monomial_activation,observed,0.0,fashion_mnist_mlp_N3_W64_none_monomial_activation,monomial_gauge_ref0_global_synchronized,global_synchronized,greedy_soup,monomial_gauge_ref0_global_synchronized - greedy_soup,-0.02953333333333331,0.014293676762901126,-0.03536749999999998,-0.02468249999999996,30,0,0,30,unsupported_ci_crosses_zero_or_negative,False
fashion_mnist,mlp,3,64,none,monomial_activation,observed,0.0,fashion_mnist_mlp_N3_W64_none_monomial_activation,monomial_gauge_ref0_global_synchronized,global_synchronized,weight_average,monomial_gauge_ref0_global_synchronized - weight_average,0.24326666666666663,0.08302821844090877,0.21348041666666673,0.2724354166666667,30,30,0,0,supported_positive_ci_vs_weight_average,True
fashion_mnist,mlp,3,64,none,monomial_activation,observed,0.0,fashion_mnist_mlp_N3_W64_none_monomial_activation,monomial_gauge_ref0_raw,raw,c2m3_synchronized,monomial_gauge_ref0_raw - c2m3_synchronized,0.021250000000000015,0.02577681061569181,0.012699583333333346,0.030968750000000003,30,23,0,7,supported_positive_ci_vs_c2m3,True
fashion_mnist,mlp,3,64,none,monomial_activation,observed,0.0,fashion_mnist_mlp_N3_W64_none_monomial_activation,monomial_gauge_ref0_raw,raw,greedy_soup,monomial_gauge_ref0_raw - greedy_soup,-0.02651666666666664,0.009526264359321458,-0.02976708333333331,-0.023249999999999982,30,0,0,30,unsupported_ci_crosses_zero_or_negative,False
fashion_mnist,mlp,3,64,none,monomial_activation,observed,0.0,fashion_mnist_mlp_N3_W64_none_monomial_activation,monomial_gauge_ref0_raw,raw,weight_average,monomial_gauge_ref0_raw - weight_average,0.24628333333333338,0.08198366987660885,0.21614625000000004,0.2753029166666666,30,30,0,0,supported_positive_ci_vs_weight_average,True
fashion_mnist,mlp,3,64,none,monomial_activation,observed,0.0,fashion_mnist_mlp_N3_W64_none_monomial_activation,monomial_gauge_ref0_shrinkage,shrinkage,c2m3_synchronized,monomial_gauge_ref0_shrinkage - c2m3_synchronized,0.018766666666666678,0.023560535871976956,0.010732083333333343,0.026851249999999986,30,23,0,7,supported_positive_ci_vs_c2m3,True
fashion_mnist,mlp,3,64,none,monomial_activation,observed,0.0,fashion_mnist_mlp_N3_W64_none_monomial_activation,monomial_gauge_ref0_shrinkage,shrinkage,greedy_soup,monomial_gauge_ref0_shrinkage - greedy_soup,-0.028999999999999977,0.013022526901356439,-0.03366791666666666,-0.0246495833333333,30,0,0,30,unsupported_ci_crosses_zero_or_negative,False
fashion_mnist,mlp,3,64,none,monomial_activation,observed,0.0,fashion_mnist_mlp_N3_W64_none_monomial_activation,monomial_gauge_ref0_shrinkage,shrinkage,weight_average,monomial_gauge_ref0_shrinkage - weight_average,0.2438,0.0839108311614591,0.21417875000000003,0.2744854166666667,30,30,0,0,supported_positive_ci_vs_weight_average,True
fashion_mnist,mlp,3,64,none,monomial_weight,observed,0.0,fashion_mnist_mlp_N3_W64_none_monomial_weight,monomial_gauge_ref0_clipped,clipped,c2m3_synchronized,monomial_gauge_ref0_clipped - c2m3_synchronized,0.0044666666666666665,0.004299024214330768,0.003049999999999997,0.006049999999999996,30,25,1,4,supported_positive_ci_vs_c2m3,True
fashion_mnist,mlp,3,64,none,monomial_weight,observed,0.0,fashion_mnist_mlp_N3_W64_none_monomial_weight,monomial_gauge_ref0_clipped,clipped,greedy_soup,monomial_gauge_ref0_clipped - greedy_soup,-0.03481666666666664,0.017550166191045984,-0.04120041666666665,-0.02884958333333331,30,0,0,30,unsupported_ci_crosses_zero_or_negative,False
fashion_mnist,mlp,3,64,none,monomial_weight,observed,0.0,fashion_mnist_mlp_N3_W64_none_monomial_weight,monomial_gauge_ref0_clipped,clipped,weight_average,monomial_gauge_ref0_clipped - weight_average,0.23798333333333335,0.0842075108589339,0.20854833333333336,0.26872166666666664,30,30,0,0,supported_positive_ci_vs_weight_average,True
fashion_mnist,mlp,3,64,none,monomial_weight,observed,0.0,fashion_mnist_mlp_N3_W64_none_monomial_weight,monomial_gauge_ref0_global_synchronized,global_synchronized,c2m3_synchronized,monomial_gauge_ref0_global_synchronized - c2m3_synchronized,0.0023666666666666723,0.0026226248148639463,0.0014500000000000032,0.0032833333333333343,30,23,1,6,supported_positive_ci_vs_c2m3,True
fashion_mnist,mlp,3,64,none,monomial_weight,observed,0.0,fashion_mnist_mlp_N3_W64_none_monomial_weight,monomial_gauge_ref0_global_synchronized,global_synchronized,greedy_soup,monomial_gauge_ref0_global_synchronized - greedy_soup,-0.03691666666666663,0.017798238644612413,-0.04319999999999997,-0.030899999999999973,30,0,0,30,unsupported_ci_crosses_zero_or_negative,False
fashion_mnist,mlp,3,64,none,monomial_weight,observed,0.0,fashion_mnist_mlp_N3_W64_none_monomial_weight,monomial_gauge_ref0_global_synchronized,global_synchronized,weight_average,monomial_gauge_ref0_global_synchronized - weight_average,0.23588333333333336,0.08366318798006984,0.20885625,0.26691708333333336,30,30,0,0,supported_positive_ci_vs_weight_average,True
fashion_mnist,mlp,3,64,none,monomial_weight,observed,0.0,fashion_mnist_mlp_N3_W64_none_monomial_weight,monomial_gauge_ref0_raw,raw,c2m3_synchronized,monomial_gauge_ref0_raw - c2m3_synchronized,0.0044666666666666665,0.004299024214330768,0.002983333333333338,0.006000416666666659,30,25,1,4,supported_positive_ci_vs_c2m3,True
fashion_mnist,mlp,3,64,none,monomial_weight,observed,0.0,fashion_mnist_mlp_N3_W64_none_monomial_weight,monomial_gauge_ref0_raw,raw,greedy_soup,monomial_gauge_ref0_raw - greedy_soup,-0.03481666666666664,0.017550166191045984,-0.04096958333333333,-0.028649583333333308,30,0,0,30,unsupported_ci_crosses_zero_or_negative,False
fashion_mnist,mlp,3,64,none,monomial_weight,observed,0.0,fashion_mnist_mlp_N3_W64_none_monomial_weight,monomial_gauge_ref0_raw,raw,weight_average,monomial_gauge_ref0_raw - weight_average,0.23798333333333335,0.0842075108589339,0.20946,0.26762125000000003,30,30,0,0,supported_positive_ci_vs_weight_average,True
fashion_mnist,mlp,3,64,none,monomial_weight,observed,0.0,fashion_mnist_mlp_N3_W64_none_monomial_weight,monomial_gauge_ref0_shrinkage,shrinkage,c2m3_synchronized,monomial_gauge_ref0_shrinkage - c2m3_synchronized,0.0026833333333333375,0.002686117995371278,0.001800000000000009,0.0036666666666666705,30,25,2,3,supported_positive_ci_vs_c2m3,True
fashion_mnist,mlp,3,64,none,monomial_weight,observed,0.0,fashion_mnist_mlp_N3_W64_none_monomial_weight,monomial_gauge_ref0_shrinkage,shrinkage,greedy_soup,monomial_gauge_ref0_shrinkage - greedy_soup,-0.03659999999999998,0.017700769513761552,-0.0429508333333333,-0.030196250000000008,30,0,0,30,unsupported_ci_crosses_zero_or_negative,False
fashion_mnist,mlp,3,64,none,monomial_weight,observed,0.0,fashion_mnist_mlp_N3_W64_none_monomial_weight,monomial_gauge_ref0_shrinkage,shrinkage,weight_average,monomial_gauge_ref0_shrinkage - weight_average,0.23620000000000002,0.08359689814407197,0.20828333333333332,0.2643854166666667,30,30,0,0,supported_positive_ci_vs_weight_average,True
fashion_mnist,mlp,3,128,input_noise,monomial_activation,observed,0.0,fashion_mnist_mlp_N3_W128_input_noise_monomial_activation,monomial_gauge_ref0_clipped,clipped,c2m3_synchronized,monomial_gauge_ref0_clipped - c2m3_synchronized,-0.005366666666666664,0.007365967096340297,-0.007950416666666668,-0.002849583333333329,30,5,2,23,unsupported_ci_crosses_zero_or_negative,False
fashion_mnist,mlp,3,128,input_noise,monomial_activation,observed,0.0,fashion_mnist_mlp_N3_W128_input_noise_monomial_activation,monomial_gauge_ref0_clipped,clipped,greedy_soup,monomial_gauge_ref0_clipped - greedy_soup,-0.039783333333333296,0.006682044046822669,-0.0422333333333333,-0.03744999999999997,30,0,0,30,unsupported_ci_crosses_zero_or_negative,False
fashion_mnist,mlp,3,128,input_noise,monomial_activation,observed,0.0,fashion_mnist_mlp_N3_W128_input_noise_monomial_activation,monomial_gauge_ref0_clipped,clipped,weight_average,monomial_gauge_ref0_clipped - weight_average,0.12375000000000003,0.0668496447260567,0.10034916666666663,0.14741749999999998,30,27,0,3,supported_positive_ci_vs_weight_average,True
fashion_mnist,mlp,3,128,input_noise,monomial_activation,observed,0.0,fashion_mnist_mlp_N3_W128_input_noise_monomial_activation,monomial_gauge_ref0_global_synchronized,global_synchronized,c2m3_synchronized,monomial_gauge_ref0_global_synchronized - c2m3_synchronized,-0.0009166666666666582,0.0056156851354247075,-0.00281666666666666,0.001083750000000015,30,11,1,18,unsupported_ci_crosses_zero_or_negative,False
fashion_mnist,mlp,3,128,input_noise,monomial_activation,observed,0.0,fashion_mnist_mlp_N3_W128_input_noise_monomial_activation,monomial_gauge_ref0_global_synchronized,global_synchronized,greedy_soup,monomial_gauge_ref0_global_synchronized - greedy_soup,-0.03533333333333331,0.0071538913130925015,-0.03784999999999997,-0.03281666666666664,30,0,0,30,unsupported_ci_crosses_zero_or_negative,False
fashion_mnist,mlp,3,128,input_noise,monomial_activation,observed,0.0,fashion_mnist_mlp_N3_W128_input_noise_monomial_activation,monomial_gauge_ref0_global_synchronized,global_synchronized,weight_average,monomial_gauge_ref0_global_synchronized - weight_average,0.1282,0.06858867906988532,0.10208208333333334,0.1524758333333333,30,28,0,2,supported_positive_ci_vs_weight_average,True
fashion_mnist,mlp,3,128,input_noise,monomial_activation,observed,0.0,fashion_mnist_mlp_N3_W128_input_noise_monomial_activation,monomial_gauge_ref0_raw,raw,c2m3_synchronized,monomial_gauge_ref0_raw - c2m3_synchronized,-0.005100000000000001,0.007428277750920975,-0.007716666666666672,-0.0026166666666666673,30,5,3,22,unsupported_ci_crosses_zero_or_negative,False
fashion_mnist,mlp,3,128,input_noise,monomial_activation,observed,0.0,fashion_mnist_mlp_N3_W128_input_noise_monomial_activation,monomial_gauge_ref0_raw,raw,greedy_soup,monomial_gauge_ref0_raw - greedy_soup,-0.039516666666666644,0.006969741663115998,-0.04186666666666664,-0.03696666666666662,30,0,0,30,unsupported_ci_crosses_zero_or_negative,False
fashion_mnist,mlp,3,128,input_noise,monomial_activation,observed,0.0,fashion_mnist_mlp_N3_W128_input_noise_monomial_activation,monomial_gauge_ref0_raw,raw,weight_average,monomial_gauge_ref0_raw - weight_average,0.12401666666666665,0.06727523027976497,0.10053208333333331,0.14738333333333334,30,27,0,3,supported_positive_ci_vs_weight_average,True
fashion_mnist,mlp,3,128,input_noise,monomial_activation,observed,0.0,fashion_mnist_mlp_N3_W128_input_noise_monomial_activation,monomial_gauge_ref0_shrinkage,shrinkage,c2m3_synchronized,monomial_gauge_ref0_shrinkage - c2m3_synchronized,-0.0012166666666666584,0.00566094200357292,-0.0031166666666666604,0.0009004166666666869,30,11,2,17,unsupported_ci_crosses_zero_or_negative,False
fashion_mnist,mlp,3,128,input_noise,monomial_activation,observed,0.0,fashion_mnist_mlp_N3_W128_input_noise_monomial_activation,monomial_gauge_ref0_shrinkage,shrinkage,greedy_soup,monomial_gauge_ref0_shrinkage - greedy_soup,-0.035633333333333295,0.006945518690857991,-0.038033333333333294,-0.03323291666666661,30,0,0,30,unsupported_ci_crosses_zero_or_negative,False
fashion_mnist,mlp,3,128,input_noise,monomial_activation,observed,0.0,fashion_mnist_mlp_N3_W128_input_noise_monomial_activation,monomial_gauge_ref0_shrinkage,shrinkage,weight_average,monomial_gauge_ref0_shrinkage - weight_average,0.1279,0.06870857999927843,0.10293333333333334,0.1511191666666667,30,28,0,2,supported_positive_ci_vs_weight_average,True
fashion_mnist,mlp,3,128,input_noise,monomial_weight,observed,0.0,fashion_mnist_mlp_N3_W128_input_noise_monomial_weight,monomial_gauge_ref0_clipped,clipped,c2m3_synchronized,monomial_gauge_ref0_clipped - c2m3_synchronized,-9.999999999999639e-05,0.0013544307876819386,-0.00056666666666666,0.0003833333333333355,30,12,3,15,unsupported_ci_crosses_zero_or_negative,False
fashion_mnist,mlp,3,128,input_noise,monomial_weight,observed,0.0,fashion_mnist_mlp_N3_W128_input_noise_monomial_weight,monomial_gauge_ref0_clipped,clipped,greedy_soup,monomial_gauge_ref0_clipped - greedy_soup,-0.01669999999999997,0.008173337646020858,-0.01955083333333329,-0.013999583333333293,30,0,0,30,unsupported_ci_crosses_zero_or_negative,False
fashion_mnist,mlp,3,128,input_noise,monomial_weight,observed,0.0,fashion_mnist_mlp_N3_W128_input_noise_monomial_weight,monomial_gauge_ref0_clipped,clipped,weight_average,monomial_gauge_ref0_clipped - weight_average,0.14683333333333337,0.06439336726035096,0.12403333333333334,0.16880458333333329,30,30,0,0,supported_positive_ci_vs_weight_average,True
fashion_mnist,mlp,3,128,input_noise,monomial_weight,observed,0.0,fashion_mnist_mlp_N3_W128_input_noise_monomial_weight,monomial_gauge_ref0_global_synchronized,global_synchronized,c2m3_synchronized,monomial_gauge_ref0_global_synchronized - c2m3_synchronized,-0.00018333333333332794,0.001125590521898844,-0.0005670833333333515,0.0002166666666666798,30,11,4,15,unsupported_ci_crosses_zero_or_negative,False
fashion_mnist,mlp,3,128,input_noise,monomial_weight,observed,0.0,fashion_mnist_mlp_N3_W128_input_noise_monomial_weight,monomial_gauge_ref0_global_synchronized,global_synchronized,greedy_soup,monomial_gauge_ref0_global_synchronized - greedy_soup,-0.0167833333333333,0.007999658757089882,-0.01949999999999995,-0.01413291666666663,30,0,0,30,unsupported_ci_crosses_zero_or_negative,False
fashion_mnist,mlp,3,128,input_noise,monomial_weight,observed,0.0,fashion_mnist_mlp_N3_W128_input_noise_monomial_weight,monomial_gauge_ref0_global_synchronized,global_synchronized,weight_average,monomial_gauge_ref0_global_synchronized - weight_average,0.14675,0.0647193876510821,0.12401375,0.1698520833333333,30,30,0,0,supported_positive_ci_vs_weight_average,True
fashion_mnist,mlp,3,128,input_noise,monomial_weight,observed,0.0,fashion_mnist_mlp_N3_W128_input_noise_monomial_weight,monomial_gauge_ref0_raw,raw,c2m3_synchronized,monomial_gauge_ref0_raw - c2m3_synchronized,-9.999999999999639e-05,0.0013544307876819386,-0.000549999999999999,0.0003833333333333469,30,12,3,15,unsupported_ci_crosses_zero_or_negative,False
fashion_mnist,mlp,3,128,input_noise,monomial_weight,observed,0.0,fashion_mnist_mlp_N3_W128_input_noise_monomial_weight,monomial_gauge_ref0_raw,raw,greedy_soup,monomial_gauge_ref0_raw - greedy_soup,-0.01669999999999997,0.008173337646020858,-0.019617083333333295,-0.013933333333333308,30,0,0,30,unsupported_ci_crosses_zero_or_negative,False
fashion_mnist,mlp,3,128,input_noise,monomial_weight,observed,0.0,fashion_mnist_mlp_N3_W128_input_noise_monomial_weight,monomial_gauge_ref0_raw,raw,weight_average,monomial_gauge_ref0_raw - weight_average,0.14683333333333337,0.06439336726035096,0.12393208333333333,0.16950416666666668,30,30,0,0,supported_positive_ci_vs_weight_average,True
fashion_mnist,mlp,3,128,input_noise,monomial_weight,observed,0.0,fashion_mnist_mlp_N3_W128_input_noise_monomial_weight,monomial_gauge_ref0_shrinkage,shrinkage,c2m3_synchronized,monomial_gauge_ref0_shrinkage - c2m3_synchronized,6.666666666667412e-05,0.0010482607379429373,-0.0002999999999999892,0.0004337500000000162,30,13,5,12,unsupported_ci_crosses_zero_or_negative,False
fashion_mnist,mlp,3,128,input_noise,monomial_weight,observed,0.0,fashion_mnist_mlp_N3_W128_input_noise_monomial_weight,monomial_gauge_ref0_shrinkage,shrinkage,greedy_soup,monomial_gauge_ref0_shrinkage - greedy_soup,-0.016533333333333296,0.007958874176723696,-0.019399999999999955,-0.013766666666666634,30,0,0,30,unsupported_ci_crosses_zero_or_negative,False
fashion_mnist,mlp,3,128,input_noise,monomial_weight,observed,0.0,fashion_mnist_mlp_N3_W128_input_noise_monomial_weight,monomial_gauge_ref0_shrinkage,shrinkage,weight_average,monomial_gauge_ref0_shrinkage - weight_average,0.14699999999999996,0.06473686792675036,0.12403333333333331,0.16873708333333332,30,30,0,0,supported_positive_ci_vs_weight_average,True
fashion_mnist,mlp,3,128,none,monomial_activation,observed,0.0,fashion_mnist_mlp_N3_W128_none_monomial_activation,monomial_gauge_ref0_clipped,clipped,c2m3_synchronized,monomial_gauge_ref0_clipped - c2m3_synchronized,0.002216666666666656,0.00920521154239433,-0.001000000000000012,0.0056508333333333246,30,16,2,12,unsupported_ci_crosses_zero_or_negative,False
fashion_mnist,mlp,3,128,none,monomial_activation,observed,0.0,fashion_mnist_mlp_N3_W128_none_monomial_activation,monomial_gauge_ref0_clipped,clipped,greedy_soup,monomial_gauge_ref0_clipped - greedy_soup,-0.01991666666666668,0.0043768263839684286,-0.021450000000000007,-0.01846666666666668,30,0,0,30,unsupported_ci_crosses_zero_or_negative,False
fashion_mnist,mlp,3,128,none,monomial_activation,observed,0.0,fashion_mnist_mlp_N3_W128_none_monomial_activation,monomial_gauge_ref0_clipped,clipped,weight_average,monomial_gauge_ref0_clipped - weight_average,0.28575,0.058501363084620686,0.2646320833333333,0.305985,30,30,0,0,supported_positive_ci_vs_weight_average,True
fashion_mnist,mlp,3,128,none,monomial_activation,observed,0.0,fashion_mnist_mlp_N3_W128_none_monomial_activation,monomial_gauge_ref0_global_synchronized,global_synchronized,c2m3_synchronized,monomial_gauge_ref0_global_synchronized - c2m3_synchronized,0.0027166666666666637,0.006814896631054204,0.0003162499999999948,0.005050416666666663,30,19,0,11,supported_positive_ci_vs_c2m3,True
fashion_mnist,mlp,3,128,none,monomial_activation,observed,0.0,fashion_mnist_mlp_N3_W128_none_monomial_activation,monomial_gauge_ref0_global_synchronized,global_synchronized,greedy_soup,monomial_gauge_ref0_global_synchronized - greedy_soup,-0.019416666666666672,0.005707048475249745,-0.02158333333333334,-0.01756666666666668,30,0,0,30,unsupported_ci_crosses_zero_or_negative,False
fashion_mnist,mlp,3,128,none,monomial_activation,observed,0.0,fashion_mnist_mlp_N3_W128_none_monomial_activation,monomial_gauge_ref0_global_synchronized,global_synchronized,weight_average,monomial_gauge_ref0_global_synchronized - weight_average,0.28624999999999995,0.05885586573175594,0.2653666666666667,0.306685,30,30,0,0,supported_positive_ci_vs_weight_average,True
fashion_mnist,mlp,3,128,none,monomial_activation,observed,0.0,fashion_mnist_mlp_N3_W128_none_monomial_activation,monomial_gauge_ref0_raw,raw,c2m3_synchronized,monomial_gauge_ref0_raw - c2m3_synchronized,0.002116666666666667,0.009159208041857268,-0.0008833333333333215,0.005349999999999992,30,17,1,12,unsupported_ci_crosses_zero_or_negative,False
fashion_mnist,mlp,3,128,none,monomial_activation,observed,0.0,fashion_mnist_mlp_N3_W128_none_monomial_activation,monomial_gauge_ref0_raw,raw,greedy_soup,monomial_gauge_ref0_raw - greedy_soup,-0.02001666666666667,0.004530515943316342,-0.02168375000000001,-0.018466250000000003,30,0,0,30,unsupported_ci_crosses_zero_or_negative,False
fashion_mnist,mlp,3,128,none,monomial_activation,observed,0.0,fashion_mnist_mlp_N3_W128_none_monomial_activation,monomial_gauge_ref0_raw,raw,weight_average,monomial_gauge_ref0_raw - weight_average,0.28565,0.05900995678696942,0.26476375,0.30588375,30,30,0,0,supported_positive_ci_vs_weight_average,True
fashion_mnist,mlp,3,128,none,monomial_activation,observed,0.0,fashion_mnist_mlp_N3_W128_none_monomial_activation,monomial_gauge_ref0_shrinkage,shrinkage,c2m3_synchronized,monomial_gauge_ref0_shrinkage - c2m3_synchronized,0.0029333333333333247,0.00731051832368399,0.00038333333333332413,0.005583333333333318,30,18,0,12,supported_positive_ci_vs_c2m3,True
fashion_mnist,mlp,3,128,none,monomial_activation,observed,0.0,fashion_mnist_mlp_N3_W128_none_monomial_activation,monomial_gauge_ref0_shrinkage,shrinkage,greedy_soup,monomial_gauge_ref0_shrinkage - greedy_soup,-0.01920000000000001,0.005190508579161072,-0.02105000000000001,-0.01743333333333335,30,0,0,30,unsupported_ci_crosses_zero_or_negative,False
fashion_mnist,mlp,3,128,none,monomial_activation,observed,0.0,fashion_mnist_mlp_N3_W128_none_monomial_activation,monomial_gauge_ref0_shrinkage,shrinkage,weight_average,monomial_gauge_ref0_shrinkage - weight_average,0.2864666666666667,0.058812227988059934,0.26441583333333335,0.3062020833333334,30,30,0,0,supported_positive_ci_vs_weight_average,True
fashion_mnist,mlp,3,128,none,monomial_weight,observed,0.0,fashion_mnist_mlp_N3_W128_none_monomial_weight,monomial_gauge_ref0_clipped,clipped,c2m3_synchronized,monomial_gauge_ref0_clipped - c2m3_synchronized,0.0016833333333333255,0.0033204780849515657,0.0005495833333333142,0.002883333333333323,30,17,2,11,supported_positive_ci_vs_c2m3,True
fashion_mnist,mlp,3,128,none,monomial_weight,observed,0.0,fashion_mnist_mlp_N3_W128_none_monomial_weight,monomial_gauge_ref0_clipped,clipped,greedy_soup,monomial_gauge_ref0_clipped - greedy_soup,-0.018516666666666674,0.010902770395585253,-0.022833750000000003,-0.014981666666666681,30,0,0,30,unsupported_ci_crosses_zero_or_negative,False
fashion_mnist,mlp,3,128,none,monomial_weight,observed,0.0,fashion_mnist_mlp_N3_W128_none_monomial_weight,monomial_gauge_ref0_clipped,clipped,weight_average,monomial_gauge_ref0_clipped - weight_average,0.28714999999999996,0.05793369426365353,0.2662654166666667,0.30700083333333344,30,30,0,0,supported_positive_ci_vs_weight_average,True
fashion_mnist,mlp,3,128,none,monomial_weight,observed,0.0,fashion_mnist_mlp_N3_W128_none_monomial_weight,monomial_gauge_ref0_global_synchronized,global_synchronized,c2m3_synchronized,monomial_gauge_ref0_global_synchronized - c2m3_synchronized,0.0011666666666666603,0.0022024020324735638,0.0003666666666666704,0.00196666666666665,30,21,1,8,supported_positive_ci_vs_c2m3,True
fashion_mnist,mlp,3,128,none,monomial_weight,observed,0.0,fashion_mnist_mlp_N3_W128_none_monomial_weight,monomial_gauge_ref0_global_synchronized,global_synchronized,greedy_soup,monomial_gauge_ref0_global_synchronized - greedy_soup,-0.01903333333333334,0.011021087415318494,-0.02318416666666667,-0.015316666666666682,30,0,0,30,unsupported_ci_crosses_zero_or_negative,False
fashion_mnist,mlp,3,128,none,monomial_weight,observed,0.0,fashion_mnist_mlp_N3_W128_none_monomial_weight,monomial_gauge_ref0_global_synchronized,global_synchronized,weight_average,monomial_gauge_ref0_global_synchronized - weight_average,0.2866333333333333,0.057950771815593535,0.2666470833333333,0.3075020833333333,30,30,0,0,supported_positive_ci_vs_weight_average,True
fashion_mnist,mlp,3,128,none,monomial_weight,observed,0.0,fashion_mnist_mlp_N3_W128_none_monomial_weight,monomial_gauge_ref0_raw,raw,c2m3_synchronized,monomial_gauge_ref0_raw - c2m3_synchronized,0.0016833333333333255,0.0033204780849515657,0.0006166666666666578,0.002917083333333328,30,17,2,11,supported_positive_ci_vs_c2m3,True
fashion_mnist,mlp,3,128,none,monomial_weight,observed,0.0,fashion_mnist_mlp_N3_W128_none_monomial_weight,monomial_gauge_ref0_raw,raw,greedy_soup,monomial_gauge_ref0_raw - greedy_soup,-0.018516666666666674,0.010902770395585253,-0.02238375000000001,-0.01483333333333335,30,0,0,30,unsupported_ci_crosses_zero_or_negative,False
fashion_mnist,mlp,3,128,none,monomial_weight,observed,0.0,fashion_mnist_mlp_N3_W128_none_monomial_weight,monomial_gauge_ref0_raw,raw,weight_average,monomial_gauge_ref0_raw - weight_average,0.28714999999999996,0.05793369426365353,0.26579791666666663,0.3073666666666667,30,30,0,0,supported_positive_ci_vs_weight_average,True
fashion_mnist,mlp,3,128,none,monomial_weight,observed,0.0,fashion_mnist_mlp_N3_W128_none_monomial_weight,monomial_gauge_ref0_shrinkage,shrinkage,c2m3_synchronized,monomial_gauge_ref0_shrinkage - c2m3_synchronized,0.00119999999999999,0.002394678007294658,0.0003833333333333132,0.0020837500000000083,30,20,0,10,supported_positive_ci_vs_c2m3,True
fashion_mnist,mlp,3,128,none,monomial_weight,observed,0.0,fashion_mnist_mlp_N3_W128_none_monomial_weight,monomial_gauge_ref0_shrinkage,shrinkage,greedy_soup,monomial_gauge_ref0_shrinkage - greedy_soup,-0.01900000000000001,0.011002350845975171,-0.02283333333333333,-0.01550000000000001,30,0,0,30,unsupported_ci_crosses_zero_or_negative,False
fashion_mnist,mlp,3,128,none,monomial_weight,observed,0.0,fashion_mnist_mlp_N3_W128_none_monomial_weight,monomial_gauge_ref0_shrinkage,shrinkage,weight_average,monomial_gauge_ref0_shrinkage - weight_average,0.2866666666666667,0.05795380641649796,0.26548249999999995,0.30643375000000006,30,30,0,0,supported_positive_ci_vs_weight_average,True
fashion_mnist,mlp,4,64,input_noise,monomial_activation,observed,0.0,fashion_mnist_mlp_N4_W64_input_noise_monomial_activation,monomial_gauge_ref0_clipped,clipped,c2m3_synchronized,monomial_gauge_ref0_clipped - c2m3_synchronized,-0.00803333333333333,0.013928347015159865,-0.012968749999999992,-0.0031475000000000036,30,8,1,21,unsupported_ci_crosses_zero_or_negative,False
fashion_mnist,mlp,4,64,input_noise,monomial_activation,observed,0.0,fashion_mnist_mlp_N4_W64_input_noise_monomial_activation,monomial_gauge_ref0_clipped,clipped,greedy_soup,monomial_gauge_ref0_clipped - greedy_soup,-0.05521666666666666,0.012473892275699137,-0.06011749999999999,-0.05078333333333333,30,0,0,30,unsupported_ci_crosses_zero_or_negative,False
fashion_mnist,mlp,4,64,input_noise,monomial_activation,observed,0.0,fashion_mnist_mlp_N4_W64_input_noise_monomial_activation,monomial_gauge_ref0_clipped,clipped,weight_average,monomial_gauge_ref0_clipped - weight_average,0.16516666666666663,0.07387271594384182,0.1389820833333333,0.1896670833333334,30,30,0,0,supported_positive_ci_vs_weight_average,True
fashion_mnist,mlp,4,64,input_noise,monomial_activation,observed,0.0,fashion_mnist_mlp_N4_W64_input_noise_monomial_activation,monomial_gauge_ref0_global_synchronized,global_synchronized,c2m3_synchronized,monomial_gauge_ref0_global_synchronized - c2m3_synchronized,-0.0013833333333333254,0.011963077776436015,-0.005583750000000004,0.002733750000000008,30,15,0,15,unsupported_ci_crosses_zero_or_negative,False
fashion_mnist,mlp,4,64,input_noise,monomial_activation,observed,0.0,fashion_mnist_mlp_N4_W64_input_noise_monomial_activation,monomial_gauge_ref0_global_synchronized,global_synchronized,greedy_soup,monomial_gauge_ref0_global_synchronized - greedy_soup,-0.04856666666666666,0.01324421365737877,-0.05331749999999998,-0.044150000000000016,30,0,0,30,unsupported_ci_crosses_zero_or_negative,False
fashion_mnist,mlp,4,64,input_noise,monomial_activation,observed,0.0,fashion_mnist_mlp_N4_W64_input_noise_monomial_activation,monomial_gauge_ref0_global_synchronized,global_synchronized,weight_average,monomial_gauge_ref0_global_synchronized - weight_average,0.17181666666666662,0.07542688665114754,0.14503041666666663,0.19670083333333332,30,30,0,0,supported_positive_ci_vs_weight_average,True
fashion_mnist,mlp,4,64,input_noise,monomial_activation,observed,0.0,fashion_mnist_mlp_N4_W64_input_noise_monomial_activation,monomial_gauge_ref0_raw,raw,c2m3_synchronized,monomial_gauge_ref0_raw - c2m3_synchronized,-0.0073666666666666585,0.01382272824343856,-0.0118675,-0.0024995833333333263,30,8,3,19,unsupported_ci_crosses_zero_or_negative,False
fashion_mnist,mlp,4,64,input_noise,monomial_activation,observed,0.0,fashion_mnist_mlp_N4_W64_input_noise_monomial_activation,monomial_gauge_ref0_raw,raw,greedy_soup,monomial_gauge_ref0_raw - greedy_soup,-0.054549999999999994,0.012453603549949305,-0.05914999999999997,-0.05038291666666665,30,0,0,30,unsupported_ci_crosses_zero_or_negative,False
fashion_mnist,mlp,4,64,input_noise,monomial_activation,observed,0.0,fashion_mnist_mlp_N4_W64_input_noise_monomial_activation,monomial_gauge_ref0_raw,raw,weight_average,monomial_gauge_ref0_raw - weight_average,0.16583333333333333,0.07390060115164634,0.14032833333333333,0.19200208333333332,30,30,0,0,supported_positive_ci_vs_weight_average,True
fashion_mnist,mlp,4,64,input_noise,monomial_activation,observed,0.0,fashion_mnist_mlp_N4_W64_input_noise_monomial_activation,monomial_gauge_ref0_shrinkage,shrinkage,c2m3_synchronized,monomial_gauge_ref0_shrinkage - c2m3_synchronized,-0.002283333333333326,0.011994023895065514,-0.006616666666666656,0.0018333333333333463,30,13,0,17,unsupported_ci_crosses_zero_or_negative,False
fashion_mnist,mlp,4,64,input_noise,monomial_activation,observed,0.0,fashion_mnist_mlp_N4_W64_input_noise_monomial_activation,monomial_gauge_ref0_shrinkage,shrinkage,greedy_soup,monomial_gauge_ref0_shrinkage - greedy_soup,-0.04946666666666664,0.01279677581519531,-0.05381666666666663,-0.04511624999999999,30,0,0,30,unsupported_ci_crosses_zero_or_negative,False
fashion_mnist,mlp,4,64,input_noise,monomial_activation,observed,0.0,fashion_mnist_mlp_N4_W64_input_noise_monomial_activation,monomial_gauge_ref0_shrinkage,shrinkage,weight_average,monomial_gauge_ref0_shrinkage - weight_average,0.17091666666666672,0.07468336417876119,0.14569750000000006,0.19675125,30,30,0,0,supported_positive_ci_vs_weight_average,True
fashion_mnist,mlp,4,64,input_noise,monomial_weight,observed,0.0,fashion_mnist_mlp_N4_W64_input_noise_monomial_weight,monomial_gauge_ref0_clipped,clipped,c2m3_synchronized,monomial_gauge_ref0_clipped - c2m3_synchronized,0.005416666666666684,0.017846608551251673,-0.00024999999999998,0.012050833333333353,30,18,2,10,unsupported_ci_crosses_zero_or_negative,False
fashion_mnist,mlp,4,64,input_noise,monomial_weight,observed,0.0,fashion_mnist_mlp_N4_W64_input_noise_monomial_weight,monomial_gauge_ref0_clipped,clipped,greedy_soup,monomial_gauge_ref0_clipped - greedy_soup,-0.028583333333333297,0.017192161071222272,-0.034951666666666624,-0.022965416666666634,30,0,0,30,unsupported_ci_crosses_zero_or_negative,False
fashion_mnist,mlp,4,64,input_noise,monomial_weight,observed,0.0,fashion_mnist_mlp_N4_W64_input_noise_monomial_weight,monomial_gauge_ref0_clipped,clipped,weight_average,monomial_gauge_ref0_clipped - weight_average,0.19180000000000005,0.07223472276138251,0.1661095833333334,0.21750083333333334,30,30,0,0,supported_positive_ci_vs_weight_average,True
fashion_mnist,mlp,4,64,input_noise,monomial_weight,observed,0.0,fashion_mnist_mlp_N4_W64_input_noise_monomial_weight,monomial_gauge_ref0_global_synchronized,global_synchronized,c2m3_synchronized,monomial_gauge_ref0_global_synchronized - c2m3_synchronized,0.004216666666666665,0.01655382200546164,-0.0014179166666666806,0.010250416666666661,30,18,1,11,unsupported_ci_crosses_zero_or_negative,False
fashion_mnist,mlp,4,64,input_noise,monomial_weight,observed,0.0,fashion_mnist_mlp_N4_W64_input_noise_monomial_weight,monomial_gauge_ref0_global_synchronized,global_synchronized,greedy_soup,monomial_gauge_ref0_global_synchronized - greedy_soup,-0.029783333333333318,0.017604213510785796,-0.03600041666666664,-0.02374916666666667,30,0,0,30,unsupported_ci_crosses_zero_or_negative,False
fashion_mnist,mlp,4,64,input_noise,monomial_weight,observed,0.0,fashion_mnist_mlp_N4_W64_input_noise_monomial_weight,monomial_gauge_ref0_global_synchronized,global_synchronized,weight_average,monomial_gauge_ref0_global_synchronized - weight_average,0.19059999999999994,0.07208955158881115,0.16460000000000002,0.21533916666666664,30,30,0,0,supported_positive_ci_vs_weight_average,True
fashion_mnist,mlp,4,64,input_noise,monomial_weight,observed,0.0,fashion_mnist_mlp_N4_W64_input_noise_monomial_weight,monomial_gauge_ref0_raw,raw,c2m3_synchronized,monomial_gauge_ref0_raw - c2m3_synchronized,0.005416666666666684,0.017846608551251673,-0.0006183333333333207,0.011517916666666687,30,18,2,10,unsupported_ci_crosses_zero_or_negative,False
fashion_mnist,mlp,4,64,input_noise,monomial_weight,observed,0.0,fashion_mnist_mlp_N4_W64_input_noise_monomial_weight,monomial_gauge_ref0_raw,raw,greedy_soup,monomial_gauge_ref0_raw - greedy_soup,-0.028583333333333297,0.017192161071222272,-0.0348683333333333,-0.022833333333333303,30,0,0,30,unsupported_ci_crosses_zero_or_negative,False
fashion_mnist,mlp,4,64,input_noise,monomial_weight,observed,0.0,fashion_mnist_mlp_N4_W64_input_noise_monomial_weight,monomial_gauge_ref0_raw,raw,weight_average,monomial_gauge_ref0_raw - weight_average,0.19180000000000005,0.07223472276138251,0.16556583333333338,0.21644124999999995,30,30,0,0,supported_positive_ci_vs_weight_average,True
fashion_mnist,mlp,4,64,input_noise,monomial_weight,observed,0.0,fashion_mnist_mlp_N4_W64_input_noise_monomial_weight,monomial_gauge_ref0_shrinkage,shrinkage,c2m3_synchronized,monomial_gauge_ref0_shrinkage - c2m3_synchronized,0.004233333333333334,0.016432586073332197,-0.001283333333333333,0.010067499999999981,30,18,2,10,unsupported_ci_crosses_zero_or_negative,False
fashion_mnist,mlp,4,64,input_noise,monomial_weight,observed,0.0,fashion_mnist_mlp_N4_W64_input_noise_monomial_weight,monomial_gauge_ref0_shrinkage,shrinkage,greedy_soup,monomial_gauge_ref0_shrinkage - greedy_soup,-0.02976666666666665,0.0175763032740565,-0.03643374999999999,-0.023732916666666642,30,0,0,30,unsupported_ci_crosses_zero_or_negative,False
fashion_mnist,mlp,4,64,input_noise,monomial_weight,observed,0.0,fashion_mnist_mlp_N4_W64_input_noise_monomial_weight,monomial_gauge_ref0_shrinkage,shrinkage,weight_average,monomial_gauge_ref0_shrinkage - weight_average,0.19061666666666668,0.07199744767187495,0.16599291666666668,0.2160374999999999,30,30,0,0,supported_positive_ci_vs_weight_average,True
fashion_mnist,mlp,4,64,none,monomial_activation,observed,0.0,fashion_mnist_mlp_N4_W64_none_monomial_activation,monomial_gauge_ref0_clipped,clipped,c2m3_synchronized,monomial_gauge_ref0_clipped - c2m3_synchronized,0.024383333333333344,0.0300988839675486,0.014249166666666674,0.03520416666666666,30,23,0,7,supported_positive_ci_vs_c2m3,True
fashion_mnist,mlp,4,64,none,monomial_activation,observed,0.0,fashion_mnist_mlp_N4_W64_none_monomial_activation,monomial_gauge_ref0_clipped,clipped,greedy_soup,monomial_gauge_ref0_clipped - greedy_soup,-0.039899999999999956,0.015300664849201362,-0.045769166666666646,-0.03496666666666664,30,0,0,30,unsupported_ci_crosses_zero_or_negative,False
fashion_mnist,mlp,4,64,none,monomial_activation,observed,0.0,fashion_mnist_mlp_N4_W64_none_monomial_activation,monomial_gauge_ref0_clipped,clipped,weight_average,monomial_gauge_ref0_clipped - weight_average,0.3118000000000001,0.09368128286173652,0.2761325,0.34387249999999997,30,30,0,0,supported_positive_ci_vs_weight_average,True
fashion_mnist,mlp,4,64,none,monomial_activation,observed,0.0,fashion_mnist_mlp_N4_W64_none_monomial_activation,monomial_gauge_ref0_global_synchronized,global_synchronized,c2m3_synchronized,monomial_gauge_ref0_global_synchronized - c2m3_synchronized,0.017766666666666674,0.026296627990640947,0.008950000000000003,0.027584583333333343,30,23,0,7,supported_positive_ci_vs_c2m3,True
fashion_mnist,mlp,4,64,none,monomial_activation,observed,0.0,fashion_mnist_mlp_N4_W64_none_monomial_activation,monomial_gauge_ref0_global_synchronized,global_synchronized,greedy_soup,monomial_gauge_ref0_global_synchronized - greedy_soup,-0.04651666666666663,0.021224369262117383,-0.05483374999999998,-0.039649166666666624,30,0,0,30,unsupported_ci_crosses_zero_or_negative,False
fashion_mnist,mlp,4,64,none,monomial_activation,observed,0.0,fashion_mnist_mlp_N4_W64_none_monomial_activation,monomial_gauge_ref0_global_synchronized,global_synchronized,weight_average,monomial_gauge_ref0_global_synchronized - weight_average,0.30518333333333325,0.09270731505317051,0.27289875,0.3367362499999999,30,30,0,0,supported_positive_ci_vs_weight_average,True
fashion_mnist,mlp,4,64,none,monomial_activation,observed,0.0,fashion_mnist_mlp_N4_W64_none_monomial_activation,monomial_gauge_ref0_raw,raw,c2m3_synchronized,monomial_gauge_ref0_raw - c2m3_synchronized,0.02445000000000001,0.030191729285375144,0.014248750000000001,0.03550208333333333,30,23,0,7,supported_positive_ci_vs_c2m3,True
fashion_mnist,mlp,4,64,none,monomial_activation,observed,0.0,fashion_mnist_mlp_N4_W64_none_monomial_activation,monomial_gauge_ref0_raw,raw,greedy_soup,monomial_gauge_ref0_raw - greedy_soup,-0.0398333333333333,0.015180144321092442,-0.0453833333333333,-0.03514958333333329,30,0,0,30,unsupported_ci_crosses_zero_or_negative,False
fashion_mnist,mlp,4,64,none,monomial_activation,observed,0.0,fashion_mnist_mlp_N4_W64_none_monomial_activation,monomial_gauge_ref0_raw,raw,weight_average,monomial_gauge_ref0_raw - weight_average,0.31186666666666674,0.0937137914751275,0.2772329166666667,0.3453333333333333,30,30,0,0,supported_positive_ci_vs_weight_average,True
fashion_mnist,mlp,4,64,none,monomial_activation,observed,0.0,fashion_mnist_mlp_N4_W64_none_monomial_activation,monomial_gauge_ref0_shrinkage,shrinkage,c2m3_synchronized,monomial_gauge_ref0_shrinkage - c2m3_synchronized,0.01955,0.027247065643971585,0.010949583333333327,0.02963375,30,23,0,7,supported_positive_ci_vs_c2m3,True
fashion_mnist,mlp,4,64,none,monomial_activation,observed,0.0,fashion_mnist_mlp_N4_W64_none_monomial_activation,monomial_gauge_ref0_shrinkage,shrinkage,greedy_soup,monomial_gauge_ref0_shrinkage - greedy_soup,-0.04473333333333331,0.020020564140546777,-0.052584166666666654,-0.0387158333333333,30,0,0,30,unsupported_ci_crosses_zero_or_negative,False
fashion_mnist,mlp,4,64,none,monomial_activation,observed,0.0,fashion_mnist_mlp_N4_W64_none_monomial_activation,monomial_gauge_ref0_shrinkage,shrinkage,weight_average,monomial_gauge_ref0_shrinkage - weight_average,0.30696666666666667,0.09325908787493241,0.27467625,0.3386241666666666,30,30,0,0,supported_positive_ci_vs_weight_average,True
fashion_mnist,mlp,4,64,none,monomial_weight,observed,0.0,fashion_mnist_mlp_N4_W64_none_monomial_weight,monomial_gauge_ref0_clipped,clipped,c2m3_synchronized,monomial_gauge_ref0_clipped - c2m3_synchronized,-5.000000000000189e-05,0.025155499158852634,-0.008750833333333343,0.009400416666666668,30,13,1,16,unsupported_ci_crosses_zero_or_negative,False
fashion_mnist,mlp,4,64,none,monomial_weight,observed,0.0,fashion_mnist_mlp_N4_W64_none_monomial_weight,monomial_gauge_ref0_clipped,clipped,greedy_soup,monomial_gauge_ref0_clipped - greedy_soup,-0.0487833333333333,0.023686051232497722,-0.05741666666666663,-0.04076499999999995,30,0,0,30,unsupported_ci_crosses_zero_or_negative,False
fashion_mnist,mlp,4,64,none,monomial_weight,observed,0.0,fashion_mnist_mlp_N4_W64_none_monomial_weight,monomial_gauge_ref0_clipped,clipped,weight_average,monomial_gauge_ref0_clipped - weight_average,0.30291666666666667,0.09329967322015928,0.26986666666666664,0.3347170833333334,30,30,0,0,supported_positive_ci_vs_weight_average,True
fashion_mnist,mlp,4,64,none,monomial_weight,observed,0.0,fashion_mnist_mlp_N4_W64_none_monomial_weight,monomial_gauge_ref0_global_synchronized,global_synchronized,c2m3_synchronized,monomial_gauge_ref0_global_synchronized - c2m3_synchronized,-0.002966666666666669,0.02552143566026254,-0.011135416666666668,0.006584583333333327,30,12,2,16,unsupported_ci_crosses_zero_or_negative,False
fashion_mnist,mlp,4,64,none,monomial_weight,observed,0.0,fashion_mnist_mlp_N4_W64_none_monomial_weight,monomial_gauge_ref0_global_synchronized,global_synchronized,greedy_soup,monomial_gauge_ref0_global_synchronized - greedy_soup,-0.051699999999999975,0.024703622518109418,-0.06056749999999996,-0.043332499999999954,30,0,0,30,unsupported_ci_crosses_zero_or_negative,False
fashion_mnist,mlp,4,64,none,monomial_weight,observed,0.0,fashion_mnist_mlp_N4_W64_none_monomial_weight,monomial_gauge_ref0_global_synchronized,global_synchronized,weight_average,monomial_gauge_ref0_global_synchronized - weight_average,0.3,0.09380693673343324,0.26528333333333337,0.33000291666666653,30,30,0,0,supported_positive_ci_vs_weight_average,True
fashion_mnist,mlp,4,64,none,monomial_weight,observed,0.0,fashion_mnist_mlp_N4_W64_none_monomial_weight,monomial_gauge_ref0_raw,raw,c2m3_synchronized,monomial_gauge_ref0_raw - c2m3_synchronized,-5.000000000000189e-05,0.025155499158852634,-0.008550833333333343,0.00880374999999999,30,13,1,16,unsupported_ci_crosses_zero_or_negative,False
fashion_mnist,mlp,4,64,none,monomial_weight,observed,0.0,fashion_mnist_mlp_N4_W64_none_monomial_weight,monomial_gauge_ref0_raw,raw,greedy_soup,monomial_gauge_ref0_raw - greedy_soup,-0.0487833333333333,0.023686051232497722,-0.057433749999999985,-0.04078333333333329,30,0,0,30,unsupported_ci_crosses_zero_or_negative,False
fashion_mnist,mlp,4,64,none,monomial_weight,observed,0.0,fashion_mnist_mlp_N4_W64_none_monomial_weight,monomial_gauge_ref0_raw,raw,weight_average,monomial_gauge_ref0_raw - weight_average,0.30291666666666667,0.09329967322015928,0.2686291666666667,0.33652458333333324,30,30,0,0,supported_positive_ci_vs_weight_average,True
fashion_mnist,mlp,4,64,none,monomial_weight,observed,0.0,fashion_mnist_mlp_N4_W64_none_monomial_weight,monomial_gauge_ref0_shrinkage,shrinkage,c2m3_synchronized,monomial_gauge_ref0_shrinkage - c2m3_synchronized,-0.003016666666666675,0.025469211749216684,-0.01195125,0.006233750000000003,30,12,1,17,unsupported_ci_crosses_zero_or_negative,False
fashion_mnist,mlp,4,64,none,monomial_weight,observed,0.0,fashion_mnist_mlp_N4_W64_none_monomial_weight,monomial_gauge_ref0_shrinkage,shrinkage,greedy_soup,monomial_gauge_ref0_shrinkage - greedy_soup,-0.05174999999999996,0.02462958341731231,-0.06088374999999998,-0.04311624999999997,30,0,0,30,unsupported_ci_crosses_zero_or_negative,False
fashion_mnist,mlp,4,64,none,monomial_weight,observed,0.0,fashion_mnist_mlp_N4_W64_none_monomial_weight,monomial_gauge_ref0_shrinkage,shrinkage,weight_average,monomial_gauge_ref0_shrinkage - weight_average,0.29995,0.09381817980577627,0.2667158333333333,0.33175125000000005,30,30,0,0,supported_positive_ci_vs_weight_average,True
fashion_mnist,mlp,4,128,input_noise,monomial_activation,observed,0.0,fashion_mnist_mlp_N4_W128_input_noise_monomial_activation,monomial_gauge_ref0_clipped,clipped,c2m3_synchronized,monomial_gauge_ref0_clipped - c2m3_synchronized,-0.007683333333333346,0.008812690040341065,-0.010650416666666681,-0.004583333333333351,30,6,1,23,unsupported_ci_crosses_zero_or_negative,False
fashion_mnist,mlp,4,128,input_noise,monomial_activation,observed,0.0,fashion_mnist_mlp_N4_W128_input_noise_monomial_activation,monomial_gauge_ref0_clipped,clipped,greedy_soup,monomial_gauge_ref0_clipped - greedy_soup,-0.0472,0.00587308295942394,-0.049250416666666665,-0.04514958333333333,30,0,0,30,unsupported_ci_crosses_zero_or_negative,False
fashion_mnist,mlp,4,128,input_noise,monomial_activation,observed,0.0,fashion_mnist_mlp_N4_W128_input_noise_monomial_activation,monomial_gauge_ref0_clipped,clipped,weight_average,monomial_gauge_ref0_clipped - weight_average,0.19656666666666664,0.07371329984957017,0.17178208333333334,0.22253791666666664,30,30,0,0,supported_positive_ci_vs_weight_average,True
fashion_mnist,mlp,4,128,input_noise,monomial_activation,observed,0.0,fashion_mnist_mlp_N4_W128_input_noise_monomial_activation,monomial_gauge_ref0_global_synchronized,global_synchronized,c2m3_synchronized,monomial_gauge_ref0_global_synchronized - c2m3_synchronized,-0.0022666666666666686,0.007830899597475845,-0.004933750000000008,0.0005166666666666693,30,9,1,20,unsupported_ci_crosses_zero_or_negative,False
fashion_mnist,mlp,4,128,input_noise,monomial_activation,observed,0.0,fashion_mnist_mlp_N4_W128_input_noise_monomial_activation,monomial_gauge_ref0_global_synchronized,global_synchronized,greedy_soup,monomial_gauge_ref0_global_synchronized - greedy_soup,-0.04178333333333332,0.0050252523239674406,-0.04351749999999998,-0.04003291666666666,30,0,0,30,unsupported_ci_crosses_zero_or_negative,False
fashion_mnist,mlp,4,128,input_noise,monomial_activation,observed,0.0,fashion_mnist_mlp_N4_W128_input_noise_monomial_activation,monomial_gauge_ref0_global_synchronized,global_synchronized,weight_average,monomial_gauge_ref0_global_synchronized - weight_average,0.20198333333333332,0.07380852246526648,0.17594583333333333,0.22908708333333333,30,30,0,0,supported_positive_ci_vs_weight_average,True
fashion_mnist,mlp,4,128,input_noise,monomial_activation,observed,0.0,fashion_mnist_mlp_N4_W128_input_noise_monomial_activation,monomial_gauge_ref0_raw,raw,c2m3_synchronized,monomial_gauge_ref0_raw - c2m3_synchronized,-0.007300000000000006,0.008883925817510787,-0.010383333333333359,-0.0042,30,6,1,23,unsupported_ci_crosses_zero_or_negative,False
fashion_mnist,mlp,4,128,input_noise,monomial_activation,observed,0.0,fashion_mnist_mlp_N4_W128_input_noise_monomial_activation,monomial_gauge_ref0_raw,raw,greedy_soup,monomial_gauge_ref0_raw - greedy_soup,-0.04681666666666665,0.005758776410586402,-0.048983333333333316,-0.04496666666666666,30,0,0,30,unsupported_ci_crosses_zero_or_negative,False
fashion_mnist,mlp,4,128,input_noise,monomial_activation,observed,0.0,fashion_mnist_mlp_N4_W128_input_noise_monomial_activation,monomial_gauge_ref0_raw,raw,weight_average,monomial_gauge_ref0_raw - weight_average,0.19695000000000001,0.07386314815367954,0.1718320833333333,0.22248666666666664,30,30,0,0,supported_positive_ci_vs_weight_average,True
fashion_mnist,mlp,4,128,input_noise,monomial_activation,observed,0.0,fashion_mnist_mlp_N4_W128_input_noise_monomial_activation,monomial_gauge_ref0_shrinkage,shrinkage,c2m3_synchronized,monomial_gauge_ref0_shrinkage - c2m3_synchronized,-0.003949999999999998,0.00770171275174198,-0.006533333333333339,-0.001016666666666662,30,7,0,23,unsupported_ci_crosses_zero_or_negative,False
fashion_mnist,mlp,4,128,input_noise,monomial_activation,observed,0.0,fashion_mnist_mlp_N4_W128_input_noise_monomial_activation,monomial_gauge_ref0_shrinkage,shrinkage,greedy_soup,monomial_gauge_ref0_shrinkage - greedy_soup,-0.043466666666666647,0.005076880207733696,-0.0453170833333333,-0.0417495833333333,30,0,0,30,unsupported_ci_crosses_zero_or_negative,False
fashion_mnist,mlp,4,128,input_noise,monomial_activation,observed,0.0,fashion_mnist_mlp_N4_W128_input_noise_monomial_activation,monomial_gauge_ref0_shrinkage,shrinkage,weight_average,monomial_gauge_ref0_shrinkage - weight_average,0.20030000000000006,0.0737900796995705,0.17443000000000003,0.22553333333333334,30,30,0,0,supported_positive_ci_vs_weight_average,True
fashion_mnist,mlp,4,128,input_noise,monomial_weight,observed,0.0,fashion_mnist_mlp_N4_W128_input_noise_monomial_weight,monomial_gauge_ref0_clipped,clipped,c2m3_synchronized,monomial_gauge_ref0_clipped - c2m3_synchronized,-0.0013833333333333365,0.011226264872543574,-0.005500416666666679,0.0025166666666666597,30,16,2,12,unsupported_ci_crosses_zero_or_negative,False
fashion_mnist,mlp,4,128,input_noise,monomial_weight,observed,0.0,fashion_mnist_mlp_N4_W128_input_noise_monomial_weight,monomial_gauge_ref0_clipped,clipped,greedy_soup,monomial_gauge_ref0_clipped - greedy_soup,-0.025466666666666637,0.00956550315324357,-0.028667499999999967,-0.02228249999999997,30,0,0,30,unsupported_ci_crosses_zero_or_negative,False
fashion_mnist,mlp,4,128,input_noise,monomial_weight,observed,0.0,fashion_mnist_mlp_N4_W128_input_noise_monomial_weight,monomial_gauge_ref0_clipped,clipped,weight_average,monomial_gauge_ref0_clipped - weight_average,0.2183,0.07316815776240937,0.1924991666666667,0.24583791666666663,30,30,0,0,supported_positive_ci_vs_weight_average,True
fashion_mnist,mlp,4,128,input_noise,monomial_weight,observed,0.0,fashion_mnist_mlp_N4_W128_input_noise_monomial_weight,monomial_gauge_ref0_global_synchronized,global_synchronized,c2m3_synchronized,monomial_gauge_ref0_global_synchronized - c2m3_synchronized,-0.001433333333333331,0.011116726550356549,-0.005317083333333335,0.0023500000000000075,30,11,5,14,unsupported_ci_crosses_zero_or_negative,False
fashion_mnist,mlp,4,128,input_noise,monomial_weight,observed,0.0,fashion_mnist_mlp_N4_W128_input_noise_monomial_weight,monomial_gauge_ref0_global_synchronized,global_synchronized,greedy_soup,monomial_gauge_ref0_global_synchronized - greedy_soup,-0.025516666666666632,0.00953711744687053,-0.028800416666666648,-0.02196624999999996,30,0,0,30,unsupported_ci_crosses_zero_or_negative,False
fashion_mnist,mlp,4,128,input_noise,monomial_weight,observed,0.0,fashion_mnist_mlp_N4_W128_input_noise_monomial_weight,monomial_gauge_ref0_global_synchronized,global_synchronized,weight_average,monomial_gauge_ref0_global_synchronized - weight_average,0.21825000000000003,0.07347609862373965,0.19374750000000004,0.24400624999999998,30,30,0,0,supported_positive_ci_vs_weight_average,True
fashion_mnist,mlp,4,128,input_noise,monomial_weight,observed,0.0,fashion_mnist_mlp_N4_W128_input_noise_monomial_weight,monomial_gauge_ref0_raw,raw,c2m3_synchronized,monomial_gauge_ref0_raw - c2m3_synchronized,-0.0013833333333333365,0.011226264872543574,-0.00561666666666667,0.0023170833333333385,30,16,2,12,unsupported_ci_crosses_zero_or_negative,False
fashion_mnist,mlp,4,128,input_noise,monomial_weight,observed,0.0,fashion_mnist_mlp_N4_W128_input_noise_monomial_weight,monomial_gauge_ref0_raw,raw,greedy_soup,monomial_gauge_ref0_raw - greedy_soup,-0.025466666666666637,0.00956550315324357,-0.028833333333333298,-0.022166249999999967,30,0,0,30,unsupported_ci_crosses_zero_or_negative,False
fashion_mnist,mlp,4,128,input_noise,monomial_weight,observed,0.0,fashion_mnist_mlp_N4_W128_input_noise_monomial_weight,monomial_gauge_ref0_raw,raw,weight_average,monomial_gauge_ref0_raw - weight_average,0.2183,0.07316815776240937,0.19329791666666674,0.24341958333333333,30,30,0,0,supported_positive_ci_vs_weight_average,True
fashion_mnist,mlp,4,128,input_noise,monomial_weight,observed,0.0,fashion_mnist_mlp_N4_W128_input_noise_monomial_weight,monomial_gauge_ref0_shrinkage,shrinkage,c2m3_synchronized,monomial_gauge_ref0_shrinkage - c2m3_synchronized,-0.001333333333333342,0.011165937529806448,-0.005367083333333352,0.002517083333333313,30,14,3,13,unsupported_ci_crosses_zero_or_negative,False
fashion_mnist,mlp,4,128,input_noise,monomial_weight,observed,0.0,fashion_mnist_mlp_N4_W128_input_noise_monomial_weight,monomial_gauge_ref0_shrinkage,shrinkage,greedy_soup,monomial_gauge_ref0_shrinkage - greedy_soup,-0.025416666666666643,0.009442277754620558,-0.028699999999999965,-0.02213333333333332,30,0,0,30,unsupported_ci_crosses_zero_or_negative,False
fashion_mnist,mlp,4,128,input_noise,monomial_weight,observed,0.0,fashion_mnist_mlp_N4_W128_input_noise_monomial_weight,monomial_gauge_ref0_shrinkage,shrinkage,weight_average,monomial_gauge_ref0_shrinkage - weight_average,0.21835,0.0732152177040284,0.19323041666666668,0.24464041666666667,30,30,0,0,supported_positive_ci_vs_weight_average,True
fashion_mnist,mlp,4,128,none,monomial_activation,observed,0.0,fashion_mnist_mlp_N4_W128_none_monomial_activation,monomial_gauge_ref0_clipped,clipped,c2m3_synchronized,monomial_gauge_ref0_clipped - c2m3_synchronized,0.004033333333333333,0.008433240197568482,0.0011162499999999957,0.007084166666666655,30,22,2,6,supported_positive_ci_vs_c2m3,True
fashion_mnist,mlp,4,128,none,monomial_activation,observed,0.0,fashion_mnist_mlp_N4_W128_none_monomial_activation,monomial_gauge_ref0_clipped,clipped,greedy_soup,monomial_gauge_ref0_clipped - greedy_soup,-0.023366666666666647,0.005569209275473748,-0.025266666666666642,-0.021283333333333328,30,0,0,30,unsupported_ci_crosses_zero_or_negative,False
fashion_mnist,mlp,4,128,none,monomial_activation,observed,0.0,fashion_mnist_mlp_N4_W128_none_monomial_activation,monomial_gauge_ref0_clipped,clipped,weight_average,monomial_gauge_ref0_clipped - weight_average,0.40296666666666664,0.07416360448282605,0.3763808333333333,0.42843666666666663,30,30,0,0,supported_positive_ci_vs_weight_average,True
fashion_mnist,mlp,4,128,none,monomial_activation,observed,0.0,fashion_mnist_mlp_N4_W128_none_monomial_activation,monomial_gauge_ref0_global_synchronized,global_synchronized,c2m3_synchronized,monomial_gauge_ref0_global_synchronized - c2m3_synchronized,0.005366666666666657,0.008188441531368683,0.0024829166666666524,0.008267083333333312,30,21,1,8,supported_positive_ci_vs_c2m3,True
fashion_mnist,mlp,4,128,none,monomial_activation,observed,0.0,fashion_mnist_mlp_N4_W128_none_monomial_activation,monomial_gauge_ref0_global_synchronized,global_synchronized,greedy_soup,monomial_gauge_ref0_global_synchronized - greedy_soup,-0.022033333333333325,0.006898192333594665,-0.02451666666666665,-0.01964916666666666,30,0,0,30,unsupported_ci_crosses_zero_or_negative,False
fashion_mnist,mlp,4,128,none,monomial_activation,observed,0.0,fashion_mnist_mlp_N4_W128_none_monomial_activation,monomial_gauge_ref0_global_synchronized,global_synchronized,weight_average,monomial_gauge_ref0_global_synchronized - weight_average,0.40430000000000005,0.07447223504839537,0.37694250000000007,0.43063458333333343,30,30,0,0,supported_positive_ci_vs_weight_average,True
fashion_mnist,mlp,4,128,none,monomial_activation,observed,0.0,fashion_mnist_mlp_N4_W128_none_monomial_activation,monomial_gauge_ref0_raw,raw,c2m3_synchronized,monomial_gauge_ref0_raw - c2m3_synchronized,0.003916666666666668,0.008223267382055713,0.0011833333333333474,0.0069675000000000015,30,21,2,7,supported_positive_ci_vs_c2m3,True
fashion_mnist,mlp,4,128,none,monomial_activation,observed,0.0,fashion_mnist_mlp_N4_W128_none_monomial_activation,monomial_gauge_ref0_raw,raw,greedy_soup,monomial_gauge_ref0_raw - greedy_soup,-0.02348333333333331,0.00571369095837498,-0.02541708333333331,-0.02139999999999999,30,0,0,30,unsupported_ci_crosses_zero_or_negative,False
fashion_mnist,mlp,4,128,none,monomial_activation,observed,0.0,fashion_mnist_mlp_N4_W128_none_monomial_activation,monomial_gauge_ref0_raw,raw,weight_average,monomial_gauge_ref0_raw - weight_average,0.40285,0.07403484151817094,0.37594874999999994,0.42802083333333324,30,30,0,0,supported_positive_ci_vs_weight_average,True
fashion_mnist,mlp,4,128,none,monomial_activation,observed,0.0,fashion_mnist_mlp_N4_W128_none_monomial_activation,monomial_gauge_ref0_shrinkage,shrinkage,c2m3_synchronized,monomial_gauge_ref0_shrinkage - c2m3_synchronized,0.0051166666666666435,0.007474881308402993,0.002566666666666647,0.007749999999999964,30,22,0,8,supported_positive_ci_vs_c2m3,True
fashion_mnist,mlp,4,128,none,monomial_activation,observed,0.0,fashion_mnist_mlp_N4_W128_none_monomial_activation,monomial_gauge_ref0_shrinkage,shrinkage,greedy_soup,monomial_gauge_ref0_shrinkage - greedy_soup,-0.022283333333333336,0.006371655083708381,-0.024517500000000005,-0.020050000000000023,30,0,0,30,unsupported_ci_crosses_zero_or_negative,False
fashion_mnist,mlp,4,128,none,monomial_activation,observed,0.0,fashion_mnist_mlp_N4_W128_none_monomial_activation,monomial_gauge_ref0_shrinkage,shrinkage,weight_average,monomial_gauge_ref0_shrinkage - weight_average,0.40404999999999996,0.07459781243903642,0.3791304166666666,0.4305529166666666,30,30,0,0,supported_positive_ci_vs_weight_average,True
fashion_mnist,mlp,4,128,none,monomial_weight,observed,0.0,fashion_mnist_mlp_N4_W128_none_monomial_weight,monomial_gauge_ref0_clipped,clipped,c2m3_synchronized,monomial_gauge_ref0_clipped - c2m3_synchronized,0.007399999999999988,0.015107887868993097,0.0025666666666666724,0.013199999999999983,30,21,1,8,supported_positive_ci_vs_c2m3,True
fashion_mnist,mlp,4,128,none,monomial_weight,observed,0.0,fashion_mnist_mlp_N4_W128_none_monomial_weight,monomial_gauge_ref0_clipped,clipped,greedy_soup,monomial_gauge_ref0_clipped - greedy_soup,-0.022066666666666675,0.01066070235550376,-0.026133750000000004,-0.01831625000000002,30,0,0,30,unsupported_ci_crosses_zero_or_negative,False
fashion_mnist,mlp,4,128,none,monomial_weight,observed,0.0,fashion_mnist_mlp_N4_W128_none_monomial_weight,monomial_gauge_ref0_clipped,clipped,weight_average,monomial_gauge_ref0_clipped - weight_average,0.40426666666666666,0.07533428185752157,0.37684541666666677,0.43061708333333326,30,30,0,0,supported_positive_ci_vs_weight_average,True
fashion_mnist,mlp,4,128,none,monomial_weight,observed,0.0,fashion_mnist_mlp_N4_W128_none_monomial_weight,monomial_gauge_ref0_global_synchronized,global_synchronized,c2m3_synchronized,monomial_gauge_ref0_global_synchronized - c2m3_synchronized,0.005633333333333331,0.014877043953071097,0.0008666666666666745,0.01110041666666667,30,20,1,9,supported_positive_ci_vs_c2m3,True
fashion_mnist,mlp,4,128,none,monomial_weight,observed,0.0,fashion_mnist_mlp_N4_W128_none_monomial_weight,monomial_gauge_ref0_global_synchronized,global_synchronized,greedy_soup,monomial_gauge_ref0_global_synchronized - greedy_soup,-0.02383333333333333,0.012013880860626729,-0.028283749999999996,-0.019832916666666665,30,0,0,30,unsupported_ci_crosses_zero_or_negative,False
fashion_mnist,mlp,4,128,none,monomial_weight,observed,0.0,fashion_mnist_mlp_N4_W128_none_monomial_weight,monomial_gauge_ref0_global_synchronized,global_synchronized,weight_average,monomial_gauge_ref0_global_synchronized - weight_average,0.4025,0.07589125614074844,0.37475708333333335,0.4296679166666667,30,30,0,0,supported_positive_ci_vs_weight_average,True
fashion_mnist,mlp,4,128,none,monomial_weight,observed,0.0,fashion_mnist_mlp_N4_W128_none_monomial_weight,monomial_gauge_ref0_raw,raw,c2m3_synchronized,monomial_gauge_ref0_raw - c2m3_synchronized,0.007399999999999988,0.015107887868993097,0.0025495833333333195,0.012750416666666632,30,21,1,8,supported_positive_ci_vs_c2m3,True
fashion_mnist,mlp,4,128,none,monomial_weight,observed,0.0,fashion_mnist_mlp_N4_W128_none_monomial_weight,monomial_gauge_ref0_raw,raw,greedy_soup,monomial_gauge_ref0_raw - greedy_soup,-0.022066666666666675,0.01066070235550376,-0.026034166666666678,-0.018465833333333355,30,0,0,30,unsupported_ci_crosses_zero_or_negative,False
fashion_mnist,mlp,4,128,none,monomial_weight,observed,0.0,fashion_mnist_mlp_N4_W128_none_monomial_weight,monomial_gauge_ref0_raw,raw,weight_average,monomial_gauge_ref0_raw - weight_average,0.40426666666666666,0.07533428185752157,0.37816625000000004,0.43058791666666657,30,30,0,0,supported_positive_ci_vs_weight_average,True
fashion_mnist,mlp,4,128,none,monomial_weight,observed,0.0,fashion_mnist_mlp_N4_W128_none_monomial_weight,monomial_gauge_ref0_shrinkage,shrinkage,c2m3_synchronized,monomial_gauge_ref0_shrinkage - c2m3_synchronized,0.005816666666666674,0.014955960254241013,0.000783333333333354,0.011434166666666664,30,20,1,9,supported_positive_ci_vs_c2m3,True
fashion_mnist,mlp,4,128,none,monomial_weight,observed,0.0,fashion_mnist_mlp_N4_W128_none_monomial_weight,monomial_gauge_ref0_shrinkage,shrinkage,greedy_soup,monomial_gauge_ref0_shrinkage - greedy_soup,-0.02364999999999999,0.011967736800996706,-0.028199999999999982,-0.019749583333333324,30,0,0,30,unsupported_ci_crosses_zero_or_negative,False
fashion_mnist,mlp,4,128,none,monomial_weight,observed,0.0,fashion_mnist_mlp_N4_W128_none_monomial_weight,monomial_gauge_ref0_shrinkage,shrinkage,weight_average,monomial_gauge_ref0_shrinkage - weight_average,0.40268333333333334,0.07587665618635936,0.37477583333333336,0.43020583333333334,30,30,0,0,supported_positive_ci_vs_weight_average,True
mnist,mlp,3,64,input_noise,monomial_activation,observed,0.0,mnist_mlp_N3_W64_input_noise_monomial_activation,monomial_gauge_ref0_clipped,clipped,c2m3_synchronized,monomial_gauge_ref0_clipped - c2m3_synchronized,-0.007566666666666666,0.006564971483160652,-0.009800416666666657,-0.005149583333333326,30,5,0,25,unsupported_ci_crosses_zero_or_negative,False
mnist,mlp,3,64,input_noise,monomial_activation,observed,0.0,mnist_mlp_N3_W64_input_noise_monomial_activation,monomial_gauge_ref0_clipped,clipped,greedy_soup,monomial_gauge_ref0_clipped - greedy_soup,-0.01896666666666668,0.007364796662845313,-0.02175000000000001,-0.016599583333333338,30,0,0,30,unsupported_ci_crosses_zero_or_negative,False
mnist,mlp,3,64,input_noise,monomial_activation,observed,0.0,mnist_mlp_N3_W64_input_noise_monomial_activation,monomial_gauge_ref0_clipped,clipped,weight_average,monomial_gauge_ref0_clipped - weight_average,0.08206666666666666,0.04287003883699031,0.06733333333333331,0.09741833333333333,30,30,0,0,supported_positive_ci_vs_weight_average,True
mnist,mlp,3,64,input_noise,monomial_activation,observed,0.0,mnist_mlp_N3_W64_input_noise_monomial_activation,monomial_gauge_ref0_global_synchronized,global_synchronized,c2m3_synchronized,monomial_gauge_ref0_global_synchronized - c2m3_synchronized,-0.000666666666666671,0.005422388666498819,-0.0025833333333333377,0.0011999999999999973,30,15,1,14,unsupported_ci_crosses_zero_or_negative,False
mnist,mlp,3,64,input_noise,monomial_activation,observed,0.0,mnist_mlp_N3_W64_input_noise_monomial_activation,monomial_gauge_ref0_global_synchronized,global_synchronized,greedy_soup,monomial_gauge_ref0_global_synchronized - greedy_soup,-0.012066666666666686,0.007725610491816448,-0.01481708333333335,-0.009500000000000015,30,0,0,30,unsupported_ci_crosses_zero_or_negative,False
mnist,mlp,3,64,input_noise,monomial_activation,observed,0.0,mnist_mlp_N3_W64_input_noise_monomial_activation,monomial_gauge_ref0_global_synchronized,global_synchronized,weight_average,monomial_gauge_ref0_global_synchronized - weight_average,0.08896666666666667,0.04405031083951021,0.07474791666666666,0.10555083333333333,30,30,0,0,supported_positive_ci_vs_weight_average,True
mnist,mlp,3,64,input_noise,monomial_activation,observed,0.0,mnist_mlp_N3_W64_input_noise_monomial_activation,monomial_gauge_ref0_raw,raw,c2m3_synchronized,monomial_gauge_ref0_raw - c2m3_synchronized,-0.007583333333333327,0.005942371715838332,-0.00966666666666666,-0.005382499999999997,30,3,1,26,unsupported_ci_crosses_zero_or_negative,False
mnist,mlp,3,64,input_noise,monomial_activation,observed,0.0,mnist_mlp_N3_W64_input_noise_monomial_activation,monomial_gauge_ref0_raw,raw,greedy_soup,monomial_gauge_ref0_raw - greedy_soup,-0.01898333333333334,0.007103281579340801,-0.021633333333333338,-0.01660000000000001,30,0,0,30,unsupported_ci_crosses_zero_or_negative,False
mnist,mlp,3,64,input_noise,monomial_activation,observed,0.0,mnist_mlp_N3_W64_input_noise_monomial_activation,monomial_gauge_ref0_raw,raw,weight_average,monomial_gauge_ref0_raw - weight_average,0.08205000000000001,0.04270919104829778,0.06761666666666667,0.09766666666666665,30,30,0,0,supported_positive_ci_vs_weight_average,True
mnist,mlp,3,64,input_noise,monomial_activation,observed,0.0,mnist_mlp_N3_W64_input_noise_monomial_activation,monomial_gauge_ref0_shrinkage,shrinkage,c2m3_synchronized,monomial_gauge_ref0_shrinkage - c2m3_synchronized,-0.0013166666666666624,0.005597849546051587,-0.0032837500000000045,0.0006000000000000008,30,13,0,17,unsupported_ci_crosses_zero_or_negative,False
mnist,mlp,3,64,input_noise,monomial_activation,observed,0.0,mnist_mlp_N3_W64_input_noise_monomial_activation,monomial_gauge_ref0_shrinkage,shrinkage,greedy_soup,monomial_gauge_ref0_shrinkage - greedy_soup,-0.012716666666666676,0.007353961322065607,-0.015267083333333362,-0.010266666666666669,30,0,0,30,unsupported_ci_crosses_zero_or_negative,False
mnist,mlp,3,64,input_noise,monomial_activation,observed,0.0,mnist_mlp_N3_W64_input_noise_monomial_activation,monomial_gauge_ref0_shrinkage,shrinkage,weight_average,monomial_gauge_ref0_shrinkage - weight_average,0.08831666666666667,0.04362545985002835,0.07338291666666667,0.10311749999999999,30,30,0,0,supported_positive_ci_vs_weight_average,True
mnist,mlp,3,64,input_noise,monomial_weight,observed,0.0,mnist_mlp_N3_W64_input_noise_monomial_weight,monomial_gauge_ref0_clipped,clipped,c2m3_synchronized,monomial_gauge_ref0_clipped - c2m3_synchronized,0.0005333333333333375,0.0013578211078487251,5.00000000000055e-05,0.0010000000000000083,30,15,7,8,supported_positive_ci_vs_c2m3,True
mnist,mlp,3,64,input_noise,monomial_weight,observed,0.0,mnist_mlp_N3_W64_input_noise_monomial_weight,monomial_gauge_ref0_clipped,clipped,greedy_soup,monomial_gauge_ref0_clipped - greedy_soup,-0.008033333333333352,0.004715954822202762,-0.009700000000000016,-0.006433333333333354,30,0,0,30,unsupported_ci_crosses_zero_or_negative,False
mnist,mlp,3,64,input_noise,monomial_weight,observed,0.0,mnist_mlp_N3_W64_input_noise_monomial_weight,monomial_gauge_ref0_clipped,clipped,weight_average,monomial_gauge_ref0_clipped - weight_average,0.093,0.04344040705975533,0.07843125000000001,0.10976916666666665,30,30,0,0,supported_positive_ci_vs_weight_average,True
mnist,mlp,3,64,input_noise,monomial_weight,observed,0.0,mnist_mlp_N3_W64_input_noise_monomial_weight,monomial_gauge_ref0_global_synchronized,global_synchronized,c2m3_synchronized,monomial_gauge_ref0_global_synchronized - c2m3_synchronized,0.00025000000000000575,0.0009804115954800319,-6.708333333333295e-05,0.0005999999999999968,30,12,9,9,unsupported_ci_crosses_zero_or_negative,False
mnist,mlp,3,64,input_noise,monomial_weight,observed,0.0,mnist_mlp_N3_W64_input_noise_monomial_weight,monomial_gauge_ref0_global_synchronized,global_synchronized,greedy_soup,monomial_gauge_ref0_global_synchronized - greedy_soup,-0.008316666666666684,0.00469681354444312,-0.01005000000000001,-0.006732916666666682,30,0,0,30,unsupported_ci_crosses_zero_or_negative,False
mnist,mlp,3,64,input_noise,monomial_weight,observed,0.0,mnist_mlp_N3_W64_input_noise_monomial_weight,monomial_gauge_ref0_global_synchronized,global_synchronized,weight_average,monomial_gauge_ref0_global_synchronized - weight_average,0.09271666666666664,0.043226884062434176,0.07844999999999998,0.10806708333333333,30,30,0,0,supported_positive_ci_vs_weight_average,True
mnist,mlp,3,64,input_noise,monomial_weight,observed,0.0,mnist_mlp_N3_W64_input_noise_monomial_weight,monomial_gauge_ref0_raw,raw,c2m3_synchronized,monomial_gauge_ref0_raw - c2m3_synchronized,0.0005333333333333375,0.0013578211078487251,5.000000000000559e-05,0.001000000000000012,30,15,7,8,supported_positive_ci_vs_c2m3,True
mnist,mlp,3,64,input_noise,monomial_weight,observed,0.0,mnist_mlp_N3_W64_input_noise_monomial_weight,monomial_gauge_ref0_raw,raw,greedy_soup,monomial_gauge_ref0_raw - greedy_soup,-0.008033333333333352,0.004715954822202762,-0.009816666666666685,-0.006350000000000022,30,0,0,30,unsupported_ci_crosses_zero_or_negative,False
mnist,mlp,3,64,input_noise,monomial_weight,observed,0.0,mnist_mlp_N3_W64_input_noise_monomial_weight,monomial_gauge_ref0_raw,raw,weight_average,monomial_gauge_ref0_raw - weight_average,0.093,0.04344040705975533,0.07844416666666666,0.10838416666666664,30,30,0,0,supported_positive_ci_vs_weight_average,True
mnist,mlp,3,64,input_noise,monomial_weight,observed,0.0,mnist_mlp_N3_W64_input_noise_monomial_weight,monomial_gauge_ref0_shrinkage,shrinkage,c2m3_synchronized,monomial_gauge_ref0_shrinkage - c2m3_synchronized,0.0003166666666666762,0.0009236671042860732,-3.333333333331495e-05,0.0006333333333333413,30,14,9,7,unsupported_ci_crosses_zero_or_negative,False
mnist,mlp,3,64,input_noise,monomial_weight,observed,0.0,mnist_mlp_N3_W64_input_noise_monomial_weight,monomial_gauge_ref0_shrinkage,shrinkage,greedy_soup,monomial_gauge_ref0_shrinkage - greedy_soup,-0.008250000000000013,0.004589624731109699,-0.00993333333333333,-0.006666250000000016,30,0,0,30,unsupported_ci_crosses_zero_or_negative,False
mnist,mlp,3,64,input_noise,monomial_weight,observed,0.0,mnist_mlp_N3_W64_input_noise_monomial_weight,monomial_gauge_ref0_shrinkage,shrinkage,weight_average,monomial_gauge_ref0_shrinkage - weight_average,0.09278333333333334,0.043235059873889974,0.07793208333333333,0.10880041666666664,30,30,0,0,supported_positive_ci_vs_weight_average,True
mnist,mlp,3,64,none,monomial_activation,observed,0.0,mnist_mlp_N3_W64_none_monomial_activation,monomial_gauge_ref0_clipped,clipped,c2m3_synchronized,monomial_gauge_ref0_clipped - c2m3_synchronized,0.005100000000000012,0.005778079862424178,0.0031166666666666678,0.007200416666666686,30,25,0,5,supported_positive_ci_vs_c2m3,True
mnist,mlp,3,64,none,monomial_activation,observed,0.0,mnist_mlp_N3_W64_none_monomial_activation,monomial_gauge_ref0_clipped,clipped,greedy_soup,monomial_gauge_ref0_clipped - greedy_soup,-0.007216666666666672,0.003369956853641059,-0.008316666666666679,-0.005966249999999986,30,2,0,28,unsupported_ci_crosses_zero_or_negative,False
mnist,mlp,3,64,none,monomial_activation,observed,0.0,mnist_mlp_N3_W64_none_monomial_activation,monomial_gauge_ref0_clipped,clipped,weight_average,monomial_gauge_ref0_clipped - weight_average,0.12821666666666667,0.048558653359539884,0.11218083333333334,0.1462675,30,30,0,0,supported_positive_ci_vs_weight_average,True
mnist,mlp,3,64,none,monomial_activation,observed,0.0,mnist_mlp_N3_W64_none_monomial_activation,monomial_gauge_ref0_global_synchronized,global_synchronized,c2m3_synchronized,monomial_gauge_ref0_global_synchronized - c2m3_synchronized,0.0033833333333333454,0.004393732474499482,0.0018166666666666776,0.004900000000000012,30,23,3,4,supported_positive_ci_vs_c2m3,True
mnist,mlp,3,64,none,monomial_activation,observed,0.0,mnist_mlp_N3_W64_none_monomial_activation,monomial_gauge_ref0_global_synchronized,global_synchronized,greedy_soup,monomial_gauge_ref0_global_synchronized - greedy_soup,-0.008933333333333338,0.003736431391077578,-0.010200000000000002,-0.007633333333333337,30,0,1,29,unsupported_ci_crosses_zero_or_negative,False
mnist,mlp,3,64,none,monomial_activation,observed,0.0,mnist_mlp_N3_W64_none_monomial_activation,monomial_gauge_ref0_global_synchronized,global_synchronized,weight_average,monomial_gauge_ref0_global_synchronized - weight_average,0.1265,0.048338247867465704,0.11115000000000001,0.14321749999999997,30,30,0,0,supported_positive_ci_vs_weight_average,True
mnist,mlp,3,64,none,monomial_activation,observed,0.0,mnist_mlp_N3_W64_none_monomial_activation,monomial_gauge_ref0_raw,raw,c2m3_synchronized,monomial_gauge_ref0_raw - c2m3_synchronized,0.005033333333333345,0.0058130847252546225,0.0030333333333333436,0.007200833333333336,30,25,0,5,supported_positive_ci_vs_c2m3,True
mnist,mlp,3,64,none,monomial_activation,observed,0.0,mnist_mlp_N3_W64_none_monomial_activation,monomial_gauge_ref0_raw,raw,greedy_soup,monomial_gauge_ref0_raw - greedy_soup,-0.007283333333333338,0.003341699271776046,-0.008433333333333345,-0.006116666666666674,30,2,0,28,unsupported_ci_crosses_zero_or_negative,False
mnist,mlp,3,64,none,monomial_activation,observed,0.0,mnist_mlp_N3_W64_none_monomial_activation,monomial_gauge_ref0_raw,raw,weight_average,monomial_gauge_ref0_raw - weight_average,0.12815000000000001,0.048588374869034195,0.11196291666666665,0.14663541666666666,30,30,0,0,supported_positive_ci_vs_weight_average,True
mnist,mlp,3,64,none,monomial_activation,observed,0.0,mnist_mlp_N3_W64_none_monomial_activation,monomial_gauge_ref0_shrinkage,shrinkage,c2m3_synchronized,monomial_gauge_ref0_shrinkage - c2m3_synchronized,0.0036333333333333478,0.004584331134857415,0.0021166666666666816,0.005167083333333354,30,24,1,5,supported_positive_ci_vs_c2m3,True
mnist,mlp,3,64,none,monomial_activation,observed,0.0,mnist_mlp_N3_W64_none_monomial_activation,monomial_gauge_ref0_shrinkage,shrinkage,greedy_soup,monomial_gauge_ref0_shrinkage - greedy_soup,-0.008683333333333336,0.0034851491170129383,-0.009916666666666652,-0.0075000000000000145,30,0,0,30,unsupported_ci_crosses_zero_or_negative,False
mnist,mlp,3,64,none,monomial_activation,observed,0.0,mnist_mlp_N3_W64_none_monomial_activation,monomial_gauge_ref0_shrinkage,shrinkage,weight_average,monomial_gauge_ref0_shrinkage - weight_average,0.12675,0.04836993758595276,0.11074874999999999,0.14458916666666663,30,30,0,0,supported_positive_ci_vs_weight_average,True
mnist,mlp,3,64,none,monomial_weight,observed,0.0,mnist_mlp_N3_W64_none_monomial_weight,monomial_gauge_ref0_clipped,clipped,c2m3_synchronized,monomial_gauge_ref0_clipped - c2m3_synchronized,0.0014833333333333402,0.0022647346397548927,0.000700000000000008,0.002283750000000012,30,22,2,6,supported_positive_ci_vs_c2m3,True
mnist,mlp,3,64,none,monomial_weight,observed,0.0,mnist_mlp_N3_W64_none_monomial_weight,monomial_gauge_ref0_clipped,clipped,greedy_soup,monomial_gauge_ref0_clipped - greedy_soup,-0.019183333333333337,0.007081402711879618,-0.02161666666666666,-0.016766250000000003,30,0,0,30,unsupported_ci_crosses_zero_or_negative,False
mnist,mlp,3,64,none,monomial_weight,observed,0.0,mnist_mlp_N3_W64_none_monomial_weight,monomial_gauge_ref0_clipped,clipped,weight_average,monomial_gauge_ref0_clipped - weight_average,0.11624999999999998,0.0481185228511777,0.10074916666666665,0.13480166666666663,30,30,0,0,supported_positive_ci_vs_weight_average,True
mnist,mlp,3,64,none,monomial_weight,observed,0.0,mnist_mlp_N3_W64_none_monomial_weight,monomial_gauge_ref0_global_synchronized,global_synchronized,c2m3_synchronized,monomial_gauge_ref0_global_synchronized - c2m3_synchronized,0.0007333333333333229,0.0011275035999126972,0.00034999999999998357,0.0011170833333333293,30,22,2,6,supported_positive_ci_vs_c2m3,True
mnist,mlp,3,64,none,monomial_weight,observed,0.0,mnist_mlp_N3_W64_none_monomial_weight,monomial_gauge_ref0_global_synchronized,global_synchronized,greedy_soup,monomial_gauge_ref0_global_synchronized - greedy_soup,-0.019933333333333355,0.007501417490569095,-0.022733333333333345,-0.01741625000000003,30,0,0,30,unsupported_ci_crosses_zero_or_negative,False
mnist,mlp,3,64,none,monomial_weight,observed,0.0,mnist_mlp_N3_W64_none_monomial_weight,monomial_gauge_ref0_global_synchronized,global_synchronized,weight_average,monomial_gauge_ref0_global_synchronized - weight_average,0.11549999999999998,0.04809867730635312,0.09938249999999997,0.1339670833333333,30,30,0,0,supported_positive_ci_vs_weight_average,True
mnist,mlp,3,64,none,monomial_weight,observed,0.0,mnist_mlp_N3_W64_none_monomial_weight,monomial_gauge_ref0_raw,raw,c2m3_synchronized,monomial_gauge_ref0_raw - c2m3_synchronized,0.0014833333333333402,0.0022647346397548927,0.0007166666666666801,0.0022833333333333447,30,22,2,6,supported_positive_ci_vs_c2m3,True
mnist,mlp,3,64,none,monomial_weight,observed,0.0,mnist_mlp_N3_W64_none_monomial_weight,monomial_gauge_ref0_raw,raw,greedy_soup,monomial_gauge_ref0_raw - greedy_soup,-0.019183333333333337,0.007081402711879618,-0.021566666666666665,-0.016799583333333347,30,0,0,30,unsupported_ci_crosses_zero_or_negative,False
mnist,mlp,3,64,none,monomial_weight,observed,0.0,mnist_mlp_N3_W64_none_monomial_weight,monomial_gauge_ref0_raw,raw,weight_average,monomial_gauge_ref0_raw - weight_average,0.11624999999999998,0.0481185228511777,0.10056666666666668,0.13373416666666668,30,30,0,0,supported_positive_ci_vs_weight_average,True
mnist,mlp,3,64,none,monomial_weight,observed,0.0,mnist_mlp_N3_W64_none_monomial_weight,monomial_gauge_ref0_shrinkage,shrinkage,c2m3_synchronized,monomial_gauge_ref0_shrinkage - c2m3_synchronized,0.0007166666666666618,0.0010961007169093576,0.00034999999999999474,0.001100000000000001,30,21,2,7,supported_positive_ci_vs_c2m3,True
mnist,mlp,3,64,none,monomial_weight,observed,0.0,mnist_mlp_N3_W64_none_monomial_weight,monomial_gauge_ref0_shrinkage,shrinkage,greedy_soup,monomial_gauge_ref0_shrinkage - greedy_soup,-0.019950000000000016,0.007515902680546635,-0.022683333333333347,-0.017233333333333357,30,0,0,30,unsupported_ci_crosses_zero_or_negative,False
mnist,mlp,3,64,none,monomial_weight,observed,0.0,mnist_mlp_N3_W64_none_monomial_weight,monomial_gauge_ref0_shrinkage,shrinkage,weight_average,monomial_gauge_ref0_shrinkage - weight_average,0.11548333333333331,0.048095896185486105,0.10063249999999999,0.1333520833333333,30,30,0,0,supported_positive_ci_vs_weight_average,True
mnist,mlp,3,128,input_noise,monomial_activation,observed,0.0,mnist_mlp_N3_W128_input_noise_monomial_activation,monomial_gauge_ref0_clipped,clipped,c2m3_synchronized,monomial_gauge_ref0_clipped - c2m3_synchronized,-0.008149999999999994,0.004422025592963898,-0.009733333333333326,-0.0065999999999999835,30,0,0,30,unsupported_ci_crosses_zero_or_negative,False
mnist,mlp,3,128,input_noise,monomial_activation,observed,0.0,mnist_mlp_N3_W128_input_noise_monomial_activation,monomial_gauge_ref0_clipped,clipped,greedy_soup,monomial_gauge_ref0_clipped - greedy_soup,-0.016433333333333338,0.005432554065829528,-0.01833333333333333,-0.014549583333333336,30,0,0,30,unsupported_ci_crosses_zero_or_negative,False
mnist,mlp,3,128,input_noise,monomial_activation,observed,0.0,mnist_mlp_N3_W128_input_noise_monomial_activation,monomial_gauge_ref0_clipped,clipped,weight_average,monomial_gauge_ref0_clipped - weight_average,0.07883333333333332,0.03999145023569441,0.06486583333333332,0.09353375,30,30,0,0,supported_positive_ci_vs_weight_average,True
mnist,mlp,3,128,input_noise,monomial_activation,observed,0.0,mnist_mlp_N3_W128_input_noise_monomial_activation,monomial_gauge_ref0_global_synchronized,global_synchronized,c2m3_synchronized,monomial_gauge_ref0_global_synchronized - c2m3_synchronized,-0.003433333333333329,0.003800483937726826,-0.004766666666666664,-0.0020999999999999942,30,5,1,24,unsupported_ci_crosses_zero_or_negative,False
mnist,mlp,3,128,input_noise,monomial_activation,observed,0.0,mnist_mlp_N3_W128_input_noise_monomial_activation,monomial_gauge_ref0_global_synchronized,global_synchronized,greedy_soup,monomial_gauge_ref0_global_synchronized - greedy_soup,-0.011716666666666672,0.005611999664102359,-0.013749999999999991,-0.009800000000000012,30,0,0,30,unsupported_ci_crosses_zero_or_negative,False
mnist,mlp,3,128,input_noise,monomial_activation,observed,0.0,mnist_mlp_N3_W128_input_noise_monomial_activation,monomial_gauge_ref0_global_synchronized,global_synchronized,weight_average,monomial_gauge_ref0_global_synchronized - weight_average,0.08355,0.03980845300981291,0.07004833333333334,0.09843458333333333,30,30,0,0,supported_positive_ci_vs_weight_average,True
mnist,mlp,3,128,input_noise,monomial_activation,observed,0.0,mnist_mlp_N3_W128_input_noise_monomial_activation,monomial_gauge_ref0_raw,raw,c2m3_synchronized,monomial_gauge_ref0_raw - c2m3_synchronized,-0.007850000000000001,0.004371045010378955,-0.0094,-0.006399999999999991,30,0,0,30,unsupported_ci_crosses_zero_or_negative,False
mnist,mlp,3,128,input_noise,monomial_activation,observed,0.0,mnist_mlp_N3_W128_input_noise_monomial_activation,monomial_gauge_ref0_raw,raw,greedy_soup,monomial_gauge_ref0_raw - greedy_soup,-0.016133333333333343,0.005166091922055447,-0.018083750000000013,-0.014400000000000017,30,0,0,30,unsupported_ci_crosses_zero_or_negative,False
mnist,mlp,3,128,input_noise,monomial_activation,observed,0.0,mnist_mlp_N3_W128_input_noise_monomial_activation,monomial_gauge_ref0_raw,raw,weight_average,monomial_gauge_ref0_raw - weight_average,0.07913333333333329,0.03995470136191159,0.06543124999999998,0.09363499999999997,30,30,0,0,supported_positive_ci_vs_weight_average,True
mnist,mlp,3,128,input_noise,monomial_activation,observed,0.0,mnist_mlp_N3_W128_input_noise_monomial_activation,monomial_gauge_ref0_shrinkage,shrinkage,c2m3_synchronized,monomial_gauge_ref0_shrinkage - c2m3_synchronized,-0.0037833333333333313,0.0038588977641320138,-0.005049999999999999,-0.00235,30,4,2,24,unsupported_ci_crosses_zero_or_negative,False
mnist,mlp,3,128,input_noise,monomial_activation,observed,0.0,mnist_mlp_N3_W128_input_noise_monomial_activation,monomial_gauge_ref0_shrinkage,shrinkage,greedy_soup,monomial_gauge_ref0_shrinkage - greedy_soup,-0.012066666666666673,0.005451563099688483,-0.014050416666666666,-0.01024958333333334,30,0,0,30,unsupported_ci_crosses_zero_or_negative,False
mnist,mlp,3,128,input_noise,monomial_activation,observed,0.0,mnist_mlp_N3_W128_input_noise_monomial_activation,monomial_gauge_ref0_shrinkage,shrinkage,weight_average,monomial_gauge_ref0_shrinkage - weight_average,0.0832,0.039918149013821465,0.06954916666666666,0.09686916666666662,30,30,0,0,supported_positive_ci_vs_weight_average,True
mnist,mlp,3,128,input_noise,monomial_weight,observed,0.0,mnist_mlp_N3_W128_input_noise_monomial_weight,monomial_gauge_ref0_clipped,clipped,c2m3_synchronized,monomial_gauge_ref0_clipped - c2m3_synchronized,5.000000000000189e-05,0.0008236797167965547,-0.00023333333333333355,0.0003166666666666689,30,13,6,11,unsupported_ci_crosses_zero_or_negative,False
mnist,mlp,3,128,input_noise,monomial_weight,observed,0.0,mnist_mlp_N3_W128_input_noise_monomial_weight,monomial_gauge_ref0_clipped,clipped,greedy_soup,monomial_gauge_ref0_clipped - greedy_soup,-0.008416666666666673,0.003533298091344533,-0.009666666666666672,-0.007250000000000005,30,0,0,30,unsupported_ci_crosses_zero_or_negative,False
mnist,mlp,3,128,input_noise,monomial_weight,observed,0.0,mnist_mlp_N3_W128_input_noise_monomial_weight,monomial_gauge_ref0_clipped,clipped,weight_average,monomial_gauge_ref0_clipped - weight_average,0.08685000000000001,0.03888713775477209,0.07368291666666664,0.10033958333333327,30,30,0,0,supported_positive_ci_vs_weight_average,True
mnist,mlp,3,128,input_noise,monomial_weight,observed,0.0,mnist_mlp_N3_W128_input_noise_monomial_weight,monomial_gauge_ref0_global_synchronized,global_synchronized,c2m3_synchronized,monomial_gauge_ref0_global_synchronized - c2m3_synchronized,0.0002666666666666669,0.0006789105539243661,1.666666666666844e-05,0.0005004166666666752,30,15,9,6,supported_positive_ci_vs_c2m3,True
mnist,mlp,3,128,input_noise,monomial_weight,observed,0.0,mnist_mlp_N3_W128_input_noise_monomial_weight,monomial_gauge_ref0_global_synchronized,global_synchronized,greedy_soup,monomial_gauge_ref0_global_synchronized - greedy_soup,-0.008200000000000008,0.003621297157573276,-0.009466666666666679,-0.00693291666666666,30,0,0,30,unsupported_ci_crosses_zero_or_negative,False
mnist,mlp,3,128,input_noise,monomial_weight,observed,0.0,mnist_mlp_N3_W128_input_noise_monomial_weight,monomial_gauge_ref0_global_synchronized,global_synchronized,weight_average,monomial_gauge_ref0_global_synchronized - weight_average,0.08706666666666665,0.038985791694192744,0.07347749999999999,0.10097249999999994,30,30,0,0,supported_positive_ci_vs_weight_average,True
mnist,mlp,3,128,input_noise,monomial_weight,observed,0.0,mnist_mlp_N3_W128_input_noise_monomial_weight,monomial_gauge_ref0_raw,raw,c2m3_synchronized,monomial_gauge_ref0_raw - c2m3_synchronized,5.000000000000189e-05,0.0008236797167965547,-0.0002499999999999874,0.0003166666666666725,30,13,6,11,unsupported_ci_crosses_zero_or_negative,False
mnist,mlp,3,128,input_noise,monomial_weight,observed,0.0,mnist_mlp_N3_W128_input_noise_monomial_weight,monomial_gauge_ref0_raw,raw,greedy_soup,monomial_gauge_ref0_raw - greedy_soup,-0.008416666666666673,0.003533298091344533,-0.009617083333333358,-0.007099583333333331,30,0,0,30,unsupported_ci_crosses_zero_or_negative,False
mnist,mlp,3,128,input_noise,monomial_weight,observed,0.0,mnist_mlp_N3_W128_input_noise_monomial_weight,monomial_gauge_ref0_raw,raw,weight_average,monomial_gauge_ref0_raw - weight_average,0.08685000000000001,0.03888713775477209,0.07376375,0.10036708333333334,30,30,0,0,supported_positive_ci_vs_weight_average,True
mnist,mlp,3,128,input_noise,monomial_weight,observed,0.0,mnist_mlp_N3_W128_input_noise_monomial_weight,monomial_gauge_ref0_shrinkage,shrinkage,c2m3_synchronized,monomial_gauge_ref0_shrinkage - c2m3_synchronized,0.0002666666666666632,0.0007038482072510903,3.2916666666652426e-05,0.0005166666666666543,30,15,8,7,supported_positive_ci_vs_c2m3,True
mnist,mlp,3,128,input_noise,monomial_weight,observed,0.0,mnist_mlp_N3_W128_input_noise_monomial_weight,monomial_gauge_ref0_shrinkage,shrinkage,greedy_soup,monomial_gauge_ref0_shrinkage - greedy_soup,-0.008200000000000011,0.003682671444144495,-0.009500000000000015,-0.006950000000000012,30,0,0,30,unsupported_ci_crosses_zero_or_negative,False
mnist,mlp,3,128,input_noise,monomial_weight,observed,0.0,mnist_mlp_N3_W128_input_noise_monomial_weight,monomial_gauge_ref0_shrinkage,shrinkage,weight_average,monomial_gauge_ref0_shrinkage - weight_average,0.08706666666666665,0.03892737121724323,0.07335000000000001,0.10020041666666665,30,30,0,0,supported_positive_ci_vs_weight_average,True
mnist,mlp,3,128,none,monomial_activation,observed,0.0,mnist_mlp_N3_W128_none_monomial_activation,monomial_gauge_ref0_clipped,clipped,c2m3_synchronized,monomial_gauge_ref0_clipped - c2m3_synchronized,0.003250000000000001,0.0030392546726981107,0.002133333333333339,0.0043,30,24,1,5,supported_positive_ci_vs_c2m3,True
mnist,mlp,3,128,none,monomial_activation,observed,0.0,mnist_mlp_N3_W128_none_monomial_activation,monomial_gauge_ref0_clipped,clipped,greedy_soup,monomial_gauge_ref0_clipped - greedy_soup,-0.0050166666666666805,0.0022456215380054676,-0.005833333333333346,-0.004216666666666687,30,1,0,29,unsupported_ci_crosses_zero_or_negative,False
mnist,mlp,3,128,none,monomial_activation,observed,0.0,mnist_mlp_N3_W128_none_monomial_activation,monomial_gauge_ref0_clipped,clipped,weight_average,monomial_gauge_ref0_clipped - weight_average,0.13626666666666667,0.05784383454960691,0.11646333333333336,0.15721750000000004,30,30,0,0,supported_positive_ci_vs_weight_average,True
mnist,mlp,3,128,none,monomial_activation,observed,0.0,mnist_mlp_N3_W128_none_monomial_activation,monomial_gauge_ref0_global_synchronized,global_synchronized,c2m3_synchronized,monomial_gauge_ref0_global_synchronized - c2m3_synchronized,0.0021999999999999945,0.0023066620158082207,0.0013329166666666498,0.00301666666666666,30,24,2,4,supported_positive_ci_vs_c2m3,True
mnist,mlp,3,128,none,monomial_activation,observed,0.0,mnist_mlp_N3_W128_none_monomial_activation,monomial_gauge_ref0_global_synchronized,global_synchronized,greedy_soup,monomial_gauge_ref0_global_synchronized - greedy_soup,-0.006066666666666687,0.002351570763866427,-0.00688333333333336,-0.005250000000000021,30,0,0,30,unsupported_ci_crosses_zero_or_negative,False
mnist,mlp,3,128,none,monomial_activation,observed,0.0,mnist_mlp_N3_W128_none_monomial_activation,monomial_gauge_ref0_global_synchronized,global_synchronized,weight_average,monomial_gauge_ref0_global_synchronized - weight_average,0.13521666666666668,0.057697140808460015,0.11651541666666669,0.15538333333333335,30,30,0,0,supported_positive_ci_vs_weight_average,True
mnist,mlp,3,128,none,monomial_activation,observed,0.0,mnist_mlp_N3_W128_none_monomial_activation,monomial_gauge_ref0_raw,raw,c2m3_synchronized,monomial_gauge_ref0_raw - c2m3_synchronized,0.003333333333333336,0.002983672041390403,0.0022833333333333373,0.0043333333333333375,30,25,0,5,supported_positive_ci_vs_c2m3,True
mnist,mlp,3,128,none,monomial_activation,observed,0.0,mnist_mlp_N3_W128_none_monomial_activation,monomial_gauge_ref0_raw,raw,greedy_soup,monomial_gauge_ref0_raw - greedy_soup,-0.004933333333333345,0.002184322404732439,-0.005683333333333336,-0.00418333333333335,30,1,0,29,unsupported_ci_crosses_zero_or_negative,False
mnist,mlp,3,128,none,monomial_activation,observed,0.0,mnist_mlp_N3_W128_none_monomial_activation,monomial_gauge_ref0_raw,raw,weight_average,monomial_gauge_ref0_raw - weight_average,0.13635000000000005,0.05788561104037203,0.11732916666666668,0.15847374999999994,30,30,0,0,supported_positive_ci_vs_weight_average,True
mnist,mlp,3,128,none,monomial_activation,observed,0.0,mnist_mlp_N3_W128_none_monomial_activation,monomial_gauge_ref0_shrinkage,shrinkage,c2m3_synchronized,monomial_gauge_ref0_shrinkage - c2m3_synchronized,0.002316666666666667,0.002551143534443611,0.001349999999999992,0.003200000000000003,30,25,1,4,supported_positive_ci_vs_c2m3,True
mnist,mlp,3,128,none,monomial_activation,observed,0.0,mnist_mlp_N3_W128_none_monomial_activation,monomial_gauge_ref0_shrinkage,shrinkage,greedy_soup,monomial_gauge_ref0_shrinkage - greedy_soup,-0.005950000000000014,0.0025641762809916245,-0.006833333333333332,-0.00503333333333336,30,0,0,30,unsupported_ci_crosses_zero_or_negative,False
mnist,mlp,3,128,none,monomial_activation,observed,0.0,mnist_mlp_N3_W128_none_monomial_activation,monomial_gauge_ref0_shrinkage,shrinkage,weight_average,monomial_gauge_ref0_shrinkage - weight_average,0.13533333333333336,0.05799217148911556,0.11593125000000003,0.15576833333333331,30,30,0,0,supported_positive_ci_vs_weight_average,True
mnist,mlp,3,128,none,monomial_weight,observed,0.0,mnist_mlp_N3_W128_none_monomial_weight,monomial_gauge_ref0_clipped,clipped,c2m3_synchronized,monomial_gauge_ref0_clipped - c2m3_synchronized,0.000516666666666669,0.001322767040592621,9.958333333332656e-05,0.0010000000000000009,30,13,9,8,supported_positive_ci_vs_c2m3,True
mnist,mlp,3,128,none,monomial_weight,observed,0.0,mnist_mlp_N3_W128_none_monomial_weight,monomial_gauge_ref0_clipped,clipped,greedy_soup,monomial_gauge_ref0_clipped - greedy_soup,-0.012666666666666689,0.003948664840549086,-0.0141004166666667,-0.011300000000000022,30,0,0,30,unsupported_ci_crosses_zero_or_negative,False
mnist,mlp,3,128,none,monomial_weight,observed,0.0,mnist_mlp_N3_W128_none_monomial_weight,monomial_gauge_ref0_clipped,clipped,weight_average,monomial_gauge_ref0_clipped - weight_average,0.12861666666666668,0.058233134798890446,0.10921624999999999,0.14957666666666664,30,30,0,0,supported_positive_ci_vs_weight_average,True
mnist,mlp,3,128,none,monomial_weight,observed,0.0,mnist_mlp_N3_W128_none_monomial_weight,monomial_gauge_ref0_global_synchronized,global_synchronized,c2m3_synchronized,monomial_gauge_ref0_global_synchronized - c2m3_synchronized,0.0003166666666666725,0.0008250740127023687,3.333333333332596e-05,0.0006166666666666728,30,13,8,9,supported_positive_ci_vs_c2m3,True
mnist,mlp,3,128,none,monomial_weight,observed,0.0,mnist_mlp_N3_W128_none_monomial_weight,monomial_gauge_ref0_global_synchronized,global_synchronized,greedy_soup,monomial_gauge_ref0_global_synchronized - greedy_soup,-0.012866666666666686,0.003986903848708996,-0.01430000000000002,-0.01146625,30,0,0,30,unsupported_ci_crosses_zero_or_negative,False
mnist,mlp,3,128,none,monomial_weight,observed,0.0,mnist_mlp_N3_W128_none_monomial_weight,monomial_gauge_ref0_global_synchronized,global_synchronized,weight_average,monomial_gauge_ref0_global_synchronized - weight_average,0.12841666666666665,0.05792981534363049,0.10856666666666667,0.14988333333333334,30,30,0,0,supported_positive_ci_vs_weight_average,True
mnist,mlp,3,128,none,monomial_weight,observed,0.0,mnist_mlp_N3_W128_none_monomial_weight,monomial_gauge_ref0_raw,raw,c2m3_synchronized,monomial_gauge_ref0_raw - c2m3_synchronized,0.000516666666666669,0.001322767040592621,6.666666666667042e-05,0.001000416666666676,30,13,9,8,supported_positive_ci_vs_c2m3,True
mnist,mlp,3,128,none,monomial_weight,observed,0.0,mnist_mlp_N3_W128_none_monomial_weight,monomial_gauge_ref0_raw,raw,greedy_soup,monomial_gauge_ref0_raw - greedy_soup,-0.012666666666666689,0.003948664840549086,-0.014150000000000029,-0.01128333333333336,30,0,0,30,unsupported_ci_crosses_zero_or_negative,False
mnist,mlp,3,128,none,monomial_weight,observed,0.0,mnist_mlp_N3_W128_none_monomial_weight,monomial_gauge_ref0_raw,raw,weight_average,monomial_gauge_ref0_raw - weight_average,0.12861666666666668,0.058233134798890446,0.10869791666666669,0.14925333333333332,30,30,0,0,supported_positive_ci_vs_weight_average,True
mnist,mlp,3,128,none,monomial_weight,observed,0.0,mnist_mlp_N3_W128_none_monomial_weight,monomial_gauge_ref0_shrinkage,shrinkage,c2m3_synchronized,monomial_gauge_ref0_shrinkage - c2m3_synchronized,0.00035000000000000585,0.0007894782214025647,8.333333333333146e-05,0.0006166666666666729,30,14,9,7,supported_positive_ci_vs_c2m3,True
mnist,mlp,3,128,none,monomial_weight,observed,0.0,mnist_mlp_N3_W128_none_monomial_weight,monomial_gauge_ref0_shrinkage,shrinkage,greedy_soup,monomial_gauge_ref0_shrinkage - greedy_soup,-0.012833333333333353,0.0040200646189122325,-0.014283333333333348,-0.011450000000000016,30,0,0,30,unsupported_ci_crosses_zero_or_negative,False
mnist,mlp,3,128,none,monomial_weight,observed,0.0,mnist_mlp_N3_W128_none_monomial_weight,monomial_gauge_ref0_shrinkage,shrinkage,weight_average,monomial_gauge_ref0_shrinkage - weight_average,0.12844999999999998,0.057971061448944,0.10938291666666665,0.15168416666666665,30,30,0,0,supported_positive_ci_vs_weight_average,True
mnist,mlp,4,64,input_noise,monomial_activation,observed,0.0,mnist_mlp_N4_W64_input_noise_monomial_activation,monomial_gauge_ref0_clipped,clipped,c2m3_synchronized,monomial_gauge_ref0_clipped - c2m3_synchronized,-0.01073333333333331,0.007715561227640622,-0.013599999999999975,-0.008133333333333315,30,3,0,27,unsupported_ci_crosses_zero_or_negative,False
mnist,mlp,4,64,input_noise,monomial_activation,observed,0.0,mnist_mlp_N4_W64_input_noise_monomial_activation,monomial_gauge_ref0_clipped,clipped,greedy_soup,monomial_gauge_ref0_clipped - greedy_soup,-0.028266666666666662,0.009018881853370582,-0.031566666666666646,-0.025099583333333342,30,0,0,30,unsupported_ci_crosses_zero_or_negative,False
mnist,mlp,4,64,input_noise,monomial_activation,observed,0.0,mnist_mlp_N4_W64_input_noise_monomial_activation,monomial_gauge_ref0_clipped,clipped,weight_average,monomial_gauge_ref0_clipped - weight_average,0.13820000000000002,0.0629081980294329,0.11629958333333333,0.16090624999999995,30,30,0,0,supported_positive_ci_vs_weight_average,True
mnist,mlp,4,64,input_noise,monomial_activation,observed,0.0,mnist_mlp_N4_W64_input_noise_monomial_activation,monomial_gauge_ref0_global_synchronized,global_synchronized,c2m3_synchronized,monomial_gauge_ref0_global_synchronized - c2m3_synchronized,-0.0022666666666666725,0.006437676456682146,-0.004600000000000004,-1.6666666666672048e-05,30,9,0,21,unsupported_ci_crosses_zero_or_negative,False
mnist,mlp,4,64,input_noise,monomial_activation,observed,0.0,mnist_mlp_N4_W64_input_noise_monomial_activation,monomial_gauge_ref0_global_synchronized,global_synchronized,greedy_soup,monomial_gauge_ref0_global_synchronized - greedy_soup,-0.019800000000000026,0.00798122797569396,-0.022650416666666683,-0.01700000000000003,30,0,0,30,unsupported_ci_crosses_zero_or_negative,False
mnist,mlp,4,64,input_noise,monomial_activation,observed,0.0,mnist_mlp_N4_W64_input_noise_monomial_activation,monomial_gauge_ref0_global_synchronized,global_synchronized,weight_average,monomial_gauge_ref0_global_synchronized - weight_average,0.14666666666666664,0.06193201686239258,0.12521166666666664,0.16881958333333333,30,30,0,0,supported_positive_ci_vs_weight_average,True
mnist,mlp,4,64,input_noise,monomial_activation,observed,0.0,mnist_mlp_N4_W64_input_noise_monomial_activation,monomial_gauge_ref0_raw,raw,c2m3_synchronized,monomial_gauge_ref0_raw - c2m3_synchronized,-0.010116666666666647,0.008005045104584777,-0.012866666666666637,-0.007249999999999982,30,3,0,27,unsupported_ci_crosses_zero_or_negative,False
mnist,mlp,4,64,input_noise,monomial_activation,observed,0.0,mnist_mlp_N4_W64_input_noise_monomial_activation,monomial_gauge_ref0_raw,raw,greedy_soup,monomial_gauge_ref0_raw - greedy_soup,-0.02765,0.008676315362863531,-0.030533333333333315,-0.024766250000000007,30,0,0,30,unsupported_ci_crosses_zero_or_negative,False
mnist,mlp,4,64,input_noise,monomial_activation,observed,0.0,mnist_mlp_N4_W64_input_noise_monomial_activation,monomial_gauge_ref0_raw,raw,weight_average,monomial_gauge_ref0_raw - weight_average,0.13881666666666667,0.0634641472684046,0.11799875000000001,0.1620004166666666,30,30,0,0,supported_positive_ci_vs_weight_average,True
mnist,mlp,4,64,input_noise,monomial_activation,observed,0.0,mnist_mlp_N4_W64_input_noise_monomial_activation,monomial_gauge_ref0_shrinkage,shrinkage,c2m3_synchronized,monomial_gauge_ref0_shrinkage - c2m3_synchronized,-0.0032166666666666715,0.006866564835758719,-0.005500000000000001,-0.0007329166666666699,30,10,0,20,unsupported_ci_crosses_zero_or_negative,False
mnist,mlp,4,64,input_noise,monomial_activation,observed,0.0,mnist_mlp_N4_W64_input_noise_monomial_activation,monomial_gauge_ref0_shrinkage,shrinkage,greedy_soup,monomial_gauge_ref0_shrinkage - greedy_soup,-0.020750000000000025,0.007993262248876256,-0.02346708333333336,-0.017983333333333358,30,0,0,30,unsupported_ci_crosses_zero_or_negative,False
mnist,mlp,4,64,input_noise,monomial_activation,observed,0.0,mnist_mlp_N4_W64_input_noise_monomial_activation,monomial_gauge_ref0_shrinkage,shrinkage,weight_average,monomial_gauge_ref0_shrinkage - weight_average,0.14571666666666666,0.061965602712635896,0.12459916666666665,0.16703916666666663,30,30,0,0,supported_positive_ci_vs_weight_average,True
mnist,mlp,4,64,input_noise,monomial_weight,observed,0.0,mnist_mlp_N4_W64_input_noise_monomial_weight,monomial_gauge_ref0_clipped,clipped,c2m3_synchronized,monomial_gauge_ref0_clipped - c2m3_synchronized,0.0011833333333333474,0.004821795582941933,-0.0006504166666666541,0.002767083333333352,30,17,2,11,unsupported_ci_crosses_zero_or_negative,False
mnist,mlp,4,64,input_noise,monomial_weight,observed,0.0,mnist_mlp_N4_W64_input_noise_monomial_weight,monomial_gauge_ref0_clipped,clipped,greedy_soup,monomial_gauge_ref0_clipped - greedy_soup,-0.01316666666666667,0.0062261037427987,-0.01538333333333334,-0.010916666666666675,30,0,0,30,unsupported_ci_crosses_zero_or_negative,False
mnist,mlp,4,64,input_noise,monomial_weight,observed,0.0,mnist_mlp_N4_W64_input_noise_monomial_weight,monomial_gauge_ref0_clipped,clipped,weight_average,monomial_gauge_ref0_clipped - weight_average,0.15330000000000002,0.06154527349565661,0.13089208333333333,0.17525,30,30,0,0,supported_positive_ci_vs_weight_average,True
mnist,mlp,4,64,input_noise,monomial_weight,observed,0.0,mnist_mlp_N4_W64_input_noise_monomial_weight,monomial_gauge_ref0_global_synchronized,global_synchronized,c2m3_synchronized,monomial_gauge_ref0_global_synchronized - c2m3_synchronized,0.0006833333333333395,0.004948847537965087,-0.001033333333333327,0.0023833333333333445,30,14,3,13,unsupported_ci_crosses_zero_or_negative,False
mnist,mlp,4,64,input_noise,monomial_weight,observed,0.0,mnist_mlp_N4_W64_input_noise_monomial_weight,monomial_gauge_ref0_global_synchronized,global_synchronized,greedy_soup,monomial_gauge_ref0_global_synchronized - greedy_soup,-0.01366666666666668,0.006361702945581166,-0.015900000000000015,-0.011433333333333354,30,0,0,30,unsupported_ci_crosses_zero_or_negative,False
mnist,mlp,4,64,input_noise,monomial_weight,observed,0.0,mnist_mlp_N4_W64_input_noise_monomial_weight,monomial_gauge_ref0_global_synchronized,global_synchronized,weight_average,monomial_gauge_ref0_global_synchronized - weight_average,0.1528,0.06149510773925084,0.13148291666666667,0.17483541666666666,30,30,0,0,supported_positive_ci_vs_weight_average,True
mnist,mlp,4,64,input_noise,monomial_weight,observed,0.0,mnist_mlp_N4_W64_input_noise_monomial_weight,monomial_gauge_ref0_raw,raw,c2m3_synchronized,monomial_gauge_ref0_raw - c2m3_synchronized,0.0011833333333333474,0.004821795582941933,-0.0005833333333333247,0.0028500000000000122,30,17,2,11,unsupported_ci_crosses_zero_or_negative,False
mnist,mlp,4,64,input_noise,monomial_weight,observed,0.0,mnist_mlp_N4_W64_input_noise_monomial_weight,monomial_gauge_ref0_raw,raw,greedy_soup,monomial_gauge_ref0_raw - greedy_soup,-0.01316666666666667,0.0062261037427987,-0.015366666666666673,-0.011083333333333337,30,0,0,30,unsupported_ci_crosses_zero_or_negative,False
mnist,mlp,4,64,input_noise,monomial_weight,observed,0.0,mnist_mlp_N4_W64_input_noise_monomial_weight,monomial_gauge_ref0_raw,raw,weight_average,monomial_gauge_ref0_raw - weight_average,0.15330000000000002,0.06154527349565661,0.13233125,0.17616791666666665,30,30,0,0,supported_positive_ci_vs_weight_average,True
mnist,mlp,4,64,input_noise,monomial_weight,observed,0.0,mnist_mlp_N4_W64_input_noise_monomial_weight,monomial_gauge_ref0_shrinkage,shrinkage,c2m3_synchronized,monomial_gauge_ref0_shrinkage - c2m3_synchronized,0.000699999999999997,0.004814847725597337,-0.0009500000000000066,0.002300000000000002,30,15,2,13,unsupported_ci_crosses_zero_or_negative,False
mnist,mlp,4,64,input_noise,monomial_weight,observed,0.0,mnist_mlp_N4_W64_input_noise_monomial_weight,monomial_gauge_ref0_shrinkage,shrinkage,greedy_soup,monomial_gauge_ref0_shrinkage - greedy_soup,-0.013650000000000021,0.006320669432027402,-0.01598375000000002,-0.011483333333333361,30,0,0,30,unsupported_ci_crosses_zero_or_negative,False
mnist,mlp,4,64,input_noise,monomial_weight,observed,0.0,mnist_mlp_N4_W64_input_noise_monomial_weight,monomial_gauge_ref0_shrinkage,shrinkage,weight_average,monomial_gauge_ref0_shrinkage - weight_average,0.15281666666666668,0.0615081272080664,0.13084833333333332,0.1736883333333333,30,30,0,0,supported_positive_ci_vs_weight_average,True
mnist,mlp,4,64,none,monomial_activation,observed,0.0,mnist_mlp_N4_W64_none_monomial_activation,monomial_gauge_ref0_clipped,clipped,c2m3_synchronized,monomial_gauge_ref0_clipped - c2m3_synchronized,0.007983333333333339,0.008187967763245898,0.005282916666666663,0.011,30,27,0,3,supported_positive_ci_vs_c2m3,True
mnist,mlp,4,64,none,monomial_activation,observed,0.0,mnist_mlp_N4_W64_none_monomial_activation,monomial_gauge_ref0_clipped,clipped,greedy_soup,monomial_gauge_ref0_clipped - greedy_soup,-0.007850000000000008,0.002862209178119307,-0.008883333333333347,-0.006866666666666676,30,0,0,30,unsupported_ci_crosses_zero_or_negative,False
mnist,mlp,4,64,none,monomial_activation,observed,0.0,mnist_mlp_N4_W64_none_monomial_activation,monomial_gauge_ref0_clipped,clipped,weight_average,monomial_gauge_ref0_clipped - weight_average,0.23226666666666665,0.0858045828425359,0.20244999999999996,0.2622541666666666,30,30,0,0,supported_positive_ci_vs_weight_average,True
mnist,mlp,4,64,none,monomial_activation,observed,0.0,mnist_mlp_N4_W64_none_monomial_activation,monomial_gauge_ref0_global_synchronized,global_synchronized,c2m3_synchronized,monomial_gauge_ref0_global_synchronized - c2m3_synchronized,0.00625,0.006811185020193641,0.004066666666666671,0.008850416666666652,30,28,0,2,supported_positive_ci_vs_c2m3,True
mnist,mlp,4,64,none,monomial_activation,observed,0.0,mnist_mlp_N4_W64_none_monomial_activation,monomial_gauge_ref0_global_synchronized,global_synchronized,greedy_soup,monomial_gauge_ref0_global_synchronized - greedy_soup,-0.009583333333333348,0.003998023937184337,-0.011016666666666678,-0.008200000000000011,30,0,0,30,unsupported_ci_crosses_zero_or_negative,False
mnist,mlp,4,64,none,monomial_activation,observed,0.0,mnist_mlp_N4_W64_none_monomial_activation,monomial_gauge_ref0_global_synchronized,global_synchronized,weight_average,monomial_gauge_ref0_global_synchronized - weight_average,0.2305333333333333,0.08484061459617952,0.19906624999999997,0.2603216666666666,30,30,0,0,supported_positive_ci_vs_weight_average,True
mnist,mlp,4,64,none,monomial_activation,observed,0.0,mnist_mlp_N4_W64_none_monomial_activation,monomial_gauge_ref0_raw,raw,c2m3_synchronized,monomial_gauge_ref0_raw - c2m3_synchronized,0.008133333333333336,0.008148337394760384,0.005516666666666673,0.011283333333333331,30,27,0,3,supported_positive_ci_vs_c2m3,True
mnist,mlp,4,64,none,monomial_activation,observed,0.0,mnist_mlp_N4_W64_none_monomial_activation,monomial_gauge_ref0_raw,raw,greedy_soup,monomial_gauge_ref0_raw - greedy_soup,-0.007700000000000011,0.0027120421113605805,-0.008666666666666678,-0.006716666666666678,30,0,0,30,unsupported_ci_crosses_zero_or_negative,False
mnist,mlp,4,64,none,monomial_activation,observed,0.0,mnist_mlp_N4_W64_none_monomial_activation,monomial_gauge_ref0_raw,raw,weight_average,monomial_gauge_ref0_raw - weight_average,0.23241666666666666,0.08574873914156297,0.20289458333333332,0.26351875,30,30,0,0,supported_positive_ci_vs_weight_average,True
mnist,mlp,4,64,none,monomial_activation,observed,0.0,mnist_mlp_N4_W64_none_monomial_activation,monomial_gauge_ref0_shrinkage,shrinkage,c2m3_synchronized,monomial_gauge_ref0_shrinkage - c2m3_synchronized,0.006416666666666674,0.007007487785039022,0.004183333333333354,0.009083750000000015,30,27,0,3,supported_positive_ci_vs_c2m3,True
mnist,mlp,4,64,none,monomial_activation,observed,0.0,mnist_mlp_N4_W64_none_monomial_activation,monomial_gauge_ref0_shrinkage,shrinkage,greedy_soup,monomial_gauge_ref0_shrinkage - greedy_soup,-0.009416666666666674,0.0034667965271875526,-0.010683333333333348,-0.00823333333333334,30,0,0,30,unsupported_ci_crosses_zero_or_negative,False
mnist,mlp,4,64,none,monomial_activation,observed,0.0,mnist_mlp_N4_W64_none_monomial_activation,monomial_gauge_ref0_shrinkage,shrinkage,weight_average,monomial_gauge_ref0_shrinkage - weight_average,0.2307,0.0850420382861445,0.20109791666666663,0.2605533333333333,30,30,0,0,supported_positive_ci_vs_weight_average,True
mnist,mlp,4,64,none,monomial_weight,observed,0.0,mnist_mlp_N4_W64_none_monomial_weight,monomial_gauge_ref0_clipped,clipped,c2m3_synchronized,monomial_gauge_ref0_clipped - c2m3_synchronized,-0.0011166666666666658,0.009692410231307465,-0.004599999999999993,0.0024004166666666627,30,14,1,15,unsupported_ci_crosses_zero_or_negative,False
mnist,mlp,4,64,none,monomial_weight,observed,0.0,mnist_mlp_N4_W64_none_monomial_weight,monomial_gauge_ref0_clipped,clipped,greedy_soup,monomial_gauge_ref0_clipped - greedy_soup,-0.028683333333333335,0.009651231235848403,-0.03243375,-0.025232916666666674,30,0,0,30,unsupported_ci_crosses_zero_or_negative,False
mnist,mlp,4,64,none,monomial_weight,observed,0.0,mnist_mlp_N4_W64_none_monomial_weight,monomial_gauge_ref0_clipped,clipped,weight_average,monomial_gauge_ref0_clipped - weight_average,0.21143333333333333,0.08980435951837608,0.18127291666666664,0.24405708333333326,30,30,0,0,supported_positive_ci_vs_weight_average,True
mnist,mlp,4,64,none,monomial_weight,observed,0.0,mnist_mlp_N4_W64_none_monomial_weight,monomial_gauge_ref0_global_synchronized,global_synchronized,c2m3_synchronized,monomial_gauge_ref0_global_synchronized - c2m3_synchronized,-0.0018000000000000017,0.01019685549907251,-0.005316666666666662,0.0015337499999999987,30,14,3,13,unsupported_ci_crosses_zero_or_negative,False
mnist,mlp,4,64,none,monomial_weight,observed,0.0,mnist_mlp_N4_W64_none_monomial_weight,monomial_gauge_ref0_global_synchronized,global_synchronized,greedy_soup,monomial_gauge_ref0_global_synchronized - greedy_soup,-0.02936666666666667,0.010358182949870526,-0.033100416666666674,-0.025699583333333338,30,0,0,30,unsupported_ci_crosses_zero_or_negative,False
mnist,mlp,4,64,none,monomial_weight,observed,0.0,mnist_mlp_N4_W64_none_monomial_weight,monomial_gauge_ref0_global_synchronized,global_synchronized,weight_average,monomial_gauge_ref0_global_synchronized - weight_average,0.21075,0.08986663970036088,0.17984958333333334,0.24254208333333324,30,30,0,0,supported_positive_ci_vs_weight_average,True
mnist,mlp,4,64,none,monomial_weight,observed,0.0,mnist_mlp_N4_W64_none_monomial_weight,monomial_gauge_ref0_raw,raw,c2m3_synchronized,monomial_gauge_ref0_raw - c2m3_synchronized,-0.0011166666666666658,0.009692410231307465,-0.004517083333333328,0.0023666666666666576,30,14,1,15,unsupported_ci_crosses_zero_or_negative,False
mnist,mlp,4,64,none,monomial_weight,observed,0.0,mnist_mlp_N4_W64_none_monomial_weight,monomial_gauge_ref0_raw,raw,greedy_soup,monomial_gauge_ref0_raw - greedy_soup,-0.028683333333333335,0.009651231235848403,-0.03203375000000001,-0.025299583333333348,30,0,0,30,unsupported_ci_crosses_zero_or_negative,False
mnist,mlp,4,64,none,monomial_weight,observed,0.0,mnist_mlp_N4_W64_none_monomial_weight,monomial_gauge_ref0_raw,raw,weight_average,monomial_gauge_ref0_raw - weight_average,0.21143333333333333,0.08980435951837608,0.18059916666666664,0.24427916666666663,30,30,0,0,supported_positive_ci_vs_weight_average,True
mnist,mlp,4,64,none,monomial_weight,observed,0.0,mnist_mlp_N4_W64_none_monomial_weight,monomial_gauge_ref0_shrinkage,shrinkage,c2m3_synchronized,monomial_gauge_ref0_shrinkage - c2m3_synchronized,-0.0017000000000000014,0.010102577342713944,-0.005266666666666664,0.0019837499999999903,30,14,3,13,unsupported_ci_crosses_zero_or_negative,False
mnist,mlp,4,64,none,monomial_weight,observed,0.0,mnist_mlp_N4_W64_none_monomial_weight,monomial_gauge_ref0_shrinkage,shrinkage,greedy_soup,monomial_gauge_ref0_shrinkage - greedy_soup,-0.02926666666666667,0.010283677503136014,-0.03271666666666668,-0.025416249999999998,30,0,0,30,unsupported_ci_crosses_zero_or_negative,False
mnist,mlp,4,64,none,monomial_weight,observed,0.0,mnist_mlp_N4_W64_none_monomial_weight,monomial_gauge_ref0_shrinkage,shrinkage,weight_average,monomial_gauge_ref0_shrinkage - weight_average,0.21085000000000004,0.08990552033221816,0.1797475,0.2434691666666666,30,30,0,0,supported_positive_ci_vs_weight_average,True
mnist,mlp,4,128,input_noise,monomial_activation,observed,0.0,mnist_mlp_N4_W128_input_noise_monomial_activation,monomial_gauge_ref0_clipped,clipped,c2m3_synchronized,monomial_gauge_ref0_clipped - c2m3_synchronized,-0.012333333333333344,0.006061940814358186,-0.014400000000000005,-0.010150000000000011,30,0,0,30,unsupported_ci_crosses_zero_or_negative,False
mnist,mlp,4,128,input_noise,monomial_activation,observed,0.0,mnist_mlp_N4_W128_input_noise_monomial_activation,monomial_gauge_ref0_clipped,clipped,greedy_soup,monomial_gauge_ref0_clipped - greedy_soup,-0.02330000000000002,0.007501264261258992,-0.02588333333333335,-0.020650000000000026,30,0,0,30,unsupported_ci_crosses_zero_or_negative,False
mnist,mlp,4,128,input_noise,monomial_activation,observed,0.0,mnist_mlp_N4_W128_input_noise_monomial_activation,monomial_gauge_ref0_clipped,clipped,weight_average,monomial_gauge_ref0_clipped - weight_average,0.09136666666666667,0.03389790282734249,0.07906374999999997,0.10363499999999998,30,30,0,0,supported_positive_ci_vs_weight_average,True
mnist,mlp,4,128,input_noise,monomial_activation,observed,0.0,mnist_mlp_N4_W128_input_noise_monomial_activation,monomial_gauge_ref0_global_synchronized,global_synchronized,c2m3_synchronized,monomial_gauge_ref0_global_synchronized - c2m3_synchronized,-0.0044000000000000115,0.004747776248976435,-0.006067083333333349,-0.0027995833333333458,30,4,1,25,unsupported_ci_crosses_zero_or_negative,False
mnist,mlp,4,128,input_noise,monomial_activation,observed,0.0,mnist_mlp_N4_W128_input_noise_monomial_activation,monomial_gauge_ref0_global_synchronized,global_synchronized,greedy_soup,monomial_gauge_ref0_global_synchronized - greedy_soup,-0.015366666666666685,0.005838240956937665,-0.017600416666666684,-0.013316666666666688,30,0,0,30,unsupported_ci_crosses_zero_or_negative,False
mnist,mlp,4,128,input_noise,monomial_activation,observed,0.0,mnist_mlp_N4_W128_input_noise_monomial_activation,monomial_gauge_ref0_global_synchronized,global_synchronized,weight_average,monomial_gauge_ref0_global_synchronized - weight_average,0.09929999999999999,0.034052089915102224,0.08794791666666665,0.11088624999999999,30,30,0,0,supported_positive_ci_vs_weight_average,True
mnist,mlp,4,128,input_noise,monomial_activation,observed,0.0,mnist_mlp_N4_W128_input_noise_monomial_activation,monomial_gauge_ref0_raw,raw,c2m3_synchronized,monomial_gauge_ref0_raw - c2m3_synchronized,-0.011666666666666685,0.0054398487132445595,-0.013566666666666682,-0.009733333333333356,30,0,1,29,unsupported_ci_crosses_zero_or_negative,False
mnist,mlp,4,128,input_noise,monomial_activation,observed,0.0,mnist_mlp_N4_W128_input_noise_monomial_activation,monomial_gauge_ref0_raw,raw,greedy_soup,monomial_gauge_ref0_raw - greedy_soup,-0.022633333333333356,0.006760602571253304,-0.02500000000000002,-0.020266250000000024,30,0,0,30,unsupported_ci_crosses_zero_or_negative,False
mnist,mlp,4,128,input_noise,monomial_activation,observed,0.0,mnist_mlp_N4_W128_input_noise_monomial_activation,monomial_gauge_ref0_raw,raw,weight_average,monomial_gauge_ref0_raw - weight_average,0.09203333333333334,0.03434082052052612,0.08038208333333334,0.10463333333333331,30,30,0,0,supported_positive_ci_vs_weight_average,True
mnist,mlp,4,128,input_noise,monomial_activation,observed,0.0,mnist_mlp_N4_W128_input_noise_monomial_activation,monomial_gauge_ref0_shrinkage,shrinkage,c2m3_synchronized,monomial_gauge_ref0_shrinkage - c2m3_synchronized,-0.0050666666666666785,0.004721070402686912,-0.006717083333333341,-0.0034495833333333375,30,4,1,25,unsupported_ci_crosses_zero_or_negative,False
mnist,mlp,4,128,input_noise,monomial_activation,observed,0.0,mnist_mlp_N4_W128_input_noise_monomial_activation,monomial_gauge_ref0_shrinkage,shrinkage,greedy_soup,monomial_gauge_ref0_shrinkage - greedy_soup,-0.01603333333333335,0.005992715884985788,-0.01828375000000003,-0.014032916666666681,30,0,0,30,unsupported_ci_crosses_zero_or_negative,False
mnist,mlp,4,128,input_noise,monomial_activation,observed,0.0,mnist_mlp_N4_W128_input_noise_monomial_activation,monomial_gauge_ref0_shrinkage,shrinkage,weight_average,monomial_gauge_ref0_shrinkage - weight_average,0.09863333333333332,0.03414117075072096,0.08741624999999999,0.11071791666666664,30,30,0,0,supported_positive_ci_vs_weight_average,True
mnist,mlp,4,128,input_noise,monomial_weight,observed,0.0,mnist_mlp_N4_W128_input_noise_monomial_weight,monomial_gauge_ref0_clipped,clipped,c2m3_synchronized,monomial_gauge_ref0_clipped - c2m3_synchronized,0.00038333333333331703,0.004572563103264225,-0.0012666666666666829,0.0020666666666666464,30,16,3,11,unsupported_ci_crosses_zero_or_negative,False
mnist,mlp,4,128,input_noise,monomial_weight,observed,0.0,mnist_mlp_N4_W128_input_noise_monomial_weight,monomial_gauge_ref0_clipped,clipped,greedy_soup,monomial_gauge_ref0_clipped - greedy_soup,-0.009583333333333352,0.0036009657069997806,-0.010883750000000022,-0.008316666666666694,30,0,0,30,unsupported_ci_crosses_zero_or_negative,False
mnist,mlp,4,128,input_noise,monomial_weight,observed,0.0,mnist_mlp_N4_W128_input_noise_monomial_weight,monomial_gauge_ref0_clipped,clipped,weight_average,monomial_gauge_ref0_clipped - weight_average,0.10508333333333332,0.03338750626675558,0.09437958333333334,0.11653708333333332,30,30,0,0,supported_positive_ci_vs_weight_average,True
mnist,mlp,4,128,input_noise,monomial_weight,observed,0.0,mnist_mlp_N4_W128_input_noise_monomial_weight,monomial_gauge_ref0_global_synchronized,global_synchronized,c2m3_synchronized,monomial_gauge_ref0_global_synchronized - c2m3_synchronized,0.0004333333333333189,0.004300628128407582,-0.001000000000000012,0.0019333333333333166,30,14,5,11,unsupported_ci_crosses_zero_or_negative,False
mnist,mlp,4,128,input_noise,monomial_weight,observed,0.0,mnist_mlp_N4_W128_input_noise_monomial_weight,monomial_gauge_ref0_global_synchronized,global_synchronized,greedy_soup,monomial_gauge_ref0_global_synchronized - greedy_soup,-0.009533333333333349,0.0035693458623475317,-0.01076666666666668,-0.008283333333333346,30,0,0,30,unsupported_ci_crosses_zero_or_negative,False
mnist,mlp,4,128,input_noise,monomial_weight,observed,0.0,mnist_mlp_N4_W128_input_noise_monomial_weight,monomial_gauge_ref0_global_synchronized,global_synchronized,weight_average,monomial_gauge_ref0_global_synchronized - weight_average,0.10513333333333333,0.03350680150546209,0.09317958333333332,0.11760041666666665,30,30,0,0,supported_positive_ci_vs_weight_average,True
mnist,mlp,4,128,input_noise,monomial_weight,observed,0.0,mnist_mlp_N4_W128_input_noise_monomial_weight,monomial_gauge_ref0_raw,raw,c2m3_synchronized,monomial_gauge_ref0_raw - c2m3_synchronized,0.00038333333333331703,0.004572563103264225,-0.0012333333333333493,0.0019504166666666602,30,16,3,11,unsupported_ci_crosses_zero_or_negative,False
mnist,mlp,4,128,input_noise,monomial_weight,observed,0.0,mnist_mlp_N4_W128_input_noise_monomial_weight,monomial_gauge_ref0_raw,raw,greedy_soup,monomial_gauge_ref0_raw - greedy_soup,-0.009583333333333352,0.0036009657069997806,-0.010833333333333346,-0.008300000000000023,30,0,0,30,unsupported_ci_crosses_zero_or_negative,False
mnist,mlp,4,128,input_noise,monomial_weight,observed,0.0,mnist_mlp_N4_W128_input_noise_monomial_weight,monomial_gauge_ref0_raw,raw,weight_average,monomial_gauge_ref0_raw - weight_average,0.10508333333333332,0.03338750626675558,0.09369833333333333,0.11690041666666667,30,30,0,0,supported_positive_ci_vs_weight_average,True
mnist,mlp,4,128,input_noise,monomial_weight,observed,0.0,mnist_mlp_N4_W128_input_noise_monomial_weight,monomial_gauge_ref0_shrinkage,shrinkage,c2m3_synchronized,monomial_gauge_ref0_shrinkage - c2m3_synchronized,0.00043333333333332263,0.004310639070416615,-0.0010500000000000032,0.0019004166666666475,30,14,5,11,unsupported_ci_crosses_zero_or_negative,False
mnist,mlp,4,128,input_noise,monomial_weight,observed,0.0,mnist_mlp_N4_W128_input_noise_monomial_weight,monomial_gauge_ref0_shrinkage,shrinkage,greedy_soup,monomial_gauge_ref0_shrinkage - greedy_soup,-0.009533333333333345,0.003562092888615672,-0.010766666666666673,-0.008250000000000032,30,0,0,30,unsupported_ci_crosses_zero_or_negative,False
mnist,mlp,4,128,input_noise,monomial_weight,observed,0.0,mnist_mlp_N4_W128_input_noise_monomial_weight,monomial_gauge_ref0_shrinkage,shrinkage,weight_average,monomial_gauge_ref0_shrinkage - weight_average,0.10513333333333333,0.03355076784499135,0.09324958333333334,0.11763749999999999,30,30,0,0,supported_positive_ci_vs_weight_average,True
mnist,mlp,4,128,none,monomial_activation,observed,0.0,mnist_mlp_N4_W128_none_monomial_activation,monomial_gauge_ref0_clipped,clipped,c2m3_synchronized,monomial_gauge_ref0_clipped - c2m3_synchronized,0.00561666666666667,0.004090955822326845,0.004166666666666667,0.007067083333333341,30,27,0,3,supported_positive_ci_vs_c2m3,True
mnist,mlp,4,128,none,monomial_activation,observed,0.0,mnist_mlp_N4_W128_none_monomial_activation,monomial_gauge_ref0_clipped,clipped,greedy_soup,monomial_gauge_ref0_clipped - greedy_soup,-0.005133333333333338,0.0029738322348309225,-0.006183333333333322,-0.004066666666666678,30,1,0,29,unsupported_ci_crosses_zero_or_negative,False
mnist,mlp,4,128,none,monomial_activation,observed,0.0,mnist_mlp_N4_W128_none_monomial_activation,monomial_gauge_ref0_clipped,clipped,weight_average,monomial_gauge_ref0_clipped - weight_average,0.23771666666666666,0.05747828425518232,0.21628291666666663,0.25743374999999996,30,30,0,0,supported_positive_ci_vs_weight_average,True
mnist,mlp,4,128,none,monomial_activation,observed,0.0,mnist_mlp_N4_W128_none_monomial_activation,monomial_gauge_ref0_global_synchronized,global_synchronized,c2m3_synchronized,monomial_gauge_ref0_global_synchronized - c2m3_synchronized,0.003933333333333341,0.003592936877026767,0.0027333333333333432,0.00521666666666668,30,28,0,2,supported_positive_ci_vs_c2m3,True
mnist,mlp,4,128,none,monomial_activation,observed,0.0,mnist_mlp_N4_W128_none_monomial_activation,monomial_gauge_ref0_global_synchronized,global_synchronized,greedy_soup,monomial_gauge_ref0_global_synchronized - greedy_soup,-0.006816666666666667,0.002866222232322091,-0.007816666666666658,-0.0057833333333333296,30,1,0,29,unsupported_ci_crosses_zero_or_negative,False
mnist,mlp,4,128,none,monomial_activation,observed,0.0,mnist_mlp_N4_W128_none_monomial_activation,monomial_gauge_ref0_global_synchronized,global_synchronized,weight_average,monomial_gauge_ref0_global_synchronized - weight_average,0.23603333333333334,0.05779227566411261,0.21599500000000002,0.2559699999999999,30,30,0,0,supported_positive_ci_vs_weight_average,True
mnist,mlp,4,128,none,monomial_activation,observed,0.0,mnist_mlp_N4_W128_none_monomial_activation,monomial_gauge_ref0_raw,raw,c2m3_synchronized,monomial_gauge_ref0_raw - c2m3_synchronized,0.005483333333333337,0.003994572467161191,0.00413333333333334,0.006916666666666667,30,27,0,3,supported_positive_ci_vs_c2m3,True
mnist,mlp,4,128,none,monomial_activation,observed,0.0,mnist_mlp_N4_W128_none_monomial_activation,monomial_gauge_ref0_raw,raw,greedy_soup,monomial_gauge_ref0_raw - greedy_soup,-0.005266666666666671,0.0028789765103464063,-0.006233333333333331,-0.004216666666666679,30,1,0,29,unsupported_ci_crosses_zero_or_negative,False
mnist,mlp,4,128,none,monomial_activation,observed,0.0,mnist_mlp_N4_W128_none_monomial_activation,monomial_gauge_ref0_raw,raw,weight_average,monomial_gauge_ref0_raw - weight_average,0.2375833333333333,0.05758383443732924,0.21754750000000003,0.25805541666666665,30,30,0,0,supported_positive_ci_vs_weight_average,True
mnist,mlp,4,128,none,monomial_activation,observed,0.0,mnist_mlp_N4_W128_none_monomial_activation,monomial_gauge_ref0_shrinkage,shrinkage,c2m3_synchronized,monomial_gauge_ref0_shrinkage - c2m3_synchronized,0.004033333333333337,0.0036030000271166196,0.0027333333333333393,0.005250000000000003,30,28,1,1,supported_positive_ci_vs_c2m3,True
mnist,mlp,4,128,none,monomial_activation,observed,0.0,mnist_mlp_N4_W128_none_monomial_activation,monomial_gauge_ref0_shrinkage,shrinkage,greedy_soup,monomial_gauge_ref0_shrinkage - greedy_soup,-0.006716666666666671,0.0027875441339735773,-0.007683750000000004,-0.005700000000000001,30,1,0,29,unsupported_ci_crosses_zero_or_negative,False
mnist,mlp,4,128,none,monomial_activation,observed,0.0,mnist_mlp_N4_W128_none_monomial_activation,monomial_gauge_ref0_shrinkage,shrinkage,weight_average,monomial_gauge_ref0_shrinkage - weight_average,0.23613333333333333,0.05750861005001823,0.21593291666666667,0.25575125000000004,30,30,0,0,supported_positive_ci_vs_weight_average,True
mnist,mlp,4,128,none,monomial_weight,observed,0.0,mnist_mlp_N4_W128_none_monomial_weight,monomial_gauge_ref0_clipped,clipped,c2m3_synchronized,monomial_gauge_ref0_clipped - c2m3_synchronized,0.0009000000000000045,0.005722610930516672,-0.001083333333333325,0.0029670833333333446,30,18,2,10,unsupported_ci_crosses_zero_or_negative,False
mnist,mlp,4,128,none,monomial_weight,observed,0.0,mnist_mlp_N4_W128_none_monomial_weight,monomial_gauge_ref0_clipped,clipped,greedy_soup,monomial_gauge_ref0_clipped - greedy_soup,-0.019366666666666685,0.00550381268058684,-0.021267083333333353,-0.017316666666666685,30,0,0,30,unsupported_ci_crosses_zero_or_negative,False
mnist,mlp,4,128,none,monomial_weight,observed,0.0,mnist_mlp_N4_W128_none_monomial_weight,monomial_gauge_ref0_clipped,clipped,weight_average,monomial_gauge_ref0_clipped - weight_average,0.22348333333333328,0.05843659743294632,0.20378249999999998,0.24407124999999993,30,30,0,0,supported_positive_ci_vs_weight_average,True
mnist,mlp,4,128,none,monomial_weight,observed,0.0,mnist_mlp_N4_W128_none_monomial_weight,monomial_gauge_ref0_global_synchronized,global_synchronized,c2m3_synchronized,monomial_gauge_ref0_global_synchronized - c2m3_synchronized,0.0003666666666666781,0.005613919482324534,-0.001683749999999992,0.0024166666666666672,30,15,2,13,unsupported_ci_crosses_zero_or_negative,False
mnist,mlp,4,128,none,monomial_weight,observed,0.0,mnist_mlp_N4_W128_none_monomial_weight,monomial_gauge_ref0_global_synchronized,global_synchronized,greedy_soup,monomial_gauge_ref0_global_synchronized - greedy_soup,-0.01990000000000001,0.005660510516759492,-0.021933750000000005,-0.01791666666666667,30,0,0,30,unsupported_ci_crosses_zero_or_negative,False
mnist,mlp,4,128,none,monomial_weight,observed,0.0,mnist_mlp_N4_W128_none_monomial_weight,monomial_gauge_ref0_global_synchronized,global_synchronized,weight_average,monomial_gauge_ref0_global_synchronized - weight_average,0.22294999999999995,0.05826520076932417,0.20244458333333326,0.24306958333333328,30,30,0,0,supported_positive_ci_vs_weight_average,True
mnist,mlp,4,128,none,monomial_weight,observed,0.0,mnist_mlp_N4_W128_none_monomial_weight,monomial_gauge_ref0_raw,raw,c2m3_synchronized,monomial_gauge_ref0_raw - c2m3_synchronized,0.0009000000000000045,0.005722610930516672,-0.0012166666666666548,0.0029004166666666705,30,18,2,10,unsupported_ci_crosses_zero_or_negative,False
mnist,mlp,4,128,none,monomial_weight,observed,0.0,mnist_mlp_N4_W128_none_monomial_weight,monomial_gauge_ref0_raw,raw,greedy_soup,monomial_gauge_ref0_raw - greedy_soup,-0.019366666666666685,0.00550381268058684,-0.02135,-0.017415833333333353,30,0,0,30,unsupported_ci_crosses_zero_or_negative,False
mnist,mlp,4,128,none,monomial_weight,observed,0.0,mnist_mlp_N4_W128_none_monomial_weight,monomial_gauge_ref0_raw,raw,weight_average,monomial_gauge_ref0_raw - weight_average,0.22348333333333328,0.05843659743294632,0.20473291666666663,0.24290124999999999,30,30,0,0,supported_positive_ci_vs_weight_average,True
mnist,mlp,4,128,none,monomial_weight,observed,0.0,mnist_mlp_N4_W128_none_monomial_weight,monomial_gauge_ref0_shrinkage,shrinkage,c2m3_synchronized,monomial_gauge_ref0_shrinkage - c2m3_synchronized,0.00040000000000000777,0.005593099196392789,-0.0016833333333333297,0.0022833333333333447,30,15,4,11,unsupported_ci_crosses_zero_or_negative,False
mnist,mlp,4,128,none,monomial_weight,observed,0.0,mnist_mlp_N4_W128_none_monomial_weight,monomial_gauge_ref0_shrinkage,shrinkage,greedy_soup,monomial_gauge_ref0_shrinkage - greedy_soup,-0.019866666666666682,0.0056826009910065384,-0.021867083333333356,-0.017982916666666682,30,0,0,30,unsupported_ci_crosses_zero_or_negative,False
mnist,mlp,4,128,none,monomial_weight,observed,0.0,mnist_mlp_N4_W128_none_monomial_weight,monomial_gauge_ref0_shrinkage,shrinkage,weight_average,monomial_gauge_ref0_shrinkage - weight_average,0.22298333333333328,0.058295247829820825,0.2027158333333333,0.24263624999999997,30,30,0,0,supported_positive_ci_vs_weight_average,True
