setting_id,run_id,dataset,architecture,n_models,width,domain_shift,matching,seed,model_index,local_seed,val_loss,val_accuracy,test_loss,test_accuracy,checkpoint_saved,checkpoint_path,checkpoint_metadata_json,preregistration_role,setting_description
fashion_mnist_mlp2_N3_W128_none_activation,fashion_mnist_mlp2_N3_W128_none_activation_seed4000,fashion_mnist,mlp2,3,128,none,activation,4000,0,9039,0.4272342720031738,0.8575,0.4781985563755035,0.834,False,,"{""architecture"":""mlp2"",""augmentation"":""none"",""checkpoint_saved"":false,""dataset"":""fashion_mnist"",""dataset_seed"":314159,""domain_shift"":""none"",""epochs"":10,""experiment_seed"":4000,""gamma"":0.5,""local_seed"":9039,""matching"":""activation"",""max_test_samples"":5000,""max_train_samples"":10000,""model_index"":0,""n_models"":3,""optimizer"":""adamw"",""scheduler"":""cosine"",""step_size"":3,""train_split_seed"":314176,""weight_decay"":0.0001,""width"":128}",primary_replication,"Prompt 11 supported row: Fashion-MNIST, mlp2, N=3, W=128, no shift, activation matching."
fashion_mnist_mlp2_N3_W128_none_activation,fashion_mnist_mlp2_N3_W128_none_activation_seed4000,fashion_mnist,mlp2,3,128,none,activation,4000,1,10048,0.4225209865570068,0.8565,0.4803148529052734,0.8316,False,,"{""architecture"":""mlp2"",""augmentation"":""none"",""checkpoint_saved"":false,""dataset"":""fashion_mnist"",""dataset_seed"":314159,""domain_shift"":""none"",""epochs"":10,""experiment_seed"":4000,""gamma"":0.5,""local_seed"":10048,""matching"":""activation"",""max_test_samples"":5000,""max_train_samples"":10000,""model_index"":1,""n_models"":3,""optimizer"":""adamw"",""scheduler"":""cosine"",""step_size"":3,""train_split_seed"":314176,""weight_decay"":0.0001,""width"":128}",primary_replication,"Prompt 11 supported row: Fashion-MNIST, mlp2, N=3, W=128, no shift, activation matching."
fashion_mnist_mlp2_N3_W128_none_activation,fashion_mnist_mlp2_N3_W128_none_activation_seed4000,fashion_mnist,mlp2,3,128,none,activation,4000,2,11057,0.4248944854736328,0.8565,0.4834032930850983,0.8306,False,,"{""architecture"":""mlp2"",""augmentation"":""none"",""checkpoint_saved"":false,""dataset"":""fashion_mnist"",""dataset_seed"":314159,""domain_shift"":""none"",""epochs"":10,""experiment_seed"":4000,""gamma"":0.5,""local_seed"":11057,""matching"":""activation"",""max_test_samples"":5000,""max_train_samples"":10000,""model_index"":2,""n_models"":3,""optimizer"":""adamw"",""scheduler"":""cosine"",""step_size"":3,""train_split_seed"":314176,""weight_decay"":0.0001,""width"":128}",primary_replication,"Prompt 11 supported row: Fashion-MNIST, mlp2, N=3, W=128, no shift, activation matching."
fashion_mnist_mlp2_N3_W128_none_weight,fashion_mnist_mlp2_N3_W128_none_weight_seed4000,fashion_mnist,mlp2,3,128,none,weight,4000,0,9039,0.4272342720031738,0.8575,0.4781985563755035,0.834,False,,"{""architecture"":""mlp2"",""augmentation"":""none"",""checkpoint_saved"":false,""dataset"":""fashion_mnist"",""dataset_seed"":314159,""domain_shift"":""none"",""epochs"":10,""experiment_seed"":4000,""gamma"":0.5,""local_seed"":9039,""matching"":""weight"",""max_test_samples"":5000,""max_train_samples"":10000,""model_index"":0,""n_models"":3,""optimizer"":""adamw"",""scheduler"":""cosine"",""step_size"":3,""train_split_seed"":314176,""weight_decay"":0.0001,""width"":128}",neighbor_control,Same primary setting with weight matching.
fashion_mnist_mlp2_N3_W128_none_weight,fashion_mnist_mlp2_N3_W128_none_weight_seed4000,fashion_mnist,mlp2,3,128,none,weight,4000,1,10048,0.4225209865570068,0.8565,0.4803148529052734,0.8316,False,,"{""architecture"":""mlp2"",""augmentation"":""none"",""checkpoint_saved"":false,""dataset"":""fashion_mnist"",""dataset_seed"":314159,""domain_shift"":""none"",""epochs"":10,""experiment_seed"":4000,""gamma"":0.5,""local_seed"":10048,""matching"":""weight"",""max_test_samples"":5000,""max_train_samples"":10000,""model_index"":1,""n_models"":3,""optimizer"":""adamw"",""scheduler"":""cosine"",""step_size"":3,""train_split_seed"":314176,""weight_decay"":0.0001,""width"":128}",neighbor_control,Same primary setting with weight matching.
fashion_mnist_mlp2_N3_W128_none_weight,fashion_mnist_mlp2_N3_W128_none_weight_seed4000,fashion_mnist,mlp2,3,128,none,weight,4000,2,11057,0.4248944854736328,0.8565,0.4834032930850983,0.8306,False,,"{""architecture"":""mlp2"",""augmentation"":""none"",""checkpoint_saved"":false,""dataset"":""fashion_mnist"",""dataset_seed"":314159,""domain_shift"":""none"",""epochs"":10,""experiment_seed"":4000,""gamma"":0.5,""local_seed"":11057,""matching"":""weight"",""max_test_samples"":5000,""max_train_samples"":10000,""model_index"":2,""n_models"":3,""optimizer"":""adamw"",""scheduler"":""cosine"",""step_size"":3,""train_split_seed"":314176,""weight_decay"":0.0001,""width"":128}",neighbor_control,Same primary setting with weight matching.
fashion_mnist_mlp2_N3_W128_none_activation,fashion_mnist_mlp2_N3_W128_none_activation_seed4001,fashion_mnist,mlp2,3,128,none,activation,4001,0,9040,0.4244858455657959,0.8575,0.48127508549690245,0.8358,False,,"{""architecture"":""mlp2"",""augmentation"":""none"",""checkpoint_saved"":false,""dataset"":""fashion_mnist"",""dataset_seed"":314159,""domain_shift"":""none"",""epochs"":10,""experiment_seed"":4001,""gamma"":0.5,""local_seed"":9040,""matching"":""activation"",""max_test_samples"":5000,""max_train_samples"":10000,""model_index"":0,""n_models"":3,""optimizer"":""adamw"",""scheduler"":""cosine"",""step_size"":3,""train_split_seed"":314176,""weight_decay"":0.0001,""width"":128}",primary_replication,"Prompt 11 supported row: Fashion-MNIST, mlp2, N=3, W=128, no shift, activation matching."
fashion_mnist_mlp2_N3_W128_none_activation,fashion_mnist_mlp2_N3_W128_none_activation_seed4001,fashion_mnist,mlp2,3,128,none,activation,4001,1,10049,0.426622200012207,0.861,0.48160025777816773,0.8306,False,,"{""architecture"":""mlp2"",""augmentation"":""none"",""checkpoint_saved"":false,""dataset"":""fashion_mnist"",""dataset_seed"":314159,""domain_shift"":""none"",""epochs"":10,""experiment_seed"":4001,""gamma"":0.5,""local_seed"":10049,""matching"":""activation"",""max_test_samples"":5000,""max_train_samples"":10000,""model_index"":1,""n_models"":3,""optimizer"":""adamw"",""scheduler"":""cosine"",""step_size"":3,""train_split_seed"":314176,""weight_decay"":0.0001,""width"":128}",primary_replication,"Prompt 11 supported row: Fashion-MNIST, mlp2, N=3, W=128, no shift, activation matching."
fashion_mnist_mlp2_N3_W128_none_activation,fashion_mnist_mlp2_N3_W128_none_activation_seed4001,fashion_mnist,mlp2,3,128,none,activation,4001,2,11058,0.4240251808166504,0.8595,0.47909231634140015,0.8342,False,,"{""architecture"":""mlp2"",""augmentation"":""none"",""checkpoint_saved"":false,""dataset"":""fashion_mnist"",""dataset_seed"":314159,""domain_shift"":""none"",""epochs"":10,""experiment_seed"":4001,""gamma"":0.5,""local_seed"":11058,""matching"":""activation"",""max_test_samples"":5000,""max_train_samples"":10000,""model_index"":2,""n_models"":3,""optimizer"":""adamw"",""scheduler"":""cosine"",""step_size"":3,""train_split_seed"":314176,""weight_decay"":0.0001,""width"":128}",primary_replication,"Prompt 11 supported row: Fashion-MNIST, mlp2, N=3, W=128, no shift, activation matching."
fashion_mnist_mlp2_N3_W128_none_weight,fashion_mnist_mlp2_N3_W128_none_weight_seed4001,fashion_mnist,mlp2,3,128,none,weight,4001,0,9040,0.4244858455657959,0.8575,0.48127508549690245,0.8358,False,,"{""architecture"":""mlp2"",""augmentation"":""none"",""checkpoint_saved"":false,""dataset"":""fashion_mnist"",""dataset_seed"":314159,""domain_shift"":""none"",""epochs"":10,""experiment_seed"":4001,""gamma"":0.5,""local_seed"":9040,""matching"":""weight"",""max_test_samples"":5000,""max_train_samples"":10000,""model_index"":0,""n_models"":3,""optimizer"":""adamw"",""scheduler"":""cosine"",""step_size"":3,""train_split_seed"":314176,""weight_decay"":0.0001,""width"":128}",neighbor_control,Same primary setting with weight matching.
fashion_mnist_mlp2_N3_W128_none_weight,fashion_mnist_mlp2_N3_W128_none_weight_seed4001,fashion_mnist,mlp2,3,128,none,weight,4001,1,10049,0.426622200012207,0.861,0.48160025777816773,0.8306,False,,"{""architecture"":""mlp2"",""augmentation"":""none"",""checkpoint_saved"":false,""dataset"":""fashion_mnist"",""dataset_seed"":314159,""domain_shift"":""none"",""epochs"":10,""experiment_seed"":4001,""gamma"":0.5,""local_seed"":10049,""matching"":""weight"",""max_test_samples"":5000,""max_train_samples"":10000,""model_index"":1,""n_models"":3,""optimizer"":""adamw"",""scheduler"":""cosine"",""step_size"":3,""train_split_seed"":314176,""weight_decay"":0.0001,""width"":128}",neighbor_control,Same primary setting with weight matching.
fashion_mnist_mlp2_N3_W128_none_weight,fashion_mnist_mlp2_N3_W128_none_weight_seed4001,fashion_mnist,mlp2,3,128,none,weight,4001,2,11058,0.4240251808166504,0.8595,0.47909231634140015,0.8342,False,,"{""architecture"":""mlp2"",""augmentation"":""none"",""checkpoint_saved"":false,""dataset"":""fashion_mnist"",""dataset_seed"":314159,""domain_shift"":""none"",""epochs"":10,""experiment_seed"":4001,""gamma"":0.5,""local_seed"":11058,""matching"":""weight"",""max_test_samples"":5000,""max_train_samples"":10000,""model_index"":2,""n_models"":3,""optimizer"":""adamw"",""scheduler"":""cosine"",""step_size"":3,""train_split_seed"":314176,""weight_decay"":0.0001,""width"":128}",neighbor_control,Same primary setting with weight matching.
fashion_mnist_mlp2_N3_W128_none_activation,fashion_mnist_mlp2_N3_W128_none_activation_seed4002,fashion_mnist,mlp2,3,128,none,activation,4002,0,9041,0.4197515048980713,0.858,0.479816513967514,0.8312,False,,"{""architecture"":""mlp2"",""augmentation"":""none"",""checkpoint_saved"":false,""dataset"":""fashion_mnist"",""dataset_seed"":314159,""domain_shift"":""none"",""epochs"":10,""experiment_seed"":4002,""gamma"":0.5,""local_seed"":9041,""matching"":""activation"",""max_test_samples"":5000,""max_train_samples"":10000,""model_index"":0,""n_models"":3,""optimizer"":""adamw"",""scheduler"":""cosine"",""step_size"":3,""train_split_seed"":314176,""weight_decay"":0.0001,""width"":128}",primary_replication,"Prompt 11 supported row: Fashion-MNIST, mlp2, N=3, W=128, no shift, activation matching."
fashion_mnist_mlp2_N3_W128_none_activation,fashion_mnist_mlp2_N3_W128_none_activation_seed4002,fashion_mnist,mlp2,3,128,none,activation,4002,1,10050,0.42160791206359866,0.858,0.4792817277908325,0.8326,False,,"{""architecture"":""mlp2"",""augmentation"":""none"",""checkpoint_saved"":false,""dataset"":""fashion_mnist"",""dataset_seed"":314159,""domain_shift"":""none"",""epochs"":10,""experiment_seed"":4002,""gamma"":0.5,""local_seed"":10050,""matching"":""activation"",""max_test_samples"":5000,""max_train_samples"":10000,""model_index"":1,""n_models"":3,""optimizer"":""adamw"",""scheduler"":""cosine"",""step_size"":3,""train_split_seed"":314176,""weight_decay"":0.0001,""width"":128}",primary_replication,"Prompt 11 supported row: Fashion-MNIST, mlp2, N=3, W=128, no shift, activation matching."
fashion_mnist_mlp2_N3_W128_none_activation,fashion_mnist_mlp2_N3_W128_none_activation_seed4002,fashion_mnist,mlp2,3,128,none,activation,4002,2,11059,0.42012036514282225,0.863,0.4812016858100891,0.8348,False,,"{""architecture"":""mlp2"",""augmentation"":""none"",""checkpoint_saved"":false,""dataset"":""fashion_mnist"",""dataset_seed"":314159,""domain_shift"":""none"",""epochs"":10,""experiment_seed"":4002,""gamma"":0.5,""local_seed"":11059,""matching"":""activation"",""max_test_samples"":5000,""max_train_samples"":10000,""model_index"":2,""n_models"":3,""optimizer"":""adamw"",""scheduler"":""cosine"",""step_size"":3,""train_split_seed"":314176,""weight_decay"":0.0001,""width"":128}",primary_replication,"Prompt 11 supported row: Fashion-MNIST, mlp2, N=3, W=128, no shift, activation matching."
fashion_mnist_mlp2_N3_W128_none_weight,fashion_mnist_mlp2_N3_W128_none_weight_seed4002,fashion_mnist,mlp2,3,128,none,weight,4002,0,9041,0.4197515048980713,0.858,0.479816513967514,0.8312,False,,"{""architecture"":""mlp2"",""augmentation"":""none"",""checkpoint_saved"":false,""dataset"":""fashion_mnist"",""dataset_seed"":314159,""domain_shift"":""none"",""epochs"":10,""experiment_seed"":4002,""gamma"":0.5,""local_seed"":9041,""matching"":""weight"",""max_test_samples"":5000,""max_train_samples"":10000,""model_index"":0,""n_models"":3,""optimizer"":""adamw"",""scheduler"":""cosine"",""step_size"":3,""train_split_seed"":314176,""weight_decay"":0.0001,""width"":128}",neighbor_control,Same primary setting with weight matching.
fashion_mnist_mlp2_N3_W128_none_weight,fashion_mnist_mlp2_N3_W128_none_weight_seed4002,fashion_mnist,mlp2,3,128,none,weight,4002,1,10050,0.42160791206359866,0.858,0.4792817277908325,0.8326,False,,"{""architecture"":""mlp2"",""augmentation"":""none"",""checkpoint_saved"":false,""dataset"":""fashion_mnist"",""dataset_seed"":314159,""domain_shift"":""none"",""epochs"":10,""experiment_seed"":4002,""gamma"":0.5,""local_seed"":10050,""matching"":""weight"",""max_test_samples"":5000,""max_train_samples"":10000,""model_index"":1,""n_models"":3,""optimizer"":""adamw"",""scheduler"":""cosine"",""step_size"":3,""train_split_seed"":314176,""weight_decay"":0.0001,""width"":128}",neighbor_control,Same primary setting with weight matching.
fashion_mnist_mlp2_N3_W128_none_weight,fashion_mnist_mlp2_N3_W128_none_weight_seed4002,fashion_mnist,mlp2,3,128,none,weight,4002,2,11059,0.42012036514282225,0.863,0.4812016858100891,0.8348,False,,"{""architecture"":""mlp2"",""augmentation"":""none"",""checkpoint_saved"":false,""dataset"":""fashion_mnist"",""dataset_seed"":314159,""domain_shift"":""none"",""epochs"":10,""experiment_seed"":4002,""gamma"":0.5,""local_seed"":11059,""matching"":""weight"",""max_test_samples"":5000,""max_train_samples"":10000,""model_index"":2,""n_models"":3,""optimizer"":""adamw"",""scheduler"":""cosine"",""step_size"":3,""train_split_seed"":314176,""weight_decay"":0.0001,""width"":128}",neighbor_control,Same primary setting with weight matching.
fashion_mnist_mlp2_N3_W128_none_activation,fashion_mnist_mlp2_N3_W128_none_activation_seed4003,fashion_mnist,mlp2,3,128,none,activation,4003,0,9042,0.4200776557922363,0.861,0.47584352674484254,0.8312,False,,"{""architecture"":""mlp2"",""augmentation"":""none"",""checkpoint_saved"":false,""dataset"":""fashion_mnist"",""dataset_seed"":314159,""domain_shift"":""none"",""epochs"":10,""experiment_seed"":4003,""gamma"":0.5,""local_seed"":9042,""matching"":""activation"",""max_test_samples"":5000,""max_train_samples"":10000,""model_index"":0,""n_models"":3,""optimizer"":""adamw"",""scheduler"":""cosine"",""step_size"":3,""train_split_seed"":314176,""weight_decay"":0.0001,""width"":128}",primary_replication,"Prompt 11 supported row: Fashion-MNIST, mlp2, N=3, W=128, no shift, activation matching."
fashion_mnist_mlp2_N3_W128_none_activation,fashion_mnist_mlp2_N3_W128_none_activation_seed4003,fashion_mnist,mlp2,3,128,none,activation,4003,1,10051,0.41875892066955567,0.8595,0.47622055153846743,0.8346,False,,"{""architecture"":""mlp2"",""augmentation"":""none"",""checkpoint_saved"":false,""dataset"":""fashion_mnist"",""dataset_seed"":314159,""domain_shift"":""none"",""epochs"":10,""experiment_seed"":4003,""gamma"":0.5,""local_seed"":10051,""matching"":""activation"",""max_test_samples"":5000,""max_train_samples"":10000,""model_index"":1,""n_models"":3,""optimizer"":""adamw"",""scheduler"":""cosine"",""step_size"":3,""train_split_seed"":314176,""weight_decay"":0.0001,""width"":128}",primary_replication,"Prompt 11 supported row: Fashion-MNIST, mlp2, N=3, W=128, no shift, activation matching."
fashion_mnist_mlp2_N3_W128_none_activation,fashion_mnist_mlp2_N3_W128_none_activation_seed4003,fashion_mnist,mlp2,3,128,none,activation,4003,2,11060,0.423547248840332,0.8545,0.47665683493614197,0.8354,False,,"{""architecture"":""mlp2"",""augmentation"":""none"",""checkpoint_saved"":false,""dataset"":""fashion_mnist"",""dataset_seed"":314159,""domain_shift"":""none"",""epochs"":10,""experiment_seed"":4003,""gamma"":0.5,""local_seed"":11060,""matching"":""activation"",""max_test_samples"":5000,""max_train_samples"":10000,""model_index"":2,""n_models"":3,""optimizer"":""adamw"",""scheduler"":""cosine"",""step_size"":3,""train_split_seed"":314176,""weight_decay"":0.0001,""width"":128}",primary_replication,"Prompt 11 supported row: Fashion-MNIST, mlp2, N=3, W=128, no shift, activation matching."
fashion_mnist_mlp2_N3_W128_none_weight,fashion_mnist_mlp2_N3_W128_none_weight_seed4003,fashion_mnist,mlp2,3,128,none,weight,4003,0,9042,0.4200776557922363,0.861,0.47584352674484254,0.8312,False,,"{""architecture"":""mlp2"",""augmentation"":""none"",""checkpoint_saved"":false,""dataset"":""fashion_mnist"",""dataset_seed"":314159,""domain_shift"":""none"",""epochs"":10,""experiment_seed"":4003,""gamma"":0.5,""local_seed"":9042,""matching"":""weight"",""max_test_samples"":5000,""max_train_samples"":10000,""model_index"":0,""n_models"":3,""optimizer"":""adamw"",""scheduler"":""cosine"",""step_size"":3,""train_split_seed"":314176,""weight_decay"":0.0001,""width"":128}",neighbor_control,Same primary setting with weight matching.
fashion_mnist_mlp2_N3_W128_none_weight,fashion_mnist_mlp2_N3_W128_none_weight_seed4003,fashion_mnist,mlp2,3,128,none,weight,4003,1,10051,0.41875892066955567,0.8595,0.47622055153846743,0.8346,False,,"{""architecture"":""mlp2"",""augmentation"":""none"",""checkpoint_saved"":false,""dataset"":""fashion_mnist"",""dataset_seed"":314159,""domain_shift"":""none"",""epochs"":10,""experiment_seed"":4003,""gamma"":0.5,""local_seed"":10051,""matching"":""weight"",""max_test_samples"":5000,""max_train_samples"":10000,""model_index"":1,""n_models"":3,""optimizer"":""adamw"",""scheduler"":""cosine"",""step_size"":3,""train_split_seed"":314176,""weight_decay"":0.0001,""width"":128}",neighbor_control,Same primary setting with weight matching.
fashion_mnist_mlp2_N3_W128_none_weight,fashion_mnist_mlp2_N3_W128_none_weight_seed4003,fashion_mnist,mlp2,3,128,none,weight,4003,2,11060,0.423547248840332,0.8545,0.47665683493614197,0.8354,False,,"{""architecture"":""mlp2"",""augmentation"":""none"",""checkpoint_saved"":false,""dataset"":""fashion_mnist"",""dataset_seed"":314159,""domain_shift"":""none"",""epochs"":10,""experiment_seed"":4003,""gamma"":0.5,""local_seed"":11060,""matching"":""weight"",""max_test_samples"":5000,""max_train_samples"":10000,""model_index"":2,""n_models"":3,""optimizer"":""adamw"",""scheduler"":""cosine"",""step_size"":3,""train_split_seed"":314176,""weight_decay"":0.0001,""width"":128}",neighbor_control,Same primary setting with weight matching.
fashion_mnist_mlp2_N3_W128_none_activation,fashion_mnist_mlp2_N3_W128_none_activation_seed4004,fashion_mnist,mlp2,3,128,none,activation,4004,0,9043,0.42698906135559084,0.859,0.4807755736351013,0.8298,False,,"{""architecture"":""mlp2"",""augmentation"":""none"",""checkpoint_saved"":false,""dataset"":""fashion_mnist"",""dataset_seed"":314159,""domain_shift"":""none"",""epochs"":10,""experiment_seed"":4004,""gamma"":0.5,""local_seed"":9043,""matching"":""activation"",""max_test_samples"":5000,""max_train_samples"":10000,""model_index"":0,""n_models"":3,""optimizer"":""adamw"",""scheduler"":""cosine"",""step_size"":3,""train_split_seed"":314176,""weight_decay"":0.0001,""width"":128}",primary_replication,"Prompt 11 supported row: Fashion-MNIST, mlp2, N=3, W=128, no shift, activation matching."
fashion_mnist_mlp2_N3_W128_none_activation,fashion_mnist_mlp2_N3_W128_none_activation_seed4004,fashion_mnist,mlp2,3,128,none,activation,4004,1,10052,0.42353913497924806,0.859,0.4771120843887329,0.833,False,,"{""architecture"":""mlp2"",""augmentation"":""none"",""checkpoint_saved"":false,""dataset"":""fashion_mnist"",""dataset_seed"":314159,""domain_shift"":""none"",""epochs"":10,""experiment_seed"":4004,""gamma"":0.5,""local_seed"":10052,""matching"":""activation"",""max_test_samples"":5000,""max_train_samples"":10000,""model_index"":1,""n_models"":3,""optimizer"":""adamw"",""scheduler"":""cosine"",""step_size"":3,""train_split_seed"":314176,""weight_decay"":0.0001,""width"":128}",primary_replication,"Prompt 11 supported row: Fashion-MNIST, mlp2, N=3, W=128, no shift, activation matching."
fashion_mnist_mlp2_N3_W128_none_activation,fashion_mnist_mlp2_N3_W128_none_activation_seed4004,fashion_mnist,mlp2,3,128,none,activation,4004,2,11061,0.4224019603729248,0.8585,0.47964131669998167,0.833,False,,"{""architecture"":""mlp2"",""augmentation"":""none"",""checkpoint_saved"":false,""dataset"":""fashion_mnist"",""dataset_seed"":314159,""domain_shift"":""none"",""epochs"":10,""experiment_seed"":4004,""gamma"":0.5,""local_seed"":11061,""matching"":""activation"",""max_test_samples"":5000,""max_train_samples"":10000,""model_index"":2,""n_models"":3,""optimizer"":""adamw"",""scheduler"":""cosine"",""step_size"":3,""train_split_seed"":314176,""weight_decay"":0.0001,""width"":128}",primary_replication,"Prompt 11 supported row: Fashion-MNIST, mlp2, N=3, W=128, no shift, activation matching."
fashion_mnist_mlp2_N3_W128_none_weight,fashion_mnist_mlp2_N3_W128_none_weight_seed4004,fashion_mnist,mlp2,3,128,none,weight,4004,0,9043,0.42698906135559084,0.859,0.4807755736351013,0.8298,False,,"{""architecture"":""mlp2"",""augmentation"":""none"",""checkpoint_saved"":false,""dataset"":""fashion_mnist"",""dataset_seed"":314159,""domain_shift"":""none"",""epochs"":10,""experiment_seed"":4004,""gamma"":0.5,""local_seed"":9043,""matching"":""weight"",""max_test_samples"":5000,""max_train_samples"":10000,""model_index"":0,""n_models"":3,""optimizer"":""adamw"",""scheduler"":""cosine"",""step_size"":3,""train_split_seed"":314176,""weight_decay"":0.0001,""width"":128}",neighbor_control,Same primary setting with weight matching.
fashion_mnist_mlp2_N3_W128_none_weight,fashion_mnist_mlp2_N3_W128_none_weight_seed4004,fashion_mnist,mlp2,3,128,none,weight,4004,1,10052,0.42353913497924806,0.859,0.4771120843887329,0.833,False,,"{""architecture"":""mlp2"",""augmentation"":""none"",""checkpoint_saved"":false,""dataset"":""fashion_mnist"",""dataset_seed"":314159,""domain_shift"":""none"",""epochs"":10,""experiment_seed"":4004,""gamma"":0.5,""local_seed"":10052,""matching"":""weight"",""max_test_samples"":5000,""max_train_samples"":10000,""model_index"":1,""n_models"":3,""optimizer"":""adamw"",""scheduler"":""cosine"",""step_size"":3,""train_split_seed"":314176,""weight_decay"":0.0001,""width"":128}",neighbor_control,Same primary setting with weight matching.
fashion_mnist_mlp2_N3_W128_none_weight,fashion_mnist_mlp2_N3_W128_none_weight_seed4004,fashion_mnist,mlp2,3,128,none,weight,4004,2,11061,0.4224019603729248,0.8585,0.47964131669998167,0.833,False,,"{""architecture"":""mlp2"",""augmentation"":""none"",""checkpoint_saved"":false,""dataset"":""fashion_mnist"",""dataset_seed"":314159,""domain_shift"":""none"",""epochs"":10,""experiment_seed"":4004,""gamma"":0.5,""local_seed"":11061,""matching"":""weight"",""max_test_samples"":5000,""max_train_samples"":10000,""model_index"":2,""n_models"":3,""optimizer"":""adamw"",""scheduler"":""cosine"",""step_size"":3,""train_split_seed"":314176,""weight_decay"":0.0001,""width"":128}",neighbor_control,Same primary setting with weight matching.
fashion_mnist_mlp2_N3_W128_none_activation,fashion_mnist_mlp2_N3_W128_none_activation_seed4005,fashion_mnist,mlp2,3,128,none,activation,4005,0,9044,0.42285518646240233,0.861,0.48078350214958193,0.8326,False,,"{""architecture"":""mlp2"",""augmentation"":""none"",""checkpoint_saved"":false,""dataset"":""fashion_mnist"",""dataset_seed"":314159,""domain_shift"":""none"",""epochs"":10,""experiment_seed"":4005,""gamma"":0.5,""local_seed"":9044,""matching"":""activation"",""max_test_samples"":5000,""max_train_samples"":10000,""model_index"":0,""n_models"":3,""optimizer"":""adamw"",""scheduler"":""cosine"",""step_size"":3,""train_split_seed"":314176,""weight_decay"":0.0001,""width"":128}",primary_replication,"Prompt 11 supported row: Fashion-MNIST, mlp2, N=3, W=128, no shift, activation matching."
fashion_mnist_mlp2_N3_W128_none_activation,fashion_mnist_mlp2_N3_W128_none_activation_seed4005,fashion_mnist,mlp2,3,128,none,activation,4005,1,10053,0.4242428798675537,0.8575,0.4829243946552277,0.8312,False,,"{""architecture"":""mlp2"",""augmentation"":""none"",""checkpoint_saved"":false,""dataset"":""fashion_mnist"",""dataset_seed"":314159,""domain_shift"":""none"",""epochs"":10,""experiment_seed"":4005,""gamma"":0.5,""local_seed"":10053,""matching"":""activation"",""max_test_samples"":5000,""max_train_samples"":10000,""model_index"":1,""n_models"":3,""optimizer"":""adamw"",""scheduler"":""cosine"",""step_size"":3,""train_split_seed"":314176,""weight_decay"":0.0001,""width"":128}",primary_replication,"Prompt 11 supported row: Fashion-MNIST, mlp2, N=3, W=128, no shift, activation matching."
fashion_mnist_mlp2_N3_W128_none_activation,fashion_mnist_mlp2_N3_W128_none_activation_seed4005,fashion_mnist,mlp2,3,128,none,activation,4005,2,11062,0.4229221687316895,0.8585,0.4796356250762939,0.834,False,,"{""architecture"":""mlp2"",""augmentation"":""none"",""checkpoint_saved"":false,""dataset"":""fashion_mnist"",""dataset_seed"":314159,""domain_shift"":""none"",""epochs"":10,""experiment_seed"":4005,""gamma"":0.5,""local_seed"":11062,""matching"":""activation"",""max_test_samples"":5000,""max_train_samples"":10000,""model_index"":2,""n_models"":3,""optimizer"":""adamw"",""scheduler"":""cosine"",""step_size"":3,""train_split_seed"":314176,""weight_decay"":0.0001,""width"":128}",primary_replication,"Prompt 11 supported row: Fashion-MNIST, mlp2, N=3, W=128, no shift, activation matching."
fashion_mnist_mlp2_N3_W128_none_weight,fashion_mnist_mlp2_N3_W128_none_weight_seed4005,fashion_mnist,mlp2,3,128,none,weight,4005,0,9044,0.42285518646240233,0.861,0.48078350214958193,0.8326,False,,"{""architecture"":""mlp2"",""augmentation"":""none"",""checkpoint_saved"":false,""dataset"":""fashion_mnist"",""dataset_seed"":314159,""domain_shift"":""none"",""epochs"":10,""experiment_seed"":4005,""gamma"":0.5,""local_seed"":9044,""matching"":""weight"",""max_test_samples"":5000,""max_train_samples"":10000,""model_index"":0,""n_models"":3,""optimizer"":""adamw"",""scheduler"":""cosine"",""step_size"":3,""train_split_seed"":314176,""weight_decay"":0.0001,""width"":128}",neighbor_control,Same primary setting with weight matching.
fashion_mnist_mlp2_N3_W128_none_weight,fashion_mnist_mlp2_N3_W128_none_weight_seed4005,fashion_mnist,mlp2,3,128,none,weight,4005,1,10053,0.4242428798675537,0.8575,0.4829243946552277,0.8312,False,,"{""architecture"":""mlp2"",""augmentation"":""none"",""checkpoint_saved"":false,""dataset"":""fashion_mnist"",""dataset_seed"":314159,""domain_shift"":""none"",""epochs"":10,""experiment_seed"":4005,""gamma"":0.5,""local_seed"":10053,""matching"":""weight"",""max_test_samples"":5000,""max_train_samples"":10000,""model_index"":1,""n_models"":3,""optimizer"":""adamw"",""scheduler"":""cosine"",""step_size"":3,""train_split_seed"":314176,""weight_decay"":0.0001,""width"":128}",neighbor_control,Same primary setting with weight matching.
fashion_mnist_mlp2_N3_W128_none_weight,fashion_mnist_mlp2_N3_W128_none_weight_seed4005,fashion_mnist,mlp2,3,128,none,weight,4005,2,11062,0.4229221687316895,0.8585,0.4796356250762939,0.834,False,,"{""architecture"":""mlp2"",""augmentation"":""none"",""checkpoint_saved"":false,""dataset"":""fashion_mnist"",""dataset_seed"":314159,""domain_shift"":""none"",""epochs"":10,""experiment_seed"":4005,""gamma"":0.5,""local_seed"":11062,""matching"":""weight"",""max_test_samples"":5000,""max_train_samples"":10000,""model_index"":2,""n_models"":3,""optimizer"":""adamw"",""scheduler"":""cosine"",""step_size"":3,""train_split_seed"":314176,""weight_decay"":0.0001,""width"":128}",neighbor_control,Same primary setting with weight matching.
fashion_mnist_mlp2_N3_W128_none_activation,fashion_mnist_mlp2_N3_W128_none_activation_seed4006,fashion_mnist,mlp2,3,128,none,activation,4006,0,9045,0.41889435005187986,0.859,0.4766417547702789,0.8326,False,,"{""architecture"":""mlp2"",""augmentation"":""none"",""checkpoint_saved"":false,""dataset"":""fashion_mnist"",""dataset_seed"":314159,""domain_shift"":""none"",""epochs"":10,""experiment_seed"":4006,""gamma"":0.5,""local_seed"":9045,""matching"":""activation"",""max_test_samples"":5000,""max_train_samples"":10000,""model_index"":0,""n_models"":3,""optimizer"":""adamw"",""scheduler"":""cosine"",""step_size"":3,""train_split_seed"":314176,""weight_decay"":0.0001,""width"":128}",primary_replication,"Prompt 11 supported row: Fashion-MNIST, mlp2, N=3, W=128, no shift, activation matching."
fashion_mnist_mlp2_N3_W128_none_activation,fashion_mnist_mlp2_N3_W128_none_activation_seed4006,fashion_mnist,mlp2,3,128,none,activation,4006,1,10054,0.4240831718444824,0.8575,0.4787329860687256,0.8328,False,,"{""architecture"":""mlp2"",""augmentation"":""none"",""checkpoint_saved"":false,""dataset"":""fashion_mnist"",""dataset_seed"":314159,""domain_shift"":""none"",""epochs"":10,""experiment_seed"":4006,""gamma"":0.5,""local_seed"":10054,""matching"":""activation"",""max_test_samples"":5000,""max_train_samples"":10000,""model_index"":1,""n_models"":3,""optimizer"":""adamw"",""scheduler"":""cosine"",""step_size"":3,""train_split_seed"":314176,""weight_decay"":0.0001,""width"":128}",primary_replication,"Prompt 11 supported row: Fashion-MNIST, mlp2, N=3, W=128, no shift, activation matching."
fashion_mnist_mlp2_N3_W128_none_activation,fashion_mnist_mlp2_N3_W128_none_activation_seed4006,fashion_mnist,mlp2,3,128,none,activation,4006,2,11063,0.43300199127197264,0.857,0.4847009106636047,0.8326,False,,"{""architecture"":""mlp2"",""augmentation"":""none"",""checkpoint_saved"":false,""dataset"":""fashion_mnist"",""dataset_seed"":314159,""domain_shift"":""none"",""epochs"":10,""experiment_seed"":4006,""gamma"":0.5,""local_seed"":11063,""matching"":""activation"",""max_test_samples"":5000,""max_train_samples"":10000,""model_index"":2,""n_models"":3,""optimizer"":""adamw"",""scheduler"":""cosine"",""step_size"":3,""train_split_seed"":314176,""weight_decay"":0.0001,""width"":128}",primary_replication,"Prompt 11 supported row: Fashion-MNIST, mlp2, N=3, W=128, no shift, activation matching."
fashion_mnist_mlp2_N3_W128_none_weight,fashion_mnist_mlp2_N3_W128_none_weight_seed4006,fashion_mnist,mlp2,3,128,none,weight,4006,0,9045,0.41889435005187986,0.859,0.4766417547702789,0.8326,False,,"{""architecture"":""mlp2"",""augmentation"":""none"",""checkpoint_saved"":false,""dataset"":""fashion_mnist"",""dataset_seed"":314159,""domain_shift"":""none"",""epochs"":10,""experiment_seed"":4006,""gamma"":0.5,""local_seed"":9045,""matching"":""weight"",""max_test_samples"":5000,""max_train_samples"":10000,""model_index"":0,""n_models"":3,""optimizer"":""adamw"",""scheduler"":""cosine"",""step_size"":3,""train_split_seed"":314176,""weight_decay"":0.0001,""width"":128}",neighbor_control,Same primary setting with weight matching.
fashion_mnist_mlp2_N3_W128_none_weight,fashion_mnist_mlp2_N3_W128_none_weight_seed4006,fashion_mnist,mlp2,3,128,none,weight,4006,1,10054,0.4240831718444824,0.8575,0.4787329860687256,0.8328,False,,"{""architecture"":""mlp2"",""augmentation"":""none"",""checkpoint_saved"":false,""dataset"":""fashion_mnist"",""dataset_seed"":314159,""domain_shift"":""none"",""epochs"":10,""experiment_seed"":4006,""gamma"":0.5,""local_seed"":10054,""matching"":""weight"",""max_test_samples"":5000,""max_train_samples"":10000,""model_index"":1,""n_models"":3,""optimizer"":""adamw"",""scheduler"":""cosine"",""step_size"":3,""train_split_seed"":314176,""weight_decay"":0.0001,""width"":128}",neighbor_control,Same primary setting with weight matching.
fashion_mnist_mlp2_N3_W128_none_weight,fashion_mnist_mlp2_N3_W128_none_weight_seed4006,fashion_mnist,mlp2,3,128,none,weight,4006,2,11063,0.43300199127197264,0.857,0.4847009106636047,0.8326,False,,"{""architecture"":""mlp2"",""augmentation"":""none"",""checkpoint_saved"":false,""dataset"":""fashion_mnist"",""dataset_seed"":314159,""domain_shift"":""none"",""epochs"":10,""experiment_seed"":4006,""gamma"":0.5,""local_seed"":11063,""matching"":""weight"",""max_test_samples"":5000,""max_train_samples"":10000,""model_index"":2,""n_models"":3,""optimizer"":""adamw"",""scheduler"":""cosine"",""step_size"":3,""train_split_seed"":314176,""weight_decay"":0.0001,""width"":128}",neighbor_control,Same primary setting with weight matching.
fashion_mnist_mlp2_N3_W128_none_activation,fashion_mnist_mlp2_N3_W128_none_activation_seed4007,fashion_mnist,mlp2,3,128,none,activation,4007,0,9046,0.4293531036376953,0.8575,0.48502616968154905,0.8314,False,,"{""architecture"":""mlp2"",""augmentation"":""none"",""checkpoint_saved"":false,""dataset"":""fashion_mnist"",""dataset_seed"":314159,""domain_shift"":""none"",""epochs"":10,""experiment_seed"":4007,""gamma"":0.5,""local_seed"":9046,""matching"":""activation"",""max_test_samples"":5000,""max_train_samples"":10000,""model_index"":0,""n_models"":3,""optimizer"":""adamw"",""scheduler"":""cosine"",""step_size"":3,""train_split_seed"":314176,""weight_decay"":0.0001,""width"":128}",primary_replication,"Prompt 11 supported row: Fashion-MNIST, mlp2, N=3, W=128, no shift, activation matching."
fashion_mnist_mlp2_N3_W128_none_activation,fashion_mnist_mlp2_N3_W128_none_activation_seed4007,fashion_mnist,mlp2,3,128,none,activation,4007,1,10055,0.42882660484313967,0.857,0.4826533998966217,0.828,False,,"{""architecture"":""mlp2"",""augmentation"":""none"",""checkpoint_saved"":false,""dataset"":""fashion_mnist"",""dataset_seed"":314159,""domain_shift"":""none"",""epochs"":10,""experiment_seed"":4007,""gamma"":0.5,""local_seed"":10055,""matching"":""activation"",""max_test_samples"":5000,""max_train_samples"":10000,""model_index"":1,""n_models"":3,""optimizer"":""adamw"",""scheduler"":""cosine"",""step_size"":3,""train_split_seed"":314176,""weight_decay"":0.0001,""width"":128}",primary_replication,"Prompt 11 supported row: Fashion-MNIST, mlp2, N=3, W=128, no shift, activation matching."
fashion_mnist_mlp2_N3_W128_none_activation,fashion_mnist_mlp2_N3_W128_none_activation_seed4007,fashion_mnist,mlp2,3,128,none,activation,4007,2,11064,0.42158453941345214,0.864,0.4828891954898834,0.8322,False,,"{""architecture"":""mlp2"",""augmentation"":""none"",""checkpoint_saved"":false,""dataset"":""fashion_mnist"",""dataset_seed"":314159,""domain_shift"":""none"",""epochs"":10,""experiment_seed"":4007,""gamma"":0.5,""local_seed"":11064,""matching"":""activation"",""max_test_samples"":5000,""max_train_samples"":10000,""model_index"":2,""n_models"":3,""optimizer"":""adamw"",""scheduler"":""cosine"",""step_size"":3,""train_split_seed"":314176,""weight_decay"":0.0001,""width"":128}",primary_replication,"Prompt 11 supported row: Fashion-MNIST, mlp2, N=3, W=128, no shift, activation matching."
fashion_mnist_mlp2_N3_W128_none_weight,fashion_mnist_mlp2_N3_W128_none_weight_seed4007,fashion_mnist,mlp2,3,128,none,weight,4007,0,9046,0.4293531036376953,0.8575,0.48502616968154905,0.8314,False,,"{""architecture"":""mlp2"",""augmentation"":""none"",""checkpoint_saved"":false,""dataset"":""fashion_mnist"",""dataset_seed"":314159,""domain_shift"":""none"",""epochs"":10,""experiment_seed"":4007,""gamma"":0.5,""local_seed"":9046,""matching"":""weight"",""max_test_samples"":5000,""max_train_samples"":10000,""model_index"":0,""n_models"":3,""optimizer"":""adamw"",""scheduler"":""cosine"",""step_size"":3,""train_split_seed"":314176,""weight_decay"":0.0001,""width"":128}",neighbor_control,Same primary setting with weight matching.
fashion_mnist_mlp2_N3_W128_none_weight,fashion_mnist_mlp2_N3_W128_none_weight_seed4007,fashion_mnist,mlp2,3,128,none,weight,4007,1,10055,0.42882660484313967,0.857,0.4826533998966217,0.828,False,,"{""architecture"":""mlp2"",""augmentation"":""none"",""checkpoint_saved"":false,""dataset"":""fashion_mnist"",""dataset_seed"":314159,""domain_shift"":""none"",""epochs"":10,""experiment_seed"":4007,""gamma"":0.5,""local_seed"":10055,""matching"":""weight"",""max_test_samples"":5000,""max_train_samples"":10000,""model_index"":1,""n_models"":3,""optimizer"":""adamw"",""scheduler"":""cosine"",""step_size"":3,""train_split_seed"":314176,""weight_decay"":0.0001,""width"":128}",neighbor_control,Same primary setting with weight matching.
fashion_mnist_mlp2_N3_W128_none_weight,fashion_mnist_mlp2_N3_W128_none_weight_seed4007,fashion_mnist,mlp2,3,128,none,weight,4007,2,11064,0.42158453941345214,0.864,0.4828891954898834,0.8322,False,,"{""architecture"":""mlp2"",""augmentation"":""none"",""checkpoint_saved"":false,""dataset"":""fashion_mnist"",""dataset_seed"":314159,""domain_shift"":""none"",""epochs"":10,""experiment_seed"":4007,""gamma"":0.5,""local_seed"":11064,""matching"":""weight"",""max_test_samples"":5000,""max_train_samples"":10000,""model_index"":2,""n_models"":3,""optimizer"":""adamw"",""scheduler"":""cosine"",""step_size"":3,""train_split_seed"":314176,""weight_decay"":0.0001,""width"":128}",neighbor_control,Same primary setting with weight matching.
fashion_mnist_mlp2_N3_W128_none_activation,fashion_mnist_mlp2_N3_W128_none_activation_seed4008,fashion_mnist,mlp2,3,128,none,activation,4008,0,9047,0.4240309829711914,0.8555,0.47792532844543456,0.8322,False,,"{""architecture"":""mlp2"",""augmentation"":""none"",""checkpoint_saved"":false,""dataset"":""fashion_mnist"",""dataset_seed"":314159,""domain_shift"":""none"",""epochs"":10,""experiment_seed"":4008,""gamma"":0.5,""local_seed"":9047,""matching"":""activation"",""max_test_samples"":5000,""max_train_samples"":10000,""model_index"":0,""n_models"":3,""optimizer"":""adamw"",""scheduler"":""cosine"",""step_size"":3,""train_split_seed"":314176,""weight_decay"":0.0001,""width"":128}",primary_replication,"Prompt 11 supported row: Fashion-MNIST, mlp2, N=3, W=128, no shift, activation matching."
fashion_mnist_mlp2_N3_W128_none_activation,fashion_mnist_mlp2_N3_W128_none_activation_seed4008,fashion_mnist,mlp2,3,128,none,activation,4008,1,10056,0.42584911155700683,0.857,0.4854235577583313,0.8274,False,,"{""architecture"":""mlp2"",""augmentation"":""none"",""checkpoint_saved"":false,""dataset"":""fashion_mnist"",""dataset_seed"":314159,""domain_shift"":""none"",""epochs"":10,""experiment_seed"":4008,""gamma"":0.5,""local_seed"":10056,""matching"":""activation"",""max_test_samples"":5000,""max_train_samples"":10000,""model_index"":1,""n_models"":3,""optimizer"":""adamw"",""scheduler"":""cosine"",""step_size"":3,""train_split_seed"":314176,""weight_decay"":0.0001,""width"":128}",primary_replication,"Prompt 11 supported row: Fashion-MNIST, mlp2, N=3, W=128, no shift, activation matching."
fashion_mnist_mlp2_N3_W128_none_activation,fashion_mnist_mlp2_N3_W128_none_activation_seed4008,fashion_mnist,mlp2,3,128,none,activation,4008,2,11065,0.420439567565918,0.858,0.4766780643463135,0.8344,False,,"{""architecture"":""mlp2"",""augmentation"":""none"",""checkpoint_saved"":false,""dataset"":""fashion_mnist"",""dataset_seed"":314159,""domain_shift"":""none"",""epochs"":10,""experiment_seed"":4008,""gamma"":0.5,""local_seed"":11065,""matching"":""activation"",""max_test_samples"":5000,""max_train_samples"":10000,""model_index"":2,""n_models"":3,""optimizer"":""adamw"",""scheduler"":""cosine"",""step_size"":3,""train_split_seed"":314176,""weight_decay"":0.0001,""width"":128}",primary_replication,"Prompt 11 supported row: Fashion-MNIST, mlp2, N=3, W=128, no shift, activation matching."
fashion_mnist_mlp2_N3_W128_none_weight,fashion_mnist_mlp2_N3_W128_none_weight_seed4008,fashion_mnist,mlp2,3,128,none,weight,4008,0,9047,0.4240309829711914,0.8555,0.47792532844543456,0.8322,False,,"{""architecture"":""mlp2"",""augmentation"":""none"",""checkpoint_saved"":false,""dataset"":""fashion_mnist"",""dataset_seed"":314159,""domain_shift"":""none"",""epochs"":10,""experiment_seed"":4008,""gamma"":0.5,""local_seed"":9047,""matching"":""weight"",""max_test_samples"":5000,""max_train_samples"":10000,""model_index"":0,""n_models"":3,""optimizer"":""adamw"",""scheduler"":""cosine"",""step_size"":3,""train_split_seed"":314176,""weight_decay"":0.0001,""width"":128}",neighbor_control,Same primary setting with weight matching.
fashion_mnist_mlp2_N3_W128_none_weight,fashion_mnist_mlp2_N3_W128_none_weight_seed4008,fashion_mnist,mlp2,3,128,none,weight,4008,1,10056,0.42584911155700683,0.857,0.4854235577583313,0.8274,False,,"{""architecture"":""mlp2"",""augmentation"":""none"",""checkpoint_saved"":false,""dataset"":""fashion_mnist"",""dataset_seed"":314159,""domain_shift"":""none"",""epochs"":10,""experiment_seed"":4008,""gamma"":0.5,""local_seed"":10056,""matching"":""weight"",""max_test_samples"":5000,""max_train_samples"":10000,""model_index"":1,""n_models"":3,""optimizer"":""adamw"",""scheduler"":""cosine"",""step_size"":3,""train_split_seed"":314176,""weight_decay"":0.0001,""width"":128}",neighbor_control,Same primary setting with weight matching.
fashion_mnist_mlp2_N3_W128_none_weight,fashion_mnist_mlp2_N3_W128_none_weight_seed4008,fashion_mnist,mlp2,3,128,none,weight,4008,2,11065,0.420439567565918,0.858,0.4766780643463135,0.8344,False,,"{""architecture"":""mlp2"",""augmentation"":""none"",""checkpoint_saved"":false,""dataset"":""fashion_mnist"",""dataset_seed"":314159,""domain_shift"":""none"",""epochs"":10,""experiment_seed"":4008,""gamma"":0.5,""local_seed"":11065,""matching"":""weight"",""max_test_samples"":5000,""max_train_samples"":10000,""model_index"":2,""n_models"":3,""optimizer"":""adamw"",""scheduler"":""cosine"",""step_size"":3,""train_split_seed"":314176,""weight_decay"":0.0001,""width"":128}",neighbor_control,Same primary setting with weight matching.
fashion_mnist_mlp2_N3_W128_none_activation,fashion_mnist_mlp2_N3_W128_none_activation_seed4009,fashion_mnist,mlp2,3,128,none,activation,4009,0,9048,0.4238042640686035,0.862,0.477403061580658,0.8298,False,,"{""architecture"":""mlp2"",""augmentation"":""none"",""checkpoint_saved"":false,""dataset"":""fashion_mnist"",""dataset_seed"":314159,""domain_shift"":""none"",""epochs"":10,""experiment_seed"":4009,""gamma"":0.5,""local_seed"":9048,""matching"":""activation"",""max_test_samples"":5000,""max_train_samples"":10000,""model_index"":0,""n_models"":3,""optimizer"":""adamw"",""scheduler"":""cosine"",""step_size"":3,""train_split_seed"":314176,""weight_decay"":0.0001,""width"":128}",primary_replication,"Prompt 11 supported row: Fashion-MNIST, mlp2, N=3, W=128, no shift, activation matching."
fashion_mnist_mlp2_N3_W128_none_activation,fashion_mnist_mlp2_N3_W128_none_activation_seed4009,fashion_mnist,mlp2,3,128,none,activation,4009,1,10057,0.4245024337768555,0.858,0.47989779262542726,0.8338,False,,"{""architecture"":""mlp2"",""augmentation"":""none"",""checkpoint_saved"":false,""dataset"":""fashion_mnist"",""dataset_seed"":314159,""domain_shift"":""none"",""epochs"":10,""experiment_seed"":4009,""gamma"":0.5,""local_seed"":10057,""matching"":""activation"",""max_test_samples"":5000,""max_train_samples"":10000,""model_index"":1,""n_models"":3,""optimizer"":""adamw"",""scheduler"":""cosine"",""step_size"":3,""train_split_seed"":314176,""weight_decay"":0.0001,""width"":128}",primary_replication,"Prompt 11 supported row: Fashion-MNIST, mlp2, N=3, W=128, no shift, activation matching."
fashion_mnist_mlp2_N3_W128_none_activation,fashion_mnist_mlp2_N3_W128_none_activation_seed4009,fashion_mnist,mlp2,3,128,none,activation,4009,2,11066,0.4258233757019043,0.8575,0.4823956430912018,0.8316,False,,"{""architecture"":""mlp2"",""augmentation"":""none"",""checkpoint_saved"":false,""dataset"":""fashion_mnist"",""dataset_seed"":314159,""domain_shift"":""none"",""epochs"":10,""experiment_seed"":4009,""gamma"":0.5,""local_seed"":11066,""matching"":""activation"",""max_test_samples"":5000,""max_train_samples"":10000,""model_index"":2,""n_models"":3,""optimizer"":""adamw"",""scheduler"":""cosine"",""step_size"":3,""train_split_seed"":314176,""weight_decay"":0.0001,""width"":128}",primary_replication,"Prompt 11 supported row: Fashion-MNIST, mlp2, N=3, W=128, no shift, activation matching."
fashion_mnist_mlp2_N3_W128_none_weight,fashion_mnist_mlp2_N3_W128_none_weight_seed4009,fashion_mnist,mlp2,3,128,none,weight,4009,0,9048,0.4238042640686035,0.862,0.477403061580658,0.8298,False,,"{""architecture"":""mlp2"",""augmentation"":""none"",""checkpoint_saved"":false,""dataset"":""fashion_mnist"",""dataset_seed"":314159,""domain_shift"":""none"",""epochs"":10,""experiment_seed"":4009,""gamma"":0.5,""local_seed"":9048,""matching"":""weight"",""max_test_samples"":5000,""max_train_samples"":10000,""model_index"":0,""n_models"":3,""optimizer"":""adamw"",""scheduler"":""cosine"",""step_size"":3,""train_split_seed"":314176,""weight_decay"":0.0001,""width"":128}",neighbor_control,Same primary setting with weight matching.
fashion_mnist_mlp2_N3_W128_none_weight,fashion_mnist_mlp2_N3_W128_none_weight_seed4009,fashion_mnist,mlp2,3,128,none,weight,4009,1,10057,0.4245024337768555,0.858,0.47989779262542726,0.8338,False,,"{""architecture"":""mlp2"",""augmentation"":""none"",""checkpoint_saved"":false,""dataset"":""fashion_mnist"",""dataset_seed"":314159,""domain_shift"":""none"",""epochs"":10,""experiment_seed"":4009,""gamma"":0.5,""local_seed"":10057,""matching"":""weight"",""max_test_samples"":5000,""max_train_samples"":10000,""model_index"":1,""n_models"":3,""optimizer"":""adamw"",""scheduler"":""cosine"",""step_size"":3,""train_split_seed"":314176,""weight_decay"":0.0001,""width"":128}",neighbor_control,Same primary setting with weight matching.
fashion_mnist_mlp2_N3_W128_none_weight,fashion_mnist_mlp2_N3_W128_none_weight_seed4009,fashion_mnist,mlp2,3,128,none,weight,4009,2,11066,0.4258233757019043,0.8575,0.4823956430912018,0.8316,False,,"{""architecture"":""mlp2"",""augmentation"":""none"",""checkpoint_saved"":false,""dataset"":""fashion_mnist"",""dataset_seed"":314159,""domain_shift"":""none"",""epochs"":10,""experiment_seed"":4009,""gamma"":0.5,""local_seed"":11066,""matching"":""weight"",""max_test_samples"":5000,""max_train_samples"":10000,""model_index"":2,""n_models"":3,""optimizer"":""adamw"",""scheduler"":""cosine"",""step_size"":3,""train_split_seed"":314176,""weight_decay"":0.0001,""width"":128}",neighbor_control,Same primary setting with weight matching.
fashion_mnist_mlp2_N3_W128_none_activation,fashion_mnist_mlp2_N3_W128_none_activation_seed4010,fashion_mnist,mlp2,3,128,none,activation,4010,0,9049,0.4196955852508545,0.859,0.47634100036621096,0.8334,False,,"{""architecture"":""mlp2"",""augmentation"":""none"",""checkpoint_saved"":false,""dataset"":""fashion_mnist"",""dataset_seed"":314159,""domain_shift"":""none"",""epochs"":10,""experiment_seed"":4010,""gamma"":0.5,""local_seed"":9049,""matching"":""activation"",""max_test_samples"":5000,""max_train_samples"":10000,""model_index"":0,""n_models"":3,""optimizer"":""adamw"",""scheduler"":""cosine"",""step_size"":3,""train_split_seed"":314176,""weight_decay"":0.0001,""width"":128}",primary_replication,"Prompt 11 supported row: Fashion-MNIST, mlp2, N=3, W=128, no shift, activation matching."
fashion_mnist_mlp2_N3_W128_none_activation,fashion_mnist_mlp2_N3_W128_none_activation_seed4010,fashion_mnist,mlp2,3,128,none,activation,4010,1,10058,0.4178391284942627,0.8605,0.4738914686203003,0.8348,False,,"{""architecture"":""mlp2"",""augmentation"":""none"",""checkpoint_saved"":false,""dataset"":""fashion_mnist"",""dataset_seed"":314159,""domain_shift"":""none"",""epochs"":10,""experiment_seed"":4010,""gamma"":0.5,""local_seed"":10058,""matching"":""activation"",""max_test_samples"":5000,""max_train_samples"":10000,""model_index"":1,""n_models"":3,""optimizer"":""adamw"",""scheduler"":""cosine"",""step_size"":3,""train_split_seed"":314176,""weight_decay"":0.0001,""width"":128}",primary_replication,"Prompt 11 supported row: Fashion-MNIST, mlp2, N=3, W=128, no shift, activation matching."
fashion_mnist_mlp2_N3_W128_none_activation,fashion_mnist_mlp2_N3_W128_none_activation_seed4010,fashion_mnist,mlp2,3,128,none,activation,4010,2,11067,0.42818434715271,0.859,0.48228025803565977,0.8318,False,,"{""architecture"":""mlp2"",""augmentation"":""none"",""checkpoint_saved"":false,""dataset"":""fashion_mnist"",""dataset_seed"":314159,""domain_shift"":""none"",""epochs"":10,""experiment_seed"":4010,""gamma"":0.5,""local_seed"":11067,""matching"":""activation"",""max_test_samples"":5000,""max_train_samples"":10000,""model_index"":2,""n_models"":3,""optimizer"":""adamw"",""scheduler"":""cosine"",""step_size"":3,""train_split_seed"":314176,""weight_decay"":0.0001,""width"":128}",primary_replication,"Prompt 11 supported row: Fashion-MNIST, mlp2, N=3, W=128, no shift, activation matching."
fashion_mnist_mlp2_N3_W128_none_weight,fashion_mnist_mlp2_N3_W128_none_weight_seed4010,fashion_mnist,mlp2,3,128,none,weight,4010,0,9049,0.4196955852508545,0.859,0.47634100036621096,0.8334,False,,"{""architecture"":""mlp2"",""augmentation"":""none"",""checkpoint_saved"":false,""dataset"":""fashion_mnist"",""dataset_seed"":314159,""domain_shift"":""none"",""epochs"":10,""experiment_seed"":4010,""gamma"":0.5,""local_seed"":9049,""matching"":""weight"",""max_test_samples"":5000,""max_train_samples"":10000,""model_index"":0,""n_models"":3,""optimizer"":""adamw"",""scheduler"":""cosine"",""step_size"":3,""train_split_seed"":314176,""weight_decay"":0.0001,""width"":128}",neighbor_control,Same primary setting with weight matching.
fashion_mnist_mlp2_N3_W128_none_weight,fashion_mnist_mlp2_N3_W128_none_weight_seed4010,fashion_mnist,mlp2,3,128,none,weight,4010,1,10058,0.4178391284942627,0.8605,0.4738914686203003,0.8348,False,,"{""architecture"":""mlp2"",""augmentation"":""none"",""checkpoint_saved"":false,""dataset"":""fashion_mnist"",""dataset_seed"":314159,""domain_shift"":""none"",""epochs"":10,""experiment_seed"":4010,""gamma"":0.5,""local_seed"":10058,""matching"":""weight"",""max_test_samples"":5000,""max_train_samples"":10000,""model_index"":1,""n_models"":3,""optimizer"":""adamw"",""scheduler"":""cosine"",""step_size"":3,""train_split_seed"":314176,""weight_decay"":0.0001,""width"":128}",neighbor_control,Same primary setting with weight matching.
fashion_mnist_mlp2_N3_W128_none_weight,fashion_mnist_mlp2_N3_W128_none_weight_seed4010,fashion_mnist,mlp2,3,128,none,weight,4010,2,11067,0.42818434715271,0.859,0.48228025803565977,0.8318,False,,"{""architecture"":""mlp2"",""augmentation"":""none"",""checkpoint_saved"":false,""dataset"":""fashion_mnist"",""dataset_seed"":314159,""domain_shift"":""none"",""epochs"":10,""experiment_seed"":4010,""gamma"":0.5,""local_seed"":11067,""matching"":""weight"",""max_test_samples"":5000,""max_train_samples"":10000,""model_index"":2,""n_models"":3,""optimizer"":""adamw"",""scheduler"":""cosine"",""step_size"":3,""train_split_seed"":314176,""weight_decay"":0.0001,""width"":128}",neighbor_control,Same primary setting with weight matching.
fashion_mnist_mlp2_N3_W128_none_activation,fashion_mnist_mlp2_N3_W128_none_activation_seed4011,fashion_mnist,mlp2,3,128,none,activation,4011,0,9050,0.42598164367675784,0.86,0.4825288186073303,0.8298,False,,"{""architecture"":""mlp2"",""augmentation"":""none"",""checkpoint_saved"":false,""dataset"":""fashion_mnist"",""dataset_seed"":314159,""domain_shift"":""none"",""epochs"":10,""experiment_seed"":4011,""gamma"":0.5,""local_seed"":9050,""matching"":""activation"",""max_test_samples"":5000,""max_train_samples"":10000,""model_index"":0,""n_models"":3,""optimizer"":""adamw"",""scheduler"":""cosine"",""step_size"":3,""train_split_seed"":314176,""weight_decay"":0.0001,""width"":128}",primary_replication,"Prompt 11 supported row: Fashion-MNIST, mlp2, N=3, W=128, no shift, activation matching."
fashion_mnist_mlp2_N3_W128_none_activation,fashion_mnist_mlp2_N3_W128_none_activation_seed4011,fashion_mnist,mlp2,3,128,none,activation,4011,1,10059,0.4147260513305664,0.861,0.4773440668582916,0.8344,False,,"{""architecture"":""mlp2"",""augmentation"":""none"",""checkpoint_saved"":false,""dataset"":""fashion_mnist"",""dataset_seed"":314159,""domain_shift"":""none"",""epochs"":10,""experiment_seed"":4011,""gamma"":0.5,""local_seed"":10059,""matching"":""activation"",""max_test_samples"":5000,""max_train_samples"":10000,""model_index"":1,""n_models"":3,""optimizer"":""adamw"",""scheduler"":""cosine"",""step_size"":3,""train_split_seed"":314176,""weight_decay"":0.0001,""width"":128}",primary_replication,"Prompt 11 supported row: Fashion-MNIST, mlp2, N=3, W=128, no shift, activation matching."
fashion_mnist_mlp2_N3_W128_none_activation,fashion_mnist_mlp2_N3_W128_none_activation_seed4011,fashion_mnist,mlp2,3,128,none,activation,4011,2,11068,0.428884557723999,0.861,0.48443508105278016,0.8312,False,,"{""architecture"":""mlp2"",""augmentation"":""none"",""checkpoint_saved"":false,""dataset"":""fashion_mnist"",""dataset_seed"":314159,""domain_shift"":""none"",""epochs"":10,""experiment_seed"":4011,""gamma"":0.5,""local_seed"":11068,""matching"":""activation"",""max_test_samples"":5000,""max_train_samples"":10000,""model_index"":2,""n_models"":3,""optimizer"":""adamw"",""scheduler"":""cosine"",""step_size"":3,""train_split_seed"":314176,""weight_decay"":0.0001,""width"":128}",primary_replication,"Prompt 11 supported row: Fashion-MNIST, mlp2, N=3, W=128, no shift, activation matching."
fashion_mnist_mlp2_N3_W128_none_weight,fashion_mnist_mlp2_N3_W128_none_weight_seed4011,fashion_mnist,mlp2,3,128,none,weight,4011,0,9050,0.42598164367675784,0.86,0.4825288186073303,0.8298,False,,"{""architecture"":""mlp2"",""augmentation"":""none"",""checkpoint_saved"":false,""dataset"":""fashion_mnist"",""dataset_seed"":314159,""domain_shift"":""none"",""epochs"":10,""experiment_seed"":4011,""gamma"":0.5,""local_seed"":9050,""matching"":""weight"",""max_test_samples"":5000,""max_train_samples"":10000,""model_index"":0,""n_models"":3,""optimizer"":""adamw"",""scheduler"":""cosine"",""step_size"":3,""train_split_seed"":314176,""weight_decay"":0.0001,""width"":128}",neighbor_control,Same primary setting with weight matching.
fashion_mnist_mlp2_N3_W128_none_weight,fashion_mnist_mlp2_N3_W128_none_weight_seed4011,fashion_mnist,mlp2,3,128,none,weight,4011,1,10059,0.4147260513305664,0.861,0.4773440668582916,0.8344,False,,"{""architecture"":""mlp2"",""augmentation"":""none"",""checkpoint_saved"":false,""dataset"":""fashion_mnist"",""dataset_seed"":314159,""domain_shift"":""none"",""epochs"":10,""experiment_seed"":4011,""gamma"":0.5,""local_seed"":10059,""matching"":""weight"",""max_test_samples"":5000,""max_train_samples"":10000,""model_index"":1,""n_models"":3,""optimizer"":""adamw"",""scheduler"":""cosine"",""step_size"":3,""train_split_seed"":314176,""weight_decay"":0.0001,""width"":128}",neighbor_control,Same primary setting with weight matching.
fashion_mnist_mlp2_N3_W128_none_weight,fashion_mnist_mlp2_N3_W128_none_weight_seed4011,fashion_mnist,mlp2,3,128,none,weight,4011,2,11068,0.428884557723999,0.861,0.48443508105278016,0.8312,False,,"{""architecture"":""mlp2"",""augmentation"":""none"",""checkpoint_saved"":false,""dataset"":""fashion_mnist"",""dataset_seed"":314159,""domain_shift"":""none"",""epochs"":10,""experiment_seed"":4011,""gamma"":0.5,""local_seed"":11068,""matching"":""weight"",""max_test_samples"":5000,""max_train_samples"":10000,""model_index"":2,""n_models"":3,""optimizer"":""adamw"",""scheduler"":""cosine"",""step_size"":3,""train_split_seed"":314176,""weight_decay"":0.0001,""width"":128}",neighbor_control,Same primary setting with weight matching.
fashion_mnist_mlp2_N3_W128_none_activation,fashion_mnist_mlp2_N3_W128_none_activation_seed4012,fashion_mnist,mlp2,3,128,none,activation,4012,0,9051,0.42150634002685544,0.855,0.4781433798313141,0.8324,False,,"{""architecture"":""mlp2"",""augmentation"":""none"",""checkpoint_saved"":false,""dataset"":""fashion_mnist"",""dataset_seed"":314159,""domain_shift"":""none"",""epochs"":10,""experiment_seed"":4012,""gamma"":0.5,""local_seed"":9051,""matching"":""activation"",""max_test_samples"":5000,""max_train_samples"":10000,""model_index"":0,""n_models"":3,""optimizer"":""adamw"",""scheduler"":""cosine"",""step_size"":3,""train_split_seed"":314176,""weight_decay"":0.0001,""width"":128}",primary_replication,"Prompt 11 supported row: Fashion-MNIST, mlp2, N=3, W=128, no shift, activation matching."
fashion_mnist_mlp2_N3_W128_none_activation,fashion_mnist_mlp2_N3_W128_none_activation_seed4012,fashion_mnist,mlp2,3,128,none,activation,4012,1,10060,0.41736000633239745,0.8605,0.4748916612625122,0.8358,False,,"{""architecture"":""mlp2"",""augmentation"":""none"",""checkpoint_saved"":false,""dataset"":""fashion_mnist"",""dataset_seed"":314159,""domain_shift"":""none"",""epochs"":10,""experiment_seed"":4012,""gamma"":0.5,""local_seed"":10060,""matching"":""activation"",""max_test_samples"":5000,""max_train_samples"":10000,""model_index"":1,""n_models"":3,""optimizer"":""adamw"",""scheduler"":""cosine"",""step_size"":3,""train_split_seed"":314176,""weight_decay"":0.0001,""width"":128}",primary_replication,"Prompt 11 supported row: Fashion-MNIST, mlp2, N=3, W=128, no shift, activation matching."
fashion_mnist_mlp2_N3_W128_none_activation,fashion_mnist_mlp2_N3_W128_none_activation_seed4012,fashion_mnist,mlp2,3,128,none,activation,4012,2,11069,0.42383575439453125,0.861,0.48077927198410036,0.8298,False,,"{""architecture"":""mlp2"",""augmentation"":""none"",""checkpoint_saved"":false,""dataset"":""fashion_mnist"",""dataset_seed"":314159,""domain_shift"":""none"",""epochs"":10,""experiment_seed"":4012,""gamma"":0.5,""local_seed"":11069,""matching"":""activation"",""max_test_samples"":5000,""max_train_samples"":10000,""model_index"":2,""n_models"":3,""optimizer"":""adamw"",""scheduler"":""cosine"",""step_size"":3,""train_split_seed"":314176,""weight_decay"":0.0001,""width"":128}",primary_replication,"Prompt 11 supported row: Fashion-MNIST, mlp2, N=3, W=128, no shift, activation matching."
fashion_mnist_mlp2_N3_W128_none_weight,fashion_mnist_mlp2_N3_W128_none_weight_seed4012,fashion_mnist,mlp2,3,128,none,weight,4012,0,9051,0.42150634002685544,0.855,0.4781433798313141,0.8324,False,,"{""architecture"":""mlp2"",""augmentation"":""none"",""checkpoint_saved"":false,""dataset"":""fashion_mnist"",""dataset_seed"":314159,""domain_shift"":""none"",""epochs"":10,""experiment_seed"":4012,""gamma"":0.5,""local_seed"":9051,""matching"":""weight"",""max_test_samples"":5000,""max_train_samples"":10000,""model_index"":0,""n_models"":3,""optimizer"":""adamw"",""scheduler"":""cosine"",""step_size"":3,""train_split_seed"":314176,""weight_decay"":0.0001,""width"":128}",neighbor_control,Same primary setting with weight matching.
fashion_mnist_mlp2_N3_W128_none_weight,fashion_mnist_mlp2_N3_W128_none_weight_seed4012,fashion_mnist,mlp2,3,128,none,weight,4012,1,10060,0.41736000633239745,0.8605,0.4748916612625122,0.8358,False,,"{""architecture"":""mlp2"",""augmentation"":""none"",""checkpoint_saved"":false,""dataset"":""fashion_mnist"",""dataset_seed"":314159,""domain_shift"":""none"",""epochs"":10,""experiment_seed"":4012,""gamma"":0.5,""local_seed"":10060,""matching"":""weight"",""max_test_samples"":5000,""max_train_samples"":10000,""model_index"":1,""n_models"":3,""optimizer"":""adamw"",""scheduler"":""cosine"",""step_size"":3,""train_split_seed"":314176,""weight_decay"":0.0001,""width"":128}",neighbor_control,Same primary setting with weight matching.
fashion_mnist_mlp2_N3_W128_none_weight,fashion_mnist_mlp2_N3_W128_none_weight_seed4012,fashion_mnist,mlp2,3,128,none,weight,4012,2,11069,0.42383575439453125,0.861,0.48077927198410036,0.8298,False,,"{""architecture"":""mlp2"",""augmentation"":""none"",""checkpoint_saved"":false,""dataset"":""fashion_mnist"",""dataset_seed"":314159,""domain_shift"":""none"",""epochs"":10,""experiment_seed"":4012,""gamma"":0.5,""local_seed"":11069,""matching"":""weight"",""max_test_samples"":5000,""max_train_samples"":10000,""model_index"":2,""n_models"":3,""optimizer"":""adamw"",""scheduler"":""cosine"",""step_size"":3,""train_split_seed"":314176,""weight_decay"":0.0001,""width"":128}",neighbor_control,Same primary setting with weight matching.
fashion_mnist_mlp2_N3_W128_none_activation,fashion_mnist_mlp2_N3_W128_none_activation_seed4013,fashion_mnist,mlp2,3,128,none,activation,4013,0,9052,0.42230591583251953,0.858,0.4773058500289917,0.8348,False,,"{""architecture"":""mlp2"",""augmentation"":""none"",""checkpoint_saved"":false,""dataset"":""fashion_mnist"",""dataset_seed"":314159,""domain_shift"":""none"",""epochs"":10,""experiment_seed"":4013,""gamma"":0.5,""local_seed"":9052,""matching"":""activation"",""max_test_samples"":5000,""max_train_samples"":10000,""model_index"":0,""n_models"":3,""optimizer"":""adamw"",""scheduler"":""cosine"",""step_size"":3,""train_split_seed"":314176,""weight_decay"":0.0001,""width"":128}",primary_replication,"Prompt 11 supported row: Fashion-MNIST, mlp2, N=3, W=128, no shift, activation matching."
fashion_mnist_mlp2_N3_W128_none_activation,fashion_mnist_mlp2_N3_W128_none_activation_seed4013,fashion_mnist,mlp2,3,128,none,activation,4013,1,10061,0.42400546646118165,0.86,0.4822267979621887,0.8314,False,,"{""architecture"":""mlp2"",""augmentation"":""none"",""checkpoint_saved"":false,""dataset"":""fashion_mnist"",""dataset_seed"":314159,""domain_shift"":""none"",""epochs"":10,""experiment_seed"":4013,""gamma"":0.5,""local_seed"":10061,""matching"":""activation"",""max_test_samples"":5000,""max_train_samples"":10000,""model_index"":1,""n_models"":3,""optimizer"":""adamw"",""scheduler"":""cosine"",""step_size"":3,""train_split_seed"":314176,""weight_decay"":0.0001,""width"":128}",primary_replication,"Prompt 11 supported row: Fashion-MNIST, mlp2, N=3, W=128, no shift, activation matching."
fashion_mnist_mlp2_N3_W128_none_activation,fashion_mnist_mlp2_N3_W128_none_activation_seed4013,fashion_mnist,mlp2,3,128,none,activation,4013,2,11070,0.42576764678955076,0.854,0.4805814579963684,0.831,False,,"{""architecture"":""mlp2"",""augmentation"":""none"",""checkpoint_saved"":false,""dataset"":""fashion_mnist"",""dataset_seed"":314159,""domain_shift"":""none"",""epochs"":10,""experiment_seed"":4013,""gamma"":0.5,""local_seed"":11070,""matching"":""activation"",""max_test_samples"":5000,""max_train_samples"":10000,""model_index"":2,""n_models"":3,""optimizer"":""adamw"",""scheduler"":""cosine"",""step_size"":3,""train_split_seed"":314176,""weight_decay"":0.0001,""width"":128}",primary_replication,"Prompt 11 supported row: Fashion-MNIST, mlp2, N=3, W=128, no shift, activation matching."
fashion_mnist_mlp2_N3_W128_none_weight,fashion_mnist_mlp2_N3_W128_none_weight_seed4013,fashion_mnist,mlp2,3,128,none,weight,4013,0,9052,0.42230591583251953,0.858,0.4773058500289917,0.8348,False,,"{""architecture"":""mlp2"",""augmentation"":""none"",""checkpoint_saved"":false,""dataset"":""fashion_mnist"",""dataset_seed"":314159,""domain_shift"":""none"",""epochs"":10,""experiment_seed"":4013,""gamma"":0.5,""local_seed"":9052,""matching"":""weight"",""max_test_samples"":5000,""max_train_samples"":10000,""model_index"":0,""n_models"":3,""optimizer"":""adamw"",""scheduler"":""cosine"",""step_size"":3,""train_split_seed"":314176,""weight_decay"":0.0001,""width"":128}",neighbor_control,Same primary setting with weight matching.
fashion_mnist_mlp2_N3_W128_none_weight,fashion_mnist_mlp2_N3_W128_none_weight_seed4013,fashion_mnist,mlp2,3,128,none,weight,4013,1,10061,0.42400546646118165,0.86,0.4822267979621887,0.8314,False,,"{""architecture"":""mlp2"",""augmentation"":""none"",""checkpoint_saved"":false,""dataset"":""fashion_mnist"",""dataset_seed"":314159,""domain_shift"":""none"",""epochs"":10,""experiment_seed"":4013,""gamma"":0.5,""local_seed"":10061,""matching"":""weight"",""max_test_samples"":5000,""max_train_samples"":10000,""model_index"":1,""n_models"":3,""optimizer"":""adamw"",""scheduler"":""cosine"",""step_size"":3,""train_split_seed"":314176,""weight_decay"":0.0001,""width"":128}",neighbor_control,Same primary setting with weight matching.
fashion_mnist_mlp2_N3_W128_none_weight,fashion_mnist_mlp2_N3_W128_none_weight_seed4013,fashion_mnist,mlp2,3,128,none,weight,4013,2,11070,0.42576764678955076,0.854,0.4805814579963684,0.831,False,,"{""architecture"":""mlp2"",""augmentation"":""none"",""checkpoint_saved"":false,""dataset"":""fashion_mnist"",""dataset_seed"":314159,""domain_shift"":""none"",""epochs"":10,""experiment_seed"":4013,""gamma"":0.5,""local_seed"":11070,""matching"":""weight"",""max_test_samples"":5000,""max_train_samples"":10000,""model_index"":2,""n_models"":3,""optimizer"":""adamw"",""scheduler"":""cosine"",""step_size"":3,""train_split_seed"":314176,""weight_decay"":0.0001,""width"":128}",neighbor_control,Same primary setting with weight matching.
fashion_mnist_mlp2_N3_W128_none_activation,fashion_mnist_mlp2_N3_W128_none_activation_seed4014,fashion_mnist,mlp2,3,128,none,activation,4014,0,9053,0.4249753608703613,0.8595,0.48086647872924804,0.8306,False,,"{""architecture"":""mlp2"",""augmentation"":""none"",""checkpoint_saved"":false,""dataset"":""fashion_mnist"",""dataset_seed"":314159,""domain_shift"":""none"",""epochs"":10,""experiment_seed"":4014,""gamma"":0.5,""local_seed"":9053,""matching"":""activation"",""max_test_samples"":5000,""max_train_samples"":10000,""model_index"":0,""n_models"":3,""optimizer"":""adamw"",""scheduler"":""cosine"",""step_size"":3,""train_split_seed"":314176,""weight_decay"":0.0001,""width"":128}",primary_replication,"Prompt 11 supported row: Fashion-MNIST, mlp2, N=3, W=128, no shift, activation matching."
fashion_mnist_mlp2_N3_W128_none_activation,fashion_mnist_mlp2_N3_W128_none_activation_seed4014,fashion_mnist,mlp2,3,128,none,activation,4014,1,10062,0.4216157913208008,0.862,0.4823863949775696,0.8334,False,,"{""architecture"":""mlp2"",""augmentation"":""none"",""checkpoint_saved"":false,""dataset"":""fashion_mnist"",""dataset_seed"":314159,""domain_shift"":""none"",""epochs"":10,""experiment_seed"":4014,""gamma"":0.5,""local_seed"":10062,""matching"":""activation"",""max_test_samples"":5000,""max_train_samples"":10000,""model_index"":1,""n_models"":3,""optimizer"":""adamw"",""scheduler"":""cosine"",""step_size"":3,""train_split_seed"":314176,""weight_decay"":0.0001,""width"":128}",primary_replication,"Prompt 11 supported row: Fashion-MNIST, mlp2, N=3, W=128, no shift, activation matching."
fashion_mnist_mlp2_N3_W128_none_activation,fashion_mnist_mlp2_N3_W128_none_activation_seed4014,fashion_mnist,mlp2,3,128,none,activation,4014,2,11071,0.4166101837158203,0.854,0.47695355415344237,0.8282,False,,"{""architecture"":""mlp2"",""augmentation"":""none"",""checkpoint_saved"":false,""dataset"":""fashion_mnist"",""dataset_seed"":314159,""domain_shift"":""none"",""epochs"":10,""experiment_seed"":4014,""gamma"":0.5,""local_seed"":11071,""matching"":""activation"",""max_test_samples"":5000,""max_train_samples"":10000,""model_index"":2,""n_models"":3,""optimizer"":""adamw"",""scheduler"":""cosine"",""step_size"":3,""train_split_seed"":314176,""weight_decay"":0.0001,""width"":128}",primary_replication,"Prompt 11 supported row: Fashion-MNIST, mlp2, N=3, W=128, no shift, activation matching."
fashion_mnist_mlp2_N3_W128_none_weight,fashion_mnist_mlp2_N3_W128_none_weight_seed4014,fashion_mnist,mlp2,3,128,none,weight,4014,0,9053,0.4249753608703613,0.8595,0.48086647872924804,0.8306,False,,"{""architecture"":""mlp2"",""augmentation"":""none"",""checkpoint_saved"":false,""dataset"":""fashion_mnist"",""dataset_seed"":314159,""domain_shift"":""none"",""epochs"":10,""experiment_seed"":4014,""gamma"":0.5,""local_seed"":9053,""matching"":""weight"",""max_test_samples"":5000,""max_train_samples"":10000,""model_index"":0,""n_models"":3,""optimizer"":""adamw"",""scheduler"":""cosine"",""step_size"":3,""train_split_seed"":314176,""weight_decay"":0.0001,""width"":128}",neighbor_control,Same primary setting with weight matching.
fashion_mnist_mlp2_N3_W128_none_weight,fashion_mnist_mlp2_N3_W128_none_weight_seed4014,fashion_mnist,mlp2,3,128,none,weight,4014,1,10062,0.4216157913208008,0.862,0.4823863949775696,0.8334,False,,"{""architecture"":""mlp2"",""augmentation"":""none"",""checkpoint_saved"":false,""dataset"":""fashion_mnist"",""dataset_seed"":314159,""domain_shift"":""none"",""epochs"":10,""experiment_seed"":4014,""gamma"":0.5,""local_seed"":10062,""matching"":""weight"",""max_test_samples"":5000,""max_train_samples"":10000,""model_index"":1,""n_models"":3,""optimizer"":""adamw"",""scheduler"":""cosine"",""step_size"":3,""train_split_seed"":314176,""weight_decay"":0.0001,""width"":128}",neighbor_control,Same primary setting with weight matching.
fashion_mnist_mlp2_N3_W128_none_weight,fashion_mnist_mlp2_N3_W128_none_weight_seed4014,fashion_mnist,mlp2,3,128,none,weight,4014,2,11071,0.4166101837158203,0.854,0.47695355415344237,0.8282,False,,"{""architecture"":""mlp2"",""augmentation"":""none"",""checkpoint_saved"":false,""dataset"":""fashion_mnist"",""dataset_seed"":314159,""domain_shift"":""none"",""epochs"":10,""experiment_seed"":4014,""gamma"":0.5,""local_seed"":11071,""matching"":""weight"",""max_test_samples"":5000,""max_train_samples"":10000,""model_index"":2,""n_models"":3,""optimizer"":""adamw"",""scheduler"":""cosine"",""step_size"":3,""train_split_seed"":314176,""weight_decay"":0.0001,""width"":128}",neighbor_control,Same primary setting with weight matching.
fashion_mnist_mlp2_N3_W128_none_activation,fashion_mnist_mlp2_N3_W128_none_activation_seed4015,fashion_mnist,mlp2,3,128,none,activation,4015,0,9054,0.424154670715332,0.8575,0.4787103175163269,0.8308,False,,"{""architecture"":""mlp2"",""augmentation"":""none"",""checkpoint_saved"":false,""dataset"":""fashion_mnist"",""dataset_seed"":314159,""domain_shift"":""none"",""epochs"":10,""experiment_seed"":4015,""gamma"":0.5,""local_seed"":9054,""matching"":""activation"",""max_test_samples"":5000,""max_train_samples"":10000,""model_index"":0,""n_models"":3,""optimizer"":""adamw"",""scheduler"":""cosine"",""step_size"":3,""train_split_seed"":314176,""weight_decay"":0.0001,""width"":128}",primary_replication,"Prompt 11 supported row: Fashion-MNIST, mlp2, N=3, W=128, no shift, activation matching."
fashion_mnist_mlp2_N3_W128_none_activation,fashion_mnist_mlp2_N3_W128_none_activation_seed4015,fashion_mnist,mlp2,3,128,none,activation,4015,1,10063,0.42422726440429687,0.8565,0.4818371525287628,0.832,False,,"{""architecture"":""mlp2"",""augmentation"":""none"",""checkpoint_saved"":false,""dataset"":""fashion_mnist"",""dataset_seed"":314159,""domain_shift"":""none"",""epochs"":10,""experiment_seed"":4015,""gamma"":0.5,""local_seed"":10063,""matching"":""activation"",""max_test_samples"":5000,""max_train_samples"":10000,""model_index"":1,""n_models"":3,""optimizer"":""adamw"",""scheduler"":""cosine"",""step_size"":3,""train_split_seed"":314176,""weight_decay"":0.0001,""width"":128}",primary_replication,"Prompt 11 supported row: Fashion-MNIST, mlp2, N=3, W=128, no shift, activation matching."
fashion_mnist_mlp2_N3_W128_none_activation,fashion_mnist_mlp2_N3_W128_none_activation_seed4015,fashion_mnist,mlp2,3,128,none,activation,4015,2,11072,0.4219371795654297,0.8595,0.4814573989868164,0.8328,False,,"{""architecture"":""mlp2"",""augmentation"":""none"",""checkpoint_saved"":false,""dataset"":""fashion_mnist"",""dataset_seed"":314159,""domain_shift"":""none"",""epochs"":10,""experiment_seed"":4015,""gamma"":0.5,""local_seed"":11072,""matching"":""activation"",""max_test_samples"":5000,""max_train_samples"":10000,""model_index"":2,""n_models"":3,""optimizer"":""adamw"",""scheduler"":""cosine"",""step_size"":3,""train_split_seed"":314176,""weight_decay"":0.0001,""width"":128}",primary_replication,"Prompt 11 supported row: Fashion-MNIST, mlp2, N=3, W=128, no shift, activation matching."
fashion_mnist_mlp2_N3_W128_none_weight,fashion_mnist_mlp2_N3_W128_none_weight_seed4015,fashion_mnist,mlp2,3,128,none,weight,4015,0,9054,0.424154670715332,0.8575,0.4787103175163269,0.8308,False,,"{""architecture"":""mlp2"",""augmentation"":""none"",""checkpoint_saved"":false,""dataset"":""fashion_mnist"",""dataset_seed"":314159,""domain_shift"":""none"",""epochs"":10,""experiment_seed"":4015,""gamma"":0.5,""local_seed"":9054,""matching"":""weight"",""max_test_samples"":5000,""max_train_samples"":10000,""model_index"":0,""n_models"":3,""optimizer"":""adamw"",""scheduler"":""cosine"",""step_size"":3,""train_split_seed"":314176,""weight_decay"":0.0001,""width"":128}",neighbor_control,Same primary setting with weight matching.
fashion_mnist_mlp2_N3_W128_none_weight,fashion_mnist_mlp2_N3_W128_none_weight_seed4015,fashion_mnist,mlp2,3,128,none,weight,4015,1,10063,0.42422726440429687,0.8565,0.4818371525287628,0.832,False,,"{""architecture"":""mlp2"",""augmentation"":""none"",""checkpoint_saved"":false,""dataset"":""fashion_mnist"",""dataset_seed"":314159,""domain_shift"":""none"",""epochs"":10,""experiment_seed"":4015,""gamma"":0.5,""local_seed"":10063,""matching"":""weight"",""max_test_samples"":5000,""max_train_samples"":10000,""model_index"":1,""n_models"":3,""optimizer"":""adamw"",""scheduler"":""cosine"",""step_size"":3,""train_split_seed"":314176,""weight_decay"":0.0001,""width"":128}",neighbor_control,Same primary setting with weight matching.
fashion_mnist_mlp2_N3_W128_none_weight,fashion_mnist_mlp2_N3_W128_none_weight_seed4015,fashion_mnist,mlp2,3,128,none,weight,4015,2,11072,0.4219371795654297,0.8595,0.4814573989868164,0.8328,False,,"{""architecture"":""mlp2"",""augmentation"":""none"",""checkpoint_saved"":false,""dataset"":""fashion_mnist"",""dataset_seed"":314159,""domain_shift"":""none"",""epochs"":10,""experiment_seed"":4015,""gamma"":0.5,""local_seed"":11072,""matching"":""weight"",""max_test_samples"":5000,""max_train_samples"":10000,""model_index"":2,""n_models"":3,""optimizer"":""adamw"",""scheduler"":""cosine"",""step_size"":3,""train_split_seed"":314176,""weight_decay"":0.0001,""width"":128}",neighbor_control,Same primary setting with weight matching.
fashion_mnist_mlp2_N3_W128_none_activation,fashion_mnist_mlp2_N3_W128_none_activation_seed4016,fashion_mnist,mlp2,3,128,none,activation,4016,0,9055,0.41756811141967776,0.8605,0.47771119875907897,0.8324,False,,"{""architecture"":""mlp2"",""augmentation"":""none"",""checkpoint_saved"":false,""dataset"":""fashion_mnist"",""dataset_seed"":314159,""domain_shift"":""none"",""epochs"":10,""experiment_seed"":4016,""gamma"":0.5,""local_seed"":9055,""matching"":""activation"",""max_test_samples"":5000,""max_train_samples"":10000,""model_index"":0,""n_models"":3,""optimizer"":""adamw"",""scheduler"":""cosine"",""step_size"":3,""train_split_seed"":314176,""weight_decay"":0.0001,""width"":128}",primary_replication,"Prompt 11 supported row: Fashion-MNIST, mlp2, N=3, W=128, no shift, activation matching."
fashion_mnist_mlp2_N3_W128_none_activation,fashion_mnist_mlp2_N3_W128_none_activation_seed4016,fashion_mnist,mlp2,3,128,none,activation,4016,1,10064,0.42580212593078615,0.86,0.48526570343971254,0.8304,False,,"{""architecture"":""mlp2"",""augmentation"":""none"",""checkpoint_saved"":false,""dataset"":""fashion_mnist"",""dataset_seed"":314159,""domain_shift"":""none"",""epochs"":10,""experiment_seed"":4016,""gamma"":0.5,""local_seed"":10064,""matching"":""activation"",""max_test_samples"":5000,""max_train_samples"":10000,""model_index"":1,""n_models"":3,""optimizer"":""adamw"",""scheduler"":""cosine"",""step_size"":3,""train_split_seed"":314176,""weight_decay"":0.0001,""width"":128}",primary_replication,"Prompt 11 supported row: Fashion-MNIST, mlp2, N=3, W=128, no shift, activation matching."
fashion_mnist_mlp2_N3_W128_none_activation,fashion_mnist_mlp2_N3_W128_none_activation_seed4016,fashion_mnist,mlp2,3,128,none,activation,4016,2,11073,0.42376659202575684,0.863,0.4801662667274475,0.8336,False,,"{""architecture"":""mlp2"",""augmentation"":""none"",""checkpoint_saved"":false,""dataset"":""fashion_mnist"",""dataset_seed"":314159,""domain_shift"":""none"",""epochs"":10,""experiment_seed"":4016,""gamma"":0.5,""local_seed"":11073,""matching"":""activation"",""max_test_samples"":5000,""max_train_samples"":10000,""model_index"":2,""n_models"":3,""optimizer"":""adamw"",""scheduler"":""cosine"",""step_size"":3,""train_split_seed"":314176,""weight_decay"":0.0001,""width"":128}",primary_replication,"Prompt 11 supported row: Fashion-MNIST, mlp2, N=3, W=128, no shift, activation matching."
fashion_mnist_mlp2_N3_W128_none_weight,fashion_mnist_mlp2_N3_W128_none_weight_seed4016,fashion_mnist,mlp2,3,128,none,weight,4016,0,9055,0.41756811141967776,0.8605,0.47771119875907897,0.8324,False,,"{""architecture"":""mlp2"",""augmentation"":""none"",""checkpoint_saved"":false,""dataset"":""fashion_mnist"",""dataset_seed"":314159,""domain_shift"":""none"",""epochs"":10,""experiment_seed"":4016,""gamma"":0.5,""local_seed"":9055,""matching"":""weight"",""max_test_samples"":5000,""max_train_samples"":10000,""model_index"":0,""n_models"":3,""optimizer"":""adamw"",""scheduler"":""cosine"",""step_size"":3,""train_split_seed"":314176,""weight_decay"":0.0001,""width"":128}",neighbor_control,Same primary setting with weight matching.
fashion_mnist_mlp2_N3_W128_none_weight,fashion_mnist_mlp2_N3_W128_none_weight_seed4016,fashion_mnist,mlp2,3,128,none,weight,4016,1,10064,0.42580212593078615,0.86,0.48526570343971254,0.8304,False,,"{""architecture"":""mlp2"",""augmentation"":""none"",""checkpoint_saved"":false,""dataset"":""fashion_mnist"",""dataset_seed"":314159,""domain_shift"":""none"",""epochs"":10,""experiment_seed"":4016,""gamma"":0.5,""local_seed"":10064,""matching"":""weight"",""max_test_samples"":5000,""max_train_samples"":10000,""model_index"":1,""n_models"":3,""optimizer"":""adamw"",""scheduler"":""cosine"",""step_size"":3,""train_split_seed"":314176,""weight_decay"":0.0001,""width"":128}",neighbor_control,Same primary setting with weight matching.
fashion_mnist_mlp2_N3_W128_none_weight,fashion_mnist_mlp2_N3_W128_none_weight_seed4016,fashion_mnist,mlp2,3,128,none,weight,4016,2,11073,0.42376659202575684,0.863,0.4801662667274475,0.8336,False,,"{""architecture"":""mlp2"",""augmentation"":""none"",""checkpoint_saved"":false,""dataset"":""fashion_mnist"",""dataset_seed"":314159,""domain_shift"":""none"",""epochs"":10,""experiment_seed"":4016,""gamma"":0.5,""local_seed"":11073,""matching"":""weight"",""max_test_samples"":5000,""max_train_samples"":10000,""model_index"":2,""n_models"":3,""optimizer"":""adamw"",""scheduler"":""cosine"",""step_size"":3,""train_split_seed"":314176,""weight_decay"":0.0001,""width"":128}",neighbor_control,Same primary setting with weight matching.
fashion_mnist_mlp2_N3_W128_none_activation,fashion_mnist_mlp2_N3_W128_none_activation_seed4017,fashion_mnist,mlp2,3,128,none,activation,4017,0,9056,0.4225669651031494,0.857,0.47681430249214174,0.8308,False,,"{""architecture"":""mlp2"",""augmentation"":""none"",""checkpoint_saved"":false,""dataset"":""fashion_mnist"",""dataset_seed"":314159,""domain_shift"":""none"",""epochs"":10,""experiment_seed"":4017,""gamma"":0.5,""local_seed"":9056,""matching"":""activation"",""max_test_samples"":5000,""max_train_samples"":10000,""model_index"":0,""n_models"":3,""optimizer"":""adamw"",""scheduler"":""cosine"",""step_size"":3,""train_split_seed"":314176,""weight_decay"":0.0001,""width"":128}",primary_replication,"Prompt 11 supported row: Fashion-MNIST, mlp2, N=3, W=128, no shift, activation matching."
fashion_mnist_mlp2_N3_W128_none_activation,fashion_mnist_mlp2_N3_W128_none_activation_seed4017,fashion_mnist,mlp2,3,128,none,activation,4017,1,10065,0.42206042861938475,0.8575,0.47987034282684327,0.8308,False,,"{""architecture"":""mlp2"",""augmentation"":""none"",""checkpoint_saved"":false,""dataset"":""fashion_mnist"",""dataset_seed"":314159,""domain_shift"":""none"",""epochs"":10,""experiment_seed"":4017,""gamma"":0.5,""local_seed"":10065,""matching"":""activation"",""max_test_samples"":5000,""max_train_samples"":10000,""model_index"":1,""n_models"":3,""optimizer"":""adamw"",""scheduler"":""cosine"",""step_size"":3,""train_split_seed"":314176,""weight_decay"":0.0001,""width"":128}",primary_replication,"Prompt 11 supported row: Fashion-MNIST, mlp2, N=3, W=128, no shift, activation matching."
fashion_mnist_mlp2_N3_W128_none_activation,fashion_mnist_mlp2_N3_W128_none_activation_seed4017,fashion_mnist,mlp2,3,128,none,activation,4017,2,11074,0.4214947299957275,0.857,0.4830175759315491,0.8308,False,,"{""architecture"":""mlp2"",""augmentation"":""none"",""checkpoint_saved"":false,""dataset"":""fashion_mnist"",""dataset_seed"":314159,""domain_shift"":""none"",""epochs"":10,""experiment_seed"":4017,""gamma"":0.5,""local_seed"":11074,""matching"":""activation"",""max_test_samples"":5000,""max_train_samples"":10000,""model_index"":2,""n_models"":3,""optimizer"":""adamw"",""scheduler"":""cosine"",""step_size"":3,""train_split_seed"":314176,""weight_decay"":0.0001,""width"":128}",primary_replication,"Prompt 11 supported row: Fashion-MNIST, mlp2, N=3, W=128, no shift, activation matching."
fashion_mnist_mlp2_N3_W128_none_weight,fashion_mnist_mlp2_N3_W128_none_weight_seed4017,fashion_mnist,mlp2,3,128,none,weight,4017,0,9056,0.4225669651031494,0.857,0.47681430249214174,0.8308,False,,"{""architecture"":""mlp2"",""augmentation"":""none"",""checkpoint_saved"":false,""dataset"":""fashion_mnist"",""dataset_seed"":314159,""domain_shift"":""none"",""epochs"":10,""experiment_seed"":4017,""gamma"":0.5,""local_seed"":9056,""matching"":""weight"",""max_test_samples"":5000,""max_train_samples"":10000,""model_index"":0,""n_models"":3,""optimizer"":""adamw"",""scheduler"":""cosine"",""step_size"":3,""train_split_seed"":314176,""weight_decay"":0.0001,""width"":128}",neighbor_control,Same primary setting with weight matching.
fashion_mnist_mlp2_N3_W128_none_weight,fashion_mnist_mlp2_N3_W128_none_weight_seed4017,fashion_mnist,mlp2,3,128,none,weight,4017,1,10065,0.42206042861938475,0.8575,0.47987034282684327,0.8308,False,,"{""architecture"":""mlp2"",""augmentation"":""none"",""checkpoint_saved"":false,""dataset"":""fashion_mnist"",""dataset_seed"":314159,""domain_shift"":""none"",""epochs"":10,""experiment_seed"":4017,""gamma"":0.5,""local_seed"":10065,""matching"":""weight"",""max_test_samples"":5000,""max_train_samples"":10000,""model_index"":1,""n_models"":3,""optimizer"":""adamw"",""scheduler"":""cosine"",""step_size"":3,""train_split_seed"":314176,""weight_decay"":0.0001,""width"":128}",neighbor_control,Same primary setting with weight matching.
fashion_mnist_mlp2_N3_W128_none_weight,fashion_mnist_mlp2_N3_W128_none_weight_seed4017,fashion_mnist,mlp2,3,128,none,weight,4017,2,11074,0.4214947299957275,0.857,0.4830175759315491,0.8308,False,,"{""architecture"":""mlp2"",""augmentation"":""none"",""checkpoint_saved"":false,""dataset"":""fashion_mnist"",""dataset_seed"":314159,""domain_shift"":""none"",""epochs"":10,""experiment_seed"":4017,""gamma"":0.5,""local_seed"":11074,""matching"":""weight"",""max_test_samples"":5000,""max_train_samples"":10000,""model_index"":2,""n_models"":3,""optimizer"":""adamw"",""scheduler"":""cosine"",""step_size"":3,""train_split_seed"":314176,""weight_decay"":0.0001,""width"":128}",neighbor_control,Same primary setting with weight matching.
fashion_mnist_mlp2_N3_W128_none_activation,fashion_mnist_mlp2_N3_W128_none_activation_seed4018,fashion_mnist,mlp2,3,128,none,activation,4018,0,9057,0.4230150489807129,0.8605,0.48123265891075134,0.8338,False,,"{""architecture"":""mlp2"",""augmentation"":""none"",""checkpoint_saved"":false,""dataset"":""fashion_mnist"",""dataset_seed"":314159,""domain_shift"":""none"",""epochs"":10,""experiment_seed"":4018,""gamma"":0.5,""local_seed"":9057,""matching"":""activation"",""max_test_samples"":5000,""max_train_samples"":10000,""model_index"":0,""n_models"":3,""optimizer"":""adamw"",""scheduler"":""cosine"",""step_size"":3,""train_split_seed"":314176,""weight_decay"":0.0001,""width"":128}",primary_replication,"Prompt 11 supported row: Fashion-MNIST, mlp2, N=3, W=128, no shift, activation matching."
fashion_mnist_mlp2_N3_W128_none_activation,fashion_mnist_mlp2_N3_W128_none_activation_seed4018,fashion_mnist,mlp2,3,128,none,activation,4018,1,10066,0.422029317855835,0.859,0.47509291582107543,0.8332,False,,"{""architecture"":""mlp2"",""augmentation"":""none"",""checkpoint_saved"":false,""dataset"":""fashion_mnist"",""dataset_seed"":314159,""domain_shift"":""none"",""epochs"":10,""experiment_seed"":4018,""gamma"":0.5,""local_seed"":10066,""matching"":""activation"",""max_test_samples"":5000,""max_train_samples"":10000,""model_index"":1,""n_models"":3,""optimizer"":""adamw"",""scheduler"":""cosine"",""step_size"":3,""train_split_seed"":314176,""weight_decay"":0.0001,""width"":128}",primary_replication,"Prompt 11 supported row: Fashion-MNIST, mlp2, N=3, W=128, no shift, activation matching."
fashion_mnist_mlp2_N3_W128_none_activation,fashion_mnist_mlp2_N3_W128_none_activation_seed4018,fashion_mnist,mlp2,3,128,none,activation,4018,2,11075,0.423952672958374,0.8565,0.47942836232185365,0.8336,False,,"{""architecture"":""mlp2"",""augmentation"":""none"",""checkpoint_saved"":false,""dataset"":""fashion_mnist"",""dataset_seed"":314159,""domain_shift"":""none"",""epochs"":10,""experiment_seed"":4018,""gamma"":0.5,""local_seed"":11075,""matching"":""activation"",""max_test_samples"":5000,""max_train_samples"":10000,""model_index"":2,""n_models"":3,""optimizer"":""adamw"",""scheduler"":""cosine"",""step_size"":3,""train_split_seed"":314176,""weight_decay"":0.0001,""width"":128}",primary_replication,"Prompt 11 supported row: Fashion-MNIST, mlp2, N=3, W=128, no shift, activation matching."
fashion_mnist_mlp2_N3_W128_none_weight,fashion_mnist_mlp2_N3_W128_none_weight_seed4018,fashion_mnist,mlp2,3,128,none,weight,4018,0,9057,0.4230150489807129,0.8605,0.48123265891075134,0.8338,False,,"{""architecture"":""mlp2"",""augmentation"":""none"",""checkpoint_saved"":false,""dataset"":""fashion_mnist"",""dataset_seed"":314159,""domain_shift"":""none"",""epochs"":10,""experiment_seed"":4018,""gamma"":0.5,""local_seed"":9057,""matching"":""weight"",""max_test_samples"":5000,""max_train_samples"":10000,""model_index"":0,""n_models"":3,""optimizer"":""adamw"",""scheduler"":""cosine"",""step_size"":3,""train_split_seed"":314176,""weight_decay"":0.0001,""width"":128}",neighbor_control,Same primary setting with weight matching.
fashion_mnist_mlp2_N3_W128_none_weight,fashion_mnist_mlp2_N3_W128_none_weight_seed4018,fashion_mnist,mlp2,3,128,none,weight,4018,1,10066,0.422029317855835,0.859,0.47509291582107543,0.8332,False,,"{""architecture"":""mlp2"",""augmentation"":""none"",""checkpoint_saved"":false,""dataset"":""fashion_mnist"",""dataset_seed"":314159,""domain_shift"":""none"",""epochs"":10,""experiment_seed"":4018,""gamma"":0.5,""local_seed"":10066,""matching"":""weight"",""max_test_samples"":5000,""max_train_samples"":10000,""model_index"":1,""n_models"":3,""optimizer"":""adamw"",""scheduler"":""cosine"",""step_size"":3,""train_split_seed"":314176,""weight_decay"":0.0001,""width"":128}",neighbor_control,Same primary setting with weight matching.
fashion_mnist_mlp2_N3_W128_none_weight,fashion_mnist_mlp2_N3_W128_none_weight_seed4018,fashion_mnist,mlp2,3,128,none,weight,4018,2,11075,0.423952672958374,0.8565,0.47942836232185365,0.8336,False,,"{""architecture"":""mlp2"",""augmentation"":""none"",""checkpoint_saved"":false,""dataset"":""fashion_mnist"",""dataset_seed"":314159,""domain_shift"":""none"",""epochs"":10,""experiment_seed"":4018,""gamma"":0.5,""local_seed"":11075,""matching"":""weight"",""max_test_samples"":5000,""max_train_samples"":10000,""model_index"":2,""n_models"":3,""optimizer"":""adamw"",""scheduler"":""cosine"",""step_size"":3,""train_split_seed"":314176,""weight_decay"":0.0001,""width"":128}",neighbor_control,Same primary setting with weight matching.
fashion_mnist_mlp2_N3_W128_none_activation,fashion_mnist_mlp2_N3_W128_none_activation_seed4019,fashion_mnist,mlp2,3,128,none,activation,4019,0,9058,0.41782021141052245,0.865,0.475964138174057,0.8326,False,,"{""architecture"":""mlp2"",""augmentation"":""none"",""checkpoint_saved"":false,""dataset"":""fashion_mnist"",""dataset_seed"":314159,""domain_shift"":""none"",""epochs"":10,""experiment_seed"":4019,""gamma"":0.5,""local_seed"":9058,""matching"":""activation"",""max_test_samples"":5000,""max_train_samples"":10000,""model_index"":0,""n_models"":3,""optimizer"":""adamw"",""scheduler"":""cosine"",""step_size"":3,""train_split_seed"":314176,""weight_decay"":0.0001,""width"":128}",primary_replication,"Prompt 11 supported row: Fashion-MNIST, mlp2, N=3, W=128, no shift, activation matching."
fashion_mnist_mlp2_N3_W128_none_activation,fashion_mnist_mlp2_N3_W128_none_activation_seed4019,fashion_mnist,mlp2,3,128,none,activation,4019,1,10067,0.41997752571105956,0.858,0.4800403301715851,0.8314,False,,"{""architecture"":""mlp2"",""augmentation"":""none"",""checkpoint_saved"":false,""dataset"":""fashion_mnist"",""dataset_seed"":314159,""domain_shift"":""none"",""epochs"":10,""experiment_seed"":4019,""gamma"":0.5,""local_seed"":10067,""matching"":""activation"",""max_test_samples"":5000,""max_train_samples"":10000,""model_index"":1,""n_models"":3,""optimizer"":""adamw"",""scheduler"":""cosine"",""step_size"":3,""train_split_seed"":314176,""weight_decay"":0.0001,""width"":128}",primary_replication,"Prompt 11 supported row: Fashion-MNIST, mlp2, N=3, W=128, no shift, activation matching."
fashion_mnist_mlp2_N3_W128_none_activation,fashion_mnist_mlp2_N3_W128_none_activation_seed4019,fashion_mnist,mlp2,3,128,none,activation,4019,2,11076,0.4231534786224365,0.8585,0.4818443013191223,0.8296,False,,"{""architecture"":""mlp2"",""augmentation"":""none"",""checkpoint_saved"":false,""dataset"":""fashion_mnist"",""dataset_seed"":314159,""domain_shift"":""none"",""epochs"":10,""experiment_seed"":4019,""gamma"":0.5,""local_seed"":11076,""matching"":""activation"",""max_test_samples"":5000,""max_train_samples"":10000,""model_index"":2,""n_models"":3,""optimizer"":""adamw"",""scheduler"":""cosine"",""step_size"":3,""train_split_seed"":314176,""weight_decay"":0.0001,""width"":128}",primary_replication,"Prompt 11 supported row: Fashion-MNIST, mlp2, N=3, W=128, no shift, activation matching."
fashion_mnist_mlp2_N3_W128_none_weight,fashion_mnist_mlp2_N3_W128_none_weight_seed4019,fashion_mnist,mlp2,3,128,none,weight,4019,0,9058,0.41782021141052245,0.865,0.475964138174057,0.8326,False,,"{""architecture"":""mlp2"",""augmentation"":""none"",""checkpoint_saved"":false,""dataset"":""fashion_mnist"",""dataset_seed"":314159,""domain_shift"":""none"",""epochs"":10,""experiment_seed"":4019,""gamma"":0.5,""local_seed"":9058,""matching"":""weight"",""max_test_samples"":5000,""max_train_samples"":10000,""model_index"":0,""n_models"":3,""optimizer"":""adamw"",""scheduler"":""cosine"",""step_size"":3,""train_split_seed"":314176,""weight_decay"":0.0001,""width"":128}",neighbor_control,Same primary setting with weight matching.
fashion_mnist_mlp2_N3_W128_none_weight,fashion_mnist_mlp2_N3_W128_none_weight_seed4019,fashion_mnist,mlp2,3,128,none,weight,4019,1,10067,0.41997752571105956,0.858,0.4800403301715851,0.8314,False,,"{""architecture"":""mlp2"",""augmentation"":""none"",""checkpoint_saved"":false,""dataset"":""fashion_mnist"",""dataset_seed"":314159,""domain_shift"":""none"",""epochs"":10,""experiment_seed"":4019,""gamma"":0.5,""local_seed"":10067,""matching"":""weight"",""max_test_samples"":5000,""max_train_samples"":10000,""model_index"":1,""n_models"":3,""optimizer"":""adamw"",""scheduler"":""cosine"",""step_size"":3,""train_split_seed"":314176,""weight_decay"":0.0001,""width"":128}",neighbor_control,Same primary setting with weight matching.
fashion_mnist_mlp2_N3_W128_none_weight,fashion_mnist_mlp2_N3_W128_none_weight_seed4019,fashion_mnist,mlp2,3,128,none,weight,4019,2,11076,0.4231534786224365,0.8585,0.4818443013191223,0.8296,False,,"{""architecture"":""mlp2"",""augmentation"":""none"",""checkpoint_saved"":false,""dataset"":""fashion_mnist"",""dataset_seed"":314159,""domain_shift"":""none"",""epochs"":10,""experiment_seed"":4019,""gamma"":0.5,""local_seed"":11076,""matching"":""weight"",""max_test_samples"":5000,""max_train_samples"":10000,""model_index"":2,""n_models"":3,""optimizer"":""adamw"",""scheduler"":""cosine"",""step_size"":3,""train_split_seed"":314176,""weight_decay"":0.0001,""width"":128}",neighbor_control,Same primary setting with weight matching.
fashion_mnist_mlp2_N3_W128_none_activation,fashion_mnist_mlp2_N3_W128_none_activation_seed4020,fashion_mnist,mlp2,3,128,none,activation,4020,0,9059,0.4221761531829834,0.855,0.482073912191391,0.8298,False,,"{""architecture"":""mlp2"",""augmentation"":""none"",""checkpoint_saved"":false,""dataset"":""fashion_mnist"",""dataset_seed"":314159,""domain_shift"":""none"",""epochs"":10,""experiment_seed"":4020,""gamma"":0.5,""local_seed"":9059,""matching"":""activation"",""max_test_samples"":5000,""max_train_samples"":10000,""model_index"":0,""n_models"":3,""optimizer"":""adamw"",""scheduler"":""cosine"",""step_size"":3,""train_split_seed"":314176,""weight_decay"":0.0001,""width"":128}",primary_replication,"Prompt 11 supported row: Fashion-MNIST, mlp2, N=3, W=128, no shift, activation matching."
fashion_mnist_mlp2_N3_W128_none_activation,fashion_mnist_mlp2_N3_W128_none_activation_seed4020,fashion_mnist,mlp2,3,128,none,activation,4020,1,10068,0.42473611640930176,0.8565,0.4815157256126404,0.8328,False,,"{""architecture"":""mlp2"",""augmentation"":""none"",""checkpoint_saved"":false,""dataset"":""fashion_mnist"",""dataset_seed"":314159,""domain_shift"":""none"",""epochs"":10,""experiment_seed"":4020,""gamma"":0.5,""local_seed"":10068,""matching"":""activation"",""max_test_samples"":5000,""max_train_samples"":10000,""model_index"":1,""n_models"":3,""optimizer"":""adamw"",""scheduler"":""cosine"",""step_size"":3,""train_split_seed"":314176,""weight_decay"":0.0001,""width"":128}",primary_replication,"Prompt 11 supported row: Fashion-MNIST, mlp2, N=3, W=128, no shift, activation matching."
fashion_mnist_mlp2_N3_W128_none_activation,fashion_mnist_mlp2_N3_W128_none_activation_seed4020,fashion_mnist,mlp2,3,128,none,activation,4020,2,11077,0.42000497817993165,0.859,0.4770154268264771,0.8352,False,,"{""architecture"":""mlp2"",""augmentation"":""none"",""checkpoint_saved"":false,""dataset"":""fashion_mnist"",""dataset_seed"":314159,""domain_shift"":""none"",""epochs"":10,""experiment_seed"":4020,""gamma"":0.5,""local_seed"":11077,""matching"":""activation"",""max_test_samples"":5000,""max_train_samples"":10000,""model_index"":2,""n_models"":3,""optimizer"":""adamw"",""scheduler"":""cosine"",""step_size"":3,""train_split_seed"":314176,""weight_decay"":0.0001,""width"":128}",primary_replication,"Prompt 11 supported row: Fashion-MNIST, mlp2, N=3, W=128, no shift, activation matching."
fashion_mnist_mlp2_N3_W128_none_weight,fashion_mnist_mlp2_N3_W128_none_weight_seed4020,fashion_mnist,mlp2,3,128,none,weight,4020,0,9059,0.4221761531829834,0.855,0.482073912191391,0.8298,False,,"{""architecture"":""mlp2"",""augmentation"":""none"",""checkpoint_saved"":false,""dataset"":""fashion_mnist"",""dataset_seed"":314159,""domain_shift"":""none"",""epochs"":10,""experiment_seed"":4020,""gamma"":0.5,""local_seed"":9059,""matching"":""weight"",""max_test_samples"":5000,""max_train_samples"":10000,""model_index"":0,""n_models"":3,""optimizer"":""adamw"",""scheduler"":""cosine"",""step_size"":3,""train_split_seed"":314176,""weight_decay"":0.0001,""width"":128}",neighbor_control,Same primary setting with weight matching.
fashion_mnist_mlp2_N3_W128_none_weight,fashion_mnist_mlp2_N3_W128_none_weight_seed4020,fashion_mnist,mlp2,3,128,none,weight,4020,1,10068,0.42473611640930176,0.8565,0.4815157256126404,0.8328,False,,"{""architecture"":""mlp2"",""augmentation"":""none"",""checkpoint_saved"":false,""dataset"":""fashion_mnist"",""dataset_seed"":314159,""domain_shift"":""none"",""epochs"":10,""experiment_seed"":4020,""gamma"":0.5,""local_seed"":10068,""matching"":""weight"",""max_test_samples"":5000,""max_train_samples"":10000,""model_index"":1,""n_models"":3,""optimizer"":""adamw"",""scheduler"":""cosine"",""step_size"":3,""train_split_seed"":314176,""weight_decay"":0.0001,""width"":128}",neighbor_control,Same primary setting with weight matching.
fashion_mnist_mlp2_N3_W128_none_weight,fashion_mnist_mlp2_N3_W128_none_weight_seed4020,fashion_mnist,mlp2,3,128,none,weight,4020,2,11077,0.42000497817993165,0.859,0.4770154268264771,0.8352,False,,"{""architecture"":""mlp2"",""augmentation"":""none"",""checkpoint_saved"":false,""dataset"":""fashion_mnist"",""dataset_seed"":314159,""domain_shift"":""none"",""epochs"":10,""experiment_seed"":4020,""gamma"":0.5,""local_seed"":11077,""matching"":""weight"",""max_test_samples"":5000,""max_train_samples"":10000,""model_index"":2,""n_models"":3,""optimizer"":""adamw"",""scheduler"":""cosine"",""step_size"":3,""train_split_seed"":314176,""weight_decay"":0.0001,""width"":128}",neighbor_control,Same primary setting with weight matching.
fashion_mnist_mlp2_N3_W128_none_activation,fashion_mnist_mlp2_N3_W128_none_activation_seed4021,fashion_mnist,mlp2,3,128,none,activation,4021,0,9060,0.4231207046508789,0.8635,0.48234254665374754,0.8326,False,,"{""architecture"":""mlp2"",""augmentation"":""none"",""checkpoint_saved"":false,""dataset"":""fashion_mnist"",""dataset_seed"":314159,""domain_shift"":""none"",""epochs"":10,""experiment_seed"":4021,""gamma"":0.5,""local_seed"":9060,""matching"":""activation"",""max_test_samples"":5000,""max_train_samples"":10000,""model_index"":0,""n_models"":3,""optimizer"":""adamw"",""scheduler"":""cosine"",""step_size"":3,""train_split_seed"":314176,""weight_decay"":0.0001,""width"":128}",primary_replication,"Prompt 11 supported row: Fashion-MNIST, mlp2, N=3, W=128, no shift, activation matching."
fashion_mnist_mlp2_N3_W128_none_activation,fashion_mnist_mlp2_N3_W128_none_activation_seed4021,fashion_mnist,mlp2,3,128,none,activation,4021,1,10069,0.42082913970947267,0.8625,0.47886260538101194,0.8338,False,,"{""architecture"":""mlp2"",""augmentation"":""none"",""checkpoint_saved"":false,""dataset"":""fashion_mnist"",""dataset_seed"":314159,""domain_shift"":""none"",""epochs"":10,""experiment_seed"":4021,""gamma"":0.5,""local_seed"":10069,""matching"":""activation"",""max_test_samples"":5000,""max_train_samples"":10000,""model_index"":1,""n_models"":3,""optimizer"":""adamw"",""scheduler"":""cosine"",""step_size"":3,""train_split_seed"":314176,""weight_decay"":0.0001,""width"":128}",primary_replication,"Prompt 11 supported row: Fashion-MNIST, mlp2, N=3, W=128, no shift, activation matching."
fashion_mnist_mlp2_N3_W128_none_activation,fashion_mnist_mlp2_N3_W128_none_activation_seed4021,fashion_mnist,mlp2,3,128,none,activation,4021,2,11078,0.4273083724975586,0.8565,0.48199474120140073,0.831,False,,"{""architecture"":""mlp2"",""augmentation"":""none"",""checkpoint_saved"":false,""dataset"":""fashion_mnist"",""dataset_seed"":314159,""domain_shift"":""none"",""epochs"":10,""experiment_seed"":4021,""gamma"":0.5,""local_seed"":11078,""matching"":""activation"",""max_test_samples"":5000,""max_train_samples"":10000,""model_index"":2,""n_models"":3,""optimizer"":""adamw"",""scheduler"":""cosine"",""step_size"":3,""train_split_seed"":314176,""weight_decay"":0.0001,""width"":128}",primary_replication,"Prompt 11 supported row: Fashion-MNIST, mlp2, N=3, W=128, no shift, activation matching."
fashion_mnist_mlp2_N3_W128_none_weight,fashion_mnist_mlp2_N3_W128_none_weight_seed4021,fashion_mnist,mlp2,3,128,none,weight,4021,0,9060,0.4231207046508789,0.8635,0.48234254665374754,0.8326,False,,"{""architecture"":""mlp2"",""augmentation"":""none"",""checkpoint_saved"":false,""dataset"":""fashion_mnist"",""dataset_seed"":314159,""domain_shift"":""none"",""epochs"":10,""experiment_seed"":4021,""gamma"":0.5,""local_seed"":9060,""matching"":""weight"",""max_test_samples"":5000,""max_train_samples"":10000,""model_index"":0,""n_models"":3,""optimizer"":""adamw"",""scheduler"":""cosine"",""step_size"":3,""train_split_seed"":314176,""weight_decay"":0.0001,""width"":128}",neighbor_control,Same primary setting with weight matching.
fashion_mnist_mlp2_N3_W128_none_weight,fashion_mnist_mlp2_N3_W128_none_weight_seed4021,fashion_mnist,mlp2,3,128,none,weight,4021,1,10069,0.42082913970947267,0.8625,0.47886260538101194,0.8338,False,,"{""architecture"":""mlp2"",""augmentation"":""none"",""checkpoint_saved"":false,""dataset"":""fashion_mnist"",""dataset_seed"":314159,""domain_shift"":""none"",""epochs"":10,""experiment_seed"":4021,""gamma"":0.5,""local_seed"":10069,""matching"":""weight"",""max_test_samples"":5000,""max_train_samples"":10000,""model_index"":1,""n_models"":3,""optimizer"":""adamw"",""scheduler"":""cosine"",""step_size"":3,""train_split_seed"":314176,""weight_decay"":0.0001,""width"":128}",neighbor_control,Same primary setting with weight matching.
fashion_mnist_mlp2_N3_W128_none_weight,fashion_mnist_mlp2_N3_W128_none_weight_seed4021,fashion_mnist,mlp2,3,128,none,weight,4021,2,11078,0.4273083724975586,0.8565,0.48199474120140073,0.831,False,,"{""architecture"":""mlp2"",""augmentation"":""none"",""checkpoint_saved"":false,""dataset"":""fashion_mnist"",""dataset_seed"":314159,""domain_shift"":""none"",""epochs"":10,""experiment_seed"":4021,""gamma"":0.5,""local_seed"":11078,""matching"":""weight"",""max_test_samples"":5000,""max_train_samples"":10000,""model_index"":2,""n_models"":3,""optimizer"":""adamw"",""scheduler"":""cosine"",""step_size"":3,""train_split_seed"":314176,""weight_decay"":0.0001,""width"":128}",neighbor_control,Same primary setting with weight matching.
fashion_mnist_mlp2_N3_W128_none_activation,fashion_mnist_mlp2_N3_W128_none_activation_seed4022,fashion_mnist,mlp2,3,128,none,activation,4022,0,9061,0.42450579261779786,0.854,0.48165842170715334,0.8346,False,,"{""architecture"":""mlp2"",""augmentation"":""none"",""checkpoint_saved"":false,""dataset"":""fashion_mnist"",""dataset_seed"":314159,""domain_shift"":""none"",""epochs"":10,""experiment_seed"":4022,""gamma"":0.5,""local_seed"":9061,""matching"":""activation"",""max_test_samples"":5000,""max_train_samples"":10000,""model_index"":0,""n_models"":3,""optimizer"":""adamw"",""scheduler"":""cosine"",""step_size"":3,""train_split_seed"":314176,""weight_decay"":0.0001,""width"":128}",primary_replication,"Prompt 11 supported row: Fashion-MNIST, mlp2, N=3, W=128, no shift, activation matching."
fashion_mnist_mlp2_N3_W128_none_activation,fashion_mnist_mlp2_N3_W128_none_activation_seed4022,fashion_mnist,mlp2,3,128,none,activation,4022,1,10070,0.4244818534851074,0.8595,0.4815585922241211,0.8278,False,,"{""architecture"":""mlp2"",""augmentation"":""none"",""checkpoint_saved"":false,""dataset"":""fashion_mnist"",""dataset_seed"":314159,""domain_shift"":""none"",""epochs"":10,""experiment_seed"":4022,""gamma"":0.5,""local_seed"":10070,""matching"":""activation"",""max_test_samples"":5000,""max_train_samples"":10000,""model_index"":1,""n_models"":3,""optimizer"":""adamw"",""scheduler"":""cosine"",""step_size"":3,""train_split_seed"":314176,""weight_decay"":0.0001,""width"":128}",primary_replication,"Prompt 11 supported row: Fashion-MNIST, mlp2, N=3, W=128, no shift, activation matching."
fashion_mnist_mlp2_N3_W128_none_activation,fashion_mnist_mlp2_N3_W128_none_activation_seed4022,fashion_mnist,mlp2,3,128,none,activation,4022,2,11079,0.4244231777191162,0.862,0.48132090368270875,0.835,False,,"{""architecture"":""mlp2"",""augmentation"":""none"",""checkpoint_saved"":false,""dataset"":""fashion_mnist"",""dataset_seed"":314159,""domain_shift"":""none"",""epochs"":10,""experiment_seed"":4022,""gamma"":0.5,""local_seed"":11079,""matching"":""activation"",""max_test_samples"":5000,""max_train_samples"":10000,""model_index"":2,""n_models"":3,""optimizer"":""adamw"",""scheduler"":""cosine"",""step_size"":3,""train_split_seed"":314176,""weight_decay"":0.0001,""width"":128}",primary_replication,"Prompt 11 supported row: Fashion-MNIST, mlp2, N=3, W=128, no shift, activation matching."
fashion_mnist_mlp2_N3_W128_none_weight,fashion_mnist_mlp2_N3_W128_none_weight_seed4022,fashion_mnist,mlp2,3,128,none,weight,4022,0,9061,0.42450579261779786,0.854,0.48165842170715334,0.8346,False,,"{""architecture"":""mlp2"",""augmentation"":""none"",""checkpoint_saved"":false,""dataset"":""fashion_mnist"",""dataset_seed"":314159,""domain_shift"":""none"",""epochs"":10,""experiment_seed"":4022,""gamma"":0.5,""local_seed"":9061,""matching"":""weight"",""max_test_samples"":5000,""max_train_samples"":10000,""model_index"":0,""n_models"":3,""optimizer"":""adamw"",""scheduler"":""cosine"",""step_size"":3,""train_split_seed"":314176,""weight_decay"":0.0001,""width"":128}",neighbor_control,Same primary setting with weight matching.
fashion_mnist_mlp2_N3_W128_none_weight,fashion_mnist_mlp2_N3_W128_none_weight_seed4022,fashion_mnist,mlp2,3,128,none,weight,4022,1,10070,0.4244818534851074,0.8595,0.4815585922241211,0.8278,False,,"{""architecture"":""mlp2"",""augmentation"":""none"",""checkpoint_saved"":false,""dataset"":""fashion_mnist"",""dataset_seed"":314159,""domain_shift"":""none"",""epochs"":10,""experiment_seed"":4022,""gamma"":0.5,""local_seed"":10070,""matching"":""weight"",""max_test_samples"":5000,""max_train_samples"":10000,""model_index"":1,""n_models"":3,""optimizer"":""adamw"",""scheduler"":""cosine"",""step_size"":3,""train_split_seed"":314176,""weight_decay"":0.0001,""width"":128}",neighbor_control,Same primary setting with weight matching.
fashion_mnist_mlp2_N3_W128_none_weight,fashion_mnist_mlp2_N3_W128_none_weight_seed4022,fashion_mnist,mlp2,3,128,none,weight,4022,2,11079,0.4244231777191162,0.862,0.48132090368270875,0.835,False,,"{""architecture"":""mlp2"",""augmentation"":""none"",""checkpoint_saved"":false,""dataset"":""fashion_mnist"",""dataset_seed"":314159,""domain_shift"":""none"",""epochs"":10,""experiment_seed"":4022,""gamma"":0.5,""local_seed"":11079,""matching"":""weight"",""max_test_samples"":5000,""max_train_samples"":10000,""model_index"":2,""n_models"":3,""optimizer"":""adamw"",""scheduler"":""cosine"",""step_size"":3,""train_split_seed"":314176,""weight_decay"":0.0001,""width"":128}",neighbor_control,Same primary setting with weight matching.
fashion_mnist_mlp2_N3_W128_none_activation,fashion_mnist_mlp2_N3_W128_none_activation_seed4023,fashion_mnist,mlp2,3,128,none,activation,4023,0,9062,0.4243099498748779,0.8615,0.48179660577774047,0.8332,False,,"{""architecture"":""mlp2"",""augmentation"":""none"",""checkpoint_saved"":false,""dataset"":""fashion_mnist"",""dataset_seed"":314159,""domain_shift"":""none"",""epochs"":10,""experiment_seed"":4023,""gamma"":0.5,""local_seed"":9062,""matching"":""activation"",""max_test_samples"":5000,""max_train_samples"":10000,""model_index"":0,""n_models"":3,""optimizer"":""adamw"",""scheduler"":""cosine"",""step_size"":3,""train_split_seed"":314176,""weight_decay"":0.0001,""width"":128}",primary_replication,"Prompt 11 supported row: Fashion-MNIST, mlp2, N=3, W=128, no shift, activation matching."
fashion_mnist_mlp2_N3_W128_none_activation,fashion_mnist_mlp2_N3_W128_none_activation_seed4023,fashion_mnist,mlp2,3,128,none,activation,4023,1,10071,0.4178448257446289,0.864,0.47707042450904846,0.8346,False,,"{""architecture"":""mlp2"",""augmentation"":""none"",""checkpoint_saved"":false,""dataset"":""fashion_mnist"",""dataset_seed"":314159,""domain_shift"":""none"",""epochs"":10,""experiment_seed"":4023,""gamma"":0.5,""local_seed"":10071,""matching"":""activation"",""max_test_samples"":5000,""max_train_samples"":10000,""model_index"":1,""n_models"":3,""optimizer"":""adamw"",""scheduler"":""cosine"",""step_size"":3,""train_split_seed"":314176,""weight_decay"":0.0001,""width"":128}",primary_replication,"Prompt 11 supported row: Fashion-MNIST, mlp2, N=3, W=128, no shift, activation matching."
fashion_mnist_mlp2_N3_W128_none_activation,fashion_mnist_mlp2_N3_W128_none_activation_seed4023,fashion_mnist,mlp2,3,128,none,activation,4023,2,11080,0.42071114730834963,0.8615,0.4825818618297577,0.8316,False,,"{""architecture"":""mlp2"",""augmentation"":""none"",""checkpoint_saved"":false,""dataset"":""fashion_mnist"",""dataset_seed"":314159,""domain_shift"":""none"",""epochs"":10,""experiment_seed"":4023,""gamma"":0.5,""local_seed"":11080,""matching"":""activation"",""max_test_samples"":5000,""max_train_samples"":10000,""model_index"":2,""n_models"":3,""optimizer"":""adamw"",""scheduler"":""cosine"",""step_size"":3,""train_split_seed"":314176,""weight_decay"":0.0001,""width"":128}",primary_replication,"Prompt 11 supported row: Fashion-MNIST, mlp2, N=3, W=128, no shift, activation matching."
fashion_mnist_mlp2_N3_W128_none_weight,fashion_mnist_mlp2_N3_W128_none_weight_seed4023,fashion_mnist,mlp2,3,128,none,weight,4023,0,9062,0.4243099498748779,0.8615,0.48179660577774047,0.8332,False,,"{""architecture"":""mlp2"",""augmentation"":""none"",""checkpoint_saved"":false,""dataset"":""fashion_mnist"",""dataset_seed"":314159,""domain_shift"":""none"",""epochs"":10,""experiment_seed"":4023,""gamma"":0.5,""local_seed"":9062,""matching"":""weight"",""max_test_samples"":5000,""max_train_samples"":10000,""model_index"":0,""n_models"":3,""optimizer"":""adamw"",""scheduler"":""cosine"",""step_size"":3,""train_split_seed"":314176,""weight_decay"":0.0001,""width"":128}",neighbor_control,Same primary setting with weight matching.
fashion_mnist_mlp2_N3_W128_none_weight,fashion_mnist_mlp2_N3_W128_none_weight_seed4023,fashion_mnist,mlp2,3,128,none,weight,4023,1,10071,0.4178448257446289,0.864,0.47707042450904846,0.8346,False,,"{""architecture"":""mlp2"",""augmentation"":""none"",""checkpoint_saved"":false,""dataset"":""fashion_mnist"",""dataset_seed"":314159,""domain_shift"":""none"",""epochs"":10,""experiment_seed"":4023,""gamma"":0.5,""local_seed"":10071,""matching"":""weight"",""max_test_samples"":5000,""max_train_samples"":10000,""model_index"":1,""n_models"":3,""optimizer"":""adamw"",""scheduler"":""cosine"",""step_size"":3,""train_split_seed"":314176,""weight_decay"":0.0001,""width"":128}",neighbor_control,Same primary setting with weight matching.
fashion_mnist_mlp2_N3_W128_none_weight,fashion_mnist_mlp2_N3_W128_none_weight_seed4023,fashion_mnist,mlp2,3,128,none,weight,4023,2,11080,0.42071114730834963,0.8615,0.4825818618297577,0.8316,False,,"{""architecture"":""mlp2"",""augmentation"":""none"",""checkpoint_saved"":false,""dataset"":""fashion_mnist"",""dataset_seed"":314159,""domain_shift"":""none"",""epochs"":10,""experiment_seed"":4023,""gamma"":0.5,""local_seed"":11080,""matching"":""weight"",""max_test_samples"":5000,""max_train_samples"":10000,""model_index"":2,""n_models"":3,""optimizer"":""adamw"",""scheduler"":""cosine"",""step_size"":3,""train_split_seed"":314176,""weight_decay"":0.0001,""width"":128}",neighbor_control,Same primary setting with weight matching.
fashion_mnist_mlp2_N3_W128_none_activation,fashion_mnist_mlp2_N3_W128_none_activation_seed4024,fashion_mnist,mlp2,3,128,none,activation,4024,0,9063,0.427932258605957,0.86,0.48084161968231204,0.8338,False,,"{""architecture"":""mlp2"",""augmentation"":""none"",""checkpoint_saved"":false,""dataset"":""fashion_mnist"",""dataset_seed"":314159,""domain_shift"":""none"",""epochs"":10,""experiment_seed"":4024,""gamma"":0.5,""local_seed"":9063,""matching"":""activation"",""max_test_samples"":5000,""max_train_samples"":10000,""model_index"":0,""n_models"":3,""optimizer"":""adamw"",""scheduler"":""cosine"",""step_size"":3,""train_split_seed"":314176,""weight_decay"":0.0001,""width"":128}",primary_replication,"Prompt 11 supported row: Fashion-MNIST, mlp2, N=3, W=128, no shift, activation matching."
fashion_mnist_mlp2_N3_W128_none_activation,fashion_mnist_mlp2_N3_W128_none_activation_seed4024,fashion_mnist,mlp2,3,128,none,activation,4024,1,10072,0.4232895736694336,0.858,0.4827903681278229,0.8304,False,,"{""architecture"":""mlp2"",""augmentation"":""none"",""checkpoint_saved"":false,""dataset"":""fashion_mnist"",""dataset_seed"":314159,""domain_shift"":""none"",""epochs"":10,""experiment_seed"":4024,""gamma"":0.5,""local_seed"":10072,""matching"":""activation"",""max_test_samples"":5000,""max_train_samples"":10000,""model_index"":1,""n_models"":3,""optimizer"":""adamw"",""scheduler"":""cosine"",""step_size"":3,""train_split_seed"":314176,""weight_decay"":0.0001,""width"":128}",primary_replication,"Prompt 11 supported row: Fashion-MNIST, mlp2, N=3, W=128, no shift, activation matching."
fashion_mnist_mlp2_N3_W128_none_activation,fashion_mnist_mlp2_N3_W128_none_activation_seed4024,fashion_mnist,mlp2,3,128,none,activation,4024,2,11081,0.42671742630004883,0.859,0.4823169893741608,0.8342,False,,"{""architecture"":""mlp2"",""augmentation"":""none"",""checkpoint_saved"":false,""dataset"":""fashion_mnist"",""dataset_seed"":314159,""domain_shift"":""none"",""epochs"":10,""experiment_seed"":4024,""gamma"":0.5,""local_seed"":11081,""matching"":""activation"",""max_test_samples"":5000,""max_train_samples"":10000,""model_index"":2,""n_models"":3,""optimizer"":""adamw"",""scheduler"":""cosine"",""step_size"":3,""train_split_seed"":314176,""weight_decay"":0.0001,""width"":128}",primary_replication,"Prompt 11 supported row: Fashion-MNIST, mlp2, N=3, W=128, no shift, activation matching."
fashion_mnist_mlp2_N3_W128_none_weight,fashion_mnist_mlp2_N3_W128_none_weight_seed4024,fashion_mnist,mlp2,3,128,none,weight,4024,0,9063,0.427932258605957,0.86,0.48084161968231204,0.8338,False,,"{""architecture"":""mlp2"",""augmentation"":""none"",""checkpoint_saved"":false,""dataset"":""fashion_mnist"",""dataset_seed"":314159,""domain_shift"":""none"",""epochs"":10,""experiment_seed"":4024,""gamma"":0.5,""local_seed"":9063,""matching"":""weight"",""max_test_samples"":5000,""max_train_samples"":10000,""model_index"":0,""n_models"":3,""optimizer"":""adamw"",""scheduler"":""cosine"",""step_size"":3,""train_split_seed"":314176,""weight_decay"":0.0001,""width"":128}",neighbor_control,Same primary setting with weight matching.
fashion_mnist_mlp2_N3_W128_none_weight,fashion_mnist_mlp2_N3_W128_none_weight_seed4024,fashion_mnist,mlp2,3,128,none,weight,4024,1,10072,0.4232895736694336,0.858,0.4827903681278229,0.8304,False,,"{""architecture"":""mlp2"",""augmentation"":""none"",""checkpoint_saved"":false,""dataset"":""fashion_mnist"",""dataset_seed"":314159,""domain_shift"":""none"",""epochs"":10,""experiment_seed"":4024,""gamma"":0.5,""local_seed"":10072,""matching"":""weight"",""max_test_samples"":5000,""max_train_samples"":10000,""model_index"":1,""n_models"":3,""optimizer"":""adamw"",""scheduler"":""cosine"",""step_size"":3,""train_split_seed"":314176,""weight_decay"":0.0001,""width"":128}",neighbor_control,Same primary setting with weight matching.
fashion_mnist_mlp2_N3_W128_none_weight,fashion_mnist_mlp2_N3_W128_none_weight_seed4024,fashion_mnist,mlp2,3,128,none,weight,4024,2,11081,0.42671742630004883,0.859,0.4823169893741608,0.8342,False,,"{""architecture"":""mlp2"",""augmentation"":""none"",""checkpoint_saved"":false,""dataset"":""fashion_mnist"",""dataset_seed"":314159,""domain_shift"":""none"",""epochs"":10,""experiment_seed"":4024,""gamma"":0.5,""local_seed"":11081,""matching"":""weight"",""max_test_samples"":5000,""max_train_samples"":10000,""model_index"":2,""n_models"":3,""optimizer"":""adamw"",""scheduler"":""cosine"",""step_size"":3,""train_split_seed"":314176,""weight_decay"":0.0001,""width"":128}",neighbor_control,Same primary setting with weight matching.
fashion_mnist_mlp2_N3_W128_none_activation,fashion_mnist_mlp2_N3_W128_none_activation_seed4025,fashion_mnist,mlp2,3,128,none,activation,4025,0,9064,0.41864666366577147,0.865,0.47934107818603516,0.8348,False,,"{""architecture"":""mlp2"",""augmentation"":""none"",""checkpoint_saved"":false,""dataset"":""fashion_mnist"",""dataset_seed"":314159,""domain_shift"":""none"",""epochs"":10,""experiment_seed"":4025,""gamma"":0.5,""local_seed"":9064,""matching"":""activation"",""max_test_samples"":5000,""max_train_samples"":10000,""model_index"":0,""n_models"":3,""optimizer"":""adamw"",""scheduler"":""cosine"",""step_size"":3,""train_split_seed"":314176,""weight_decay"":0.0001,""width"":128}",primary_replication,"Prompt 11 supported row: Fashion-MNIST, mlp2, N=3, W=128, no shift, activation matching."
fashion_mnist_mlp2_N3_W128_none_activation,fashion_mnist_mlp2_N3_W128_none_activation_seed4025,fashion_mnist,mlp2,3,128,none,activation,4025,1,10073,0.4159492874145508,0.86,0.4743818561553955,0.836,False,,"{""architecture"":""mlp2"",""augmentation"":""none"",""checkpoint_saved"":false,""dataset"":""fashion_mnist"",""dataset_seed"":314159,""domain_shift"":""none"",""epochs"":10,""experiment_seed"":4025,""gamma"":0.5,""local_seed"":10073,""matching"":""activation"",""max_test_samples"":5000,""max_train_samples"":10000,""model_index"":1,""n_models"":3,""optimizer"":""adamw"",""scheduler"":""cosine"",""step_size"":3,""train_split_seed"":314176,""weight_decay"":0.0001,""width"":128}",primary_replication,"Prompt 11 supported row: Fashion-MNIST, mlp2, N=3, W=128, no shift, activation matching."
fashion_mnist_mlp2_N3_W128_none_activation,fashion_mnist_mlp2_N3_W128_none_activation_seed4025,fashion_mnist,mlp2,3,128,none,activation,4025,2,11082,0.42751077270507815,0.856,0.4841284848690033,0.8314,False,,"{""architecture"":""mlp2"",""augmentation"":""none"",""checkpoint_saved"":false,""dataset"":""fashion_mnist"",""dataset_seed"":314159,""domain_shift"":""none"",""epochs"":10,""experiment_seed"":4025,""gamma"":0.5,""local_seed"":11082,""matching"":""activation"",""max_test_samples"":5000,""max_train_samples"":10000,""model_index"":2,""n_models"":3,""optimizer"":""adamw"",""scheduler"":""cosine"",""step_size"":3,""train_split_seed"":314176,""weight_decay"":0.0001,""width"":128}",primary_replication,"Prompt 11 supported row: Fashion-MNIST, mlp2, N=3, W=128, no shift, activation matching."
fashion_mnist_mlp2_N3_W128_none_weight,fashion_mnist_mlp2_N3_W128_none_weight_seed4025,fashion_mnist,mlp2,3,128,none,weight,4025,0,9064,0.41864666366577147,0.865,0.47934107818603516,0.8348,False,,"{""architecture"":""mlp2"",""augmentation"":""none"",""checkpoint_saved"":false,""dataset"":""fashion_mnist"",""dataset_seed"":314159,""domain_shift"":""none"",""epochs"":10,""experiment_seed"":4025,""gamma"":0.5,""local_seed"":9064,""matching"":""weight"",""max_test_samples"":5000,""max_train_samples"":10000,""model_index"":0,""n_models"":3,""optimizer"":""adamw"",""scheduler"":""cosine"",""step_size"":3,""train_split_seed"":314176,""weight_decay"":0.0001,""width"":128}",neighbor_control,Same primary setting with weight matching.
fashion_mnist_mlp2_N3_W128_none_weight,fashion_mnist_mlp2_N3_W128_none_weight_seed4025,fashion_mnist,mlp2,3,128,none,weight,4025,1,10073,0.4159492874145508,0.86,0.4743818561553955,0.836,False,,"{""architecture"":""mlp2"",""augmentation"":""none"",""checkpoint_saved"":false,""dataset"":""fashion_mnist"",""dataset_seed"":314159,""domain_shift"":""none"",""epochs"":10,""experiment_seed"":4025,""gamma"":0.5,""local_seed"":10073,""matching"":""weight"",""max_test_samples"":5000,""max_train_samples"":10000,""model_index"":1,""n_models"":3,""optimizer"":""adamw"",""scheduler"":""cosine"",""step_size"":3,""train_split_seed"":314176,""weight_decay"":0.0001,""width"":128}",neighbor_control,Same primary setting with weight matching.
fashion_mnist_mlp2_N3_W128_none_weight,fashion_mnist_mlp2_N3_W128_none_weight_seed4025,fashion_mnist,mlp2,3,128,none,weight,4025,2,11082,0.42751077270507815,0.856,0.4841284848690033,0.8314,False,,"{""architecture"":""mlp2"",""augmentation"":""none"",""checkpoint_saved"":false,""dataset"":""fashion_mnist"",""dataset_seed"":314159,""domain_shift"":""none"",""epochs"":10,""experiment_seed"":4025,""gamma"":0.5,""local_seed"":11082,""matching"":""weight"",""max_test_samples"":5000,""max_train_samples"":10000,""model_index"":2,""n_models"":3,""optimizer"":""adamw"",""scheduler"":""cosine"",""step_size"":3,""train_split_seed"":314176,""weight_decay"":0.0001,""width"":128}",neighbor_control,Same primary setting with weight matching.
fashion_mnist_mlp2_N3_W128_none_activation,fashion_mnist_mlp2_N3_W128_none_activation_seed4026,fashion_mnist,mlp2,3,128,none,activation,4026,0,9065,0.42606335258483885,0.8585,0.48474512901306155,0.8288,False,,"{""architecture"":""mlp2"",""augmentation"":""none"",""checkpoint_saved"":false,""dataset"":""fashion_mnist"",""dataset_seed"":314159,""domain_shift"":""none"",""epochs"":10,""experiment_seed"":4026,""gamma"":0.5,""local_seed"":9065,""matching"":""activation"",""max_test_samples"":5000,""max_train_samples"":10000,""model_index"":0,""n_models"":3,""optimizer"":""adamw"",""scheduler"":""cosine"",""step_size"":3,""train_split_seed"":314176,""weight_decay"":0.0001,""width"":128}",primary_replication,"Prompt 11 supported row: Fashion-MNIST, mlp2, N=3, W=128, no shift, activation matching."
fashion_mnist_mlp2_N3_W128_none_activation,fashion_mnist_mlp2_N3_W128_none_activation_seed4026,fashion_mnist,mlp2,3,128,none,activation,4026,1,10074,0.42498896598815916,0.8605,0.480642073059082,0.8334,False,,"{""architecture"":""mlp2"",""augmentation"":""none"",""checkpoint_saved"":false,""dataset"":""fashion_mnist"",""dataset_seed"":314159,""domain_shift"":""none"",""epochs"":10,""experiment_seed"":4026,""gamma"":0.5,""local_seed"":10074,""matching"":""activation"",""max_test_samples"":5000,""max_train_samples"":10000,""model_index"":1,""n_models"":3,""optimizer"":""adamw"",""scheduler"":""cosine"",""step_size"":3,""train_split_seed"":314176,""weight_decay"":0.0001,""width"":128}",primary_replication,"Prompt 11 supported row: Fashion-MNIST, mlp2, N=3, W=128, no shift, activation matching."
fashion_mnist_mlp2_N3_W128_none_activation,fashion_mnist_mlp2_N3_W128_none_activation_seed4026,fashion_mnist,mlp2,3,128,none,activation,4026,2,11083,0.4264440841674805,0.8525,0.4810661062717438,0.8286,False,,"{""architecture"":""mlp2"",""augmentation"":""none"",""checkpoint_saved"":false,""dataset"":""fashion_mnist"",""dataset_seed"":314159,""domain_shift"":""none"",""epochs"":10,""experiment_seed"":4026,""gamma"":0.5,""local_seed"":11083,""matching"":""activation"",""max_test_samples"":5000,""max_train_samples"":10000,""model_index"":2,""n_models"":3,""optimizer"":""adamw"",""scheduler"":""cosine"",""step_size"":3,""train_split_seed"":314176,""weight_decay"":0.0001,""width"":128}",primary_replication,"Prompt 11 supported row: Fashion-MNIST, mlp2, N=3, W=128, no shift, activation matching."
fashion_mnist_mlp2_N3_W128_none_weight,fashion_mnist_mlp2_N3_W128_none_weight_seed4026,fashion_mnist,mlp2,3,128,none,weight,4026,0,9065,0.42606335258483885,0.8585,0.48474512901306155,0.8288,False,,"{""architecture"":""mlp2"",""augmentation"":""none"",""checkpoint_saved"":false,""dataset"":""fashion_mnist"",""dataset_seed"":314159,""domain_shift"":""none"",""epochs"":10,""experiment_seed"":4026,""gamma"":0.5,""local_seed"":9065,""matching"":""weight"",""max_test_samples"":5000,""max_train_samples"":10000,""model_index"":0,""n_models"":3,""optimizer"":""adamw"",""scheduler"":""cosine"",""step_size"":3,""train_split_seed"":314176,""weight_decay"":0.0001,""width"":128}",neighbor_control,Same primary setting with weight matching.
fashion_mnist_mlp2_N3_W128_none_weight,fashion_mnist_mlp2_N3_W128_none_weight_seed4026,fashion_mnist,mlp2,3,128,none,weight,4026,1,10074,0.42498896598815916,0.8605,0.480642073059082,0.8334,False,,"{""architecture"":""mlp2"",""augmentation"":""none"",""checkpoint_saved"":false,""dataset"":""fashion_mnist"",""dataset_seed"":314159,""domain_shift"":""none"",""epochs"":10,""experiment_seed"":4026,""gamma"":0.5,""local_seed"":10074,""matching"":""weight"",""max_test_samples"":5000,""max_train_samples"":10000,""model_index"":1,""n_models"":3,""optimizer"":""adamw"",""scheduler"":""cosine"",""step_size"":3,""train_split_seed"":314176,""weight_decay"":0.0001,""width"":128}",neighbor_control,Same primary setting with weight matching.
fashion_mnist_mlp2_N3_W128_none_weight,fashion_mnist_mlp2_N3_W128_none_weight_seed4026,fashion_mnist,mlp2,3,128,none,weight,4026,2,11083,0.4264440841674805,0.8525,0.4810661062717438,0.8286,False,,"{""architecture"":""mlp2"",""augmentation"":""none"",""checkpoint_saved"":false,""dataset"":""fashion_mnist"",""dataset_seed"":314159,""domain_shift"":""none"",""epochs"":10,""experiment_seed"":4026,""gamma"":0.5,""local_seed"":11083,""matching"":""weight"",""max_test_samples"":5000,""max_train_samples"":10000,""model_index"":2,""n_models"":3,""optimizer"":""adamw"",""scheduler"":""cosine"",""step_size"":3,""train_split_seed"":314176,""weight_decay"":0.0001,""width"":128}",neighbor_control,Same primary setting with weight matching.
fashion_mnist_mlp2_N3_W128_none_activation,fashion_mnist_mlp2_N3_W128_none_activation_seed4027,fashion_mnist,mlp2,3,128,none,activation,4027,0,9066,0.4234288177490234,0.8615,0.4804624852657318,0.832,False,,"{""architecture"":""mlp2"",""augmentation"":""none"",""checkpoint_saved"":false,""dataset"":""fashion_mnist"",""dataset_seed"":314159,""domain_shift"":""none"",""epochs"":10,""experiment_seed"":4027,""gamma"":0.5,""local_seed"":9066,""matching"":""activation"",""max_test_samples"":5000,""max_train_samples"":10000,""model_index"":0,""n_models"":3,""optimizer"":""adamw"",""scheduler"":""cosine"",""step_size"":3,""train_split_seed"":314176,""weight_decay"":0.0001,""width"":128}",primary_replication,"Prompt 11 supported row: Fashion-MNIST, mlp2, N=3, W=128, no shift, activation matching."
fashion_mnist_mlp2_N3_W128_none_activation,fashion_mnist_mlp2_N3_W128_none_activation_seed4027,fashion_mnist,mlp2,3,128,none,activation,4027,1,10075,0.42282394218444824,0.8585,0.4812637665271759,0.8296,False,,"{""architecture"":""mlp2"",""augmentation"":""none"",""checkpoint_saved"":false,""dataset"":""fashion_mnist"",""dataset_seed"":314159,""domain_shift"":""none"",""epochs"":10,""experiment_seed"":4027,""gamma"":0.5,""local_seed"":10075,""matching"":""activation"",""max_test_samples"":5000,""max_train_samples"":10000,""model_index"":1,""n_models"":3,""optimizer"":""adamw"",""scheduler"":""cosine"",""step_size"":3,""train_split_seed"":314176,""weight_decay"":0.0001,""width"":128}",primary_replication,"Prompt 11 supported row: Fashion-MNIST, mlp2, N=3, W=128, no shift, activation matching."
fashion_mnist_mlp2_N3_W128_none_activation,fashion_mnist_mlp2_N3_W128_none_activation_seed4027,fashion_mnist,mlp2,3,128,none,activation,4027,2,11084,0.4267484016418457,0.8565,0.48048224925994876,0.8326,False,,"{""architecture"":""mlp2"",""augmentation"":""none"",""checkpoint_saved"":false,""dataset"":""fashion_mnist"",""dataset_seed"":314159,""domain_shift"":""none"",""epochs"":10,""experiment_seed"":4027,""gamma"":0.5,""local_seed"":11084,""matching"":""activation"",""max_test_samples"":5000,""max_train_samples"":10000,""model_index"":2,""n_models"":3,""optimizer"":""adamw"",""scheduler"":""cosine"",""step_size"":3,""train_split_seed"":314176,""weight_decay"":0.0001,""width"":128}",primary_replication,"Prompt 11 supported row: Fashion-MNIST, mlp2, N=3, W=128, no shift, activation matching."
fashion_mnist_mlp2_N3_W128_none_weight,fashion_mnist_mlp2_N3_W128_none_weight_seed4027,fashion_mnist,mlp2,3,128,none,weight,4027,0,9066,0.4234288177490234,0.8615,0.4804624852657318,0.832,False,,"{""architecture"":""mlp2"",""augmentation"":""none"",""checkpoint_saved"":false,""dataset"":""fashion_mnist"",""dataset_seed"":314159,""domain_shift"":""none"",""epochs"":10,""experiment_seed"":4027,""gamma"":0.5,""local_seed"":9066,""matching"":""weight"",""max_test_samples"":5000,""max_train_samples"":10000,""model_index"":0,""n_models"":3,""optimizer"":""adamw"",""scheduler"":""cosine"",""step_size"":3,""train_split_seed"":314176,""weight_decay"":0.0001,""width"":128}",neighbor_control,Same primary setting with weight matching.
fashion_mnist_mlp2_N3_W128_none_weight,fashion_mnist_mlp2_N3_W128_none_weight_seed4027,fashion_mnist,mlp2,3,128,none,weight,4027,1,10075,0.42282394218444824,0.8585,0.4812637665271759,0.8296,False,,"{""architecture"":""mlp2"",""augmentation"":""none"",""checkpoint_saved"":false,""dataset"":""fashion_mnist"",""dataset_seed"":314159,""domain_shift"":""none"",""epochs"":10,""experiment_seed"":4027,""gamma"":0.5,""local_seed"":10075,""matching"":""weight"",""max_test_samples"":5000,""max_train_samples"":10000,""model_index"":1,""n_models"":3,""optimizer"":""adamw"",""scheduler"":""cosine"",""step_size"":3,""train_split_seed"":314176,""weight_decay"":0.0001,""width"":128}",neighbor_control,Same primary setting with weight matching.
fashion_mnist_mlp2_N3_W128_none_weight,fashion_mnist_mlp2_N3_W128_none_weight_seed4027,fashion_mnist,mlp2,3,128,none,weight,4027,2,11084,0.4267484016418457,0.8565,0.48048224925994876,0.8326,False,,"{""architecture"":""mlp2"",""augmentation"":""none"",""checkpoint_saved"":false,""dataset"":""fashion_mnist"",""dataset_seed"":314159,""domain_shift"":""none"",""epochs"":10,""experiment_seed"":4027,""gamma"":0.5,""local_seed"":11084,""matching"":""weight"",""max_test_samples"":5000,""max_train_samples"":10000,""model_index"":2,""n_models"":3,""optimizer"":""adamw"",""scheduler"":""cosine"",""step_size"":3,""train_split_seed"":314176,""weight_decay"":0.0001,""width"":128}",neighbor_control,Same primary setting with weight matching.
fashion_mnist_mlp2_N3_W128_none_activation,fashion_mnist_mlp2_N3_W128_none_activation_seed4028,fashion_mnist,mlp2,3,128,none,activation,4028,0,9067,0.4250699672698975,0.856,0.4843811007022858,0.832,False,,"{""architecture"":""mlp2"",""augmentation"":""none"",""checkpoint_saved"":false,""dataset"":""fashion_mnist"",""dataset_seed"":314159,""domain_shift"":""none"",""epochs"":10,""experiment_seed"":4028,""gamma"":0.5,""local_seed"":9067,""matching"":""activation"",""max_test_samples"":5000,""max_train_samples"":10000,""model_index"":0,""n_models"":3,""optimizer"":""adamw"",""scheduler"":""cosine"",""step_size"":3,""train_split_seed"":314176,""weight_decay"":0.0001,""width"":128}",primary_replication,"Prompt 11 supported row: Fashion-MNIST, mlp2, N=3, W=128, no shift, activation matching."
fashion_mnist_mlp2_N3_W128_none_activation,fashion_mnist_mlp2_N3_W128_none_activation_seed4028,fashion_mnist,mlp2,3,128,none,activation,4028,1,10076,0.42697475814819336,0.8615,0.48242947554588317,0.833,False,,"{""architecture"":""mlp2"",""augmentation"":""none"",""checkpoint_saved"":false,""dataset"":""fashion_mnist"",""dataset_seed"":314159,""domain_shift"":""none"",""epochs"":10,""experiment_seed"":4028,""gamma"":0.5,""local_seed"":10076,""matching"":""activation"",""max_test_samples"":5000,""max_train_samples"":10000,""model_index"":1,""n_models"":3,""optimizer"":""adamw"",""scheduler"":""cosine"",""step_size"":3,""train_split_seed"":314176,""weight_decay"":0.0001,""width"":128}",primary_replication,"Prompt 11 supported row: Fashion-MNIST, mlp2, N=3, W=128, no shift, activation matching."
fashion_mnist_mlp2_N3_W128_none_activation,fashion_mnist_mlp2_N3_W128_none_activation_seed4028,fashion_mnist,mlp2,3,128,none,activation,4028,2,11085,0.4293785438537598,0.8555,0.4851983637332916,0.8316,False,,"{""architecture"":""mlp2"",""augmentation"":""none"",""checkpoint_saved"":false,""dataset"":""fashion_mnist"",""dataset_seed"":314159,""domain_shift"":""none"",""epochs"":10,""experiment_seed"":4028,""gamma"":0.5,""local_seed"":11085,""matching"":""activation"",""max_test_samples"":5000,""max_train_samples"":10000,""model_index"":2,""n_models"":3,""optimizer"":""adamw"",""scheduler"":""cosine"",""step_size"":3,""train_split_seed"":314176,""weight_decay"":0.0001,""width"":128}",primary_replication,"Prompt 11 supported row: Fashion-MNIST, mlp2, N=3, W=128, no shift, activation matching."
fashion_mnist_mlp2_N3_W128_none_weight,fashion_mnist_mlp2_N3_W128_none_weight_seed4028,fashion_mnist,mlp2,3,128,none,weight,4028,0,9067,0.4250699672698975,0.856,0.4843811007022858,0.832,False,,"{""architecture"":""mlp2"",""augmentation"":""none"",""checkpoint_saved"":false,""dataset"":""fashion_mnist"",""dataset_seed"":314159,""domain_shift"":""none"",""epochs"":10,""experiment_seed"":4028,""gamma"":0.5,""local_seed"":9067,""matching"":""weight"",""max_test_samples"":5000,""max_train_samples"":10000,""model_index"":0,""n_models"":3,""optimizer"":""adamw"",""scheduler"":""cosine"",""step_size"":3,""train_split_seed"":314176,""weight_decay"":0.0001,""width"":128}",neighbor_control,Same primary setting with weight matching.
fashion_mnist_mlp2_N3_W128_none_weight,fashion_mnist_mlp2_N3_W128_none_weight_seed4028,fashion_mnist,mlp2,3,128,none,weight,4028,1,10076,0.42697475814819336,0.8615,0.48242947554588317,0.833,False,,"{""architecture"":""mlp2"",""augmentation"":""none"",""checkpoint_saved"":false,""dataset"":""fashion_mnist"",""dataset_seed"":314159,""domain_shift"":""none"",""epochs"":10,""experiment_seed"":4028,""gamma"":0.5,""local_seed"":10076,""matching"":""weight"",""max_test_samples"":5000,""max_train_samples"":10000,""model_index"":1,""n_models"":3,""optimizer"":""adamw"",""scheduler"":""cosine"",""step_size"":3,""train_split_seed"":314176,""weight_decay"":0.0001,""width"":128}",neighbor_control,Same primary setting with weight matching.
fashion_mnist_mlp2_N3_W128_none_weight,fashion_mnist_mlp2_N3_W128_none_weight_seed4028,fashion_mnist,mlp2,3,128,none,weight,4028,2,11085,0.4293785438537598,0.8555,0.4851983637332916,0.8316,False,,"{""architecture"":""mlp2"",""augmentation"":""none"",""checkpoint_saved"":false,""dataset"":""fashion_mnist"",""dataset_seed"":314159,""domain_shift"":""none"",""epochs"":10,""experiment_seed"":4028,""gamma"":0.5,""local_seed"":11085,""matching"":""weight"",""max_test_samples"":5000,""max_train_samples"":10000,""model_index"":2,""n_models"":3,""optimizer"":""adamw"",""scheduler"":""cosine"",""step_size"":3,""train_split_seed"":314176,""weight_decay"":0.0001,""width"":128}",neighbor_control,Same primary setting with weight matching.
fashion_mnist_mlp2_N3_W128_none_activation,fashion_mnist_mlp2_N3_W128_none_activation_seed4029,fashion_mnist,mlp2,3,128,none,activation,4029,0,9068,0.42368809700012205,0.8545,0.47750574159622194,0.832,False,,"{""architecture"":""mlp2"",""augmentation"":""none"",""checkpoint_saved"":false,""dataset"":""fashion_mnist"",""dataset_seed"":314159,""domain_shift"":""none"",""epochs"":10,""experiment_seed"":4029,""gamma"":0.5,""local_seed"":9068,""matching"":""activation"",""max_test_samples"":5000,""max_train_samples"":10000,""model_index"":0,""n_models"":3,""optimizer"":""adamw"",""scheduler"":""cosine"",""step_size"":3,""train_split_seed"":314176,""weight_decay"":0.0001,""width"":128}",primary_replication,"Prompt 11 supported row: Fashion-MNIST, mlp2, N=3, W=128, no shift, activation matching."
fashion_mnist_mlp2_N3_W128_none_activation,fashion_mnist_mlp2_N3_W128_none_activation_seed4029,fashion_mnist,mlp2,3,128,none,activation,4029,1,10077,0.4245046615600586,0.861,0.48016494703292845,0.834,False,,"{""architecture"":""mlp2"",""augmentation"":""none"",""checkpoint_saved"":false,""dataset"":""fashion_mnist"",""dataset_seed"":314159,""domain_shift"":""none"",""epochs"":10,""experiment_seed"":4029,""gamma"":0.5,""local_seed"":10077,""matching"":""activation"",""max_test_samples"":5000,""max_train_samples"":10000,""model_index"":1,""n_models"":3,""optimizer"":""adamw"",""scheduler"":""cosine"",""step_size"":3,""train_split_seed"":314176,""weight_decay"":0.0001,""width"":128}",primary_replication,"Prompt 11 supported row: Fashion-MNIST, mlp2, N=3, W=128, no shift, activation matching."
fashion_mnist_mlp2_N3_W128_none_activation,fashion_mnist_mlp2_N3_W128_none_activation_seed4029,fashion_mnist,mlp2,3,128,none,activation,4029,2,11086,0.42197147369384763,0.86,0.48229957036972043,0.831,False,,"{""architecture"":""mlp2"",""augmentation"":""none"",""checkpoint_saved"":false,""dataset"":""fashion_mnist"",""dataset_seed"":314159,""domain_shift"":""none"",""epochs"":10,""experiment_seed"":4029,""gamma"":0.5,""local_seed"":11086,""matching"":""activation"",""max_test_samples"":5000,""max_train_samples"":10000,""model_index"":2,""n_models"":3,""optimizer"":""adamw"",""scheduler"":""cosine"",""step_size"":3,""train_split_seed"":314176,""weight_decay"":0.0001,""width"":128}",primary_replication,"Prompt 11 supported row: Fashion-MNIST, mlp2, N=3, W=128, no shift, activation matching."
fashion_mnist_mlp2_N3_W128_none_weight,fashion_mnist_mlp2_N3_W128_none_weight_seed4029,fashion_mnist,mlp2,3,128,none,weight,4029,0,9068,0.42368809700012205,0.8545,0.47750574159622194,0.832,False,,"{""architecture"":""mlp2"",""augmentation"":""none"",""checkpoint_saved"":false,""dataset"":""fashion_mnist"",""dataset_seed"":314159,""domain_shift"":""none"",""epochs"":10,""experiment_seed"":4029,""gamma"":0.5,""local_seed"":9068,""matching"":""weight"",""max_test_samples"":5000,""max_train_samples"":10000,""model_index"":0,""n_models"":3,""optimizer"":""adamw"",""scheduler"":""cosine"",""step_size"":3,""train_split_seed"":314176,""weight_decay"":0.0001,""width"":128}",neighbor_control,Same primary setting with weight matching.
fashion_mnist_mlp2_N3_W128_none_weight,fashion_mnist_mlp2_N3_W128_none_weight_seed4029,fashion_mnist,mlp2,3,128,none,weight,4029,1,10077,0.4245046615600586,0.861,0.48016494703292845,0.834,False,,"{""architecture"":""mlp2"",""augmentation"":""none"",""checkpoint_saved"":false,""dataset"":""fashion_mnist"",""dataset_seed"":314159,""domain_shift"":""none"",""epochs"":10,""experiment_seed"":4029,""gamma"":0.5,""local_seed"":10077,""matching"":""weight"",""max_test_samples"":5000,""max_train_samples"":10000,""model_index"":1,""n_models"":3,""optimizer"":""adamw"",""scheduler"":""cosine"",""step_size"":3,""train_split_seed"":314176,""weight_decay"":0.0001,""width"":128}",neighbor_control,Same primary setting with weight matching.
fashion_mnist_mlp2_N3_W128_none_weight,fashion_mnist_mlp2_N3_W128_none_weight_seed4029,fashion_mnist,mlp2,3,128,none,weight,4029,2,11086,0.42197147369384763,0.86,0.48229957036972043,0.831,False,,"{""architecture"":""mlp2"",""augmentation"":""none"",""checkpoint_saved"":false,""dataset"":""fashion_mnist"",""dataset_seed"":314159,""domain_shift"":""none"",""epochs"":10,""experiment_seed"":4029,""gamma"":0.5,""local_seed"":11086,""matching"":""weight"",""max_test_samples"":5000,""max_train_samples"":10000,""model_index"":2,""n_models"":3,""optimizer"":""adamw"",""scheduler"":""cosine"",""step_size"":3,""train_split_seed"":314176,""weight_decay"":0.0001,""width"":128}",neighbor_control,Same primary setting with weight matching.
fashion_mnist_mlp2_N3_W128_none_activation,fashion_mnist_mlp2_N3_W128_none_activation_seed4030,fashion_mnist,mlp2,3,128,none,activation,4030,0,9069,0.42380499839782715,0.8575,0.4824310380935669,0.8308,False,,"{""architecture"":""mlp2"",""augmentation"":""none"",""checkpoint_saved"":false,""dataset"":""fashion_mnist"",""dataset_seed"":314159,""domain_shift"":""none"",""epochs"":10,""experiment_seed"":4030,""gamma"":0.5,""local_seed"":9069,""matching"":""activation"",""max_test_samples"":5000,""max_train_samples"":10000,""model_index"":0,""n_models"":3,""optimizer"":""adamw"",""scheduler"":""cosine"",""step_size"":3,""train_split_seed"":314176,""weight_decay"":0.0001,""width"":128}",primary_replication,"Prompt 11 supported row: Fashion-MNIST, mlp2, N=3, W=128, no shift, activation matching."
fashion_mnist_mlp2_N3_W128_none_activation,fashion_mnist_mlp2_N3_W128_none_activation_seed4030,fashion_mnist,mlp2,3,128,none,activation,4030,1,10078,0.42504827499389647,0.858,0.4802024191379547,0.8286,False,,"{""architecture"":""mlp2"",""augmentation"":""none"",""checkpoint_saved"":false,""dataset"":""fashion_mnist"",""dataset_seed"":314159,""domain_shift"":""none"",""epochs"":10,""experiment_seed"":4030,""gamma"":0.5,""local_seed"":10078,""matching"":""activation"",""max_test_samples"":5000,""max_train_samples"":10000,""model_index"":1,""n_models"":3,""optimizer"":""adamw"",""scheduler"":""cosine"",""step_size"":3,""train_split_seed"":314176,""weight_decay"":0.0001,""width"":128}",primary_replication,"Prompt 11 supported row: Fashion-MNIST, mlp2, N=3, W=128, no shift, activation matching."
fashion_mnist_mlp2_N3_W128_none_activation,fashion_mnist_mlp2_N3_W128_none_activation_seed4030,fashion_mnist,mlp2,3,128,none,activation,4030,2,11087,0.42842640495300294,0.854,0.4816789255142212,0.8312,False,,"{""architecture"":""mlp2"",""augmentation"":""none"",""checkpoint_saved"":false,""dataset"":""fashion_mnist"",""dataset_seed"":314159,""domain_shift"":""none"",""epochs"":10,""experiment_seed"":4030,""gamma"":0.5,""local_seed"":11087,""matching"":""activation"",""max_test_samples"":5000,""max_train_samples"":10000,""model_index"":2,""n_models"":3,""optimizer"":""adamw"",""scheduler"":""cosine"",""step_size"":3,""train_split_seed"":314176,""weight_decay"":0.0001,""width"":128}",primary_replication,"Prompt 11 supported row: Fashion-MNIST, mlp2, N=3, W=128, no shift, activation matching."
fashion_mnist_mlp2_N3_W128_none_weight,fashion_mnist_mlp2_N3_W128_none_weight_seed4030,fashion_mnist,mlp2,3,128,none,weight,4030,0,9069,0.42380499839782715,0.8575,0.4824310380935669,0.8308,False,,"{""architecture"":""mlp2"",""augmentation"":""none"",""checkpoint_saved"":false,""dataset"":""fashion_mnist"",""dataset_seed"":314159,""domain_shift"":""none"",""epochs"":10,""experiment_seed"":4030,""gamma"":0.5,""local_seed"":9069,""matching"":""weight"",""max_test_samples"":5000,""max_train_samples"":10000,""model_index"":0,""n_models"":3,""optimizer"":""adamw"",""scheduler"":""cosine"",""step_size"":3,""train_split_seed"":314176,""weight_decay"":0.0001,""width"":128}",neighbor_control,Same primary setting with weight matching.
fashion_mnist_mlp2_N3_W128_none_weight,fashion_mnist_mlp2_N3_W128_none_weight_seed4030,fashion_mnist,mlp2,3,128,none,weight,4030,1,10078,0.42504827499389647,0.858,0.4802024191379547,0.8286,False,,"{""architecture"":""mlp2"",""augmentation"":""none"",""checkpoint_saved"":false,""dataset"":""fashion_mnist"",""dataset_seed"":314159,""domain_shift"":""none"",""epochs"":10,""experiment_seed"":4030,""gamma"":0.5,""local_seed"":10078,""matching"":""weight"",""max_test_samples"":5000,""max_train_samples"":10000,""model_index"":1,""n_models"":3,""optimizer"":""adamw"",""scheduler"":""cosine"",""step_size"":3,""train_split_seed"":314176,""weight_decay"":0.0001,""width"":128}",neighbor_control,Same primary setting with weight matching.
fashion_mnist_mlp2_N3_W128_none_weight,fashion_mnist_mlp2_N3_W128_none_weight_seed4030,fashion_mnist,mlp2,3,128,none,weight,4030,2,11087,0.42842640495300294,0.854,0.4816789255142212,0.8312,False,,"{""architecture"":""mlp2"",""augmentation"":""none"",""checkpoint_saved"":false,""dataset"":""fashion_mnist"",""dataset_seed"":314159,""domain_shift"":""none"",""epochs"":10,""experiment_seed"":4030,""gamma"":0.5,""local_seed"":11087,""matching"":""weight"",""max_test_samples"":5000,""max_train_samples"":10000,""model_index"":2,""n_models"":3,""optimizer"":""adamw"",""scheduler"":""cosine"",""step_size"":3,""train_split_seed"":314176,""weight_decay"":0.0001,""width"":128}",neighbor_control,Same primary setting with weight matching.
fashion_mnist_mlp2_N3_W128_none_activation,fashion_mnist_mlp2_N3_W128_none_activation_seed4031,fashion_mnist,mlp2,3,128,none,activation,4031,0,9070,0.4217283344268799,0.8575,0.47803318037986753,0.8316,False,,"{""architecture"":""mlp2"",""augmentation"":""none"",""checkpoint_saved"":false,""dataset"":""fashion_mnist"",""dataset_seed"":314159,""domain_shift"":""none"",""epochs"":10,""experiment_seed"":4031,""gamma"":0.5,""local_seed"":9070,""matching"":""activation"",""max_test_samples"":5000,""max_train_samples"":10000,""model_index"":0,""n_models"":3,""optimizer"":""adamw"",""scheduler"":""cosine"",""step_size"":3,""train_split_seed"":314176,""weight_decay"":0.0001,""width"":128}",primary_replication,"Prompt 11 supported row: Fashion-MNIST, mlp2, N=3, W=128, no shift, activation matching."
fashion_mnist_mlp2_N3_W128_none_activation,fashion_mnist_mlp2_N3_W128_none_activation_seed4031,fashion_mnist,mlp2,3,128,none,activation,4031,1,10079,0.428207067489624,0.8575,0.48524819602966307,0.829,False,,"{""architecture"":""mlp2"",""augmentation"":""none"",""checkpoint_saved"":false,""dataset"":""fashion_mnist"",""dataset_seed"":314159,""domain_shift"":""none"",""epochs"":10,""experiment_seed"":4031,""gamma"":0.5,""local_seed"":10079,""matching"":""activation"",""max_test_samples"":5000,""max_train_samples"":10000,""model_index"":1,""n_models"":3,""optimizer"":""adamw"",""scheduler"":""cosine"",""step_size"":3,""train_split_seed"":314176,""weight_decay"":0.0001,""width"":128}",primary_replication,"Prompt 11 supported row: Fashion-MNIST, mlp2, N=3, W=128, no shift, activation matching."
fashion_mnist_mlp2_N3_W128_none_activation,fashion_mnist_mlp2_N3_W128_none_activation_seed4031,fashion_mnist,mlp2,3,128,none,activation,4031,2,11088,0.42584738159179686,0.8555,0.4830363815784454,0.833,False,,"{""architecture"":""mlp2"",""augmentation"":""none"",""checkpoint_saved"":false,""dataset"":""fashion_mnist"",""dataset_seed"":314159,""domain_shift"":""none"",""epochs"":10,""experiment_seed"":4031,""gamma"":0.5,""local_seed"":11088,""matching"":""activation"",""max_test_samples"":5000,""max_train_samples"":10000,""model_index"":2,""n_models"":3,""optimizer"":""adamw"",""scheduler"":""cosine"",""step_size"":3,""train_split_seed"":314176,""weight_decay"":0.0001,""width"":128}",primary_replication,"Prompt 11 supported row: Fashion-MNIST, mlp2, N=3, W=128, no shift, activation matching."
fashion_mnist_mlp2_N3_W128_none_weight,fashion_mnist_mlp2_N3_W128_none_weight_seed4031,fashion_mnist,mlp2,3,128,none,weight,4031,0,9070,0.4217283344268799,0.8575,0.47803318037986753,0.8316,False,,"{""architecture"":""mlp2"",""augmentation"":""none"",""checkpoint_saved"":false,""dataset"":""fashion_mnist"",""dataset_seed"":314159,""domain_shift"":""none"",""epochs"":10,""experiment_seed"":4031,""gamma"":0.5,""local_seed"":9070,""matching"":""weight"",""max_test_samples"":5000,""max_train_samples"":10000,""model_index"":0,""n_models"":3,""optimizer"":""adamw"",""scheduler"":""cosine"",""step_size"":3,""train_split_seed"":314176,""weight_decay"":0.0001,""width"":128}",neighbor_control,Same primary setting with weight matching.
fashion_mnist_mlp2_N3_W128_none_weight,fashion_mnist_mlp2_N3_W128_none_weight_seed4031,fashion_mnist,mlp2,3,128,none,weight,4031,1,10079,0.428207067489624,0.8575,0.48524819602966307,0.829,False,,"{""architecture"":""mlp2"",""augmentation"":""none"",""checkpoint_saved"":false,""dataset"":""fashion_mnist"",""dataset_seed"":314159,""domain_shift"":""none"",""epochs"":10,""experiment_seed"":4031,""gamma"":0.5,""local_seed"":10079,""matching"":""weight"",""max_test_samples"":5000,""max_train_samples"":10000,""model_index"":1,""n_models"":3,""optimizer"":""adamw"",""scheduler"":""cosine"",""step_size"":3,""train_split_seed"":314176,""weight_decay"":0.0001,""width"":128}",neighbor_control,Same primary setting with weight matching.
fashion_mnist_mlp2_N3_W128_none_weight,fashion_mnist_mlp2_N3_W128_none_weight_seed4031,fashion_mnist,mlp2,3,128,none,weight,4031,2,11088,0.42584738159179686,0.8555,0.4830363815784454,0.833,False,,"{""architecture"":""mlp2"",""augmentation"":""none"",""checkpoint_saved"":false,""dataset"":""fashion_mnist"",""dataset_seed"":314159,""domain_shift"":""none"",""epochs"":10,""experiment_seed"":4031,""gamma"":0.5,""local_seed"":11088,""matching"":""weight"",""max_test_samples"":5000,""max_train_samples"":10000,""model_index"":2,""n_models"":3,""optimizer"":""adamw"",""scheduler"":""cosine"",""step_size"":3,""train_split_seed"":314176,""weight_decay"":0.0001,""width"":128}",neighbor_control,Same primary setting with weight matching.
fashion_mnist_mlp2_N3_W128_none_activation,fashion_mnist_mlp2_N3_W128_none_activation_seed4032,fashion_mnist,mlp2,3,128,none,activation,4032,0,9071,0.42503410720825197,0.8555,0.47962729454040526,0.8298,False,,"{""architecture"":""mlp2"",""augmentation"":""none"",""checkpoint_saved"":false,""dataset"":""fashion_mnist"",""dataset_seed"":314159,""domain_shift"":""none"",""epochs"":10,""experiment_seed"":4032,""gamma"":0.5,""local_seed"":9071,""matching"":""activation"",""max_test_samples"":5000,""max_train_samples"":10000,""model_index"":0,""n_models"":3,""optimizer"":""adamw"",""scheduler"":""cosine"",""step_size"":3,""train_split_seed"":314176,""weight_decay"":0.0001,""width"":128}",primary_replication,"Prompt 11 supported row: Fashion-MNIST, mlp2, N=3, W=128, no shift, activation matching."
fashion_mnist_mlp2_N3_W128_none_activation,fashion_mnist_mlp2_N3_W128_none_activation_seed4032,fashion_mnist,mlp2,3,128,none,activation,4032,1,10080,0.4236428737640381,0.8625,0.48594612321853636,0.8306,False,,"{""architecture"":""mlp2"",""augmentation"":""none"",""checkpoint_saved"":false,""dataset"":""fashion_mnist"",""dataset_seed"":314159,""domain_shift"":""none"",""epochs"":10,""experiment_seed"":4032,""gamma"":0.5,""local_seed"":10080,""matching"":""activation"",""max_test_samples"":5000,""max_train_samples"":10000,""model_index"":1,""n_models"":3,""optimizer"":""adamw"",""scheduler"":""cosine"",""step_size"":3,""train_split_seed"":314176,""weight_decay"":0.0001,""width"":128}",primary_replication,"Prompt 11 supported row: Fashion-MNIST, mlp2, N=3, W=128, no shift, activation matching."
fashion_mnist_mlp2_N3_W128_none_activation,fashion_mnist_mlp2_N3_W128_none_activation_seed4032,fashion_mnist,mlp2,3,128,none,activation,4032,2,11089,0.42716110038757327,0.856,0.4830034582614899,0.833,False,,"{""architecture"":""mlp2"",""augmentation"":""none"",""checkpoint_saved"":false,""dataset"":""fashion_mnist"",""dataset_seed"":314159,""domain_shift"":""none"",""epochs"":10,""experiment_seed"":4032,""gamma"":0.5,""local_seed"":11089,""matching"":""activation"",""max_test_samples"":5000,""max_train_samples"":10000,""model_index"":2,""n_models"":3,""optimizer"":""adamw"",""scheduler"":""cosine"",""step_size"":3,""train_split_seed"":314176,""weight_decay"":0.0001,""width"":128}",primary_replication,"Prompt 11 supported row: Fashion-MNIST, mlp2, N=3, W=128, no shift, activation matching."
fashion_mnist_mlp2_N3_W128_none_weight,fashion_mnist_mlp2_N3_W128_none_weight_seed4032,fashion_mnist,mlp2,3,128,none,weight,4032,0,9071,0.42503410720825197,0.8555,0.47962729454040526,0.8298,False,,"{""architecture"":""mlp2"",""augmentation"":""none"",""checkpoint_saved"":false,""dataset"":""fashion_mnist"",""dataset_seed"":314159,""domain_shift"":""none"",""epochs"":10,""experiment_seed"":4032,""gamma"":0.5,""local_seed"":9071,""matching"":""weight"",""max_test_samples"":5000,""max_train_samples"":10000,""model_index"":0,""n_models"":3,""optimizer"":""adamw"",""scheduler"":""cosine"",""step_size"":3,""train_split_seed"":314176,""weight_decay"":0.0001,""width"":128}",neighbor_control,Same primary setting with weight matching.
fashion_mnist_mlp2_N3_W128_none_weight,fashion_mnist_mlp2_N3_W128_none_weight_seed4032,fashion_mnist,mlp2,3,128,none,weight,4032,1,10080,0.4236428737640381,0.8625,0.48594612321853636,0.8306,False,,"{""architecture"":""mlp2"",""augmentation"":""none"",""checkpoint_saved"":false,""dataset"":""fashion_mnist"",""dataset_seed"":314159,""domain_shift"":""none"",""epochs"":10,""experiment_seed"":4032,""gamma"":0.5,""local_seed"":10080,""matching"":""weight"",""max_test_samples"":5000,""max_train_samples"":10000,""model_index"":1,""n_models"":3,""optimizer"":""adamw"",""scheduler"":""cosine"",""step_size"":3,""train_split_seed"":314176,""weight_decay"":0.0001,""width"":128}",neighbor_control,Same primary setting with weight matching.
fashion_mnist_mlp2_N3_W128_none_weight,fashion_mnist_mlp2_N3_W128_none_weight_seed4032,fashion_mnist,mlp2,3,128,none,weight,4032,2,11089,0.42716110038757327,0.856,0.4830034582614899,0.833,False,,"{""architecture"":""mlp2"",""augmentation"":""none"",""checkpoint_saved"":false,""dataset"":""fashion_mnist"",""dataset_seed"":314159,""domain_shift"":""none"",""epochs"":10,""experiment_seed"":4032,""gamma"":0.5,""local_seed"":11089,""matching"":""weight"",""max_test_samples"":5000,""max_train_samples"":10000,""model_index"":2,""n_models"":3,""optimizer"":""adamw"",""scheduler"":""cosine"",""step_size"":3,""train_split_seed"":314176,""weight_decay"":0.0001,""width"":128}",neighbor_control,Same primary setting with weight matching.
fashion_mnist_mlp2_N3_W128_none_activation,fashion_mnist_mlp2_N3_W128_none_activation_seed4033,fashion_mnist,mlp2,3,128,none,activation,4033,0,9072,0.4255412540435791,0.863,0.4831100046157837,0.8316,False,,"{""architecture"":""mlp2"",""augmentation"":""none"",""checkpoint_saved"":false,""dataset"":""fashion_mnist"",""dataset_seed"":314159,""domain_shift"":""none"",""epochs"":10,""experiment_seed"":4033,""gamma"":0.5,""local_seed"":9072,""matching"":""activation"",""max_test_samples"":5000,""max_train_samples"":10000,""model_index"":0,""n_models"":3,""optimizer"":""adamw"",""scheduler"":""cosine"",""step_size"":3,""train_split_seed"":314176,""weight_decay"":0.0001,""width"":128}",primary_replication,"Prompt 11 supported row: Fashion-MNIST, mlp2, N=3, W=128, no shift, activation matching."
fashion_mnist_mlp2_N3_W128_none_activation,fashion_mnist_mlp2_N3_W128_none_activation_seed4033,fashion_mnist,mlp2,3,128,none,activation,4033,1,10081,0.4249291515350342,0.8555,0.4815583514213562,0.8304,False,,"{""architecture"":""mlp2"",""augmentation"":""none"",""checkpoint_saved"":false,""dataset"":""fashion_mnist"",""dataset_seed"":314159,""domain_shift"":""none"",""epochs"":10,""experiment_seed"":4033,""gamma"":0.5,""local_seed"":10081,""matching"":""activation"",""max_test_samples"":5000,""max_train_samples"":10000,""model_index"":1,""n_models"":3,""optimizer"":""adamw"",""scheduler"":""cosine"",""step_size"":3,""train_split_seed"":314176,""weight_decay"":0.0001,""width"":128}",primary_replication,"Prompt 11 supported row: Fashion-MNIST, mlp2, N=3, W=128, no shift, activation matching."
fashion_mnist_mlp2_N3_W128_none_activation,fashion_mnist_mlp2_N3_W128_none_activation_seed4033,fashion_mnist,mlp2,3,128,none,activation,4033,2,11090,0.42960162162780763,0.8575,0.4858454303741455,0.8302,False,,"{""architecture"":""mlp2"",""augmentation"":""none"",""checkpoint_saved"":false,""dataset"":""fashion_mnist"",""dataset_seed"":314159,""domain_shift"":""none"",""epochs"":10,""experiment_seed"":4033,""gamma"":0.5,""local_seed"":11090,""matching"":""activation"",""max_test_samples"":5000,""max_train_samples"":10000,""model_index"":2,""n_models"":3,""optimizer"":""adamw"",""scheduler"":""cosine"",""step_size"":3,""train_split_seed"":314176,""weight_decay"":0.0001,""width"":128}",primary_replication,"Prompt 11 supported row: Fashion-MNIST, mlp2, N=3, W=128, no shift, activation matching."
fashion_mnist_mlp2_N3_W128_none_weight,fashion_mnist_mlp2_N3_W128_none_weight_seed4033,fashion_mnist,mlp2,3,128,none,weight,4033,0,9072,0.4255412540435791,0.863,0.4831100046157837,0.8316,False,,"{""architecture"":""mlp2"",""augmentation"":""none"",""checkpoint_saved"":false,""dataset"":""fashion_mnist"",""dataset_seed"":314159,""domain_shift"":""none"",""epochs"":10,""experiment_seed"":4033,""gamma"":0.5,""local_seed"":9072,""matching"":""weight"",""max_test_samples"":5000,""max_train_samples"":10000,""model_index"":0,""n_models"":3,""optimizer"":""adamw"",""scheduler"":""cosine"",""step_size"":3,""train_split_seed"":314176,""weight_decay"":0.0001,""width"":128}",neighbor_control,Same primary setting with weight matching.
fashion_mnist_mlp2_N3_W128_none_weight,fashion_mnist_mlp2_N3_W128_none_weight_seed4033,fashion_mnist,mlp2,3,128,none,weight,4033,1,10081,0.4249291515350342,0.8555,0.4815583514213562,0.8304,False,,"{""architecture"":""mlp2"",""augmentation"":""none"",""checkpoint_saved"":false,""dataset"":""fashion_mnist"",""dataset_seed"":314159,""domain_shift"":""none"",""epochs"":10,""experiment_seed"":4033,""gamma"":0.5,""local_seed"":10081,""matching"":""weight"",""max_test_samples"":5000,""max_train_samples"":10000,""model_index"":1,""n_models"":3,""optimizer"":""adamw"",""scheduler"":""cosine"",""step_size"":3,""train_split_seed"":314176,""weight_decay"":0.0001,""width"":128}",neighbor_control,Same primary setting with weight matching.
fashion_mnist_mlp2_N3_W128_none_weight,fashion_mnist_mlp2_N3_W128_none_weight_seed4033,fashion_mnist,mlp2,3,128,none,weight,4033,2,11090,0.42960162162780763,0.8575,0.4858454303741455,0.8302,False,,"{""architecture"":""mlp2"",""augmentation"":""none"",""checkpoint_saved"":false,""dataset"":""fashion_mnist"",""dataset_seed"":314159,""domain_shift"":""none"",""epochs"":10,""experiment_seed"":4033,""gamma"":0.5,""local_seed"":11090,""matching"":""weight"",""max_test_samples"":5000,""max_train_samples"":10000,""model_index"":2,""n_models"":3,""optimizer"":""adamw"",""scheduler"":""cosine"",""step_size"":3,""train_split_seed"":314176,""weight_decay"":0.0001,""width"":128}",neighbor_control,Same primary setting with weight matching.
fashion_mnist_mlp2_N3_W128_none_activation,fashion_mnist_mlp2_N3_W128_none_activation_seed4034,fashion_mnist,mlp2,3,128,none,activation,4034,0,9073,0.4271303939819336,0.855,0.48397722234725954,0.8318,False,,"{""architecture"":""mlp2"",""augmentation"":""none"",""checkpoint_saved"":false,""dataset"":""fashion_mnist"",""dataset_seed"":314159,""domain_shift"":""none"",""epochs"":10,""experiment_seed"":4034,""gamma"":0.5,""local_seed"":9073,""matching"":""activation"",""max_test_samples"":5000,""max_train_samples"":10000,""model_index"":0,""n_models"":3,""optimizer"":""adamw"",""scheduler"":""cosine"",""step_size"":3,""train_split_seed"":314176,""weight_decay"":0.0001,""width"":128}",primary_replication,"Prompt 11 supported row: Fashion-MNIST, mlp2, N=3, W=128, no shift, activation matching."
fashion_mnist_mlp2_N3_W128_none_activation,fashion_mnist_mlp2_N3_W128_none_activation_seed4034,fashion_mnist,mlp2,3,128,none,activation,4034,1,10082,0.426426326751709,0.8575,0.4811231209278107,0.832,False,,"{""architecture"":""mlp2"",""augmentation"":""none"",""checkpoint_saved"":false,""dataset"":""fashion_mnist"",""dataset_seed"":314159,""domain_shift"":""none"",""epochs"":10,""experiment_seed"":4034,""gamma"":0.5,""local_seed"":10082,""matching"":""activation"",""max_test_samples"":5000,""max_train_samples"":10000,""model_index"":1,""n_models"":3,""optimizer"":""adamw"",""scheduler"":""cosine"",""step_size"":3,""train_split_seed"":314176,""weight_decay"":0.0001,""width"":128}",primary_replication,"Prompt 11 supported row: Fashion-MNIST, mlp2, N=3, W=128, no shift, activation matching."
fashion_mnist_mlp2_N3_W128_none_activation,fashion_mnist_mlp2_N3_W128_none_activation_seed4034,fashion_mnist,mlp2,3,128,none,activation,4034,2,11091,0.4255167388916016,0.855,0.48161886253356934,0.8314,False,,"{""architecture"":""mlp2"",""augmentation"":""none"",""checkpoint_saved"":false,""dataset"":""fashion_mnist"",""dataset_seed"":314159,""domain_shift"":""none"",""epochs"":10,""experiment_seed"":4034,""gamma"":0.5,""local_seed"":11091,""matching"":""activation"",""max_test_samples"":5000,""max_train_samples"":10000,""model_index"":2,""n_models"":3,""optimizer"":""adamw"",""scheduler"":""cosine"",""step_size"":3,""train_split_seed"":314176,""weight_decay"":0.0001,""width"":128}",primary_replication,"Prompt 11 supported row: Fashion-MNIST, mlp2, N=3, W=128, no shift, activation matching."
fashion_mnist_mlp2_N3_W128_none_weight,fashion_mnist_mlp2_N3_W128_none_weight_seed4034,fashion_mnist,mlp2,3,128,none,weight,4034,0,9073,0.4271303939819336,0.855,0.48397722234725954,0.8318,False,,"{""architecture"":""mlp2"",""augmentation"":""none"",""checkpoint_saved"":false,""dataset"":""fashion_mnist"",""dataset_seed"":314159,""domain_shift"":""none"",""epochs"":10,""experiment_seed"":4034,""gamma"":0.5,""local_seed"":9073,""matching"":""weight"",""max_test_samples"":5000,""max_train_samples"":10000,""model_index"":0,""n_models"":3,""optimizer"":""adamw"",""scheduler"":""cosine"",""step_size"":3,""train_split_seed"":314176,""weight_decay"":0.0001,""width"":128}",neighbor_control,Same primary setting with weight matching.
fashion_mnist_mlp2_N3_W128_none_weight,fashion_mnist_mlp2_N3_W128_none_weight_seed4034,fashion_mnist,mlp2,3,128,none,weight,4034,1,10082,0.426426326751709,0.8575,0.4811231209278107,0.832,False,,"{""architecture"":""mlp2"",""augmentation"":""none"",""checkpoint_saved"":false,""dataset"":""fashion_mnist"",""dataset_seed"":314159,""domain_shift"":""none"",""epochs"":10,""experiment_seed"":4034,""gamma"":0.5,""local_seed"":10082,""matching"":""weight"",""max_test_samples"":5000,""max_train_samples"":10000,""model_index"":1,""n_models"":3,""optimizer"":""adamw"",""scheduler"":""cosine"",""step_size"":3,""train_split_seed"":314176,""weight_decay"":0.0001,""width"":128}",neighbor_control,Same primary setting with weight matching.
fashion_mnist_mlp2_N3_W128_none_weight,fashion_mnist_mlp2_N3_W128_none_weight_seed4034,fashion_mnist,mlp2,3,128,none,weight,4034,2,11091,0.4255167388916016,0.855,0.48161886253356934,0.8314,False,,"{""architecture"":""mlp2"",""augmentation"":""none"",""checkpoint_saved"":false,""dataset"":""fashion_mnist"",""dataset_seed"":314159,""domain_shift"":""none"",""epochs"":10,""experiment_seed"":4034,""gamma"":0.5,""local_seed"":11091,""matching"":""weight"",""max_test_samples"":5000,""max_train_samples"":10000,""model_index"":2,""n_models"":3,""optimizer"":""adamw"",""scheduler"":""cosine"",""step_size"":3,""train_split_seed"":314176,""weight_decay"":0.0001,""width"":128}",neighbor_control,Same primary setting with weight matching.
fashion_mnist_mlp2_N3_W128_none_activation,fashion_mnist_mlp2_N3_W128_none_activation_seed4035,fashion_mnist,mlp2,3,128,none,activation,4035,0,9074,0.4252814769744873,0.8575,0.4809409670352936,0.8318,False,,"{""architecture"":""mlp2"",""augmentation"":""none"",""checkpoint_saved"":false,""dataset"":""fashion_mnist"",""dataset_seed"":314159,""domain_shift"":""none"",""epochs"":10,""experiment_seed"":4035,""gamma"":0.5,""local_seed"":9074,""matching"":""activation"",""max_test_samples"":5000,""max_train_samples"":10000,""model_index"":0,""n_models"":3,""optimizer"":""adamw"",""scheduler"":""cosine"",""step_size"":3,""train_split_seed"":314176,""weight_decay"":0.0001,""width"":128}",primary_replication,"Prompt 11 supported row: Fashion-MNIST, mlp2, N=3, W=128, no shift, activation matching."
fashion_mnist_mlp2_N3_W128_none_activation,fashion_mnist_mlp2_N3_W128_none_activation_seed4035,fashion_mnist,mlp2,3,128,none,activation,4035,1,10083,0.424749813079834,0.853,0.48248757224082944,0.8302,False,,"{""architecture"":""mlp2"",""augmentation"":""none"",""checkpoint_saved"":false,""dataset"":""fashion_mnist"",""dataset_seed"":314159,""domain_shift"":""none"",""epochs"":10,""experiment_seed"":4035,""gamma"":0.5,""local_seed"":10083,""matching"":""activation"",""max_test_samples"":5000,""max_train_samples"":10000,""model_index"":1,""n_models"":3,""optimizer"":""adamw"",""scheduler"":""cosine"",""step_size"":3,""train_split_seed"":314176,""weight_decay"":0.0001,""width"":128}",primary_replication,"Prompt 11 supported row: Fashion-MNIST, mlp2, N=3, W=128, no shift, activation matching."
fashion_mnist_mlp2_N3_W128_none_activation,fashion_mnist_mlp2_N3_W128_none_activation_seed4035,fashion_mnist,mlp2,3,128,none,activation,4035,2,11092,0.4201941146850586,0.862,0.4789720100402832,0.8314,False,,"{""architecture"":""mlp2"",""augmentation"":""none"",""checkpoint_saved"":false,""dataset"":""fashion_mnist"",""dataset_seed"":314159,""domain_shift"":""none"",""epochs"":10,""experiment_seed"":4035,""gamma"":0.5,""local_seed"":11092,""matching"":""activation"",""max_test_samples"":5000,""max_train_samples"":10000,""model_index"":2,""n_models"":3,""optimizer"":""adamw"",""scheduler"":""cosine"",""step_size"":3,""train_split_seed"":314176,""weight_decay"":0.0001,""width"":128}",primary_replication,"Prompt 11 supported row: Fashion-MNIST, mlp2, N=3, W=128, no shift, activation matching."
fashion_mnist_mlp2_N3_W128_none_weight,fashion_mnist_mlp2_N3_W128_none_weight_seed4035,fashion_mnist,mlp2,3,128,none,weight,4035,0,9074,0.4252814769744873,0.8575,0.4809409670352936,0.8318,False,,"{""architecture"":""mlp2"",""augmentation"":""none"",""checkpoint_saved"":false,""dataset"":""fashion_mnist"",""dataset_seed"":314159,""domain_shift"":""none"",""epochs"":10,""experiment_seed"":4035,""gamma"":0.5,""local_seed"":9074,""matching"":""weight"",""max_test_samples"":5000,""max_train_samples"":10000,""model_index"":0,""n_models"":3,""optimizer"":""adamw"",""scheduler"":""cosine"",""step_size"":3,""train_split_seed"":314176,""weight_decay"":0.0001,""width"":128}",neighbor_control,Same primary setting with weight matching.
fashion_mnist_mlp2_N3_W128_none_weight,fashion_mnist_mlp2_N3_W128_none_weight_seed4035,fashion_mnist,mlp2,3,128,none,weight,4035,1,10083,0.424749813079834,0.853,0.48248757224082944,0.8302,False,,"{""architecture"":""mlp2"",""augmentation"":""none"",""checkpoint_saved"":false,""dataset"":""fashion_mnist"",""dataset_seed"":314159,""domain_shift"":""none"",""epochs"":10,""experiment_seed"":4035,""gamma"":0.5,""local_seed"":10083,""matching"":""weight"",""max_test_samples"":5000,""max_train_samples"":10000,""model_index"":1,""n_models"":3,""optimizer"":""adamw"",""scheduler"":""cosine"",""step_size"":3,""train_split_seed"":314176,""weight_decay"":0.0001,""width"":128}",neighbor_control,Same primary setting with weight matching.
fashion_mnist_mlp2_N3_W128_none_weight,fashion_mnist_mlp2_N3_W128_none_weight_seed4035,fashion_mnist,mlp2,3,128,none,weight,4035,2,11092,0.4201941146850586,0.862,0.4789720100402832,0.8314,False,,"{""architecture"":""mlp2"",""augmentation"":""none"",""checkpoint_saved"":false,""dataset"":""fashion_mnist"",""dataset_seed"":314159,""domain_shift"":""none"",""epochs"":10,""experiment_seed"":4035,""gamma"":0.5,""local_seed"":11092,""matching"":""weight"",""max_test_samples"":5000,""max_train_samples"":10000,""model_index"":2,""n_models"":3,""optimizer"":""adamw"",""scheduler"":""cosine"",""step_size"":3,""train_split_seed"":314176,""weight_decay"":0.0001,""width"":128}",neighbor_control,Same primary setting with weight matching.
fashion_mnist_mlp2_N3_W128_none_activation,fashion_mnist_mlp2_N3_W128_none_activation_seed4036,fashion_mnist,mlp2,3,128,none,activation,4036,0,9075,0.41804938316345214,0.8595,0.47557404341697695,0.8362,False,,"{""architecture"":""mlp2"",""augmentation"":""none"",""checkpoint_saved"":false,""dataset"":""fashion_mnist"",""dataset_seed"":314159,""domain_shift"":""none"",""epochs"":10,""experiment_seed"":4036,""gamma"":0.5,""local_seed"":9075,""matching"":""activation"",""max_test_samples"":5000,""max_train_samples"":10000,""model_index"":0,""n_models"":3,""optimizer"":""adamw"",""scheduler"":""cosine"",""step_size"":3,""train_split_seed"":314176,""weight_decay"":0.0001,""width"":128}",primary_replication,"Prompt 11 supported row: Fashion-MNIST, mlp2, N=3, W=128, no shift, activation matching."
fashion_mnist_mlp2_N3_W128_none_activation,fashion_mnist_mlp2_N3_W128_none_activation_seed4036,fashion_mnist,mlp2,3,128,none,activation,4036,1,10084,0.4162077713012695,0.8635,0.4718410228729248,0.836,False,,"{""architecture"":""mlp2"",""augmentation"":""none"",""checkpoint_saved"":false,""dataset"":""fashion_mnist"",""dataset_seed"":314159,""domain_shift"":""none"",""epochs"":10,""experiment_seed"":4036,""gamma"":0.5,""local_seed"":10084,""matching"":""activation"",""max_test_samples"":5000,""max_train_samples"":10000,""model_index"":1,""n_models"":3,""optimizer"":""adamw"",""scheduler"":""cosine"",""step_size"":3,""train_split_seed"":314176,""weight_decay"":0.0001,""width"":128}",primary_replication,"Prompt 11 supported row: Fashion-MNIST, mlp2, N=3, W=128, no shift, activation matching."
fashion_mnist_mlp2_N3_W128_none_activation,fashion_mnist_mlp2_N3_W128_none_activation_seed4036,fashion_mnist,mlp2,3,128,none,activation,4036,2,11093,0.41772629737854006,0.861,0.47882921814918517,0.833,False,,"{""architecture"":""mlp2"",""augmentation"":""none"",""checkpoint_saved"":false,""dataset"":""fashion_mnist"",""dataset_seed"":314159,""domain_shift"":""none"",""epochs"":10,""experiment_seed"":4036,""gamma"":0.5,""local_seed"":11093,""matching"":""activation"",""max_test_samples"":5000,""max_train_samples"":10000,""model_index"":2,""n_models"":3,""optimizer"":""adamw"",""scheduler"":""cosine"",""step_size"":3,""train_split_seed"":314176,""weight_decay"":0.0001,""width"":128}",primary_replication,"Prompt 11 supported row: Fashion-MNIST, mlp2, N=3, W=128, no shift, activation matching."
fashion_mnist_mlp2_N3_W128_none_weight,fashion_mnist_mlp2_N3_W128_none_weight_seed4036,fashion_mnist,mlp2,3,128,none,weight,4036,0,9075,0.41804938316345214,0.8595,0.47557404341697695,0.8362,False,,"{""architecture"":""mlp2"",""augmentation"":""none"",""checkpoint_saved"":false,""dataset"":""fashion_mnist"",""dataset_seed"":314159,""domain_shift"":""none"",""epochs"":10,""experiment_seed"":4036,""gamma"":0.5,""local_seed"":9075,""matching"":""weight"",""max_test_samples"":5000,""max_train_samples"":10000,""model_index"":0,""n_models"":3,""optimizer"":""adamw"",""scheduler"":""cosine"",""step_size"":3,""train_split_seed"":314176,""weight_decay"":0.0001,""width"":128}",neighbor_control,Same primary setting with weight matching.
fashion_mnist_mlp2_N3_W128_none_weight,fashion_mnist_mlp2_N3_W128_none_weight_seed4036,fashion_mnist,mlp2,3,128,none,weight,4036,1,10084,0.4162077713012695,0.8635,0.4718410228729248,0.836,False,,"{""architecture"":""mlp2"",""augmentation"":""none"",""checkpoint_saved"":false,""dataset"":""fashion_mnist"",""dataset_seed"":314159,""domain_shift"":""none"",""epochs"":10,""experiment_seed"":4036,""gamma"":0.5,""local_seed"":10084,""matching"":""weight"",""max_test_samples"":5000,""max_train_samples"":10000,""model_index"":1,""n_models"":3,""optimizer"":""adamw"",""scheduler"":""cosine"",""step_size"":3,""train_split_seed"":314176,""weight_decay"":0.0001,""width"":128}",neighbor_control,Same primary setting with weight matching.
fashion_mnist_mlp2_N3_W128_none_weight,fashion_mnist_mlp2_N3_W128_none_weight_seed4036,fashion_mnist,mlp2,3,128,none,weight,4036,2,11093,0.41772629737854006,0.861,0.47882921814918517,0.833,False,,"{""architecture"":""mlp2"",""augmentation"":""none"",""checkpoint_saved"":false,""dataset"":""fashion_mnist"",""dataset_seed"":314159,""domain_shift"":""none"",""epochs"":10,""experiment_seed"":4036,""gamma"":0.5,""local_seed"":11093,""matching"":""weight"",""max_test_samples"":5000,""max_train_samples"":10000,""model_index"":2,""n_models"":3,""optimizer"":""adamw"",""scheduler"":""cosine"",""step_size"":3,""train_split_seed"":314176,""weight_decay"":0.0001,""width"":128}",neighbor_control,Same primary setting with weight matching.
fashion_mnist_mlp2_N3_W128_none_activation,fashion_mnist_mlp2_N3_W128_none_activation_seed4037,fashion_mnist,mlp2,3,128,none,activation,4037,0,9076,0.4257298641204834,0.858,0.4817434296131134,0.833,False,,"{""architecture"":""mlp2"",""augmentation"":""none"",""checkpoint_saved"":false,""dataset"":""fashion_mnist"",""dataset_seed"":314159,""domain_shift"":""none"",""epochs"":10,""experiment_seed"":4037,""gamma"":0.5,""local_seed"":9076,""matching"":""activation"",""max_test_samples"":5000,""max_train_samples"":10000,""model_index"":0,""n_models"":3,""optimizer"":""adamw"",""scheduler"":""cosine"",""step_size"":3,""train_split_seed"":314176,""weight_decay"":0.0001,""width"":128}",primary_replication,"Prompt 11 supported row: Fashion-MNIST, mlp2, N=3, W=128, no shift, activation matching."
fashion_mnist_mlp2_N3_W128_none_activation,fashion_mnist_mlp2_N3_W128_none_activation_seed4037,fashion_mnist,mlp2,3,128,none,activation,4037,1,10085,0.42201372718811037,0.859,0.47898289518356324,0.8338,False,,"{""architecture"":""mlp2"",""augmentation"":""none"",""checkpoint_saved"":false,""dataset"":""fashion_mnist"",""dataset_seed"":314159,""domain_shift"":""none"",""epochs"":10,""experiment_seed"":4037,""gamma"":0.5,""local_seed"":10085,""matching"":""activation"",""max_test_samples"":5000,""max_train_samples"":10000,""model_index"":1,""n_models"":3,""optimizer"":""adamw"",""scheduler"":""cosine"",""step_size"":3,""train_split_seed"":314176,""weight_decay"":0.0001,""width"":128}",primary_replication,"Prompt 11 supported row: Fashion-MNIST, mlp2, N=3, W=128, no shift, activation matching."
fashion_mnist_mlp2_N3_W128_none_activation,fashion_mnist_mlp2_N3_W128_none_activation_seed4037,fashion_mnist,mlp2,3,128,none,activation,4037,2,11094,0.41850148391723635,0.8615,0.47799090051651,0.8342,False,,"{""architecture"":""mlp2"",""augmentation"":""none"",""checkpoint_saved"":false,""dataset"":""fashion_mnist"",""dataset_seed"":314159,""domain_shift"":""none"",""epochs"":10,""experiment_seed"":4037,""gamma"":0.5,""local_seed"":11094,""matching"":""activation"",""max_test_samples"":5000,""max_train_samples"":10000,""model_index"":2,""n_models"":3,""optimizer"":""adamw"",""scheduler"":""cosine"",""step_size"":3,""train_split_seed"":314176,""weight_decay"":0.0001,""width"":128}",primary_replication,"Prompt 11 supported row: Fashion-MNIST, mlp2, N=3, W=128, no shift, activation matching."
fashion_mnist_mlp2_N3_W128_none_weight,fashion_mnist_mlp2_N3_W128_none_weight_seed4037,fashion_mnist,mlp2,3,128,none,weight,4037,0,9076,0.4257298641204834,0.858,0.4817434296131134,0.833,False,,"{""architecture"":""mlp2"",""augmentation"":""none"",""checkpoint_saved"":false,""dataset"":""fashion_mnist"",""dataset_seed"":314159,""domain_shift"":""none"",""epochs"":10,""experiment_seed"":4037,""gamma"":0.5,""local_seed"":9076,""matching"":""weight"",""max_test_samples"":5000,""max_train_samples"":10000,""model_index"":0,""n_models"":3,""optimizer"":""adamw"",""scheduler"":""cosine"",""step_size"":3,""train_split_seed"":314176,""weight_decay"":0.0001,""width"":128}",neighbor_control,Same primary setting with weight matching.
fashion_mnist_mlp2_N3_W128_none_weight,fashion_mnist_mlp2_N3_W128_none_weight_seed4037,fashion_mnist,mlp2,3,128,none,weight,4037,1,10085,0.42201372718811037,0.859,0.47898289518356324,0.8338,False,,"{""architecture"":""mlp2"",""augmentation"":""none"",""checkpoint_saved"":false,""dataset"":""fashion_mnist"",""dataset_seed"":314159,""domain_shift"":""none"",""epochs"":10,""experiment_seed"":4037,""gamma"":0.5,""local_seed"":10085,""matching"":""weight"",""max_test_samples"":5000,""max_train_samples"":10000,""model_index"":1,""n_models"":3,""optimizer"":""adamw"",""scheduler"":""cosine"",""step_size"":3,""train_split_seed"":314176,""weight_decay"":0.0001,""width"":128}",neighbor_control,Same primary setting with weight matching.
fashion_mnist_mlp2_N3_W128_none_weight,fashion_mnist_mlp2_N3_W128_none_weight_seed4037,fashion_mnist,mlp2,3,128,none,weight,4037,2,11094,0.41850148391723635,0.8615,0.47799090051651,0.8342,False,,"{""architecture"":""mlp2"",""augmentation"":""none"",""checkpoint_saved"":false,""dataset"":""fashion_mnist"",""dataset_seed"":314159,""domain_shift"":""none"",""epochs"":10,""experiment_seed"":4037,""gamma"":0.5,""local_seed"":11094,""matching"":""weight"",""max_test_samples"":5000,""max_train_samples"":10000,""model_index"":2,""n_models"":3,""optimizer"":""adamw"",""scheduler"":""cosine"",""step_size"":3,""train_split_seed"":314176,""weight_decay"":0.0001,""width"":128}",neighbor_control,Same primary setting with weight matching.
fashion_mnist_mlp2_N3_W128_none_activation,fashion_mnist_mlp2_N3_W128_none_activation_seed4038,fashion_mnist,mlp2,3,128,none,activation,4038,0,9077,0.42444902229309084,0.8575,0.47797603640556335,0.8304,False,,"{""architecture"":""mlp2"",""augmentation"":""none"",""checkpoint_saved"":false,""dataset"":""fashion_mnist"",""dataset_seed"":314159,""domain_shift"":""none"",""epochs"":10,""experiment_seed"":4038,""gamma"":0.5,""local_seed"":9077,""matching"":""activation"",""max_test_samples"":5000,""max_train_samples"":10000,""model_index"":0,""n_models"":3,""optimizer"":""adamw"",""scheduler"":""cosine"",""step_size"":3,""train_split_seed"":314176,""weight_decay"":0.0001,""width"":128}",primary_replication,"Prompt 11 supported row: Fashion-MNIST, mlp2, N=3, W=128, no shift, activation matching."
fashion_mnist_mlp2_N3_W128_none_activation,fashion_mnist_mlp2_N3_W128_none_activation_seed4038,fashion_mnist,mlp2,3,128,none,activation,4038,1,10086,0.43118902015686034,0.8565,0.4840772512435913,0.8306,False,,"{""architecture"":""mlp2"",""augmentation"":""none"",""checkpoint_saved"":false,""dataset"":""fashion_mnist"",""dataset_seed"":314159,""domain_shift"":""none"",""epochs"":10,""experiment_seed"":4038,""gamma"":0.5,""local_seed"":10086,""matching"":""activation"",""max_test_samples"":5000,""max_train_samples"":10000,""model_index"":1,""n_models"":3,""optimizer"":""adamw"",""scheduler"":""cosine"",""step_size"":3,""train_split_seed"":314176,""weight_decay"":0.0001,""width"":128}",primary_replication,"Prompt 11 supported row: Fashion-MNIST, mlp2, N=3, W=128, no shift, activation matching."
fashion_mnist_mlp2_N3_W128_none_activation,fashion_mnist_mlp2_N3_W128_none_activation_seed4038,fashion_mnist,mlp2,3,128,none,activation,4038,2,11095,0.4306266975402832,0.859,0.48528996171951294,0.831,False,,"{""architecture"":""mlp2"",""augmentation"":""none"",""checkpoint_saved"":false,""dataset"":""fashion_mnist"",""dataset_seed"":314159,""domain_shift"":""none"",""epochs"":10,""experiment_seed"":4038,""gamma"":0.5,""local_seed"":11095,""matching"":""activation"",""max_test_samples"":5000,""max_train_samples"":10000,""model_index"":2,""n_models"":3,""optimizer"":""adamw"",""scheduler"":""cosine"",""step_size"":3,""train_split_seed"":314176,""weight_decay"":0.0001,""width"":128}",primary_replication,"Prompt 11 supported row: Fashion-MNIST, mlp2, N=3, W=128, no shift, activation matching."
fashion_mnist_mlp2_N3_W128_none_weight,fashion_mnist_mlp2_N3_W128_none_weight_seed4038,fashion_mnist,mlp2,3,128,none,weight,4038,0,9077,0.42444902229309084,0.8575,0.47797603640556335,0.8304,False,,"{""architecture"":""mlp2"",""augmentation"":""none"",""checkpoint_saved"":false,""dataset"":""fashion_mnist"",""dataset_seed"":314159,""domain_shift"":""none"",""epochs"":10,""experiment_seed"":4038,""gamma"":0.5,""local_seed"":9077,""matching"":""weight"",""max_test_samples"":5000,""max_train_samples"":10000,""model_index"":0,""n_models"":3,""optimizer"":""adamw"",""scheduler"":""cosine"",""step_size"":3,""train_split_seed"":314176,""weight_decay"":0.0001,""width"":128}",neighbor_control,Same primary setting with weight matching.
fashion_mnist_mlp2_N3_W128_none_weight,fashion_mnist_mlp2_N3_W128_none_weight_seed4038,fashion_mnist,mlp2,3,128,none,weight,4038,1,10086,0.43118902015686034,0.8565,0.4840772512435913,0.8306,False,,"{""architecture"":""mlp2"",""augmentation"":""none"",""checkpoint_saved"":false,""dataset"":""fashion_mnist"",""dataset_seed"":314159,""domain_shift"":""none"",""epochs"":10,""experiment_seed"":4038,""gamma"":0.5,""local_seed"":10086,""matching"":""weight"",""max_test_samples"":5000,""max_train_samples"":10000,""model_index"":1,""n_models"":3,""optimizer"":""adamw"",""scheduler"":""cosine"",""step_size"":3,""train_split_seed"":314176,""weight_decay"":0.0001,""width"":128}",neighbor_control,Same primary setting with weight matching.
fashion_mnist_mlp2_N3_W128_none_weight,fashion_mnist_mlp2_N3_W128_none_weight_seed4038,fashion_mnist,mlp2,3,128,none,weight,4038,2,11095,0.4306266975402832,0.859,0.48528996171951294,0.831,False,,"{""architecture"":""mlp2"",""augmentation"":""none"",""checkpoint_saved"":false,""dataset"":""fashion_mnist"",""dataset_seed"":314159,""domain_shift"":""none"",""epochs"":10,""experiment_seed"":4038,""gamma"":0.5,""local_seed"":11095,""matching"":""weight"",""max_test_samples"":5000,""max_train_samples"":10000,""model_index"":2,""n_models"":3,""optimizer"":""adamw"",""scheduler"":""cosine"",""step_size"":3,""train_split_seed"":314176,""weight_decay"":0.0001,""width"":128}",neighbor_control,Same primary setting with weight matching.
fashion_mnist_mlp2_N3_W128_none_activation,fashion_mnist_mlp2_N3_W128_none_activation_seed4039,fashion_mnist,mlp2,3,128,none,activation,4039,0,9078,0.42189114761352536,0.8575,0.4780292232513428,0.8312,False,,"{""architecture"":""mlp2"",""augmentation"":""none"",""checkpoint_saved"":false,""dataset"":""fashion_mnist"",""dataset_seed"":314159,""domain_shift"":""none"",""epochs"":10,""experiment_seed"":4039,""gamma"":0.5,""local_seed"":9078,""matching"":""activation"",""max_test_samples"":5000,""max_train_samples"":10000,""model_index"":0,""n_models"":3,""optimizer"":""adamw"",""scheduler"":""cosine"",""step_size"":3,""train_split_seed"":314176,""weight_decay"":0.0001,""width"":128}",primary_replication,"Prompt 11 supported row: Fashion-MNIST, mlp2, N=3, W=128, no shift, activation matching."
fashion_mnist_mlp2_N3_W128_none_activation,fashion_mnist_mlp2_N3_W128_none_activation_seed4039,fashion_mnist,mlp2,3,128,none,activation,4039,1,10087,0.42533700561523435,0.8565,0.48654007415771483,0.83,False,,"{""architecture"":""mlp2"",""augmentation"":""none"",""checkpoint_saved"":false,""dataset"":""fashion_mnist"",""dataset_seed"":314159,""domain_shift"":""none"",""epochs"":10,""experiment_seed"":4039,""gamma"":0.5,""local_seed"":10087,""matching"":""activation"",""max_test_samples"":5000,""max_train_samples"":10000,""model_index"":1,""n_models"":3,""optimizer"":""adamw"",""scheduler"":""cosine"",""step_size"":3,""train_split_seed"":314176,""weight_decay"":0.0001,""width"":128}",primary_replication,"Prompt 11 supported row: Fashion-MNIST, mlp2, N=3, W=128, no shift, activation matching."
fashion_mnist_mlp2_N3_W128_none_activation,fashion_mnist_mlp2_N3_W128_none_activation_seed4039,fashion_mnist,mlp2,3,128,none,activation,4039,2,11096,0.4307451572418213,0.8575,0.4844639295101166,0.83,False,,"{""architecture"":""mlp2"",""augmentation"":""none"",""checkpoint_saved"":false,""dataset"":""fashion_mnist"",""dataset_seed"":314159,""domain_shift"":""none"",""epochs"":10,""experiment_seed"":4039,""gamma"":0.5,""local_seed"":11096,""matching"":""activation"",""max_test_samples"":5000,""max_train_samples"":10000,""model_index"":2,""n_models"":3,""optimizer"":""adamw"",""scheduler"":""cosine"",""step_size"":3,""train_split_seed"":314176,""weight_decay"":0.0001,""width"":128}",primary_replication,"Prompt 11 supported row: Fashion-MNIST, mlp2, N=3, W=128, no shift, activation matching."
fashion_mnist_mlp2_N3_W128_none_weight,fashion_mnist_mlp2_N3_W128_none_weight_seed4039,fashion_mnist,mlp2,3,128,none,weight,4039,0,9078,0.42189114761352536,0.8575,0.4780292232513428,0.8312,False,,"{""architecture"":""mlp2"",""augmentation"":""none"",""checkpoint_saved"":false,""dataset"":""fashion_mnist"",""dataset_seed"":314159,""domain_shift"":""none"",""epochs"":10,""experiment_seed"":4039,""gamma"":0.5,""local_seed"":9078,""matching"":""weight"",""max_test_samples"":5000,""max_train_samples"":10000,""model_index"":0,""n_models"":3,""optimizer"":""adamw"",""scheduler"":""cosine"",""step_size"":3,""train_split_seed"":314176,""weight_decay"":0.0001,""width"":128}",neighbor_control,Same primary setting with weight matching.
fashion_mnist_mlp2_N3_W128_none_weight,fashion_mnist_mlp2_N3_W128_none_weight_seed4039,fashion_mnist,mlp2,3,128,none,weight,4039,1,10087,0.42533700561523435,0.8565,0.48654007415771483,0.83,False,,"{""architecture"":""mlp2"",""augmentation"":""none"",""checkpoint_saved"":false,""dataset"":""fashion_mnist"",""dataset_seed"":314159,""domain_shift"":""none"",""epochs"":10,""experiment_seed"":4039,""gamma"":0.5,""local_seed"":10087,""matching"":""weight"",""max_test_samples"":5000,""max_train_samples"":10000,""model_index"":1,""n_models"":3,""optimizer"":""adamw"",""scheduler"":""cosine"",""step_size"":3,""train_split_seed"":314176,""weight_decay"":0.0001,""width"":128}",neighbor_control,Same primary setting with weight matching.
fashion_mnist_mlp2_N3_W128_none_weight,fashion_mnist_mlp2_N3_W128_none_weight_seed4039,fashion_mnist,mlp2,3,128,none,weight,4039,2,11096,0.4307451572418213,0.8575,0.4844639295101166,0.83,False,,"{""architecture"":""mlp2"",""augmentation"":""none"",""checkpoint_saved"":false,""dataset"":""fashion_mnist"",""dataset_seed"":314159,""domain_shift"":""none"",""epochs"":10,""experiment_seed"":4039,""gamma"":0.5,""local_seed"":11096,""matching"":""weight"",""max_test_samples"":5000,""max_train_samples"":10000,""model_index"":2,""n_models"":3,""optimizer"":""adamw"",""scheduler"":""cosine"",""step_size"":3,""train_split_seed"":314176,""weight_decay"":0.0001,""width"":128}",neighbor_control,Same primary setting with weight matching.
fashion_mnist_mlp2_N3_W128_none_activation,fashion_mnist_mlp2_N3_W128_none_activation_seed4040,fashion_mnist,mlp2,3,128,none,activation,4040,0,9079,0.42374679946899413,0.862,0.47981258068084714,0.8328,False,,"{""architecture"":""mlp2"",""augmentation"":""none"",""checkpoint_saved"":false,""dataset"":""fashion_mnist"",""dataset_seed"":314159,""domain_shift"":""none"",""epochs"":10,""experiment_seed"":4040,""gamma"":0.5,""local_seed"":9079,""matching"":""activation"",""max_test_samples"":5000,""max_train_samples"":10000,""model_index"":0,""n_models"":3,""optimizer"":""adamw"",""scheduler"":""cosine"",""step_size"":3,""train_split_seed"":314176,""weight_decay"":0.0001,""width"":128}",primary_replication,"Prompt 11 supported row: Fashion-MNIST, mlp2, N=3, W=128, no shift, activation matching."
fashion_mnist_mlp2_N3_W128_none_activation,fashion_mnist_mlp2_N3_W128_none_activation_seed4040,fashion_mnist,mlp2,3,128,none,activation,4040,1,10088,0.42717254829406737,0.855,0.48432999567985535,0.8322,False,,"{""architecture"":""mlp2"",""augmentation"":""none"",""checkpoint_saved"":false,""dataset"":""fashion_mnist"",""dataset_seed"":314159,""domain_shift"":""none"",""epochs"":10,""experiment_seed"":4040,""gamma"":0.5,""local_seed"":10088,""matching"":""activation"",""max_test_samples"":5000,""max_train_samples"":10000,""model_index"":1,""n_models"":3,""optimizer"":""adamw"",""scheduler"":""cosine"",""step_size"":3,""train_split_seed"":314176,""weight_decay"":0.0001,""width"":128}",primary_replication,"Prompt 11 supported row: Fashion-MNIST, mlp2, N=3, W=128, no shift, activation matching."
fashion_mnist_mlp2_N3_W128_none_activation,fashion_mnist_mlp2_N3_W128_none_activation_seed4040,fashion_mnist,mlp2,3,128,none,activation,4040,2,11097,0.4225434188842773,0.859,0.47653643074035645,0.8356,False,,"{""architecture"":""mlp2"",""augmentation"":""none"",""checkpoint_saved"":false,""dataset"":""fashion_mnist"",""dataset_seed"":314159,""domain_shift"":""none"",""epochs"":10,""experiment_seed"":4040,""gamma"":0.5,""local_seed"":11097,""matching"":""activation"",""max_test_samples"":5000,""max_train_samples"":10000,""model_index"":2,""n_models"":3,""optimizer"":""adamw"",""scheduler"":""cosine"",""step_size"":3,""train_split_seed"":314176,""weight_decay"":0.0001,""width"":128}",primary_replication,"Prompt 11 supported row: Fashion-MNIST, mlp2, N=3, W=128, no shift, activation matching."
fashion_mnist_mlp2_N3_W128_none_weight,fashion_mnist_mlp2_N3_W128_none_weight_seed4040,fashion_mnist,mlp2,3,128,none,weight,4040,0,9079,0.42374679946899413,0.862,0.47981258068084714,0.8328,False,,"{""architecture"":""mlp2"",""augmentation"":""none"",""checkpoint_saved"":false,""dataset"":""fashion_mnist"",""dataset_seed"":314159,""domain_shift"":""none"",""epochs"":10,""experiment_seed"":4040,""gamma"":0.5,""local_seed"":9079,""matching"":""weight"",""max_test_samples"":5000,""max_train_samples"":10000,""model_index"":0,""n_models"":3,""optimizer"":""adamw"",""scheduler"":""cosine"",""step_size"":3,""train_split_seed"":314176,""weight_decay"":0.0001,""width"":128}",neighbor_control,Same primary setting with weight matching.
fashion_mnist_mlp2_N3_W128_none_weight,fashion_mnist_mlp2_N3_W128_none_weight_seed4040,fashion_mnist,mlp2,3,128,none,weight,4040,1,10088,0.42717254829406737,0.855,0.48432999567985535,0.8322,False,,"{""architecture"":""mlp2"",""augmentation"":""none"",""checkpoint_saved"":false,""dataset"":""fashion_mnist"",""dataset_seed"":314159,""domain_shift"":""none"",""epochs"":10,""experiment_seed"":4040,""gamma"":0.5,""local_seed"":10088,""matching"":""weight"",""max_test_samples"":5000,""max_train_samples"":10000,""model_index"":1,""n_models"":3,""optimizer"":""adamw"",""scheduler"":""cosine"",""step_size"":3,""train_split_seed"":314176,""weight_decay"":0.0001,""width"":128}",neighbor_control,Same primary setting with weight matching.
fashion_mnist_mlp2_N3_W128_none_weight,fashion_mnist_mlp2_N3_W128_none_weight_seed4040,fashion_mnist,mlp2,3,128,none,weight,4040,2,11097,0.4225434188842773,0.859,0.47653643074035645,0.8356,False,,"{""architecture"":""mlp2"",""augmentation"":""none"",""checkpoint_saved"":false,""dataset"":""fashion_mnist"",""dataset_seed"":314159,""domain_shift"":""none"",""epochs"":10,""experiment_seed"":4040,""gamma"":0.5,""local_seed"":11097,""matching"":""weight"",""max_test_samples"":5000,""max_train_samples"":10000,""model_index"":2,""n_models"":3,""optimizer"":""adamw"",""scheduler"":""cosine"",""step_size"":3,""train_split_seed"":314176,""weight_decay"":0.0001,""width"":128}",neighbor_control,Same primary setting with weight matching.
fashion_mnist_mlp2_N3_W128_none_activation,fashion_mnist_mlp2_N3_W128_none_activation_seed4041,fashion_mnist,mlp2,3,128,none,activation,4041,0,9080,0.426894624710083,0.859,0.4799255956172943,0.8304,False,,"{""architecture"":""mlp2"",""augmentation"":""none"",""checkpoint_saved"":false,""dataset"":""fashion_mnist"",""dataset_seed"":314159,""domain_shift"":""none"",""epochs"":10,""experiment_seed"":4041,""gamma"":0.5,""local_seed"":9080,""matching"":""activation"",""max_test_samples"":5000,""max_train_samples"":10000,""model_index"":0,""n_models"":3,""optimizer"":""adamw"",""scheduler"":""cosine"",""step_size"":3,""train_split_seed"":314176,""weight_decay"":0.0001,""width"":128}",primary_replication,"Prompt 11 supported row: Fashion-MNIST, mlp2, N=3, W=128, no shift, activation matching."
fashion_mnist_mlp2_N3_W128_none_activation,fashion_mnist_mlp2_N3_W128_none_activation_seed4041,fashion_mnist,mlp2,3,128,none,activation,4041,1,10089,0.417578800201416,0.8645,0.48042941694259644,0.8318,False,,"{""architecture"":""mlp2"",""augmentation"":""none"",""checkpoint_saved"":false,""dataset"":""fashion_mnist"",""dataset_seed"":314159,""domain_shift"":""none"",""epochs"":10,""experiment_seed"":4041,""gamma"":0.5,""local_seed"":10089,""matching"":""activation"",""max_test_samples"":5000,""max_train_samples"":10000,""model_index"":1,""n_models"":3,""optimizer"":""adamw"",""scheduler"":""cosine"",""step_size"":3,""train_split_seed"":314176,""weight_decay"":0.0001,""width"":128}",primary_replication,"Prompt 11 supported row: Fashion-MNIST, mlp2, N=3, W=128, no shift, activation matching."
fashion_mnist_mlp2_N3_W128_none_activation,fashion_mnist_mlp2_N3_W128_none_activation_seed4041,fashion_mnist,mlp2,3,128,none,activation,4041,2,11098,0.41553687477111817,0.8565,0.47052142601013186,0.8362,False,,"{""architecture"":""mlp2"",""augmentation"":""none"",""checkpoint_saved"":false,""dataset"":""fashion_mnist"",""dataset_seed"":314159,""domain_shift"":""none"",""epochs"":10,""experiment_seed"":4041,""gamma"":0.5,""local_seed"":11098,""matching"":""activation"",""max_test_samples"":5000,""max_train_samples"":10000,""model_index"":2,""n_models"":3,""optimizer"":""adamw"",""scheduler"":""cosine"",""step_size"":3,""train_split_seed"":314176,""weight_decay"":0.0001,""width"":128}",primary_replication,"Prompt 11 supported row: Fashion-MNIST, mlp2, N=3, W=128, no shift, activation matching."
fashion_mnist_mlp2_N3_W128_none_weight,fashion_mnist_mlp2_N3_W128_none_weight_seed4041,fashion_mnist,mlp2,3,128,none,weight,4041,0,9080,0.426894624710083,0.859,0.4799255956172943,0.8304,False,,"{""architecture"":""mlp2"",""augmentation"":""none"",""checkpoint_saved"":false,""dataset"":""fashion_mnist"",""dataset_seed"":314159,""domain_shift"":""none"",""epochs"":10,""experiment_seed"":4041,""gamma"":0.5,""local_seed"":9080,""matching"":""weight"",""max_test_samples"":5000,""max_train_samples"":10000,""model_index"":0,""n_models"":3,""optimizer"":""adamw"",""scheduler"":""cosine"",""step_size"":3,""train_split_seed"":314176,""weight_decay"":0.0001,""width"":128}",neighbor_control,Same primary setting with weight matching.
fashion_mnist_mlp2_N3_W128_none_weight,fashion_mnist_mlp2_N3_W128_none_weight_seed4041,fashion_mnist,mlp2,3,128,none,weight,4041,1,10089,0.417578800201416,0.8645,0.48042941694259644,0.8318,False,,"{""architecture"":""mlp2"",""augmentation"":""none"",""checkpoint_saved"":false,""dataset"":""fashion_mnist"",""dataset_seed"":314159,""domain_shift"":""none"",""epochs"":10,""experiment_seed"":4041,""gamma"":0.5,""local_seed"":10089,""matching"":""weight"",""max_test_samples"":5000,""max_train_samples"":10000,""model_index"":1,""n_models"":3,""optimizer"":""adamw"",""scheduler"":""cosine"",""step_size"":3,""train_split_seed"":314176,""weight_decay"":0.0001,""width"":128}",neighbor_control,Same primary setting with weight matching.
fashion_mnist_mlp2_N3_W128_none_weight,fashion_mnist_mlp2_N3_W128_none_weight_seed4041,fashion_mnist,mlp2,3,128,none,weight,4041,2,11098,0.41553687477111817,0.8565,0.47052142601013186,0.8362,False,,"{""architecture"":""mlp2"",""augmentation"":""none"",""checkpoint_saved"":false,""dataset"":""fashion_mnist"",""dataset_seed"":314159,""domain_shift"":""none"",""epochs"":10,""experiment_seed"":4041,""gamma"":0.5,""local_seed"":11098,""matching"":""weight"",""max_test_samples"":5000,""max_train_samples"":10000,""model_index"":2,""n_models"":3,""optimizer"":""adamw"",""scheduler"":""cosine"",""step_size"":3,""train_split_seed"":314176,""weight_decay"":0.0001,""width"":128}",neighbor_control,Same primary setting with weight matching.
fashion_mnist_mlp2_N3_W128_none_activation,fashion_mnist_mlp2_N3_W128_none_activation_seed4042,fashion_mnist,mlp2,3,128,none,activation,4042,0,9081,0.4237260398864746,0.8625,0.47645740723609925,0.8334,False,,"{""architecture"":""mlp2"",""augmentation"":""none"",""checkpoint_saved"":false,""dataset"":""fashion_mnist"",""dataset_seed"":314159,""domain_shift"":""none"",""epochs"":10,""experiment_seed"":4042,""gamma"":0.5,""local_seed"":9081,""matching"":""activation"",""max_test_samples"":5000,""max_train_samples"":10000,""model_index"":0,""n_models"":3,""optimizer"":""adamw"",""scheduler"":""cosine"",""step_size"":3,""train_split_seed"":314176,""weight_decay"":0.0001,""width"":128}",primary_replication,"Prompt 11 supported row: Fashion-MNIST, mlp2, N=3, W=128, no shift, activation matching."
fashion_mnist_mlp2_N3_W128_none_activation,fashion_mnist_mlp2_N3_W128_none_activation_seed4042,fashion_mnist,mlp2,3,128,none,activation,4042,1,10090,0.4309435024261475,0.8575,0.4853512659549713,0.8312,False,,"{""architecture"":""mlp2"",""augmentation"":""none"",""checkpoint_saved"":false,""dataset"":""fashion_mnist"",""dataset_seed"":314159,""domain_shift"":""none"",""epochs"":10,""experiment_seed"":4042,""gamma"":0.5,""local_seed"":10090,""matching"":""activation"",""max_test_samples"":5000,""max_train_samples"":10000,""model_index"":1,""n_models"":3,""optimizer"":""adamw"",""scheduler"":""cosine"",""step_size"":3,""train_split_seed"":314176,""weight_decay"":0.0001,""width"":128}",primary_replication,"Prompt 11 supported row: Fashion-MNIST, mlp2, N=3, W=128, no shift, activation matching."
fashion_mnist_mlp2_N3_W128_none_activation,fashion_mnist_mlp2_N3_W128_none_activation_seed4042,fashion_mnist,mlp2,3,128,none,activation,4042,2,11099,0.42278216552734377,0.858,0.48059807677268984,0.8314,False,,"{""architecture"":""mlp2"",""augmentation"":""none"",""checkpoint_saved"":false,""dataset"":""fashion_mnist"",""dataset_seed"":314159,""domain_shift"":""none"",""epochs"":10,""experiment_seed"":4042,""gamma"":0.5,""local_seed"":11099,""matching"":""activation"",""max_test_samples"":5000,""max_train_samples"":10000,""model_index"":2,""n_models"":3,""optimizer"":""adamw"",""scheduler"":""cosine"",""step_size"":3,""train_split_seed"":314176,""weight_decay"":0.0001,""width"":128}",primary_replication,"Prompt 11 supported row: Fashion-MNIST, mlp2, N=3, W=128, no shift, activation matching."
fashion_mnist_mlp2_N3_W128_none_weight,fashion_mnist_mlp2_N3_W128_none_weight_seed4042,fashion_mnist,mlp2,3,128,none,weight,4042,0,9081,0.4237260398864746,0.8625,0.47645740723609925,0.8334,False,,"{""architecture"":""mlp2"",""augmentation"":""none"",""checkpoint_saved"":false,""dataset"":""fashion_mnist"",""dataset_seed"":314159,""domain_shift"":""none"",""epochs"":10,""experiment_seed"":4042,""gamma"":0.5,""local_seed"":9081,""matching"":""weight"",""max_test_samples"":5000,""max_train_samples"":10000,""model_index"":0,""n_models"":3,""optimizer"":""adamw"",""scheduler"":""cosine"",""step_size"":3,""train_split_seed"":314176,""weight_decay"":0.0001,""width"":128}",neighbor_control,Same primary setting with weight matching.
fashion_mnist_mlp2_N3_W128_none_weight,fashion_mnist_mlp2_N3_W128_none_weight_seed4042,fashion_mnist,mlp2,3,128,none,weight,4042,1,10090,0.4309435024261475,0.8575,0.4853512659549713,0.8312,False,,"{""architecture"":""mlp2"",""augmentation"":""none"",""checkpoint_saved"":false,""dataset"":""fashion_mnist"",""dataset_seed"":314159,""domain_shift"":""none"",""epochs"":10,""experiment_seed"":4042,""gamma"":0.5,""local_seed"":10090,""matching"":""weight"",""max_test_samples"":5000,""max_train_samples"":10000,""model_index"":1,""n_models"":3,""optimizer"":""adamw"",""scheduler"":""cosine"",""step_size"":3,""train_split_seed"":314176,""weight_decay"":0.0001,""width"":128}",neighbor_control,Same primary setting with weight matching.
fashion_mnist_mlp2_N3_W128_none_weight,fashion_mnist_mlp2_N3_W128_none_weight_seed4042,fashion_mnist,mlp2,3,128,none,weight,4042,2,11099,0.42278216552734377,0.858,0.48059807677268984,0.8314,False,,"{""architecture"":""mlp2"",""augmentation"":""none"",""checkpoint_saved"":false,""dataset"":""fashion_mnist"",""dataset_seed"":314159,""domain_shift"":""none"",""epochs"":10,""experiment_seed"":4042,""gamma"":0.5,""local_seed"":11099,""matching"":""weight"",""max_test_samples"":5000,""max_train_samples"":10000,""model_index"":2,""n_models"":3,""optimizer"":""adamw"",""scheduler"":""cosine"",""step_size"":3,""train_split_seed"":314176,""weight_decay"":0.0001,""width"":128}",neighbor_control,Same primary setting with weight matching.
fashion_mnist_mlp2_N3_W128_none_activation,fashion_mnist_mlp2_N3_W128_none_activation_seed4043,fashion_mnist,mlp2,3,128,none,activation,4043,0,9082,0.42183337211608884,0.858,0.47995612692832945,0.8322,False,,"{""architecture"":""mlp2"",""augmentation"":""none"",""checkpoint_saved"":false,""dataset"":""fashion_mnist"",""dataset_seed"":314159,""domain_shift"":""none"",""epochs"":10,""experiment_seed"":4043,""gamma"":0.5,""local_seed"":9082,""matching"":""activation"",""max_test_samples"":5000,""max_train_samples"":10000,""model_index"":0,""n_models"":3,""optimizer"":""adamw"",""scheduler"":""cosine"",""step_size"":3,""train_split_seed"":314176,""weight_decay"":0.0001,""width"":128}",primary_replication,"Prompt 11 supported row: Fashion-MNIST, mlp2, N=3, W=128, no shift, activation matching."
fashion_mnist_mlp2_N3_W128_none_activation,fashion_mnist_mlp2_N3_W128_none_activation_seed4043,fashion_mnist,mlp2,3,128,none,activation,4043,1,10091,0.4251075496673584,0.8555,0.47719211502075193,0.8306,False,,"{""architecture"":""mlp2"",""augmentation"":""none"",""checkpoint_saved"":false,""dataset"":""fashion_mnist"",""dataset_seed"":314159,""domain_shift"":""none"",""epochs"":10,""experiment_seed"":4043,""gamma"":0.5,""local_seed"":10091,""matching"":""activation"",""max_test_samples"":5000,""max_train_samples"":10000,""model_index"":1,""n_models"":3,""optimizer"":""adamw"",""scheduler"":""cosine"",""step_size"":3,""train_split_seed"":314176,""weight_decay"":0.0001,""width"":128}",primary_replication,"Prompt 11 supported row: Fashion-MNIST, mlp2, N=3, W=128, no shift, activation matching."
fashion_mnist_mlp2_N3_W128_none_activation,fashion_mnist_mlp2_N3_W128_none_activation_seed4043,fashion_mnist,mlp2,3,128,none,activation,4043,2,11100,0.4293291206359863,0.8585,0.48335941190719606,0.832,False,,"{""architecture"":""mlp2"",""augmentation"":""none"",""checkpoint_saved"":false,""dataset"":""fashion_mnist"",""dataset_seed"":314159,""domain_shift"":""none"",""epochs"":10,""experiment_seed"":4043,""gamma"":0.5,""local_seed"":11100,""matching"":""activation"",""max_test_samples"":5000,""max_train_samples"":10000,""model_index"":2,""n_models"":3,""optimizer"":""adamw"",""scheduler"":""cosine"",""step_size"":3,""train_split_seed"":314176,""weight_decay"":0.0001,""width"":128}",primary_replication,"Prompt 11 supported row: Fashion-MNIST, mlp2, N=3, W=128, no shift, activation matching."
fashion_mnist_mlp2_N3_W128_none_weight,fashion_mnist_mlp2_N3_W128_none_weight_seed4043,fashion_mnist,mlp2,3,128,none,weight,4043,0,9082,0.42183337211608884,0.858,0.47995612692832945,0.8322,False,,"{""architecture"":""mlp2"",""augmentation"":""none"",""checkpoint_saved"":false,""dataset"":""fashion_mnist"",""dataset_seed"":314159,""domain_shift"":""none"",""epochs"":10,""experiment_seed"":4043,""gamma"":0.5,""local_seed"":9082,""matching"":""weight"",""max_test_samples"":5000,""max_train_samples"":10000,""model_index"":0,""n_models"":3,""optimizer"":""adamw"",""scheduler"":""cosine"",""step_size"":3,""train_split_seed"":314176,""weight_decay"":0.0001,""width"":128}",neighbor_control,Same primary setting with weight matching.
fashion_mnist_mlp2_N3_W128_none_weight,fashion_mnist_mlp2_N3_W128_none_weight_seed4043,fashion_mnist,mlp2,3,128,none,weight,4043,1,10091,0.4251075496673584,0.8555,0.47719211502075193,0.8306,False,,"{""architecture"":""mlp2"",""augmentation"":""none"",""checkpoint_saved"":false,""dataset"":""fashion_mnist"",""dataset_seed"":314159,""domain_shift"":""none"",""epochs"":10,""experiment_seed"":4043,""gamma"":0.5,""local_seed"":10091,""matching"":""weight"",""max_test_samples"":5000,""max_train_samples"":10000,""model_index"":1,""n_models"":3,""optimizer"":""adamw"",""scheduler"":""cosine"",""step_size"":3,""train_split_seed"":314176,""weight_decay"":0.0001,""width"":128}",neighbor_control,Same primary setting with weight matching.
fashion_mnist_mlp2_N3_W128_none_weight,fashion_mnist_mlp2_N3_W128_none_weight_seed4043,fashion_mnist,mlp2,3,128,none,weight,4043,2,11100,0.4293291206359863,0.8585,0.48335941190719606,0.832,False,,"{""architecture"":""mlp2"",""augmentation"":""none"",""checkpoint_saved"":false,""dataset"":""fashion_mnist"",""dataset_seed"":314159,""domain_shift"":""none"",""epochs"":10,""experiment_seed"":4043,""gamma"":0.5,""local_seed"":11100,""matching"":""weight"",""max_test_samples"":5000,""max_train_samples"":10000,""model_index"":2,""n_models"":3,""optimizer"":""adamw"",""scheduler"":""cosine"",""step_size"":3,""train_split_seed"":314176,""weight_decay"":0.0001,""width"":128}",neighbor_control,Same primary setting with weight matching.
fashion_mnist_mlp2_N3_W128_none_activation,fashion_mnist_mlp2_N3_W128_none_activation_seed4044,fashion_mnist,mlp2,3,128,none,activation,4044,0,9083,0.42224075889587404,0.8605,0.47996110248565677,0.8328,False,,"{""architecture"":""mlp2"",""augmentation"":""none"",""checkpoint_saved"":false,""dataset"":""fashion_mnist"",""dataset_seed"":314159,""domain_shift"":""none"",""epochs"":10,""experiment_seed"":4044,""gamma"":0.5,""local_seed"":9083,""matching"":""activation"",""max_test_samples"":5000,""max_train_samples"":10000,""model_index"":0,""n_models"":3,""optimizer"":""adamw"",""scheduler"":""cosine"",""step_size"":3,""train_split_seed"":314176,""weight_decay"":0.0001,""width"":128}",primary_replication,"Prompt 11 supported row: Fashion-MNIST, mlp2, N=3, W=128, no shift, activation matching."
fashion_mnist_mlp2_N3_W128_none_activation,fashion_mnist_mlp2_N3_W128_none_activation_seed4044,fashion_mnist,mlp2,3,128,none,activation,4044,1,10092,0.4197439250946045,0.858,0.47468233227729795,0.8326,False,,"{""architecture"":""mlp2"",""augmentation"":""none"",""checkpoint_saved"":false,""dataset"":""fashion_mnist"",""dataset_seed"":314159,""domain_shift"":""none"",""epochs"":10,""experiment_seed"":4044,""gamma"":0.5,""local_seed"":10092,""matching"":""activation"",""max_test_samples"":5000,""max_train_samples"":10000,""model_index"":1,""n_models"":3,""optimizer"":""adamw"",""scheduler"":""cosine"",""step_size"":3,""train_split_seed"":314176,""weight_decay"":0.0001,""width"":128}",primary_replication,"Prompt 11 supported row: Fashion-MNIST, mlp2, N=3, W=128, no shift, activation matching."
fashion_mnist_mlp2_N3_W128_none_activation,fashion_mnist_mlp2_N3_W128_none_activation_seed4044,fashion_mnist,mlp2,3,128,none,activation,4044,2,11101,0.4246726360321045,0.86,0.481728377532959,0.8328,False,,"{""architecture"":""mlp2"",""augmentation"":""none"",""checkpoint_saved"":false,""dataset"":""fashion_mnist"",""dataset_seed"":314159,""domain_shift"":""none"",""epochs"":10,""experiment_seed"":4044,""gamma"":0.5,""local_seed"":11101,""matching"":""activation"",""max_test_samples"":5000,""max_train_samples"":10000,""model_index"":2,""n_models"":3,""optimizer"":""adamw"",""scheduler"":""cosine"",""step_size"":3,""train_split_seed"":314176,""weight_decay"":0.0001,""width"":128}",primary_replication,"Prompt 11 supported row: Fashion-MNIST, mlp2, N=3, W=128, no shift, activation matching."
fashion_mnist_mlp2_N3_W128_none_weight,fashion_mnist_mlp2_N3_W128_none_weight_seed4044,fashion_mnist,mlp2,3,128,none,weight,4044,0,9083,0.42224075889587404,0.8605,0.47996110248565677,0.8328,False,,"{""architecture"":""mlp2"",""augmentation"":""none"",""checkpoint_saved"":false,""dataset"":""fashion_mnist"",""dataset_seed"":314159,""domain_shift"":""none"",""epochs"":10,""experiment_seed"":4044,""gamma"":0.5,""local_seed"":9083,""matching"":""weight"",""max_test_samples"":5000,""max_train_samples"":10000,""model_index"":0,""n_models"":3,""optimizer"":""adamw"",""scheduler"":""cosine"",""step_size"":3,""train_split_seed"":314176,""weight_decay"":0.0001,""width"":128}",neighbor_control,Same primary setting with weight matching.
fashion_mnist_mlp2_N3_W128_none_weight,fashion_mnist_mlp2_N3_W128_none_weight_seed4044,fashion_mnist,mlp2,3,128,none,weight,4044,1,10092,0.4197439250946045,0.858,0.47468233227729795,0.8326,False,,"{""architecture"":""mlp2"",""augmentation"":""none"",""checkpoint_saved"":false,""dataset"":""fashion_mnist"",""dataset_seed"":314159,""domain_shift"":""none"",""epochs"":10,""experiment_seed"":4044,""gamma"":0.5,""local_seed"":10092,""matching"":""weight"",""max_test_samples"":5000,""max_train_samples"":10000,""model_index"":1,""n_models"":3,""optimizer"":""adamw"",""scheduler"":""cosine"",""step_size"":3,""train_split_seed"":314176,""weight_decay"":0.0001,""width"":128}",neighbor_control,Same primary setting with weight matching.
fashion_mnist_mlp2_N3_W128_none_weight,fashion_mnist_mlp2_N3_W128_none_weight_seed4044,fashion_mnist,mlp2,3,128,none,weight,4044,2,11101,0.4246726360321045,0.86,0.481728377532959,0.8328,False,,"{""architecture"":""mlp2"",""augmentation"":""none"",""checkpoint_saved"":false,""dataset"":""fashion_mnist"",""dataset_seed"":314159,""domain_shift"":""none"",""epochs"":10,""experiment_seed"":4044,""gamma"":0.5,""local_seed"":11101,""matching"":""weight"",""max_test_samples"":5000,""max_train_samples"":10000,""model_index"":2,""n_models"":3,""optimizer"":""adamw"",""scheduler"":""cosine"",""step_size"":3,""train_split_seed"":314176,""weight_decay"":0.0001,""width"":128}",neighbor_control,Same primary setting with weight matching.
fashion_mnist_mlp2_N3_W128_none_activation,fashion_mnist_mlp2_N3_W128_none_activation_seed4045,fashion_mnist,mlp2,3,128,none,activation,4045,0,9084,0.41976448059082033,0.8625,0.47413413047790526,0.83,False,,"{""architecture"":""mlp2"",""augmentation"":""none"",""checkpoint_saved"":false,""dataset"":""fashion_mnist"",""dataset_seed"":314159,""domain_shift"":""none"",""epochs"":10,""experiment_seed"":4045,""gamma"":0.5,""local_seed"":9084,""matching"":""activation"",""max_test_samples"":5000,""max_train_samples"":10000,""model_index"":0,""n_models"":3,""optimizer"":""adamw"",""scheduler"":""cosine"",""step_size"":3,""train_split_seed"":314176,""weight_decay"":0.0001,""width"":128}",primary_replication,"Prompt 11 supported row: Fashion-MNIST, mlp2, N=3, W=128, no shift, activation matching."
fashion_mnist_mlp2_N3_W128_none_activation,fashion_mnist_mlp2_N3_W128_none_activation_seed4045,fashion_mnist,mlp2,3,128,none,activation,4045,1,10093,0.4237618389129639,0.8605,0.4799380611419678,0.8306,False,,"{""architecture"":""mlp2"",""augmentation"":""none"",""checkpoint_saved"":false,""dataset"":""fashion_mnist"",""dataset_seed"":314159,""domain_shift"":""none"",""epochs"":10,""experiment_seed"":4045,""gamma"":0.5,""local_seed"":10093,""matching"":""activation"",""max_test_samples"":5000,""max_train_samples"":10000,""model_index"":1,""n_models"":3,""optimizer"":""adamw"",""scheduler"":""cosine"",""step_size"":3,""train_split_seed"":314176,""weight_decay"":0.0001,""width"":128}",primary_replication,"Prompt 11 supported row: Fashion-MNIST, mlp2, N=3, W=128, no shift, activation matching."
fashion_mnist_mlp2_N3_W128_none_activation,fashion_mnist_mlp2_N3_W128_none_activation_seed4045,fashion_mnist,mlp2,3,128,none,activation,4045,2,11102,0.42792568588256835,0.857,0.48561905941963196,0.8322,False,,"{""architecture"":""mlp2"",""augmentation"":""none"",""checkpoint_saved"":false,""dataset"":""fashion_mnist"",""dataset_seed"":314159,""domain_shift"":""none"",""epochs"":10,""experiment_seed"":4045,""gamma"":0.5,""local_seed"":11102,""matching"":""activation"",""max_test_samples"":5000,""max_train_samples"":10000,""model_index"":2,""n_models"":3,""optimizer"":""adamw"",""scheduler"":""cosine"",""step_size"":3,""train_split_seed"":314176,""weight_decay"":0.0001,""width"":128}",primary_replication,"Prompt 11 supported row: Fashion-MNIST, mlp2, N=3, W=128, no shift, activation matching."
fashion_mnist_mlp2_N3_W128_none_weight,fashion_mnist_mlp2_N3_W128_none_weight_seed4045,fashion_mnist,mlp2,3,128,none,weight,4045,0,9084,0.41976448059082033,0.8625,0.47413413047790526,0.83,False,,"{""architecture"":""mlp2"",""augmentation"":""none"",""checkpoint_saved"":false,""dataset"":""fashion_mnist"",""dataset_seed"":314159,""domain_shift"":""none"",""epochs"":10,""experiment_seed"":4045,""gamma"":0.5,""local_seed"":9084,""matching"":""weight"",""max_test_samples"":5000,""max_train_samples"":10000,""model_index"":0,""n_models"":3,""optimizer"":""adamw"",""scheduler"":""cosine"",""step_size"":3,""train_split_seed"":314176,""weight_decay"":0.0001,""width"":128}",neighbor_control,Same primary setting with weight matching.
fashion_mnist_mlp2_N3_W128_none_weight,fashion_mnist_mlp2_N3_W128_none_weight_seed4045,fashion_mnist,mlp2,3,128,none,weight,4045,1,10093,0.4237618389129639,0.8605,0.4799380611419678,0.8306,False,,"{""architecture"":""mlp2"",""augmentation"":""none"",""checkpoint_saved"":false,""dataset"":""fashion_mnist"",""dataset_seed"":314159,""domain_shift"":""none"",""epochs"":10,""experiment_seed"":4045,""gamma"":0.5,""local_seed"":10093,""matching"":""weight"",""max_test_samples"":5000,""max_train_samples"":10000,""model_index"":1,""n_models"":3,""optimizer"":""adamw"",""scheduler"":""cosine"",""step_size"":3,""train_split_seed"":314176,""weight_decay"":0.0001,""width"":128}",neighbor_control,Same primary setting with weight matching.
fashion_mnist_mlp2_N3_W128_none_weight,fashion_mnist_mlp2_N3_W128_none_weight_seed4045,fashion_mnist,mlp2,3,128,none,weight,4045,2,11102,0.42792568588256835,0.857,0.48561905941963196,0.8322,False,,"{""architecture"":""mlp2"",""augmentation"":""none"",""checkpoint_saved"":false,""dataset"":""fashion_mnist"",""dataset_seed"":314159,""domain_shift"":""none"",""epochs"":10,""experiment_seed"":4045,""gamma"":0.5,""local_seed"":11102,""matching"":""weight"",""max_test_samples"":5000,""max_train_samples"":10000,""model_index"":2,""n_models"":3,""optimizer"":""adamw"",""scheduler"":""cosine"",""step_size"":3,""train_split_seed"":314176,""weight_decay"":0.0001,""width"":128}",neighbor_control,Same primary setting with weight matching.
fashion_mnist_mlp2_N3_W128_none_activation,fashion_mnist_mlp2_N3_W128_none_activation_seed4046,fashion_mnist,mlp2,3,128,none,activation,4046,0,9085,0.4207345676422119,0.8595,0.4777333393573761,0.8332,False,,"{""architecture"":""mlp2"",""augmentation"":""none"",""checkpoint_saved"":false,""dataset"":""fashion_mnist"",""dataset_seed"":314159,""domain_shift"":""none"",""epochs"":10,""experiment_seed"":4046,""gamma"":0.5,""local_seed"":9085,""matching"":""activation"",""max_test_samples"":5000,""max_train_samples"":10000,""model_index"":0,""n_models"":3,""optimizer"":""adamw"",""scheduler"":""cosine"",""step_size"":3,""train_split_seed"":314176,""weight_decay"":0.0001,""width"":128}",primary_replication,"Prompt 11 supported row: Fashion-MNIST, mlp2, N=3, W=128, no shift, activation matching."
fashion_mnist_mlp2_N3_W128_none_activation,fashion_mnist_mlp2_N3_W128_none_activation_seed4046,fashion_mnist,mlp2,3,128,none,activation,4046,1,10094,0.4205411605834961,0.8605,0.48156750931739806,0.831,False,,"{""architecture"":""mlp2"",""augmentation"":""none"",""checkpoint_saved"":false,""dataset"":""fashion_mnist"",""dataset_seed"":314159,""domain_shift"":""none"",""epochs"":10,""experiment_seed"":4046,""gamma"":0.5,""local_seed"":10094,""matching"":""activation"",""max_test_samples"":5000,""max_train_samples"":10000,""model_index"":1,""n_models"":3,""optimizer"":""adamw"",""scheduler"":""cosine"",""step_size"":3,""train_split_seed"":314176,""weight_decay"":0.0001,""width"":128}",primary_replication,"Prompt 11 supported row: Fashion-MNIST, mlp2, N=3, W=128, no shift, activation matching."
fashion_mnist_mlp2_N3_W128_none_activation,fashion_mnist_mlp2_N3_W128_none_activation_seed4046,fashion_mnist,mlp2,3,128,none,activation,4046,2,11103,0.4211334037780762,0.855,0.4771260299682617,0.8304,False,,"{""architecture"":""mlp2"",""augmentation"":""none"",""checkpoint_saved"":false,""dataset"":""fashion_mnist"",""dataset_seed"":314159,""domain_shift"":""none"",""epochs"":10,""experiment_seed"":4046,""gamma"":0.5,""local_seed"":11103,""matching"":""activation"",""max_test_samples"":5000,""max_train_samples"":10000,""model_index"":2,""n_models"":3,""optimizer"":""adamw"",""scheduler"":""cosine"",""step_size"":3,""train_split_seed"":314176,""weight_decay"":0.0001,""width"":128}",primary_replication,"Prompt 11 supported row: Fashion-MNIST, mlp2, N=3, W=128, no shift, activation matching."
fashion_mnist_mlp2_N3_W128_none_weight,fashion_mnist_mlp2_N3_W128_none_weight_seed4046,fashion_mnist,mlp2,3,128,none,weight,4046,0,9085,0.4207345676422119,0.8595,0.4777333393573761,0.8332,False,,"{""architecture"":""mlp2"",""augmentation"":""none"",""checkpoint_saved"":false,""dataset"":""fashion_mnist"",""dataset_seed"":314159,""domain_shift"":""none"",""epochs"":10,""experiment_seed"":4046,""gamma"":0.5,""local_seed"":9085,""matching"":""weight"",""max_test_samples"":5000,""max_train_samples"":10000,""model_index"":0,""n_models"":3,""optimizer"":""adamw"",""scheduler"":""cosine"",""step_size"":3,""train_split_seed"":314176,""weight_decay"":0.0001,""width"":128}",neighbor_control,Same primary setting with weight matching.
fashion_mnist_mlp2_N3_W128_none_weight,fashion_mnist_mlp2_N3_W128_none_weight_seed4046,fashion_mnist,mlp2,3,128,none,weight,4046,1,10094,0.4205411605834961,0.8605,0.48156750931739806,0.831,False,,"{""architecture"":""mlp2"",""augmentation"":""none"",""checkpoint_saved"":false,""dataset"":""fashion_mnist"",""dataset_seed"":314159,""domain_shift"":""none"",""epochs"":10,""experiment_seed"":4046,""gamma"":0.5,""local_seed"":10094,""matching"":""weight"",""max_test_samples"":5000,""max_train_samples"":10000,""model_index"":1,""n_models"":3,""optimizer"":""adamw"",""scheduler"":""cosine"",""step_size"":3,""train_split_seed"":314176,""weight_decay"":0.0001,""width"":128}",neighbor_control,Same primary setting with weight matching.
fashion_mnist_mlp2_N3_W128_none_weight,fashion_mnist_mlp2_N3_W128_none_weight_seed4046,fashion_mnist,mlp2,3,128,none,weight,4046,2,11103,0.4211334037780762,0.855,0.4771260299682617,0.8304,False,,"{""architecture"":""mlp2"",""augmentation"":""none"",""checkpoint_saved"":false,""dataset"":""fashion_mnist"",""dataset_seed"":314159,""domain_shift"":""none"",""epochs"":10,""experiment_seed"":4046,""gamma"":0.5,""local_seed"":11103,""matching"":""weight"",""max_test_samples"":5000,""max_train_samples"":10000,""model_index"":2,""n_models"":3,""optimizer"":""adamw"",""scheduler"":""cosine"",""step_size"":3,""train_split_seed"":314176,""weight_decay"":0.0001,""width"":128}",neighbor_control,Same primary setting with weight matching.
fashion_mnist_mlp2_N3_W128_none_activation,fashion_mnist_mlp2_N3_W128_none_activation_seed4047,fashion_mnist,mlp2,3,128,none,activation,4047,0,9086,0.4220922527313232,0.8585,0.4822852185726166,0.8288,False,,"{""architecture"":""mlp2"",""augmentation"":""none"",""checkpoint_saved"":false,""dataset"":""fashion_mnist"",""dataset_seed"":314159,""domain_shift"":""none"",""epochs"":10,""experiment_seed"":4047,""gamma"":0.5,""local_seed"":9086,""matching"":""activation"",""max_test_samples"":5000,""max_train_samples"":10000,""model_index"":0,""n_models"":3,""optimizer"":""adamw"",""scheduler"":""cosine"",""step_size"":3,""train_split_seed"":314176,""weight_decay"":0.0001,""width"":128}",primary_replication,"Prompt 11 supported row: Fashion-MNIST, mlp2, N=3, W=128, no shift, activation matching."
fashion_mnist_mlp2_N3_W128_none_activation,fashion_mnist_mlp2_N3_W128_none_activation_seed4047,fashion_mnist,mlp2,3,128,none,activation,4047,1,10095,0.4282794818878174,0.859,0.48662046942710874,0.8288,False,,"{""architecture"":""mlp2"",""augmentation"":""none"",""checkpoint_saved"":false,""dataset"":""fashion_mnist"",""dataset_seed"":314159,""domain_shift"":""none"",""epochs"":10,""experiment_seed"":4047,""gamma"":0.5,""local_seed"":10095,""matching"":""activation"",""max_test_samples"":5000,""max_train_samples"":10000,""model_index"":1,""n_models"":3,""optimizer"":""adamw"",""scheduler"":""cosine"",""step_size"":3,""train_split_seed"":314176,""weight_decay"":0.0001,""width"":128}",primary_replication,"Prompt 11 supported row: Fashion-MNIST, mlp2, N=3, W=128, no shift, activation matching."
fashion_mnist_mlp2_N3_W128_none_activation,fashion_mnist_mlp2_N3_W128_none_activation_seed4047,fashion_mnist,mlp2,3,128,none,activation,4047,2,11104,0.4297793407440186,0.8565,0.48795812726020815,0.8248,False,,"{""architecture"":""mlp2"",""augmentation"":""none"",""checkpoint_saved"":false,""dataset"":""fashion_mnist"",""dataset_seed"":314159,""domain_shift"":""none"",""epochs"":10,""experiment_seed"":4047,""gamma"":0.5,""local_seed"":11104,""matching"":""activation"",""max_test_samples"":5000,""max_train_samples"":10000,""model_index"":2,""n_models"":3,""optimizer"":""adamw"",""scheduler"":""cosine"",""step_size"":3,""train_split_seed"":314176,""weight_decay"":0.0001,""width"":128}",primary_replication,"Prompt 11 supported row: Fashion-MNIST, mlp2, N=3, W=128, no shift, activation matching."
fashion_mnist_mlp2_N3_W128_none_weight,fashion_mnist_mlp2_N3_W128_none_weight_seed4047,fashion_mnist,mlp2,3,128,none,weight,4047,0,9086,0.4220922527313232,0.8585,0.4822852185726166,0.8288,False,,"{""architecture"":""mlp2"",""augmentation"":""none"",""checkpoint_saved"":false,""dataset"":""fashion_mnist"",""dataset_seed"":314159,""domain_shift"":""none"",""epochs"":10,""experiment_seed"":4047,""gamma"":0.5,""local_seed"":9086,""matching"":""weight"",""max_test_samples"":5000,""max_train_samples"":10000,""model_index"":0,""n_models"":3,""optimizer"":""adamw"",""scheduler"":""cosine"",""step_size"":3,""train_split_seed"":314176,""weight_decay"":0.0001,""width"":128}",neighbor_control,Same primary setting with weight matching.
fashion_mnist_mlp2_N3_W128_none_weight,fashion_mnist_mlp2_N3_W128_none_weight_seed4047,fashion_mnist,mlp2,3,128,none,weight,4047,1,10095,0.4282794818878174,0.859,0.48662046942710874,0.8288,False,,"{""architecture"":""mlp2"",""augmentation"":""none"",""checkpoint_saved"":false,""dataset"":""fashion_mnist"",""dataset_seed"":314159,""domain_shift"":""none"",""epochs"":10,""experiment_seed"":4047,""gamma"":0.5,""local_seed"":10095,""matching"":""weight"",""max_test_samples"":5000,""max_train_samples"":10000,""model_index"":1,""n_models"":3,""optimizer"":""adamw"",""scheduler"":""cosine"",""step_size"":3,""train_split_seed"":314176,""weight_decay"":0.0001,""width"":128}",neighbor_control,Same primary setting with weight matching.
fashion_mnist_mlp2_N3_W128_none_weight,fashion_mnist_mlp2_N3_W128_none_weight_seed4047,fashion_mnist,mlp2,3,128,none,weight,4047,2,11104,0.4297793407440186,0.8565,0.48795812726020815,0.8248,False,,"{""architecture"":""mlp2"",""augmentation"":""none"",""checkpoint_saved"":false,""dataset"":""fashion_mnist"",""dataset_seed"":314159,""domain_shift"":""none"",""epochs"":10,""experiment_seed"":4047,""gamma"":0.5,""local_seed"":11104,""matching"":""weight"",""max_test_samples"":5000,""max_train_samples"":10000,""model_index"":2,""n_models"":3,""optimizer"":""adamw"",""scheduler"":""cosine"",""step_size"":3,""train_split_seed"":314176,""weight_decay"":0.0001,""width"":128}",neighbor_control,Same primary setting with weight matching.
fashion_mnist_mlp2_N3_W128_none_activation,fashion_mnist_mlp2_N3_W128_none_activation_seed4048,fashion_mnist,mlp2,3,128,none,activation,4048,0,9087,0.4325960693359375,0.857,0.48467662200927736,0.8334,False,,"{""architecture"":""mlp2"",""augmentation"":""none"",""checkpoint_saved"":false,""dataset"":""fashion_mnist"",""dataset_seed"":314159,""domain_shift"":""none"",""epochs"":10,""experiment_seed"":4048,""gamma"":0.5,""local_seed"":9087,""matching"":""activation"",""max_test_samples"":5000,""max_train_samples"":10000,""model_index"":0,""n_models"":3,""optimizer"":""adamw"",""scheduler"":""cosine"",""step_size"":3,""train_split_seed"":314176,""weight_decay"":0.0001,""width"":128}",primary_replication,"Prompt 11 supported row: Fashion-MNIST, mlp2, N=3, W=128, no shift, activation matching."
fashion_mnist_mlp2_N3_W128_none_activation,fashion_mnist_mlp2_N3_W128_none_activation_seed4048,fashion_mnist,mlp2,3,128,none,activation,4048,1,10096,0.4243411293029785,0.858,0.4804559356212616,0.8334,False,,"{""architecture"":""mlp2"",""augmentation"":""none"",""checkpoint_saved"":false,""dataset"":""fashion_mnist"",""dataset_seed"":314159,""domain_shift"":""none"",""epochs"":10,""experiment_seed"":4048,""gamma"":0.5,""local_seed"":10096,""matching"":""activation"",""max_test_samples"":5000,""max_train_samples"":10000,""model_index"":1,""n_models"":3,""optimizer"":""adamw"",""scheduler"":""cosine"",""step_size"":3,""train_split_seed"":314176,""weight_decay"":0.0001,""width"":128}",primary_replication,"Prompt 11 supported row: Fashion-MNIST, mlp2, N=3, W=128, no shift, activation matching."
fashion_mnist_mlp2_N3_W128_none_activation,fashion_mnist_mlp2_N3_W128_none_activation_seed4048,fashion_mnist,mlp2,3,128,none,activation,4048,2,11105,0.41502124214172365,0.86,0.4779535851478577,0.8328,False,,"{""architecture"":""mlp2"",""augmentation"":""none"",""checkpoint_saved"":false,""dataset"":""fashion_mnist"",""dataset_seed"":314159,""domain_shift"":""none"",""epochs"":10,""experiment_seed"":4048,""gamma"":0.5,""local_seed"":11105,""matching"":""activation"",""max_test_samples"":5000,""max_train_samples"":10000,""model_index"":2,""n_models"":3,""optimizer"":""adamw"",""scheduler"":""cosine"",""step_size"":3,""train_split_seed"":314176,""weight_decay"":0.0001,""width"":128}",primary_replication,"Prompt 11 supported row: Fashion-MNIST, mlp2, N=3, W=128, no shift, activation matching."
fashion_mnist_mlp2_N3_W128_none_weight,fashion_mnist_mlp2_N3_W128_none_weight_seed4048,fashion_mnist,mlp2,3,128,none,weight,4048,0,9087,0.4325960693359375,0.857,0.48467662200927736,0.8334,False,,"{""architecture"":""mlp2"",""augmentation"":""none"",""checkpoint_saved"":false,""dataset"":""fashion_mnist"",""dataset_seed"":314159,""domain_shift"":""none"",""epochs"":10,""experiment_seed"":4048,""gamma"":0.5,""local_seed"":9087,""matching"":""weight"",""max_test_samples"":5000,""max_train_samples"":10000,""model_index"":0,""n_models"":3,""optimizer"":""adamw"",""scheduler"":""cosine"",""step_size"":3,""train_split_seed"":314176,""weight_decay"":0.0001,""width"":128}",neighbor_control,Same primary setting with weight matching.
fashion_mnist_mlp2_N3_W128_none_weight,fashion_mnist_mlp2_N3_W128_none_weight_seed4048,fashion_mnist,mlp2,3,128,none,weight,4048,1,10096,0.4243411293029785,0.858,0.4804559356212616,0.8334,False,,"{""architecture"":""mlp2"",""augmentation"":""none"",""checkpoint_saved"":false,""dataset"":""fashion_mnist"",""dataset_seed"":314159,""domain_shift"":""none"",""epochs"":10,""experiment_seed"":4048,""gamma"":0.5,""local_seed"":10096,""matching"":""weight"",""max_test_samples"":5000,""max_train_samples"":10000,""model_index"":1,""n_models"":3,""optimizer"":""adamw"",""scheduler"":""cosine"",""step_size"":3,""train_split_seed"":314176,""weight_decay"":0.0001,""width"":128}",neighbor_control,Same primary setting with weight matching.
fashion_mnist_mlp2_N3_W128_none_weight,fashion_mnist_mlp2_N3_W128_none_weight_seed4048,fashion_mnist,mlp2,3,128,none,weight,4048,2,11105,0.41502124214172365,0.86,0.4779535851478577,0.8328,False,,"{""architecture"":""mlp2"",""augmentation"":""none"",""checkpoint_saved"":false,""dataset"":""fashion_mnist"",""dataset_seed"":314159,""domain_shift"":""none"",""epochs"":10,""experiment_seed"":4048,""gamma"":0.5,""local_seed"":11105,""matching"":""weight"",""max_test_samples"":5000,""max_train_samples"":10000,""model_index"":2,""n_models"":3,""optimizer"":""adamw"",""scheduler"":""cosine"",""step_size"":3,""train_split_seed"":314176,""weight_decay"":0.0001,""width"":128}",neighbor_control,Same primary setting with weight matching.
fashion_mnist_mlp2_N3_W128_none_activation,fashion_mnist_mlp2_N3_W128_none_activation_seed4049,fashion_mnist,mlp2,3,128,none,activation,4049,0,9088,0.43307448387145997,0.853,0.4855260672092438,0.8278,False,,"{""architecture"":""mlp2"",""augmentation"":""none"",""checkpoint_saved"":false,""dataset"":""fashion_mnist"",""dataset_seed"":314159,""domain_shift"":""none"",""epochs"":10,""experiment_seed"":4049,""gamma"":0.5,""local_seed"":9088,""matching"":""activation"",""max_test_samples"":5000,""max_train_samples"":10000,""model_index"":0,""n_models"":3,""optimizer"":""adamw"",""scheduler"":""cosine"",""step_size"":3,""train_split_seed"":314176,""weight_decay"":0.0001,""width"":128}",primary_replication,"Prompt 11 supported row: Fashion-MNIST, mlp2, N=3, W=128, no shift, activation matching."
fashion_mnist_mlp2_N3_W128_none_activation,fashion_mnist_mlp2_N3_W128_none_activation_seed4049,fashion_mnist,mlp2,3,128,none,activation,4049,1,10097,0.4193953685760498,0.8595,0.47603750257492067,0.8336,False,,"{""architecture"":""mlp2"",""augmentation"":""none"",""checkpoint_saved"":false,""dataset"":""fashion_mnist"",""dataset_seed"":314159,""domain_shift"":""none"",""epochs"":10,""experiment_seed"":4049,""gamma"":0.5,""local_seed"":10097,""matching"":""activation"",""max_test_samples"":5000,""max_train_samples"":10000,""model_index"":1,""n_models"":3,""optimizer"":""adamw"",""scheduler"":""cosine"",""step_size"":3,""train_split_seed"":314176,""weight_decay"":0.0001,""width"":128}",primary_replication,"Prompt 11 supported row: Fashion-MNIST, mlp2, N=3, W=128, no shift, activation matching."
fashion_mnist_mlp2_N3_W128_none_activation,fashion_mnist_mlp2_N3_W128_none_activation_seed4049,fashion_mnist,mlp2,3,128,none,activation,4049,2,11106,0.4268091449737549,0.856,0.4827082037448883,0.8316,False,,"{""architecture"":""mlp2"",""augmentation"":""none"",""checkpoint_saved"":false,""dataset"":""fashion_mnist"",""dataset_seed"":314159,""domain_shift"":""none"",""epochs"":10,""experiment_seed"":4049,""gamma"":0.5,""local_seed"":11106,""matching"":""activation"",""max_test_samples"":5000,""max_train_samples"":10000,""model_index"":2,""n_models"":3,""optimizer"":""adamw"",""scheduler"":""cosine"",""step_size"":3,""train_split_seed"":314176,""weight_decay"":0.0001,""width"":128}",primary_replication,"Prompt 11 supported row: Fashion-MNIST, mlp2, N=3, W=128, no shift, activation matching."
fashion_mnist_mlp2_N3_W128_none_weight,fashion_mnist_mlp2_N3_W128_none_weight_seed4049,fashion_mnist,mlp2,3,128,none,weight,4049,0,9088,0.43307448387145997,0.853,0.4855260672092438,0.8278,False,,"{""architecture"":""mlp2"",""augmentation"":""none"",""checkpoint_saved"":false,""dataset"":""fashion_mnist"",""dataset_seed"":314159,""domain_shift"":""none"",""epochs"":10,""experiment_seed"":4049,""gamma"":0.5,""local_seed"":9088,""matching"":""weight"",""max_test_samples"":5000,""max_train_samples"":10000,""model_index"":0,""n_models"":3,""optimizer"":""adamw"",""scheduler"":""cosine"",""step_size"":3,""train_split_seed"":314176,""weight_decay"":0.0001,""width"":128}",neighbor_control,Same primary setting with weight matching.
fashion_mnist_mlp2_N3_W128_none_weight,fashion_mnist_mlp2_N3_W128_none_weight_seed4049,fashion_mnist,mlp2,3,128,none,weight,4049,1,10097,0.4193953685760498,0.8595,0.47603750257492067,0.8336,False,,"{""architecture"":""mlp2"",""augmentation"":""none"",""checkpoint_saved"":false,""dataset"":""fashion_mnist"",""dataset_seed"":314159,""domain_shift"":""none"",""epochs"":10,""experiment_seed"":4049,""gamma"":0.5,""local_seed"":10097,""matching"":""weight"",""max_test_samples"":5000,""max_train_samples"":10000,""model_index"":1,""n_models"":3,""optimizer"":""adamw"",""scheduler"":""cosine"",""step_size"":3,""train_split_seed"":314176,""weight_decay"":0.0001,""width"":128}",neighbor_control,Same primary setting with weight matching.
fashion_mnist_mlp2_N3_W128_none_weight,fashion_mnist_mlp2_N3_W128_none_weight_seed4049,fashion_mnist,mlp2,3,128,none,weight,4049,2,11106,0.4268091449737549,0.856,0.4827082037448883,0.8316,False,,"{""architecture"":""mlp2"",""augmentation"":""none"",""checkpoint_saved"":false,""dataset"":""fashion_mnist"",""dataset_seed"":314159,""domain_shift"":""none"",""epochs"":10,""experiment_seed"":4049,""gamma"":0.5,""local_seed"":11106,""matching"":""weight"",""max_test_samples"":5000,""max_train_samples"":10000,""model_index"":2,""n_models"":3,""optimizer"":""adamw"",""scheduler"":""cosine"",""step_size"":3,""train_split_seed"":314176,""weight_decay"":0.0001,""width"":128}",neighbor_control,Same primary setting with weight matching.
fashion_mnist_mlp2_N3_W128_none_activation,fashion_mnist_mlp2_N3_W128_none_activation_seed4050,fashion_mnist,mlp2,3,128,none,activation,4050,0,9089,0.41776960372924804,0.862,0.47497408485412596,0.8342,False,,"{""architecture"":""mlp2"",""augmentation"":""none"",""checkpoint_saved"":false,""dataset"":""fashion_mnist"",""dataset_seed"":314159,""domain_shift"":""none"",""epochs"":10,""experiment_seed"":4050,""gamma"":0.5,""local_seed"":9089,""matching"":""activation"",""max_test_samples"":5000,""max_train_samples"":10000,""model_index"":0,""n_models"":3,""optimizer"":""adamw"",""scheduler"":""cosine"",""step_size"":3,""train_split_seed"":314176,""weight_decay"":0.0001,""width"":128}",primary_replication,"Prompt 11 supported row: Fashion-MNIST, mlp2, N=3, W=128, no shift, activation matching."
fashion_mnist_mlp2_N3_W128_none_activation,fashion_mnist_mlp2_N3_W128_none_activation_seed4050,fashion_mnist,mlp2,3,128,none,activation,4050,1,10098,0.4226744155883789,0.8625,0.4814883640766144,0.8344,False,,"{""architecture"":""mlp2"",""augmentation"":""none"",""checkpoint_saved"":false,""dataset"":""fashion_mnist"",""dataset_seed"":314159,""domain_shift"":""none"",""epochs"":10,""experiment_seed"":4050,""gamma"":0.5,""local_seed"":10098,""matching"":""activation"",""max_test_samples"":5000,""max_train_samples"":10000,""model_index"":1,""n_models"":3,""optimizer"":""adamw"",""scheduler"":""cosine"",""step_size"":3,""train_split_seed"":314176,""weight_decay"":0.0001,""width"":128}",primary_replication,"Prompt 11 supported row: Fashion-MNIST, mlp2, N=3, W=128, no shift, activation matching."
fashion_mnist_mlp2_N3_W128_none_activation,fashion_mnist_mlp2_N3_W128_none_activation_seed4050,fashion_mnist,mlp2,3,128,none,activation,4050,2,11107,0.41954588508605956,0.8585,0.47871319103240967,0.8312,False,,"{""architecture"":""mlp2"",""augmentation"":""none"",""checkpoint_saved"":false,""dataset"":""fashion_mnist"",""dataset_seed"":314159,""domain_shift"":""none"",""epochs"":10,""experiment_seed"":4050,""gamma"":0.5,""local_seed"":11107,""matching"":""activation"",""max_test_samples"":5000,""max_train_samples"":10000,""model_index"":2,""n_models"":3,""optimizer"":""adamw"",""scheduler"":""cosine"",""step_size"":3,""train_split_seed"":314176,""weight_decay"":0.0001,""width"":128}",primary_replication,"Prompt 11 supported row: Fashion-MNIST, mlp2, N=3, W=128, no shift, activation matching."
fashion_mnist_mlp2_N3_W128_none_weight,fashion_mnist_mlp2_N3_W128_none_weight_seed4050,fashion_mnist,mlp2,3,128,none,weight,4050,0,9089,0.41776960372924804,0.862,0.47497408485412596,0.8342,False,,"{""architecture"":""mlp2"",""augmentation"":""none"",""checkpoint_saved"":false,""dataset"":""fashion_mnist"",""dataset_seed"":314159,""domain_shift"":""none"",""epochs"":10,""experiment_seed"":4050,""gamma"":0.5,""local_seed"":9089,""matching"":""weight"",""max_test_samples"":5000,""max_train_samples"":10000,""model_index"":0,""n_models"":3,""optimizer"":""adamw"",""scheduler"":""cosine"",""step_size"":3,""train_split_seed"":314176,""weight_decay"":0.0001,""width"":128}",neighbor_control,Same primary setting with weight matching.
fashion_mnist_mlp2_N3_W128_none_weight,fashion_mnist_mlp2_N3_W128_none_weight_seed4050,fashion_mnist,mlp2,3,128,none,weight,4050,1,10098,0.4226744155883789,0.8625,0.4814883640766144,0.8344,False,,"{""architecture"":""mlp2"",""augmentation"":""none"",""checkpoint_saved"":false,""dataset"":""fashion_mnist"",""dataset_seed"":314159,""domain_shift"":""none"",""epochs"":10,""experiment_seed"":4050,""gamma"":0.5,""local_seed"":10098,""matching"":""weight"",""max_test_samples"":5000,""max_train_samples"":10000,""model_index"":1,""n_models"":3,""optimizer"":""adamw"",""scheduler"":""cosine"",""step_size"":3,""train_split_seed"":314176,""weight_decay"":0.0001,""width"":128}",neighbor_control,Same primary setting with weight matching.
fashion_mnist_mlp2_N3_W128_none_weight,fashion_mnist_mlp2_N3_W128_none_weight_seed4050,fashion_mnist,mlp2,3,128,none,weight,4050,2,11107,0.41954588508605956,0.8585,0.47871319103240967,0.8312,False,,"{""architecture"":""mlp2"",""augmentation"":""none"",""checkpoint_saved"":false,""dataset"":""fashion_mnist"",""dataset_seed"":314159,""domain_shift"":""none"",""epochs"":10,""experiment_seed"":4050,""gamma"":0.5,""local_seed"":11107,""matching"":""weight"",""max_test_samples"":5000,""max_train_samples"":10000,""model_index"":2,""n_models"":3,""optimizer"":""adamw"",""scheduler"":""cosine"",""step_size"":3,""train_split_seed"":314176,""weight_decay"":0.0001,""width"":128}",neighbor_control,Same primary setting with weight matching.
fashion_mnist_mlp2_N3_W128_none_activation,fashion_mnist_mlp2_N3_W128_none_activation_seed4051,fashion_mnist,mlp2,3,128,none,activation,4051,0,9090,0.41967012214660643,0.861,0.4735409734725952,0.836,False,,"{""architecture"":""mlp2"",""augmentation"":""none"",""checkpoint_saved"":false,""dataset"":""fashion_mnist"",""dataset_seed"":314159,""domain_shift"":""none"",""epochs"":10,""experiment_seed"":4051,""gamma"":0.5,""local_seed"":9090,""matching"":""activation"",""max_test_samples"":5000,""max_train_samples"":10000,""model_index"":0,""n_models"":3,""optimizer"":""adamw"",""scheduler"":""cosine"",""step_size"":3,""train_split_seed"":314176,""weight_decay"":0.0001,""width"":128}",primary_replication,"Prompt 11 supported row: Fashion-MNIST, mlp2, N=3, W=128, no shift, activation matching."
fashion_mnist_mlp2_N3_W128_none_activation,fashion_mnist_mlp2_N3_W128_none_activation_seed4051,fashion_mnist,mlp2,3,128,none,activation,4051,1,10099,0.42341515159606935,0.8585,0.47833806109428406,0.8308,False,,"{""architecture"":""mlp2"",""augmentation"":""none"",""checkpoint_saved"":false,""dataset"":""fashion_mnist"",""dataset_seed"":314159,""domain_shift"":""none"",""epochs"":10,""experiment_seed"":4051,""gamma"":0.5,""local_seed"":10099,""matching"":""activation"",""max_test_samples"":5000,""max_train_samples"":10000,""model_index"":1,""n_models"":3,""optimizer"":""adamw"",""scheduler"":""cosine"",""step_size"":3,""train_split_seed"":314176,""weight_decay"":0.0001,""width"":128}",primary_replication,"Prompt 11 supported row: Fashion-MNIST, mlp2, N=3, W=128, no shift, activation matching."
fashion_mnist_mlp2_N3_W128_none_activation,fashion_mnist_mlp2_N3_W128_none_activation_seed4051,fashion_mnist,mlp2,3,128,none,activation,4051,2,11108,0.4188774433135986,0.8585,0.4784862431049347,0.8344,False,,"{""architecture"":""mlp2"",""augmentation"":""none"",""checkpoint_saved"":false,""dataset"":""fashion_mnist"",""dataset_seed"":314159,""domain_shift"":""none"",""epochs"":10,""experiment_seed"":4051,""gamma"":0.5,""local_seed"":11108,""matching"":""activation"",""max_test_samples"":5000,""max_train_samples"":10000,""model_index"":2,""n_models"":3,""optimizer"":""adamw"",""scheduler"":""cosine"",""step_size"":3,""train_split_seed"":314176,""weight_decay"":0.0001,""width"":128}",primary_replication,"Prompt 11 supported row: Fashion-MNIST, mlp2, N=3, W=128, no shift, activation matching."
fashion_mnist_mlp2_N3_W128_none_weight,fashion_mnist_mlp2_N3_W128_none_weight_seed4051,fashion_mnist,mlp2,3,128,none,weight,4051,0,9090,0.41967012214660643,0.861,0.4735409734725952,0.836,False,,"{""architecture"":""mlp2"",""augmentation"":""none"",""checkpoint_saved"":false,""dataset"":""fashion_mnist"",""dataset_seed"":314159,""domain_shift"":""none"",""epochs"":10,""experiment_seed"":4051,""gamma"":0.5,""local_seed"":9090,""matching"":""weight"",""max_test_samples"":5000,""max_train_samples"":10000,""model_index"":0,""n_models"":3,""optimizer"":""adamw"",""scheduler"":""cosine"",""step_size"":3,""train_split_seed"":314176,""weight_decay"":0.0001,""width"":128}",neighbor_control,Same primary setting with weight matching.
fashion_mnist_mlp2_N3_W128_none_weight,fashion_mnist_mlp2_N3_W128_none_weight_seed4051,fashion_mnist,mlp2,3,128,none,weight,4051,1,10099,0.42341515159606935,0.8585,0.47833806109428406,0.8308,False,,"{""architecture"":""mlp2"",""augmentation"":""none"",""checkpoint_saved"":false,""dataset"":""fashion_mnist"",""dataset_seed"":314159,""domain_shift"":""none"",""epochs"":10,""experiment_seed"":4051,""gamma"":0.5,""local_seed"":10099,""matching"":""weight"",""max_test_samples"":5000,""max_train_samples"":10000,""model_index"":1,""n_models"":3,""optimizer"":""adamw"",""scheduler"":""cosine"",""step_size"":3,""train_split_seed"":314176,""weight_decay"":0.0001,""width"":128}",neighbor_control,Same primary setting with weight matching.
fashion_mnist_mlp2_N3_W128_none_weight,fashion_mnist_mlp2_N3_W128_none_weight_seed4051,fashion_mnist,mlp2,3,128,none,weight,4051,2,11108,0.4188774433135986,0.8585,0.4784862431049347,0.8344,False,,"{""architecture"":""mlp2"",""augmentation"":""none"",""checkpoint_saved"":false,""dataset"":""fashion_mnist"",""dataset_seed"":314159,""domain_shift"":""none"",""epochs"":10,""experiment_seed"":4051,""gamma"":0.5,""local_seed"":11108,""matching"":""weight"",""max_test_samples"":5000,""max_train_samples"":10000,""model_index"":2,""n_models"":3,""optimizer"":""adamw"",""scheduler"":""cosine"",""step_size"":3,""train_split_seed"":314176,""weight_decay"":0.0001,""width"":128}",neighbor_control,Same primary setting with weight matching.
fashion_mnist_mlp2_N3_W128_none_activation,fashion_mnist_mlp2_N3_W128_none_activation_seed4052,fashion_mnist,mlp2,3,128,none,activation,4052,0,9091,0.42045348358154294,0.8575,0.48041217870712283,0.8308,False,,"{""architecture"":""mlp2"",""augmentation"":""none"",""checkpoint_saved"":false,""dataset"":""fashion_mnist"",""dataset_seed"":314159,""domain_shift"":""none"",""epochs"":10,""experiment_seed"":4052,""gamma"":0.5,""local_seed"":9091,""matching"":""activation"",""max_test_samples"":5000,""max_train_samples"":10000,""model_index"":0,""n_models"":3,""optimizer"":""adamw"",""scheduler"":""cosine"",""step_size"":3,""train_split_seed"":314176,""weight_decay"":0.0001,""width"":128}",primary_replication,"Prompt 11 supported row: Fashion-MNIST, mlp2, N=3, W=128, no shift, activation matching."
fashion_mnist_mlp2_N3_W128_none_activation,fashion_mnist_mlp2_N3_W128_none_activation_seed4052,fashion_mnist,mlp2,3,128,none,activation,4052,1,10100,0.4243121471405029,0.861,0.4841170003890991,0.8282,False,,"{""architecture"":""mlp2"",""augmentation"":""none"",""checkpoint_saved"":false,""dataset"":""fashion_mnist"",""dataset_seed"":314159,""domain_shift"":""none"",""epochs"":10,""experiment_seed"":4052,""gamma"":0.5,""local_seed"":10100,""matching"":""activation"",""max_test_samples"":5000,""max_train_samples"":10000,""model_index"":1,""n_models"":3,""optimizer"":""adamw"",""scheduler"":""cosine"",""step_size"":3,""train_split_seed"":314176,""weight_decay"":0.0001,""width"":128}",primary_replication,"Prompt 11 supported row: Fashion-MNIST, mlp2, N=3, W=128, no shift, activation matching."
fashion_mnist_mlp2_N3_W128_none_activation,fashion_mnist_mlp2_N3_W128_none_activation_seed4052,fashion_mnist,mlp2,3,128,none,activation,4052,2,11109,0.4227789649963379,0.857,0.482357077217102,0.8332,False,,"{""architecture"":""mlp2"",""augmentation"":""none"",""checkpoint_saved"":false,""dataset"":""fashion_mnist"",""dataset_seed"":314159,""domain_shift"":""none"",""epochs"":10,""experiment_seed"":4052,""gamma"":0.5,""local_seed"":11109,""matching"":""activation"",""max_test_samples"":5000,""max_train_samples"":10000,""model_index"":2,""n_models"":3,""optimizer"":""adamw"",""scheduler"":""cosine"",""step_size"":3,""train_split_seed"":314176,""weight_decay"":0.0001,""width"":128}",primary_replication,"Prompt 11 supported row: Fashion-MNIST, mlp2, N=3, W=128, no shift, activation matching."
fashion_mnist_mlp2_N3_W128_none_weight,fashion_mnist_mlp2_N3_W128_none_weight_seed4052,fashion_mnist,mlp2,3,128,none,weight,4052,0,9091,0.42045348358154294,0.8575,0.48041217870712283,0.8308,False,,"{""architecture"":""mlp2"",""augmentation"":""none"",""checkpoint_saved"":false,""dataset"":""fashion_mnist"",""dataset_seed"":314159,""domain_shift"":""none"",""epochs"":10,""experiment_seed"":4052,""gamma"":0.5,""local_seed"":9091,""matching"":""weight"",""max_test_samples"":5000,""max_train_samples"":10000,""model_index"":0,""n_models"":3,""optimizer"":""adamw"",""scheduler"":""cosine"",""step_size"":3,""train_split_seed"":314176,""weight_decay"":0.0001,""width"":128}",neighbor_control,Same primary setting with weight matching.
fashion_mnist_mlp2_N3_W128_none_weight,fashion_mnist_mlp2_N3_W128_none_weight_seed4052,fashion_mnist,mlp2,3,128,none,weight,4052,1,10100,0.4243121471405029,0.861,0.4841170003890991,0.8282,False,,"{""architecture"":""mlp2"",""augmentation"":""none"",""checkpoint_saved"":false,""dataset"":""fashion_mnist"",""dataset_seed"":314159,""domain_shift"":""none"",""epochs"":10,""experiment_seed"":4052,""gamma"":0.5,""local_seed"":10100,""matching"":""weight"",""max_test_samples"":5000,""max_train_samples"":10000,""model_index"":1,""n_models"":3,""optimizer"":""adamw"",""scheduler"":""cosine"",""step_size"":3,""train_split_seed"":314176,""weight_decay"":0.0001,""width"":128}",neighbor_control,Same primary setting with weight matching.
fashion_mnist_mlp2_N3_W128_none_weight,fashion_mnist_mlp2_N3_W128_none_weight_seed4052,fashion_mnist,mlp2,3,128,none,weight,4052,2,11109,0.4227789649963379,0.857,0.482357077217102,0.8332,False,,"{""architecture"":""mlp2"",""augmentation"":""none"",""checkpoint_saved"":false,""dataset"":""fashion_mnist"",""dataset_seed"":314159,""domain_shift"":""none"",""epochs"":10,""experiment_seed"":4052,""gamma"":0.5,""local_seed"":11109,""matching"":""weight"",""max_test_samples"":5000,""max_train_samples"":10000,""model_index"":2,""n_models"":3,""optimizer"":""adamw"",""scheduler"":""cosine"",""step_size"":3,""train_split_seed"":314176,""weight_decay"":0.0001,""width"":128}",neighbor_control,Same primary setting with weight matching.
fashion_mnist_mlp2_N3_W128_none_activation,fashion_mnist_mlp2_N3_W128_none_activation_seed4053,fashion_mnist,mlp2,3,128,none,activation,4053,0,9092,0.42039540481567383,0.861,0.4775827667236328,0.8364,False,,"{""architecture"":""mlp2"",""augmentation"":""none"",""checkpoint_saved"":false,""dataset"":""fashion_mnist"",""dataset_seed"":314159,""domain_shift"":""none"",""epochs"":10,""experiment_seed"":4053,""gamma"":0.5,""local_seed"":9092,""matching"":""activation"",""max_test_samples"":5000,""max_train_samples"":10000,""model_index"":0,""n_models"":3,""optimizer"":""adamw"",""scheduler"":""cosine"",""step_size"":3,""train_split_seed"":314176,""weight_decay"":0.0001,""width"":128}",primary_replication,"Prompt 11 supported row: Fashion-MNIST, mlp2, N=3, W=128, no shift, activation matching."
fashion_mnist_mlp2_N3_W128_none_activation,fashion_mnist_mlp2_N3_W128_none_activation_seed4053,fashion_mnist,mlp2,3,128,none,activation,4053,1,10101,0.4183351173400879,0.8565,0.47382960801124574,0.8312,False,,"{""architecture"":""mlp2"",""augmentation"":""none"",""checkpoint_saved"":false,""dataset"":""fashion_mnist"",""dataset_seed"":314159,""domain_shift"":""none"",""epochs"":10,""experiment_seed"":4053,""gamma"":0.5,""local_seed"":10101,""matching"":""activation"",""max_test_samples"":5000,""max_train_samples"":10000,""model_index"":1,""n_models"":3,""optimizer"":""adamw"",""scheduler"":""cosine"",""step_size"":3,""train_split_seed"":314176,""weight_decay"":0.0001,""width"":128}",primary_replication,"Prompt 11 supported row: Fashion-MNIST, mlp2, N=3, W=128, no shift, activation matching."
fashion_mnist_mlp2_N3_W128_none_activation,fashion_mnist_mlp2_N3_W128_none_activation_seed4053,fashion_mnist,mlp2,3,128,none,activation,4053,2,11110,0.42339943504333494,0.86,0.47998988165855405,0.8308,False,,"{""architecture"":""mlp2"",""augmentation"":""none"",""checkpoint_saved"":false,""dataset"":""fashion_mnist"",""dataset_seed"":314159,""domain_shift"":""none"",""epochs"":10,""experiment_seed"":4053,""gamma"":0.5,""local_seed"":11110,""matching"":""activation"",""max_test_samples"":5000,""max_train_samples"":10000,""model_index"":2,""n_models"":3,""optimizer"":""adamw"",""scheduler"":""cosine"",""step_size"":3,""train_split_seed"":314176,""weight_decay"":0.0001,""width"":128}",primary_replication,"Prompt 11 supported row: Fashion-MNIST, mlp2, N=3, W=128, no shift, activation matching."
fashion_mnist_mlp2_N3_W128_none_weight,fashion_mnist_mlp2_N3_W128_none_weight_seed4053,fashion_mnist,mlp2,3,128,none,weight,4053,0,9092,0.42039540481567383,0.861,0.4775827667236328,0.8364,False,,"{""architecture"":""mlp2"",""augmentation"":""none"",""checkpoint_saved"":false,""dataset"":""fashion_mnist"",""dataset_seed"":314159,""domain_shift"":""none"",""epochs"":10,""experiment_seed"":4053,""gamma"":0.5,""local_seed"":9092,""matching"":""weight"",""max_test_samples"":5000,""max_train_samples"":10000,""model_index"":0,""n_models"":3,""optimizer"":""adamw"",""scheduler"":""cosine"",""step_size"":3,""train_split_seed"":314176,""weight_decay"":0.0001,""width"":128}",neighbor_control,Same primary setting with weight matching.
fashion_mnist_mlp2_N3_W128_none_weight,fashion_mnist_mlp2_N3_W128_none_weight_seed4053,fashion_mnist,mlp2,3,128,none,weight,4053,1,10101,0.4183351173400879,0.8565,0.47382960801124574,0.8312,False,,"{""architecture"":""mlp2"",""augmentation"":""none"",""checkpoint_saved"":false,""dataset"":""fashion_mnist"",""dataset_seed"":314159,""domain_shift"":""none"",""epochs"":10,""experiment_seed"":4053,""gamma"":0.5,""local_seed"":10101,""matching"":""weight"",""max_test_samples"":5000,""max_train_samples"":10000,""model_index"":1,""n_models"":3,""optimizer"":""adamw"",""scheduler"":""cosine"",""step_size"":3,""train_split_seed"":314176,""weight_decay"":0.0001,""width"":128}",neighbor_control,Same primary setting with weight matching.
fashion_mnist_mlp2_N3_W128_none_weight,fashion_mnist_mlp2_N3_W128_none_weight_seed4053,fashion_mnist,mlp2,3,128,none,weight,4053,2,11110,0.42339943504333494,0.86,0.47998988165855405,0.8308,False,,"{""architecture"":""mlp2"",""augmentation"":""none"",""checkpoint_saved"":false,""dataset"":""fashion_mnist"",""dataset_seed"":314159,""domain_shift"":""none"",""epochs"":10,""experiment_seed"":4053,""gamma"":0.5,""local_seed"":11110,""matching"":""weight"",""max_test_samples"":5000,""max_train_samples"":10000,""model_index"":2,""n_models"":3,""optimizer"":""adamw"",""scheduler"":""cosine"",""step_size"":3,""train_split_seed"":314176,""weight_decay"":0.0001,""width"":128}",neighbor_control,Same primary setting with weight matching.
fashion_mnist_mlp2_N3_W128_none_activation,fashion_mnist_mlp2_N3_W128_none_activation_seed4054,fashion_mnist,mlp2,3,128,none,activation,4054,0,9093,0.4205159969329834,0.8585,0.4775486743927002,0.8342,False,,"{""architecture"":""mlp2"",""augmentation"":""none"",""checkpoint_saved"":false,""dataset"":""fashion_mnist"",""dataset_seed"":314159,""domain_shift"":""none"",""epochs"":10,""experiment_seed"":4054,""gamma"":0.5,""local_seed"":9093,""matching"":""activation"",""max_test_samples"":5000,""max_train_samples"":10000,""model_index"":0,""n_models"":3,""optimizer"":""adamw"",""scheduler"":""cosine"",""step_size"":3,""train_split_seed"":314176,""weight_decay"":0.0001,""width"":128}",primary_replication,"Prompt 11 supported row: Fashion-MNIST, mlp2, N=3, W=128, no shift, activation matching."
fashion_mnist_mlp2_N3_W128_none_activation,fashion_mnist_mlp2_N3_W128_none_activation_seed4054,fashion_mnist,mlp2,3,128,none,activation,4054,1,10102,0.4182501029968262,0.8605,0.4758284888744354,0.8332,False,,"{""architecture"":""mlp2"",""augmentation"":""none"",""checkpoint_saved"":false,""dataset"":""fashion_mnist"",""dataset_seed"":314159,""domain_shift"":""none"",""epochs"":10,""experiment_seed"":4054,""gamma"":0.5,""local_seed"":10102,""matching"":""activation"",""max_test_samples"":5000,""max_train_samples"":10000,""model_index"":1,""n_models"":3,""optimizer"":""adamw"",""scheduler"":""cosine"",""step_size"":3,""train_split_seed"":314176,""weight_decay"":0.0001,""width"":128}",primary_replication,"Prompt 11 supported row: Fashion-MNIST, mlp2, N=3, W=128, no shift, activation matching."
fashion_mnist_mlp2_N3_W128_none_activation,fashion_mnist_mlp2_N3_W128_none_activation_seed4054,fashion_mnist,mlp2,3,128,none,activation,4054,2,11111,0.42257564735412595,0.857,0.4765435457229614,0.834,False,,"{""architecture"":""mlp2"",""augmentation"":""none"",""checkpoint_saved"":false,""dataset"":""fashion_mnist"",""dataset_seed"":314159,""domain_shift"":""none"",""epochs"":10,""experiment_seed"":4054,""gamma"":0.5,""local_seed"":11111,""matching"":""activation"",""max_test_samples"":5000,""max_train_samples"":10000,""model_index"":2,""n_models"":3,""optimizer"":""adamw"",""scheduler"":""cosine"",""step_size"":3,""train_split_seed"":314176,""weight_decay"":0.0001,""width"":128}",primary_replication,"Prompt 11 supported row: Fashion-MNIST, mlp2, N=3, W=128, no shift, activation matching."
fashion_mnist_mlp2_N3_W128_none_weight,fashion_mnist_mlp2_N3_W128_none_weight_seed4054,fashion_mnist,mlp2,3,128,none,weight,4054,0,9093,0.4205159969329834,0.8585,0.4775486743927002,0.8342,False,,"{""architecture"":""mlp2"",""augmentation"":""none"",""checkpoint_saved"":false,""dataset"":""fashion_mnist"",""dataset_seed"":314159,""domain_shift"":""none"",""epochs"":10,""experiment_seed"":4054,""gamma"":0.5,""local_seed"":9093,""matching"":""weight"",""max_test_samples"":5000,""max_train_samples"":10000,""model_index"":0,""n_models"":3,""optimizer"":""adamw"",""scheduler"":""cosine"",""step_size"":3,""train_split_seed"":314176,""weight_decay"":0.0001,""width"":128}",neighbor_control,Same primary setting with weight matching.
fashion_mnist_mlp2_N3_W128_none_weight,fashion_mnist_mlp2_N3_W128_none_weight_seed4054,fashion_mnist,mlp2,3,128,none,weight,4054,1,10102,0.4182501029968262,0.8605,0.4758284888744354,0.8332,False,,"{""architecture"":""mlp2"",""augmentation"":""none"",""checkpoint_saved"":false,""dataset"":""fashion_mnist"",""dataset_seed"":314159,""domain_shift"":""none"",""epochs"":10,""experiment_seed"":4054,""gamma"":0.5,""local_seed"":10102,""matching"":""weight"",""max_test_samples"":5000,""max_train_samples"":10000,""model_index"":1,""n_models"":3,""optimizer"":""adamw"",""scheduler"":""cosine"",""step_size"":3,""train_split_seed"":314176,""weight_decay"":0.0001,""width"":128}",neighbor_control,Same primary setting with weight matching.
fashion_mnist_mlp2_N3_W128_none_weight,fashion_mnist_mlp2_N3_W128_none_weight_seed4054,fashion_mnist,mlp2,3,128,none,weight,4054,2,11111,0.42257564735412595,0.857,0.4765435457229614,0.834,False,,"{""architecture"":""mlp2"",""augmentation"":""none"",""checkpoint_saved"":false,""dataset"":""fashion_mnist"",""dataset_seed"":314159,""domain_shift"":""none"",""epochs"":10,""experiment_seed"":4054,""gamma"":0.5,""local_seed"":11111,""matching"":""weight"",""max_test_samples"":5000,""max_train_samples"":10000,""model_index"":2,""n_models"":3,""optimizer"":""adamw"",""scheduler"":""cosine"",""step_size"":3,""train_split_seed"":314176,""weight_decay"":0.0001,""width"":128}",neighbor_control,Same primary setting with weight matching.
fashion_mnist_mlp2_N3_W128_none_activation,fashion_mnist_mlp2_N3_W128_none_activation_seed4055,fashion_mnist,mlp2,3,128,none,activation,4055,0,9094,0.41821152114868165,0.856,0.4758136906147003,0.8318,False,,"{""architecture"":""mlp2"",""augmentation"":""none"",""checkpoint_saved"":false,""dataset"":""fashion_mnist"",""dataset_seed"":314159,""domain_shift"":""none"",""epochs"":10,""experiment_seed"":4055,""gamma"":0.5,""local_seed"":9094,""matching"":""activation"",""max_test_samples"":5000,""max_train_samples"":10000,""model_index"":0,""n_models"":3,""optimizer"":""adamw"",""scheduler"":""cosine"",""step_size"":3,""train_split_seed"":314176,""weight_decay"":0.0001,""width"":128}",primary_replication,"Prompt 11 supported row: Fashion-MNIST, mlp2, N=3, W=128, no shift, activation matching."
fashion_mnist_mlp2_N3_W128_none_activation,fashion_mnist_mlp2_N3_W128_none_activation_seed4055,fashion_mnist,mlp2,3,128,none,activation,4055,1,10103,0.42561887550354005,0.861,0.48175250215530396,0.8316,False,,"{""architecture"":""mlp2"",""augmentation"":""none"",""checkpoint_saved"":false,""dataset"":""fashion_mnist"",""dataset_seed"":314159,""domain_shift"":""none"",""epochs"":10,""experiment_seed"":4055,""gamma"":0.5,""local_seed"":10103,""matching"":""activation"",""max_test_samples"":5000,""max_train_samples"":10000,""model_index"":1,""n_models"":3,""optimizer"":""adamw"",""scheduler"":""cosine"",""step_size"":3,""train_split_seed"":314176,""weight_decay"":0.0001,""width"":128}",primary_replication,"Prompt 11 supported row: Fashion-MNIST, mlp2, N=3, W=128, no shift, activation matching."
fashion_mnist_mlp2_N3_W128_none_activation,fashion_mnist_mlp2_N3_W128_none_activation_seed4055,fashion_mnist,mlp2,3,128,none,activation,4055,2,11112,0.4277289714813232,0.8575,0.48480543370246887,0.8298,False,,"{""architecture"":""mlp2"",""augmentation"":""none"",""checkpoint_saved"":false,""dataset"":""fashion_mnist"",""dataset_seed"":314159,""domain_shift"":""none"",""epochs"":10,""experiment_seed"":4055,""gamma"":0.5,""local_seed"":11112,""matching"":""activation"",""max_test_samples"":5000,""max_train_samples"":10000,""model_index"":2,""n_models"":3,""optimizer"":""adamw"",""scheduler"":""cosine"",""step_size"":3,""train_split_seed"":314176,""weight_decay"":0.0001,""width"":128}",primary_replication,"Prompt 11 supported row: Fashion-MNIST, mlp2, N=3, W=128, no shift, activation matching."
fashion_mnist_mlp2_N3_W128_none_weight,fashion_mnist_mlp2_N3_W128_none_weight_seed4055,fashion_mnist,mlp2,3,128,none,weight,4055,0,9094,0.41821152114868165,0.856,0.4758136906147003,0.8318,False,,"{""architecture"":""mlp2"",""augmentation"":""none"",""checkpoint_saved"":false,""dataset"":""fashion_mnist"",""dataset_seed"":314159,""domain_shift"":""none"",""epochs"":10,""experiment_seed"":4055,""gamma"":0.5,""local_seed"":9094,""matching"":""weight"",""max_test_samples"":5000,""max_train_samples"":10000,""model_index"":0,""n_models"":3,""optimizer"":""adamw"",""scheduler"":""cosine"",""step_size"":3,""train_split_seed"":314176,""weight_decay"":0.0001,""width"":128}",neighbor_control,Same primary setting with weight matching.
fashion_mnist_mlp2_N3_W128_none_weight,fashion_mnist_mlp2_N3_W128_none_weight_seed4055,fashion_mnist,mlp2,3,128,none,weight,4055,1,10103,0.42561887550354005,0.861,0.48175250215530396,0.8316,False,,"{""architecture"":""mlp2"",""augmentation"":""none"",""checkpoint_saved"":false,""dataset"":""fashion_mnist"",""dataset_seed"":314159,""domain_shift"":""none"",""epochs"":10,""experiment_seed"":4055,""gamma"":0.5,""local_seed"":10103,""matching"":""weight"",""max_test_samples"":5000,""max_train_samples"":10000,""model_index"":1,""n_models"":3,""optimizer"":""adamw"",""scheduler"":""cosine"",""step_size"":3,""train_split_seed"":314176,""weight_decay"":0.0001,""width"":128}",neighbor_control,Same primary setting with weight matching.
fashion_mnist_mlp2_N3_W128_none_weight,fashion_mnist_mlp2_N3_W128_none_weight_seed4055,fashion_mnist,mlp2,3,128,none,weight,4055,2,11112,0.4277289714813232,0.8575,0.48480543370246887,0.8298,False,,"{""architecture"":""mlp2"",""augmentation"":""none"",""checkpoint_saved"":false,""dataset"":""fashion_mnist"",""dataset_seed"":314159,""domain_shift"":""none"",""epochs"":10,""experiment_seed"":4055,""gamma"":0.5,""local_seed"":11112,""matching"":""weight"",""max_test_samples"":5000,""max_train_samples"":10000,""model_index"":2,""n_models"":3,""optimizer"":""adamw"",""scheduler"":""cosine"",""step_size"":3,""train_split_seed"":314176,""weight_decay"":0.0001,""width"":128}",neighbor_control,Same primary setting with weight matching.
fashion_mnist_mlp2_N3_W128_none_activation,fashion_mnist_mlp2_N3_W128_none_activation_seed4056,fashion_mnist,mlp2,3,128,none,activation,4056,0,9095,0.41855223274230957,0.8605,0.4732390067100525,0.8342,False,,"{""architecture"":""mlp2"",""augmentation"":""none"",""checkpoint_saved"":false,""dataset"":""fashion_mnist"",""dataset_seed"":314159,""domain_shift"":""none"",""epochs"":10,""experiment_seed"":4056,""gamma"":0.5,""local_seed"":9095,""matching"":""activation"",""max_test_samples"":5000,""max_train_samples"":10000,""model_index"":0,""n_models"":3,""optimizer"":""adamw"",""scheduler"":""cosine"",""step_size"":3,""train_split_seed"":314176,""weight_decay"":0.0001,""width"":128}",primary_replication,"Prompt 11 supported row: Fashion-MNIST, mlp2, N=3, W=128, no shift, activation matching."
fashion_mnist_mlp2_N3_W128_none_activation,fashion_mnist_mlp2_N3_W128_none_activation_seed4056,fashion_mnist,mlp2,3,128,none,activation,4056,1,10104,0.4248592071533203,0.856,0.4820999936103821,0.829,False,,"{""architecture"":""mlp2"",""augmentation"":""none"",""checkpoint_saved"":false,""dataset"":""fashion_mnist"",""dataset_seed"":314159,""domain_shift"":""none"",""epochs"":10,""experiment_seed"":4056,""gamma"":0.5,""local_seed"":10104,""matching"":""activation"",""max_test_samples"":5000,""max_train_samples"":10000,""model_index"":1,""n_models"":3,""optimizer"":""adamw"",""scheduler"":""cosine"",""step_size"":3,""train_split_seed"":314176,""weight_decay"":0.0001,""width"":128}",primary_replication,"Prompt 11 supported row: Fashion-MNIST, mlp2, N=3, W=128, no shift, activation matching."
fashion_mnist_mlp2_N3_W128_none_activation,fashion_mnist_mlp2_N3_W128_none_activation_seed4056,fashion_mnist,mlp2,3,128,none,activation,4056,2,11113,0.42183693885803225,0.857,0.47779248561859133,0.8304,False,,"{""architecture"":""mlp2"",""augmentation"":""none"",""checkpoint_saved"":false,""dataset"":""fashion_mnist"",""dataset_seed"":314159,""domain_shift"":""none"",""epochs"":10,""experiment_seed"":4056,""gamma"":0.5,""local_seed"":11113,""matching"":""activation"",""max_test_samples"":5000,""max_train_samples"":10000,""model_index"":2,""n_models"":3,""optimizer"":""adamw"",""scheduler"":""cosine"",""step_size"":3,""train_split_seed"":314176,""weight_decay"":0.0001,""width"":128}",primary_replication,"Prompt 11 supported row: Fashion-MNIST, mlp2, N=3, W=128, no shift, activation matching."
fashion_mnist_mlp2_N3_W128_none_weight,fashion_mnist_mlp2_N3_W128_none_weight_seed4056,fashion_mnist,mlp2,3,128,none,weight,4056,0,9095,0.41855223274230957,0.8605,0.4732390067100525,0.8342,False,,"{""architecture"":""mlp2"",""augmentation"":""none"",""checkpoint_saved"":false,""dataset"":""fashion_mnist"",""dataset_seed"":314159,""domain_shift"":""none"",""epochs"":10,""experiment_seed"":4056,""gamma"":0.5,""local_seed"":9095,""matching"":""weight"",""max_test_samples"":5000,""max_train_samples"":10000,""model_index"":0,""n_models"":3,""optimizer"":""adamw"",""scheduler"":""cosine"",""step_size"":3,""train_split_seed"":314176,""weight_decay"":0.0001,""width"":128}",neighbor_control,Same primary setting with weight matching.
fashion_mnist_mlp2_N3_W128_none_weight,fashion_mnist_mlp2_N3_W128_none_weight_seed4056,fashion_mnist,mlp2,3,128,none,weight,4056,1,10104,0.4248592071533203,0.856,0.4820999936103821,0.829,False,,"{""architecture"":""mlp2"",""augmentation"":""none"",""checkpoint_saved"":false,""dataset"":""fashion_mnist"",""dataset_seed"":314159,""domain_shift"":""none"",""epochs"":10,""experiment_seed"":4056,""gamma"":0.5,""local_seed"":10104,""matching"":""weight"",""max_test_samples"":5000,""max_train_samples"":10000,""model_index"":1,""n_models"":3,""optimizer"":""adamw"",""scheduler"":""cosine"",""step_size"":3,""train_split_seed"":314176,""weight_decay"":0.0001,""width"":128}",neighbor_control,Same primary setting with weight matching.
fashion_mnist_mlp2_N3_W128_none_weight,fashion_mnist_mlp2_N3_W128_none_weight_seed4056,fashion_mnist,mlp2,3,128,none,weight,4056,2,11113,0.42183693885803225,0.857,0.47779248561859133,0.8304,False,,"{""architecture"":""mlp2"",""augmentation"":""none"",""checkpoint_saved"":false,""dataset"":""fashion_mnist"",""dataset_seed"":314159,""domain_shift"":""none"",""epochs"":10,""experiment_seed"":4056,""gamma"":0.5,""local_seed"":11113,""matching"":""weight"",""max_test_samples"":5000,""max_train_samples"":10000,""model_index"":2,""n_models"":3,""optimizer"":""adamw"",""scheduler"":""cosine"",""step_size"":3,""train_split_seed"":314176,""weight_decay"":0.0001,""width"":128}",neighbor_control,Same primary setting with weight matching.
fashion_mnist_mlp2_N3_W128_none_activation,fashion_mnist_mlp2_N3_W128_none_activation_seed4057,fashion_mnist,mlp2,3,128,none,activation,4057,0,9096,0.4205047550201416,0.862,0.4756746256828308,0.8362,False,,"{""architecture"":""mlp2"",""augmentation"":""none"",""checkpoint_saved"":false,""dataset"":""fashion_mnist"",""dataset_seed"":314159,""domain_shift"":""none"",""epochs"":10,""experiment_seed"":4057,""gamma"":0.5,""local_seed"":9096,""matching"":""activation"",""max_test_samples"":5000,""max_train_samples"":10000,""model_index"":0,""n_models"":3,""optimizer"":""adamw"",""scheduler"":""cosine"",""step_size"":3,""train_split_seed"":314176,""weight_decay"":0.0001,""width"":128}",primary_replication,"Prompt 11 supported row: Fashion-MNIST, mlp2, N=3, W=128, no shift, activation matching."
fashion_mnist_mlp2_N3_W128_none_activation,fashion_mnist_mlp2_N3_W128_none_activation_seed4057,fashion_mnist,mlp2,3,128,none,activation,4057,1,10105,0.42157082176208494,0.8565,0.48086228265762326,0.831,False,,"{""architecture"":""mlp2"",""augmentation"":""none"",""checkpoint_saved"":false,""dataset"":""fashion_mnist"",""dataset_seed"":314159,""domain_shift"":""none"",""epochs"":10,""experiment_seed"":4057,""gamma"":0.5,""local_seed"":10105,""matching"":""activation"",""max_test_samples"":5000,""max_train_samples"":10000,""model_index"":1,""n_models"":3,""optimizer"":""adamw"",""scheduler"":""cosine"",""step_size"":3,""train_split_seed"":314176,""weight_decay"":0.0001,""width"":128}",primary_replication,"Prompt 11 supported row: Fashion-MNIST, mlp2, N=3, W=128, no shift, activation matching."
fashion_mnist_mlp2_N3_W128_none_activation,fashion_mnist_mlp2_N3_W128_none_activation_seed4057,fashion_mnist,mlp2,3,128,none,activation,4057,2,11114,0.42182703971862795,0.8605,0.4829642822742462,0.8292,False,,"{""architecture"":""mlp2"",""augmentation"":""none"",""checkpoint_saved"":false,""dataset"":""fashion_mnist"",""dataset_seed"":314159,""domain_shift"":""none"",""epochs"":10,""experiment_seed"":4057,""gamma"":0.5,""local_seed"":11114,""matching"":""activation"",""max_test_samples"":5000,""max_train_samples"":10000,""model_index"":2,""n_models"":3,""optimizer"":""adamw"",""scheduler"":""cosine"",""step_size"":3,""train_split_seed"":314176,""weight_decay"":0.0001,""width"":128}",primary_replication,"Prompt 11 supported row: Fashion-MNIST, mlp2, N=3, W=128, no shift, activation matching."
fashion_mnist_mlp2_N3_W128_none_weight,fashion_mnist_mlp2_N3_W128_none_weight_seed4057,fashion_mnist,mlp2,3,128,none,weight,4057,0,9096,0.4205047550201416,0.862,0.4756746256828308,0.8362,False,,"{""architecture"":""mlp2"",""augmentation"":""none"",""checkpoint_saved"":false,""dataset"":""fashion_mnist"",""dataset_seed"":314159,""domain_shift"":""none"",""epochs"":10,""experiment_seed"":4057,""gamma"":0.5,""local_seed"":9096,""matching"":""weight"",""max_test_samples"":5000,""max_train_samples"":10000,""model_index"":0,""n_models"":3,""optimizer"":""adamw"",""scheduler"":""cosine"",""step_size"":3,""train_split_seed"":314176,""weight_decay"":0.0001,""width"":128}",neighbor_control,Same primary setting with weight matching.
fashion_mnist_mlp2_N3_W128_none_weight,fashion_mnist_mlp2_N3_W128_none_weight_seed4057,fashion_mnist,mlp2,3,128,none,weight,4057,1,10105,0.42157082176208494,0.8565,0.48086228265762326,0.831,False,,"{""architecture"":""mlp2"",""augmentation"":""none"",""checkpoint_saved"":false,""dataset"":""fashion_mnist"",""dataset_seed"":314159,""domain_shift"":""none"",""epochs"":10,""experiment_seed"":4057,""gamma"":0.5,""local_seed"":10105,""matching"":""weight"",""max_test_samples"":5000,""max_train_samples"":10000,""model_index"":1,""n_models"":3,""optimizer"":""adamw"",""scheduler"":""cosine"",""step_size"":3,""train_split_seed"":314176,""weight_decay"":0.0001,""width"":128}",neighbor_control,Same primary setting with weight matching.
fashion_mnist_mlp2_N3_W128_none_weight,fashion_mnist_mlp2_N3_W128_none_weight_seed4057,fashion_mnist,mlp2,3,128,none,weight,4057,2,11114,0.42182703971862795,0.8605,0.4829642822742462,0.8292,False,,"{""architecture"":""mlp2"",""augmentation"":""none"",""checkpoint_saved"":false,""dataset"":""fashion_mnist"",""dataset_seed"":314159,""domain_shift"":""none"",""epochs"":10,""experiment_seed"":4057,""gamma"":0.5,""local_seed"":11114,""matching"":""weight"",""max_test_samples"":5000,""max_train_samples"":10000,""model_index"":2,""n_models"":3,""optimizer"":""adamw"",""scheduler"":""cosine"",""step_size"":3,""train_split_seed"":314176,""weight_decay"":0.0001,""width"":128}",neighbor_control,Same primary setting with weight matching.
fashion_mnist_mlp2_N3_W128_none_activation,fashion_mnist_mlp2_N3_W128_none_activation_seed4058,fashion_mnist,mlp2,3,128,none,activation,4058,0,9097,0.4166643371582031,0.8585,0.4751562113285065,0.8328,False,,"{""architecture"":""mlp2"",""augmentation"":""none"",""checkpoint_saved"":false,""dataset"":""fashion_mnist"",""dataset_seed"":314159,""domain_shift"":""none"",""epochs"":10,""experiment_seed"":4058,""gamma"":0.5,""local_seed"":9097,""matching"":""activation"",""max_test_samples"":5000,""max_train_samples"":10000,""model_index"":0,""n_models"":3,""optimizer"":""adamw"",""scheduler"":""cosine"",""step_size"":3,""train_split_seed"":314176,""weight_decay"":0.0001,""width"":128}",primary_replication,"Prompt 11 supported row: Fashion-MNIST, mlp2, N=3, W=128, no shift, activation matching."
fashion_mnist_mlp2_N3_W128_none_activation,fashion_mnist_mlp2_N3_W128_none_activation_seed4058,fashion_mnist,mlp2,3,128,none,activation,4058,1,10106,0.42198800659179686,0.8615,0.48043809309005736,0.8308,False,,"{""architecture"":""mlp2"",""augmentation"":""none"",""checkpoint_saved"":false,""dataset"":""fashion_mnist"",""dataset_seed"":314159,""domain_shift"":""none"",""epochs"":10,""experiment_seed"":4058,""gamma"":0.5,""local_seed"":10106,""matching"":""activation"",""max_test_samples"":5000,""max_train_samples"":10000,""model_index"":1,""n_models"":3,""optimizer"":""adamw"",""scheduler"":""cosine"",""step_size"":3,""train_split_seed"":314176,""weight_decay"":0.0001,""width"":128}",primary_replication,"Prompt 11 supported row: Fashion-MNIST, mlp2, N=3, W=128, no shift, activation matching."
fashion_mnist_mlp2_N3_W128_none_activation,fashion_mnist_mlp2_N3_W128_none_activation_seed4058,fashion_mnist,mlp2,3,128,none,activation,4058,2,11115,0.4208159351348877,0.861,0.47592092199325564,0.8344,False,,"{""architecture"":""mlp2"",""augmentation"":""none"",""checkpoint_saved"":false,""dataset"":""fashion_mnist"",""dataset_seed"":314159,""domain_shift"":""none"",""epochs"":10,""experiment_seed"":4058,""gamma"":0.5,""local_seed"":11115,""matching"":""activation"",""max_test_samples"":5000,""max_train_samples"":10000,""model_index"":2,""n_models"":3,""optimizer"":""adamw"",""scheduler"":""cosine"",""step_size"":3,""train_split_seed"":314176,""weight_decay"":0.0001,""width"":128}",primary_replication,"Prompt 11 supported row: Fashion-MNIST, mlp2, N=3, W=128, no shift, activation matching."
fashion_mnist_mlp2_N3_W128_none_weight,fashion_mnist_mlp2_N3_W128_none_weight_seed4058,fashion_mnist,mlp2,3,128,none,weight,4058,0,9097,0.4166643371582031,0.8585,0.4751562113285065,0.8328,False,,"{""architecture"":""mlp2"",""augmentation"":""none"",""checkpoint_saved"":false,""dataset"":""fashion_mnist"",""dataset_seed"":314159,""domain_shift"":""none"",""epochs"":10,""experiment_seed"":4058,""gamma"":0.5,""local_seed"":9097,""matching"":""weight"",""max_test_samples"":5000,""max_train_samples"":10000,""model_index"":0,""n_models"":3,""optimizer"":""adamw"",""scheduler"":""cosine"",""step_size"":3,""train_split_seed"":314176,""weight_decay"":0.0001,""width"":128}",neighbor_control,Same primary setting with weight matching.
fashion_mnist_mlp2_N3_W128_none_weight,fashion_mnist_mlp2_N3_W128_none_weight_seed4058,fashion_mnist,mlp2,3,128,none,weight,4058,1,10106,0.42198800659179686,0.8615,0.48043809309005736,0.8308,False,,"{""architecture"":""mlp2"",""augmentation"":""none"",""checkpoint_saved"":false,""dataset"":""fashion_mnist"",""dataset_seed"":314159,""domain_shift"":""none"",""epochs"":10,""experiment_seed"":4058,""gamma"":0.5,""local_seed"":10106,""matching"":""weight"",""max_test_samples"":5000,""max_train_samples"":10000,""model_index"":1,""n_models"":3,""optimizer"":""adamw"",""scheduler"":""cosine"",""step_size"":3,""train_split_seed"":314176,""weight_decay"":0.0001,""width"":128}",neighbor_control,Same primary setting with weight matching.
fashion_mnist_mlp2_N3_W128_none_weight,fashion_mnist_mlp2_N3_W128_none_weight_seed4058,fashion_mnist,mlp2,3,128,none,weight,4058,2,11115,0.4208159351348877,0.861,0.47592092199325564,0.8344,False,,"{""architecture"":""mlp2"",""augmentation"":""none"",""checkpoint_saved"":false,""dataset"":""fashion_mnist"",""dataset_seed"":314159,""domain_shift"":""none"",""epochs"":10,""experiment_seed"":4058,""gamma"":0.5,""local_seed"":11115,""matching"":""weight"",""max_test_samples"":5000,""max_train_samples"":10000,""model_index"":2,""n_models"":3,""optimizer"":""adamw"",""scheduler"":""cosine"",""step_size"":3,""train_split_seed"":314176,""weight_decay"":0.0001,""width"":128}",neighbor_control,Same primary setting with weight matching.
fashion_mnist_mlp2_N3_W128_none_activation,fashion_mnist_mlp2_N3_W128_none_activation_seed4059,fashion_mnist,mlp2,3,128,none,activation,4059,0,9098,0.42406813430786133,0.859,0.4821574935913086,0.833,False,,"{""architecture"":""mlp2"",""augmentation"":""none"",""checkpoint_saved"":false,""dataset"":""fashion_mnist"",""dataset_seed"":314159,""domain_shift"":""none"",""epochs"":10,""experiment_seed"":4059,""gamma"":0.5,""local_seed"":9098,""matching"":""activation"",""max_test_samples"":5000,""max_train_samples"":10000,""model_index"":0,""n_models"":3,""optimizer"":""adamw"",""scheduler"":""cosine"",""step_size"":3,""train_split_seed"":314176,""weight_decay"":0.0001,""width"":128}",primary_replication,"Prompt 11 supported row: Fashion-MNIST, mlp2, N=3, W=128, no shift, activation matching."
fashion_mnist_mlp2_N3_W128_none_activation,fashion_mnist_mlp2_N3_W128_none_activation_seed4059,fashion_mnist,mlp2,3,128,none,activation,4059,1,10107,0.4207265205383301,0.8595,0.47759372749328616,0.8356,False,,"{""architecture"":""mlp2"",""augmentation"":""none"",""checkpoint_saved"":false,""dataset"":""fashion_mnist"",""dataset_seed"":314159,""domain_shift"":""none"",""epochs"":10,""experiment_seed"":4059,""gamma"":0.5,""local_seed"":10107,""matching"":""activation"",""max_test_samples"":5000,""max_train_samples"":10000,""model_index"":1,""n_models"":3,""optimizer"":""adamw"",""scheduler"":""cosine"",""step_size"":3,""train_split_seed"":314176,""weight_decay"":0.0001,""width"":128}",primary_replication,"Prompt 11 supported row: Fashion-MNIST, mlp2, N=3, W=128, no shift, activation matching."
fashion_mnist_mlp2_N3_W128_none_activation,fashion_mnist_mlp2_N3_W128_none_activation_seed4059,fashion_mnist,mlp2,3,128,none,activation,4059,2,11116,0.42486080169677737,0.8615,0.4788444930076599,0.8308,False,,"{""architecture"":""mlp2"",""augmentation"":""none"",""checkpoint_saved"":false,""dataset"":""fashion_mnist"",""dataset_seed"":314159,""domain_shift"":""none"",""epochs"":10,""experiment_seed"":4059,""gamma"":0.5,""local_seed"":11116,""matching"":""activation"",""max_test_samples"":5000,""max_train_samples"":10000,""model_index"":2,""n_models"":3,""optimizer"":""adamw"",""scheduler"":""cosine"",""step_size"":3,""train_split_seed"":314176,""weight_decay"":0.0001,""width"":128}",primary_replication,"Prompt 11 supported row: Fashion-MNIST, mlp2, N=3, W=128, no shift, activation matching."
fashion_mnist_mlp2_N3_W128_none_weight,fashion_mnist_mlp2_N3_W128_none_weight_seed4059,fashion_mnist,mlp2,3,128,none,weight,4059,0,9098,0.42406813430786133,0.859,0.4821574935913086,0.833,False,,"{""architecture"":""mlp2"",""augmentation"":""none"",""checkpoint_saved"":false,""dataset"":""fashion_mnist"",""dataset_seed"":314159,""domain_shift"":""none"",""epochs"":10,""experiment_seed"":4059,""gamma"":0.5,""local_seed"":9098,""matching"":""weight"",""max_test_samples"":5000,""max_train_samples"":10000,""model_index"":0,""n_models"":3,""optimizer"":""adamw"",""scheduler"":""cosine"",""step_size"":3,""train_split_seed"":314176,""weight_decay"":0.0001,""width"":128}",neighbor_control,Same primary setting with weight matching.
fashion_mnist_mlp2_N3_W128_none_weight,fashion_mnist_mlp2_N3_W128_none_weight_seed4059,fashion_mnist,mlp2,3,128,none,weight,4059,1,10107,0.4207265205383301,0.8595,0.47759372749328616,0.8356,False,,"{""architecture"":""mlp2"",""augmentation"":""none"",""checkpoint_saved"":false,""dataset"":""fashion_mnist"",""dataset_seed"":314159,""domain_shift"":""none"",""epochs"":10,""experiment_seed"":4059,""gamma"":0.5,""local_seed"":10107,""matching"":""weight"",""max_test_samples"":5000,""max_train_samples"":10000,""model_index"":1,""n_models"":3,""optimizer"":""adamw"",""scheduler"":""cosine"",""step_size"":3,""train_split_seed"":314176,""weight_decay"":0.0001,""width"":128}",neighbor_control,Same primary setting with weight matching.
fashion_mnist_mlp2_N3_W128_none_weight,fashion_mnist_mlp2_N3_W128_none_weight_seed4059,fashion_mnist,mlp2,3,128,none,weight,4059,2,11116,0.42486080169677737,0.8615,0.4788444930076599,0.8308,False,,"{""architecture"":""mlp2"",""augmentation"":""none"",""checkpoint_saved"":false,""dataset"":""fashion_mnist"",""dataset_seed"":314159,""domain_shift"":""none"",""epochs"":10,""experiment_seed"":4059,""gamma"":0.5,""local_seed"":11116,""matching"":""weight"",""max_test_samples"":5000,""max_train_samples"":10000,""model_index"":2,""n_models"":3,""optimizer"":""adamw"",""scheduler"":""cosine"",""step_size"":3,""train_split_seed"":314176,""weight_decay"":0.0001,""width"":128}",neighbor_control,Same primary setting with weight matching.
fashion_mnist_mlp2_N4_W128_none_activation,fashion_mnist_mlp2_N4_W128_none_activation_seed4000,fashion_mnist,mlp2,4,128,none,activation,4000,0,9140,0.42416742897033693,0.8605,0.4831435513019562,0.8288,False,,"{""architecture"":""mlp2"",""augmentation"":""none"",""checkpoint_saved"":false,""dataset"":""fashion_mnist"",""dataset_seed"":314159,""domain_shift"":""none"",""epochs"":10,""experiment_seed"":4000,""gamma"":0.5,""local_seed"":9140,""matching"":""activation"",""max_test_samples"":5000,""max_train_samples"":10000,""model_index"":0,""n_models"":4,""optimizer"":""adamw"",""scheduler"":""cosine"",""step_size"":3,""train_split_seed"":314176,""weight_decay"":0.0001,""width"":128}",neighbor_control,Fashion-MNIST N=4 no-shift activation control.
fashion_mnist_mlp2_N4_W128_none_activation,fashion_mnist_mlp2_N4_W128_none_activation_seed4000,fashion_mnist,mlp2,4,128,none,activation,4000,1,10149,0.4229915256500244,0.8585,0.4800962779045105,0.829,False,,"{""architecture"":""mlp2"",""augmentation"":""none"",""checkpoint_saved"":false,""dataset"":""fashion_mnist"",""dataset_seed"":314159,""domain_shift"":""none"",""epochs"":10,""experiment_seed"":4000,""gamma"":0.5,""local_seed"":10149,""matching"":""activation"",""max_test_samples"":5000,""max_train_samples"":10000,""model_index"":1,""n_models"":4,""optimizer"":""adamw"",""scheduler"":""cosine"",""step_size"":3,""train_split_seed"":314176,""weight_decay"":0.0001,""width"":128}",neighbor_control,Fashion-MNIST N=4 no-shift activation control.
fashion_mnist_mlp2_N4_W128_none_activation,fashion_mnist_mlp2_N4_W128_none_activation_seed4000,fashion_mnist,mlp2,4,128,none,activation,4000,2,11158,0.4156895885467529,0.859,0.47243931698799135,0.8398,False,,"{""architecture"":""mlp2"",""augmentation"":""none"",""checkpoint_saved"":false,""dataset"":""fashion_mnist"",""dataset_seed"":314159,""domain_shift"":""none"",""epochs"":10,""experiment_seed"":4000,""gamma"":0.5,""local_seed"":11158,""matching"":""activation"",""max_test_samples"":5000,""max_train_samples"":10000,""model_index"":2,""n_models"":4,""optimizer"":""adamw"",""scheduler"":""cosine"",""step_size"":3,""train_split_seed"":314176,""weight_decay"":0.0001,""width"":128}",neighbor_control,Fashion-MNIST N=4 no-shift activation control.
fashion_mnist_mlp2_N4_W128_none_activation,fashion_mnist_mlp2_N4_W128_none_activation_seed4000,fashion_mnist,mlp2,4,128,none,activation,4000,3,12167,0.4274568977355957,0.8585,0.4847342141628265,0.8268,False,,"{""architecture"":""mlp2"",""augmentation"":""none"",""checkpoint_saved"":false,""dataset"":""fashion_mnist"",""dataset_seed"":314159,""domain_shift"":""none"",""epochs"":10,""experiment_seed"":4000,""gamma"":0.5,""local_seed"":12167,""matching"":""activation"",""max_test_samples"":5000,""max_train_samples"":10000,""model_index"":3,""n_models"":4,""optimizer"":""adamw"",""scheduler"":""cosine"",""step_size"":3,""train_split_seed"":314176,""weight_decay"":0.0001,""width"":128}",neighbor_control,Fashion-MNIST N=4 no-shift activation control.
fashion_mnist_mlp2_N4_W128_none_activation,fashion_mnist_mlp2_N4_W128_none_activation_seed4001,fashion_mnist,mlp2,4,128,none,activation,4001,0,9141,0.42581553268432615,0.8565,0.48617321286201476,0.8286,False,,"{""architecture"":""mlp2"",""augmentation"":""none"",""checkpoint_saved"":false,""dataset"":""fashion_mnist"",""dataset_seed"":314159,""domain_shift"":""none"",""epochs"":10,""experiment_seed"":4001,""gamma"":0.5,""local_seed"":9141,""matching"":""activation"",""max_test_samples"":5000,""max_train_samples"":10000,""model_index"":0,""n_models"":4,""optimizer"":""adamw"",""scheduler"":""cosine"",""step_size"":3,""train_split_seed"":314176,""weight_decay"":0.0001,""width"":128}",neighbor_control,Fashion-MNIST N=4 no-shift activation control.
fashion_mnist_mlp2_N4_W128_none_activation,fashion_mnist_mlp2_N4_W128_none_activation_seed4001,fashion_mnist,mlp2,4,128,none,activation,4001,1,10150,0.42706578063964845,0.8565,0.48274916048049926,0.8314,False,,"{""architecture"":""mlp2"",""augmentation"":""none"",""checkpoint_saved"":false,""dataset"":""fashion_mnist"",""dataset_seed"":314159,""domain_shift"":""none"",""epochs"":10,""experiment_seed"":4001,""gamma"":0.5,""local_seed"":10150,""matching"":""activation"",""max_test_samples"":5000,""max_train_samples"":10000,""model_index"":1,""n_models"":4,""optimizer"":""adamw"",""scheduler"":""cosine"",""step_size"":3,""train_split_seed"":314176,""weight_decay"":0.0001,""width"":128}",neighbor_control,Fashion-MNIST N=4 no-shift activation control.
fashion_mnist_mlp2_N4_W128_none_activation,fashion_mnist_mlp2_N4_W128_none_activation_seed4001,fashion_mnist,mlp2,4,128,none,activation,4001,2,11159,0.4213564281463623,0.8585,0.48025040979385375,0.831,False,,"{""architecture"":""mlp2"",""augmentation"":""none"",""checkpoint_saved"":false,""dataset"":""fashion_mnist"",""dataset_seed"":314159,""domain_shift"":""none"",""epochs"":10,""experiment_seed"":4001,""gamma"":0.5,""local_seed"":11159,""matching"":""activation"",""max_test_samples"":5000,""max_train_samples"":10000,""model_index"":2,""n_models"":4,""optimizer"":""adamw"",""scheduler"":""cosine"",""step_size"":3,""train_split_seed"":314176,""weight_decay"":0.0001,""width"":128}",neighbor_control,Fashion-MNIST N=4 no-shift activation control.
fashion_mnist_mlp2_N4_W128_none_activation,fashion_mnist_mlp2_N4_W128_none_activation_seed4001,fashion_mnist,mlp2,4,128,none,activation,4001,3,12168,0.41846156120300293,0.861,0.4787236482620239,0.8348,False,,"{""architecture"":""mlp2"",""augmentation"":""none"",""checkpoint_saved"":false,""dataset"":""fashion_mnist"",""dataset_seed"":314159,""domain_shift"":""none"",""epochs"":10,""experiment_seed"":4001,""gamma"":0.5,""local_seed"":12168,""matching"":""activation"",""max_test_samples"":5000,""max_train_samples"":10000,""model_index"":3,""n_models"":4,""optimizer"":""adamw"",""scheduler"":""cosine"",""step_size"":3,""train_split_seed"":314176,""weight_decay"":0.0001,""width"":128}",neighbor_control,Fashion-MNIST N=4 no-shift activation control.
fashion_mnist_mlp2_N4_W128_none_activation,fashion_mnist_mlp2_N4_W128_none_activation_seed4002,fashion_mnist,mlp2,4,128,none,activation,4002,0,9142,0.41842311096191404,0.8585,0.4749750099658966,0.833,False,,"{""architecture"":""mlp2"",""augmentation"":""none"",""checkpoint_saved"":false,""dataset"":""fashion_mnist"",""dataset_seed"":314159,""domain_shift"":""none"",""epochs"":10,""experiment_seed"":4002,""gamma"":0.5,""local_seed"":9142,""matching"":""activation"",""max_test_samples"":5000,""max_train_samples"":10000,""model_index"":0,""n_models"":4,""optimizer"":""adamw"",""scheduler"":""cosine"",""step_size"":3,""train_split_seed"":314176,""weight_decay"":0.0001,""width"":128}",neighbor_control,Fashion-MNIST N=4 no-shift activation control.
fashion_mnist_mlp2_N4_W128_none_activation,fashion_mnist_mlp2_N4_W128_none_activation_seed4002,fashion_mnist,mlp2,4,128,none,activation,4002,1,10151,0.4220995845794678,0.8555,0.4778578799247742,0.8304,False,,"{""architecture"":""mlp2"",""augmentation"":""none"",""checkpoint_saved"":false,""dataset"":""fashion_mnist"",""dataset_seed"":314159,""domain_shift"":""none"",""epochs"":10,""experiment_seed"":4002,""gamma"":0.5,""local_seed"":10151,""matching"":""activation"",""max_test_samples"":5000,""max_train_samples"":10000,""model_index"":1,""n_models"":4,""optimizer"":""adamw"",""scheduler"":""cosine"",""step_size"":3,""train_split_seed"":314176,""weight_decay"":0.0001,""width"":128}",neighbor_control,Fashion-MNIST N=4 no-shift activation control.
fashion_mnist_mlp2_N4_W128_none_activation,fashion_mnist_mlp2_N4_W128_none_activation_seed4002,fashion_mnist,mlp2,4,128,none,activation,4002,2,11160,0.41598628234863283,0.8625,0.4766542432785034,0.8334,False,,"{""architecture"":""mlp2"",""augmentation"":""none"",""checkpoint_saved"":false,""dataset"":""fashion_mnist"",""dataset_seed"":314159,""domain_shift"":""none"",""epochs"":10,""experiment_seed"":4002,""gamma"":0.5,""local_seed"":11160,""matching"":""activation"",""max_test_samples"":5000,""max_train_samples"":10000,""model_index"":2,""n_models"":4,""optimizer"":""adamw"",""scheduler"":""cosine"",""step_size"":3,""train_split_seed"":314176,""weight_decay"":0.0001,""width"":128}",neighbor_control,Fashion-MNIST N=4 no-shift activation control.
fashion_mnist_mlp2_N4_W128_none_activation,fashion_mnist_mlp2_N4_W128_none_activation_seed4002,fashion_mnist,mlp2,4,128,none,activation,4002,3,12169,0.42082093048095703,0.859,0.47706011695861816,0.8354,False,,"{""architecture"":""mlp2"",""augmentation"":""none"",""checkpoint_saved"":false,""dataset"":""fashion_mnist"",""dataset_seed"":314159,""domain_shift"":""none"",""epochs"":10,""experiment_seed"":4002,""gamma"":0.5,""local_seed"":12169,""matching"":""activation"",""max_test_samples"":5000,""max_train_samples"":10000,""model_index"":3,""n_models"":4,""optimizer"":""adamw"",""scheduler"":""cosine"",""step_size"":3,""train_split_seed"":314176,""weight_decay"":0.0001,""width"":128}",neighbor_control,Fashion-MNIST N=4 no-shift activation control.
fashion_mnist_mlp2_N4_W128_none_activation,fashion_mnist_mlp2_N4_W128_none_activation_seed4003,fashion_mnist,mlp2,4,128,none,activation,4003,0,9143,0.4249944267272949,0.855,0.4821924508571625,0.8312,False,,"{""architecture"":""mlp2"",""augmentation"":""none"",""checkpoint_saved"":false,""dataset"":""fashion_mnist"",""dataset_seed"":314159,""domain_shift"":""none"",""epochs"":10,""experiment_seed"":4003,""gamma"":0.5,""local_seed"":9143,""matching"":""activation"",""max_test_samples"":5000,""max_train_samples"":10000,""model_index"":0,""n_models"":4,""optimizer"":""adamw"",""scheduler"":""cosine"",""step_size"":3,""train_split_seed"":314176,""weight_decay"":0.0001,""width"":128}",neighbor_control,Fashion-MNIST N=4 no-shift activation control.
fashion_mnist_mlp2_N4_W128_none_activation,fashion_mnist_mlp2_N4_W128_none_activation_seed4003,fashion_mnist,mlp2,4,128,none,activation,4003,1,10152,0.41979799842834475,0.862,0.4758379447460175,0.8342,False,,"{""architecture"":""mlp2"",""augmentation"":""none"",""checkpoint_saved"":false,""dataset"":""fashion_mnist"",""dataset_seed"":314159,""domain_shift"":""none"",""epochs"":10,""experiment_seed"":4003,""gamma"":0.5,""local_seed"":10152,""matching"":""activation"",""max_test_samples"":5000,""max_train_samples"":10000,""model_index"":1,""n_models"":4,""optimizer"":""adamw"",""scheduler"":""cosine"",""step_size"":3,""train_split_seed"":314176,""weight_decay"":0.0001,""width"":128}",neighbor_control,Fashion-MNIST N=4 no-shift activation control.
fashion_mnist_mlp2_N4_W128_none_activation,fashion_mnist_mlp2_N4_W128_none_activation_seed4003,fashion_mnist,mlp2,4,128,none,activation,4003,2,11161,0.42101933479309084,0.856,0.47715089235305785,0.8344,False,,"{""architecture"":""mlp2"",""augmentation"":""none"",""checkpoint_saved"":false,""dataset"":""fashion_mnist"",""dataset_seed"":314159,""domain_shift"":""none"",""epochs"":10,""experiment_seed"":4003,""gamma"":0.5,""local_seed"":11161,""matching"":""activation"",""max_test_samples"":5000,""max_train_samples"":10000,""model_index"":2,""n_models"":4,""optimizer"":""adamw"",""scheduler"":""cosine"",""step_size"":3,""train_split_seed"":314176,""weight_decay"":0.0001,""width"":128}",neighbor_control,Fashion-MNIST N=4 no-shift activation control.
fashion_mnist_mlp2_N4_W128_none_activation,fashion_mnist_mlp2_N4_W128_none_activation_seed4003,fashion_mnist,mlp2,4,128,none,activation,4003,3,12170,0.4243947238922119,0.8555,0.48067417984008787,0.8306,False,,"{""architecture"":""mlp2"",""augmentation"":""none"",""checkpoint_saved"":false,""dataset"":""fashion_mnist"",""dataset_seed"":314159,""domain_shift"":""none"",""epochs"":10,""experiment_seed"":4003,""gamma"":0.5,""local_seed"":12170,""matching"":""activation"",""max_test_samples"":5000,""max_train_samples"":10000,""model_index"":3,""n_models"":4,""optimizer"":""adamw"",""scheduler"":""cosine"",""step_size"":3,""train_split_seed"":314176,""weight_decay"":0.0001,""width"":128}",neighbor_control,Fashion-MNIST N=4 no-shift activation control.
fashion_mnist_mlp2_N4_W128_none_activation,fashion_mnist_mlp2_N4_W128_none_activation_seed4004,fashion_mnist,mlp2,4,128,none,activation,4004,0,9144,0.4261114864349365,0.857,0.4785230686187744,0.8298,False,,"{""architecture"":""mlp2"",""augmentation"":""none"",""checkpoint_saved"":false,""dataset"":""fashion_mnist"",""dataset_seed"":314159,""domain_shift"":""none"",""epochs"":10,""experiment_seed"":4004,""gamma"":0.5,""local_seed"":9144,""matching"":""activation"",""max_test_samples"":5000,""max_train_samples"":10000,""model_index"":0,""n_models"":4,""optimizer"":""adamw"",""scheduler"":""cosine"",""step_size"":3,""train_split_seed"":314176,""weight_decay"":0.0001,""width"":128}",neighbor_control,Fashion-MNIST N=4 no-shift activation control.
fashion_mnist_mlp2_N4_W128_none_activation,fashion_mnist_mlp2_N4_W128_none_activation_seed4004,fashion_mnist,mlp2,4,128,none,activation,4004,1,10153,0.4233214168548584,0.8585,0.4776707235336304,0.832,False,,"{""architecture"":""mlp2"",""augmentation"":""none"",""checkpoint_saved"":false,""dataset"":""fashion_mnist"",""dataset_seed"":314159,""domain_shift"":""none"",""epochs"":10,""experiment_seed"":4004,""gamma"":0.5,""local_seed"":10153,""matching"":""activation"",""max_test_samples"":5000,""max_train_samples"":10000,""model_index"":1,""n_models"":4,""optimizer"":""adamw"",""scheduler"":""cosine"",""step_size"":3,""train_split_seed"":314176,""weight_decay"":0.0001,""width"":128}",neighbor_control,Fashion-MNIST N=4 no-shift activation control.
fashion_mnist_mlp2_N4_W128_none_activation,fashion_mnist_mlp2_N4_W128_none_activation_seed4004,fashion_mnist,mlp2,4,128,none,activation,4004,2,11162,0.421546443939209,0.858,0.47857873396873474,0.8308,False,,"{""architecture"":""mlp2"",""augmentation"":""none"",""checkpoint_saved"":false,""dataset"":""fashion_mnist"",""dataset_seed"":314159,""domain_shift"":""none"",""epochs"":10,""experiment_seed"":4004,""gamma"":0.5,""local_seed"":11162,""matching"":""activation"",""max_test_samples"":5000,""max_train_samples"":10000,""model_index"":2,""n_models"":4,""optimizer"":""adamw"",""scheduler"":""cosine"",""step_size"":3,""train_split_seed"":314176,""weight_decay"":0.0001,""width"":128}",neighbor_control,Fashion-MNIST N=4 no-shift activation control.
fashion_mnist_mlp2_N4_W128_none_activation,fashion_mnist_mlp2_N4_W128_none_activation_seed4004,fashion_mnist,mlp2,4,128,none,activation,4004,3,12171,0.4219296741485596,0.859,0.4772531204223633,0.8336,False,,"{""architecture"":""mlp2"",""augmentation"":""none"",""checkpoint_saved"":false,""dataset"":""fashion_mnist"",""dataset_seed"":314159,""domain_shift"":""none"",""epochs"":10,""experiment_seed"":4004,""gamma"":0.5,""local_seed"":12171,""matching"":""activation"",""max_test_samples"":5000,""max_train_samples"":10000,""model_index"":3,""n_models"":4,""optimizer"":""adamw"",""scheduler"":""cosine"",""step_size"":3,""train_split_seed"":314176,""weight_decay"":0.0001,""width"":128}",neighbor_control,Fashion-MNIST N=4 no-shift activation control.
fashion_mnist_mlp2_N4_W128_none_activation,fashion_mnist_mlp2_N4_W128_none_activation_seed4005,fashion_mnist,mlp2,4,128,none,activation,4005,0,9145,0.42517642211914064,0.86,0.4828311951637268,0.8344,False,,"{""architecture"":""mlp2"",""augmentation"":""none"",""checkpoint_saved"":false,""dataset"":""fashion_mnist"",""dataset_seed"":314159,""domain_shift"":""none"",""epochs"":10,""experiment_seed"":4005,""gamma"":0.5,""local_seed"":9145,""matching"":""activation"",""max_test_samples"":5000,""max_train_samples"":10000,""model_index"":0,""n_models"":4,""optimizer"":""adamw"",""scheduler"":""cosine"",""step_size"":3,""train_split_seed"":314176,""weight_decay"":0.0001,""width"":128}",neighbor_control,Fashion-MNIST N=4 no-shift activation control.
fashion_mnist_mlp2_N4_W128_none_activation,fashion_mnist_mlp2_N4_W128_none_activation_seed4005,fashion_mnist,mlp2,4,128,none,activation,4005,1,10154,0.4232878513336182,0.8605,0.48110853867530823,0.8306,False,,"{""architecture"":""mlp2"",""augmentation"":""none"",""checkpoint_saved"":false,""dataset"":""fashion_mnist"",""dataset_seed"":314159,""domain_shift"":""none"",""epochs"":10,""experiment_seed"":4005,""gamma"":0.5,""local_seed"":10154,""matching"":""activation"",""max_test_samples"":5000,""max_train_samples"":10000,""model_index"":1,""n_models"":4,""optimizer"":""adamw"",""scheduler"":""cosine"",""step_size"":3,""train_split_seed"":314176,""weight_decay"":0.0001,""width"":128}",neighbor_control,Fashion-MNIST N=4 no-shift activation control.
fashion_mnist_mlp2_N4_W128_none_activation,fashion_mnist_mlp2_N4_W128_none_activation_seed4005,fashion_mnist,mlp2,4,128,none,activation,4005,2,11163,0.4198988151550293,0.8575,0.4735690143585205,0.835,False,,"{""architecture"":""mlp2"",""augmentation"":""none"",""checkpoint_saved"":false,""dataset"":""fashion_mnist"",""dataset_seed"":314159,""domain_shift"":""none"",""epochs"":10,""experiment_seed"":4005,""gamma"":0.5,""local_seed"":11163,""matching"":""activation"",""max_test_samples"":5000,""max_train_samples"":10000,""model_index"":2,""n_models"":4,""optimizer"":""adamw"",""scheduler"":""cosine"",""step_size"":3,""train_split_seed"":314176,""weight_decay"":0.0001,""width"":128}",neighbor_control,Fashion-MNIST N=4 no-shift activation control.
fashion_mnist_mlp2_N4_W128_none_activation,fashion_mnist_mlp2_N4_W128_none_activation_seed4005,fashion_mnist,mlp2,4,128,none,activation,4005,3,12172,0.42608750915527344,0.8595,0.4855563829421997,0.8288,False,,"{""architecture"":""mlp2"",""augmentation"":""none"",""checkpoint_saved"":false,""dataset"":""fashion_mnist"",""dataset_seed"":314159,""domain_shift"":""none"",""epochs"":10,""experiment_seed"":4005,""gamma"":0.5,""local_seed"":12172,""matching"":""activation"",""max_test_samples"":5000,""max_train_samples"":10000,""model_index"":3,""n_models"":4,""optimizer"":""adamw"",""scheduler"":""cosine"",""step_size"":3,""train_split_seed"":314176,""weight_decay"":0.0001,""width"":128}",neighbor_control,Fashion-MNIST N=4 no-shift activation control.
fashion_mnist_mlp2_N4_W128_none_activation,fashion_mnist_mlp2_N4_W128_none_activation_seed4006,fashion_mnist,mlp2,4,128,none,activation,4006,0,9146,0.4282463302612305,0.8565,0.48038313817977907,0.8298,False,,"{""architecture"":""mlp2"",""augmentation"":""none"",""checkpoint_saved"":false,""dataset"":""fashion_mnist"",""dataset_seed"":314159,""domain_shift"":""none"",""epochs"":10,""experiment_seed"":4006,""gamma"":0.5,""local_seed"":9146,""matching"":""activation"",""max_test_samples"":5000,""max_train_samples"":10000,""model_index"":0,""n_models"":4,""optimizer"":""adamw"",""scheduler"":""cosine"",""step_size"":3,""train_split_seed"":314176,""weight_decay"":0.0001,""width"":128}",neighbor_control,Fashion-MNIST N=4 no-shift activation control.
fashion_mnist_mlp2_N4_W128_none_activation,fashion_mnist_mlp2_N4_W128_none_activation_seed4006,fashion_mnist,mlp2,4,128,none,activation,4006,1,10155,0.4221738224029541,0.8575,0.4805232262611389,0.8308,False,,"{""architecture"":""mlp2"",""augmentation"":""none"",""checkpoint_saved"":false,""dataset"":""fashion_mnist"",""dataset_seed"":314159,""domain_shift"":""none"",""epochs"":10,""experiment_seed"":4006,""gamma"":0.5,""local_seed"":10155,""matching"":""activation"",""max_test_samples"":5000,""max_train_samples"":10000,""model_index"":1,""n_models"":4,""optimizer"":""adamw"",""scheduler"":""cosine"",""step_size"":3,""train_split_seed"":314176,""weight_decay"":0.0001,""width"":128}",neighbor_control,Fashion-MNIST N=4 no-shift activation control.
fashion_mnist_mlp2_N4_W128_none_activation,fashion_mnist_mlp2_N4_W128_none_activation_seed4006,fashion_mnist,mlp2,4,128,none,activation,4006,2,11164,0.41694268798828127,0.865,0.47606367349624634,0.8324,False,,"{""architecture"":""mlp2"",""augmentation"":""none"",""checkpoint_saved"":false,""dataset"":""fashion_mnist"",""dataset_seed"":314159,""domain_shift"":""none"",""epochs"":10,""experiment_seed"":4006,""gamma"":0.5,""local_seed"":11164,""matching"":""activation"",""max_test_samples"":5000,""max_train_samples"":10000,""model_index"":2,""n_models"":4,""optimizer"":""adamw"",""scheduler"":""cosine"",""step_size"":3,""train_split_seed"":314176,""weight_decay"":0.0001,""width"":128}",neighbor_control,Fashion-MNIST N=4 no-shift activation control.
fashion_mnist_mlp2_N4_W128_none_activation,fashion_mnist_mlp2_N4_W128_none_activation_seed4006,fashion_mnist,mlp2,4,128,none,activation,4006,3,12173,0.4091113300323486,0.866,0.47076160621643065,0.8348,False,,"{""architecture"":""mlp2"",""augmentation"":""none"",""checkpoint_saved"":false,""dataset"":""fashion_mnist"",""dataset_seed"":314159,""domain_shift"":""none"",""epochs"":10,""experiment_seed"":4006,""gamma"":0.5,""local_seed"":12173,""matching"":""activation"",""max_test_samples"":5000,""max_train_samples"":10000,""model_index"":3,""n_models"":4,""optimizer"":""adamw"",""scheduler"":""cosine"",""step_size"":3,""train_split_seed"":314176,""weight_decay"":0.0001,""width"":128}",neighbor_control,Fashion-MNIST N=4 no-shift activation control.
fashion_mnist_mlp2_N4_W128_none_activation,fashion_mnist_mlp2_N4_W128_none_activation_seed4007,fashion_mnist,mlp2,4,128,none,activation,4007,0,9147,0.41907879257202146,0.8615,0.477121321105957,0.8332,False,,"{""architecture"":""mlp2"",""augmentation"":""none"",""checkpoint_saved"":false,""dataset"":""fashion_mnist"",""dataset_seed"":314159,""domain_shift"":""none"",""epochs"":10,""experiment_seed"":4007,""gamma"":0.5,""local_seed"":9147,""matching"":""activation"",""max_test_samples"":5000,""max_train_samples"":10000,""model_index"":0,""n_models"":4,""optimizer"":""adamw"",""scheduler"":""cosine"",""step_size"":3,""train_split_seed"":314176,""weight_decay"":0.0001,""width"":128}",neighbor_control,Fashion-MNIST N=4 no-shift activation control.
fashion_mnist_mlp2_N4_W128_none_activation,fashion_mnist_mlp2_N4_W128_none_activation_seed4007,fashion_mnist,mlp2,4,128,none,activation,4007,1,10156,0.42311369705200197,0.857,0.477946089220047,0.8296,False,,"{""architecture"":""mlp2"",""augmentation"":""none"",""checkpoint_saved"":false,""dataset"":""fashion_mnist"",""dataset_seed"":314159,""domain_shift"":""none"",""epochs"":10,""experiment_seed"":4007,""gamma"":0.5,""local_seed"":10156,""matching"":""activation"",""max_test_samples"":5000,""max_train_samples"":10000,""model_index"":1,""n_models"":4,""optimizer"":""adamw"",""scheduler"":""cosine"",""step_size"":3,""train_split_seed"":314176,""weight_decay"":0.0001,""width"":128}",neighbor_control,Fashion-MNIST N=4 no-shift activation control.
fashion_mnist_mlp2_N4_W128_none_activation,fashion_mnist_mlp2_N4_W128_none_activation_seed4007,fashion_mnist,mlp2,4,128,none,activation,4007,2,11165,0.4177572746276855,0.8605,0.47746619567871096,0.8328,False,,"{""architecture"":""mlp2"",""augmentation"":""none"",""checkpoint_saved"":false,""dataset"":""fashion_mnist"",""dataset_seed"":314159,""domain_shift"":""none"",""epochs"":10,""experiment_seed"":4007,""gamma"":0.5,""local_seed"":11165,""matching"":""activation"",""max_test_samples"":5000,""max_train_samples"":10000,""model_index"":2,""n_models"":4,""optimizer"":""adamw"",""scheduler"":""cosine"",""step_size"":3,""train_split_seed"":314176,""weight_decay"":0.0001,""width"":128}",neighbor_control,Fashion-MNIST N=4 no-shift activation control.
fashion_mnist_mlp2_N4_W128_none_activation,fashion_mnist_mlp2_N4_W128_none_activation_seed4007,fashion_mnist,mlp2,4,128,none,activation,4007,3,12174,0.4195086555480957,0.8605,0.47718248052597045,0.8316,False,,"{""architecture"":""mlp2"",""augmentation"":""none"",""checkpoint_saved"":false,""dataset"":""fashion_mnist"",""dataset_seed"":314159,""domain_shift"":""none"",""epochs"":10,""experiment_seed"":4007,""gamma"":0.5,""local_seed"":12174,""matching"":""activation"",""max_test_samples"":5000,""max_train_samples"":10000,""model_index"":3,""n_models"":4,""optimizer"":""adamw"",""scheduler"":""cosine"",""step_size"":3,""train_split_seed"":314176,""weight_decay"":0.0001,""width"":128}",neighbor_control,Fashion-MNIST N=4 no-shift activation control.
fashion_mnist_mlp2_N4_W128_none_activation,fashion_mnist_mlp2_N4_W128_none_activation_seed4008,fashion_mnist,mlp2,4,128,none,activation,4008,0,9148,0.4310582389831543,0.857,0.48915789098739626,0.8312,False,,"{""architecture"":""mlp2"",""augmentation"":""none"",""checkpoint_saved"":false,""dataset"":""fashion_mnist"",""dataset_seed"":314159,""domain_shift"":""none"",""epochs"":10,""experiment_seed"":4008,""gamma"":0.5,""local_seed"":9148,""matching"":""activation"",""max_test_samples"":5000,""max_train_samples"":10000,""model_index"":0,""n_models"":4,""optimizer"":""adamw"",""scheduler"":""cosine"",""step_size"":3,""train_split_seed"":314176,""weight_decay"":0.0001,""width"":128}",neighbor_control,Fashion-MNIST N=4 no-shift activation control.
fashion_mnist_mlp2_N4_W128_none_activation,fashion_mnist_mlp2_N4_W128_none_activation_seed4008,fashion_mnist,mlp2,4,128,none,activation,4008,1,10157,0.4222937355041504,0.863,0.4837389406204224,0.8324,False,,"{""architecture"":""mlp2"",""augmentation"":""none"",""checkpoint_saved"":false,""dataset"":""fashion_mnist"",""dataset_seed"":314159,""domain_shift"":""none"",""epochs"":10,""experiment_seed"":4008,""gamma"":0.5,""local_seed"":10157,""matching"":""activation"",""max_test_samples"":5000,""max_train_samples"":10000,""model_index"":1,""n_models"":4,""optimizer"":""adamw"",""scheduler"":""cosine"",""step_size"":3,""train_split_seed"":314176,""weight_decay"":0.0001,""width"":128}",neighbor_control,Fashion-MNIST N=4 no-shift activation control.
fashion_mnist_mlp2_N4_W128_none_activation,fashion_mnist_mlp2_N4_W128_none_activation_seed4008,fashion_mnist,mlp2,4,128,none,activation,4008,2,11166,0.42205397415161133,0.858,0.47871117782592776,0.831,False,,"{""architecture"":""mlp2"",""augmentation"":""none"",""checkpoint_saved"":false,""dataset"":""fashion_mnist"",""dataset_seed"":314159,""domain_shift"":""none"",""epochs"":10,""experiment_seed"":4008,""gamma"":0.5,""local_seed"":11166,""matching"":""activation"",""max_test_samples"":5000,""max_train_samples"":10000,""model_index"":2,""n_models"":4,""optimizer"":""adamw"",""scheduler"":""cosine"",""step_size"":3,""train_split_seed"":314176,""weight_decay"":0.0001,""width"":128}",neighbor_control,Fashion-MNIST N=4 no-shift activation control.
fashion_mnist_mlp2_N4_W128_none_activation,fashion_mnist_mlp2_N4_W128_none_activation_seed4008,fashion_mnist,mlp2,4,128,none,activation,4008,3,12175,0.4314280414581299,0.858,0.4898935214996338,0.8288,False,,"{""architecture"":""mlp2"",""augmentation"":""none"",""checkpoint_saved"":false,""dataset"":""fashion_mnist"",""dataset_seed"":314159,""domain_shift"":""none"",""epochs"":10,""experiment_seed"":4008,""gamma"":0.5,""local_seed"":12175,""matching"":""activation"",""max_test_samples"":5000,""max_train_samples"":10000,""model_index"":3,""n_models"":4,""optimizer"":""adamw"",""scheduler"":""cosine"",""step_size"":3,""train_split_seed"":314176,""weight_decay"":0.0001,""width"":128}",neighbor_control,Fashion-MNIST N=4 no-shift activation control.
fashion_mnist_mlp2_N4_W128_none_activation,fashion_mnist_mlp2_N4_W128_none_activation_seed4009,fashion_mnist,mlp2,4,128,none,activation,4009,0,9149,0.4276877784729004,0.855,0.47892551078796386,0.8308,False,,"{""architecture"":""mlp2"",""augmentation"":""none"",""checkpoint_saved"":false,""dataset"":""fashion_mnist"",""dataset_seed"":314159,""domain_shift"":""none"",""epochs"":10,""experiment_seed"":4009,""gamma"":0.5,""local_seed"":9149,""matching"":""activation"",""max_test_samples"":5000,""max_train_samples"":10000,""model_index"":0,""n_models"":4,""optimizer"":""adamw"",""scheduler"":""cosine"",""step_size"":3,""train_split_seed"":314176,""weight_decay"":0.0001,""width"":128}",neighbor_control,Fashion-MNIST N=4 no-shift activation control.
fashion_mnist_mlp2_N4_W128_none_activation,fashion_mnist_mlp2_N4_W128_none_activation_seed4009,fashion_mnist,mlp2,4,128,none,activation,4009,1,10158,0.41616230773925783,0.8645,0.4768471700191498,0.8344,False,,"{""architecture"":""mlp2"",""augmentation"":""none"",""checkpoint_saved"":false,""dataset"":""fashion_mnist"",""dataset_seed"":314159,""domain_shift"":""none"",""epochs"":10,""experiment_seed"":4009,""gamma"":0.5,""local_seed"":10158,""matching"":""activation"",""max_test_samples"":5000,""max_train_samples"":10000,""model_index"":1,""n_models"":4,""optimizer"":""adamw"",""scheduler"":""cosine"",""step_size"":3,""train_split_seed"":314176,""weight_decay"":0.0001,""width"":128}",neighbor_control,Fashion-MNIST N=4 no-shift activation control.
fashion_mnist_mlp2_N4_W128_none_activation,fashion_mnist_mlp2_N4_W128_none_activation_seed4009,fashion_mnist,mlp2,4,128,none,activation,4009,2,11167,0.4251029624938965,0.8555,0.4779966453075409,0.8336,False,,"{""architecture"":""mlp2"",""augmentation"":""none"",""checkpoint_saved"":false,""dataset"":""fashion_mnist"",""dataset_seed"":314159,""domain_shift"":""none"",""epochs"":10,""experiment_seed"":4009,""gamma"":0.5,""local_seed"":11167,""matching"":""activation"",""max_test_samples"":5000,""max_train_samples"":10000,""model_index"":2,""n_models"":4,""optimizer"":""adamw"",""scheduler"":""cosine"",""step_size"":3,""train_split_seed"":314176,""weight_decay"":0.0001,""width"":128}",neighbor_control,Fashion-MNIST N=4 no-shift activation control.
fashion_mnist_mlp2_N4_W128_none_activation,fashion_mnist_mlp2_N4_W128_none_activation_seed4009,fashion_mnist,mlp2,4,128,none,activation,4009,3,12176,0.4201062068939209,0.859,0.4801607539176941,0.831,False,,"{""architecture"":""mlp2"",""augmentation"":""none"",""checkpoint_saved"":false,""dataset"":""fashion_mnist"",""dataset_seed"":314159,""domain_shift"":""none"",""epochs"":10,""experiment_seed"":4009,""gamma"":0.5,""local_seed"":12176,""matching"":""activation"",""max_test_samples"":5000,""max_train_samples"":10000,""model_index"":3,""n_models"":4,""optimizer"":""adamw"",""scheduler"":""cosine"",""step_size"":3,""train_split_seed"":314176,""weight_decay"":0.0001,""width"":128}",neighbor_control,Fashion-MNIST N=4 no-shift activation control.
fashion_mnist_mlp2_N4_W128_none_activation,fashion_mnist_mlp2_N4_W128_none_activation_seed4010,fashion_mnist,mlp2,4,128,none,activation,4010,0,9150,0.4320060176849365,0.8595,0.48593845171928407,0.8314,False,,"{""architecture"":""mlp2"",""augmentation"":""none"",""checkpoint_saved"":false,""dataset"":""fashion_mnist"",""dataset_seed"":314159,""domain_shift"":""none"",""epochs"":10,""experiment_seed"":4010,""gamma"":0.5,""local_seed"":9150,""matching"":""activation"",""max_test_samples"":5000,""max_train_samples"":10000,""model_index"":0,""n_models"":4,""optimizer"":""adamw"",""scheduler"":""cosine"",""step_size"":3,""train_split_seed"":314176,""weight_decay"":0.0001,""width"":128}",neighbor_control,Fashion-MNIST N=4 no-shift activation control.
fashion_mnist_mlp2_N4_W128_none_activation,fashion_mnist_mlp2_N4_W128_none_activation_seed4010,fashion_mnist,mlp2,4,128,none,activation,4010,1,10159,0.4167410612106323,0.86,0.47339530673027036,0.8368,False,,"{""architecture"":""mlp2"",""augmentation"":""none"",""checkpoint_saved"":false,""dataset"":""fashion_mnist"",""dataset_seed"":314159,""domain_shift"":""none"",""epochs"":10,""experiment_seed"":4010,""gamma"":0.5,""local_seed"":10159,""matching"":""activation"",""max_test_samples"":5000,""max_train_samples"":10000,""model_index"":1,""n_models"":4,""optimizer"":""adamw"",""scheduler"":""cosine"",""step_size"":3,""train_split_seed"":314176,""weight_decay"":0.0001,""width"":128}",neighbor_control,Fashion-MNIST N=4 no-shift activation control.
fashion_mnist_mlp2_N4_W128_none_activation,fashion_mnist_mlp2_N4_W128_none_activation_seed4010,fashion_mnist,mlp2,4,128,none,activation,4010,2,11168,0.4148443202972412,0.862,0.4733144755363464,0.8332,False,,"{""architecture"":""mlp2"",""augmentation"":""none"",""checkpoint_saved"":false,""dataset"":""fashion_mnist"",""dataset_seed"":314159,""domain_shift"":""none"",""epochs"":10,""experiment_seed"":4010,""gamma"":0.5,""local_seed"":11168,""matching"":""activation"",""max_test_samples"":5000,""max_train_samples"":10000,""model_index"":2,""n_models"":4,""optimizer"":""adamw"",""scheduler"":""cosine"",""step_size"":3,""train_split_seed"":314176,""weight_decay"":0.0001,""width"":128}",neighbor_control,Fashion-MNIST N=4 no-shift activation control.
fashion_mnist_mlp2_N4_W128_none_activation,fashion_mnist_mlp2_N4_W128_none_activation_seed4010,fashion_mnist,mlp2,4,128,none,activation,4010,3,12177,0.422508264541626,0.8635,0.4836756477355957,0.8304,False,,"{""architecture"":""mlp2"",""augmentation"":""none"",""checkpoint_saved"":false,""dataset"":""fashion_mnist"",""dataset_seed"":314159,""domain_shift"":""none"",""epochs"":10,""experiment_seed"":4010,""gamma"":0.5,""local_seed"":12177,""matching"":""activation"",""max_test_samples"":5000,""max_train_samples"":10000,""model_index"":3,""n_models"":4,""optimizer"":""adamw"",""scheduler"":""cosine"",""step_size"":3,""train_split_seed"":314176,""weight_decay"":0.0001,""width"":128}",neighbor_control,Fashion-MNIST N=4 no-shift activation control.
fashion_mnist_mlp2_N4_W128_none_activation,fashion_mnist_mlp2_N4_W128_none_activation_seed4011,fashion_mnist,mlp2,4,128,none,activation,4011,0,9151,0.4246790733337402,0.86,0.48574265785217285,0.8314,False,,"{""architecture"":""mlp2"",""augmentation"":""none"",""checkpoint_saved"":false,""dataset"":""fashion_mnist"",""dataset_seed"":314159,""domain_shift"":""none"",""epochs"":10,""experiment_seed"":4011,""gamma"":0.5,""local_seed"":9151,""matching"":""activation"",""max_test_samples"":5000,""max_train_samples"":10000,""model_index"":0,""n_models"":4,""optimizer"":""adamw"",""scheduler"":""cosine"",""step_size"":3,""train_split_seed"":314176,""weight_decay"":0.0001,""width"":128}",neighbor_control,Fashion-MNIST N=4 no-shift activation control.
fashion_mnist_mlp2_N4_W128_none_activation,fashion_mnist_mlp2_N4_W128_none_activation_seed4011,fashion_mnist,mlp2,4,128,none,activation,4011,1,10160,0.4201437187194824,0.8605,0.4779794755935669,0.8336,False,,"{""architecture"":""mlp2"",""augmentation"":""none"",""checkpoint_saved"":false,""dataset"":""fashion_mnist"",""dataset_seed"":314159,""domain_shift"":""none"",""epochs"":10,""experiment_seed"":4011,""gamma"":0.5,""local_seed"":10160,""matching"":""activation"",""max_test_samples"":5000,""max_train_samples"":10000,""model_index"":1,""n_models"":4,""optimizer"":""adamw"",""scheduler"":""cosine"",""step_size"":3,""train_split_seed"":314176,""weight_decay"":0.0001,""width"":128}",neighbor_control,Fashion-MNIST N=4 no-shift activation control.
fashion_mnist_mlp2_N4_W128_none_activation,fashion_mnist_mlp2_N4_W128_none_activation_seed4011,fashion_mnist,mlp2,4,128,none,activation,4011,2,11169,0.4201543064117432,0.856,0.47972308025360105,0.8316,False,,"{""architecture"":""mlp2"",""augmentation"":""none"",""checkpoint_saved"":false,""dataset"":""fashion_mnist"",""dataset_seed"":314159,""domain_shift"":""none"",""epochs"":10,""experiment_seed"":4011,""gamma"":0.5,""local_seed"":11169,""matching"":""activation"",""max_test_samples"":5000,""max_train_samples"":10000,""model_index"":2,""n_models"":4,""optimizer"":""adamw"",""scheduler"":""cosine"",""step_size"":3,""train_split_seed"":314176,""weight_decay"":0.0001,""width"":128}",neighbor_control,Fashion-MNIST N=4 no-shift activation control.
fashion_mnist_mlp2_N4_W128_none_activation,fashion_mnist_mlp2_N4_W128_none_activation_seed4011,fashion_mnist,mlp2,4,128,none,activation,4011,3,12178,0.4276172180175781,0.861,0.4809237614631653,0.8326,False,,"{""architecture"":""mlp2"",""augmentation"":""none"",""checkpoint_saved"":false,""dataset"":""fashion_mnist"",""dataset_seed"":314159,""domain_shift"":""none"",""epochs"":10,""experiment_seed"":4011,""gamma"":0.5,""local_seed"":12178,""matching"":""activation"",""max_test_samples"":5000,""max_train_samples"":10000,""model_index"":3,""n_models"":4,""optimizer"":""adamw"",""scheduler"":""cosine"",""step_size"":3,""train_split_seed"":314176,""weight_decay"":0.0001,""width"":128}",neighbor_control,Fashion-MNIST N=4 no-shift activation control.
fashion_mnist_mlp2_N4_W128_none_activation,fashion_mnist_mlp2_N4_W128_none_activation_seed4012,fashion_mnist,mlp2,4,128,none,activation,4012,0,9152,0.4330189418792725,0.857,0.4851168229579926,0.8314,False,,"{""architecture"":""mlp2"",""augmentation"":""none"",""checkpoint_saved"":false,""dataset"":""fashion_mnist"",""dataset_seed"":314159,""domain_shift"":""none"",""epochs"":10,""experiment_seed"":4012,""gamma"":0.5,""local_seed"":9152,""matching"":""activation"",""max_test_samples"":5000,""max_train_samples"":10000,""model_index"":0,""n_models"":4,""optimizer"":""adamw"",""scheduler"":""cosine"",""step_size"":3,""train_split_seed"":314176,""weight_decay"":0.0001,""width"":128}",neighbor_control,Fashion-MNIST N=4 no-shift activation control.
fashion_mnist_mlp2_N4_W128_none_activation,fashion_mnist_mlp2_N4_W128_none_activation_seed4012,fashion_mnist,mlp2,4,128,none,activation,4012,1,10161,0.4186385650634766,0.8585,0.47561497983932494,0.8362,False,,"{""architecture"":""mlp2"",""augmentation"":""none"",""checkpoint_saved"":false,""dataset"":""fashion_mnist"",""dataset_seed"":314159,""domain_shift"":""none"",""epochs"":10,""experiment_seed"":4012,""gamma"":0.5,""local_seed"":10161,""matching"":""activation"",""max_test_samples"":5000,""max_train_samples"":10000,""model_index"":1,""n_models"":4,""optimizer"":""adamw"",""scheduler"":""cosine"",""step_size"":3,""train_split_seed"":314176,""weight_decay"":0.0001,""width"":128}",neighbor_control,Fashion-MNIST N=4 no-shift activation control.
fashion_mnist_mlp2_N4_W128_none_activation,fashion_mnist_mlp2_N4_W128_none_activation_seed4012,fashion_mnist,mlp2,4,128,none,activation,4012,2,11170,0.42202685546875,0.858,0.47771168384552004,0.8312,False,,"{""architecture"":""mlp2"",""augmentation"":""none"",""checkpoint_saved"":false,""dataset"":""fashion_mnist"",""dataset_seed"":314159,""domain_shift"":""none"",""epochs"":10,""experiment_seed"":4012,""gamma"":0.5,""local_seed"":11170,""matching"":""activation"",""max_test_samples"":5000,""max_train_samples"":10000,""model_index"":2,""n_models"":4,""optimizer"":""adamw"",""scheduler"":""cosine"",""step_size"":3,""train_split_seed"":314176,""weight_decay"":0.0001,""width"":128}",neighbor_control,Fashion-MNIST N=4 no-shift activation control.
fashion_mnist_mlp2_N4_W128_none_activation,fashion_mnist_mlp2_N4_W128_none_activation_seed4012,fashion_mnist,mlp2,4,128,none,activation,4012,3,12179,0.42303362464904787,0.862,0.4787258721351624,0.8298,False,,"{""architecture"":""mlp2"",""augmentation"":""none"",""checkpoint_saved"":false,""dataset"":""fashion_mnist"",""dataset_seed"":314159,""domain_shift"":""none"",""epochs"":10,""experiment_seed"":4012,""gamma"":0.5,""local_seed"":12179,""matching"":""activation"",""max_test_samples"":5000,""max_train_samples"":10000,""model_index"":3,""n_models"":4,""optimizer"":""adamw"",""scheduler"":""cosine"",""step_size"":3,""train_split_seed"":314176,""weight_decay"":0.0001,""width"":128}",neighbor_control,Fashion-MNIST N=4 no-shift activation control.
fashion_mnist_mlp2_N4_W128_none_activation,fashion_mnist_mlp2_N4_W128_none_activation_seed4013,fashion_mnist,mlp2,4,128,none,activation,4013,0,9153,0.4238862438201904,0.859,0.47704754366874697,0.833,False,,"{""architecture"":""mlp2"",""augmentation"":""none"",""checkpoint_saved"":false,""dataset"":""fashion_mnist"",""dataset_seed"":314159,""domain_shift"":""none"",""epochs"":10,""experiment_seed"":4013,""gamma"":0.5,""local_seed"":9153,""matching"":""activation"",""max_test_samples"":5000,""max_train_samples"":10000,""model_index"":0,""n_models"":4,""optimizer"":""adamw"",""scheduler"":""cosine"",""step_size"":3,""train_split_seed"":314176,""weight_decay"":0.0001,""width"":128}",neighbor_control,Fashion-MNIST N=4 no-shift activation control.
fashion_mnist_mlp2_N4_W128_none_activation,fashion_mnist_mlp2_N4_W128_none_activation_seed4013,fashion_mnist,mlp2,4,128,none,activation,4013,1,10162,0.42360879135131835,0.8615,0.4807792765617371,0.8316,False,,"{""architecture"":""mlp2"",""augmentation"":""none"",""checkpoint_saved"":false,""dataset"":""fashion_mnist"",""dataset_seed"":314159,""domain_shift"":""none"",""epochs"":10,""experiment_seed"":4013,""gamma"":0.5,""local_seed"":10162,""matching"":""activation"",""max_test_samples"":5000,""max_train_samples"":10000,""model_index"":1,""n_models"":4,""optimizer"":""adamw"",""scheduler"":""cosine"",""step_size"":3,""train_split_seed"":314176,""weight_decay"":0.0001,""width"":128}",neighbor_control,Fashion-MNIST N=4 no-shift activation control.
fashion_mnist_mlp2_N4_W128_none_activation,fashion_mnist_mlp2_N4_W128_none_activation_seed4013,fashion_mnist,mlp2,4,128,none,activation,4013,2,11171,0.4188947448730469,0.8575,0.47676254987716676,0.8326,False,,"{""architecture"":""mlp2"",""augmentation"":""none"",""checkpoint_saved"":false,""dataset"":""fashion_mnist"",""dataset_seed"":314159,""domain_shift"":""none"",""epochs"":10,""experiment_seed"":4013,""gamma"":0.5,""local_seed"":11171,""matching"":""activation"",""max_test_samples"":5000,""max_train_samples"":10000,""model_index"":2,""n_models"":4,""optimizer"":""adamw"",""scheduler"":""cosine"",""step_size"":3,""train_split_seed"":314176,""weight_decay"":0.0001,""width"":128}",neighbor_control,Fashion-MNIST N=4 no-shift activation control.
fashion_mnist_mlp2_N4_W128_none_activation,fashion_mnist_mlp2_N4_W128_none_activation_seed4013,fashion_mnist,mlp2,4,128,none,activation,4013,3,12180,0.42241718101501463,0.858,0.4775983753204346,0.8328,False,,"{""architecture"":""mlp2"",""augmentation"":""none"",""checkpoint_saved"":false,""dataset"":""fashion_mnist"",""dataset_seed"":314159,""domain_shift"":""none"",""epochs"":10,""experiment_seed"":4013,""gamma"":0.5,""local_seed"":12180,""matching"":""activation"",""max_test_samples"":5000,""max_train_samples"":10000,""model_index"":3,""n_models"":4,""optimizer"":""adamw"",""scheduler"":""cosine"",""step_size"":3,""train_split_seed"":314176,""weight_decay"":0.0001,""width"":128}",neighbor_control,Fashion-MNIST N=4 no-shift activation control.
fashion_mnist_mlp2_N4_W128_none_activation,fashion_mnist_mlp2_N4_W128_none_activation_seed4014,fashion_mnist,mlp2,4,128,none,activation,4014,0,9154,0.4274829502105713,0.855,0.480998717880249,0.8316,False,,"{""architecture"":""mlp2"",""augmentation"":""none"",""checkpoint_saved"":false,""dataset"":""fashion_mnist"",""dataset_seed"":314159,""domain_shift"":""none"",""epochs"":10,""experiment_seed"":4014,""gamma"":0.5,""local_seed"":9154,""matching"":""activation"",""max_test_samples"":5000,""max_train_samples"":10000,""model_index"":0,""n_models"":4,""optimizer"":""adamw"",""scheduler"":""cosine"",""step_size"":3,""train_split_seed"":314176,""weight_decay"":0.0001,""width"":128}",neighbor_control,Fashion-MNIST N=4 no-shift activation control.
fashion_mnist_mlp2_N4_W128_none_activation,fashion_mnist_mlp2_N4_W128_none_activation_seed4014,fashion_mnist,mlp2,4,128,none,activation,4014,1,10163,0.4307297248840332,0.858,0.4847230117321014,0.8304,False,,"{""architecture"":""mlp2"",""augmentation"":""none"",""checkpoint_saved"":false,""dataset"":""fashion_mnist"",""dataset_seed"":314159,""domain_shift"":""none"",""epochs"":10,""experiment_seed"":4014,""gamma"":0.5,""local_seed"":10163,""matching"":""activation"",""max_test_samples"":5000,""max_train_samples"":10000,""model_index"":1,""n_models"":4,""optimizer"":""adamw"",""scheduler"":""cosine"",""step_size"":3,""train_split_seed"":314176,""weight_decay"":0.0001,""width"":128}",neighbor_control,Fashion-MNIST N=4 no-shift activation control.
fashion_mnist_mlp2_N4_W128_none_activation,fashion_mnist_mlp2_N4_W128_none_activation_seed4014,fashion_mnist,mlp2,4,128,none,activation,4014,2,11172,0.4345093269348145,0.856,0.48772997655868533,0.829,False,,"{""architecture"":""mlp2"",""augmentation"":""none"",""checkpoint_saved"":false,""dataset"":""fashion_mnist"",""dataset_seed"":314159,""domain_shift"":""none"",""epochs"":10,""experiment_seed"":4014,""gamma"":0.5,""local_seed"":11172,""matching"":""activation"",""max_test_samples"":5000,""max_train_samples"":10000,""model_index"":2,""n_models"":4,""optimizer"":""adamw"",""scheduler"":""cosine"",""step_size"":3,""train_split_seed"":314176,""weight_decay"":0.0001,""width"":128}",neighbor_control,Fashion-MNIST N=4 no-shift activation control.
fashion_mnist_mlp2_N4_W128_none_activation,fashion_mnist_mlp2_N4_W128_none_activation_seed4014,fashion_mnist,mlp2,4,128,none,activation,4014,3,12181,0.42566159057617187,0.859,0.4812699409008026,0.831,False,,"{""architecture"":""mlp2"",""augmentation"":""none"",""checkpoint_saved"":false,""dataset"":""fashion_mnist"",""dataset_seed"":314159,""domain_shift"":""none"",""epochs"":10,""experiment_seed"":4014,""gamma"":0.5,""local_seed"":12181,""matching"":""activation"",""max_test_samples"":5000,""max_train_samples"":10000,""model_index"":3,""n_models"":4,""optimizer"":""adamw"",""scheduler"":""cosine"",""step_size"":3,""train_split_seed"":314176,""weight_decay"":0.0001,""width"":128}",neighbor_control,Fashion-MNIST N=4 no-shift activation control.
fashion_mnist_mlp2_N4_W128_none_activation,fashion_mnist_mlp2_N4_W128_none_activation_seed4015,fashion_mnist,mlp2,4,128,none,activation,4015,0,9155,0.41985732269287107,0.8575,0.4785442707061768,0.8314,False,,"{""architecture"":""mlp2"",""augmentation"":""none"",""checkpoint_saved"":false,""dataset"":""fashion_mnist"",""dataset_seed"":314159,""domain_shift"":""none"",""epochs"":10,""experiment_seed"":4015,""gamma"":0.5,""local_seed"":9155,""matching"":""activation"",""max_test_samples"":5000,""max_train_samples"":10000,""model_index"":0,""n_models"":4,""optimizer"":""adamw"",""scheduler"":""cosine"",""step_size"":3,""train_split_seed"":314176,""weight_decay"":0.0001,""width"":128}",neighbor_control,Fashion-MNIST N=4 no-shift activation control.
fashion_mnist_mlp2_N4_W128_none_activation,fashion_mnist_mlp2_N4_W128_none_activation_seed4015,fashion_mnist,mlp2,4,128,none,activation,4015,1,10164,0.41745350646972657,0.856,0.4741549197673798,0.834,False,,"{""architecture"":""mlp2"",""augmentation"":""none"",""checkpoint_saved"":false,""dataset"":""fashion_mnist"",""dataset_seed"":314159,""domain_shift"":""none"",""epochs"":10,""experiment_seed"":4015,""gamma"":0.5,""local_seed"":10164,""matching"":""activation"",""max_test_samples"":5000,""max_train_samples"":10000,""model_index"":1,""n_models"":4,""optimizer"":""adamw"",""scheduler"":""cosine"",""step_size"":3,""train_split_seed"":314176,""weight_decay"":0.0001,""width"":128}",neighbor_control,Fashion-MNIST N=4 no-shift activation control.
fashion_mnist_mlp2_N4_W128_none_activation,fashion_mnist_mlp2_N4_W128_none_activation_seed4015,fashion_mnist,mlp2,4,128,none,activation,4015,2,11173,0.4206324005126953,0.862,0.47817387046813964,0.835,False,,"{""architecture"":""mlp2"",""augmentation"":""none"",""checkpoint_saved"":false,""dataset"":""fashion_mnist"",""dataset_seed"":314159,""domain_shift"":""none"",""epochs"":10,""experiment_seed"":4015,""gamma"":0.5,""local_seed"":11173,""matching"":""activation"",""max_test_samples"":5000,""max_train_samples"":10000,""model_index"":2,""n_models"":4,""optimizer"":""adamw"",""scheduler"":""cosine"",""step_size"":3,""train_split_seed"":314176,""weight_decay"":0.0001,""width"":128}",neighbor_control,Fashion-MNIST N=4 no-shift activation control.
fashion_mnist_mlp2_N4_W128_none_activation,fashion_mnist_mlp2_N4_W128_none_activation_seed4015,fashion_mnist,mlp2,4,128,none,activation,4015,3,12182,0.42020592498779297,0.858,0.4775582250595093,0.8334,False,,"{""architecture"":""mlp2"",""augmentation"":""none"",""checkpoint_saved"":false,""dataset"":""fashion_mnist"",""dataset_seed"":314159,""domain_shift"":""none"",""epochs"":10,""experiment_seed"":4015,""gamma"":0.5,""local_seed"":12182,""matching"":""activation"",""max_test_samples"":5000,""max_train_samples"":10000,""model_index"":3,""n_models"":4,""optimizer"":""adamw"",""scheduler"":""cosine"",""step_size"":3,""train_split_seed"":314176,""weight_decay"":0.0001,""width"":128}",neighbor_control,Fashion-MNIST N=4 no-shift activation control.
fashion_mnist_mlp2_N4_W128_none_activation,fashion_mnist_mlp2_N4_W128_none_activation_seed4016,fashion_mnist,mlp2,4,128,none,activation,4016,0,9156,0.41832766532897947,0.8625,0.4765314179897308,0.8338,False,,"{""architecture"":""mlp2"",""augmentation"":""none"",""checkpoint_saved"":false,""dataset"":""fashion_mnist"",""dataset_seed"":314159,""domain_shift"":""none"",""epochs"":10,""experiment_seed"":4016,""gamma"":0.5,""local_seed"":9156,""matching"":""activation"",""max_test_samples"":5000,""max_train_samples"":10000,""model_index"":0,""n_models"":4,""optimizer"":""adamw"",""scheduler"":""cosine"",""step_size"":3,""train_split_seed"":314176,""weight_decay"":0.0001,""width"":128}",neighbor_control,Fashion-MNIST N=4 no-shift activation control.
fashion_mnist_mlp2_N4_W128_none_activation,fashion_mnist_mlp2_N4_W128_none_activation_seed4016,fashion_mnist,mlp2,4,128,none,activation,4016,1,10165,0.4267634906768799,0.8605,0.4794910402774811,0.832,False,,"{""architecture"":""mlp2"",""augmentation"":""none"",""checkpoint_saved"":false,""dataset"":""fashion_mnist"",""dataset_seed"":314159,""domain_shift"":""none"",""epochs"":10,""experiment_seed"":4016,""gamma"":0.5,""local_seed"":10165,""matching"":""activation"",""max_test_samples"":5000,""max_train_samples"":10000,""model_index"":1,""n_models"":4,""optimizer"":""adamw"",""scheduler"":""cosine"",""step_size"":3,""train_split_seed"":314176,""weight_decay"":0.0001,""width"":128}",neighbor_control,Fashion-MNIST N=4 no-shift activation control.
fashion_mnist_mlp2_N4_W128_none_activation,fashion_mnist_mlp2_N4_W128_none_activation_seed4016,fashion_mnist,mlp2,4,128,none,activation,4016,2,11174,0.42944822692871093,0.859,0.482241123008728,0.8326,False,,"{""architecture"":""mlp2"",""augmentation"":""none"",""checkpoint_saved"":false,""dataset"":""fashion_mnist"",""dataset_seed"":314159,""domain_shift"":""none"",""epochs"":10,""experiment_seed"":4016,""gamma"":0.5,""local_seed"":11174,""matching"":""activation"",""max_test_samples"":5000,""max_train_samples"":10000,""model_index"":2,""n_models"":4,""optimizer"":""adamw"",""scheduler"":""cosine"",""step_size"":3,""train_split_seed"":314176,""weight_decay"":0.0001,""width"":128}",neighbor_control,Fashion-MNIST N=4 no-shift activation control.
fashion_mnist_mlp2_N4_W128_none_activation,fashion_mnist_mlp2_N4_W128_none_activation_seed4016,fashion_mnist,mlp2,4,128,none,activation,4016,3,12183,0.42620774459838867,0.857,0.481469011926651,0.8294,False,,"{""architecture"":""mlp2"",""augmentation"":""none"",""checkpoint_saved"":false,""dataset"":""fashion_mnist"",""dataset_seed"":314159,""domain_shift"":""none"",""epochs"":10,""experiment_seed"":4016,""gamma"":0.5,""local_seed"":12183,""matching"":""activation"",""max_test_samples"":5000,""max_train_samples"":10000,""model_index"":3,""n_models"":4,""optimizer"":""adamw"",""scheduler"":""cosine"",""step_size"":3,""train_split_seed"":314176,""weight_decay"":0.0001,""width"":128}",neighbor_control,Fashion-MNIST N=4 no-shift activation control.
fashion_mnist_mlp2_N4_W128_none_activation,fashion_mnist_mlp2_N4_W128_none_activation_seed4017,fashion_mnist,mlp2,4,128,none,activation,4017,0,9157,0.42152756690979004,0.8575,0.47707766790390016,0.8336,False,,"{""architecture"":""mlp2"",""augmentation"":""none"",""checkpoint_saved"":false,""dataset"":""fashion_mnist"",""dataset_seed"":314159,""domain_shift"":""none"",""epochs"":10,""experiment_seed"":4017,""gamma"":0.5,""local_seed"":9157,""matching"":""activation"",""max_test_samples"":5000,""max_train_samples"":10000,""model_index"":0,""n_models"":4,""optimizer"":""adamw"",""scheduler"":""cosine"",""step_size"":3,""train_split_seed"":314176,""weight_decay"":0.0001,""width"":128}",neighbor_control,Fashion-MNIST N=4 no-shift activation control.
fashion_mnist_mlp2_N4_W128_none_activation,fashion_mnist_mlp2_N4_W128_none_activation_seed4017,fashion_mnist,mlp2,4,128,none,activation,4017,1,10166,0.4244535598754883,0.8565,0.48198300514221193,0.8354,False,,"{""architecture"":""mlp2"",""augmentation"":""none"",""checkpoint_saved"":false,""dataset"":""fashion_mnist"",""dataset_seed"":314159,""domain_shift"":""none"",""epochs"":10,""experiment_seed"":4017,""gamma"":0.5,""local_seed"":10166,""matching"":""activation"",""max_test_samples"":5000,""max_train_samples"":10000,""model_index"":1,""n_models"":4,""optimizer"":""adamw"",""scheduler"":""cosine"",""step_size"":3,""train_split_seed"":314176,""weight_decay"":0.0001,""width"":128}",neighbor_control,Fashion-MNIST N=4 no-shift activation control.
fashion_mnist_mlp2_N4_W128_none_activation,fashion_mnist_mlp2_N4_W128_none_activation_seed4017,fashion_mnist,mlp2,4,128,none,activation,4017,2,11175,0.42394438171386717,0.8605,0.4795772808074951,0.8336,False,,"{""architecture"":""mlp2"",""augmentation"":""none"",""checkpoint_saved"":false,""dataset"":""fashion_mnist"",""dataset_seed"":314159,""domain_shift"":""none"",""epochs"":10,""experiment_seed"":4017,""gamma"":0.5,""local_seed"":11175,""matching"":""activation"",""max_test_samples"":5000,""max_train_samples"":10000,""model_index"":2,""n_models"":4,""optimizer"":""adamw"",""scheduler"":""cosine"",""step_size"":3,""train_split_seed"":314176,""weight_decay"":0.0001,""width"":128}",neighbor_control,Fashion-MNIST N=4 no-shift activation control.
fashion_mnist_mlp2_N4_W128_none_activation,fashion_mnist_mlp2_N4_W128_none_activation_seed4017,fashion_mnist,mlp2,4,128,none,activation,4017,3,12184,0.4347276954650879,0.852,0.48627409553527834,0.8302,False,,"{""architecture"":""mlp2"",""augmentation"":""none"",""checkpoint_saved"":false,""dataset"":""fashion_mnist"",""dataset_seed"":314159,""domain_shift"":""none"",""epochs"":10,""experiment_seed"":4017,""gamma"":0.5,""local_seed"":12184,""matching"":""activation"",""max_test_samples"":5000,""max_train_samples"":10000,""model_index"":3,""n_models"":4,""optimizer"":""adamw"",""scheduler"":""cosine"",""step_size"":3,""train_split_seed"":314176,""weight_decay"":0.0001,""width"":128}",neighbor_control,Fashion-MNIST N=4 no-shift activation control.
fashion_mnist_mlp2_N4_W128_none_activation,fashion_mnist_mlp2_N4_W128_none_activation_seed4018,fashion_mnist,mlp2,4,128,none,activation,4018,0,9158,0.4155250492095947,0.8605,0.4753184817314148,0.8344,False,,"{""architecture"":""mlp2"",""augmentation"":""none"",""checkpoint_saved"":false,""dataset"":""fashion_mnist"",""dataset_seed"":314159,""domain_shift"":""none"",""epochs"":10,""experiment_seed"":4018,""gamma"":0.5,""local_seed"":9158,""matching"":""activation"",""max_test_samples"":5000,""max_train_samples"":10000,""model_index"":0,""n_models"":4,""optimizer"":""adamw"",""scheduler"":""cosine"",""step_size"":3,""train_split_seed"":314176,""weight_decay"":0.0001,""width"":128}",neighbor_control,Fashion-MNIST N=4 no-shift activation control.
fashion_mnist_mlp2_N4_W128_none_activation,fashion_mnist_mlp2_N4_W128_none_activation_seed4018,fashion_mnist,mlp2,4,128,none,activation,4018,1,10167,0.42108568572998045,0.8595,0.47440202832221984,0.8364,False,,"{""architecture"":""mlp2"",""augmentation"":""none"",""checkpoint_saved"":false,""dataset"":""fashion_mnist"",""dataset_seed"":314159,""domain_shift"":""none"",""epochs"":10,""experiment_seed"":4018,""gamma"":0.5,""local_seed"":10167,""matching"":""activation"",""max_test_samples"":5000,""max_train_samples"":10000,""model_index"":1,""n_models"":4,""optimizer"":""adamw"",""scheduler"":""cosine"",""step_size"":3,""train_split_seed"":314176,""weight_decay"":0.0001,""width"":128}",neighbor_control,Fashion-MNIST N=4 no-shift activation control.
fashion_mnist_mlp2_N4_W128_none_activation,fashion_mnist_mlp2_N4_W128_none_activation_seed4018,fashion_mnist,mlp2,4,128,none,activation,4018,2,11176,0.42039492034912107,0.858,0.478336593914032,0.832,False,,"{""architecture"":""mlp2"",""augmentation"":""none"",""checkpoint_saved"":false,""dataset"":""fashion_mnist"",""dataset_seed"":314159,""domain_shift"":""none"",""epochs"":10,""experiment_seed"":4018,""gamma"":0.5,""local_seed"":11176,""matching"":""activation"",""max_test_samples"":5000,""max_train_samples"":10000,""model_index"":2,""n_models"":4,""optimizer"":""adamw"",""scheduler"":""cosine"",""step_size"":3,""train_split_seed"":314176,""weight_decay"":0.0001,""width"":128}",neighbor_control,Fashion-MNIST N=4 no-shift activation control.
fashion_mnist_mlp2_N4_W128_none_activation,fashion_mnist_mlp2_N4_W128_none_activation_seed4018,fashion_mnist,mlp2,4,128,none,activation,4018,3,12185,0.4334317893981934,0.854,0.4901791161060333,0.8294,False,,"{""architecture"":""mlp2"",""augmentation"":""none"",""checkpoint_saved"":false,""dataset"":""fashion_mnist"",""dataset_seed"":314159,""domain_shift"":""none"",""epochs"":10,""experiment_seed"":4018,""gamma"":0.5,""local_seed"":12185,""matching"":""activation"",""max_test_samples"":5000,""max_train_samples"":10000,""model_index"":3,""n_models"":4,""optimizer"":""adamw"",""scheduler"":""cosine"",""step_size"":3,""train_split_seed"":314176,""weight_decay"":0.0001,""width"":128}",neighbor_control,Fashion-MNIST N=4 no-shift activation control.
fashion_mnist_mlp2_N4_W128_none_activation,fashion_mnist_mlp2_N4_W128_none_activation_seed4019,fashion_mnist,mlp2,4,128,none,activation,4019,0,9159,0.42742692947387695,0.8565,0.481303688955307,0.833,False,,"{""architecture"":""mlp2"",""augmentation"":""none"",""checkpoint_saved"":false,""dataset"":""fashion_mnist"",""dataset_seed"":314159,""domain_shift"":""none"",""epochs"":10,""experiment_seed"":4019,""gamma"":0.5,""local_seed"":9159,""matching"":""activation"",""max_test_samples"":5000,""max_train_samples"":10000,""model_index"":0,""n_models"":4,""optimizer"":""adamw"",""scheduler"":""cosine"",""step_size"":3,""train_split_seed"":314176,""weight_decay"":0.0001,""width"":128}",neighbor_control,Fashion-MNIST N=4 no-shift activation control.
fashion_mnist_mlp2_N4_W128_none_activation,fashion_mnist_mlp2_N4_W128_none_activation_seed4019,fashion_mnist,mlp2,4,128,none,activation,4019,1,10168,0.4247567443847656,0.861,0.48076428837776186,0.8312,False,,"{""architecture"":""mlp2"",""augmentation"":""none"",""checkpoint_saved"":false,""dataset"":""fashion_mnist"",""dataset_seed"":314159,""domain_shift"":""none"",""epochs"":10,""experiment_seed"":4019,""gamma"":0.5,""local_seed"":10168,""matching"":""activation"",""max_test_samples"":5000,""max_train_samples"":10000,""model_index"":1,""n_models"":4,""optimizer"":""adamw"",""scheduler"":""cosine"",""step_size"":3,""train_split_seed"":314176,""weight_decay"":0.0001,""width"":128}",neighbor_control,Fashion-MNIST N=4 no-shift activation control.
fashion_mnist_mlp2_N4_W128_none_activation,fashion_mnist_mlp2_N4_W128_none_activation_seed4019,fashion_mnist,mlp2,4,128,none,activation,4019,2,11177,0.41936047554016115,0.8585,0.47582700934410094,0.8336,False,,"{""architecture"":""mlp2"",""augmentation"":""none"",""checkpoint_saved"":false,""dataset"":""fashion_mnist"",""dataset_seed"":314159,""domain_shift"":""none"",""epochs"":10,""experiment_seed"":4019,""gamma"":0.5,""local_seed"":11177,""matching"":""activation"",""max_test_samples"":5000,""max_train_samples"":10000,""model_index"":2,""n_models"":4,""optimizer"":""adamw"",""scheduler"":""cosine"",""step_size"":3,""train_split_seed"":314176,""weight_decay"":0.0001,""width"":128}",neighbor_control,Fashion-MNIST N=4 no-shift activation control.
fashion_mnist_mlp2_N4_W128_none_activation,fashion_mnist_mlp2_N4_W128_none_activation_seed4019,fashion_mnist,mlp2,4,128,none,activation,4019,3,12186,0.4178636589050293,0.8615,0.47762652888298035,0.8356,False,,"{""architecture"":""mlp2"",""augmentation"":""none"",""checkpoint_saved"":false,""dataset"":""fashion_mnist"",""dataset_seed"":314159,""domain_shift"":""none"",""epochs"":10,""experiment_seed"":4019,""gamma"":0.5,""local_seed"":12186,""matching"":""activation"",""max_test_samples"":5000,""max_train_samples"":10000,""model_index"":3,""n_models"":4,""optimizer"":""adamw"",""scheduler"":""cosine"",""step_size"":3,""train_split_seed"":314176,""weight_decay"":0.0001,""width"":128}",neighbor_control,Fashion-MNIST N=4 no-shift activation control.
fashion_mnist_mlp2_N3_W128_input_noise_activation,fashion_mnist_mlp2_N3_W128_input_noise_activation_seed4000,fashion_mnist,mlp2,3,128,input_noise,activation,4000,0,9039,0.4360186557769775,0.8565,0.4921654273033142,0.8262,False,,"{""architecture"":""mlp2"",""augmentation"":""none"",""checkpoint_saved"":false,""dataset"":""fashion_mnist"",""dataset_seed"":314159,""domain_shift"":""input_noise"",""epochs"":10,""experiment_seed"":4000,""gamma"":0.5,""local_seed"":9039,""matching"":""activation"",""max_test_samples"":5000,""max_train_samples"":10000,""model_index"":0,""n_models"":3,""optimizer"":""adamw"",""scheduler"":""cosine"",""step_size"":3,""train_split_seed"":314176,""weight_decay"":0.0001,""width"":128}",neighbor_control,Fashion-MNIST N=3 input-noise activation control.
fashion_mnist_mlp2_N3_W128_input_noise_activation,fashion_mnist_mlp2_N3_W128_input_noise_activation_seed4000,fashion_mnist,mlp2,3,128,input_noise,activation,4000,1,10048,0.4676227607727051,0.8415,0.5258607470035553,0.8138,False,,"{""architecture"":""mlp2"",""augmentation"":""none"",""checkpoint_saved"":false,""dataset"":""fashion_mnist"",""dataset_seed"":314159,""domain_shift"":""input_noise"",""epochs"":10,""experiment_seed"":4000,""gamma"":0.5,""local_seed"":10048,""matching"":""activation"",""max_test_samples"":5000,""max_train_samples"":10000,""model_index"":1,""n_models"":3,""optimizer"":""adamw"",""scheduler"":""cosine"",""step_size"":3,""train_split_seed"":314176,""weight_decay"":0.0001,""width"":128}",neighbor_control,Fashion-MNIST N=3 input-noise activation control.
fashion_mnist_mlp2_N3_W128_input_noise_activation,fashion_mnist_mlp2_N3_W128_input_noise_activation_seed4000,fashion_mnist,mlp2,3,128,input_noise,activation,4000,2,11057,0.4961512966156006,0.825,0.5592903479099274,0.8022,False,,"{""architecture"":""mlp2"",""augmentation"":""none"",""checkpoint_saved"":false,""dataset"":""fashion_mnist"",""dataset_seed"":314159,""domain_shift"":""input_noise"",""epochs"":10,""experiment_seed"":4000,""gamma"":0.5,""local_seed"":11057,""matching"":""activation"",""max_test_samples"":5000,""max_train_samples"":10000,""model_index"":2,""n_models"":3,""optimizer"":""adamw"",""scheduler"":""cosine"",""step_size"":3,""train_split_seed"":314176,""weight_decay"":0.0001,""width"":128}",neighbor_control,Fashion-MNIST N=3 input-noise activation control.
fashion_mnist_mlp2_N3_W128_input_noise_activation,fashion_mnist_mlp2_N3_W128_input_noise_activation_seed4001,fashion_mnist,mlp2,3,128,input_noise,activation,4001,0,9040,0.43392696952819826,0.8545,0.4931891626358032,0.8298,False,,"{""architecture"":""mlp2"",""augmentation"":""none"",""checkpoint_saved"":false,""dataset"":""fashion_mnist"",""dataset_seed"":314159,""domain_shift"":""input_noise"",""epochs"":10,""experiment_seed"":4001,""gamma"":0.5,""local_seed"":9040,""matching"":""activation"",""max_test_samples"":5000,""max_train_samples"":10000,""model_index"":0,""n_models"":3,""optimizer"":""adamw"",""scheduler"":""cosine"",""step_size"":3,""train_split_seed"":314176,""weight_decay"":0.0001,""width"":128}",neighbor_control,Fashion-MNIST N=3 input-noise activation control.
fashion_mnist_mlp2_N3_W128_input_noise_activation,fashion_mnist_mlp2_N3_W128_input_noise_activation_seed4001,fashion_mnist,mlp2,3,128,input_noise,activation,4001,1,10049,0.46082264137268064,0.8415,0.5166594931125641,0.816,False,,"{""architecture"":""mlp2"",""augmentation"":""none"",""checkpoint_saved"":false,""dataset"":""fashion_mnist"",""dataset_seed"":314159,""domain_shift"":""input_noise"",""epochs"":10,""experiment_seed"":4001,""gamma"":0.5,""local_seed"":10049,""matching"":""activation"",""max_test_samples"":5000,""max_train_samples"":10000,""model_index"":1,""n_models"":3,""optimizer"":""adamw"",""scheduler"":""cosine"",""step_size"":3,""train_split_seed"":314176,""weight_decay"":0.0001,""width"":128}",neighbor_control,Fashion-MNIST N=3 input-noise activation control.
fashion_mnist_mlp2_N3_W128_input_noise_activation,fashion_mnist_mlp2_N3_W128_input_noise_activation_seed4001,fashion_mnist,mlp2,3,128,input_noise,activation,4001,2,11058,0.4945483226776123,0.8315,0.5504232949733734,0.8056,False,,"{""architecture"":""mlp2"",""augmentation"":""none"",""checkpoint_saved"":false,""dataset"":""fashion_mnist"",""dataset_seed"":314159,""domain_shift"":""input_noise"",""epochs"":10,""experiment_seed"":4001,""gamma"":0.5,""local_seed"":11058,""matching"":""activation"",""max_test_samples"":5000,""max_train_samples"":10000,""model_index"":2,""n_models"":3,""optimizer"":""adamw"",""scheduler"":""cosine"",""step_size"":3,""train_split_seed"":314176,""weight_decay"":0.0001,""width"":128}",neighbor_control,Fashion-MNIST N=3 input-noise activation control.
fashion_mnist_mlp2_N3_W128_input_noise_activation,fashion_mnist_mlp2_N3_W128_input_noise_activation_seed4002,fashion_mnist,mlp2,3,128,input_noise,activation,4002,0,9041,0.436724235534668,0.8505,0.4970804125308991,0.8248,False,,"{""architecture"":""mlp2"",""augmentation"":""none"",""checkpoint_saved"":false,""dataset"":""fashion_mnist"",""dataset_seed"":314159,""domain_shift"":""input_noise"",""epochs"":10,""experiment_seed"":4002,""gamma"":0.5,""local_seed"":9041,""matching"":""activation"",""max_test_samples"":5000,""max_train_samples"":10000,""model_index"":0,""n_models"":3,""optimizer"":""adamw"",""scheduler"":""cosine"",""step_size"":3,""train_split_seed"":314176,""weight_decay"":0.0001,""width"":128}",neighbor_control,Fashion-MNIST N=3 input-noise activation control.
fashion_mnist_mlp2_N3_W128_input_noise_activation,fashion_mnist_mlp2_N3_W128_input_noise_activation_seed4002,fashion_mnist,mlp2,3,128,input_noise,activation,4002,1,10050,0.4492279796600342,0.8455,0.5028511120796204,0.8242,False,,"{""architecture"":""mlp2"",""augmentation"":""none"",""checkpoint_saved"":false,""dataset"":""fashion_mnist"",""dataset_seed"":314159,""domain_shift"":""input_noise"",""epochs"":10,""experiment_seed"":4002,""gamma"":0.5,""local_seed"":10050,""matching"":""activation"",""max_test_samples"":5000,""max_train_samples"":10000,""model_index"":1,""n_models"":3,""optimizer"":""adamw"",""scheduler"":""cosine"",""step_size"":3,""train_split_seed"":314176,""weight_decay"":0.0001,""width"":128}",neighbor_control,Fashion-MNIST N=3 input-noise activation control.
fashion_mnist_mlp2_N3_W128_input_noise_activation,fashion_mnist_mlp2_N3_W128_input_noise_activation_seed4002,fashion_mnist,mlp2,3,128,input_noise,activation,4002,2,11059,0.48439759063720705,0.835,0.5469788670063018,0.807,False,,"{""architecture"":""mlp2"",""augmentation"":""none"",""checkpoint_saved"":false,""dataset"":""fashion_mnist"",""dataset_seed"":314159,""domain_shift"":""input_noise"",""epochs"":10,""experiment_seed"":4002,""gamma"":0.5,""local_seed"":11059,""matching"":""activation"",""max_test_samples"":5000,""max_train_samples"":10000,""model_index"":2,""n_models"":3,""optimizer"":""adamw"",""scheduler"":""cosine"",""step_size"":3,""train_split_seed"":314176,""weight_decay"":0.0001,""width"":128}",neighbor_control,Fashion-MNIST N=3 input-noise activation control.
fashion_mnist_mlp2_N3_W128_input_noise_activation,fashion_mnist_mlp2_N3_W128_input_noise_activation_seed4003,fashion_mnist,mlp2,3,128,input_noise,activation,4003,0,9042,0.4380948963165283,0.854,0.49398629460334775,0.8264,False,,"{""architecture"":""mlp2"",""augmentation"":""none"",""checkpoint_saved"":false,""dataset"":""fashion_mnist"",""dataset_seed"":314159,""domain_shift"":""input_noise"",""epochs"":10,""experiment_seed"":4003,""gamma"":0.5,""local_seed"":9042,""matching"":""activation"",""max_test_samples"":5000,""max_train_samples"":10000,""model_index"":0,""n_models"":3,""optimizer"":""adamw"",""scheduler"":""cosine"",""step_size"":3,""train_split_seed"":314176,""weight_decay"":0.0001,""width"":128}",neighbor_control,Fashion-MNIST N=3 input-noise activation control.
fashion_mnist_mlp2_N3_W128_input_noise_activation,fashion_mnist_mlp2_N3_W128_input_noise_activation_seed4003,fashion_mnist,mlp2,3,128,input_noise,activation,4003,1,10051,0.45040728569030763,0.845,0.5075278617858887,0.8186,False,,"{""architecture"":""mlp2"",""augmentation"":""none"",""checkpoint_saved"":false,""dataset"":""fashion_mnist"",""dataset_seed"":314159,""domain_shift"":""input_noise"",""epochs"":10,""experiment_seed"":4003,""gamma"":0.5,""local_seed"":10051,""matching"":""activation"",""max_test_samples"":5000,""max_train_samples"":10000,""model_index"":1,""n_models"":3,""optimizer"":""adamw"",""scheduler"":""cosine"",""step_size"":3,""train_split_seed"":314176,""weight_decay"":0.0001,""width"":128}",neighbor_control,Fashion-MNIST N=3 input-noise activation control.
fashion_mnist_mlp2_N3_W128_input_noise_activation,fashion_mnist_mlp2_N3_W128_input_noise_activation_seed4003,fashion_mnist,mlp2,3,128,input_noise,activation,4003,2,11060,0.4934592914581299,0.8265,0.5541240096092224,0.8006,False,,"{""architecture"":""mlp2"",""augmentation"":""none"",""checkpoint_saved"":false,""dataset"":""fashion_mnist"",""dataset_seed"":314159,""domain_shift"":""input_noise"",""epochs"":10,""experiment_seed"":4003,""gamma"":0.5,""local_seed"":11060,""matching"":""activation"",""max_test_samples"":5000,""max_train_samples"":10000,""model_index"":2,""n_models"":3,""optimizer"":""adamw"",""scheduler"":""cosine"",""step_size"":3,""train_split_seed"":314176,""weight_decay"":0.0001,""width"":128}",neighbor_control,Fashion-MNIST N=3 input-noise activation control.
fashion_mnist_mlp2_N3_W128_input_noise_activation,fashion_mnist_mlp2_N3_W128_input_noise_activation_seed4004,fashion_mnist,mlp2,3,128,input_noise,activation,4004,0,9043,0.44064169120788577,0.8525,0.495037982749939,0.8286,False,,"{""architecture"":""mlp2"",""augmentation"":""none"",""checkpoint_saved"":false,""dataset"":""fashion_mnist"",""dataset_seed"":314159,""domain_shift"":""input_noise"",""epochs"":10,""experiment_seed"":4004,""gamma"":0.5,""local_seed"":9043,""matching"":""activation"",""max_test_samples"":5000,""max_train_samples"":10000,""model_index"":0,""n_models"":3,""optimizer"":""adamw"",""scheduler"":""cosine"",""step_size"":3,""train_split_seed"":314176,""weight_decay"":0.0001,""width"":128}",neighbor_control,Fashion-MNIST N=3 input-noise activation control.
fashion_mnist_mlp2_N3_W128_input_noise_activation,fashion_mnist_mlp2_N3_W128_input_noise_activation_seed4004,fashion_mnist,mlp2,3,128,input_noise,activation,4004,1,10052,0.4628557147979736,0.843,0.5213694890975952,0.8158,False,,"{""architecture"":""mlp2"",""augmentation"":""none"",""checkpoint_saved"":false,""dataset"":""fashion_mnist"",""dataset_seed"":314159,""domain_shift"":""input_noise"",""epochs"":10,""experiment_seed"":4004,""gamma"":0.5,""local_seed"":10052,""matching"":""activation"",""max_test_samples"":5000,""max_train_samples"":10000,""model_index"":1,""n_models"":3,""optimizer"":""adamw"",""scheduler"":""cosine"",""step_size"":3,""train_split_seed"":314176,""weight_decay"":0.0001,""width"":128}",neighbor_control,Fashion-MNIST N=3 input-noise activation control.
fashion_mnist_mlp2_N3_W128_input_noise_activation,fashion_mnist_mlp2_N3_W128_input_noise_activation_seed4004,fashion_mnist,mlp2,3,128,input_noise,activation,4004,2,11061,0.4910560550689697,0.834,0.5476620985984803,0.8066,False,,"{""architecture"":""mlp2"",""augmentation"":""none"",""checkpoint_saved"":false,""dataset"":""fashion_mnist"",""dataset_seed"":314159,""domain_shift"":""input_noise"",""epochs"":10,""experiment_seed"":4004,""gamma"":0.5,""local_seed"":11061,""matching"":""activation"",""max_test_samples"":5000,""max_train_samples"":10000,""model_index"":2,""n_models"":3,""optimizer"":""adamw"",""scheduler"":""cosine"",""step_size"":3,""train_split_seed"":314176,""weight_decay"":0.0001,""width"":128}",neighbor_control,Fashion-MNIST N=3 input-noise activation control.
fashion_mnist_mlp2_N3_W128_input_noise_activation,fashion_mnist_mlp2_N3_W128_input_noise_activation_seed4005,fashion_mnist,mlp2,3,128,input_noise,activation,4005,0,9044,0.43380615615844725,0.8565,0.4936905239105225,0.8278,False,,"{""architecture"":""mlp2"",""augmentation"":""none"",""checkpoint_saved"":false,""dataset"":""fashion_mnist"",""dataset_seed"":314159,""domain_shift"":""input_noise"",""epochs"":10,""experiment_seed"":4005,""gamma"":0.5,""local_seed"":9044,""matching"":""activation"",""max_test_samples"":5000,""max_train_samples"":10000,""model_index"":0,""n_models"":3,""optimizer"":""adamw"",""scheduler"":""cosine"",""step_size"":3,""train_split_seed"":314176,""weight_decay"":0.0001,""width"":128}",neighbor_control,Fashion-MNIST N=3 input-noise activation control.
fashion_mnist_mlp2_N3_W128_input_noise_activation,fashion_mnist_mlp2_N3_W128_input_noise_activation_seed4005,fashion_mnist,mlp2,3,128,input_noise,activation,4005,1,10053,0.46120343208312986,0.8455,0.5206067102432251,0.8156,False,,"{""architecture"":""mlp2"",""augmentation"":""none"",""checkpoint_saved"":false,""dataset"":""fashion_mnist"",""dataset_seed"":314159,""domain_shift"":""input_noise"",""epochs"":10,""experiment_seed"":4005,""gamma"":0.5,""local_seed"":10053,""matching"":""activation"",""max_test_samples"":5000,""max_train_samples"":10000,""model_index"":1,""n_models"":3,""optimizer"":""adamw"",""scheduler"":""cosine"",""step_size"":3,""train_split_seed"":314176,""weight_decay"":0.0001,""width"":128}",neighbor_control,Fashion-MNIST N=3 input-noise activation control.
fashion_mnist_mlp2_N3_W128_input_noise_activation,fashion_mnist_mlp2_N3_W128_input_noise_activation_seed4005,fashion_mnist,mlp2,3,128,input_noise,activation,4005,2,11062,0.4879785175323486,0.831,0.5468307821273803,0.8048,False,,"{""architecture"":""mlp2"",""augmentation"":""none"",""checkpoint_saved"":false,""dataset"":""fashion_mnist"",""dataset_seed"":314159,""domain_shift"":""input_noise"",""epochs"":10,""experiment_seed"":4005,""gamma"":0.5,""local_seed"":11062,""matching"":""activation"",""max_test_samples"":5000,""max_train_samples"":10000,""model_index"":2,""n_models"":3,""optimizer"":""adamw"",""scheduler"":""cosine"",""step_size"":3,""train_split_seed"":314176,""weight_decay"":0.0001,""width"":128}",neighbor_control,Fashion-MNIST N=3 input-noise activation control.
fashion_mnist_mlp2_N3_W128_input_noise_activation,fashion_mnist_mlp2_N3_W128_input_noise_activation_seed4006,fashion_mnist,mlp2,3,128,input_noise,activation,4006,0,9045,0.4346555404663086,0.8555,0.4929815061569214,0.825,False,,"{""architecture"":""mlp2"",""augmentation"":""none"",""checkpoint_saved"":false,""dataset"":""fashion_mnist"",""dataset_seed"":314159,""domain_shift"":""input_noise"",""epochs"":10,""experiment_seed"":4006,""gamma"":0.5,""local_seed"":9045,""matching"":""activation"",""max_test_samples"":5000,""max_train_samples"":10000,""model_index"":0,""n_models"":3,""optimizer"":""adamw"",""scheduler"":""cosine"",""step_size"":3,""train_split_seed"":314176,""weight_decay"":0.0001,""width"":128}",neighbor_control,Fashion-MNIST N=3 input-noise activation control.
fashion_mnist_mlp2_N3_W128_input_noise_activation,fashion_mnist_mlp2_N3_W128_input_noise_activation_seed4006,fashion_mnist,mlp2,3,128,input_noise,activation,4006,1,10054,0.4699986324310303,0.8415,0.5217852364063263,0.8138,False,,"{""architecture"":""mlp2"",""augmentation"":""none"",""checkpoint_saved"":false,""dataset"":""fashion_mnist"",""dataset_seed"":314159,""domain_shift"":""input_noise"",""epochs"":10,""experiment_seed"":4006,""gamma"":0.5,""local_seed"":10054,""matching"":""activation"",""max_test_samples"":5000,""max_train_samples"":10000,""model_index"":1,""n_models"":3,""optimizer"":""adamw"",""scheduler"":""cosine"",""step_size"":3,""train_split_seed"":314176,""weight_decay"":0.0001,""width"":128}",neighbor_control,Fashion-MNIST N=3 input-noise activation control.
fashion_mnist_mlp2_N3_W128_input_noise_activation,fashion_mnist_mlp2_N3_W128_input_noise_activation_seed4006,fashion_mnist,mlp2,3,128,input_noise,activation,4006,2,11063,0.4991594715118408,0.823,0.5557971794128418,0.8016,False,,"{""architecture"":""mlp2"",""augmentation"":""none"",""checkpoint_saved"":false,""dataset"":""fashion_mnist"",""dataset_seed"":314159,""domain_shift"":""input_noise"",""epochs"":10,""experiment_seed"":4006,""gamma"":0.5,""local_seed"":11063,""matching"":""activation"",""max_test_samples"":5000,""max_train_samples"":10000,""model_index"":2,""n_models"":3,""optimizer"":""adamw"",""scheduler"":""cosine"",""step_size"":3,""train_split_seed"":314176,""weight_decay"":0.0001,""width"":128}",neighbor_control,Fashion-MNIST N=3 input-noise activation control.
fashion_mnist_mlp2_N3_W128_input_noise_activation,fashion_mnist_mlp2_N3_W128_input_noise_activation_seed4007,fashion_mnist,mlp2,3,128,input_noise,activation,4007,0,9046,0.4475845775604248,0.851,0.5024137382030487,0.8228,False,,"{""architecture"":""mlp2"",""augmentation"":""none"",""checkpoint_saved"":false,""dataset"":""fashion_mnist"",""dataset_seed"":314159,""domain_shift"":""input_noise"",""epochs"":10,""experiment_seed"":4007,""gamma"":0.5,""local_seed"":9046,""matching"":""activation"",""max_test_samples"":5000,""max_train_samples"":10000,""model_index"":0,""n_models"":3,""optimizer"":""adamw"",""scheduler"":""cosine"",""step_size"":3,""train_split_seed"":314176,""weight_decay"":0.0001,""width"":128}",neighbor_control,Fashion-MNIST N=3 input-noise activation control.
fashion_mnist_mlp2_N3_W128_input_noise_activation,fashion_mnist_mlp2_N3_W128_input_noise_activation_seed4007,fashion_mnist,mlp2,3,128,input_noise,activation,4007,1,10055,0.46612865257263186,0.84,0.5202608541965484,0.8154,False,,"{""architecture"":""mlp2"",""augmentation"":""none"",""checkpoint_saved"":false,""dataset"":""fashion_mnist"",""dataset_seed"":314159,""domain_shift"":""input_noise"",""epochs"":10,""experiment_seed"":4007,""gamma"":0.5,""local_seed"":10055,""matching"":""activation"",""max_test_samples"":5000,""max_train_samples"":10000,""model_index"":1,""n_models"":3,""optimizer"":""adamw"",""scheduler"":""cosine"",""step_size"":3,""train_split_seed"":314176,""weight_decay"":0.0001,""width"":128}",neighbor_control,Fashion-MNIST N=3 input-noise activation control.
fashion_mnist_mlp2_N3_W128_input_noise_activation,fashion_mnist_mlp2_N3_W128_input_noise_activation_seed4007,fashion_mnist,mlp2,3,128,input_noise,activation,4007,2,11064,0.48128112030029296,0.831,0.5489148807048798,0.8032,False,,"{""architecture"":""mlp2"",""augmentation"":""none"",""checkpoint_saved"":false,""dataset"":""fashion_mnist"",""dataset_seed"":314159,""domain_shift"":""input_noise"",""epochs"":10,""experiment_seed"":4007,""gamma"":0.5,""local_seed"":11064,""matching"":""activation"",""max_test_samples"":5000,""max_train_samples"":10000,""model_index"":2,""n_models"":3,""optimizer"":""adamw"",""scheduler"":""cosine"",""step_size"":3,""train_split_seed"":314176,""weight_decay"":0.0001,""width"":128}",neighbor_control,Fashion-MNIST N=3 input-noise activation control.
fashion_mnist_mlp2_N3_W128_input_noise_activation,fashion_mnist_mlp2_N3_W128_input_noise_activation_seed4008,fashion_mnist,mlp2,3,128,input_noise,activation,4008,0,9047,0.44212492370605466,0.853,0.5003695326328278,0.8228,False,,"{""architecture"":""mlp2"",""augmentation"":""none"",""checkpoint_saved"":false,""dataset"":""fashion_mnist"",""dataset_seed"":314159,""domain_shift"":""input_noise"",""epochs"":10,""experiment_seed"":4008,""gamma"":0.5,""local_seed"":9047,""matching"":""activation"",""max_test_samples"":5000,""max_train_samples"":10000,""model_index"":0,""n_models"":3,""optimizer"":""adamw"",""scheduler"":""cosine"",""step_size"":3,""train_split_seed"":314176,""weight_decay"":0.0001,""width"":128}",neighbor_control,Fashion-MNIST N=3 input-noise activation control.
fashion_mnist_mlp2_N3_W128_input_noise_activation,fashion_mnist_mlp2_N3_W128_input_noise_activation_seed4008,fashion_mnist,mlp2,3,128,input_noise,activation,4008,1,10056,0.46485342597961427,0.84,0.5229051936149597,0.8158,False,,"{""architecture"":""mlp2"",""augmentation"":""none"",""checkpoint_saved"":false,""dataset"":""fashion_mnist"",""dataset_seed"":314159,""domain_shift"":""input_noise"",""epochs"":10,""experiment_seed"":4008,""gamma"":0.5,""local_seed"":10056,""matching"":""activation"",""max_test_samples"":5000,""max_train_samples"":10000,""model_index"":1,""n_models"":3,""optimizer"":""adamw"",""scheduler"":""cosine"",""step_size"":3,""train_split_seed"":314176,""weight_decay"":0.0001,""width"":128}",neighbor_control,Fashion-MNIST N=3 input-noise activation control.
fashion_mnist_mlp2_N3_W128_input_noise_activation,fashion_mnist_mlp2_N3_W128_input_noise_activation_seed4008,fashion_mnist,mlp2,3,128,input_noise,activation,4008,2,11065,0.4735277671813965,0.8345,0.5322914661407471,0.8116,False,,"{""architecture"":""mlp2"",""augmentation"":""none"",""checkpoint_saved"":false,""dataset"":""fashion_mnist"",""dataset_seed"":314159,""domain_shift"":""input_noise"",""epochs"":10,""experiment_seed"":4008,""gamma"":0.5,""local_seed"":11065,""matching"":""activation"",""max_test_samples"":5000,""max_train_samples"":10000,""model_index"":2,""n_models"":3,""optimizer"":""adamw"",""scheduler"":""cosine"",""step_size"":3,""train_split_seed"":314176,""weight_decay"":0.0001,""width"":128}",neighbor_control,Fashion-MNIST N=3 input-noise activation control.
fashion_mnist_mlp2_N3_W128_input_noise_activation,fashion_mnist_mlp2_N3_W128_input_noise_activation_seed4009,fashion_mnist,mlp2,3,128,input_noise,activation,4009,0,9048,0.43019937896728516,0.8615,0.4840947774887085,0.8312,False,,"{""architecture"":""mlp2"",""augmentation"":""none"",""checkpoint_saved"":false,""dataset"":""fashion_mnist"",""dataset_seed"":314159,""domain_shift"":""input_noise"",""epochs"":10,""experiment_seed"":4009,""gamma"":0.5,""local_seed"":9048,""matching"":""activation"",""max_test_samples"":5000,""max_train_samples"":10000,""model_index"":0,""n_models"":3,""optimizer"":""adamw"",""scheduler"":""cosine"",""step_size"":3,""train_split_seed"":314176,""weight_decay"":0.0001,""width"":128}",neighbor_control,Fashion-MNIST N=3 input-noise activation control.
fashion_mnist_mlp2_N3_W128_input_noise_activation,fashion_mnist_mlp2_N3_W128_input_noise_activation_seed4009,fashion_mnist,mlp2,3,128,input_noise,activation,4009,1,10057,0.457920129776001,0.8465,0.5141980176925659,0.8178,False,,"{""architecture"":""mlp2"",""augmentation"":""none"",""checkpoint_saved"":false,""dataset"":""fashion_mnist"",""dataset_seed"":314159,""domain_shift"":""input_noise"",""epochs"":10,""experiment_seed"":4009,""gamma"":0.5,""local_seed"":10057,""matching"":""activation"",""max_test_samples"":5000,""max_train_samples"":10000,""model_index"":1,""n_models"":3,""optimizer"":""adamw"",""scheduler"":""cosine"",""step_size"":3,""train_split_seed"":314176,""weight_decay"":0.0001,""width"":128}",neighbor_control,Fashion-MNIST N=3 input-noise activation control.
fashion_mnist_mlp2_N3_W128_input_noise_activation,fashion_mnist_mlp2_N3_W128_input_noise_activation_seed4009,fashion_mnist,mlp2,3,128,input_noise,activation,4009,2,11066,0.5093801822662354,0.819,0.5683478428840637,0.7956,False,,"{""architecture"":""mlp2"",""augmentation"":""none"",""checkpoint_saved"":false,""dataset"":""fashion_mnist"",""dataset_seed"":314159,""domain_shift"":""input_noise"",""epochs"":10,""experiment_seed"":4009,""gamma"":0.5,""local_seed"":11066,""matching"":""activation"",""max_test_samples"":5000,""max_train_samples"":10000,""model_index"":2,""n_models"":3,""optimizer"":""adamw"",""scheduler"":""cosine"",""step_size"":3,""train_split_seed"":314176,""weight_decay"":0.0001,""width"":128}",neighbor_control,Fashion-MNIST N=3 input-noise activation control.
fashion_mnist_mlp2_N3_W128_input_noise_activation,fashion_mnist_mlp2_N3_W128_input_noise_activation_seed4010,fashion_mnist,mlp2,3,128,input_noise,activation,4010,0,9049,0.4326039218902588,0.8595,0.4883033317089081,0.8314,False,,"{""architecture"":""mlp2"",""augmentation"":""none"",""checkpoint_saved"":false,""dataset"":""fashion_mnist"",""dataset_seed"":314159,""domain_shift"":""input_noise"",""epochs"":10,""experiment_seed"":4010,""gamma"":0.5,""local_seed"":9049,""matching"":""activation"",""max_test_samples"":5000,""max_train_samples"":10000,""model_index"":0,""n_models"":3,""optimizer"":""adamw"",""scheduler"":""cosine"",""step_size"":3,""train_split_seed"":314176,""weight_decay"":0.0001,""width"":128}",neighbor_control,Fashion-MNIST N=3 input-noise activation control.
fashion_mnist_mlp2_N3_W128_input_noise_activation,fashion_mnist_mlp2_N3_W128_input_noise_activation_seed4010,fashion_mnist,mlp2,3,128,input_noise,activation,4010,1,10058,0.45304610061645506,0.848,0.5124860255241394,0.8194,False,,"{""architecture"":""mlp2"",""augmentation"":""none"",""checkpoint_saved"":false,""dataset"":""fashion_mnist"",""dataset_seed"":314159,""domain_shift"":""input_noise"",""epochs"":10,""experiment_seed"":4010,""gamma"":0.5,""local_seed"":10058,""matching"":""activation"",""max_test_samples"":5000,""max_train_samples"":10000,""model_index"":1,""n_models"":3,""optimizer"":""adamw"",""scheduler"":""cosine"",""step_size"":3,""train_split_seed"":314176,""weight_decay"":0.0001,""width"":128}",neighbor_control,Fashion-MNIST N=3 input-noise activation control.
fashion_mnist_mlp2_N3_W128_input_noise_activation,fashion_mnist_mlp2_N3_W128_input_noise_activation_seed4010,fashion_mnist,mlp2,3,128,input_noise,activation,4010,2,11067,0.4938478755950928,0.8315,0.5492713327884674,0.8046,False,,"{""architecture"":""mlp2"",""augmentation"":""none"",""checkpoint_saved"":false,""dataset"":""fashion_mnist"",""dataset_seed"":314159,""domain_shift"":""input_noise"",""epochs"":10,""experiment_seed"":4010,""gamma"":0.5,""local_seed"":11067,""matching"":""activation"",""max_test_samples"":5000,""max_train_samples"":10000,""model_index"":2,""n_models"":3,""optimizer"":""adamw"",""scheduler"":""cosine"",""step_size"":3,""train_split_seed"":314176,""weight_decay"":0.0001,""width"":128}",neighbor_control,Fashion-MNIST N=3 input-noise activation control.
fashion_mnist_mlp2_N3_W128_input_noise_activation,fashion_mnist_mlp2_N3_W128_input_noise_activation_seed4011,fashion_mnist,mlp2,3,128,input_noise,activation,4011,0,9050,0.4343533477783203,0.8545,0.4918747290611267,0.8276,False,,"{""architecture"":""mlp2"",""augmentation"":""none"",""checkpoint_saved"":false,""dataset"":""fashion_mnist"",""dataset_seed"":314159,""domain_shift"":""input_noise"",""epochs"":10,""experiment_seed"":4011,""gamma"":0.5,""local_seed"":9050,""matching"":""activation"",""max_test_samples"":5000,""max_train_samples"":10000,""model_index"":0,""n_models"":3,""optimizer"":""adamw"",""scheduler"":""cosine"",""step_size"":3,""train_split_seed"":314176,""weight_decay"":0.0001,""width"":128}",neighbor_control,Fashion-MNIST N=3 input-noise activation control.
fashion_mnist_mlp2_N3_W128_input_noise_activation,fashion_mnist_mlp2_N3_W128_input_noise_activation_seed4011,fashion_mnist,mlp2,3,128,input_noise,activation,4011,1,10059,0.44856593322753907,0.8455,0.5092111584663391,0.8196,False,,"{""architecture"":""mlp2"",""augmentation"":""none"",""checkpoint_saved"":false,""dataset"":""fashion_mnist"",""dataset_seed"":314159,""domain_shift"":""input_noise"",""epochs"":10,""experiment_seed"":4011,""gamma"":0.5,""local_seed"":10059,""matching"":""activation"",""max_test_samples"":5000,""max_train_samples"":10000,""model_index"":1,""n_models"":3,""optimizer"":""adamw"",""scheduler"":""cosine"",""step_size"":3,""train_split_seed"":314176,""weight_decay"":0.0001,""width"":128}",neighbor_control,Fashion-MNIST N=3 input-noise activation control.
fashion_mnist_mlp2_N3_W128_input_noise_activation,fashion_mnist_mlp2_N3_W128_input_noise_activation_seed4011,fashion_mnist,mlp2,3,128,input_noise,activation,4011,2,11068,0.4875582580566406,0.8345,0.549584721660614,0.8044,False,,"{""architecture"":""mlp2"",""augmentation"":""none"",""checkpoint_saved"":false,""dataset"":""fashion_mnist"",""dataset_seed"":314159,""domain_shift"":""input_noise"",""epochs"":10,""experiment_seed"":4011,""gamma"":0.5,""local_seed"":11068,""matching"":""activation"",""max_test_samples"":5000,""max_train_samples"":10000,""model_index"":2,""n_models"":3,""optimizer"":""adamw"",""scheduler"":""cosine"",""step_size"":3,""train_split_seed"":314176,""weight_decay"":0.0001,""width"":128}",neighbor_control,Fashion-MNIST N=3 input-noise activation control.
fashion_mnist_mlp2_N3_W128_input_noise_activation,fashion_mnist_mlp2_N3_W128_input_noise_activation_seed4012,fashion_mnist,mlp2,3,128,input_noise,activation,4012,0,9051,0.4330032501220703,0.857,0.489635569524765,0.8294,False,,"{""architecture"":""mlp2"",""augmentation"":""none"",""checkpoint_saved"":false,""dataset"":""fashion_mnist"",""dataset_seed"":314159,""domain_shift"":""input_noise"",""epochs"":10,""experiment_seed"":4012,""gamma"":0.5,""local_seed"":9051,""matching"":""activation"",""max_test_samples"":5000,""max_train_samples"":10000,""model_index"":0,""n_models"":3,""optimizer"":""adamw"",""scheduler"":""cosine"",""step_size"":3,""train_split_seed"":314176,""weight_decay"":0.0001,""width"":128}",neighbor_control,Fashion-MNIST N=3 input-noise activation control.
fashion_mnist_mlp2_N3_W128_input_noise_activation,fashion_mnist_mlp2_N3_W128_input_noise_activation_seed4012,fashion_mnist,mlp2,3,128,input_noise,activation,4012,1,10060,0.46316870307922364,0.838,0.5200144858837128,0.8164,False,,"{""architecture"":""mlp2"",""augmentation"":""none"",""checkpoint_saved"":false,""dataset"":""fashion_mnist"",""dataset_seed"":314159,""domain_shift"":""input_noise"",""epochs"":10,""experiment_seed"":4012,""gamma"":0.5,""local_seed"":10060,""matching"":""activation"",""max_test_samples"":5000,""max_train_samples"":10000,""model_index"":1,""n_models"":3,""optimizer"":""adamw"",""scheduler"":""cosine"",""step_size"":3,""train_split_seed"":314176,""weight_decay"":0.0001,""width"":128}",neighbor_control,Fashion-MNIST N=3 input-noise activation control.
fashion_mnist_mlp2_N3_W128_input_noise_activation,fashion_mnist_mlp2_N3_W128_input_noise_activation_seed4012,fashion_mnist,mlp2,3,128,input_noise,activation,4012,2,11069,0.4936867275238037,0.829,0.5533447234153748,0.803,False,,"{""architecture"":""mlp2"",""augmentation"":""none"",""checkpoint_saved"":false,""dataset"":""fashion_mnist"",""dataset_seed"":314159,""domain_shift"":""input_noise"",""epochs"":10,""experiment_seed"":4012,""gamma"":0.5,""local_seed"":11069,""matching"":""activation"",""max_test_samples"":5000,""max_train_samples"":10000,""model_index"":2,""n_models"":3,""optimizer"":""adamw"",""scheduler"":""cosine"",""step_size"":3,""train_split_seed"":314176,""weight_decay"":0.0001,""width"":128}",neighbor_control,Fashion-MNIST N=3 input-noise activation control.
fashion_mnist_mlp2_N3_W128_input_noise_activation,fashion_mnist_mlp2_N3_W128_input_noise_activation_seed4013,fashion_mnist,mlp2,3,128,input_noise,activation,4013,0,9052,0.43588220405578615,0.858,0.4925416007518768,0.83,False,,"{""architecture"":""mlp2"",""augmentation"":""none"",""checkpoint_saved"":false,""dataset"":""fashion_mnist"",""dataset_seed"":314159,""domain_shift"":""input_noise"",""epochs"":10,""experiment_seed"":4013,""gamma"":0.5,""local_seed"":9052,""matching"":""activation"",""max_test_samples"":5000,""max_train_samples"":10000,""model_index"":0,""n_models"":3,""optimizer"":""adamw"",""scheduler"":""cosine"",""step_size"":3,""train_split_seed"":314176,""weight_decay"":0.0001,""width"":128}",neighbor_control,Fashion-MNIST N=3 input-noise activation control.
fashion_mnist_mlp2_N3_W128_input_noise_activation,fashion_mnist_mlp2_N3_W128_input_noise_activation_seed4013,fashion_mnist,mlp2,3,128,input_noise,activation,4013,1,10061,0.4557375373840332,0.843,0.5163166871547699,0.8176,False,,"{""architecture"":""mlp2"",""augmentation"":""none"",""checkpoint_saved"":false,""dataset"":""fashion_mnist"",""dataset_seed"":314159,""domain_shift"":""input_noise"",""epochs"":10,""experiment_seed"":4013,""gamma"":0.5,""local_seed"":10061,""matching"":""activation"",""max_test_samples"":5000,""max_train_samples"":10000,""model_index"":1,""n_models"":3,""optimizer"":""adamw"",""scheduler"":""cosine"",""step_size"":3,""train_split_seed"":314176,""weight_decay"":0.0001,""width"":128}",neighbor_control,Fashion-MNIST N=3 input-noise activation control.
fashion_mnist_mlp2_N3_W128_input_noise_activation,fashion_mnist_mlp2_N3_W128_input_noise_activation_seed4013,fashion_mnist,mlp2,3,128,input_noise,activation,4013,2,11070,0.4907698287963867,0.826,0.5509900847911835,0.8056,False,,"{""architecture"":""mlp2"",""augmentation"":""none"",""checkpoint_saved"":false,""dataset"":""fashion_mnist"",""dataset_seed"":314159,""domain_shift"":""input_noise"",""epochs"":10,""experiment_seed"":4013,""gamma"":0.5,""local_seed"":11070,""matching"":""activation"",""max_test_samples"":5000,""max_train_samples"":10000,""model_index"":2,""n_models"":3,""optimizer"":""adamw"",""scheduler"":""cosine"",""step_size"":3,""train_split_seed"":314176,""weight_decay"":0.0001,""width"":128}",neighbor_control,Fashion-MNIST N=3 input-noise activation control.
fashion_mnist_mlp2_N3_W128_input_noise_activation,fashion_mnist_mlp2_N3_W128_input_noise_activation_seed4014,fashion_mnist,mlp2,3,128,input_noise,activation,4014,0,9053,0.43559999465942384,0.857,0.49564642248153684,0.8278,False,,"{""architecture"":""mlp2"",""augmentation"":""none"",""checkpoint_saved"":false,""dataset"":""fashion_mnist"",""dataset_seed"":314159,""domain_shift"":""input_noise"",""epochs"":10,""experiment_seed"":4014,""gamma"":0.5,""local_seed"":9053,""matching"":""activation"",""max_test_samples"":5000,""max_train_samples"":10000,""model_index"":0,""n_models"":3,""optimizer"":""adamw"",""scheduler"":""cosine"",""step_size"":3,""train_split_seed"":314176,""weight_decay"":0.0001,""width"":128}",neighbor_control,Fashion-MNIST N=3 input-noise activation control.
fashion_mnist_mlp2_N3_W128_input_noise_activation,fashion_mnist_mlp2_N3_W128_input_noise_activation_seed4014,fashion_mnist,mlp2,3,128,input_noise,activation,4014,1,10062,0.4479548072814941,0.8465,0.5064691896915435,0.8226,False,,"{""architecture"":""mlp2"",""augmentation"":""none"",""checkpoint_saved"":false,""dataset"":""fashion_mnist"",""dataset_seed"":314159,""domain_shift"":""input_noise"",""epochs"":10,""experiment_seed"":4014,""gamma"":0.5,""local_seed"":10062,""matching"":""activation"",""max_test_samples"":5000,""max_train_samples"":10000,""model_index"":1,""n_models"":3,""optimizer"":""adamw"",""scheduler"":""cosine"",""step_size"":3,""train_split_seed"":314176,""weight_decay"":0.0001,""width"":128}",neighbor_control,Fashion-MNIST N=3 input-noise activation control.
fashion_mnist_mlp2_N3_W128_input_noise_activation,fashion_mnist_mlp2_N3_W128_input_noise_activation_seed4014,fashion_mnist,mlp2,3,128,input_noise,activation,4014,2,11071,0.4821740665435791,0.827,0.5390904976367951,0.8072,False,,"{""architecture"":""mlp2"",""augmentation"":""none"",""checkpoint_saved"":false,""dataset"":""fashion_mnist"",""dataset_seed"":314159,""domain_shift"":""input_noise"",""epochs"":10,""experiment_seed"":4014,""gamma"":0.5,""local_seed"":11071,""matching"":""activation"",""max_test_samples"":5000,""max_train_samples"":10000,""model_index"":2,""n_models"":3,""optimizer"":""adamw"",""scheduler"":""cosine"",""step_size"":3,""train_split_seed"":314176,""weight_decay"":0.0001,""width"":128}",neighbor_control,Fashion-MNIST N=3 input-noise activation control.
fashion_mnist_mlp2_N3_W128_input_noise_activation,fashion_mnist_mlp2_N3_W128_input_noise_activation_seed4015,fashion_mnist,mlp2,3,128,input_noise,activation,4015,0,9054,0.44105112266540525,0.8525,0.4982685800075531,0.8242,False,,"{""architecture"":""mlp2"",""augmentation"":""none"",""checkpoint_saved"":false,""dataset"":""fashion_mnist"",""dataset_seed"":314159,""domain_shift"":""input_noise"",""epochs"":10,""experiment_seed"":4015,""gamma"":0.5,""local_seed"":9054,""matching"":""activation"",""max_test_samples"":5000,""max_train_samples"":10000,""model_index"":0,""n_models"":3,""optimizer"":""adamw"",""scheduler"":""cosine"",""step_size"":3,""train_split_seed"":314176,""weight_decay"":0.0001,""width"":128}",neighbor_control,Fashion-MNIST N=3 input-noise activation control.
fashion_mnist_mlp2_N3_W128_input_noise_activation,fashion_mnist_mlp2_N3_W128_input_noise_activation_seed4015,fashion_mnist,mlp2,3,128,input_noise,activation,4015,1,10063,0.45798039054870604,0.841,0.5157859968662262,0.8184,False,,"{""architecture"":""mlp2"",""augmentation"":""none"",""checkpoint_saved"":false,""dataset"":""fashion_mnist"",""dataset_seed"":314159,""domain_shift"":""input_noise"",""epochs"":10,""experiment_seed"":4015,""gamma"":0.5,""local_seed"":10063,""matching"":""activation"",""max_test_samples"":5000,""max_train_samples"":10000,""model_index"":1,""n_models"":3,""optimizer"":""adamw"",""scheduler"":""cosine"",""step_size"":3,""train_split_seed"":314176,""weight_decay"":0.0001,""width"":128}",neighbor_control,Fashion-MNIST N=3 input-noise activation control.
fashion_mnist_mlp2_N3_W128_input_noise_activation,fashion_mnist_mlp2_N3_W128_input_noise_activation_seed4015,fashion_mnist,mlp2,3,128,input_noise,activation,4015,2,11072,0.4882500247955322,0.831,0.5512985751152039,0.8022,False,,"{""architecture"":""mlp2"",""augmentation"":""none"",""checkpoint_saved"":false,""dataset"":""fashion_mnist"",""dataset_seed"":314159,""domain_shift"":""input_noise"",""epochs"":10,""experiment_seed"":4015,""gamma"":0.5,""local_seed"":11072,""matching"":""activation"",""max_test_samples"":5000,""max_train_samples"":10000,""model_index"":2,""n_models"":3,""optimizer"":""adamw"",""scheduler"":""cosine"",""step_size"":3,""train_split_seed"":314176,""weight_decay"":0.0001,""width"":128}",neighbor_control,Fashion-MNIST N=3 input-noise activation control.
fashion_mnist_mlp2_N3_W128_input_noise_activation,fashion_mnist_mlp2_N3_W128_input_noise_activation_seed4016,fashion_mnist,mlp2,3,128,input_noise,activation,4016,0,9055,0.43825459480285645,0.8565,0.49632026081085207,0.8284,False,,"{""architecture"":""mlp2"",""augmentation"":""none"",""checkpoint_saved"":false,""dataset"":""fashion_mnist"",""dataset_seed"":314159,""domain_shift"":""input_noise"",""epochs"":10,""experiment_seed"":4016,""gamma"":0.5,""local_seed"":9055,""matching"":""activation"",""max_test_samples"":5000,""max_train_samples"":10000,""model_index"":0,""n_models"":3,""optimizer"":""adamw"",""scheduler"":""cosine"",""step_size"":3,""train_split_seed"":314176,""weight_decay"":0.0001,""width"":128}",neighbor_control,Fashion-MNIST N=3 input-noise activation control.
fashion_mnist_mlp2_N3_W128_input_noise_activation,fashion_mnist_mlp2_N3_W128_input_noise_activation_seed4016,fashion_mnist,mlp2,3,128,input_noise,activation,4016,1,10064,0.46794306564331056,0.841,0.527236072063446,0.8136,False,,"{""architecture"":""mlp2"",""augmentation"":""none"",""checkpoint_saved"":false,""dataset"":""fashion_mnist"",""dataset_seed"":314159,""domain_shift"":""input_noise"",""epochs"":10,""experiment_seed"":4016,""gamma"":0.5,""local_seed"":10064,""matching"":""activation"",""max_test_samples"":5000,""max_train_samples"":10000,""model_index"":1,""n_models"":3,""optimizer"":""adamw"",""scheduler"":""cosine"",""step_size"":3,""train_split_seed"":314176,""weight_decay"":0.0001,""width"":128}",neighbor_control,Fashion-MNIST N=3 input-noise activation control.
fashion_mnist_mlp2_N3_W128_input_noise_activation,fashion_mnist_mlp2_N3_W128_input_noise_activation_seed4016,fashion_mnist,mlp2,3,128,input_noise,activation,4016,2,11073,0.4876280918121338,0.8335,0.5462816617488861,0.8076,False,,"{""architecture"":""mlp2"",""augmentation"":""none"",""checkpoint_saved"":false,""dataset"":""fashion_mnist"",""dataset_seed"":314159,""domain_shift"":""input_noise"",""epochs"":10,""experiment_seed"":4016,""gamma"":0.5,""local_seed"":11073,""matching"":""activation"",""max_test_samples"":5000,""max_train_samples"":10000,""model_index"":2,""n_models"":3,""optimizer"":""adamw"",""scheduler"":""cosine"",""step_size"":3,""train_split_seed"":314176,""weight_decay"":0.0001,""width"":128}",neighbor_control,Fashion-MNIST N=3 input-noise activation control.
fashion_mnist_mlp2_N3_W128_input_noise_activation,fashion_mnist_mlp2_N3_W128_input_noise_activation_seed4017,fashion_mnist,mlp2,3,128,input_noise,activation,4017,0,9056,0.42986809539794923,0.856,0.48589716176986697,0.8254,False,,"{""architecture"":""mlp2"",""augmentation"":""none"",""checkpoint_saved"":false,""dataset"":""fashion_mnist"",""dataset_seed"":314159,""domain_shift"":""input_noise"",""epochs"":10,""experiment_seed"":4017,""gamma"":0.5,""local_seed"":9056,""matching"":""activation"",""max_test_samples"":5000,""max_train_samples"":10000,""model_index"":0,""n_models"":3,""optimizer"":""adamw"",""scheduler"":""cosine"",""step_size"":3,""train_split_seed"":314176,""weight_decay"":0.0001,""width"":128}",neighbor_control,Fashion-MNIST N=3 input-noise activation control.
fashion_mnist_mlp2_N3_W128_input_noise_activation,fashion_mnist_mlp2_N3_W128_input_noise_activation_seed4017,fashion_mnist,mlp2,3,128,input_noise,activation,4017,1,10065,0.4560687446594238,0.8435,0.5138136507034302,0.817,False,,"{""architecture"":""mlp2"",""augmentation"":""none"",""checkpoint_saved"":false,""dataset"":""fashion_mnist"",""dataset_seed"":314159,""domain_shift"":""input_noise"",""epochs"":10,""experiment_seed"":4017,""gamma"":0.5,""local_seed"":10065,""matching"":""activation"",""max_test_samples"":5000,""max_train_samples"":10000,""model_index"":1,""n_models"":3,""optimizer"":""adamw"",""scheduler"":""cosine"",""step_size"":3,""train_split_seed"":314176,""weight_decay"":0.0001,""width"":128}",neighbor_control,Fashion-MNIST N=3 input-noise activation control.
fashion_mnist_mlp2_N3_W128_input_noise_activation,fashion_mnist_mlp2_N3_W128_input_noise_activation_seed4017,fashion_mnist,mlp2,3,128,input_noise,activation,4017,2,11074,0.4992757225036621,0.827,0.5641026236534119,0.8,False,,"{""architecture"":""mlp2"",""augmentation"":""none"",""checkpoint_saved"":false,""dataset"":""fashion_mnist"",""dataset_seed"":314159,""domain_shift"":""input_noise"",""epochs"":10,""experiment_seed"":4017,""gamma"":0.5,""local_seed"":11074,""matching"":""activation"",""max_test_samples"":5000,""max_train_samples"":10000,""model_index"":2,""n_models"":3,""optimizer"":""adamw"",""scheduler"":""cosine"",""step_size"":3,""train_split_seed"":314176,""weight_decay"":0.0001,""width"":128}",neighbor_control,Fashion-MNIST N=3 input-noise activation control.
fashion_mnist_mlp2_N3_W128_input_noise_activation,fashion_mnist_mlp2_N3_W128_input_noise_activation_seed4018,fashion_mnist,mlp2,3,128,input_noise,activation,4018,0,9057,0.4306075839996338,0.857,0.4900097023010254,0.8328,False,,"{""architecture"":""mlp2"",""augmentation"":""none"",""checkpoint_saved"":false,""dataset"":""fashion_mnist"",""dataset_seed"":314159,""domain_shift"":""input_noise"",""epochs"":10,""experiment_seed"":4018,""gamma"":0.5,""local_seed"":9057,""matching"":""activation"",""max_test_samples"":5000,""max_train_samples"":10000,""model_index"":0,""n_models"":3,""optimizer"":""adamw"",""scheduler"":""cosine"",""step_size"":3,""train_split_seed"":314176,""weight_decay"":0.0001,""width"":128}",neighbor_control,Fashion-MNIST N=3 input-noise activation control.
fashion_mnist_mlp2_N3_W128_input_noise_activation,fashion_mnist_mlp2_N3_W128_input_noise_activation_seed4018,fashion_mnist,mlp2,3,128,input_noise,activation,4018,1,10066,0.45639873695373534,0.8445,0.5126632618904113,0.8192,False,,"{""architecture"":""mlp2"",""augmentation"":""none"",""checkpoint_saved"":false,""dataset"":""fashion_mnist"",""dataset_seed"":314159,""domain_shift"":""input_noise"",""epochs"":10,""experiment_seed"":4018,""gamma"":0.5,""local_seed"":10066,""matching"":""activation"",""max_test_samples"":5000,""max_train_samples"":10000,""model_index"":1,""n_models"":3,""optimizer"":""adamw"",""scheduler"":""cosine"",""step_size"":3,""train_split_seed"":314176,""weight_decay"":0.0001,""width"":128}",neighbor_control,Fashion-MNIST N=3 input-noise activation control.
fashion_mnist_mlp2_N3_W128_input_noise_activation,fashion_mnist_mlp2_N3_W128_input_noise_activation_seed4018,fashion_mnist,mlp2,3,128,input_noise,activation,4018,2,11075,0.48225069999694825,0.831,0.5411003989696502,0.8078,False,,"{""architecture"":""mlp2"",""augmentation"":""none"",""checkpoint_saved"":false,""dataset"":""fashion_mnist"",""dataset_seed"":314159,""domain_shift"":""input_noise"",""epochs"":10,""experiment_seed"":4018,""gamma"":0.5,""local_seed"":11075,""matching"":""activation"",""max_test_samples"":5000,""max_train_samples"":10000,""model_index"":2,""n_models"":3,""optimizer"":""adamw"",""scheduler"":""cosine"",""step_size"":3,""train_split_seed"":314176,""weight_decay"":0.0001,""width"":128}",neighbor_control,Fashion-MNIST N=3 input-noise activation control.
fashion_mnist_mlp2_N3_W128_input_noise_activation,fashion_mnist_mlp2_N3_W128_input_noise_activation_seed4019,fashion_mnist,mlp2,3,128,input_noise,activation,4019,0,9058,0.4362977600097656,0.8575,0.4929474859714508,0.824,False,,"{""architecture"":""mlp2"",""augmentation"":""none"",""checkpoint_saved"":false,""dataset"":""fashion_mnist"",""dataset_seed"":314159,""domain_shift"":""input_noise"",""epochs"":10,""experiment_seed"":4019,""gamma"":0.5,""local_seed"":9058,""matching"":""activation"",""max_test_samples"":5000,""max_train_samples"":10000,""model_index"":0,""n_models"":3,""optimizer"":""adamw"",""scheduler"":""cosine"",""step_size"":3,""train_split_seed"":314176,""weight_decay"":0.0001,""width"":128}",neighbor_control,Fashion-MNIST N=3 input-noise activation control.
fashion_mnist_mlp2_N3_W128_input_noise_activation,fashion_mnist_mlp2_N3_W128_input_noise_activation_seed4019,fashion_mnist,mlp2,3,128,input_noise,activation,4019,1,10067,0.46177737617492676,0.8455,0.5192109001636505,0.8184,False,,"{""architecture"":""mlp2"",""augmentation"":""none"",""checkpoint_saved"":false,""dataset"":""fashion_mnist"",""dataset_seed"":314159,""domain_shift"":""input_noise"",""epochs"":10,""experiment_seed"":4019,""gamma"":0.5,""local_seed"":10067,""matching"":""activation"",""max_test_samples"":5000,""max_train_samples"":10000,""model_index"":1,""n_models"":3,""optimizer"":""adamw"",""scheduler"":""cosine"",""step_size"":3,""train_split_seed"":314176,""weight_decay"":0.0001,""width"":128}",neighbor_control,Fashion-MNIST N=3 input-noise activation control.
fashion_mnist_mlp2_N3_W128_input_noise_activation,fashion_mnist_mlp2_N3_W128_input_noise_activation_seed4019,fashion_mnist,mlp2,3,128,input_noise,activation,4019,2,11076,0.49341067504882813,0.8245,0.5546055020332337,0.805,False,,"{""architecture"":""mlp2"",""augmentation"":""none"",""checkpoint_saved"":false,""dataset"":""fashion_mnist"",""dataset_seed"":314159,""domain_shift"":""input_noise"",""epochs"":10,""experiment_seed"":4019,""gamma"":0.5,""local_seed"":11076,""matching"":""activation"",""max_test_samples"":5000,""max_train_samples"":10000,""model_index"":2,""n_models"":3,""optimizer"":""adamw"",""scheduler"":""cosine"",""step_size"":3,""train_split_seed"":314176,""weight_decay"":0.0001,""width"":128}",neighbor_control,Fashion-MNIST N=3 input-noise activation control.
mnist_mlp2_N3_W128_none_activation,mnist_mlp2_N3_W128_none_activation_seed4000,mnist,mlp2,3,128,none,activation,4000,0,9039,0.1862330198287964,0.941,0.23767604646682738,0.9314,False,,"{""architecture"":""mlp2"",""augmentation"":""none"",""checkpoint_saved"":false,""dataset"":""mnist"",""dataset_seed"":314159,""domain_shift"":""none"",""epochs"":10,""experiment_seed"":4000,""gamma"":0.5,""local_seed"":9039,""matching"":""activation"",""max_test_samples"":5000,""max_train_samples"":10000,""model_index"":0,""n_models"":3,""optimizer"":""adamw"",""scheduler"":""cosine"",""step_size"":3,""train_split_seed"":314176,""weight_decay"":0.0001,""width"":128}",neighbor_control,MNIST N=3 no-shift activation control.
mnist_mlp2_N3_W128_none_activation,mnist_mlp2_N3_W128_none_activation_seed4000,mnist,mlp2,3,128,none,activation,4000,1,10048,0.1731812219619751,0.944,0.2324078318119049,0.932,False,,"{""architecture"":""mlp2"",""augmentation"":""none"",""checkpoint_saved"":false,""dataset"":""mnist"",""dataset_seed"":314159,""domain_shift"":""none"",""epochs"":10,""experiment_seed"":4000,""gamma"":0.5,""local_seed"":10048,""matching"":""activation"",""max_test_samples"":5000,""max_train_samples"":10000,""model_index"":1,""n_models"":3,""optimizer"":""adamw"",""scheduler"":""cosine"",""step_size"":3,""train_split_seed"":314176,""weight_decay"":0.0001,""width"":128}",neighbor_control,MNIST N=3 no-shift activation control.
mnist_mlp2_N3_W128_none_activation,mnist_mlp2_N3_W128_none_activation_seed4000,mnist,mlp2,3,128,none,activation,4000,2,11057,0.19010223531723022,0.9395,0.24409523100852967,0.9302,False,,"{""architecture"":""mlp2"",""augmentation"":""none"",""checkpoint_saved"":false,""dataset"":""mnist"",""dataset_seed"":314159,""domain_shift"":""none"",""epochs"":10,""experiment_seed"":4000,""gamma"":0.5,""local_seed"":11057,""matching"":""activation"",""max_test_samples"":5000,""max_train_samples"":10000,""model_index"":2,""n_models"":3,""optimizer"":""adamw"",""scheduler"":""cosine"",""step_size"":3,""train_split_seed"":314176,""weight_decay"":0.0001,""width"":128}",neighbor_control,MNIST N=3 no-shift activation control.
mnist_mlp2_N3_W128_none_activation,mnist_mlp2_N3_W128_none_activation_seed4001,mnist,mlp2,3,128,none,activation,4001,0,9040,0.1921696629524231,0.9395,0.25363695249557494,0.929,False,,"{""architecture"":""mlp2"",""augmentation"":""none"",""checkpoint_saved"":false,""dataset"":""mnist"",""dataset_seed"":314159,""domain_shift"":""none"",""epochs"":10,""experiment_seed"":4001,""gamma"":0.5,""local_seed"":9040,""matching"":""activation"",""max_test_samples"":5000,""max_train_samples"":10000,""model_index"":0,""n_models"":3,""optimizer"":""adamw"",""scheduler"":""cosine"",""step_size"":3,""train_split_seed"":314176,""weight_decay"":0.0001,""width"":128}",neighbor_control,MNIST N=3 no-shift activation control.
mnist_mlp2_N3_W128_none_activation,mnist_mlp2_N3_W128_none_activation_seed4001,mnist,mlp2,3,128,none,activation,4001,1,10049,0.1765434503555298,0.94,0.23258943400382995,0.9338,False,,"{""architecture"":""mlp2"",""augmentation"":""none"",""checkpoint_saved"":false,""dataset"":""mnist"",""dataset_seed"":314159,""domain_shift"":""none"",""epochs"":10,""experiment_seed"":4001,""gamma"":0.5,""local_seed"":10049,""matching"":""activation"",""max_test_samples"":5000,""max_train_samples"":10000,""model_index"":1,""n_models"":3,""optimizer"":""adamw"",""scheduler"":""cosine"",""step_size"":3,""train_split_seed"":314176,""weight_decay"":0.0001,""width"":128}",neighbor_control,MNIST N=3 no-shift activation control.
mnist_mlp2_N3_W128_none_activation,mnist_mlp2_N3_W128_none_activation_seed4001,mnist,mlp2,3,128,none,activation,4001,2,11058,0.19207236099243163,0.9385,0.24204897572994233,0.9294,False,,"{""architecture"":""mlp2"",""augmentation"":""none"",""checkpoint_saved"":false,""dataset"":""mnist"",""dataset_seed"":314159,""domain_shift"":""none"",""epochs"":10,""experiment_seed"":4001,""gamma"":0.5,""local_seed"":11058,""matching"":""activation"",""max_test_samples"":5000,""max_train_samples"":10000,""model_index"":2,""n_models"":3,""optimizer"":""adamw"",""scheduler"":""cosine"",""step_size"":3,""train_split_seed"":314176,""weight_decay"":0.0001,""width"":128}",neighbor_control,MNIST N=3 no-shift activation control.
mnist_mlp2_N3_W128_none_activation,mnist_mlp2_N3_W128_none_activation_seed4002,mnist,mlp2,3,128,none,activation,4002,0,9041,0.18304181480407714,0.9425,0.23926671385765075,0.9298,False,,"{""architecture"":""mlp2"",""augmentation"":""none"",""checkpoint_saved"":false,""dataset"":""mnist"",""dataset_seed"":314159,""domain_shift"":""none"",""epochs"":10,""experiment_seed"":4002,""gamma"":0.5,""local_seed"":9041,""matching"":""activation"",""max_test_samples"":5000,""max_train_samples"":10000,""model_index"":0,""n_models"":3,""optimizer"":""adamw"",""scheduler"":""cosine"",""step_size"":3,""train_split_seed"":314176,""weight_decay"":0.0001,""width"":128}",neighbor_control,MNIST N=3 no-shift activation control.
mnist_mlp2_N3_W128_none_activation,mnist_mlp2_N3_W128_none_activation_seed4002,mnist,mlp2,3,128,none,activation,4002,1,10050,0.1861171464920044,0.9405,0.24189549777507782,0.928,False,,"{""architecture"":""mlp2"",""augmentation"":""none"",""checkpoint_saved"":false,""dataset"":""mnist"",""dataset_seed"":314159,""domain_shift"":""none"",""epochs"":10,""experiment_seed"":4002,""gamma"":0.5,""local_seed"":10050,""matching"":""activation"",""max_test_samples"":5000,""max_train_samples"":10000,""model_index"":1,""n_models"":3,""optimizer"":""adamw"",""scheduler"":""cosine"",""step_size"":3,""train_split_seed"":314176,""weight_decay"":0.0001,""width"":128}",neighbor_control,MNIST N=3 no-shift activation control.
mnist_mlp2_N3_W128_none_activation,mnist_mlp2_N3_W128_none_activation_seed4002,mnist,mlp2,3,128,none,activation,4002,2,11059,0.18044901943206787,0.942,0.23858646249771118,0.9292,False,,"{""architecture"":""mlp2"",""augmentation"":""none"",""checkpoint_saved"":false,""dataset"":""mnist"",""dataset_seed"":314159,""domain_shift"":""none"",""epochs"":10,""experiment_seed"":4002,""gamma"":0.5,""local_seed"":11059,""matching"":""activation"",""max_test_samples"":5000,""max_train_samples"":10000,""model_index"":2,""n_models"":3,""optimizer"":""adamw"",""scheduler"":""cosine"",""step_size"":3,""train_split_seed"":314176,""weight_decay"":0.0001,""width"":128}",neighbor_control,MNIST N=3 no-shift activation control.
mnist_mlp2_N3_W128_none_activation,mnist_mlp2_N3_W128_none_activation_seed4003,mnist,mlp2,3,128,none,activation,4003,0,9042,0.19142051219940184,0.9415,0.2451247294664383,0.929,False,,"{""architecture"":""mlp2"",""augmentation"":""none"",""checkpoint_saved"":false,""dataset"":""mnist"",""dataset_seed"":314159,""domain_shift"":""none"",""epochs"":10,""experiment_seed"":4003,""gamma"":0.5,""local_seed"":9042,""matching"":""activation"",""max_test_samples"":5000,""max_train_samples"":10000,""model_index"":0,""n_models"":3,""optimizer"":""adamw"",""scheduler"":""cosine"",""step_size"":3,""train_split_seed"":314176,""weight_decay"":0.0001,""width"":128}",neighbor_control,MNIST N=3 no-shift activation control.
mnist_mlp2_N3_W128_none_activation,mnist_mlp2_N3_W128_none_activation_seed4003,mnist,mlp2,3,128,none,activation,4003,1,10051,0.18284437227249145,0.943,0.23809691770076752,0.931,False,,"{""architecture"":""mlp2"",""augmentation"":""none"",""checkpoint_saved"":false,""dataset"":""mnist"",""dataset_seed"":314159,""domain_shift"":""none"",""epochs"":10,""experiment_seed"":4003,""gamma"":0.5,""local_seed"":10051,""matching"":""activation"",""max_test_samples"":5000,""max_train_samples"":10000,""model_index"":1,""n_models"":3,""optimizer"":""adamw"",""scheduler"":""cosine"",""step_size"":3,""train_split_seed"":314176,""weight_decay"":0.0001,""width"":128}",neighbor_control,MNIST N=3 no-shift activation control.
mnist_mlp2_N3_W128_none_activation,mnist_mlp2_N3_W128_none_activation_seed4003,mnist,mlp2,3,128,none,activation,4003,2,11060,0.1906462802886963,0.941,0.24558974618911744,0.9286,False,,"{""architecture"":""mlp2"",""augmentation"":""none"",""checkpoint_saved"":false,""dataset"":""mnist"",""dataset_seed"":314159,""domain_shift"":""none"",""epochs"":10,""experiment_seed"":4003,""gamma"":0.5,""local_seed"":11060,""matching"":""activation"",""max_test_samples"":5000,""max_train_samples"":10000,""model_index"":2,""n_models"":3,""optimizer"":""adamw"",""scheduler"":""cosine"",""step_size"":3,""train_split_seed"":314176,""weight_decay"":0.0001,""width"":128}",neighbor_control,MNIST N=3 no-shift activation control.
mnist_mlp2_N3_W128_none_activation,mnist_mlp2_N3_W128_none_activation_seed4004,mnist,mlp2,3,128,none,activation,4004,0,9043,0.176237811088562,0.943,0.2320303691148758,0.9314,False,,"{""architecture"":""mlp2"",""augmentation"":""none"",""checkpoint_saved"":false,""dataset"":""mnist"",""dataset_seed"":314159,""domain_shift"":""none"",""epochs"":10,""experiment_seed"":4004,""gamma"":0.5,""local_seed"":9043,""matching"":""activation"",""max_test_samples"":5000,""max_train_samples"":10000,""model_index"":0,""n_models"":3,""optimizer"":""adamw"",""scheduler"":""cosine"",""step_size"":3,""train_split_seed"":314176,""weight_decay"":0.0001,""width"":128}",neighbor_control,MNIST N=3 no-shift activation control.
mnist_mlp2_N3_W128_none_activation,mnist_mlp2_N3_W128_none_activation_seed4004,mnist,mlp2,3,128,none,activation,4004,1,10052,0.17906486749649048,0.9425,0.23659610137939452,0.93,False,,"{""architecture"":""mlp2"",""augmentation"":""none"",""checkpoint_saved"":false,""dataset"":""mnist"",""dataset_seed"":314159,""domain_shift"":""none"",""epochs"":10,""experiment_seed"":4004,""gamma"":0.5,""local_seed"":10052,""matching"":""activation"",""max_test_samples"":5000,""max_train_samples"":10000,""model_index"":1,""n_models"":3,""optimizer"":""adamw"",""scheduler"":""cosine"",""step_size"":3,""train_split_seed"":314176,""weight_decay"":0.0001,""width"":128}",neighbor_control,MNIST N=3 no-shift activation control.
mnist_mlp2_N3_W128_none_activation,mnist_mlp2_N3_W128_none_activation_seed4004,mnist,mlp2,3,128,none,activation,4004,2,11061,0.18774006509780883,0.94,0.23604587597846985,0.9296,False,,"{""architecture"":""mlp2"",""augmentation"":""none"",""checkpoint_saved"":false,""dataset"":""mnist"",""dataset_seed"":314159,""domain_shift"":""none"",""epochs"":10,""experiment_seed"":4004,""gamma"":0.5,""local_seed"":11061,""matching"":""activation"",""max_test_samples"":5000,""max_train_samples"":10000,""model_index"":2,""n_models"":3,""optimizer"":""adamw"",""scheduler"":""cosine"",""step_size"":3,""train_split_seed"":314176,""weight_decay"":0.0001,""width"":128}",neighbor_control,MNIST N=3 no-shift activation control.
mnist_mlp2_N3_W128_none_activation,mnist_mlp2_N3_W128_none_activation_seed4005,mnist,mlp2,3,128,none,activation,4005,0,9044,0.19760346841812135,0.938,0.24979474442005156,0.9284,False,,"{""architecture"":""mlp2"",""augmentation"":""none"",""checkpoint_saved"":false,""dataset"":""mnist"",""dataset_seed"":314159,""domain_shift"":""none"",""epochs"":10,""experiment_seed"":4005,""gamma"":0.5,""local_seed"":9044,""matching"":""activation"",""max_test_samples"":5000,""max_train_samples"":10000,""model_index"":0,""n_models"":3,""optimizer"":""adamw"",""scheduler"":""cosine"",""step_size"":3,""train_split_seed"":314176,""weight_decay"":0.0001,""width"":128}",neighbor_control,MNIST N=3 no-shift activation control.
mnist_mlp2_N3_W128_none_activation,mnist_mlp2_N3_W128_none_activation_seed4005,mnist,mlp2,3,128,none,activation,4005,1,10053,0.18406306314468385,0.941,0.24266377849578857,0.9292,False,,"{""architecture"":""mlp2"",""augmentation"":""none"",""checkpoint_saved"":false,""dataset"":""mnist"",""dataset_seed"":314159,""domain_shift"":""none"",""epochs"":10,""experiment_seed"":4005,""gamma"":0.5,""local_seed"":10053,""matching"":""activation"",""max_test_samples"":5000,""max_train_samples"":10000,""model_index"":1,""n_models"":3,""optimizer"":""adamw"",""scheduler"":""cosine"",""step_size"":3,""train_split_seed"":314176,""weight_decay"":0.0001,""width"":128}",neighbor_control,MNIST N=3 no-shift activation control.
mnist_mlp2_N3_W128_none_activation,mnist_mlp2_N3_W128_none_activation_seed4005,mnist,mlp2,3,128,none,activation,4005,2,11062,0.17734089040756226,0.9465,0.23500539827346803,0.9336,False,,"{""architecture"":""mlp2"",""augmentation"":""none"",""checkpoint_saved"":false,""dataset"":""mnist"",""dataset_seed"":314159,""domain_shift"":""none"",""epochs"":10,""experiment_seed"":4005,""gamma"":0.5,""local_seed"":11062,""matching"":""activation"",""max_test_samples"":5000,""max_train_samples"":10000,""model_index"":2,""n_models"":3,""optimizer"":""adamw"",""scheduler"":""cosine"",""step_size"":3,""train_split_seed"":314176,""weight_decay"":0.0001,""width"":128}",neighbor_control,MNIST N=3 no-shift activation control.
mnist_mlp2_N3_W128_none_activation,mnist_mlp2_N3_W128_none_activation_seed4006,mnist,mlp2,3,128,none,activation,4006,0,9045,0.19637600326538085,0.9365,0.25088211302757263,0.9282,False,,"{""architecture"":""mlp2"",""augmentation"":""none"",""checkpoint_saved"":false,""dataset"":""mnist"",""dataset_seed"":314159,""domain_shift"":""none"",""epochs"":10,""experiment_seed"":4006,""gamma"":0.5,""local_seed"":9045,""matching"":""activation"",""max_test_samples"":5000,""max_train_samples"":10000,""model_index"":0,""n_models"":3,""optimizer"":""adamw"",""scheduler"":""cosine"",""step_size"":3,""train_split_seed"":314176,""weight_decay"":0.0001,""width"":128}",neighbor_control,MNIST N=3 no-shift activation control.
mnist_mlp2_N3_W128_none_activation,mnist_mlp2_N3_W128_none_activation_seed4006,mnist,mlp2,3,128,none,activation,4006,1,10054,0.17652800178527833,0.9445,0.2346294825553894,0.9308,False,,"{""architecture"":""mlp2"",""augmentation"":""none"",""checkpoint_saved"":false,""dataset"":""mnist"",""dataset_seed"":314159,""domain_shift"":""none"",""epochs"":10,""experiment_seed"":4006,""gamma"":0.5,""local_seed"":10054,""matching"":""activation"",""max_test_samples"":5000,""max_train_samples"":10000,""model_index"":1,""n_models"":3,""optimizer"":""adamw"",""scheduler"":""cosine"",""step_size"":3,""train_split_seed"":314176,""weight_decay"":0.0001,""width"":128}",neighbor_control,MNIST N=3 no-shift activation control.
mnist_mlp2_N3_W128_none_activation,mnist_mlp2_N3_W128_none_activation_seed4006,mnist,mlp2,3,128,none,activation,4006,2,11063,0.18022580909729005,0.94,0.23781142256259918,0.9326,False,,"{""architecture"":""mlp2"",""augmentation"":""none"",""checkpoint_saved"":false,""dataset"":""mnist"",""dataset_seed"":314159,""domain_shift"":""none"",""epochs"":10,""experiment_seed"":4006,""gamma"":0.5,""local_seed"":11063,""matching"":""activation"",""max_test_samples"":5000,""max_train_samples"":10000,""model_index"":2,""n_models"":3,""optimizer"":""adamw"",""scheduler"":""cosine"",""step_size"":3,""train_split_seed"":314176,""weight_decay"":0.0001,""width"":128}",neighbor_control,MNIST N=3 no-shift activation control.
mnist_mlp2_N3_W128_none_activation,mnist_mlp2_N3_W128_none_activation_seed4007,mnist,mlp2,3,128,none,activation,4007,0,9046,0.17785286855697632,0.945,0.230192844247818,0.9338,False,,"{""architecture"":""mlp2"",""augmentation"":""none"",""checkpoint_saved"":false,""dataset"":""mnist"",""dataset_seed"":314159,""domain_shift"":""none"",""epochs"":10,""experiment_seed"":4007,""gamma"":0.5,""local_seed"":9046,""matching"":""activation"",""max_test_samples"":5000,""max_train_samples"":10000,""model_index"":0,""n_models"":3,""optimizer"":""adamw"",""scheduler"":""cosine"",""step_size"":3,""train_split_seed"":314176,""weight_decay"":0.0001,""width"":128}",neighbor_control,MNIST N=3 no-shift activation control.
mnist_mlp2_N3_W128_none_activation,mnist_mlp2_N3_W128_none_activation_seed4007,mnist,mlp2,3,128,none,activation,4007,1,10055,0.18433355045318603,0.9395,0.23796468780040742,0.9312,False,,"{""architecture"":""mlp2"",""augmentation"":""none"",""checkpoint_saved"":false,""dataset"":""mnist"",""dataset_seed"":314159,""domain_shift"":""none"",""epochs"":10,""experiment_seed"":4007,""gamma"":0.5,""local_seed"":10055,""matching"":""activation"",""max_test_samples"":5000,""max_train_samples"":10000,""model_index"":1,""n_models"":3,""optimizer"":""adamw"",""scheduler"":""cosine"",""step_size"":3,""train_split_seed"":314176,""weight_decay"":0.0001,""width"":128}",neighbor_control,MNIST N=3 no-shift activation control.
mnist_mlp2_N3_W128_none_activation,mnist_mlp2_N3_W128_none_activation_seed4007,mnist,mlp2,3,128,none,activation,4007,2,11064,0.18970107746124268,0.9375,0.24249398517608642,0.9312,False,,"{""architecture"":""mlp2"",""augmentation"":""none"",""checkpoint_saved"":false,""dataset"":""mnist"",""dataset_seed"":314159,""domain_shift"":""none"",""epochs"":10,""experiment_seed"":4007,""gamma"":0.5,""local_seed"":11064,""matching"":""activation"",""max_test_samples"":5000,""max_train_samples"":10000,""model_index"":2,""n_models"":3,""optimizer"":""adamw"",""scheduler"":""cosine"",""step_size"":3,""train_split_seed"":314176,""weight_decay"":0.0001,""width"":128}",neighbor_control,MNIST N=3 no-shift activation control.
mnist_mlp2_N3_W128_none_activation,mnist_mlp2_N3_W128_none_activation_seed4008,mnist,mlp2,3,128,none,activation,4008,0,9047,0.18644999980926513,0.941,0.23716860585212707,0.9318,False,,"{""architecture"":""mlp2"",""augmentation"":""none"",""checkpoint_saved"":false,""dataset"":""mnist"",""dataset_seed"":314159,""domain_shift"":""none"",""epochs"":10,""experiment_seed"":4008,""gamma"":0.5,""local_seed"":9047,""matching"":""activation"",""max_test_samples"":5000,""max_train_samples"":10000,""model_index"":0,""n_models"":3,""optimizer"":""adamw"",""scheduler"":""cosine"",""step_size"":3,""train_split_seed"":314176,""weight_decay"":0.0001,""width"":128}",neighbor_control,MNIST N=3 no-shift activation control.
mnist_mlp2_N3_W128_none_activation,mnist_mlp2_N3_W128_none_activation_seed4008,mnist,mlp2,3,128,none,activation,4008,1,10056,0.18151527118682861,0.943,0.2359660915851593,0.9318,False,,"{""architecture"":""mlp2"",""augmentation"":""none"",""checkpoint_saved"":false,""dataset"":""mnist"",""dataset_seed"":314159,""domain_shift"":""none"",""epochs"":10,""experiment_seed"":4008,""gamma"":0.5,""local_seed"":10056,""matching"":""activation"",""max_test_samples"":5000,""max_train_samples"":10000,""model_index"":1,""n_models"":3,""optimizer"":""adamw"",""scheduler"":""cosine"",""step_size"":3,""train_split_seed"":314176,""weight_decay"":0.0001,""width"":128}",neighbor_control,MNIST N=3 no-shift activation control.
mnist_mlp2_N3_W128_none_activation,mnist_mlp2_N3_W128_none_activation_seed4008,mnist,mlp2,3,128,none,activation,4008,2,11065,0.1829920063018799,0.941,0.23994001731872558,0.9322,False,,"{""architecture"":""mlp2"",""augmentation"":""none"",""checkpoint_saved"":false,""dataset"":""mnist"",""dataset_seed"":314159,""domain_shift"":""none"",""epochs"":10,""experiment_seed"":4008,""gamma"":0.5,""local_seed"":11065,""matching"":""activation"",""max_test_samples"":5000,""max_train_samples"":10000,""model_index"":2,""n_models"":3,""optimizer"":""adamw"",""scheduler"":""cosine"",""step_size"":3,""train_split_seed"":314176,""weight_decay"":0.0001,""width"":128}",neighbor_control,MNIST N=3 no-shift activation control.
mnist_mlp2_N3_W128_none_activation,mnist_mlp2_N3_W128_none_activation_seed4009,mnist,mlp2,3,128,none,activation,4009,0,9048,0.18381121301651002,0.941,0.24051839036941527,0.9312,False,,"{""architecture"":""mlp2"",""augmentation"":""none"",""checkpoint_saved"":false,""dataset"":""mnist"",""dataset_seed"":314159,""domain_shift"":""none"",""epochs"":10,""experiment_seed"":4009,""gamma"":0.5,""local_seed"":9048,""matching"":""activation"",""max_test_samples"":5000,""max_train_samples"":10000,""model_index"":0,""n_models"":3,""optimizer"":""adamw"",""scheduler"":""cosine"",""step_size"":3,""train_split_seed"":314176,""weight_decay"":0.0001,""width"":128}",neighbor_control,MNIST N=3 no-shift activation control.
mnist_mlp2_N3_W128_none_activation,mnist_mlp2_N3_W128_none_activation_seed4009,mnist,mlp2,3,128,none,activation,4009,1,10057,0.17513006019592287,0.9425,0.23449219627380372,0.932,False,,"{""architecture"":""mlp2"",""augmentation"":""none"",""checkpoint_saved"":false,""dataset"":""mnist"",""dataset_seed"":314159,""domain_shift"":""none"",""epochs"":10,""experiment_seed"":4009,""gamma"":0.5,""local_seed"":10057,""matching"":""activation"",""max_test_samples"":5000,""max_train_samples"":10000,""model_index"":1,""n_models"":3,""optimizer"":""adamw"",""scheduler"":""cosine"",""step_size"":3,""train_split_seed"":314176,""weight_decay"":0.0001,""width"":128}",neighbor_control,MNIST N=3 no-shift activation control.
mnist_mlp2_N3_W128_none_activation,mnist_mlp2_N3_W128_none_activation_seed4009,mnist,mlp2,3,128,none,activation,4009,2,11066,0.18662948656082154,0.9415,0.2447567759513855,0.9308,False,,"{""architecture"":""mlp2"",""augmentation"":""none"",""checkpoint_saved"":false,""dataset"":""mnist"",""dataset_seed"":314159,""domain_shift"":""none"",""epochs"":10,""experiment_seed"":4009,""gamma"":0.5,""local_seed"":11066,""matching"":""activation"",""max_test_samples"":5000,""max_train_samples"":10000,""model_index"":2,""n_models"":3,""optimizer"":""adamw"",""scheduler"":""cosine"",""step_size"":3,""train_split_seed"":314176,""weight_decay"":0.0001,""width"":128}",neighbor_control,MNIST N=3 no-shift activation control.
mnist_mlp2_N3_W128_none_activation,mnist_mlp2_N3_W128_none_activation_seed4010,mnist,mlp2,3,128,none,activation,4010,0,9049,0.18094357776641845,0.9395,0.23248529648780822,0.933,False,,"{""architecture"":""mlp2"",""augmentation"":""none"",""checkpoint_saved"":false,""dataset"":""mnist"",""dataset_seed"":314159,""domain_shift"":""none"",""epochs"":10,""experiment_seed"":4010,""gamma"":0.5,""local_seed"":9049,""matching"":""activation"",""max_test_samples"":5000,""max_train_samples"":10000,""model_index"":0,""n_models"":3,""optimizer"":""adamw"",""scheduler"":""cosine"",""step_size"":3,""train_split_seed"":314176,""weight_decay"":0.0001,""width"":128}",neighbor_control,MNIST N=3 no-shift activation control.
mnist_mlp2_N3_W128_none_activation,mnist_mlp2_N3_W128_none_activation_seed4010,mnist,mlp2,3,128,none,activation,4010,1,10058,0.1825291566848755,0.938,0.23952955446243285,0.93,False,,"{""architecture"":""mlp2"",""augmentation"":""none"",""checkpoint_saved"":false,""dataset"":""mnist"",""dataset_seed"":314159,""domain_shift"":""none"",""epochs"":10,""experiment_seed"":4010,""gamma"":0.5,""local_seed"":10058,""matching"":""activation"",""max_test_samples"":5000,""max_train_samples"":10000,""model_index"":1,""n_models"":3,""optimizer"":""adamw"",""scheduler"":""cosine"",""step_size"":3,""train_split_seed"":314176,""weight_decay"":0.0001,""width"":128}",neighbor_control,MNIST N=3 no-shift activation control.
mnist_mlp2_N3_W128_none_activation,mnist_mlp2_N3_W128_none_activation_seed4010,mnist,mlp2,3,128,none,activation,4010,2,11067,0.18627601957321166,0.9405,0.23989537472724914,0.9298,False,,"{""architecture"":""mlp2"",""augmentation"":""none"",""checkpoint_saved"":false,""dataset"":""mnist"",""dataset_seed"":314159,""domain_shift"":""none"",""epochs"":10,""experiment_seed"":4010,""gamma"":0.5,""local_seed"":11067,""matching"":""activation"",""max_test_samples"":5000,""max_train_samples"":10000,""model_index"":2,""n_models"":3,""optimizer"":""adamw"",""scheduler"":""cosine"",""step_size"":3,""train_split_seed"":314176,""weight_decay"":0.0001,""width"":128}",neighbor_control,MNIST N=3 no-shift activation control.
mnist_mlp2_N3_W128_none_activation,mnist_mlp2_N3_W128_none_activation_seed4011,mnist,mlp2,3,128,none,activation,4011,0,9050,0.1838773784637451,0.939,0.238213987159729,0.9322,False,,"{""architecture"":""mlp2"",""augmentation"":""none"",""checkpoint_saved"":false,""dataset"":""mnist"",""dataset_seed"":314159,""domain_shift"":""none"",""epochs"":10,""experiment_seed"":4011,""gamma"":0.5,""local_seed"":9050,""matching"":""activation"",""max_test_samples"":5000,""max_train_samples"":10000,""model_index"":0,""n_models"":3,""optimizer"":""adamw"",""scheduler"":""cosine"",""step_size"":3,""train_split_seed"":314176,""weight_decay"":0.0001,""width"":128}",neighbor_control,MNIST N=3 no-shift activation control.
mnist_mlp2_N3_W128_none_activation,mnist_mlp2_N3_W128_none_activation_seed4011,mnist,mlp2,3,128,none,activation,4011,1,10059,0.18841673517227173,0.942,0.24159526398181916,0.9312,False,,"{""architecture"":""mlp2"",""augmentation"":""none"",""checkpoint_saved"":false,""dataset"":""mnist"",""dataset_seed"":314159,""domain_shift"":""none"",""epochs"":10,""experiment_seed"":4011,""gamma"":0.5,""local_seed"":10059,""matching"":""activation"",""max_test_samples"":5000,""max_train_samples"":10000,""model_index"":1,""n_models"":3,""optimizer"":""adamw"",""scheduler"":""cosine"",""step_size"":3,""train_split_seed"":314176,""weight_decay"":0.0001,""width"":128}",neighbor_control,MNIST N=3 no-shift activation control.
mnist_mlp2_N3_W128_none_activation,mnist_mlp2_N3_W128_none_activation_seed4011,mnist,mlp2,3,128,none,activation,4011,2,11068,0.18005946254730223,0.9425,0.23626843104362488,0.9324,False,,"{""architecture"":""mlp2"",""augmentation"":""none"",""checkpoint_saved"":false,""dataset"":""mnist"",""dataset_seed"":314159,""domain_shift"":""none"",""epochs"":10,""experiment_seed"":4011,""gamma"":0.5,""local_seed"":11068,""matching"":""activation"",""max_test_samples"":5000,""max_train_samples"":10000,""model_index"":2,""n_models"":3,""optimizer"":""adamw"",""scheduler"":""cosine"",""step_size"":3,""train_split_seed"":314176,""weight_decay"":0.0001,""width"":128}",neighbor_control,MNIST N=3 no-shift activation control.
mnist_mlp2_N3_W128_none_activation,mnist_mlp2_N3_W128_none_activation_seed4012,mnist,mlp2,3,128,none,activation,4012,0,9051,0.17654211902618408,0.9385,0.2379455789089203,0.9322,False,,"{""architecture"":""mlp2"",""augmentation"":""none"",""checkpoint_saved"":false,""dataset"":""mnist"",""dataset_seed"":314159,""domain_shift"":""none"",""epochs"":10,""experiment_seed"":4012,""gamma"":0.5,""local_seed"":9051,""matching"":""activation"",""max_test_samples"":5000,""max_train_samples"":10000,""model_index"":0,""n_models"":3,""optimizer"":""adamw"",""scheduler"":""cosine"",""step_size"":3,""train_split_seed"":314176,""weight_decay"":0.0001,""width"":128}",neighbor_control,MNIST N=3 no-shift activation control.
mnist_mlp2_N3_W128_none_activation,mnist_mlp2_N3_W128_none_activation_seed4012,mnist,mlp2,3,128,none,activation,4012,1,10060,0.18653770780563356,0.941,0.240452925157547,0.9316,False,,"{""architecture"":""mlp2"",""augmentation"":""none"",""checkpoint_saved"":false,""dataset"":""mnist"",""dataset_seed"":314159,""domain_shift"":""none"",""epochs"":10,""experiment_seed"":4012,""gamma"":0.5,""local_seed"":10060,""matching"":""activation"",""max_test_samples"":5000,""max_train_samples"":10000,""model_index"":1,""n_models"":3,""optimizer"":""adamw"",""scheduler"":""cosine"",""step_size"":3,""train_split_seed"":314176,""weight_decay"":0.0001,""width"":128}",neighbor_control,MNIST N=3 no-shift activation control.
mnist_mlp2_N3_W128_none_activation,mnist_mlp2_N3_W128_none_activation_seed4012,mnist,mlp2,3,128,none,activation,4012,2,11069,0.1821218285560608,0.943,0.23786658873558045,0.9296,False,,"{""architecture"":""mlp2"",""augmentation"":""none"",""checkpoint_saved"":false,""dataset"":""mnist"",""dataset_seed"":314159,""domain_shift"":""none"",""epochs"":10,""experiment_seed"":4012,""gamma"":0.5,""local_seed"":11069,""matching"":""activation"",""max_test_samples"":5000,""max_train_samples"":10000,""model_index"":2,""n_models"":3,""optimizer"":""adamw"",""scheduler"":""cosine"",""step_size"":3,""train_split_seed"":314176,""weight_decay"":0.0001,""width"":128}",neighbor_control,MNIST N=3 no-shift activation control.
mnist_mlp2_N3_W128_none_activation,mnist_mlp2_N3_W128_none_activation_seed4013,mnist,mlp2,3,128,none,activation,4013,0,9052,0.1781674041748047,0.942,0.2392194739341736,0.9348,False,,"{""architecture"":""mlp2"",""augmentation"":""none"",""checkpoint_saved"":false,""dataset"":""mnist"",""dataset_seed"":314159,""domain_shift"":""none"",""epochs"":10,""experiment_seed"":4013,""gamma"":0.5,""local_seed"":9052,""matching"":""activation"",""max_test_samples"":5000,""max_train_samples"":10000,""model_index"":0,""n_models"":3,""optimizer"":""adamw"",""scheduler"":""cosine"",""step_size"":3,""train_split_seed"":314176,""weight_decay"":0.0001,""width"":128}",neighbor_control,MNIST N=3 no-shift activation control.
mnist_mlp2_N3_W128_none_activation,mnist_mlp2_N3_W128_none_activation_seed4013,mnist,mlp2,3,128,none,activation,4013,1,10061,0.19185480737686159,0.9385,0.2405427265405655,0.9288,False,,"{""architecture"":""mlp2"",""augmentation"":""none"",""checkpoint_saved"":false,""dataset"":""mnist"",""dataset_seed"":314159,""domain_shift"":""none"",""epochs"":10,""experiment_seed"":4013,""gamma"":0.5,""local_seed"":10061,""matching"":""activation"",""max_test_samples"":5000,""max_train_samples"":10000,""model_index"":1,""n_models"":3,""optimizer"":""adamw"",""scheduler"":""cosine"",""step_size"":3,""train_split_seed"":314176,""weight_decay"":0.0001,""width"":128}",neighbor_control,MNIST N=3 no-shift activation control.
mnist_mlp2_N3_W128_none_activation,mnist_mlp2_N3_W128_none_activation_seed4013,mnist,mlp2,3,128,none,activation,4013,2,11070,0.18523901748657226,0.9425,0.24397059931755066,0.9296,False,,"{""architecture"":""mlp2"",""augmentation"":""none"",""checkpoint_saved"":false,""dataset"":""mnist"",""dataset_seed"":314159,""domain_shift"":""none"",""epochs"":10,""experiment_seed"":4013,""gamma"":0.5,""local_seed"":11070,""matching"":""activation"",""max_test_samples"":5000,""max_train_samples"":10000,""model_index"":2,""n_models"":3,""optimizer"":""adamw"",""scheduler"":""cosine"",""step_size"":3,""train_split_seed"":314176,""weight_decay"":0.0001,""width"":128}",neighbor_control,MNIST N=3 no-shift activation control.
mnist_mlp2_N3_W128_none_activation,mnist_mlp2_N3_W128_none_activation_seed4014,mnist,mlp2,3,128,none,activation,4014,0,9053,0.19455834770202637,0.9395,0.2518703102111816,0.9294,False,,"{""architecture"":""mlp2"",""augmentation"":""none"",""checkpoint_saved"":false,""dataset"":""mnist"",""dataset_seed"":314159,""domain_shift"":""none"",""epochs"":10,""experiment_seed"":4014,""gamma"":0.5,""local_seed"":9053,""matching"":""activation"",""max_test_samples"":5000,""max_train_samples"":10000,""model_index"":0,""n_models"":3,""optimizer"":""adamw"",""scheduler"":""cosine"",""step_size"":3,""train_split_seed"":314176,""weight_decay"":0.0001,""width"":128}",neighbor_control,MNIST N=3 no-shift activation control.
mnist_mlp2_N3_W128_none_activation,mnist_mlp2_N3_W128_none_activation_seed4014,mnist,mlp2,3,128,none,activation,4014,1,10062,0.1869816265106201,0.9415,0.24572359046936035,0.9296,False,,"{""architecture"":""mlp2"",""augmentation"":""none"",""checkpoint_saved"":false,""dataset"":""mnist"",""dataset_seed"":314159,""domain_shift"":""none"",""epochs"":10,""experiment_seed"":4014,""gamma"":0.5,""local_seed"":10062,""matching"":""activation"",""max_test_samples"":5000,""max_train_samples"":10000,""model_index"":1,""n_models"":3,""optimizer"":""adamw"",""scheduler"":""cosine"",""step_size"":3,""train_split_seed"":314176,""weight_decay"":0.0001,""width"":128}",neighbor_control,MNIST N=3 no-shift activation control.
mnist_mlp2_N3_W128_none_activation,mnist_mlp2_N3_W128_none_activation_seed4014,mnist,mlp2,3,128,none,activation,4014,2,11071,0.1926949920654297,0.9365,0.246402530169487,0.9284,False,,"{""architecture"":""mlp2"",""augmentation"":""none"",""checkpoint_saved"":false,""dataset"":""mnist"",""dataset_seed"":314159,""domain_shift"":""none"",""epochs"":10,""experiment_seed"":4014,""gamma"":0.5,""local_seed"":11071,""matching"":""activation"",""max_test_samples"":5000,""max_train_samples"":10000,""model_index"":2,""n_models"":3,""optimizer"":""adamw"",""scheduler"":""cosine"",""step_size"":3,""train_split_seed"":314176,""weight_decay"":0.0001,""width"":128}",neighbor_control,MNIST N=3 no-shift activation control.
mnist_mlp2_N3_W128_none_activation,mnist_mlp2_N3_W128_none_activation_seed4015,mnist,mlp2,3,128,none,activation,4015,0,9054,0.18493742322921752,0.943,0.24096791841983795,0.9314,False,,"{""architecture"":""mlp2"",""augmentation"":""none"",""checkpoint_saved"":false,""dataset"":""mnist"",""dataset_seed"":314159,""domain_shift"":""none"",""epochs"":10,""experiment_seed"":4015,""gamma"":0.5,""local_seed"":9054,""matching"":""activation"",""max_test_samples"":5000,""max_train_samples"":10000,""model_index"":0,""n_models"":3,""optimizer"":""adamw"",""scheduler"":""cosine"",""step_size"":3,""train_split_seed"":314176,""weight_decay"":0.0001,""width"":128}",neighbor_control,MNIST N=3 no-shift activation control.
mnist_mlp2_N3_W128_none_activation,mnist_mlp2_N3_W128_none_activation_seed4015,mnist,mlp2,3,128,none,activation,4015,1,10063,0.19022245359420775,0.9385,0.24537361001968383,0.9282,False,,"{""architecture"":""mlp2"",""augmentation"":""none"",""checkpoint_saved"":false,""dataset"":""mnist"",""dataset_seed"":314159,""domain_shift"":""none"",""epochs"":10,""experiment_seed"":4015,""gamma"":0.5,""local_seed"":10063,""matching"":""activation"",""max_test_samples"":5000,""max_train_samples"":10000,""model_index"":1,""n_models"":3,""optimizer"":""adamw"",""scheduler"":""cosine"",""step_size"":3,""train_split_seed"":314176,""weight_decay"":0.0001,""width"":128}",neighbor_control,MNIST N=3 no-shift activation control.
mnist_mlp2_N3_W128_none_activation,mnist_mlp2_N3_W128_none_activation_seed4015,mnist,mlp2,3,128,none,activation,4015,2,11072,0.18114724445343017,0.9415,0.23600555007457732,0.933,False,,"{""architecture"":""mlp2"",""augmentation"":""none"",""checkpoint_saved"":false,""dataset"":""mnist"",""dataset_seed"":314159,""domain_shift"":""none"",""epochs"":10,""experiment_seed"":4015,""gamma"":0.5,""local_seed"":11072,""matching"":""activation"",""max_test_samples"":5000,""max_train_samples"":10000,""model_index"":2,""n_models"":3,""optimizer"":""adamw"",""scheduler"":""cosine"",""step_size"":3,""train_split_seed"":314176,""weight_decay"":0.0001,""width"":128}",neighbor_control,MNIST N=3 no-shift activation control.
mnist_mlp2_N3_W128_none_activation,mnist_mlp2_N3_W128_none_activation_seed4016,mnist,mlp2,3,128,none,activation,4016,0,9055,0.1924304790496826,0.938,0.24209804091453552,0.9286,False,,"{""architecture"":""mlp2"",""augmentation"":""none"",""checkpoint_saved"":false,""dataset"":""mnist"",""dataset_seed"":314159,""domain_shift"":""none"",""epochs"":10,""experiment_seed"":4016,""gamma"":0.5,""local_seed"":9055,""matching"":""activation"",""max_test_samples"":5000,""max_train_samples"":10000,""model_index"":0,""n_models"":3,""optimizer"":""adamw"",""scheduler"":""cosine"",""step_size"":3,""train_split_seed"":314176,""weight_decay"":0.0001,""width"":128}",neighbor_control,MNIST N=3 no-shift activation control.
mnist_mlp2_N3_W128_none_activation,mnist_mlp2_N3_W128_none_activation_seed4016,mnist,mlp2,3,128,none,activation,4016,1,10064,0.1840333638191223,0.9375,0.24171845383644103,0.9304,False,,"{""architecture"":""mlp2"",""augmentation"":""none"",""checkpoint_saved"":false,""dataset"":""mnist"",""dataset_seed"":314159,""domain_shift"":""none"",""epochs"":10,""experiment_seed"":4016,""gamma"":0.5,""local_seed"":10064,""matching"":""activation"",""max_test_samples"":5000,""max_train_samples"":10000,""model_index"":1,""n_models"":3,""optimizer"":""adamw"",""scheduler"":""cosine"",""step_size"":3,""train_split_seed"":314176,""weight_decay"":0.0001,""width"":128}",neighbor_control,MNIST N=3 no-shift activation control.
mnist_mlp2_N3_W128_none_activation,mnist_mlp2_N3_W128_none_activation_seed4016,mnist,mlp2,3,128,none,activation,4016,2,11073,0.18347824954986572,0.941,0.24184647905826567,0.9308,False,,"{""architecture"":""mlp2"",""augmentation"":""none"",""checkpoint_saved"":false,""dataset"":""mnist"",""dataset_seed"":314159,""domain_shift"":""none"",""epochs"":10,""experiment_seed"":4016,""gamma"":0.5,""local_seed"":11073,""matching"":""activation"",""max_test_samples"":5000,""max_train_samples"":10000,""model_index"":2,""n_models"":3,""optimizer"":""adamw"",""scheduler"":""cosine"",""step_size"":3,""train_split_seed"":314176,""weight_decay"":0.0001,""width"":128}",neighbor_control,MNIST N=3 no-shift activation control.
mnist_mlp2_N3_W128_none_activation,mnist_mlp2_N3_W128_none_activation_seed4017,mnist,mlp2,3,128,none,activation,4017,0,9056,0.18154382181167603,0.942,0.2347814096927643,0.93,False,,"{""architecture"":""mlp2"",""augmentation"":""none"",""checkpoint_saved"":false,""dataset"":""mnist"",""dataset_seed"":314159,""domain_shift"":""none"",""epochs"":10,""experiment_seed"":4017,""gamma"":0.5,""local_seed"":9056,""matching"":""activation"",""max_test_samples"":5000,""max_train_samples"":10000,""model_index"":0,""n_models"":3,""optimizer"":""adamw"",""scheduler"":""cosine"",""step_size"":3,""train_split_seed"":314176,""weight_decay"":0.0001,""width"":128}",neighbor_control,MNIST N=3 no-shift activation control.
mnist_mlp2_N3_W128_none_activation,mnist_mlp2_N3_W128_none_activation_seed4017,mnist,mlp2,3,128,none,activation,4017,1,10065,0.1914544186592102,0.939,0.24627064876556395,0.929,False,,"{""architecture"":""mlp2"",""augmentation"":""none"",""checkpoint_saved"":false,""dataset"":""mnist"",""dataset_seed"":314159,""domain_shift"":""none"",""epochs"":10,""experiment_seed"":4017,""gamma"":0.5,""local_seed"":10065,""matching"":""activation"",""max_test_samples"":5000,""max_train_samples"":10000,""model_index"":1,""n_models"":3,""optimizer"":""adamw"",""scheduler"":""cosine"",""step_size"":3,""train_split_seed"":314176,""weight_decay"":0.0001,""width"":128}",neighbor_control,MNIST N=3 no-shift activation control.
mnist_mlp2_N3_W128_none_activation,mnist_mlp2_N3_W128_none_activation_seed4017,mnist,mlp2,3,128,none,activation,4017,2,11074,0.1891736888885498,0.9385,0.24192179384231569,0.9294,False,,"{""architecture"":""mlp2"",""augmentation"":""none"",""checkpoint_saved"":false,""dataset"":""mnist"",""dataset_seed"":314159,""domain_shift"":""none"",""epochs"":10,""experiment_seed"":4017,""gamma"":0.5,""local_seed"":11074,""matching"":""activation"",""max_test_samples"":5000,""max_train_samples"":10000,""model_index"":2,""n_models"":3,""optimizer"":""adamw"",""scheduler"":""cosine"",""step_size"":3,""train_split_seed"":314176,""weight_decay"":0.0001,""width"":128}",neighbor_control,MNIST N=3 no-shift activation control.
mnist_mlp2_N3_W128_none_activation,mnist_mlp2_N3_W128_none_activation_seed4018,mnist,mlp2,3,128,none,activation,4018,0,9057,0.19229537773132324,0.9365,0.24517451515197755,0.93,False,,"{""architecture"":""mlp2"",""augmentation"":""none"",""checkpoint_saved"":false,""dataset"":""mnist"",""dataset_seed"":314159,""domain_shift"":""none"",""epochs"":10,""experiment_seed"":4018,""gamma"":0.5,""local_seed"":9057,""matching"":""activation"",""max_test_samples"":5000,""max_train_samples"":10000,""model_index"":0,""n_models"":3,""optimizer"":""adamw"",""scheduler"":""cosine"",""step_size"":3,""train_split_seed"":314176,""weight_decay"":0.0001,""width"":128}",neighbor_control,MNIST N=3 no-shift activation control.
mnist_mlp2_N3_W128_none_activation,mnist_mlp2_N3_W128_none_activation_seed4018,mnist,mlp2,3,128,none,activation,4018,1,10066,0.18425297737121582,0.9385,0.2419438111066818,0.93,False,,"{""architecture"":""mlp2"",""augmentation"":""none"",""checkpoint_saved"":false,""dataset"":""mnist"",""dataset_seed"":314159,""domain_shift"":""none"",""epochs"":10,""experiment_seed"":4018,""gamma"":0.5,""local_seed"":10066,""matching"":""activation"",""max_test_samples"":5000,""max_train_samples"":10000,""model_index"":1,""n_models"":3,""optimizer"":""adamw"",""scheduler"":""cosine"",""step_size"":3,""train_split_seed"":314176,""weight_decay"":0.0001,""width"":128}",neighbor_control,MNIST N=3 no-shift activation control.
mnist_mlp2_N3_W128_none_activation,mnist_mlp2_N3_W128_none_activation_seed4018,mnist,mlp2,3,128,none,activation,4018,2,11075,0.1858301672935486,0.944,0.23867717118263246,0.9298,False,,"{""architecture"":""mlp2"",""augmentation"":""none"",""checkpoint_saved"":false,""dataset"":""mnist"",""dataset_seed"":314159,""domain_shift"":""none"",""epochs"":10,""experiment_seed"":4018,""gamma"":0.5,""local_seed"":11075,""matching"":""activation"",""max_test_samples"":5000,""max_train_samples"":10000,""model_index"":2,""n_models"":3,""optimizer"":""adamw"",""scheduler"":""cosine"",""step_size"":3,""train_split_seed"":314176,""weight_decay"":0.0001,""width"":128}",neighbor_control,MNIST N=3 no-shift activation control.
mnist_mlp2_N3_W128_none_activation,mnist_mlp2_N3_W128_none_activation_seed4019,mnist,mlp2,3,128,none,activation,4019,0,9058,0.1978753046989441,0.936,0.25055271649360655,0.9284,False,,"{""architecture"":""mlp2"",""augmentation"":""none"",""checkpoint_saved"":false,""dataset"":""mnist"",""dataset_seed"":314159,""domain_shift"":""none"",""epochs"":10,""experiment_seed"":4019,""gamma"":0.5,""local_seed"":9058,""matching"":""activation"",""max_test_samples"":5000,""max_train_samples"":10000,""model_index"":0,""n_models"":3,""optimizer"":""adamw"",""scheduler"":""cosine"",""step_size"":3,""train_split_seed"":314176,""weight_decay"":0.0001,""width"":128}",neighbor_control,MNIST N=3 no-shift activation control.
mnist_mlp2_N3_W128_none_activation,mnist_mlp2_N3_W128_none_activation_seed4019,mnist,mlp2,3,128,none,activation,4019,1,10067,0.18015812397003172,0.941,0.237115568113327,0.9308,False,,"{""architecture"":""mlp2"",""augmentation"":""none"",""checkpoint_saved"":false,""dataset"":""mnist"",""dataset_seed"":314159,""domain_shift"":""none"",""epochs"":10,""experiment_seed"":4019,""gamma"":0.5,""local_seed"":10067,""matching"":""activation"",""max_test_samples"":5000,""max_train_samples"":10000,""model_index"":1,""n_models"":3,""optimizer"":""adamw"",""scheduler"":""cosine"",""step_size"":3,""train_split_seed"":314176,""weight_decay"":0.0001,""width"":128}",neighbor_control,MNIST N=3 no-shift activation control.
mnist_mlp2_N3_W128_none_activation,mnist_mlp2_N3_W128_none_activation_seed4019,mnist,mlp2,3,128,none,activation,4019,2,11076,0.179419225692749,0.943,0.23566882503032685,0.9304,False,,"{""architecture"":""mlp2"",""augmentation"":""none"",""checkpoint_saved"":false,""dataset"":""mnist"",""dataset_seed"":314159,""domain_shift"":""none"",""epochs"":10,""experiment_seed"":4019,""gamma"":0.5,""local_seed"":11076,""matching"":""activation"",""max_test_samples"":5000,""max_train_samples"":10000,""model_index"":2,""n_models"":3,""optimizer"":""adamw"",""scheduler"":""cosine"",""step_size"":3,""train_split_seed"":314176,""weight_decay"":0.0001,""width"":128}",neighbor_control,MNIST N=3 no-shift activation control.
