setting_id,run_id,dataset,task_preset,architecture,width,n_tasks,seed,selector,validation_protocol,nested_validation_available,test_metrics_used_for_selection,candidate_pool_count,candidate_pool_methods_json,candidate_pool_families_json,selected_candidate_family,selected_method,selected_method_role,selected_candidate_label,selected_hyperparameters_json,selected_validation_accuracy,selected_validation_loss,selected_average_test_accuracy,selected_worst_task_accuracy,selected_average_test_loss,selected_uses_validation_data,selected_single_model,selected_capacity_matched,best_existing_setting_method,best_existing_setting_average_test_accuracy,best_existing_setting_worst_task_accuracy,delta_vs_best_existing_setting_method,worst_task_delta_vs_best_existing_setting_method,run_oracle_best_existing_method,run_oracle_best_existing_average_test_accuracy,run_oracle_best_existing_worst_task_accuracy,delta_vs_run_oracle_best_existing,worst_task_delta_vs_run_oracle_best_existing,selected_matches_best_existing_setting_method,selected_matches_run_oracle_best_existing,include_slerp,claim_boundary,candidate_grid_available,greedy_soup_grid_candidates_count,greedy_soup_grid_final_is_validation_max,delta_vs_greedy_soup,delta_vs_task_arithmetic,delta_vs_dare,delta_vs_ties_merging
fashion_mnist_fashion_class_subsets_mlp2_W128_N3,fashion_mnist_fashion_class_subsets_mlp2_W128_N3_seed7300,fashion_mnist,fashion_class_subsets,mlp2,128,3,7300,same_base_union_validation_selector,replay_existing_validation_split,False,False,10,"[""base_model"",""dare"",""greedy_soup"",""individual_finetuned_fashion_even"",""individual_finetuned_fashion_high"",""individual_finetuned_fashion_low"",""slerp_sequential"",""task_arithmetic"",""ties_merging"",""weight_average""]","[""base_model"",""dare_selected"",""greedy_soup_final_candidate"",""individual_finetuned_checkpoint"",""slerp_selected"",""task_arithmetic_selected"",""ties_selected"",""weight_average""]",dare_selected,dare,same_base_task_vector,dare,"{""drop_rate"":0.3,""scale"":0.5,""validation_accuracy"":0.7614372392870686,""validation_loss"":0.7013210065029406}",0.7614372392870686,0.7013210065029406,0.7233333333333333,0.6583333333333333,0.7459165721469455,True,True,True,dare,0.7233333333333333,0.6583333333333333,0.0,0.0,dare,0.7233333333333333,0.6583333333333333,0.0,0.0,True,True,True,same-base exact-setting validation selector; no independent-seed rebasin or Brauer/projective claim,True,3,True,0.036111111111111094,0.005555555555555536,0.0,0.12166666666666659
fashion_mnist_fashion_class_subsets_mlp2_W128_N3,fashion_mnist_fashion_class_subsets_mlp2_W128_N3_seed7301,fashion_mnist,fashion_class_subsets,mlp2,128,3,7301,same_base_union_validation_selector,replay_existing_validation_split,False,False,10,"[""base_model"",""dare"",""greedy_soup"",""individual_finetuned_fashion_even"",""individual_finetuned_fashion_high"",""individual_finetuned_fashion_low"",""slerp_sequential"",""task_arithmetic"",""ties_merging"",""weight_average""]","[""base_model"",""dare_selected"",""greedy_soup_final_candidate"",""individual_finetuned_checkpoint"",""slerp_selected"",""task_arithmetic_selected"",""ties_selected"",""weight_average""]",dare_selected,dare,same_base_task_vector,dare,"{""drop_rate"":0.5,""scale"":0.5,""validation_accuracy"":0.777944732297064,""validation_loss"":0.6726206596431611}",0.777944732297064,0.6726206596431611,0.726111111111111,0.6766666666666666,0.7593052842881945,True,True,True,dare,0.726111111111111,0.6766666666666666,0.0,0.0,dare,0.726111111111111,0.6766666666666666,0.0,0.0,True,True,True,same-base exact-setting validation selector; no independent-seed rebasin or Brauer/projective claim,True,3,True,0.026666666666666505,0.0022222222222221255,0.0,0.11944444444444446
fashion_mnist_fashion_class_subsets_mlp2_W128_N3,fashion_mnist_fashion_class_subsets_mlp2_W128_N3_seed7302,fashion_mnist,fashion_class_subsets,mlp2,128,3,7302,same_base_union_validation_selector,replay_existing_validation_split,False,False,10,"[""base_model"",""dare"",""greedy_soup"",""individual_finetuned_fashion_even"",""individual_finetuned_fashion_high"",""individual_finetuned_fashion_low"",""slerp_sequential"",""task_arithmetic"",""ties_merging"",""weight_average""]","[""base_model"",""dare_selected"",""greedy_soup_final_candidate"",""individual_finetuned_checkpoint"",""slerp_selected"",""task_arithmetic_selected"",""ties_selected"",""weight_average""]",dare_selected,dare,same_base_task_vector,dare,"{""drop_rate"":0.3,""scale"":0.5,""validation_accuracy"":0.7448319327731093,""validation_loss"":0.7349761606353561}",0.7448319327731093,0.7349761606353561,0.7338888888888889,0.695,0.7400545628865561,True,True,True,dare,0.7338888888888889,0.695,0.0,0.0,dare,0.7338888888888889,0.695,0.0,0.0,True,True,True,same-base exact-setting validation selector; no independent-seed rebasin or Brauer/projective claim,True,3,True,0.05666666666666664,0.0016666666666668162,0.0,0.08277777777777784
fashion_mnist_fashion_class_subsets_mlp2_W128_N3,fashion_mnist_fashion_class_subsets_mlp2_W128_N3_seed7303,fashion_mnist,fashion_class_subsets,mlp2,128,3,7303,same_base_union_validation_selector,replay_existing_validation_split,False,False,10,"[""base_model"",""dare"",""greedy_soup"",""individual_finetuned_fashion_even"",""individual_finetuned_fashion_high"",""individual_finetuned_fashion_low"",""slerp_sequential"",""task_arithmetic"",""ties_merging"",""weight_average""]","[""base_model"",""dare_selected"",""greedy_soup_final_candidate"",""individual_finetuned_checkpoint"",""slerp_selected"",""task_arithmetic_selected"",""ties_selected"",""weight_average""]",dare_selected,dare,same_base_task_vector,dare,"{""drop_rate"":0.5,""scale"":0.5,""validation_accuracy"":0.7794444444444445,""validation_loss"":0.6364373185899522}",0.7794444444444445,0.6364373185899522,0.7272222222222222,0.6633333333333333,0.7234309323628744,True,True,True,dare,0.7272222222222222,0.6633333333333333,0.0,0.0,dare,0.7272222222222222,0.6633333333333333,0.0,0.0,True,True,True,same-base exact-setting validation selector; no independent-seed rebasin or Brauer/projective claim,True,3,True,0.03222222222222226,0.0033333333333332993,0.0,0.11055555555555563
fashion_mnist_fashion_class_subsets_mlp2_W128_N3,fashion_mnist_fashion_class_subsets_mlp2_W128_N3_seed7304,fashion_mnist,fashion_class_subsets,mlp2,128,3,7304,same_base_union_validation_selector,replay_existing_validation_split,False,False,10,"[""base_model"",""dare"",""greedy_soup"",""individual_finetuned_fashion_even"",""individual_finetuned_fashion_high"",""individual_finetuned_fashion_low"",""slerp_sequential"",""task_arithmetic"",""ties_merging"",""weight_average""]","[""base_model"",""dare_selected"",""greedy_soup_final_candidate"",""individual_finetuned_checkpoint"",""slerp_selected"",""task_arithmetic_selected"",""ties_selected"",""weight_average""]",task_arithmetic_selected,task_arithmetic,same_base_task_vector,task_arithmetic,"{""scale"":0.5,""validation_accuracy"":0.772647931738082,""validation_loss"":0.6744872863569986}",0.772647931738082,0.6744872863569986,0.7383333333333333,0.6866666666666666,0.7393482165866428,True,True,True,dare,0.741111111111111,0.69,-0.002777777777777768,-0.0033333333333332993,dare,0.741111111111111,0.69,-0.002777777777777768,-0.0033333333333332993,False,False,True,same-base exact-setting validation selector; no independent-seed rebasin or Brauer/projective claim,True,3,True,0.05166666666666664,0.0,-0.002777777777777768,0.023888888888888737
fashion_mnist_fashion_class_subsets_mlp2_W128_N3,fashion_mnist_fashion_class_subsets_mlp2_W128_N3_seed7305,fashion_mnist,fashion_class_subsets,mlp2,128,3,7305,same_base_union_validation_selector,replay_existing_validation_split,False,False,10,"[""base_model"",""dare"",""greedy_soup"",""individual_finetuned_fashion_even"",""individual_finetuned_fashion_high"",""individual_finetuned_fashion_low"",""slerp_sequential"",""task_arithmetic"",""ties_merging"",""weight_average""]","[""base_model"",""dare_selected"",""greedy_soup_final_candidate"",""individual_finetuned_checkpoint"",""slerp_selected"",""task_arithmetic_selected"",""ties_selected"",""weight_average""]",task_arithmetic_selected,task_arithmetic,same_base_task_vector,task_arithmetic,"{""scale"":0.25,""validation_accuracy"":0.7402884881051057,""validation_loss"":0.7149027535871482}",0.7402884881051057,0.7149027535871482,0.7244444444444444,0.6533333333333333,0.7401462258232964,True,True,True,dare,0.7194444444444444,0.67,0.0050000000000000044,-0.01666666666666672,task_arithmetic,0.7244444444444444,0.6533333333333333,0.0,0.0,False,True,True,same-base exact-setting validation selector; no independent-seed rebasin or Brauer/projective claim,True,3,True,0.043333333333333335,0.0,0.0050000000000000044,0.09999999999999998
fashion_mnist_fashion_class_subsets_mlp2_W128_N3,fashion_mnist_fashion_class_subsets_mlp2_W128_N3_seed7306,fashion_mnist,fashion_class_subsets,mlp2,128,3,7306,same_base_union_validation_selector,replay_existing_validation_split,False,False,10,"[""base_model"",""dare"",""greedy_soup"",""individual_finetuned_fashion_even"",""individual_finetuned_fashion_high"",""individual_finetuned_fashion_low"",""slerp_sequential"",""task_arithmetic"",""ties_merging"",""weight_average""]","[""base_model"",""dare_selected"",""greedy_soup_final_candidate"",""individual_finetuned_checkpoint"",""slerp_selected"",""task_arithmetic_selected"",""ties_selected"",""weight_average""]",task_arithmetic_selected,task_arithmetic,same_base_task_vector,task_arithmetic,"{""scale"":0.75,""validation_accuracy"":0.7495738203957382,""validation_loss"":0.7247625835192258}",0.7495738203957382,0.7247625835192258,0.7161111111111111,0.6533333333333333,0.7497614754570855,True,True,True,dare,0.7216666666666667,0.6583333333333333,-0.005555555555555536,-0.0050000000000000044,dare,0.7216666666666667,0.6583333333333333,-0.005555555555555536,-0.0050000000000000044,False,False,True,same-base exact-setting validation selector; no independent-seed rebasin or Brauer/projective claim,True,3,True,0.006111111111111178,0.0,-0.005555555555555536,0.01388888888888884
fashion_mnist_fashion_class_subsets_mlp2_W128_N3,fashion_mnist_fashion_class_subsets_mlp2_W128_N3_seed7307,fashion_mnist,fashion_class_subsets,mlp2,128,3,7307,same_base_union_validation_selector,replay_existing_validation_split,False,False,10,"[""base_model"",""dare"",""greedy_soup"",""individual_finetuned_fashion_even"",""individual_finetuned_fashion_high"",""individual_finetuned_fashion_low"",""slerp_sequential"",""task_arithmetic"",""ties_merging"",""weight_average""]","[""base_model"",""dare_selected"",""greedy_soup_final_candidate"",""individual_finetuned_checkpoint"",""slerp_selected"",""task_arithmetic_selected"",""ties_selected"",""weight_average""]",dare_selected,dare,same_base_task_vector,dare,"{""drop_rate"":0.3,""scale"":0.5,""validation_accuracy"":0.7785194880744619,""validation_loss"":0.6692590329146371}",0.7785194880744619,0.6692590329146371,0.7516666666666666,0.7016666666666667,0.6962575997246637,True,True,True,dare,0.7516666666666666,0.7016666666666667,0.0,0.0,dare,0.7516666666666666,0.7016666666666667,0.0,0.0,True,True,True,same-base exact-setting validation selector; no independent-seed rebasin or Brauer/projective claim,True,3,True,0.01777777777777767,0.0005555555555554204,0.0,0.07611111111111113
fashion_mnist_fashion_class_subsets_mlp2_W128_N3,fashion_mnist_fashion_class_subsets_mlp2_W128_N3_seed7308,fashion_mnist,fashion_class_subsets,mlp2,128,3,7308,same_base_union_validation_selector,replay_existing_validation_split,False,False,10,"[""base_model"",""dare"",""greedy_soup"",""individual_finetuned_fashion_even"",""individual_finetuned_fashion_high"",""individual_finetuned_fashion_low"",""slerp_sequential"",""task_arithmetic"",""ties_merging"",""weight_average""]","[""base_model"",""dare_selected"",""greedy_soup_final_candidate"",""individual_finetuned_checkpoint"",""slerp_selected"",""task_arithmetic_selected"",""ties_selected"",""weight_average""]",task_arithmetic_selected,task_arithmetic,same_base_task_vector,task_arithmetic,"{""scale"":0.25,""validation_accuracy"":0.7571118530884808,""validation_loss"":0.6925232654713761}",0.7571118530884808,0.6925232654713761,0.7127777777777777,0.6416666666666667,0.7284673415289985,True,True,True,dare,0.7161111111111111,0.6583333333333333,-0.0033333333333334103,-0.016666666666666607,dare,0.7161111111111111,0.6583333333333333,-0.0033333333333334103,-0.016666666666666607,False,False,True,same-base exact-setting validation selector; no independent-seed rebasin or Brauer/projective claim,True,3,True,-0.0005555555555555314,0.0,-0.0033333333333334103,0.046666666666666634
fashion_mnist_fashion_class_subsets_mlp2_W128_N3,fashion_mnist_fashion_class_subsets_mlp2_W128_N3_seed7309,fashion_mnist,fashion_class_subsets,mlp2,128,3,7309,same_base_union_validation_selector,replay_existing_validation_split,False,False,10,"[""base_model"",""dare"",""greedy_soup"",""individual_finetuned_fashion_even"",""individual_finetuned_fashion_high"",""individual_finetuned_fashion_low"",""slerp_sequential"",""task_arithmetic"",""ties_merging"",""weight_average""]","[""base_model"",""dare_selected"",""greedy_soup_final_candidate"",""individual_finetuned_checkpoint"",""slerp_selected"",""task_arithmetic_selected"",""ties_selected"",""weight_average""]",task_arithmetic_selected,task_arithmetic,same_base_task_vector,task_arithmetic,"{""scale"":0.25,""validation_accuracy"":0.7577788515225702,""validation_loss"":0.7111355976997721}",0.7577788515225702,0.7111355976997721,0.7294444444444445,0.665,0.7351578415764702,True,True,True,dare,0.7355555555555555,0.6783333333333333,-0.006111111111111067,-0.013333333333333308,dare,0.7355555555555555,0.6783333333333333,-0.006111111111111067,-0.013333333333333308,False,False,True,same-base exact-setting validation selector; no independent-seed rebasin or Brauer/projective claim,True,3,True,0.02388888888888885,0.0,-0.006111111111111067,0.1416666666666666
fashion_mnist_fashion_class_subsets_mlp2_W128_N3,fashion_mnist_fashion_class_subsets_mlp2_W128_N3_seed7310,fashion_mnist,fashion_class_subsets,mlp2,128,3,7310,same_base_union_validation_selector,replay_existing_validation_split,False,False,10,"[""base_model"",""dare"",""greedy_soup"",""individual_finetuned_fashion_even"",""individual_finetuned_fashion_high"",""individual_finetuned_fashion_low"",""slerp_sequential"",""task_arithmetic"",""ties_merging"",""weight_average""]","[""base_model"",""dare_selected"",""greedy_soup_final_candidate"",""individual_finetuned_checkpoint"",""slerp_selected"",""task_arithmetic_selected"",""ties_selected"",""weight_average""]",dare_selected,dare,same_base_task_vector,dare,"{""drop_rate"":0.5,""scale"":0.5,""validation_accuracy"":0.7733004141549237,""validation_loss"":0.6711771943595016}",0.7733004141549237,0.6711771943595016,0.7155555555555555,0.6683333333333333,0.7658818520439996,True,True,True,dare,0.7155555555555555,0.6683333333333333,0.0,0.0,dare,0.7155555555555555,0.6683333333333333,0.0,0.0,True,True,True,same-base exact-setting validation selector; no independent-seed rebasin or Brauer/projective claim,True,3,True,0.03833333333333322,0.0033333333333332993,0.0,0.11444444444444435
fashion_mnist_fashion_class_subsets_mlp2_W128_N3,fashion_mnist_fashion_class_subsets_mlp2_W128_N3_seed7311,fashion_mnist,fashion_class_subsets,mlp2,128,3,7311,same_base_union_validation_selector,replay_existing_validation_split,False,False,10,"[""base_model"",""dare"",""greedy_soup"",""individual_finetuned_fashion_even"",""individual_finetuned_fashion_high"",""individual_finetuned_fashion_low"",""slerp_sequential"",""task_arithmetic"",""ties_merging"",""weight_average""]","[""base_model"",""dare_selected"",""greedy_soup_final_candidate"",""individual_finetuned_checkpoint"",""slerp_selected"",""task_arithmetic_selected"",""ties_selected"",""weight_average""]",dare_selected,dare,same_base_task_vector,dare,"{""drop_rate"":0.1,""scale"":0.5,""validation_accuracy"":0.7606487695749441,""validation_loss"":0.6906315849184722}",0.7606487695749441,0.6906315849184722,0.7427777777777779,0.6916666666666667,0.7160347451104059,True,True,True,dare,0.7427777777777779,0.6916666666666667,0.0,0.0,dare,0.7427777777777779,0.6916666666666667,0.0,0.0,True,True,True,same-base exact-setting validation selector; no independent-seed rebasin or Brauer/projective claim,True,3,True,0.04111111111111121,0.0011111111111111738,0.0,0.023333333333333428
fashion_mnist_fashion_class_subsets_mlp2_W128_N3,fashion_mnist_fashion_class_subsets_mlp2_W128_N3_seed7312,fashion_mnist,fashion_class_subsets,mlp2,128,3,7312,same_base_union_validation_selector,replay_existing_validation_split,False,False,10,"[""base_model"",""dare"",""greedy_soup"",""individual_finetuned_fashion_even"",""individual_finetuned_fashion_high"",""individual_finetuned_fashion_low"",""slerp_sequential"",""task_arithmetic"",""ties_merging"",""weight_average""]","[""base_model"",""dare_selected"",""greedy_soup_final_candidate"",""individual_finetuned_checkpoint"",""slerp_selected"",""task_arithmetic_selected"",""ties_selected"",""weight_average""]",task_arithmetic_selected,task_arithmetic,same_base_task_vector,task_arithmetic,"{""scale"":0.25,""validation_accuracy"":0.7618031642535055,""validation_loss"":0.7035896362071147}",0.7618031642535055,0.7035896362071147,0.7183333333333334,0.6766666666666666,0.7515694321526422,True,True,True,dare,0.7205555555555555,0.6816666666666666,-0.0022222222222221255,-0.0050000000000000044,dare,0.7205555555555555,0.6816666666666666,-0.0022222222222221255,-0.0050000000000000044,False,False,True,same-base exact-setting validation selector; no independent-seed rebasin or Brauer/projective claim,True,3,True,0.01722222222222225,0.0,-0.0022222222222221255,0.0772222222222223
fashion_mnist_fashion_class_subsets_mlp2_W128_N3,fashion_mnist_fashion_class_subsets_mlp2_W128_N3_seed7313,fashion_mnist,fashion_class_subsets,mlp2,128,3,7313,same_base_union_validation_selector,replay_existing_validation_split,False,False,10,"[""base_model"",""dare"",""greedy_soup"",""individual_finetuned_fashion_even"",""individual_finetuned_fashion_high"",""individual_finetuned_fashion_low"",""slerp_sequential"",""task_arithmetic"",""ties_merging"",""weight_average""]","[""base_model"",""dare_selected"",""greedy_soup_final_candidate"",""individual_finetuned_checkpoint"",""slerp_selected"",""task_arithmetic_selected"",""ties_selected"",""weight_average""]",dare_selected,dare,same_base_task_vector,dare,"{""drop_rate"":0.1,""scale"":0.5,""validation_accuracy"":0.7913159152002854,""validation_loss"":0.6667243979311747}",0.7913159152002854,0.6667243979311747,0.7238888888888889,0.6616666666666666,0.73861509958903,True,True,True,dare,0.7238888888888889,0.6616666666666666,0.0,0.0,task_arithmetic,0.726111111111111,0.665,-0.0022222222222221255,-0.0033333333333334103,True,False,True,same-base exact-setting validation selector; no independent-seed rebasin or Brauer/projective claim,True,3,True,0.026666666666666616,-0.0022222222222221255,0.0,0.07111111111111112
fashion_mnist_fashion_class_subsets_mlp2_W128_N3,fashion_mnist_fashion_class_subsets_mlp2_W128_N3_seed7314,fashion_mnist,fashion_class_subsets,mlp2,128,3,7314,same_base_union_validation_selector,replay_existing_validation_split,False,False,10,"[""base_model"",""dare"",""greedy_soup"",""individual_finetuned_fashion_even"",""individual_finetuned_fashion_high"",""individual_finetuned_fashion_low"",""slerp_sequential"",""task_arithmetic"",""ties_merging"",""weight_average""]","[""base_model"",""dare_selected"",""greedy_soup_final_candidate"",""individual_finetuned_checkpoint"",""slerp_selected"",""task_arithmetic_selected"",""ties_selected"",""weight_average""]",dare_selected,dare,same_base_task_vector,dare,"{""drop_rate"":0.5,""scale"":0.5,""validation_accuracy"":0.7454708097928436,""validation_loss"":0.7098102939555425}",0.7454708097928436,0.7098102939555425,0.7166666666666667,0.67,0.740214680565728,True,True,True,dare,0.7166666666666667,0.67,0.0,0.0,task_arithmetic,0.721111111111111,0.675,-0.004444444444444362,-0.0050000000000000044,True,False,True,same-base exact-setting validation selector; no independent-seed rebasin or Brauer/projective claim,True,3,True,0.03722222222222227,-0.004444444444444362,0.0,0.12444444444444436
fashion_mnist_fashion_class_subsets_mlp2_W128_N3,fashion_mnist_fashion_class_subsets_mlp2_W128_N3_seed7315,fashion_mnist,fashion_class_subsets,mlp2,128,3,7315,same_base_union_validation_selector,replay_existing_validation_split,False,False,10,"[""base_model"",""dare"",""greedy_soup"",""individual_finetuned_fashion_even"",""individual_finetuned_fashion_high"",""individual_finetuned_fashion_low"",""slerp_sequential"",""task_arithmetic"",""ties_merging"",""weight_average""]","[""base_model"",""dare_selected"",""greedy_soup_final_candidate"",""individual_finetuned_checkpoint"",""slerp_selected"",""task_arithmetic_selected"",""ties_selected"",""weight_average""]",task_arithmetic_selected,task_arithmetic,same_base_task_vector,task_arithmetic,"{""scale"":0.25,""validation_accuracy"":0.7688530534672616,""validation_loss"":0.6692363739796496}",0.7688530534672616,0.6692363739796496,0.7172222222222221,0.6783333333333333,0.7281247414482964,True,True,True,dare,0.73,0.695,-0.012777777777777888,-0.016666666666666607,dare,0.73,0.695,-0.012777777777777888,-0.016666666666666607,False,False,True,same-base exact-setting validation selector; no independent-seed rebasin or Brauer/projective claim,True,3,True,0.016111111111111076,0.0,-0.012777777777777888,0.1022222222222221
fashion_mnist_fashion_class_subsets_mlp2_W128_N3,fashion_mnist_fashion_class_subsets_mlp2_W128_N3_seed7316,fashion_mnist,fashion_class_subsets,mlp2,128,3,7316,same_base_union_validation_selector,replay_existing_validation_split,False,False,10,"[""base_model"",""dare"",""greedy_soup"",""individual_finetuned_fashion_even"",""individual_finetuned_fashion_high"",""individual_finetuned_fashion_low"",""slerp_sequential"",""task_arithmetic"",""ties_merging"",""weight_average""]","[""base_model"",""dare_selected"",""greedy_soup_final_candidate"",""individual_finetuned_checkpoint"",""slerp_selected"",""task_arithmetic_selected"",""ties_selected"",""weight_average""]",task_arithmetic_selected,task_arithmetic,same_base_task_vector,task_arithmetic,"{""scale"":0.5,""validation_accuracy"":0.7402657004830918,""validation_loss"":0.7296673501056173}",0.7402657004830918,0.7296673501056173,0.7388888888888889,0.69,0.7301270209418402,True,True,True,dare,0.7372222222222223,0.6916666666666667,0.0016666666666665941,-0.0016666666666667052,task_arithmetic,0.7388888888888889,0.69,0.0,0.0,False,True,True,same-base exact-setting validation selector; no independent-seed rebasin or Brauer/projective claim,True,3,True,0.04444444444444462,0.0,0.0016666666666665941,0.10111111111111115
fashion_mnist_fashion_class_subsets_mlp2_W128_N3,fashion_mnist_fashion_class_subsets_mlp2_W128_N3_seed7317,fashion_mnist,fashion_class_subsets,mlp2,128,3,7317,same_base_union_validation_selector,replay_existing_validation_split,False,False,10,"[""base_model"",""dare"",""greedy_soup"",""individual_finetuned_fashion_even"",""individual_finetuned_fashion_high"",""individual_finetuned_fashion_low"",""slerp_sequential"",""task_arithmetic"",""ties_merging"",""weight_average""]","[""base_model"",""dare_selected"",""greedy_soup_final_candidate"",""individual_finetuned_checkpoint"",""slerp_selected"",""task_arithmetic_selected"",""ties_selected"",""weight_average""]",dare_selected,dare,same_base_task_vector,dare,"{""drop_rate"":0.3,""scale"":0.5,""validation_accuracy"":0.7579651941097724,""validation_loss"":0.6882004116552239}",0.7579651941097724,0.6882004116552239,0.7316666666666666,0.6783333333333333,0.7428593720330131,True,True,True,dare,0.7316666666666666,0.6783333333333333,0.0,0.0,task_arithmetic,0.7377777777777778,0.6883333333333334,-0.006111111111111178,-0.010000000000000009,True,False,True,same-base exact-setting validation selector; no independent-seed rebasin or Brauer/projective claim,True,3,True,0.02777777777777779,-0.006111111111111178,0.0,0.07666666666666655
fashion_mnist_fashion_class_subsets_mlp2_W128_N3,fashion_mnist_fashion_class_subsets_mlp2_W128_N3_seed7318,fashion_mnist,fashion_class_subsets,mlp2,128,3,7318,same_base_union_validation_selector,replay_existing_validation_split,False,False,10,"[""base_model"",""dare"",""greedy_soup"",""individual_finetuned_fashion_even"",""individual_finetuned_fashion_high"",""individual_finetuned_fashion_low"",""slerp_sequential"",""task_arithmetic"",""ties_merging"",""weight_average""]","[""base_model"",""dare_selected"",""greedy_soup_final_candidate"",""individual_finetuned_checkpoint"",""slerp_selected"",""task_arithmetic_selected"",""ties_selected"",""weight_average""]",task_arithmetic_selected,task_arithmetic,same_base_task_vector,task_arithmetic,"{""scale"":0.25,""validation_accuracy"":0.7548830409356726,""validation_loss"":0.7125652364541216}",0.7548830409356726,0.7125652364541216,0.7205555555555555,0.6583333333333333,0.7416274409823947,True,True,True,dare,0.7172222222222221,0.6666666666666666,0.0033333333333334103,-0.008333333333333304,task_arithmetic,0.7205555555555555,0.6583333333333333,0.0,0.0,False,True,True,same-base exact-setting validation selector; no independent-seed rebasin or Brauer/projective claim,True,3,True,0.043333333333333224,0.0,0.0033333333333334103,0.07888888888888879
fashion_mnist_fashion_class_subsets_mlp2_W128_N3,fashion_mnist_fashion_class_subsets_mlp2_W128_N3_seed7319,fashion_mnist,fashion_class_subsets,mlp2,128,3,7319,same_base_union_validation_selector,replay_existing_validation_split,False,False,10,"[""base_model"",""dare"",""greedy_soup"",""individual_finetuned_fashion_even"",""individual_finetuned_fashion_high"",""individual_finetuned_fashion_low"",""slerp_sequential"",""task_arithmetic"",""ties_merging"",""weight_average""]","[""base_model"",""dare_selected"",""greedy_soup_final_candidate"",""individual_finetuned_checkpoint"",""slerp_selected"",""task_arithmetic_selected"",""ties_selected"",""weight_average""]",dare_selected,dare,same_base_task_vector,dare,"{""drop_rate"":0.3,""scale"":0.5,""validation_accuracy"":0.7686026936026936,""validation_loss"":0.6899405712337473}",0.7686026936026936,0.6899405712337473,0.7272222222222222,0.6683333333333333,0.7354807302686903,True,True,True,dare,0.7272222222222222,0.6683333333333333,0.0,0.0,dare,0.7272222222222222,0.6683333333333333,0.0,0.0,True,True,True,same-base exact-setting validation selector; no independent-seed rebasin or Brauer/projective claim,True,3,True,0.023333333333333428,0.0,0.0,0.06333333333333335
fashion_mnist_fashion_class_subsets_mlp2_W64_N3,fashion_mnist_fashion_class_subsets_mlp2_W64_N3_seed7300,fashion_mnist,fashion_class_subsets,mlp2,64,3,7300,same_base_union_validation_selector,replay_existing_validation_split,False,False,10,"[""base_model"",""dare"",""greedy_soup"",""individual_finetuned_fashion_even"",""individual_finetuned_fashion_high"",""individual_finetuned_fashion_low"",""slerp_sequential"",""task_arithmetic"",""ties_merging"",""weight_average""]","[""base_model"",""dare_selected"",""greedy_soup_final_candidate"",""individual_finetuned_checkpoint"",""slerp_selected"",""task_arithmetic_selected"",""ties_selected"",""weight_average""]",dare_selected,dare,same_base_task_vector,dare,"{""drop_rate"":0.5,""scale"":0.5,""validation_accuracy"":0.7281418278346606,""validation_loss"":0.7656891520112854}",0.7281418278346606,0.7656891520112854,0.6894444444444444,0.6433333333333333,0.8137015046013726,True,True,True,dare,0.6894444444444444,0.6433333333333333,0.0,0.0,dare,0.6894444444444444,0.6433333333333333,0.0,0.0,True,True,True,same-base exact-setting validation selector; no independent-seed rebasin or Brauer/projective claim,True,3,True,0.027222222222222148,0.004444444444444473,0.0,0.09777777777777774
fashion_mnist_fashion_class_subsets_mlp2_W64_N3,fashion_mnist_fashion_class_subsets_mlp2_W64_N3_seed7301,fashion_mnist,fashion_class_subsets,mlp2,64,3,7301,same_base_union_validation_selector,replay_existing_validation_split,False,False,10,"[""base_model"",""dare"",""greedy_soup"",""individual_finetuned_fashion_even"",""individual_finetuned_fashion_high"",""individual_finetuned_fashion_low"",""slerp_sequential"",""task_arithmetic"",""ties_merging"",""weight_average""]","[""base_model"",""dare_selected"",""greedy_soup_final_candidate"",""individual_finetuned_checkpoint"",""slerp_selected"",""task_arithmetic_selected"",""ties_selected"",""weight_average""]",dare_selected,dare,same_base_task_vector,dare,"{""drop_rate"":0.3,""scale"":0.5,""validation_accuracy"":0.7449769717904434,""validation_loss"":0.7671623345936723}",0.7449769717904434,0.7671623345936723,0.6922222222222222,0.6466666666666666,0.8449241087171767,True,True,True,dare,0.6922222222222222,0.6466666666666666,0.0,0.0,dare,0.6922222222222222,0.6466666666666666,0.0,0.0,True,True,True,same-base exact-setting validation selector; no independent-seed rebasin or Brauer/projective claim,True,3,True,0.004444444444444362,0.0022222222222221255,0.0,0.053888888888888875
fashion_mnist_fashion_class_subsets_mlp2_W64_N3,fashion_mnist_fashion_class_subsets_mlp2_W64_N3_seed7302,fashion_mnist,fashion_class_subsets,mlp2,64,3,7302,same_base_union_validation_selector,replay_existing_validation_split,False,False,10,"[""base_model"",""dare"",""greedy_soup"",""individual_finetuned_fashion_even"",""individual_finetuned_fashion_high"",""individual_finetuned_fashion_low"",""slerp_sequential"",""task_arithmetic"",""ties_merging"",""weight_average""]","[""base_model"",""dare_selected"",""greedy_soup_final_candidate"",""individual_finetuned_checkpoint"",""slerp_selected"",""task_arithmetic_selected"",""ties_selected"",""weight_average""]",task_arithmetic_selected,task_arithmetic,same_base_task_vector,task_arithmetic,"{""scale"":0.75,""validation_accuracy"":0.6963958916900093,""validation_loss"":0.8254763013196816}",0.6963958916900093,0.8254763013196816,0.6888888888888888,0.645,0.8231275558471679,True,True,True,dare,0.6911111111111111,0.6383333333333333,-0.0022222222222223476,0.00666666666666671,dare,0.6911111111111111,0.6383333333333333,-0.0022222222222223476,0.00666666666666671,False,False,True,same-base exact-setting validation selector; no independent-seed rebasin or Brauer/projective claim,True,3,True,0.011666666666666492,0.0,-0.0022222222222223476,0.01444444444444426
fashion_mnist_fashion_class_subsets_mlp2_W64_N3,fashion_mnist_fashion_class_subsets_mlp2_W64_N3_seed7303,fashion_mnist,fashion_class_subsets,mlp2,64,3,7303,same_base_union_validation_selector,replay_existing_validation_split,False,False,10,"[""base_model"",""dare"",""greedy_soup"",""individual_finetuned_fashion_even"",""individual_finetuned_fashion_high"",""individual_finetuned_fashion_low"",""slerp_sequential"",""task_arithmetic"",""ties_merging"",""weight_average""]","[""base_model"",""dare_selected"",""greedy_soup_final_candidate"",""individual_finetuned_checkpoint"",""slerp_selected"",""task_arithmetic_selected"",""ties_selected"",""weight_average""]",task_arithmetic_selected,task_arithmetic,same_base_task_vector,task_arithmetic,"{""scale"":0.75,""validation_accuracy"":0.7683333333333334,""validation_loss"":0.705733896891276}",0.7683333333333334,0.705733896891276,0.706111111111111,0.6466666666666666,0.7812090810139974,True,True,True,dare,0.7133333333333334,0.645,-0.007222222222222352,0.0016666666666665941,dare,0.7133333333333334,0.645,-0.007222222222222352,0.0016666666666665941,False,False,True,same-base exact-setting validation selector; no independent-seed rebasin or Brauer/projective claim,True,3,True,0.023888888888888737,0.0,-0.007222222222222352,0.036666666666666625
fashion_mnist_fashion_class_subsets_mlp2_W64_N3,fashion_mnist_fashion_class_subsets_mlp2_W64_N3_seed7304,fashion_mnist,fashion_class_subsets,mlp2,64,3,7304,same_base_union_validation_selector,replay_existing_validation_split,False,False,10,"[""base_model"",""dare"",""greedy_soup"",""individual_finetuned_fashion_even"",""individual_finetuned_fashion_high"",""individual_finetuned_fashion_low"",""slerp_sequential"",""task_arithmetic"",""ties_merging"",""weight_average""]","[""base_model"",""dare_selected"",""greedy_soup_final_candidate"",""individual_finetuned_checkpoint"",""slerp_selected"",""task_arithmetic_selected"",""ties_selected"",""weight_average""]",dare_selected,dare,same_base_task_vector,dare,"{""drop_rate"":0.1,""scale"":0.5,""validation_accuracy"":0.732097013541087,""validation_loss"":0.757605898684992}",0.732097013541087,0.757605898684992,0.6916666666666668,0.625,0.8177130148145887,True,True,True,dare,0.6916666666666668,0.625,0.0,0.0,task_arithmetic,0.6927777777777777,0.6283333333333333,-0.0011111111111109517,-0.0033333333333332993,True,False,True,same-base exact-setting validation selector; no independent-seed rebasin or Brauer/projective claim,True,3,True,0.0005555555555556424,-0.0011111111111109517,0.0,0.05777777777777793
fashion_mnist_fashion_class_subsets_mlp2_W64_N3,fashion_mnist_fashion_class_subsets_mlp2_W64_N3_seed7305,fashion_mnist,fashion_class_subsets,mlp2,64,3,7305,same_base_union_validation_selector,replay_existing_validation_split,False,False,10,"[""base_model"",""dare"",""greedy_soup"",""individual_finetuned_fashion_even"",""individual_finetuned_fashion_high"",""individual_finetuned_fashion_low"",""slerp_sequential"",""task_arithmetic"",""ties_merging"",""weight_average""]","[""base_model"",""dare_selected"",""greedy_soup_final_candidate"",""individual_finetuned_checkpoint"",""slerp_selected"",""task_arithmetic_selected"",""ties_selected"",""weight_average""]",task_arithmetic_selected,task_arithmetic,same_base_task_vector,task_arithmetic,"{""scale"":0.5,""validation_accuracy"":0.7206843017882832,""validation_loss"":0.7661167387238597}",0.7206843017882832,0.7661167387238597,0.7133333333333333,0.6516666666666666,0.7803022236294218,True,True,True,dare,0.7111111111111109,0.6516666666666666,0.0022222222222223476,0.0,task_arithmetic,0.7133333333333333,0.6516666666666666,0.0,0.0,False,True,True,same-base exact-setting validation selector; no independent-seed rebasin or Brauer/projective claim,True,3,True,0.007777777777777661,0.0,0.0022222222222223476,0.03555555555555534
fashion_mnist_fashion_class_subsets_mlp2_W64_N3,fashion_mnist_fashion_class_subsets_mlp2_W64_N3_seed7306,fashion_mnist,fashion_class_subsets,mlp2,64,3,7306,same_base_union_validation_selector,replay_existing_validation_split,False,False,10,"[""base_model"",""dare"",""greedy_soup"",""individual_finetuned_fashion_even"",""individual_finetuned_fashion_high"",""individual_finetuned_fashion_low"",""slerp_sequential"",""task_arithmetic"",""ties_merging"",""weight_average""]","[""base_model"",""dare_selected"",""greedy_soup_final_candidate"",""individual_finetuned_checkpoint"",""slerp_selected"",""task_arithmetic_selected"",""ties_selected"",""weight_average""]",dare_selected,dare,same_base_task_vector,dare,"{""drop_rate"":0.3,""scale"":0.5,""validation_accuracy"":0.6903805175038052,""validation_loss"":0.7989910507782773}",0.6903805175038052,0.7989910507782773,0.6772222222222223,0.6216666666666667,0.8114222717285156,True,True,True,dare,0.6772222222222223,0.6216666666666667,0.0,0.0,dare,0.6772222222222223,0.6216666666666667,0.0,0.0,True,True,True,same-base exact-setting validation selector; no independent-seed rebasin or Brauer/projective claim,True,3,True,0.014444444444444482,0.0,0.0,0.053888888888888875
fashion_mnist_fashion_class_subsets_mlp2_W64_N3,fashion_mnist_fashion_class_subsets_mlp2_W64_N3_seed7307,fashion_mnist,fashion_class_subsets,mlp2,64,3,7307,same_base_union_validation_selector,replay_existing_validation_split,False,False,10,"[""base_model"",""dare"",""greedy_soup"",""individual_finetuned_fashion_even"",""individual_finetuned_fashion_high"",""individual_finetuned_fashion_low"",""slerp_sequential"",""task_arithmetic"",""ties_merging"",""weight_average""]","[""base_model"",""dare_selected"",""greedy_soup_final_candidate"",""individual_finetuned_checkpoint"",""slerp_selected"",""task_arithmetic_selected"",""ties_selected"",""weight_average""]",task_arithmetic_selected,task_arithmetic,same_base_task_vector,task_arithmetic,"{""scale"":0.5,""validation_accuracy"":0.7455962769051774,""validation_loss"":0.7394258698867878}",0.7455962769051774,0.7394258698867878,0.7138888888888889,0.6583333333333333,0.771339471605089,True,True,True,dare,0.7122222222222222,0.6566666666666666,0.0016666666666667052,0.0016666666666667052,greedy_soup,0.7177777777777777,0.6783333333333333,-0.0038888888888888307,-0.020000000000000018,False,False,True,same-base exact-setting validation selector; no independent-seed rebasin or Brauer/projective claim,True,3,True,-0.0038888888888888307,0.0,0.0016666666666667052,0.021666666666666723
fashion_mnist_fashion_class_subsets_mlp2_W64_N3,fashion_mnist_fashion_class_subsets_mlp2_W64_N3_seed7308,fashion_mnist,fashion_class_subsets,mlp2,64,3,7308,same_base_union_validation_selector,replay_existing_validation_split,False,False,10,"[""base_model"",""dare"",""greedy_soup"",""individual_finetuned_fashion_even"",""individual_finetuned_fashion_high"",""individual_finetuned_fashion_low"",""slerp_sequential"",""task_arithmetic"",""ties_merging"",""weight_average""]","[""base_model"",""dare_selected"",""greedy_soup_final_candidate"",""individual_finetuned_checkpoint"",""slerp_selected"",""task_arithmetic_selected"",""ties_selected"",""weight_average""]",dare_selected,dare,same_base_task_vector,dare,"{""drop_rate"":0.1,""scale"":1.0,""validation_accuracy"":0.7382016323502132,""validation_loss"":0.7944879586912003}",0.7382016323502132,0.7944879586912003,0.7016666666666667,0.6616666666666666,0.8279109340243869,True,True,True,dare,0.7016666666666667,0.6616666666666666,0.0,0.0,greedy_soup,0.7022222222222222,0.665,-0.0005555555555555314,-0.0033333333333334103,True,False,True,same-base exact-setting validation selector; no independent-seed rebasin or Brauer/projective claim,True,3,True,-0.0005555555555555314,-0.0005555555555555314,0.0,0.05888888888888888
fashion_mnist_fashion_class_subsets_mlp2_W64_N3,fashion_mnist_fashion_class_subsets_mlp2_W64_N3_seed7309,fashion_mnist,fashion_class_subsets,mlp2,64,3,7309,same_base_union_validation_selector,replay_existing_validation_split,False,False,10,"[""base_model"",""dare"",""greedy_soup"",""individual_finetuned_fashion_even"",""individual_finetuned_fashion_high"",""individual_finetuned_fashion_low"",""slerp_sequential"",""task_arithmetic"",""ties_merging"",""weight_average""]","[""base_model"",""dare_selected"",""greedy_soup_final_candidate"",""individual_finetuned_checkpoint"",""slerp_selected"",""task_arithmetic_selected"",""ties_selected"",""weight_average""]",task_arithmetic_selected,task_arithmetic,same_base_task_vector,task_arithmetic,"{""scale"":0.75,""validation_accuracy"":0.7312378845795932,""validation_loss"":0.7659259610653338}",0.7312378845795932,0.7659259610653338,0.7038888888888888,0.6433333333333333,0.7851770549350315,True,True,True,dare,0.7000000000000001,0.6283333333333333,0.0038888888888887196,0.015000000000000013,task_arithmetic,0.7038888888888888,0.6433333333333333,0.0,0.0,False,True,True,same-base exact-setting validation selector; no independent-seed rebasin or Brauer/projective claim,True,3,True,0.01055555555555543,0.0,0.0038888888888887196,0.04222222222222205
fashion_mnist_fashion_class_subsets_mlp2_W64_N3,fashion_mnist_fashion_class_subsets_mlp2_W64_N3_seed7310,fashion_mnist,fashion_class_subsets,mlp2,64,3,7310,same_base_union_validation_selector,replay_existing_validation_split,False,False,10,"[""base_model"",""dare"",""greedy_soup"",""individual_finetuned_fashion_even"",""individual_finetuned_fashion_high"",""individual_finetuned_fashion_low"",""slerp_sequential"",""task_arithmetic"",""ties_merging"",""weight_average""]","[""base_model"",""dare_selected"",""greedy_soup_final_candidate"",""individual_finetuned_checkpoint"",""slerp_selected"",""task_arithmetic_selected"",""ties_selected"",""weight_average""]",dare_selected,dare,same_base_task_vector,dare,"{""drop_rate"":0.5,""scale"":0.5,""validation_accuracy"":0.7286618143991523,""validation_loss"":0.7399128647921747}",0.7286618143991523,0.7399128647921747,0.6905555555555556,0.655,0.8263732443915474,True,True,True,dare,0.6905555555555556,0.655,0.0,0.0,dare,0.6905555555555556,0.655,0.0,0.0,True,True,True,same-base exact-setting validation selector; no independent-seed rebasin or Brauer/projective claim,True,3,True,0.018333333333333424,0.004444444444444362,0.0,0.008888888888888946
fashion_mnist_fashion_class_subsets_mlp2_W64_N3,fashion_mnist_fashion_class_subsets_mlp2_W64_N3_seed7311,fashion_mnist,fashion_class_subsets,mlp2,64,3,7311,same_base_union_validation_selector,replay_existing_validation_split,False,False,10,"[""base_model"",""dare"",""greedy_soup"",""individual_finetuned_fashion_even"",""individual_finetuned_fashion_high"",""individual_finetuned_fashion_low"",""slerp_sequential"",""task_arithmetic"",""ties_merging"",""weight_average""]","[""base_model"",""dare_selected"",""greedy_soup_final_candidate"",""individual_finetuned_checkpoint"",""slerp_selected"",""task_arithmetic_selected"",""ties_selected"",""weight_average""]",task_arithmetic_selected,task_arithmetic,same_base_task_vector,task_arithmetic,"{""scale"":0.75,""validation_accuracy"":0.7243698732289335,""validation_loss"":0.769041485299289}",0.7243698732289335,0.769041485299289,0.7044444444444444,0.65,0.7881369018554688,True,True,True,dare,0.6972222222222223,0.63,0.00722222222222213,0.020000000000000018,task_arithmetic,0.7044444444444444,0.65,0.0,0.0,False,True,True,same-base exact-setting validation selector; no independent-seed rebasin or Brauer/projective claim,True,3,True,0.005555555555555536,0.0,0.00722222222222213,0.020000000000000018
fashion_mnist_fashion_class_subsets_mlp2_W64_N3,fashion_mnist_fashion_class_subsets_mlp2_W64_N3_seed7312,fashion_mnist,fashion_class_subsets,mlp2,64,3,7312,same_base_union_validation_selector,replay_existing_validation_split,False,False,10,"[""base_model"",""dare"",""greedy_soup"",""individual_finetuned_fashion_even"",""individual_finetuned_fashion_high"",""individual_finetuned_fashion_low"",""slerp_sequential"",""task_arithmetic"",""ties_merging"",""weight_average""]","[""base_model"",""dare_selected"",""greedy_soup_final_candidate"",""individual_finetuned_checkpoint"",""slerp_selected"",""task_arithmetic_selected"",""ties_selected"",""weight_average""]",dare_selected,dare,same_base_task_vector,dare,"{""drop_rate"":0.1,""scale"":0.5,""validation_accuracy"":0.7252682918392583,""validation_loss"":0.7868471538257794}",0.7252682918392583,0.7868471538257794,0.7022222222222222,0.6766666666666666,0.8206010182698568,True,True,True,dare,0.7022222222222222,0.6766666666666666,0.0,0.0,dare,0.7022222222222222,0.6766666666666666,0.0,0.0,True,True,True,same-base exact-setting validation selector; no independent-seed rebasin or Brauer/projective claim,True,3,True,0.025555555555555554,0.007222222222222241,0.0,0.0411111111111111
fashion_mnist_fashion_class_subsets_mlp2_W64_N3,fashion_mnist_fashion_class_subsets_mlp2_W64_N3_seed7313,fashion_mnist,fashion_class_subsets,mlp2,64,3,7313,same_base_union_validation_selector,replay_existing_validation_split,False,False,10,"[""base_model"",""dare"",""greedy_soup"",""individual_finetuned_fashion_even"",""individual_finetuned_fashion_high"",""individual_finetuned_fashion_low"",""slerp_sequential"",""task_arithmetic"",""ties_merging"",""weight_average""]","[""base_model"",""dare_selected"",""greedy_soup_final_candidate"",""individual_finetuned_checkpoint"",""slerp_selected"",""task_arithmetic_selected"",""ties_selected"",""weight_average""]",task_arithmetic_selected,task_arithmetic,same_base_task_vector,task_arithmetic,"{""scale"":0.5,""validation_accuracy"":0.7427637327531126,""validation_loss"":0.7420122545733697}",0.7427637327531126,0.7420122545733697,0.6988888888888889,0.64,0.7952539359198676,True,True,True,dare,0.6994444444444445,0.64,-0.0005555555555556424,0.0,dare,0.6994444444444445,0.64,-0.0005555555555556424,0.0,False,False,True,same-base exact-setting validation selector; no independent-seed rebasin or Brauer/projective claim,True,3,True,0.025000000000000022,0.0,-0.0005555555555556424,0.022777777777777786
fashion_mnist_fashion_class_subsets_mlp2_W64_N3,fashion_mnist_fashion_class_subsets_mlp2_W64_N3_seed7314,fashion_mnist,fashion_class_subsets,mlp2,64,3,7314,same_base_union_validation_selector,replay_existing_validation_split,False,False,10,"[""base_model"",""dare"",""greedy_soup"",""individual_finetuned_fashion_even"",""individual_finetuned_fashion_high"",""individual_finetuned_fashion_low"",""slerp_sequential"",""task_arithmetic"",""ties_merging"",""weight_average""]","[""base_model"",""dare_selected"",""greedy_soup_final_candidate"",""individual_finetuned_checkpoint"",""slerp_selected"",""task_arithmetic_selected"",""ties_selected"",""weight_average""]",dare_selected,dare,same_base_task_vector,dare,"{""drop_rate"":0.1,""scale"":0.5,""validation_accuracy"":0.7022598870056497,""validation_loss"":0.7875618305673258}",0.7022598870056497,0.7875618305673258,0.6733333333333333,0.615,0.8128609381781683,True,True,True,dare,0.6733333333333333,0.615,0.0,0.0,dare,0.6733333333333333,0.615,0.0,0.0,True,True,True,same-base exact-setting validation selector; no independent-seed rebasin or Brauer/projective claim,True,3,True,0.026666666666666727,0.0,0.0,0.08333333333333337
fashion_mnist_fashion_class_subsets_mlp2_W64_N3,fashion_mnist_fashion_class_subsets_mlp2_W64_N3_seed7315,fashion_mnist,fashion_class_subsets,mlp2,64,3,7315,same_base_union_validation_selector,replay_existing_validation_split,False,False,10,"[""base_model"",""dare"",""greedy_soup"",""individual_finetuned_fashion_even"",""individual_finetuned_fashion_high"",""individual_finetuned_fashion_low"",""slerp_sequential"",""task_arithmetic"",""ties_merging"",""weight_average""]","[""base_model"",""dare_selected"",""greedy_soup_final_candidate"",""individual_finetuned_checkpoint"",""slerp_selected"",""task_arithmetic_selected"",""ties_selected"",""weight_average""]",dare_selected,dare,same_base_task_vector,dare,"{""drop_rate"":0.1,""scale"":0.5,""validation_accuracy"":0.7273789161085497,""validation_loss"":0.758047540916751}",0.7273789161085497,0.758047540916751,0.7033333333333333,0.69,0.8074905310736762,True,True,True,dare,0.7033333333333333,0.69,0.0,0.0,dare,0.7033333333333333,0.69,0.0,0.0,True,True,True,same-base exact-setting validation selector; no independent-seed rebasin or Brauer/projective claim,True,3,True,0.011666666666666492,0.0005555555555554204,0.0,0.060555555555555474
fashion_mnist_fashion_class_subsets_mlp2_W64_N3,fashion_mnist_fashion_class_subsets_mlp2_W64_N3_seed7316,fashion_mnist,fashion_class_subsets,mlp2,64,3,7316,same_base_union_validation_selector,replay_existing_validation_split,False,False,10,"[""base_model"",""dare"",""greedy_soup"",""individual_finetuned_fashion_even"",""individual_finetuned_fashion_high"",""individual_finetuned_fashion_low"",""slerp_sequential"",""task_arithmetic"",""ties_merging"",""weight_average""]","[""base_model"",""dare_selected"",""greedy_soup_final_candidate"",""individual_finetuned_checkpoint"",""slerp_selected"",""task_arithmetic_selected"",""ties_selected"",""weight_average""]",task_arithmetic_selected,task_arithmetic,same_base_task_vector,task_arithmetic,"{""scale"":0.75,""validation_accuracy"":0.7161111111111111,""validation_loss"":0.8079519176022442}",0.7161111111111111,0.8079519176022442,0.7005555555555555,0.655,0.8106239488389756,True,True,True,dare,0.7066666666666667,0.645,-0.006111111111111178,0.010000000000000009,dare,0.7066666666666667,0.645,-0.006111111111111178,0.010000000000000009,False,False,True,same-base exact-setting validation selector; no independent-seed rebasin or Brauer/projective claim,True,3,True,0.005555555555555536,0.0,-0.006111111111111178,0.015555555555555434
fashion_mnist_fashion_class_subsets_mlp2_W64_N3,fashion_mnist_fashion_class_subsets_mlp2_W64_N3_seed7317,fashion_mnist,fashion_class_subsets,mlp2,64,3,7317,same_base_union_validation_selector,replay_existing_validation_split,False,False,10,"[""base_model"",""dare"",""greedy_soup"",""individual_finetuned_fashion_even"",""individual_finetuned_fashion_high"",""individual_finetuned_fashion_low"",""slerp_sequential"",""task_arithmetic"",""ties_merging"",""weight_average""]","[""base_model"",""dare_selected"",""greedy_soup_final_candidate"",""individual_finetuned_checkpoint"",""slerp_selected"",""task_arithmetic_selected"",""ties_selected"",""weight_average""]",dare_selected,dare,same_base_task_vector,dare,"{""drop_rate"":0.3,""scale"":0.5,""validation_accuracy"":0.7151357812201186,""validation_loss"":0.7694275310222358}",0.7151357812201186,0.7694275310222358,0.6711111111111111,0.6283333333333333,0.8229528978135852,True,True,True,dare,0.6711111111111111,0.6283333333333333,0.0,0.0,task_arithmetic,0.6794444444444444,0.6383333333333333,-0.008333333333333304,-0.010000000000000009,True,False,True,same-base exact-setting validation selector; no independent-seed rebasin or Brauer/projective claim,True,3,True,0.007222222222222241,-0.008333333333333304,0.0,0.10055555555555551
fashion_mnist_fashion_class_subsets_mlp2_W64_N3,fashion_mnist_fashion_class_subsets_mlp2_W64_N3_seed7318,fashion_mnist,fashion_class_subsets,mlp2,64,3,7318,same_base_union_validation_selector,replay_existing_validation_split,False,False,10,"[""base_model"",""dare"",""greedy_soup"",""individual_finetuned_fashion_even"",""individual_finetuned_fashion_high"",""individual_finetuned_fashion_low"",""slerp_sequential"",""task_arithmetic"",""ties_merging"",""weight_average""]","[""base_model"",""dare_selected"",""greedy_soup_final_candidate"",""individual_finetuned_checkpoint"",""slerp_selected"",""task_arithmetic_selected"",""ties_selected"",""weight_average""]",dare_selected,dare,same_base_task_vector,dare,"{""drop_rate"":0.3,""scale"":1.25,""validation_accuracy"":0.7234210526315789,""validation_loss"":0.8329568555062278}",0.7234210526315789,0.8329568555062278,0.6655555555555556,0.59,0.8692681333753797,True,True,True,dare,0.6655555555555556,0.59,0.0,0.0,greedy_soup,0.6894444444444444,0.65,-0.02388888888888885,-0.06000000000000005,True,False,True,same-base exact-setting validation selector; no independent-seed rebasin or Brauer/projective claim,True,3,True,-0.02388888888888885,-0.006666666666666599,0.0,0.0461111111111111
fashion_mnist_fashion_class_subsets_mlp2_W64_N3,fashion_mnist_fashion_class_subsets_mlp2_W64_N3_seed7319,fashion_mnist,fashion_class_subsets,mlp2,64,3,7319,same_base_union_validation_selector,replay_existing_validation_split,False,False,10,"[""base_model"",""dare"",""greedy_soup"",""individual_finetuned_fashion_even"",""individual_finetuned_fashion_high"",""individual_finetuned_fashion_low"",""slerp_sequential"",""task_arithmetic"",""ties_merging"",""weight_average""]","[""base_model"",""dare_selected"",""greedy_soup_final_candidate"",""individual_finetuned_checkpoint"",""slerp_selected"",""task_arithmetic_selected"",""ties_selected"",""weight_average""]",dare_selected,dare,same_base_task_vector,dare,"{""drop_rate"":0.3,""scale"":0.5,""validation_accuracy"":0.7141301907968574,""validation_loss"":0.8012132138167702}",0.7141301907968574,0.8012132138167702,0.6827777777777778,0.65,0.8202962832980685,True,True,True,dare,0.6827777777777778,0.65,0.0,0.0,dare,0.6827777777777778,0.65,0.0,0.0,True,True,True,same-base exact-setting validation selector; no independent-seed rebasin or Brauer/projective claim,True,3,True,0.018333333333333424,0.004444444444444473,0.0,0.0755555555555556
mnist_mnist_digit_subsets_mlp2_W128_N3,mnist_mnist_digit_subsets_mlp2_W128_N3_seed7300,mnist,mnist_digit_subsets,mlp2,128,3,7300,same_base_union_validation_selector,replay_existing_validation_split,False,False,10,"[""base_model"",""dare"",""greedy_soup"",""individual_finetuned_digits_0_4"",""individual_finetuned_digits_5_9"",""individual_finetuned_even_digits"",""slerp_sequential"",""task_arithmetic"",""ties_merging"",""weight_average""]","[""base_model"",""dare_selected"",""greedy_soup_final_candidate"",""individual_finetuned_checkpoint"",""slerp_selected"",""task_arithmetic_selected"",""ties_selected"",""weight_average""]",task_arithmetic_selected,task_arithmetic,same_base_task_vector,task_arithmetic,"{""scale"":0.25,""validation_accuracy"":0.904546659095211,""validation_loss"":0.34755919506665817}",0.904546659095211,0.3475591950666581,0.8833333333333333,0.8416666666666667,0.4061011028289794,True,True,True,task_arithmetic,0.8833333333333333,0.8416666666666667,0.0,0.0,task_arithmetic,0.8833333333333333,0.8416666666666667,0.0,0.0,True,True,True,same-base exact-setting validation selector; no independent-seed rebasin or Brauer/projective claim,True,3,True,0.05500000000000005,0.0,0.005555555555555536,0.04777777777777781
mnist_mnist_digit_subsets_mlp2_W128_N3,mnist_mnist_digit_subsets_mlp2_W128_N3_seed7301,mnist,mnist_digit_subsets,mlp2,128,3,7301,same_base_union_validation_selector,replay_existing_validation_split,False,False,10,"[""base_model"",""dare"",""greedy_soup"",""individual_finetuned_digits_0_4"",""individual_finetuned_digits_5_9"",""individual_finetuned_even_digits"",""slerp_sequential"",""task_arithmetic"",""ties_merging"",""weight_average""]","[""base_model"",""dare_selected"",""greedy_soup_final_candidate"",""individual_finetuned_checkpoint"",""slerp_selected"",""task_arithmetic_selected"",""ties_selected"",""weight_average""]",task_arithmetic_selected,task_arithmetic,same_base_task_vector,task_arithmetic,"{""scale"":0.25,""validation_accuracy"":0.9019401305250362,""validation_loss"":0.3717900806983156}",0.9019401305250362,0.3717900806983156,0.8794444444444444,0.845,0.4126294814215765,True,True,True,task_arithmetic,0.8794444444444444,0.845,0.0,0.0,dare,0.8822222222222221,0.83,-0.002777777777777768,0.015000000000000013,True,False,True,same-base exact-setting validation selector; no independent-seed rebasin or Brauer/projective claim,True,3,True,0.043888888888888755,0.0,-0.002777777777777768,0.017222222222222028
mnist_mnist_digit_subsets_mlp2_W128_N3,mnist_mnist_digit_subsets_mlp2_W128_N3_seed7302,mnist,mnist_digit_subsets,mlp2,128,3,7302,same_base_union_validation_selector,replay_existing_validation_split,False,False,10,"[""base_model"",""dare"",""greedy_soup"",""individual_finetuned_digits_0_4"",""individual_finetuned_digits_5_9"",""individual_finetuned_even_digits"",""slerp_sequential"",""task_arithmetic"",""ties_merging"",""weight_average""]","[""base_model"",""dare_selected"",""greedy_soup_final_candidate"",""individual_finetuned_checkpoint"",""slerp_selected"",""task_arithmetic_selected"",""ties_selected"",""weight_average""]",base_model,base_model,common_base_reference,base_model,{},0.92124404752771,0.3269159915786045,0.8833333333333333,0.8616666666666667,0.4143656889597575,False,True,True,task_arithmetic,0.8894444444444445,0.8566666666666667,-0.006111111111111178,0.0050000000000000044,task_arithmetic,0.8894444444444445,0.8566666666666667,-0.006111111111111178,0.0050000000000000044,False,False,True,same-base exact-setting validation selector; no independent-seed rebasin or Brauer/projective claim,True,3,True,0.047222222222222054,-0.006111111111111178,-0.0005555555555555314,0.0444444444444444
mnist_mnist_digit_subsets_mlp2_W128_N3,mnist_mnist_digit_subsets_mlp2_W128_N3_seed7303,mnist,mnist_digit_subsets,mlp2,128,3,7303,same_base_union_validation_selector,replay_existing_validation_split,False,False,10,"[""base_model"",""dare"",""greedy_soup"",""individual_finetuned_digits_0_4"",""individual_finetuned_digits_5_9"",""individual_finetuned_even_digits"",""slerp_sequential"",""task_arithmetic"",""ties_merging"",""weight_average""]","[""base_model"",""dare_selected"",""greedy_soup_final_candidate"",""individual_finetuned_checkpoint"",""slerp_selected"",""task_arithmetic_selected"",""ties_selected"",""weight_average""]",base_model,base_model,common_base_reference,base_model,{},0.8853825451749326,0.3863576979895639,0.8766666666666666,0.83,0.4361808141072591,False,True,True,task_arithmetic,0.8822222222222221,0.8216666666666667,-0.005555555555555536,0.008333333333333304,task_arithmetic,0.8822222222222221,0.8216666666666667,-0.005555555555555536,0.008333333333333304,False,False,True,same-base exact-setting validation selector; no independent-seed rebasin or Brauer/projective claim,True,3,True,0.03777777777777769,-0.005555555555555536,-0.0011111111111111738,0.04166666666666663
mnist_mnist_digit_subsets_mlp2_W128_N3,mnist_mnist_digit_subsets_mlp2_W128_N3_seed7304,mnist,mnist_digit_subsets,mlp2,128,3,7304,same_base_union_validation_selector,replay_existing_validation_split,False,False,10,"[""base_model"",""dare"",""greedy_soup"",""individual_finetuned_digits_0_4"",""individual_finetuned_digits_5_9"",""individual_finetuned_even_digits"",""slerp_sequential"",""task_arithmetic"",""ties_merging"",""weight_average""]","[""base_model"",""dare_selected"",""greedy_soup_final_candidate"",""individual_finetuned_checkpoint"",""slerp_selected"",""task_arithmetic_selected"",""ties_selected"",""weight_average""]",base_model,base_model,common_base_reference,base_model,{},0.9150937081659972,0.324315471878971,0.8961111111111112,0.8583333333333333,0.3821858109368218,False,True,True,task_arithmetic,0.8922222222222222,0.845,0.0038888888888889417,0.013333333333333308,task_arithmetic,0.8922222222222222,0.845,0.0038888888888889417,0.013333333333333308,False,False,True,same-base exact-setting validation selector; no independent-seed rebasin or Brauer/projective claim,True,3,True,0.05500000000000005,0.0038888888888889417,0.013888888888889062,0.03388888888888886
mnist_mnist_digit_subsets_mlp2_W128_N3,mnist_mnist_digit_subsets_mlp2_W128_N3_seed7305,mnist,mnist_digit_subsets,mlp2,128,3,7305,same_base_union_validation_selector,replay_existing_validation_split,False,False,10,"[""base_model"",""dare"",""greedy_soup"",""individual_finetuned_digits_0_4"",""individual_finetuned_digits_5_9"",""individual_finetuned_even_digits"",""slerp_sequential"",""task_arithmetic"",""ties_merging"",""weight_average""]","[""base_model"",""dare_selected"",""greedy_soup_final_candidate"",""individual_finetuned_checkpoint"",""slerp_selected"",""task_arithmetic_selected"",""ties_selected"",""weight_average""]",task_arithmetic_selected,task_arithmetic,same_base_task_vector,task_arithmetic,"{""scale"":0.25,""validation_accuracy"":0.90332156716069,""validation_loss"":0.37572948444624127}",0.90332156716069,0.3757294844462412,0.89,0.855,0.3751918877495659,True,True,True,task_arithmetic,0.89,0.855,0.0,0.0,task_arithmetic,0.89,0.855,0.0,0.0,True,True,True,same-base exact-setting validation selector; no independent-seed rebasin or Brauer/projective claim,True,3,True,0.0461111111111111,0.0,0.007777777777777883,0.030000000000000027
mnist_mnist_digit_subsets_mlp2_W128_N3,mnist_mnist_digit_subsets_mlp2_W128_N3_seed7306,mnist,mnist_digit_subsets,mlp2,128,3,7306,same_base_union_validation_selector,replay_existing_validation_split,False,False,10,"[""base_model"",""dare"",""greedy_soup"",""individual_finetuned_digits_0_4"",""individual_finetuned_digits_5_9"",""individual_finetuned_even_digits"",""slerp_sequential"",""task_arithmetic"",""ties_merging"",""weight_average""]","[""base_model"",""dare_selected"",""greedy_soup_final_candidate"",""individual_finetuned_checkpoint"",""slerp_selected"",""task_arithmetic_selected"",""ties_selected"",""weight_average""]",task_arithmetic_selected,task_arithmetic,same_base_task_vector,task_arithmetic,"{""scale"":0.25,""validation_accuracy"":0.8842837483247651,""validation_loss"":0.40905535595712905}",0.8842837483247651,0.409055355957129,0.8783333333333333,0.8016666666666666,0.4028304465611775,True,True,True,task_arithmetic,0.8783333333333333,0.8016666666666666,0.0,0.0,task_arithmetic,0.8783333333333333,0.8016666666666666,0.0,0.0,True,True,True,same-base exact-setting validation selector; no independent-seed rebasin or Brauer/projective claim,True,3,True,0.05222222222222217,0.0,0.011111111111111072,0.0461111111111111
mnist_mnist_digit_subsets_mlp2_W128_N3,mnist_mnist_digit_subsets_mlp2_W128_N3_seed7307,mnist,mnist_digit_subsets,mlp2,128,3,7307,same_base_union_validation_selector,replay_existing_validation_split,False,False,10,"[""base_model"",""dare"",""greedy_soup"",""individual_finetuned_digits_0_4"",""individual_finetuned_digits_5_9"",""individual_finetuned_even_digits"",""slerp_sequential"",""task_arithmetic"",""ties_merging"",""weight_average""]","[""base_model"",""dare_selected"",""greedy_soup_final_candidate"",""individual_finetuned_checkpoint"",""slerp_selected"",""task_arithmetic_selected"",""ties_selected"",""weight_average""]",task_arithmetic_selected,task_arithmetic,same_base_task_vector,task_arithmetic,"{""scale"":0.25,""validation_accuracy"":0.8969711307946602,""validation_loss"":0.36326466917892364}",0.8969711307946602,0.3632646691789236,0.8883333333333333,0.83,0.4038420973883734,True,True,True,task_arithmetic,0.8883333333333333,0.83,0.0,0.0,task_arithmetic,0.8883333333333333,0.83,0.0,0.0,True,True,True,same-base exact-setting validation selector; no independent-seed rebasin or Brauer/projective claim,True,3,True,0.04777777777777781,0.0,0.011111111111111072,0.036666666666666736
mnist_mnist_digit_subsets_mlp2_W128_N3,mnist_mnist_digit_subsets_mlp2_W128_N3_seed7308,mnist,mnist_digit_subsets,mlp2,128,3,7308,same_base_union_validation_selector,replay_existing_validation_split,False,False,10,"[""base_model"",""dare"",""greedy_soup"",""individual_finetuned_digits_0_4"",""individual_finetuned_digits_5_9"",""individual_finetuned_even_digits"",""slerp_sequential"",""task_arithmetic"",""ties_merging"",""weight_average""]","[""base_model"",""dare_selected"",""greedy_soup_final_candidate"",""individual_finetuned_checkpoint"",""slerp_selected"",""task_arithmetic_selected"",""ties_selected"",""weight_average""]",task_arithmetic_selected,task_arithmetic,same_base_task_vector,task_arithmetic,"{""scale"":0.25,""validation_accuracy"":0.9012660101856081,""validation_loss"":0.35557898212686273}",0.901266010185608,0.3555789821268627,0.8783333333333333,0.8166666666666667,0.4030414825015598,True,True,True,task_arithmetic,0.8783333333333333,0.8166666666666667,0.0,0.0,task_arithmetic,0.8783333333333333,0.8166666666666667,0.0,0.0,True,True,True,same-base exact-setting validation selector; no independent-seed rebasin or Brauer/projective claim,True,3,True,0.04444444444444429,0.0,0.006111111111111067,0.022777777777777675
mnist_mnist_digit_subsets_mlp2_W128_N3,mnist_mnist_digit_subsets_mlp2_W128_N3_seed7309,mnist,mnist_digit_subsets,mlp2,128,3,7309,same_base_union_validation_selector,replay_existing_validation_split,False,False,10,"[""base_model"",""dare"",""greedy_soup"",""individual_finetuned_digits_0_4"",""individual_finetuned_digits_5_9"",""individual_finetuned_even_digits"",""slerp_sequential"",""task_arithmetic"",""ties_merging"",""weight_average""]","[""base_model"",""dare_selected"",""greedy_soup_final_candidate"",""individual_finetuned_checkpoint"",""slerp_selected"",""task_arithmetic_selected"",""ties_selected"",""weight_average""]",base_model,base_model,common_base_reference,base_model,{},0.90864039276415,0.3483651186157459,0.8816666666666667,0.8583333333333333,0.4137692981296115,False,True,True,task_arithmetic,0.8877777777777779,0.8416666666666667,-0.006111111111111178,0.016666666666666607,task_arithmetic,0.8877777777777779,0.8416666666666667,-0.006111111111111178,0.016666666666666607,False,False,True,same-base exact-setting validation selector; no independent-seed rebasin or Brauer/projective claim,True,3,True,0.05777777777777782,-0.006111111111111178,0.011666666666666714,0.04111111111111121
mnist_mnist_digit_subsets_mlp2_W128_N3,mnist_mnist_digit_subsets_mlp2_W128_N3_seed7310,mnist,mnist_digit_subsets,mlp2,128,3,7310,same_base_union_validation_selector,replay_existing_validation_split,False,False,10,"[""base_model"",""dare"",""greedy_soup"",""individual_finetuned_digits_0_4"",""individual_finetuned_digits_5_9"",""individual_finetuned_even_digits"",""slerp_sequential"",""task_arithmetic"",""ties_merging"",""weight_average""]","[""base_model"",""dare_selected"",""greedy_soup_final_candidate"",""individual_finetuned_checkpoint"",""slerp_selected"",""task_arithmetic_selected"",""ties_selected"",""weight_average""]",task_arithmetic_selected,task_arithmetic,same_base_task_vector,task_arithmetic,"{""scale"":0.25,""validation_accuracy"":0.9175927583121085,""validation_loss"":0.3195555328704443}",0.9175927583121084,0.3195555328704443,0.8911111111111111,0.8366666666666667,0.3885374111599391,True,True,True,task_arithmetic,0.8911111111111111,0.8366666666666667,0.0,0.0,task_arithmetic,0.8911111111111111,0.8366666666666667,0.0,0.0,True,True,True,same-base exact-setting validation selector; no independent-seed rebasin or Brauer/projective claim,True,3,True,0.0527777777777777,0.0,0.011111111111111072,0.026111111111110974
mnist_mnist_digit_subsets_mlp2_W128_N3,mnist_mnist_digit_subsets_mlp2_W128_N3_seed7311,mnist,mnist_digit_subsets,mlp2,128,3,7311,same_base_union_validation_selector,replay_existing_validation_split,False,False,10,"[""base_model"",""dare"",""greedy_soup"",""individual_finetuned_digits_0_4"",""individual_finetuned_digits_5_9"",""individual_finetuned_even_digits"",""slerp_sequential"",""task_arithmetic"",""ties_merging"",""weight_average""]","[""base_model"",""dare_selected"",""greedy_soup_final_candidate"",""individual_finetuned_checkpoint"",""slerp_selected"",""task_arithmetic_selected"",""ties_selected"",""weight_average""]",task_arithmetic_selected,task_arithmetic,same_base_task_vector,task_arithmetic,"{""scale"":0.25,""validation_accuracy"":0.9090796857463523,""validation_loss"":0.32968540995476886}",0.9090796857463525,0.3296854099547688,0.8883333333333333,0.8333333333333334,0.4014110628763834,True,True,True,task_arithmetic,0.8883333333333333,0.8333333333333334,0.0,0.0,task_arithmetic,0.8883333333333333,0.8333333333333334,0.0,0.0,True,True,True,same-base exact-setting validation selector; no independent-seed rebasin or Brauer/projective claim,True,3,True,0.0444444444444444,0.0,0.0022222222222222365,0.0344444444444445
mnist_mnist_digit_subsets_mlp2_W128_N3,mnist_mnist_digit_subsets_mlp2_W128_N3_seed7312,mnist,mnist_digit_subsets,mlp2,128,3,7312,same_base_union_validation_selector,replay_existing_validation_split,False,False,10,"[""base_model"",""dare"",""greedy_soup"",""individual_finetuned_digits_0_4"",""individual_finetuned_digits_5_9"",""individual_finetuned_even_digits"",""slerp_sequential"",""task_arithmetic"",""ties_merging"",""weight_average""]","[""base_model"",""dare_selected"",""greedy_soup_final_candidate"",""individual_finetuned_checkpoint"",""slerp_selected"",""task_arithmetic_selected"",""ties_selected"",""weight_average""]",task_arithmetic_selected,task_arithmetic,same_base_task_vector,task_arithmetic,"{""scale"":0.25,""validation_accuracy"":0.8918221070811745,""validation_loss"":0.37719245606478974}",0.8918221070811745,0.3771924560647897,0.8916666666666666,0.83,0.382742518319024,True,True,True,task_arithmetic,0.8916666666666666,0.83,0.0,0.0,task_arithmetic,0.8916666666666666,0.83,0.0,0.0,True,True,True,same-base exact-setting validation selector; no independent-seed rebasin or Brauer/projective claim,True,3,True,0.04111111111111099,0.0,0.00722222222222213,0.0183333333333332
mnist_mnist_digit_subsets_mlp2_W128_N3,mnist_mnist_digit_subsets_mlp2_W128_N3_seed7313,mnist,mnist_digit_subsets,mlp2,128,3,7313,same_base_union_validation_selector,replay_existing_validation_split,False,False,10,"[""base_model"",""dare"",""greedy_soup"",""individual_finetuned_digits_0_4"",""individual_finetuned_digits_5_9"",""individual_finetuned_even_digits"",""slerp_sequential"",""task_arithmetic"",""ties_merging"",""weight_average""]","[""base_model"",""dare_selected"",""greedy_soup_final_candidate"",""individual_finetuned_checkpoint"",""slerp_selected"",""task_arithmetic_selected"",""ties_selected"",""weight_average""]",task_arithmetic_selected,task_arithmetic,same_base_task_vector,task_arithmetic,"{""scale"":0.25,""validation_accuracy"":0.8886096638707214,""validation_loss"":0.36590349239345654}",0.8886096638707214,0.3659034923934565,0.8783333333333333,0.8216666666666667,0.4173453521728515,True,True,True,task_arithmetic,0.8783333333333333,0.8216666666666667,0.0,0.0,task_arithmetic,0.8783333333333333,0.8216666666666667,0.0,0.0,True,True,True,same-base exact-setting validation selector; no independent-seed rebasin or Brauer/projective claim,True,3,True,0.05500000000000005,0.0,0.008333333333333304,0.02388888888888885
mnist_mnist_digit_subsets_mlp2_W128_N3,mnist_mnist_digit_subsets_mlp2_W128_N3_seed7314,mnist,mnist_digit_subsets,mlp2,128,3,7314,same_base_union_validation_selector,replay_existing_validation_split,False,False,10,"[""base_model"",""dare"",""greedy_soup"",""individual_finetuned_digits_0_4"",""individual_finetuned_digits_5_9"",""individual_finetuned_even_digits"",""slerp_sequential"",""task_arithmetic"",""ties_merging"",""weight_average""]","[""base_model"",""dare_selected"",""greedy_soup_final_candidate"",""individual_finetuned_checkpoint"",""slerp_selected"",""task_arithmetic_selected"",""ties_selected"",""weight_average""]",task_arithmetic_selected,task_arithmetic,same_base_task_vector,task_arithmetic,"{""scale"":0.25,""validation_accuracy"":0.9034054568959652,""validation_loss"":0.3685453364829137}",0.9034054568959652,0.3685453364829137,0.8827777777777778,0.815,0.4298790083991157,True,True,True,task_arithmetic,0.8827777777777778,0.815,0.0,0.0,task_arithmetic,0.8827777777777778,0.815,0.0,0.0,True,True,True,same-base exact-setting validation selector; no independent-seed rebasin or Brauer/projective claim,True,3,True,0.05555555555555558,0.0,0.01055555555555554,0.03888888888888886
mnist_mnist_digit_subsets_mlp2_W128_N3,mnist_mnist_digit_subsets_mlp2_W128_N3_seed7315,mnist,mnist_digit_subsets,mlp2,128,3,7315,same_base_union_validation_selector,replay_existing_validation_split,False,False,10,"[""base_model"",""dare"",""greedy_soup"",""individual_finetuned_digits_0_4"",""individual_finetuned_digits_5_9"",""individual_finetuned_even_digits"",""slerp_sequential"",""task_arithmetic"",""ties_merging"",""weight_average""]","[""base_model"",""dare_selected"",""greedy_soup_final_candidate"",""individual_finetuned_checkpoint"",""slerp_selected"",""task_arithmetic_selected"",""ties_selected"",""weight_average""]",dare_selected,dare,same_base_task_vector,dare,"{""drop_rate"":0.3,""scale"":0.5,""validation_accuracy"":0.9062533330955205,""validation_loss"":0.3643075694850187}",0.9062533330955204,0.3643075694850187,0.8744444444444445,0.8233333333333334,0.4287811289893257,True,True,True,task_arithmetic,0.875,0.8233333333333334,-0.0005555555555555314,0.0,task_arithmetic,0.875,0.8233333333333334,-0.0005555555555555314,0.0,False,False,True,same-base exact-setting validation selector; no independent-seed rebasin or Brauer/projective claim,True,3,True,0.046666666666666634,-0.0005555555555555314,0.0,0.020000000000000018
mnist_mnist_digit_subsets_mlp2_W128_N3,mnist_mnist_digit_subsets_mlp2_W128_N3_seed7316,mnist,mnist_digit_subsets,mlp2,128,3,7316,same_base_union_validation_selector,replay_existing_validation_split,False,False,10,"[""base_model"",""dare"",""greedy_soup"",""individual_finetuned_digits_0_4"",""individual_finetuned_digits_5_9"",""individual_finetuned_even_digits"",""slerp_sequential"",""task_arithmetic"",""ties_merging"",""weight_average""]","[""base_model"",""dare_selected"",""greedy_soup_final_candidate"",""individual_finetuned_checkpoint"",""slerp_selected"",""task_arithmetic_selected"",""ties_selected"",""weight_average""]",task_arithmetic_selected,task_arithmetic,same_base_task_vector,task_arithmetic,"{""scale"":0.25,""validation_accuracy"":0.8895573963394033,""validation_loss"":0.358109432954054}",0.8895573963394033,0.358109432954054,0.8694444444444445,0.8083333333333333,0.422575356165568,True,True,True,task_arithmetic,0.8694444444444445,0.8083333333333333,0.0,0.0,task_arithmetic,0.8694444444444445,0.8083333333333333,0.0,0.0,True,True,True,same-base exact-setting validation selector; no independent-seed rebasin or Brauer/projective claim,True,3,True,0.04499999999999993,0.0,0.0011111111111111738,0.04222222222222227
mnist_mnist_digit_subsets_mlp2_W128_N3,mnist_mnist_digit_subsets_mlp2_W128_N3_seed7317,mnist,mnist_digit_subsets,mlp2,128,3,7317,same_base_union_validation_selector,replay_existing_validation_split,False,False,10,"[""base_model"",""dare"",""greedy_soup"",""individual_finetuned_digits_0_4"",""individual_finetuned_digits_5_9"",""individual_finetuned_even_digits"",""slerp_sequential"",""task_arithmetic"",""ties_merging"",""weight_average""]","[""base_model"",""dare_selected"",""greedy_soup_final_candidate"",""individual_finetuned_checkpoint"",""slerp_selected"",""task_arithmetic_selected"",""ties_selected"",""weight_average""]",task_arithmetic_selected,task_arithmetic,same_base_task_vector,task_arithmetic,"{""scale"":0.25,""validation_accuracy"":0.895473581164343,""validation_loss"":0.38778790112630196}",0.895473581164343,0.3877879011263019,0.8861111111111111,0.8233333333333334,0.4112323813968234,True,True,True,task_arithmetic,0.8861111111111111,0.8233333333333334,0.0,0.0,task_arithmetic,0.8861111111111111,0.8233333333333334,0.0,0.0,True,True,True,same-base exact-setting validation selector; no independent-seed rebasin or Brauer/projective claim,True,3,True,0.05666666666666664,0.0,0.00666666666666671,0.04222222222222216
mnist_mnist_digit_subsets_mlp2_W128_N3,mnist_mnist_digit_subsets_mlp2_W128_N3_seed7318,mnist,mnist_digit_subsets,mlp2,128,3,7318,same_base_union_validation_selector,replay_existing_validation_split,False,False,10,"[""base_model"",""dare"",""greedy_soup"",""individual_finetuned_digits_0_4"",""individual_finetuned_digits_5_9"",""individual_finetuned_even_digits"",""slerp_sequential"",""task_arithmetic"",""ties_merging"",""weight_average""]","[""base_model"",""dare_selected"",""greedy_soup_final_candidate"",""individual_finetuned_checkpoint"",""slerp_selected"",""task_arithmetic_selected"",""ties_selected"",""weight_average""]",task_arithmetic_selected,task_arithmetic,same_base_task_vector,task_arithmetic,"{""scale"":0.25,""validation_accuracy"":0.9030479240471544,""validation_loss"":0.3628332980792674}",0.9030479240471544,0.3628332980792674,0.8777777777777778,0.8233333333333334,0.4219669352637397,True,True,True,task_arithmetic,0.8777777777777778,0.8233333333333334,0.0,0.0,task_arithmetic,0.8777777777777778,0.8233333333333334,0.0,0.0,True,True,True,same-base exact-setting validation selector; no independent-seed rebasin or Brauer/projective claim,True,3,True,0.04111111111111121,0.0,0.004444444444444362,0.029444444444444495
mnist_mnist_digit_subsets_mlp2_W128_N3,mnist_mnist_digit_subsets_mlp2_W128_N3_seed7319,mnist,mnist_digit_subsets,mlp2,128,3,7319,same_base_union_validation_selector,replay_existing_validation_split,False,False,10,"[""base_model"",""dare"",""greedy_soup"",""individual_finetuned_digits_0_4"",""individual_finetuned_digits_5_9"",""individual_finetuned_even_digits"",""slerp_sequential"",""task_arithmetic"",""ties_merging"",""weight_average""]","[""base_model"",""dare_selected"",""greedy_soup_final_candidate"",""individual_finetuned_checkpoint"",""slerp_selected"",""task_arithmetic_selected"",""ties_selected"",""weight_average""]",task_arithmetic_selected,task_arithmetic,same_base_task_vector,task_arithmetic,"{""scale"":0.25,""validation_accuracy"":0.9021697017313223,""validation_loss"":0.3830518284099538}",0.9021697017313224,0.3830518284099538,0.8883333333333333,0.845,0.3808599281311035,True,True,True,task_arithmetic,0.8883333333333333,0.845,0.0,0.0,task_arithmetic,0.8883333333333333,0.845,0.0,0.0,True,True,True,same-base exact-setting validation selector; no independent-seed rebasin or Brauer/projective claim,True,3,True,0.04777777777777781,0.0,0.008888888888888946,0.026111111111110974
mnist_mnist_digit_subsets_mlp2_W64_N3,mnist_mnist_digit_subsets_mlp2_W64_N3_seed7300,mnist,mnist_digit_subsets,mlp2,64,3,7300,same_base_union_validation_selector,replay_existing_validation_split,False,False,10,"[""base_model"",""dare"",""greedy_soup"",""individual_finetuned_digits_0_4"",""individual_finetuned_digits_5_9"",""individual_finetuned_even_digits"",""slerp_sequential"",""task_arithmetic"",""ties_merging"",""weight_average""]","[""base_model"",""dare_selected"",""greedy_soup_final_candidate"",""individual_finetuned_checkpoint"",""slerp_selected"",""task_arithmetic_selected"",""ties_selected"",""weight_average""]",task_arithmetic_selected,task_arithmetic,same_base_task_vector,task_arithmetic,"{""scale"":0.5,""validation_accuracy"":0.8955224304372517,""validation_loss"":0.4361104804170237}",0.8955224304372517,0.4361104804170237,0.8650000000000001,0.8033333333333333,0.4865788798862033,True,True,True,task_arithmetic,0.8650000000000001,0.8033333333333333,0.0,0.0,task_arithmetic,0.8650000000000001,0.8033333333333333,0.0,0.0,True,True,True,same-base exact-setting validation selector; no independent-seed rebasin or Brauer/projective claim,True,3,True,0.04222222222222238,0.0,0.0016666666666667052,0.02666666666666684
mnist_mnist_digit_subsets_mlp2_W64_N3,mnist_mnist_digit_subsets_mlp2_W64_N3_seed7301,mnist,mnist_digit_subsets,mlp2,64,3,7301,same_base_union_validation_selector,replay_existing_validation_split,False,False,10,"[""base_model"",""dare"",""greedy_soup"",""individual_finetuned_digits_0_4"",""individual_finetuned_digits_5_9"",""individual_finetuned_even_digits"",""slerp_sequential"",""task_arithmetic"",""ties_merging"",""weight_average""]","[""base_model"",""dare_selected"",""greedy_soup_final_candidate"",""individual_finetuned_checkpoint"",""slerp_selected"",""task_arithmetic_selected"",""ties_selected"",""weight_average""]",dare_selected,dare,same_base_task_vector,dare,"{""drop_rate"":0.3,""scale"":0.5,""validation_accuracy"":0.8761305044323913,""validation_loss"":0.46798926017112447}",0.8761305044323913,0.4679892601711244,0.8594444444444443,0.795,0.4987973912556966,True,True,True,task_arithmetic,0.8594444444444443,0.7966666666666666,0.0,-0.0016666666666665941,task_arithmetic,0.8594444444444443,0.7966666666666666,0.0,-0.0016666666666665941,False,False,True,same-base exact-setting validation selector; no independent-seed rebasin or Brauer/projective claim,True,3,True,0.03611111111111098,0.0,0.0,0.02833333333333332
mnist_mnist_digit_subsets_mlp2_W64_N3,mnist_mnist_digit_subsets_mlp2_W64_N3_seed7302,mnist,mnist_digit_subsets,mlp2,64,3,7302,same_base_union_validation_selector,replay_existing_validation_split,False,False,10,"[""base_model"",""dare"",""greedy_soup"",""individual_finetuned_digits_0_4"",""individual_finetuned_digits_5_9"",""individual_finetuned_even_digits"",""slerp_sequential"",""task_arithmetic"",""ties_merging"",""weight_average""]","[""base_model"",""dare_selected"",""greedy_soup_final_candidate"",""individual_finetuned_checkpoint"",""slerp_selected"",""task_arithmetic_selected"",""ties_selected"",""weight_average""]",dare_selected,dare,same_base_task_vector,dare,"{""drop_rate"":0.5,""scale"":0.5,""validation_accuracy"":0.8914243224027784,""validation_loss"":0.42780601666003143}",0.8914243224027784,0.4278060166600314,0.8594444444444446,0.8,0.5135514460669622,True,True,True,task_arithmetic,0.8605555555555555,0.8216666666666667,-0.0011111111111109517,-0.021666666666666612,task_arithmetic,0.8605555555555555,0.8216666666666667,-0.0011111111111109517,-0.021666666666666612,False,False,True,same-base exact-setting validation selector; no independent-seed rebasin or Brauer/projective claim,True,3,True,0.036111111111111316,-0.0011111111111109517,0.0,0.02111111111111119
mnist_mnist_digit_subsets_mlp2_W64_N3,mnist_mnist_digit_subsets_mlp2_W64_N3_seed7303,mnist,mnist_digit_subsets,mlp2,64,3,7303,same_base_union_validation_selector,replay_existing_validation_split,False,False,10,"[""base_model"",""dare"",""greedy_soup"",""individual_finetuned_digits_0_4"",""individual_finetuned_digits_5_9"",""individual_finetuned_even_digits"",""slerp_sequential"",""task_arithmetic"",""ties_merging"",""weight_average""]","[""base_model"",""dare_selected"",""greedy_soup_final_candidate"",""individual_finetuned_checkpoint"",""slerp_selected"",""task_arithmetic_selected"",""ties_selected"",""weight_average""]",base_model,base_model,common_base_reference,base_model,{},0.8637427912341407,0.4827733153702891,0.8555555555555555,0.7983333333333333,0.5243170229593913,False,True,True,task_arithmetic,0.8538888888888888,0.7783333333333333,0.0016666666666667052,0.020000000000000018,task_arithmetic,0.8538888888888888,0.7783333333333333,0.0016666666666667052,0.020000000000000018,False,False,True,same-base exact-setting validation selector; no independent-seed rebasin or Brauer/projective claim,True,3,True,0.04222222222222216,0.0016666666666667052,0.008333333333333304,0.03555555555555556
mnist_mnist_digit_subsets_mlp2_W64_N3,mnist_mnist_digit_subsets_mlp2_W64_N3_seed7304,mnist,mnist_digit_subsets,mlp2,64,3,7304,same_base_union_validation_selector,replay_existing_validation_split,False,False,10,"[""base_model"",""dare"",""greedy_soup"",""individual_finetuned_digits_0_4"",""individual_finetuned_digits_5_9"",""individual_finetuned_even_digits"",""slerp_sequential"",""task_arithmetic"",""ties_merging"",""weight_average""]","[""base_model"",""dare_selected"",""greedy_soup_final_candidate"",""individual_finetuned_checkpoint"",""slerp_selected"",""task_arithmetic_selected"",""ties_selected"",""weight_average""]",task_arithmetic_selected,task_arithmetic,same_base_task_vector,task_arithmetic,"{""scale"":0.25,""validation_accuracy"":0.8721629374641423,""validation_loss"":0.47475995773794}",0.8721629374641423,0.47475995773794,0.8538888888888888,0.7866666666666666,0.5212360827128092,True,True,True,task_arithmetic,0.8538888888888888,0.7866666666666666,0.0,0.0,task_arithmetic,0.8538888888888888,0.7866666666666666,0.0,0.0,True,True,True,same-base exact-setting validation selector; no independent-seed rebasin or Brauer/projective claim,True,3,True,0.0494444444444444,0.0,0.00722222222222213,0.039999999999999813
mnist_mnist_digit_subsets_mlp2_W64_N3,mnist_mnist_digit_subsets_mlp2_W64_N3_seed7305,mnist,mnist_digit_subsets,mlp2,64,3,7305,same_base_union_validation_selector,replay_existing_validation_split,False,False,10,"[""base_model"",""dare"",""greedy_soup"",""individual_finetuned_digits_0_4"",""individual_finetuned_digits_5_9"",""individual_finetuned_even_digits"",""slerp_sequential"",""task_arithmetic"",""ties_merging"",""weight_average""]","[""base_model"",""dare_selected"",""greedy_soup_final_candidate"",""individual_finetuned_checkpoint"",""slerp_selected"",""task_arithmetic_selected"",""ties_selected"",""weight_average""]",task_arithmetic_selected,task_arithmetic,same_base_task_vector,task_arithmetic,"{""scale"":0.25,""validation_accuracy"":0.883438761357084,""validation_loss"":0.4582275727551184}",0.883438761357084,0.4582275727551184,0.8738888888888888,0.8233333333333334,0.4602276611328124,True,True,True,task_arithmetic,0.8738888888888888,0.8233333333333334,0.0,0.0,task_arithmetic,0.8738888888888888,0.8233333333333334,0.0,0.0,True,True,True,same-base exact-setting validation selector; no independent-seed rebasin or Brauer/projective claim,True,3,True,0.0427777777777778,0.0,0.002777777777777768,0.03833333333333322
mnist_mnist_digit_subsets_mlp2_W64_N3,mnist_mnist_digit_subsets_mlp2_W64_N3_seed7306,mnist,mnist_digit_subsets,mlp2,64,3,7306,same_base_union_validation_selector,replay_existing_validation_split,False,False,10,"[""base_model"",""dare"",""greedy_soup"",""individual_finetuned_digits_0_4"",""individual_finetuned_digits_5_9"",""individual_finetuned_even_digits"",""slerp_sequential"",""task_arithmetic"",""ties_merging"",""weight_average""]","[""base_model"",""dare_selected"",""greedy_soup_final_candidate"",""individual_finetuned_checkpoint"",""slerp_selected"",""task_arithmetic_selected"",""ties_selected"",""weight_average""]",base_model,base_model,common_base_reference,base_model,{},0.8733183559064552,0.5173377830203331,0.8661111111111112,0.81,0.4961202928755018,False,True,True,task_arithmetic,0.866111111111111,0.7933333333333333,1.1102230246251565e-16,0.01666666666666672,task_arithmetic,0.866111111111111,0.7933333333333333,1.1102230246251565e-16,0.01666666666666672,False,False,True,same-base exact-setting validation selector; no independent-seed rebasin or Brauer/projective claim,True,3,True,0.05222222222222239,1.1102230246251565e-16,0.009444444444444589,0.053888888888888986
mnist_mnist_digit_subsets_mlp2_W64_N3,mnist_mnist_digit_subsets_mlp2_W64_N3_seed7307,mnist,mnist_digit_subsets,mlp2,64,3,7307,same_base_union_validation_selector,replay_existing_validation_split,False,False,10,"[""base_model"",""dare"",""greedy_soup"",""individual_finetuned_digits_0_4"",""individual_finetuned_digits_5_9"",""individual_finetuned_even_digits"",""slerp_sequential"",""task_arithmetic"",""ties_merging"",""weight_average""]","[""base_model"",""dare_selected"",""greedy_soup_final_candidate"",""individual_finetuned_checkpoint"",""slerp_selected"",""task_arithmetic_selected"",""ties_selected"",""weight_average""]",task_arithmetic_selected,task_arithmetic,same_base_task_vector,task_arithmetic,"{""scale"":0.25,""validation_accuracy"":0.8874582986347691,""validation_loss"":0.46662350297073457}",0.8874582986347691,0.4666235029707345,0.8683333333333333,0.8166666666666667,0.5024180094401042,True,True,True,task_arithmetic,0.8683333333333333,0.8166666666666667,0.0,0.0,task_arithmetic,0.8683333333333333,0.8166666666666667,0.0,0.0,True,True,True,same-base exact-setting validation selector; no independent-seed rebasin or Brauer/projective claim,True,3,True,0.05833333333333324,0.0,0.0050000000000000044,0.04555555555555535
mnist_mnist_digit_subsets_mlp2_W64_N3,mnist_mnist_digit_subsets_mlp2_W64_N3_seed7308,mnist,mnist_digit_subsets,mlp2,64,3,7308,same_base_union_validation_selector,replay_existing_validation_split,False,False,10,"[""base_model"",""dare"",""greedy_soup"",""individual_finetuned_digits_0_4"",""individual_finetuned_digits_5_9"",""individual_finetuned_even_digits"",""slerp_sequential"",""task_arithmetic"",""ties_merging"",""weight_average""]","[""base_model"",""dare_selected"",""greedy_soup_final_candidate"",""individual_finetuned_checkpoint"",""slerp_selected"",""task_arithmetic_selected"",""ties_selected"",""weight_average""]",task_arithmetic_selected,task_arithmetic,same_base_task_vector,task_arithmetic,"{""scale"":0.25,""validation_accuracy"":0.8744789040601436,""validation_loss"":0.49298483444149416}",0.8744789040601436,0.4929848344414941,0.8450000000000001,0.7733333333333333,0.5364189041985407,True,True,True,task_arithmetic,0.8450000000000001,0.7733333333333333,0.0,0.0,task_arithmetic,0.8450000000000001,0.7733333333333333,0.0,0.0,True,True,True,same-base exact-setting validation selector; no independent-seed rebasin or Brauer/projective claim,True,3,True,0.04888888888888898,0.0,0.006111111111111178,0.04166666666666674
mnist_mnist_digit_subsets_mlp2_W64_N3,mnist_mnist_digit_subsets_mlp2_W64_N3_seed7309,mnist,mnist_digit_subsets,mlp2,64,3,7309,same_base_union_validation_selector,replay_existing_validation_split,False,False,10,"[""base_model"",""dare"",""greedy_soup"",""individual_finetuned_digits_0_4"",""individual_finetuned_digits_5_9"",""individual_finetuned_even_digits"",""slerp_sequential"",""task_arithmetic"",""ties_merging"",""weight_average""]","[""base_model"",""dare_selected"",""greedy_soup_final_candidate"",""individual_finetuned_checkpoint"",""slerp_selected"",""task_arithmetic_selected"",""ties_selected"",""weight_average""]",task_arithmetic_selected,task_arithmetic,same_base_task_vector,task_arithmetic,"{""scale"":0.25,""validation_accuracy"":0.8808554491459967,""validation_loss"":0.4605717256121215}",0.8808554491459967,0.4605717256121215,0.8611111111111112,0.7966666666666666,0.5140312936570909,True,True,True,task_arithmetic,0.8611111111111112,0.7966666666666666,0.0,0.0,task_arithmetic,0.8611111111111112,0.7966666666666666,0.0,0.0,True,True,True,same-base exact-setting validation selector; no independent-seed rebasin or Brauer/projective claim,True,3,True,0.05500000000000005,0.0,0.008888888888888946,0.05277777777777792
mnist_mnist_digit_subsets_mlp2_W64_N3,mnist_mnist_digit_subsets_mlp2_W64_N3_seed7310,mnist,mnist_digit_subsets,mlp2,64,3,7310,same_base_union_validation_selector,replay_existing_validation_split,False,False,10,"[""base_model"",""dare"",""greedy_soup"",""individual_finetuned_digits_0_4"",""individual_finetuned_digits_5_9"",""individual_finetuned_even_digits"",""slerp_sequential"",""task_arithmetic"",""ties_merging"",""weight_average""]","[""base_model"",""dare_selected"",""greedy_soup_final_candidate"",""individual_finetuned_checkpoint"",""slerp_selected"",""task_arithmetic_selected"",""ties_selected"",""weight_average""]",task_arithmetic_selected,task_arithmetic,same_base_task_vector,task_arithmetic,"{""scale"":0.25,""validation_accuracy"":0.8856665366405849,""validation_loss"":0.44207987337230664}",0.8856665366405849,0.4420798733723066,0.8705555555555556,0.7966666666666666,0.4898483679029677,True,True,True,task_arithmetic,0.8705555555555556,0.7966666666666666,0.0,0.0,task_arithmetic,0.8705555555555556,0.7966666666666666,0.0,0.0,True,True,True,same-base exact-setting validation selector; no independent-seed rebasin or Brauer/projective claim,True,3,True,0.04444444444444451,0.0,0.005555555555555536,0.03722222222222227
mnist_mnist_digit_subsets_mlp2_W64_N3,mnist_mnist_digit_subsets_mlp2_W64_N3_seed7311,mnist,mnist_digit_subsets,mlp2,64,3,7311,same_base_union_validation_selector,replay_existing_validation_split,False,False,10,"[""base_model"",""dare"",""greedy_soup"",""individual_finetuned_digits_0_4"",""individual_finetuned_digits_5_9"",""individual_finetuned_even_digits"",""slerp_sequential"",""task_arithmetic"",""ties_merging"",""weight_average""]","[""base_model"",""dare_selected"",""greedy_soup_final_candidate"",""individual_finetuned_checkpoint"",""slerp_selected"",""task_arithmetic_selected"",""ties_selected"",""weight_average""]",task_arithmetic_selected,task_arithmetic,same_base_task_vector,task_arithmetic,"{""scale"":0.25,""validation_accuracy"":0.8966498316498317,""validation_loss"":0.44275229077280304}",0.8966498316498317,0.442752290772803,0.8666666666666666,0.7983333333333333,0.509731068081326,True,True,True,task_arithmetic,0.8666666666666666,0.7983333333333333,0.0,0.0,task_arithmetic,0.8666666666666666,0.7983333333333333,0.0,0.0,True,True,True,same-base exact-setting validation selector; no independent-seed rebasin or Brauer/projective claim,True,3,True,0.04444444444444429,0.0,0.006666666666666599,0.043888888888888644
mnist_mnist_digit_subsets_mlp2_W64_N3,mnist_mnist_digit_subsets_mlp2_W64_N3_seed7312,mnist,mnist_digit_subsets,mlp2,64,3,7312,same_base_union_validation_selector,replay_existing_validation_split,False,False,10,"[""base_model"",""dare"",""greedy_soup"",""individual_finetuned_digits_0_4"",""individual_finetuned_digits_5_9"",""individual_finetuned_even_digits"",""slerp_sequential"",""task_arithmetic"",""ties_merging"",""weight_average""]","[""base_model"",""dare_selected"",""greedy_soup_final_candidate"",""individual_finetuned_checkpoint"",""slerp_selected"",""task_arithmetic_selected"",""ties_selected"",""weight_average""]",task_arithmetic_selected,task_arithmetic,same_base_task_vector,task_arithmetic,"{""scale"":0.25,""validation_accuracy"":0.8693177892918826,""validation_loss"":0.4854373953077529}",0.8693177892918826,0.4854373953077529,0.8644444444444445,0.8066666666666666,0.4962405416700575,True,True,True,task_arithmetic,0.8644444444444445,0.8066666666666666,0.0,0.0,task_arithmetic,0.8644444444444445,0.8066666666666666,0.0,0.0,True,True,True,same-base exact-setting validation selector; no independent-seed rebasin or Brauer/projective claim,True,3,True,0.03888888888888897,0.0,0.0022222222222221255,0.020000000000000018
mnist_mnist_digit_subsets_mlp2_W64_N3,mnist_mnist_digit_subsets_mlp2_W64_N3_seed7313,mnist,mnist_digit_subsets,mlp2,64,3,7313,same_base_union_validation_selector,replay_existing_validation_split,False,False,10,"[""base_model"",""dare"",""greedy_soup"",""individual_finetuned_digits_0_4"",""individual_finetuned_digits_5_9"",""individual_finetuned_even_digits"",""slerp_sequential"",""task_arithmetic"",""ties_merging"",""weight_average""]","[""base_model"",""dare_selected"",""greedy_soup_final_candidate"",""individual_finetuned_checkpoint"",""slerp_selected"",""task_arithmetic_selected"",""ties_selected"",""weight_average""]",task_arithmetic_selected,task_arithmetic,same_base_task_vector,task_arithmetic,"{""scale"":0.25,""validation_accuracy"":0.8334531771545407,""validation_loss"":0.5292808304448046}",0.8334531771545407,0.5292808304448046,0.8477777777777779,0.78,0.556269687016805,True,True,True,task_arithmetic,0.8477777777777779,0.78,0.0,0.0,task_arithmetic,0.8477777777777779,0.78,0.0,0.0,True,True,True,same-base exact-setting validation selector; no independent-seed rebasin or Brauer/projective claim,True,3,True,0.03500000000000014,0.0,0.009444444444444478,0.022777777777777786
mnist_mnist_digit_subsets_mlp2_W64_N3,mnist_mnist_digit_subsets_mlp2_W64_N3_seed7314,mnist,mnist_digit_subsets,mlp2,64,3,7314,same_base_union_validation_selector,replay_existing_validation_split,False,False,10,"[""base_model"",""dare"",""greedy_soup"",""individual_finetuned_digits_0_4"",""individual_finetuned_digits_5_9"",""individual_finetuned_even_digits"",""slerp_sequential"",""task_arithmetic"",""ties_merging"",""weight_average""]","[""base_model"",""dare_selected"",""greedy_soup_final_candidate"",""individual_finetuned_checkpoint"",""slerp_selected"",""task_arithmetic_selected"",""ties_selected"",""weight_average""]",task_arithmetic_selected,task_arithmetic,same_base_task_vector,task_arithmetic,"{""scale"":0.25,""validation_accuracy"":0.8729672722324283,""validation_loss"":0.49166102699222164}",0.8729672722324283,0.4916610269922216,0.8561111111111112,0.8,0.5297570938534207,True,True,True,task_arithmetic,0.8561111111111112,0.8,0.0,0.0,task_arithmetic,0.8561111111111112,0.8,0.0,0.0,True,True,True,same-base exact-setting validation selector; no independent-seed rebasin or Brauer/projective claim,True,3,True,0.04777777777777792,0.0,0.015555555555555656,0.04166666666666674
mnist_mnist_digit_subsets_mlp2_W64_N3,mnist_mnist_digit_subsets_mlp2_W64_N3_seed7315,mnist,mnist_digit_subsets,mlp2,64,3,7315,same_base_union_validation_selector,replay_existing_validation_split,False,False,10,"[""base_model"",""dare"",""greedy_soup"",""individual_finetuned_digits_0_4"",""individual_finetuned_digits_5_9"",""individual_finetuned_even_digits"",""slerp_sequential"",""task_arithmetic"",""ties_merging"",""weight_average""]","[""base_model"",""dare_selected"",""greedy_soup_final_candidate"",""individual_finetuned_checkpoint"",""slerp_selected"",""task_arithmetic_selected"",""ties_selected"",""weight_average""]",task_arithmetic_selected,task_arithmetic,same_base_task_vector,task_arithmetic,"{""scale"":0.25,""validation_accuracy"":0.8953971821160783,""validation_loss"":0.44724369276185777}",0.8953971821160783,0.4472436927618577,0.8527777777777777,0.8083333333333333,0.509838621351454,True,True,True,task_arithmetic,0.8527777777777777,0.8083333333333333,0.0,0.0,dare,0.8566666666666666,0.7933333333333333,-0.0038888888888888307,0.015000000000000013,True,False,True,same-base exact-setting validation selector; no independent-seed rebasin or Brauer/projective claim,True,3,True,0.03777777777777769,0.0,-0.0038888888888888307,0.02444444444444427
mnist_mnist_digit_subsets_mlp2_W64_N3,mnist_mnist_digit_subsets_mlp2_W64_N3_seed7316,mnist,mnist_digit_subsets,mlp2,64,3,7316,same_base_union_validation_selector,replay_existing_validation_split,False,False,10,"[""base_model"",""dare"",""greedy_soup"",""individual_finetuned_digits_0_4"",""individual_finetuned_digits_5_9"",""individual_finetuned_even_digits"",""slerp_sequential"",""task_arithmetic"",""ties_merging"",""weight_average""]","[""base_model"",""dare_selected"",""greedy_soup_final_candidate"",""individual_finetuned_checkpoint"",""slerp_selected"",""task_arithmetic_selected"",""ties_selected"",""weight_average""]",task_arithmetic_selected,task_arithmetic,same_base_task_vector,task_arithmetic,"{""scale"":0.25,""validation_accuracy"":0.8782645952023115,""validation_loss"":0.43956870240091744}",0.8782645952023115,0.4395687024009174,0.8516666666666667,0.7883333333333333,0.5172717581854926,True,True,True,task_arithmetic,0.8516666666666667,0.7883333333333333,0.0,0.0,dare,0.8544444444444445,0.785,-0.002777777777777768,0.0033333333333332993,True,False,True,same-base exact-setting validation selector; no independent-seed rebasin or Brauer/projective claim,True,3,True,0.029444444444444606,0.0,-0.002777777777777768,0.03388888888888897
mnist_mnist_digit_subsets_mlp2_W64_N3,mnist_mnist_digit_subsets_mlp2_W64_N3_seed7317,mnist,mnist_digit_subsets,mlp2,64,3,7317,same_base_union_validation_selector,replay_existing_validation_split,False,False,10,"[""base_model"",""dare"",""greedy_soup"",""individual_finetuned_digits_0_4"",""individual_finetuned_digits_5_9"",""individual_finetuned_even_digits"",""slerp_sequential"",""task_arithmetic"",""ties_merging"",""weight_average""]","[""base_model"",""dare_selected"",""greedy_soup_final_candidate"",""individual_finetuned_checkpoint"",""slerp_selected"",""task_arithmetic_selected"",""ties_selected"",""weight_average""]",task_arithmetic_selected,task_arithmetic,same_base_task_vector,task_arithmetic,"{""scale"":0.25,""validation_accuracy"":0.8751815884453954,""validation_loss"":0.46279299833593407}",0.8751815884453954,0.462792998335934,0.8672222222222222,0.8016666666666666,0.4957861190372044,True,True,True,task_arithmetic,0.8672222222222222,0.8016666666666666,0.0,0.0,task_arithmetic,0.8672222222222222,0.8016666666666666,0.0,0.0,True,True,True,same-base exact-setting validation selector; no independent-seed rebasin or Brauer/projective claim,True,3,True,0.0477777777777777,0.0,0.007222222222222241,0.04500000000000015
mnist_mnist_digit_subsets_mlp2_W64_N3,mnist_mnist_digit_subsets_mlp2_W64_N3_seed7318,mnist,mnist_digit_subsets,mlp2,64,3,7318,same_base_union_validation_selector,replay_existing_validation_split,False,False,10,"[""base_model"",""dare"",""greedy_soup"",""individual_finetuned_digits_0_4"",""individual_finetuned_digits_5_9"",""individual_finetuned_even_digits"",""slerp_sequential"",""task_arithmetic"",""ties_merging"",""weight_average""]","[""base_model"",""dare_selected"",""greedy_soup_final_candidate"",""individual_finetuned_checkpoint"",""slerp_selected"",""task_arithmetic_selected"",""ties_selected"",""weight_average""]",task_arithmetic_selected,task_arithmetic,same_base_task_vector,task_arithmetic,"{""scale"":0.25,""validation_accuracy"":0.8692616293426574,""validation_loss"":0.4925393335894093}",0.8692616293426574,0.4925393335894093,0.8522222222222222,0.7966666666666666,0.5390064578586155,True,True,True,task_arithmetic,0.8522222222222222,0.7966666666666666,0.0,0.0,task_arithmetic,0.8522222222222222,0.7966666666666666,0.0,0.0,True,True,True,same-base exact-setting validation selector; no independent-seed rebasin or Brauer/projective claim,True,3,True,0.03833333333333322,0.0,0.0038888888888889417,0.03500000000000003
mnist_mnist_digit_subsets_mlp2_W64_N3,mnist_mnist_digit_subsets_mlp2_W64_N3_seed7319,mnist,mnist_digit_subsets,mlp2,64,3,7319,same_base_union_validation_selector,replay_existing_validation_split,False,False,10,"[""base_model"",""dare"",""greedy_soup"",""individual_finetuned_digits_0_4"",""individual_finetuned_digits_5_9"",""individual_finetuned_even_digits"",""slerp_sequential"",""task_arithmetic"",""ties_merging"",""weight_average""]","[""base_model"",""dare_selected"",""greedy_soup_final_candidate"",""individual_finetuned_checkpoint"",""slerp_selected"",""task_arithmetic_selected"",""ties_selected"",""weight_average""]",task_arithmetic_selected,task_arithmetic,same_base_task_vector,task_arithmetic,"{""scale"":0.25,""validation_accuracy"":0.8756492782484008,""validation_loss"":0.4835728560277687}",0.8756492782484008,0.4835728560277687,0.87,0.82,0.4784926870134141,True,True,True,task_arithmetic,0.87,0.82,0.0,0.0,task_arithmetic,0.87,0.82,0.0,0.0,True,True,True,same-base exact-setting validation selector; no independent-seed rebasin or Brauer/projective claim,True,3,True,0.05166666666666664,0.0,0.0022222222222221255,0.028888888888888853
mnist_mnist_four_subsets_mlp2_W128_N4,mnist_mnist_four_subsets_mlp2_W128_N4_seed7300,mnist,mnist_four_subsets,mlp2,128,4,7300,same_base_union_validation_selector,replay_existing_validation_split,False,False,11,"[""base_model"",""dare"",""greedy_soup"",""individual_finetuned_digits_0_4"",""individual_finetuned_digits_5_9"",""individual_finetuned_even_digits"",""individual_finetuned_odd_digits"",""slerp_sequential"",""task_arithmetic"",""ties_merging"",""weight_average""]","[""base_model"",""dare_selected"",""greedy_soup_final_candidate"",""individual_finetuned_checkpoint"",""slerp_selected"",""task_arithmetic_selected"",""ties_selected"",""weight_average""]",dare_selected,dare,same_base_task_vector,dare,"{""drop_rate"":0.1,""scale"":0.5,""validation_accuracy"":0.9066197944254363,""validation_loss"":0.3586448612896971}",0.9066197944254364,0.3586448612896971,0.8716666666666667,0.845,0.4286730988820394,True,True,True,task_arithmetic,0.8725,0.845,-0.0008333333333333526,0.0,task_arithmetic,0.8725,0.845,-0.0008333333333333526,0.0,False,False,True,same-base exact-setting validation selector; no independent-seed rebasin or Brauer/projective claim,True,4,True,0.002083333333333326,-0.0008333333333333526,0.0,0.02375000000000005
mnist_mnist_four_subsets_mlp2_W128_N4,mnist_mnist_four_subsets_mlp2_W128_N4_seed7301,mnist,mnist_four_subsets,mlp2,128,4,7301,same_base_union_validation_selector,replay_existing_validation_split,False,False,11,"[""base_model"",""dare"",""greedy_soup"",""individual_finetuned_digits_0_4"",""individual_finetuned_digits_5_9"",""individual_finetuned_even_digits"",""individual_finetuned_odd_digits"",""slerp_sequential"",""task_arithmetic"",""ties_merging"",""weight_average""]","[""base_model"",""dare_selected"",""greedy_soup_final_candidate"",""individual_finetuned_checkpoint"",""slerp_selected"",""task_arithmetic_selected"",""ties_selected"",""weight_average""]",dare_selected,dare,same_base_task_vector,dare,"{""drop_rate"":0.5,""scale"":1.0,""validation_accuracy"":0.8964420595552671,""validation_loss"":0.3847738265900579}",0.8964420595552671,0.3847738265900579,0.8737500000000001,0.8483333333333334,0.4291727646191915,True,True,True,task_arithmetic,0.875,0.8533333333333334,-0.0012499999999998623,-0.0050000000000000044,ties_merging,0.8808333333333334,0.8616666666666667,-0.007083333333333219,-0.013333333333333308,False,False,True,same-base exact-setting validation selector; no independent-seed rebasin or Brauer/projective claim,True,4,True,-0.0012499999999998623,-0.0012499999999998623,0.0,-0.007083333333333219
mnist_mnist_four_subsets_mlp2_W128_N4,mnist_mnist_four_subsets_mlp2_W128_N4_seed7302,mnist,mnist_four_subsets,mlp2,128,4,7302,same_base_union_validation_selector,replay_existing_validation_split,False,False,11,"[""base_model"",""dare"",""greedy_soup"",""individual_finetuned_digits_0_4"",""individual_finetuned_digits_5_9"",""individual_finetuned_even_digits"",""individual_finetuned_odd_digits"",""slerp_sequential"",""task_arithmetic"",""ties_merging"",""weight_average""]","[""base_model"",""dare_selected"",""greedy_soup_final_candidate"",""individual_finetuned_checkpoint"",""slerp_selected"",""task_arithmetic_selected"",""ties_selected"",""weight_average""]",dare_selected,dare,same_base_task_vector,dare,"{""drop_rate"":0.1,""scale"":1.25,""validation_accuracy"":0.9223547814144761,""validation_loss"":0.33176807064377084}",0.922354781414476,0.3317680706437708,0.8766666666666667,0.855,0.4278337701161702,True,True,True,task_arithmetic,0.8800000000000001,0.8566666666666667,-0.0033333333333334103,-0.0016666666666667052,ties_merging,0.8816666666666666,0.865,-0.004999999999999893,-0.010000000000000009,False,False,True,same-base exact-setting validation selector; no independent-seed rebasin or Brauer/projective claim,True,4,True,-0.0033333333333334103,-0.0033333333333334103,0.0,-0.004999999999999893
mnist_mnist_four_subsets_mlp2_W128_N4,mnist_mnist_four_subsets_mlp2_W128_N4_seed7303,mnist,mnist_four_subsets,mlp2,128,4,7303,same_base_union_validation_selector,replay_existing_validation_split,False,False,11,"[""base_model"",""dare"",""greedy_soup"",""individual_finetuned_digits_0_4"",""individual_finetuned_digits_5_9"",""individual_finetuned_even_digits"",""individual_finetuned_odd_digits"",""slerp_sequential"",""task_arithmetic"",""ties_merging"",""weight_average""]","[""base_model"",""dare_selected"",""greedy_soup_final_candidate"",""individual_finetuned_checkpoint"",""slerp_selected"",""task_arithmetic_selected"",""ties_selected"",""weight_average""]",task_arithmetic_selected,task_arithmetic,same_base_task_vector,task_arithmetic,"{""scale"":0.75,""validation_accuracy"":0.8868416891374546,""validation_loss"":0.3851721787330422}",0.8868416891374546,0.3851721787330422,0.8704166666666666,0.825,0.4287141966819763,True,True,True,task_arithmetic,0.8704166666666666,0.825,0.0,0.0,dare,0.8716666666666666,0.8283333333333334,-0.0012499999999999734,-0.0033333333333334103,True,False,True,same-base exact-setting validation selector; no independent-seed rebasin or Brauer/projective claim,True,4,True,0.0004166666666666208,0.0,-0.0012499999999999734,0.013749999999999929
mnist_mnist_four_subsets_mlp2_W128_N4,mnist_mnist_four_subsets_mlp2_W128_N4_seed7304,mnist,mnist_four_subsets,mlp2,128,4,7304,same_base_union_validation_selector,replay_existing_validation_split,False,False,11,"[""base_model"",""dare"",""greedy_soup"",""individual_finetuned_digits_0_4"",""individual_finetuned_digits_5_9"",""individual_finetuned_even_digits"",""individual_finetuned_odd_digits"",""slerp_sequential"",""task_arithmetic"",""ties_merging"",""weight_average""]","[""base_model"",""dare_selected"",""greedy_soup_final_candidate"",""individual_finetuned_checkpoint"",""slerp_selected"",""task_arithmetic_selected"",""ties_selected"",""weight_average""]",dare_selected,dare,same_base_task_vector,dare,"{""drop_rate"":0.1,""scale"":1.25,""validation_accuracy"":0.9163058899067025,""validation_loss"":0.32831783305380113}",0.9163058899067024,0.3283178330538011,0.8941666666666668,0.8633333333333333,0.3911615904172262,True,True,True,task_arithmetic,0.8920833333333333,0.86,0.002083333333333437,0.0033333333333332993,dare,0.8941666666666668,0.8633333333333333,0.0,0.0,False,True,True,same-base exact-setting validation selector; no independent-seed rebasin or Brauer/projective claim,True,4,True,0.002083333333333437,0.002083333333333437,0.0,0.007500000000000062
mnist_mnist_four_subsets_mlp2_W128_N4,mnist_mnist_four_subsets_mlp2_W128_N4_seed7305,mnist,mnist_four_subsets,mlp2,128,4,7305,same_base_union_validation_selector,replay_existing_validation_split,False,False,11,"[""base_model"",""dare"",""greedy_soup"",""individual_finetuned_digits_0_4"",""individual_finetuned_digits_5_9"",""individual_finetuned_even_digits"",""individual_finetuned_odd_digits"",""slerp_sequential"",""task_arithmetic"",""ties_merging"",""weight_average""]","[""base_model"",""dare_selected"",""greedy_soup_final_candidate"",""individual_finetuned_checkpoint"",""slerp_selected"",""task_arithmetic_selected"",""ties_selected"",""weight_average""]",dare_selected,dare,same_base_task_vector,dare,"{""drop_rate"":0.5,""scale"":0.5,""validation_accuracy"":0.8948884356444902,""validation_loss"":0.3980285774450184}",0.8948884356444902,0.3980285774450184,0.8829166666666666,0.8533333333333334,0.3974243831634521,True,True,True,task_arithmetic,0.8816666666666667,0.8416666666666667,0.0012499999999998623,0.011666666666666714,dare,0.8829166666666666,0.8533333333333334,0.0,0.0,False,True,True,same-base exact-setting validation selector; no independent-seed rebasin or Brauer/projective claim,True,4,True,0.0012499999999998623,0.0012499999999998623,0.0,0.004999999999999893
mnist_mnist_four_subsets_mlp2_W128_N4,mnist_mnist_four_subsets_mlp2_W128_N4_seed7306,mnist,mnist_four_subsets,mlp2,128,4,7306,same_base_union_validation_selector,replay_existing_validation_split,False,False,11,"[""base_model"",""dare"",""greedy_soup"",""individual_finetuned_digits_0_4"",""individual_finetuned_digits_5_9"",""individual_finetuned_even_digits"",""individual_finetuned_odd_digits"",""slerp_sequential"",""task_arithmetic"",""ties_merging"",""weight_average""]","[""base_model"",""dare_selected"",""greedy_soup_final_candidate"",""individual_finetuned_checkpoint"",""slerp_selected"",""task_arithmetic_selected"",""ties_selected"",""weight_average""]",slerp_selected,slerp_sequential,same_base_interpolation,slerp_sequential,{},0.8843053659063191,0.4234896789054747,0.8783333333333333,0.8283333333333334,0.4185163887341817,False,True,True,task_arithmetic,0.8783333333333333,0.8283333333333334,0.0,0.0,dare,0.8783333333333334,0.8266666666666667,-1.1102230246251565e-16,0.0016666666666667052,False,False,True,same-base exact-setting validation selector; no independent-seed rebasin or Brauer/projective claim,True,4,True,0.0,0.0,-1.1102230246251565e-16,0.003750000000000031
mnist_mnist_four_subsets_mlp2_W128_N4,mnist_mnist_four_subsets_mlp2_W128_N4_seed7307,mnist,mnist_four_subsets,mlp2,128,4,7307,same_base_union_validation_selector,replay_existing_validation_split,False,False,11,"[""base_model"",""dare"",""greedy_soup"",""individual_finetuned_digits_0_4"",""individual_finetuned_digits_5_9"",""individual_finetuned_even_digits"",""individual_finetuned_odd_digits"",""slerp_sequential"",""task_arithmetic"",""ties_merging"",""weight_average""]","[""base_model"",""dare_selected"",""greedy_soup_final_candidate"",""individual_finetuned_checkpoint"",""slerp_selected"",""task_arithmetic_selected"",""ties_selected"",""weight_average""]",dare_selected,dare,same_base_task_vector,dare,"{""drop_rate"":0.1,""scale"":1.0,""validation_accuracy"":0.9052545139677493,""validation_loss"":0.3679728980832046}",0.9052545139677493,0.3679728980832046,0.8729166666666666,0.8316666666666667,0.4226181523005167,True,True,True,task_arithmetic,0.88,0.8416666666666667,-0.007083333333333441,-0.010000000000000009,task_arithmetic,0.88,0.8416666666666667,-0.007083333333333441,-0.010000000000000009,False,False,True,same-base exact-setting validation selector; no independent-seed rebasin or Brauer/projective claim,True,4,True,-0.0004166666666667318,-0.007083333333333441,0.0,0.002083333333333215
mnist_mnist_four_subsets_mlp2_W128_N4,mnist_mnist_four_subsets_mlp2_W128_N4_seed7308,mnist,mnist_four_subsets,mlp2,128,4,7308,same_base_union_validation_selector,replay_existing_validation_split,False,False,11,"[""base_model"",""dare"",""greedy_soup"",""individual_finetuned_digits_0_4"",""individual_finetuned_digits_5_9"",""individual_finetuned_even_digits"",""individual_finetuned_odd_digits"",""slerp_sequential"",""task_arithmetic"",""ties_merging"",""weight_average""]","[""base_model"",""dare_selected"",""greedy_soup_final_candidate"",""individual_finetuned_checkpoint"",""slerp_selected"",""task_arithmetic_selected"",""ties_selected"",""weight_average""]",task_arithmetic_selected,task_arithmetic,same_base_task_vector,task_arithmetic,"{""scale"":0.75,""validation_accuracy"":0.8913662800534659,""validation_loss"":0.38036136441861446}",0.8913662800534659,0.3803613644186144,0.8758333333333332,0.8166666666666667,0.4223461524645487,True,True,True,task_arithmetic,0.8758333333333332,0.8166666666666667,0.0,0.0,task_arithmetic,0.8758333333333332,0.8166666666666667,0.0,0.0,True,True,True,same-base exact-setting validation selector; no independent-seed rebasin or Brauer/projective claim,True,4,True,0.0016666666666664831,0.0,0.0008333333333332416,0.006666666666666599
mnist_mnist_four_subsets_mlp2_W128_N4,mnist_mnist_four_subsets_mlp2_W128_N4_seed7309,mnist,mnist_four_subsets,mlp2,128,4,7309,same_base_union_validation_selector,replay_existing_validation_split,False,False,11,"[""base_model"",""dare"",""greedy_soup"",""individual_finetuned_digits_0_4"",""individual_finetuned_digits_5_9"",""individual_finetuned_even_digits"",""individual_finetuned_odd_digits"",""slerp_sequential"",""task_arithmetic"",""ties_merging"",""weight_average""]","[""base_model"",""dare_selected"",""greedy_soup_final_candidate"",""individual_finetuned_checkpoint"",""slerp_selected"",""task_arithmetic_selected"",""ties_selected"",""weight_average""]",dare_selected,dare,same_base_task_vector,dare,"{""drop_rate"":0.1,""scale"":1.25,""validation_accuracy"":0.9182476999554829,""validation_loss"":0.323236085353739}",0.9182476999554828,0.323236085353739,0.8729166666666667,0.8333333333333334,0.4143725252151489,True,True,True,task_arithmetic,0.8704166666666666,0.8283333333333334,0.0025000000000000577,0.0050000000000000044,greedy_soup,0.8783333333333333,0.8416666666666667,-0.005416666666666625,-0.008333333333333304,False,False,True,same-base exact-setting validation selector; no independent-seed rebasin or Brauer/projective claim,True,4,True,-0.005416666666666625,0.0025000000000000577,0.0,0.006249999999999978
mnist_mnist_four_subsets_mlp2_W128_N4,mnist_mnist_four_subsets_mlp2_W128_N4_seed7310,mnist,mnist_four_subsets,mlp2,128,4,7310,same_base_union_validation_selector,replay_existing_validation_split,False,False,11,"[""base_model"",""dare"",""greedy_soup"",""individual_finetuned_digits_0_4"",""individual_finetuned_digits_5_9"",""individual_finetuned_even_digits"",""individual_finetuned_odd_digits"",""slerp_sequential"",""task_arithmetic"",""ties_merging"",""weight_average""]","[""base_model"",""dare_selected"",""greedy_soup_final_candidate"",""individual_finetuned_checkpoint"",""slerp_selected"",""task_arithmetic_selected"",""ties_selected"",""weight_average""]",ties_selected,ties_merging,same_base_task_vector,ties_merging,"{""density"":1.0,""scale"":0.5,""validation_accuracy"":0.9126846848397238,""validation_loss"":0.33937232378282406}",0.9126846848397238,0.339372323782824,0.8770833333333334,0.835,0.4043836530049642,True,True,True,task_arithmetic,0.8808333333333334,0.845,-0.00374999999999992,-0.010000000000000009,dare,0.8812500000000001,0.8466666666666667,-0.004166666666666652,-0.011666666666666714,False,False,True,same-base exact-setting validation selector; no independent-seed rebasin or Brauer/projective claim,True,4,True,-0.0012499999999998623,-0.00374999999999992,-0.004166666666666652,0.0
mnist_mnist_four_subsets_mlp2_W128_N4,mnist_mnist_four_subsets_mlp2_W128_N4_seed7311,mnist,mnist_four_subsets,mlp2,128,4,7311,same_base_union_validation_selector,replay_existing_validation_split,False,False,11,"[""base_model"",""dare"",""greedy_soup"",""individual_finetuned_digits_0_4"",""individual_finetuned_digits_5_9"",""individual_finetuned_even_digits"",""individual_finetuned_odd_digits"",""slerp_sequential"",""task_arithmetic"",""ties_merging"",""weight_average""]","[""base_model"",""dare_selected"",""greedy_soup_final_candidate"",""individual_finetuned_checkpoint"",""slerp_selected"",""task_arithmetic_selected"",""ties_selected"",""weight_average""]",task_arithmetic_selected,task_arithmetic,same_base_task_vector,task_arithmetic,"{""scale"":0.25,""validation_accuracy"":0.9063220837133881,""validation_loss"":0.3461991689656029}",0.906322083713388,0.3461991689656029,0.8825000000000001,0.85,0.4303816755612691,True,True,True,task_arithmetic,0.8825000000000001,0.85,0.0,0.0,task_arithmetic,0.8825000000000001,0.85,0.0,0.0,True,True,True,same-base exact-setting validation selector; no independent-seed rebasin or Brauer/projective claim,True,4,True,0.0033333333333334103,0.0,0.0016666666666667052,0.009583333333333388
mnist_mnist_four_subsets_mlp2_W128_N4,mnist_mnist_four_subsets_mlp2_W128_N4_seed7312,mnist,mnist_four_subsets,mlp2,128,4,7312,same_base_union_validation_selector,replay_existing_validation_split,False,False,11,"[""base_model"",""dare"",""greedy_soup"",""individual_finetuned_digits_0_4"",""individual_finetuned_digits_5_9"",""individual_finetuned_even_digits"",""individual_finetuned_odd_digits"",""slerp_sequential"",""task_arithmetic"",""ties_merging"",""weight_average""]","[""base_model"",""dare_selected"",""greedy_soup_final_candidate"",""individual_finetuned_checkpoint"",""slerp_selected"",""task_arithmetic_selected"",""ties_selected"",""weight_average""]",dare_selected,dare,same_base_task_vector,dare,"{""drop_rate"":0.1,""scale"":1.0,""validation_accuracy"":0.8967956787332939,""validation_loss"":0.3736601917172253}",0.8967956787332939,0.3736601917172253,0.8870833333333333,0.8483333333333334,0.4034269094467163,True,True,True,task_arithmetic,0.8883333333333334,0.8483333333333334,-0.0012500000000000844,0.0,greedy_soup,0.8883333333333334,0.8483333333333334,-0.0012500000000000844,0.0,False,False,True,same-base exact-setting validation selector; no independent-seed rebasin or Brauer/projective claim,True,4,True,-0.0012500000000000844,-0.0012500000000000844,0.0,0.004166666666666652
mnist_mnist_four_subsets_mlp2_W128_N4,mnist_mnist_four_subsets_mlp2_W128_N4_seed7313,mnist,mnist_four_subsets,mlp2,128,4,7313,same_base_union_validation_selector,replay_existing_validation_split,False,False,11,"[""base_model"",""dare"",""greedy_soup"",""individual_finetuned_digits_0_4"",""individual_finetuned_digits_5_9"",""individual_finetuned_even_digits"",""individual_finetuned_odd_digits"",""slerp_sequential"",""task_arithmetic"",""ties_merging"",""weight_average""]","[""base_model"",""dare_selected"",""greedy_soup_final_candidate"",""individual_finetuned_checkpoint"",""slerp_selected"",""task_arithmetic_selected"",""ties_selected"",""weight_average""]",ties_selected,ties_merging,same_base_task_vector,ties_merging,"{""density"":0.2,""scale"":0.5,""validation_accuracy"":0.8927622122455012,""validation_loss"":0.3881912237016606}",0.8927622122455012,0.3881912237016606,0.87,0.8183333333333334,0.4248955988883972,True,True,True,task_arithmetic,0.8766666666666667,0.835,-0.00666666666666671,-0.016666666666666607,task_arithmetic,0.8766666666666667,0.835,-0.00666666666666671,-0.016666666666666607,False,False,True,same-base exact-setting validation selector; no independent-seed rebasin or Brauer/projective claim,True,4,True,-0.0050000000000001155,-0.00666666666666671,-0.004583333333333273,0.0
mnist_mnist_four_subsets_mlp2_W128_N4,mnist_mnist_four_subsets_mlp2_W128_N4_seed7314,mnist,mnist_four_subsets,mlp2,128,4,7314,same_base_union_validation_selector,replay_existing_validation_split,False,False,11,"[""base_model"",""dare"",""greedy_soup"",""individual_finetuned_digits_0_4"",""individual_finetuned_digits_5_9"",""individual_finetuned_even_digits"",""individual_finetuned_odd_digits"",""slerp_sequential"",""task_arithmetic"",""ties_merging"",""weight_average""]","[""base_model"",""dare_selected"",""greedy_soup_final_candidate"",""individual_finetuned_checkpoint"",""slerp_selected"",""task_arithmetic_selected"",""ties_selected"",""weight_average""]",dare_selected,dare,same_base_task_vector,dare,"{""drop_rate"":0.5,""scale"":1.0,""validation_accuracy"":0.904237599510104,""validation_loss"":0.3806517034926009}",0.904237599510104,0.3806517034926009,0.8625,0.8083333333333333,0.4551675335566202,True,True,True,task_arithmetic,0.86625,0.8116666666666666,-0.00374999999999992,-0.0033333333333332993,greedy_soup,0.86625,0.8116666666666666,-0.00374999999999992,-0.0033333333333332993,False,False,True,same-base exact-setting validation selector; no independent-seed rebasin or Brauer/projective claim,True,4,True,-0.00374999999999992,-0.00374999999999992,0.0,-0.00041666666666650976
mnist_mnist_four_subsets_mlp2_W128_N4,mnist_mnist_four_subsets_mlp2_W128_N4_seed7315,mnist,mnist_four_subsets,mlp2,128,4,7315,same_base_union_validation_selector,replay_existing_validation_split,False,False,11,"[""base_model"",""dare"",""greedy_soup"",""individual_finetuned_digits_0_4"",""individual_finetuned_digits_5_9"",""individual_finetuned_even_digits"",""individual_finetuned_odd_digits"",""slerp_sequential"",""task_arithmetic"",""ties_merging"",""weight_average""]","[""base_model"",""dare_selected"",""greedy_soup_final_candidate"",""individual_finetuned_checkpoint"",""slerp_selected"",""task_arithmetic_selected"",""ties_selected"",""weight_average""]",dare_selected,dare,same_base_task_vector,dare,"{""drop_rate"":0.3,""scale"":1.0,""validation_accuracy"":0.9036901826402575,""validation_loss"":0.37691908001540037}",0.9036901826402576,0.3769190800154003,0.8741666666666668,0.8483333333333334,0.4297454865773519,True,True,True,task_arithmetic,0.8729166666666667,0.845,0.0012500000000000844,0.0033333333333334103,dare,0.8741666666666668,0.8483333333333334,0.0,0.0,False,True,True,same-base exact-setting validation selector; no independent-seed rebasin or Brauer/projective claim,True,4,True,0.0012500000000000844,0.0012500000000000844,0.0,0.0029166666666667895
mnist_mnist_four_subsets_mlp2_W128_N4,mnist_mnist_four_subsets_mlp2_W128_N4_seed7316,mnist,mnist_four_subsets,mlp2,128,4,7316,same_base_union_validation_selector,replay_existing_validation_split,False,False,11,"[""base_model"",""dare"",""greedy_soup"",""individual_finetuned_digits_0_4"",""individual_finetuned_digits_5_9"",""individual_finetuned_even_digits"",""individual_finetuned_odd_digits"",""slerp_sequential"",""task_arithmetic"",""ties_merging"",""weight_average""]","[""base_model"",""dare_selected"",""greedy_soup_final_candidate"",""individual_finetuned_checkpoint"",""slerp_selected"",""task_arithmetic_selected"",""ties_selected"",""weight_average""]",dare_selected,dare,same_base_task_vector,dare,"{""drop_rate"":0.3,""scale"":0.5,""validation_accuracy"":0.8896075373108244,""validation_loss"":0.3647759061195338}",0.8896075373108244,0.3647759061195338,0.8716666666666666,0.8366666666666667,0.4447362772623697,True,True,True,task_arithmetic,0.8720833333333333,0.8366666666666667,-0.0004166666666667318,0.0,task_arithmetic,0.8720833333333333,0.8366666666666667,-0.0004166666666667318,0.0,False,False,True,same-base exact-setting validation selector; no independent-seed rebasin or Brauer/projective claim,True,4,True,0.006249999999999978,-0.0004166666666667318,0.0,0.014999999999999902
mnist_mnist_four_subsets_mlp2_W128_N4,mnist_mnist_four_subsets_mlp2_W128_N4_seed7317,mnist,mnist_four_subsets,mlp2,128,4,7317,same_base_union_validation_selector,replay_existing_validation_split,False,False,11,"[""base_model"",""dare"",""greedy_soup"",""individual_finetuned_digits_0_4"",""individual_finetuned_digits_5_9"",""individual_finetuned_even_digits"",""individual_finetuned_odd_digits"",""slerp_sequential"",""task_arithmetic"",""ties_merging"",""weight_average""]","[""base_model"",""dare_selected"",""greedy_soup_final_candidate"",""individual_finetuned_checkpoint"",""slerp_selected"",""task_arithmetic_selected"",""ties_selected"",""weight_average""]",dare_selected,dare,same_base_task_vector,dare,"{""drop_rate"":0.5,""scale"":0.5,""validation_accuracy"":0.8923174107226632,""validation_loss"":0.40701808150857194}",0.8923174107226632,0.4070180815085719,0.8758333333333334,0.8333333333333334,0.4364163804054261,True,True,True,task_arithmetic,0.8766666666666667,0.8333333333333334,-0.0008333333333333526,0.0,task_arithmetic,0.8766666666666667,0.8333333333333334,-0.0008333333333333526,0.0,False,False,True,same-base exact-setting validation selector; no independent-seed rebasin or Brauer/projective claim,True,4,True,0.0029166666666666785,-0.0008333333333333526,0.0,0.010000000000000009
mnist_mnist_four_subsets_mlp2_W128_N4,mnist_mnist_four_subsets_mlp2_W128_N4_seed7318,mnist,mnist_four_subsets,mlp2,128,4,7318,same_base_union_validation_selector,replay_existing_validation_split,False,False,11,"[""base_model"",""dare"",""greedy_soup"",""individual_finetuned_digits_0_4"",""individual_finetuned_digits_5_9"",""individual_finetuned_even_digits"",""individual_finetuned_odd_digits"",""slerp_sequential"",""task_arithmetic"",""ties_merging"",""weight_average""]","[""base_model"",""dare_selected"",""greedy_soup_final_candidate"",""individual_finetuned_checkpoint"",""slerp_selected"",""task_arithmetic_selected"",""ties_selected"",""weight_average""]",task_arithmetic_selected,task_arithmetic,same_base_task_vector,task_arithmetic,"{""scale"":0.75,""validation_accuracy"":0.896387997705503,""validation_loss"":0.3816145076844749}",0.896387997705503,0.3816145076844749,0.8758333333333334,0.8233333333333334,0.4457110659281413,True,True,True,task_arithmetic,0.8758333333333334,0.8233333333333334,0.0,0.0,dare,0.8775,0.8183333333333334,-0.0016666666666665941,0.0050000000000000044,True,False,True,same-base exact-setting validation selector; no independent-seed rebasin or Brauer/projective claim,True,4,True,-0.0016666666666665941,0.0,-0.0016666666666665941,0.005416666666666736
mnist_mnist_four_subsets_mlp2_W128_N4,mnist_mnist_four_subsets_mlp2_W128_N4_seed7319,mnist,mnist_four_subsets,mlp2,128,4,7319,same_base_union_validation_selector,replay_existing_validation_split,False,False,11,"[""base_model"",""dare"",""greedy_soup"",""individual_finetuned_digits_0_4"",""individual_finetuned_digits_5_9"",""individual_finetuned_even_digits"",""individual_finetuned_odd_digits"",""slerp_sequential"",""task_arithmetic"",""ties_merging"",""weight_average""]","[""base_model"",""dare_selected"",""greedy_soup_final_candidate"",""individual_finetuned_checkpoint"",""slerp_selected"",""task_arithmetic_selected"",""ties_selected"",""weight_average""]",dare_selected,dare,same_base_task_vector,dare,"{""drop_rate"":0.5,""scale"":1.25,""validation_accuracy"":0.902550980918376,""validation_loss"":0.393847146297988}",0.902550980918376,0.393847146297988,0.875,0.8433333333333334,0.4322808615366618,True,True,True,task_arithmetic,0.8804166666666666,0.8516666666666667,-0.005416666666666625,-0.008333333333333304,greedy_soup,0.8804166666666666,0.8516666666666667,-0.005416666666666625,-0.008333333333333304,False,False,True,same-base exact-setting validation selector; no independent-seed rebasin or Brauer/projective claim,True,4,True,-0.005416666666666625,-0.005416666666666625,0.0,-0.0029166666666666785
mnist_mnist_four_subsets_mlp2_W64_N4,mnist_mnist_four_subsets_mlp2_W64_N4_seed7300,mnist,mnist_four_subsets,mlp2,64,4,7300,same_base_union_validation_selector,replay_existing_validation_split,False,False,11,"[""base_model"",""dare"",""greedy_soup"",""individual_finetuned_digits_0_4"",""individual_finetuned_digits_5_9"",""individual_finetuned_even_digits"",""individual_finetuned_odd_digits"",""slerp_sequential"",""task_arithmetic"",""ties_merging"",""weight_average""]","[""base_model"",""dare_selected"",""greedy_soup_final_candidate"",""individual_finetuned_checkpoint"",""slerp_selected"",""task_arithmetic_selected"",""ties_selected"",""weight_average""]",dare_selected,dare,same_base_task_vector,dare,"{""drop_rate"":0.3,""scale"":1.25,""validation_accuracy"":0.8855446079624354,""validation_loss"":0.45027419868247864}",0.8855446079624354,0.4502741986824786,0.8508333333333333,0.8133333333333334,0.5132079807917277,True,True,True,task_arithmetic,0.85625,0.8233333333333334,-0.005416666666666625,-0.010000000000000009,greedy_soup,0.85625,0.8233333333333334,-0.005416666666666625,-0.010000000000000009,False,False,True,same-base exact-setting validation selector; no independent-seed rebasin or Brauer/projective claim,True,4,True,-0.005416666666666625,-0.005416666666666625,0.0,0.0029166666666666785
mnist_mnist_four_subsets_mlp2_W64_N4,mnist_mnist_four_subsets_mlp2_W64_N4_seed7301,mnist,mnist_four_subsets,mlp2,64,4,7301,same_base_union_validation_selector,replay_existing_validation_split,False,False,11,"[""base_model"",""dare"",""greedy_soup"",""individual_finetuned_digits_0_4"",""individual_finetuned_digits_5_9"",""individual_finetuned_even_digits"",""individual_finetuned_odd_digits"",""slerp_sequential"",""task_arithmetic"",""ties_merging"",""weight_average""]","[""base_model"",""dare_selected"",""greedy_soup_final_candidate"",""individual_finetuned_checkpoint"",""slerp_selected"",""task_arithmetic_selected"",""ties_selected"",""weight_average""]",dare_selected,dare,same_base_task_vector,dare,"{""drop_rate"":0.1,""scale"":1.25,""validation_accuracy"":0.8770442472918888,""validation_loss"":0.48012149432956897}",0.8770442472918888,0.4801214943295689,0.8529166666666665,0.8266666666666667,0.5151342638333638,True,True,True,task_arithmetic,0.8529166666666665,0.8233333333333334,0.0,0.0033333333333332993,dare,0.8529166666666665,0.8266666666666667,0.0,0.0,False,True,True,same-base exact-setting validation selector; no independent-seed rebasin or Brauer/projective claim,True,4,True,0.0029166666666665675,0.0,0.0,0.004166666666666541
mnist_mnist_four_subsets_mlp2_W64_N4,mnist_mnist_four_subsets_mlp2_W64_N4_seed7302,mnist,mnist_four_subsets,mlp2,64,4,7302,same_base_union_validation_selector,replay_existing_validation_split,False,False,11,"[""base_model"",""dare"",""greedy_soup"",""individual_finetuned_digits_0_4"",""individual_finetuned_digits_5_9"",""individual_finetuned_even_digits"",""individual_finetuned_odd_digits"",""slerp_sequential"",""task_arithmetic"",""ties_merging"",""weight_average""]","[""base_model"",""dare_selected"",""greedy_soup_final_candidate"",""individual_finetuned_checkpoint"",""slerp_selected"",""task_arithmetic_selected"",""ties_selected"",""weight_average""]",dare_selected,dare,same_base_task_vector,dare,"{""drop_rate"":0.1,""scale"":1.0,""validation_accuracy"":0.8975453628258834,""validation_loss"":0.43821557799914707}",0.8975453628258834,0.438215577999147,0.86625,0.8483333333333334,0.5265631008148194,True,True,True,task_arithmetic,0.8662500000000001,0.8483333333333334,-1.1102230246251565e-16,0.0,greedy_soup,0.8662500000000001,0.8483333333333334,-1.1102230246251565e-16,0.0,False,False,True,same-base exact-setting validation selector; no independent-seed rebasin or Brauer/projective claim,True,4,True,-1.1102230246251565e-16,-1.1102230246251565e-16,0.0,0.005833333333333357
mnist_mnist_four_subsets_mlp2_W64_N4,mnist_mnist_four_subsets_mlp2_W64_N4_seed7303,mnist,mnist_four_subsets,mlp2,64,4,7303,same_base_union_validation_selector,replay_existing_validation_split,False,False,11,"[""base_model"",""dare"",""greedy_soup"",""individual_finetuned_digits_0_4"",""individual_finetuned_digits_5_9"",""individual_finetuned_even_digits"",""individual_finetuned_odd_digits"",""slerp_sequential"",""task_arithmetic"",""ties_merging"",""weight_average""]","[""base_model"",""dare_selected"",""greedy_soup_final_candidate"",""individual_finetuned_checkpoint"",""slerp_selected"",""task_arithmetic_selected"",""ties_selected"",""weight_average""]",dare_selected,dare,same_base_task_vector,dare,"{""drop_rate"":0.3,""scale"":1.25,""validation_accuracy"":0.8591912719347202,""validation_loss"":0.4797240896012479}",0.8591912719347202,0.4797240896012479,0.8441666666666667,0.8016666666666666,0.5275671561559041,True,True,True,task_arithmetic,0.8458333333333333,0.8,-0.0016666666666665941,0.0016666666666665941,greedy_soup,0.8458333333333333,0.8,-0.0016666666666665941,0.0016666666666665941,False,False,True,same-base exact-setting validation selector; no independent-seed rebasin or Brauer/projective claim,True,4,True,-0.0016666666666665941,-0.0016666666666665941,0.0,0.01750000000000007
mnist_mnist_four_subsets_mlp2_W64_N4,mnist_mnist_four_subsets_mlp2_W64_N4_seed7304,mnist,mnist_four_subsets,mlp2,64,4,7304,same_base_union_validation_selector,replay_existing_validation_split,False,False,11,"[""base_model"",""dare"",""greedy_soup"",""individual_finetuned_digits_0_4"",""individual_finetuned_digits_5_9"",""individual_finetuned_even_digits"",""individual_finetuned_odd_digits"",""slerp_sequential"",""task_arithmetic"",""ties_merging"",""weight_average""]","[""base_model"",""dare_selected"",""greedy_soup_final_candidate"",""individual_finetuned_checkpoint"",""slerp_selected"",""task_arithmetic_selected"",""ties_selected"",""weight_average""]",task_arithmetic_selected,task_arithmetic,same_base_task_vector,task_arithmetic,"{""scale"":0.75,""validation_accuracy"":0.8816930232916325,""validation_loss"":0.4890733591378578}",0.8816930232916325,0.4890733591378578,0.85375,0.8116666666666666,0.534086348215739,True,True,True,task_arithmetic,0.85375,0.8116666666666666,0.0,0.0,task_arithmetic,0.85375,0.8116666666666666,0.0,0.0,True,True,True,same-base exact-setting validation selector; no independent-seed rebasin or Brauer/projective claim,True,4,True,0.0024999999999999467,0.0,0.0012499999999999734,0.008333333333333304
mnist_mnist_four_subsets_mlp2_W64_N4,mnist_mnist_four_subsets_mlp2_W64_N4_seed7305,mnist,mnist_four_subsets,mlp2,64,4,7305,same_base_union_validation_selector,replay_existing_validation_split,False,False,11,"[""base_model"",""dare"",""greedy_soup"",""individual_finetuned_digits_0_4"",""individual_finetuned_digits_5_9"",""individual_finetuned_even_digits"",""individual_finetuned_odd_digits"",""slerp_sequential"",""task_arithmetic"",""ties_merging"",""weight_average""]","[""base_model"",""dare_selected"",""greedy_soup_final_candidate"",""individual_finetuned_checkpoint"",""slerp_selected"",""task_arithmetic_selected"",""ties_selected"",""weight_average""]",base_model,base_model,common_base_reference,base_model,{},0.8708336839808624,0.4956523464270638,0.8641666666666667,0.8316666666666667,0.4952869780858357,False,True,True,task_arithmetic,0.8595833333333334,0.8116666666666666,0.004583333333333384,0.020000000000000018,greedy_soup,0.86,0.8133333333333334,0.004166666666666763,0.018333333333333313,False,False,True,same-base exact-setting validation selector; no independent-seed rebasin or Brauer/projective claim,True,4,True,0.004166666666666763,0.004583333333333384,0.004166666666666874,0.008333333333333415
mnist_mnist_four_subsets_mlp2_W64_N4,mnist_mnist_four_subsets_mlp2_W64_N4_seed7306,mnist,mnist_four_subsets,mlp2,64,4,7306,same_base_union_validation_selector,replay_existing_validation_split,False,False,11,"[""base_model"",""dare"",""greedy_soup"",""individual_finetuned_digits_0_4"",""individual_finetuned_digits_5_9"",""individual_finetuned_even_digits"",""individual_finetuned_odd_digits"",""slerp_sequential"",""task_arithmetic"",""ties_merging"",""weight_average""]","[""base_model"",""dare_selected"",""greedy_soup_final_candidate"",""individual_finetuned_checkpoint"",""slerp_selected"",""task_arithmetic_selected"",""ties_selected"",""weight_average""]",dare_selected,dare,same_base_task_vector,dare,"{""drop_rate"":0.5,""scale"":1.25,""validation_accuracy"":0.8675261934772333,""validation_loss"":0.521685561506888}",0.8675261934772333,0.521685561506888,0.8566666666666666,0.8066666666666666,0.5071231794357299,True,True,True,task_arithmetic,0.8591666666666666,0.82,-0.0025000000000000577,-0.013333333333333308,greedy_soup,0.86125,0.82,-0.004583333333333384,-0.013333333333333308,False,False,True,same-base exact-setting validation selector; no independent-seed rebasin or Brauer/projective claim,True,4,True,-0.004583333333333384,-0.0025000000000000577,0.0,0.0033333333333332993
mnist_mnist_four_subsets_mlp2_W64_N4,mnist_mnist_four_subsets_mlp2_W64_N4_seed7307,mnist,mnist_four_subsets,mlp2,64,4,7307,same_base_union_validation_selector,replay_existing_validation_split,False,False,11,"[""base_model"",""dare"",""greedy_soup"",""individual_finetuned_digits_0_4"",""individual_finetuned_digits_5_9"",""individual_finetuned_even_digits"",""individual_finetuned_odd_digits"",""slerp_sequential"",""task_arithmetic"",""ties_merging"",""weight_average""]","[""base_model"",""dare_selected"",""greedy_soup_final_candidate"",""individual_finetuned_checkpoint"",""slerp_selected"",""task_arithmetic_selected"",""ties_selected"",""weight_average""]",dare_selected,dare,same_base_task_vector,dare,"{""drop_rate"":0.5,""scale"":1.25,""validation_accuracy"":0.8901962203800439,""validation_loss"":0.4640127751336108}",0.8901962203800439,0.4640127751336108,0.86,0.8216666666666667,0.5183785200119019,True,True,True,task_arithmetic,0.86375,0.8333333333333334,-0.003750000000000031,-0.011666666666666714,greedy_soup,0.86375,0.8333333333333334,-0.003750000000000031,-0.011666666666666714,False,False,True,same-base exact-setting validation selector; no independent-seed rebasin or Brauer/projective claim,True,4,True,-0.003750000000000031,-0.003750000000000031,0.0,0.0033333333333332993
mnist_mnist_four_subsets_mlp2_W64_N4,mnist_mnist_four_subsets_mlp2_W64_N4_seed7308,mnist,mnist_four_subsets,mlp2,64,4,7308,same_base_union_validation_selector,replay_existing_validation_split,False,False,11,"[""base_model"",""dare"",""greedy_soup"",""individual_finetuned_digits_0_4"",""individual_finetuned_digits_5_9"",""individual_finetuned_even_digits"",""individual_finetuned_odd_digits"",""slerp_sequential"",""task_arithmetic"",""ties_merging"",""weight_average""]","[""base_model"",""dare_selected"",""greedy_soup_final_candidate"",""individual_finetuned_checkpoint"",""slerp_selected"",""task_arithmetic_selected"",""ties_selected"",""weight_average""]",dare_selected,dare,same_base_task_vector,dare,"{""drop_rate"":0.1,""scale"":1.25,""validation_accuracy"":0.8688033179364838,""validation_loss"":0.5122864987890811}",0.8688033179364838,0.5122864987890811,0.8483333333333333,0.7833333333333333,0.5556965859731038,True,True,True,task_arithmetic,0.8495833333333334,0.7833333333333333,-0.0012500000000000844,0.0,greedy_soup,0.8495833333333334,0.7833333333333333,-0.0012500000000000844,0.0,False,False,True,same-base exact-setting validation selector; no independent-seed rebasin or Brauer/projective claim,True,4,True,-0.0012500000000000844,-0.0012500000000000844,0.0,0.005416666666666625
mnist_mnist_four_subsets_mlp2_W64_N4,mnist_mnist_four_subsets_mlp2_W64_N4_seed7309,mnist,mnist_four_subsets,mlp2,64,4,7309,same_base_union_validation_selector,replay_existing_validation_split,False,False,11,"[""base_model"",""dare"",""greedy_soup"",""individual_finetuned_digits_0_4"",""individual_finetuned_digits_5_9"",""individual_finetuned_even_digits"",""individual_finetuned_odd_digits"",""slerp_sequential"",""task_arithmetic"",""ties_merging"",""weight_average""]","[""base_model"",""dare_selected"",""greedy_soup_final_candidate"",""individual_finetuned_checkpoint"",""slerp_selected"",""task_arithmetic_selected"",""ties_selected"",""weight_average""]",task_arithmetic_selected,task_arithmetic,same_base_task_vector,task_arithmetic,"{""scale"":0.75,""validation_accuracy"":0.8726211946533953,""validation_loss"":0.47092913095149913}",0.8726211946533953,0.4709291309514991,0.8483333333333334,0.805,0.5377443027496338,True,True,True,task_arithmetic,0.8483333333333334,0.805,0.0,0.0,greedy_soup,0.8512500000000001,0.8116666666666666,-0.0029166666666666785,-0.006666666666666599,True,False,True,same-base exact-setting validation selector; no independent-seed rebasin or Brauer/projective claim,True,4,True,-0.0029166666666666785,0.0,-0.0004166666666667318,0.02083333333333348
mnist_mnist_four_subsets_mlp2_W64_N4,mnist_mnist_four_subsets_mlp2_W64_N4_seed7310,mnist,mnist_four_subsets,mlp2,64,4,7310,same_base_union_validation_selector,replay_existing_validation_split,False,False,11,"[""base_model"",""dare"",""greedy_soup"",""individual_finetuned_digits_0_4"",""individual_finetuned_digits_5_9"",""individual_finetuned_even_digits"",""individual_finetuned_odd_digits"",""slerp_sequential"",""task_arithmetic"",""ties_merging"",""weight_average""]","[""base_model"",""dare_selected"",""greedy_soup_final_candidate"",""individual_finetuned_checkpoint"",""slerp_selected"",""task_arithmetic_selected"",""ties_selected"",""weight_average""]",task_arithmetic_selected,task_arithmetic,same_base_task_vector,task_arithmetic,"{""scale"":0.75,""validation_accuracy"":0.8753724386774053,""validation_loss"":0.4623969709203312}",0.8753724386774053,0.4623969709203312,0.8658333333333332,0.815,0.5102983554204306,True,True,True,task_arithmetic,0.8658333333333332,0.815,0.0,0.0,task_arithmetic,0.8658333333333332,0.815,0.0,0.0,True,True,True,same-base exact-setting validation selector; no independent-seed rebasin or Brauer/projective claim,True,4,True,0.004583333333333273,0.0,0.004999999999999893,0.005416666666666625
mnist_mnist_four_subsets_mlp2_W64_N4,mnist_mnist_four_subsets_mlp2_W64_N4_seed7311,mnist,mnist_four_subsets,mlp2,64,4,7311,same_base_union_validation_selector,replay_existing_validation_split,False,False,11,"[""base_model"",""dare"",""greedy_soup"",""individual_finetuned_digits_0_4"",""individual_finetuned_digits_5_9"",""individual_finetuned_even_digits"",""individual_finetuned_odd_digits"",""slerp_sequential"",""task_arithmetic"",""ties_merging"",""weight_average""]","[""base_model"",""dare_selected"",""greedy_soup_final_candidate"",""individual_finetuned_checkpoint"",""slerp_selected"",""task_arithmetic_selected"",""ties_selected"",""weight_average""]",task_arithmetic_selected,task_arithmetic,same_base_task_vector,task_arithmetic,"{""scale"":0.75,""validation_accuracy"":0.8887044075087553,""validation_loss"":0.4623860566982776}",0.8887044075087553,0.4623860566982776,0.8558333333333333,0.815,0.5378406286239624,True,True,True,task_arithmetic,0.8558333333333333,0.815,0.0,0.0,dare,0.8574999999999999,0.8166666666666667,-0.0016666666666665941,-0.0016666666666667052,True,False,True,same-base exact-setting validation selector; no independent-seed rebasin or Brauer/projective claim,True,4,True,0.002083333333333437,0.0,-0.0016666666666665941,0.017916666666666692
mnist_mnist_four_subsets_mlp2_W64_N4,mnist_mnist_four_subsets_mlp2_W64_N4_seed7312,mnist,mnist_four_subsets,mlp2,64,4,7312,same_base_union_validation_selector,replay_existing_validation_split,False,False,11,"[""base_model"",""dare"",""greedy_soup"",""individual_finetuned_digits_0_4"",""individual_finetuned_digits_5_9"",""individual_finetuned_even_digits"",""individual_finetuned_odd_digits"",""slerp_sequential"",""task_arithmetic"",""ties_merging"",""weight_average""]","[""base_model"",""dare_selected"",""greedy_soup_final_candidate"",""individual_finetuned_checkpoint"",""slerp_selected"",""task_arithmetic_selected"",""ties_selected"",""weight_average""]",dare_selected,dare,same_base_task_vector,dare,"{""drop_rate"":0.5,""scale"":1.25,""validation_accuracy"":0.874339059475374,""validation_loss"":0.4765876278326915}",0.874339059475374,0.4765876278326915,0.86125,0.8183333333333334,0.5138316170374552,True,True,True,task_arithmetic,0.8616666666666668,0.8266666666666667,-0.0004166666666668428,-0.008333333333333304,task_arithmetic,0.8616666666666668,0.8266666666666667,-0.0004166666666668428,-0.008333333333333304,False,False,True,same-base exact-setting validation selector; no independent-seed rebasin or Brauer/projective claim,True,4,True,0.0029166666666666785,-0.0004166666666668428,0.0,0.005833333333333246
mnist_mnist_four_subsets_mlp2_W64_N4,mnist_mnist_four_subsets_mlp2_W64_N4_seed7313,mnist,mnist_four_subsets,mlp2,64,4,7313,same_base_union_validation_selector,replay_existing_validation_split,False,False,11,"[""base_model"",""dare"",""greedy_soup"",""individual_finetuned_digits_0_4"",""individual_finetuned_digits_5_9"",""individual_finetuned_even_digits"",""individual_finetuned_odd_digits"",""slerp_sequential"",""task_arithmetic"",""ties_merging"",""weight_average""]","[""base_model"",""dare_selected"",""greedy_soup_final_candidate"",""individual_finetuned_checkpoint"",""slerp_selected"",""task_arithmetic_selected"",""ties_selected"",""weight_average""]",dare_selected,dare,same_base_task_vector,dare,"{""drop_rate"":0.3,""scale"":1.0,""validation_accuracy"":0.8327294645826405,""validation_loss"":0.5434107718885118}",0.8327294645826405,0.5434107718885118,0.8404166666666666,0.79,0.5602756977081299,True,True,True,task_arithmetic,0.8391666666666666,0.7933333333333333,0.0012499999999999734,-0.0033333333333332993,dare,0.8404166666666666,0.79,0.0,0.0,False,True,True,same-base exact-setting validation selector; no independent-seed rebasin or Brauer/projective claim,True,4,True,0.0004166666666666208,0.0012499999999999734,0.0,0.029583333333333295
mnist_mnist_four_subsets_mlp2_W64_N4,mnist_mnist_four_subsets_mlp2_W64_N4_seed7314,mnist,mnist_four_subsets,mlp2,64,4,7314,same_base_union_validation_selector,replay_existing_validation_split,False,False,11,"[""base_model"",""dare"",""greedy_soup"",""individual_finetuned_digits_0_4"",""individual_finetuned_digits_5_9"",""individual_finetuned_even_digits"",""individual_finetuned_odd_digits"",""slerp_sequential"",""task_arithmetic"",""ties_merging"",""weight_average""]","[""base_model"",""dare_selected"",""greedy_soup_final_candidate"",""individual_finetuned_checkpoint"",""slerp_selected"",""task_arithmetic_selected"",""ties_selected"",""weight_average""]",ties_selected,ties_merging,same_base_task_vector,ties_merging,"{""density"":1.0,""scale"":0.5,""validation_accuracy"":0.8765122984282506,""validation_loss"":0.49784608771640876}",0.8765122984282506,0.4978460877164087,0.84375,0.8066666666666666,0.5497444725036621,True,True,True,task_arithmetic,0.8466666666666667,0.8,-0.0029166666666666785,0.006666666666666599,greedy_soup,0.8466666666666667,0.8,-0.0029166666666666785,0.006666666666666599,False,False,True,same-base exact-setting validation selector; no independent-seed rebasin or Brauer/projective claim,True,4,True,-0.0029166666666666785,-0.0029166666666666785,-0.002083333333333437,0.0
mnist_mnist_four_subsets_mlp2_W64_N4,mnist_mnist_four_subsets_mlp2_W64_N4_seed7315,mnist,mnist_four_subsets,mlp2,64,4,7315,same_base_union_validation_selector,replay_existing_validation_split,False,False,11,"[""base_model"",""dare"",""greedy_soup"",""individual_finetuned_digits_0_4"",""individual_finetuned_digits_5_9"",""individual_finetuned_even_digits"",""individual_finetuned_odd_digits"",""slerp_sequential"",""task_arithmetic"",""ties_merging"",""weight_average""]","[""base_model"",""dare_selected"",""greedy_soup_final_candidate"",""individual_finetuned_checkpoint"",""slerp_selected"",""task_arithmetic_selected"",""ties_selected"",""weight_average""]",task_arithmetic_selected,task_arithmetic,same_base_task_vector,task_arithmetic,"{""scale"":0.25,""validation_accuracy"":0.8831040594650994,""validation_loss"":0.47983981975666784}",0.8831040594650994,0.4798398197566678,0.8487500000000001,0.8166666666666667,0.530600970586141,True,True,True,task_arithmetic,0.8487500000000001,0.8166666666666667,0.0,0.0,task_arithmetic,0.8487500000000001,0.8166666666666667,0.0,0.0,True,True,True,same-base exact-setting validation selector; no independent-seed rebasin or Brauer/projective claim,True,4,True,0.0012500000000000844,0.0,0.0012500000000000844,0.004166666666666874
mnist_mnist_four_subsets_mlp2_W64_N4,mnist_mnist_four_subsets_mlp2_W64_N4_seed7316,mnist,mnist_four_subsets,mlp2,64,4,7316,same_base_union_validation_selector,replay_existing_validation_split,False,False,11,"[""base_model"",""dare"",""greedy_soup"",""individual_finetuned_digits_0_4"",""individual_finetuned_digits_5_9"",""individual_finetuned_even_digits"",""individual_finetuned_odd_digits"",""slerp_sequential"",""task_arithmetic"",""ties_merging"",""weight_average""]","[""base_model"",""dare_selected"",""greedy_soup_final_candidate"",""individual_finetuned_checkpoint"",""slerp_selected"",""task_arithmetic_selected"",""ties_selected"",""weight_average""]",dare_selected,dare,same_base_task_vector,dare,"{""drop_rate"":0.1,""scale"":1.0,""validation_accuracy"":0.8785735235864994,""validation_loss"":0.4438510750802601}",0.8785735235864994,0.4438510750802601,0.8491666666666666,0.8066666666666666,0.5311584504445395,True,True,True,task_arithmetic,0.8508333333333333,0.8116666666666666,-0.0016666666666667052,-0.0050000000000000044,greedy_soup,0.8508333333333333,0.8116666666666666,-0.0016666666666667052,-0.0050000000000000044,False,False,True,same-base exact-setting validation selector; no independent-seed rebasin or Brauer/projective claim,True,4,True,-0.0016666666666667052,-0.0016666666666667052,0.0,0.006249999999999978
mnist_mnist_four_subsets_mlp2_W64_N4,mnist_mnist_four_subsets_mlp2_W64_N4_seed7317,mnist,mnist_four_subsets,mlp2,64,4,7317,same_base_union_validation_selector,replay_existing_validation_split,False,False,11,"[""base_model"",""dare"",""greedy_soup"",""individual_finetuned_digits_0_4"",""individual_finetuned_digits_5_9"",""individual_finetuned_even_digits"",""individual_finetuned_odd_digits"",""slerp_sequential"",""task_arithmetic"",""ties_merging"",""weight_average""]","[""base_model"",""dare_selected"",""greedy_soup_final_candidate"",""individual_finetuned_checkpoint"",""slerp_selected"",""task_arithmetic_selected"",""ties_selected"",""weight_average""]",dare_selected,dare,same_base_task_vector,dare,"{""drop_rate"":0.1,""scale"":0.5,""validation_accuracy"":0.8747710362363715,""validation_loss"":0.4838475197330043}",0.8747710362363715,0.4838475197330043,0.8533333333333333,0.8133333333333334,0.5271934461593628,True,True,True,task_arithmetic,0.8545833333333334,0.8133333333333334,-0.0012500000000000844,0.0,task_arithmetic,0.8545833333333334,0.8133333333333334,-0.0012500000000000844,0.0,False,False,True,same-base exact-setting validation selector; no independent-seed rebasin or Brauer/projective claim,True,4,True,0.00041666666666650976,-0.0012500000000000844,0.0,0.011666666666666714
mnist_mnist_four_subsets_mlp2_W64_N4,mnist_mnist_four_subsets_mlp2_W64_N4_seed7318,mnist,mnist_four_subsets,mlp2,64,4,7318,same_base_union_validation_selector,replay_existing_validation_split,False,False,11,"[""base_model"",""dare"",""greedy_soup"",""individual_finetuned_digits_0_4"",""individual_finetuned_digits_5_9"",""individual_finetuned_even_digits"",""individual_finetuned_odd_digits"",""slerp_sequential"",""task_arithmetic"",""ties_merging"",""weight_average""]","[""base_model"",""dare_selected"",""greedy_soup_final_candidate"",""individual_finetuned_checkpoint"",""slerp_selected"",""task_arithmetic_selected"",""ties_selected"",""weight_average""]",task_arithmetic_selected,task_arithmetic,same_base_task_vector,task_arithmetic,"{""scale"":0.75,""validation_accuracy"":0.8719946629885534,""validation_loss"":0.5039818183595123}",0.8719946629885534,0.5039818183595123,0.8495833333333332,0.8033333333333333,0.5585625632603963,True,True,True,task_arithmetic,0.8495833333333332,0.8033333333333333,0.0,0.0,task_arithmetic,0.8495833333333332,0.8033333333333333,0.0,0.0,True,True,True,same-base exact-setting validation selector; no independent-seed rebasin or Brauer/projective claim,True,4,True,0.00374999999999992,0.0,0.002083333333333215,0.005833333333333246
mnist_mnist_four_subsets_mlp2_W64_N4,mnist_mnist_four_subsets_mlp2_W64_N4_seed7319,mnist,mnist_four_subsets,mlp2,64,4,7319,same_base_union_validation_selector,replay_existing_validation_split,False,False,11,"[""base_model"",""dare"",""greedy_soup"",""individual_finetuned_digits_0_4"",""individual_finetuned_digits_5_9"",""individual_finetuned_even_digits"",""individual_finetuned_odd_digits"",""slerp_sequential"",""task_arithmetic"",""ties_merging"",""weight_average""]","[""base_model"",""dare_selected"",""greedy_soup_final_candidate"",""individual_finetuned_checkpoint"",""slerp_selected"",""task_arithmetic_selected"",""ties_selected"",""weight_average""]",task_arithmetic_selected,task_arithmetic,same_base_task_vector,task_arithmetic,"{""scale"":1.25,""validation_accuracy"":0.871745233483466,""validation_loss"":0.5014047378454117}",0.871745233483466,0.5014047378454117,0.8541666666666667,0.8083333333333333,0.5261946105957032,True,True,True,task_arithmetic,0.8541666666666667,0.8083333333333333,0.0,0.0,dare,0.8558333333333333,0.8116666666666666,-0.0016666666666665941,-0.0033333333333332993,True,False,True,same-base exact-setting validation selector; no independent-seed rebasin or Brauer/projective claim,True,4,True,1.1102230246251565e-16,0.0,-0.0016666666666665941,-0.0012499999999998623
