run_id,source,group_name,seed,noise_level,depth,pooling,quotient_order,branch_count,pre_structural_residual,post_structural_residual,quotient_certified,bootstrap_stability
controlled_C2_noise0_seed0,controlled,C2,0,0.0,1,uniform_pooling,2,2,0.5,0.0,True,1.0
controlled_C2_noise0_seed0,controlled,C2,0,0.0,1,fourier_or_equivariant_pooling,2,2,0.5,0.0,True,1.0
controlled_C2_noise0_seed0,controlled,C2,0,0.0,1,validation_router,2,2,0.5,0.0,True,1.0
controlled_C2_noise0_seed1,controlled,C2,1,0.0,1,uniform_pooling,2,2,0.5,0.0,True,1.0
controlled_C2_noise0_seed1,controlled,C2,1,0.0,1,fourier_or_equivariant_pooling,2,2,0.5,0.0,True,1.0
controlled_C2_noise0_seed1,controlled,C2,1,0.0,1,validation_router,2,2,0.5,0.0,True,1.0
controlled_C2_noise0_seed2,controlled,C2,2,0.0,1,uniform_pooling,2,2,0.5,0.0,True,1.0
controlled_C2_noise0_seed2,controlled,C2,2,0.0,1,fourier_or_equivariant_pooling,2,2,0.5,0.0,True,1.0
controlled_C2_noise0_seed2,controlled,C2,2,0.0,1,validation_router,2,2,0.5,0.0,True,1.0
controlled_C2_noise0_seed3,controlled,C2,3,0.0,1,uniform_pooling,2,2,0.5,0.0,True,1.0
controlled_C2_noise0_seed3,controlled,C2,3,0.0,1,fourier_or_equivariant_pooling,2,2,0.5,0.0,True,1.0
controlled_C2_noise0_seed3,controlled,C2,3,0.0,1,validation_router,2,2,0.5,0.0,True,1.0
controlled_C2_noise0_seed4,controlled,C2,4,0.0,1,uniform_pooling,2,2,0.5,0.0,True,1.0
controlled_C2_noise0_seed4,controlled,C2,4,0.0,1,fourier_or_equivariant_pooling,2,2,0.5,0.0,True,1.0
controlled_C2_noise0_seed4,controlled,C2,4,0.0,1,validation_router,2,2,0.5,0.0,True,1.0
controlled_C2_noise0_seed5,controlled,C2,5,0.0,1,uniform_pooling,2,2,0.5,0.0,True,1.0
controlled_C2_noise0_seed5,controlled,C2,5,0.0,1,fourier_or_equivariant_pooling,2,2,0.5,0.0,True,1.0
controlled_C2_noise0_seed5,controlled,C2,5,0.0,1,validation_router,2,2,0.5,0.0,True,1.0
controlled_C2_noise0_seed6,controlled,C2,6,0.0,1,uniform_pooling,2,2,0.5,0.0,True,1.0
controlled_C2_noise0_seed6,controlled,C2,6,0.0,1,fourier_or_equivariant_pooling,2,2,0.5,0.0,True,1.0
controlled_C2_noise0_seed6,controlled,C2,6,0.0,1,validation_router,2,2,0.5,0.0,True,1.0
controlled_C2_noise0_seed7,controlled,C2,7,0.0,1,uniform_pooling,2,2,0.5,0.0,True,1.0
controlled_C2_noise0_seed7,controlled,C2,7,0.0,1,fourier_or_equivariant_pooling,2,2,0.5,0.0,True,1.0
controlled_C2_noise0_seed7,controlled,C2,7,0.0,1,validation_router,2,2,0.5,0.0,True,1.0
controlled_C2_noise0_seed8,controlled,C2,8,0.0,1,uniform_pooling,2,2,0.5,0.0,True,1.0
controlled_C2_noise0_seed8,controlled,C2,8,0.0,1,fourier_or_equivariant_pooling,2,2,0.5,0.0,True,1.0
controlled_C2_noise0_seed8,controlled,C2,8,0.0,1,validation_router,2,2,0.5,0.0,True,1.0
controlled_C2_noise0_seed9,controlled,C2,9,0.0,1,uniform_pooling,2,2,0.5,0.0,True,1.0
controlled_C2_noise0_seed9,controlled,C2,9,0.0,1,fourier_or_equivariant_pooling,2,2,0.5,0.0,True,1.0
controlled_C2_noise0_seed9,controlled,C2,9,0.0,1,validation_router,2,2,0.5,0.0,True,1.0
controlled_C2_noise0_seed10,controlled,C2,10,0.0,1,uniform_pooling,2,2,0.5,0.0,True,1.0
controlled_C2_noise0_seed10,controlled,C2,10,0.0,1,fourier_or_equivariant_pooling,2,2,0.5,0.0,True,1.0
controlled_C2_noise0_seed10,controlled,C2,10,0.0,1,validation_router,2,2,0.5,0.0,True,1.0
controlled_C2_noise0_seed11,controlled,C2,11,0.0,1,uniform_pooling,2,2,0.5,0.0,True,1.0
controlled_C2_noise0_seed11,controlled,C2,11,0.0,1,fourier_or_equivariant_pooling,2,2,0.5,0.0,True,1.0
controlled_C2_noise0_seed11,controlled,C2,11,0.0,1,validation_router,2,2,0.5,0.0,True,1.0
controlled_C2_noise0_seed12,controlled,C2,12,0.0,1,uniform_pooling,2,2,0.5,0.0,True,1.0
controlled_C2_noise0_seed12,controlled,C2,12,0.0,1,fourier_or_equivariant_pooling,2,2,0.5,0.0,True,1.0
controlled_C2_noise0_seed12,controlled,C2,12,0.0,1,validation_router,2,2,0.5,0.0,True,1.0
controlled_C2_noise0_seed13,controlled,C2,13,0.0,1,uniform_pooling,2,2,0.5,0.0,True,1.0
controlled_C2_noise0_seed13,controlled,C2,13,0.0,1,fourier_or_equivariant_pooling,2,2,0.5,0.0,True,1.0
controlled_C2_noise0_seed13,controlled,C2,13,0.0,1,validation_router,2,2,0.5,0.0,True,1.0
controlled_C2_noise0_seed14,controlled,C2,14,0.0,1,uniform_pooling,2,2,0.5,0.0,True,1.0
controlled_C2_noise0_seed14,controlled,C2,14,0.0,1,fourier_or_equivariant_pooling,2,2,0.5,0.0,True,1.0
controlled_C2_noise0_seed14,controlled,C2,14,0.0,1,validation_router,2,2,0.5,0.0,True,1.0
controlled_C2_noise0_seed15,controlled,C2,15,0.0,1,uniform_pooling,2,2,0.5,0.0,True,1.0
controlled_C2_noise0_seed15,controlled,C2,15,0.0,1,fourier_or_equivariant_pooling,2,2,0.5,0.0,True,1.0
controlled_C2_noise0_seed15,controlled,C2,15,0.0,1,validation_router,2,2,0.5,0.0,True,1.0
controlled_C2_noise0_seed16,controlled,C2,16,0.0,1,uniform_pooling,2,2,0.5,0.0,True,1.0
controlled_C2_noise0_seed16,controlled,C2,16,0.0,1,fourier_or_equivariant_pooling,2,2,0.5,0.0,True,1.0
controlled_C2_noise0_seed16,controlled,C2,16,0.0,1,validation_router,2,2,0.5,0.0,True,1.0
controlled_C2_noise0_seed17,controlled,C2,17,0.0,1,uniform_pooling,2,2,0.5,0.0,True,1.0
controlled_C2_noise0_seed17,controlled,C2,17,0.0,1,fourier_or_equivariant_pooling,2,2,0.5,0.0,True,1.0
controlled_C2_noise0_seed17,controlled,C2,17,0.0,1,validation_router,2,2,0.5,0.0,True,1.0
controlled_C2_noise0_seed18,controlled,C2,18,0.0,1,uniform_pooling,2,2,0.5,0.0,True,1.0
controlled_C2_noise0_seed18,controlled,C2,18,0.0,1,fourier_or_equivariant_pooling,2,2,0.5,0.0,True,1.0
controlled_C2_noise0_seed18,controlled,C2,18,0.0,1,validation_router,2,2,0.5,0.0,True,1.0
controlled_C2_noise0_seed19,controlled,C2,19,0.0,1,uniform_pooling,2,2,0.5,0.0,True,1.0
controlled_C2_noise0_seed19,controlled,C2,19,0.0,1,fourier_or_equivariant_pooling,2,2,0.5,0.0,True,1.0
controlled_C2_noise0_seed19,controlled,C2,19,0.0,1,validation_router,2,2,0.5,0.0,True,1.0
controlled_C2_noise0_seed20,controlled,C2,20,0.0,1,uniform_pooling,2,2,0.5,0.0,True,1.0
controlled_C2_noise0_seed20,controlled,C2,20,0.0,1,fourier_or_equivariant_pooling,2,2,0.5,0.0,True,1.0
controlled_C2_noise0_seed20,controlled,C2,20,0.0,1,validation_router,2,2,0.5,0.0,True,1.0
controlled_C2_noise0_seed21,controlled,C2,21,0.0,1,uniform_pooling,2,2,0.5,0.0,True,1.0
controlled_C2_noise0_seed21,controlled,C2,21,0.0,1,fourier_or_equivariant_pooling,2,2,0.5,0.0,True,1.0
controlled_C2_noise0_seed21,controlled,C2,21,0.0,1,validation_router,2,2,0.5,0.0,True,1.0
controlled_C2_noise0_seed22,controlled,C2,22,0.0,1,uniform_pooling,2,2,0.5,0.0,True,1.0
controlled_C2_noise0_seed22,controlled,C2,22,0.0,1,fourier_or_equivariant_pooling,2,2,0.5,0.0,True,1.0
controlled_C2_noise0_seed22,controlled,C2,22,0.0,1,validation_router,2,2,0.5,0.0,True,1.0
controlled_C2_noise0_seed23,controlled,C2,23,0.0,1,uniform_pooling,2,2,0.5,0.0,True,1.0
controlled_C2_noise0_seed23,controlled,C2,23,0.0,1,fourier_or_equivariant_pooling,2,2,0.5,0.0,True,1.0
controlled_C2_noise0_seed23,controlled,C2,23,0.0,1,validation_router,2,2,0.5,0.0,True,1.0
controlled_C2_noise0_seed24,controlled,C2,24,0.0,1,uniform_pooling,2,2,0.5,0.0,True,1.0
controlled_C2_noise0_seed24,controlled,C2,24,0.0,1,fourier_or_equivariant_pooling,2,2,0.5,0.0,True,1.0
controlled_C2_noise0_seed24,controlled,C2,24,0.0,1,validation_router,2,2,0.5,0.0,True,1.0
controlled_C2_noise0_seed25,controlled,C2,25,0.0,1,uniform_pooling,2,2,0.5,0.0,True,1.0
controlled_C2_noise0_seed25,controlled,C2,25,0.0,1,fourier_or_equivariant_pooling,2,2,0.5,0.0,True,1.0
controlled_C2_noise0_seed25,controlled,C2,25,0.0,1,validation_router,2,2,0.5,0.0,True,1.0
controlled_C2_noise0_seed26,controlled,C2,26,0.0,1,uniform_pooling,2,2,0.5,0.0,True,1.0
controlled_C2_noise0_seed26,controlled,C2,26,0.0,1,fourier_or_equivariant_pooling,2,2,0.5,0.0,True,1.0
controlled_C2_noise0_seed26,controlled,C2,26,0.0,1,validation_router,2,2,0.5,0.0,True,1.0
controlled_C2_noise0_seed27,controlled,C2,27,0.0,1,uniform_pooling,2,2,0.5,0.0,True,1.0
controlled_C2_noise0_seed27,controlled,C2,27,0.0,1,fourier_or_equivariant_pooling,2,2,0.5,0.0,True,1.0
controlled_C2_noise0_seed27,controlled,C2,27,0.0,1,validation_router,2,2,0.5,0.0,True,1.0
controlled_C2_noise0_seed28,controlled,C2,28,0.0,1,uniform_pooling,2,2,0.5,0.0,True,1.0
controlled_C2_noise0_seed28,controlled,C2,28,0.0,1,fourier_or_equivariant_pooling,2,2,0.5,0.0,True,1.0
controlled_C2_noise0_seed28,controlled,C2,28,0.0,1,validation_router,2,2,0.5,0.0,True,1.0
controlled_C2_noise0_seed29,controlled,C2,29,0.0,1,uniform_pooling,2,2,0.5,0.0,True,1.0
controlled_C2_noise0_seed29,controlled,C2,29,0.0,1,fourier_or_equivariant_pooling,2,2,0.5,0.0,True,1.0
controlled_C2_noise0_seed29,controlled,C2,29,0.0,1,validation_router,2,2,0.5,0.0,True,1.0
controlled_C2_noise0.25_seed0,controlled,C2,0,0.25,1,uniform_pooling,2,2,0.5,0.0,True,1.0
controlled_C2_noise0.25_seed0,controlled,C2,0,0.25,1,fourier_or_equivariant_pooling,2,2,0.5,0.0,True,1.0
controlled_C2_noise0.25_seed0,controlled,C2,0,0.25,1,validation_router,2,2,0.5,0.0,True,1.0
controlled_C2_noise0.25_seed1,controlled,C2,1,0.25,1,uniform_pooling,2,2,0.5,0.0,True,1.0
controlled_C2_noise0.25_seed1,controlled,C2,1,0.25,1,fourier_or_equivariant_pooling,2,2,0.5,0.0,True,1.0
controlled_C2_noise0.25_seed1,controlled,C2,1,0.25,1,validation_router,2,2,0.5,0.0,True,1.0
controlled_C2_noise0.25_seed2,controlled,C2,2,0.25,1,uniform_pooling,2,2,0.5,0.0,True,1.0
controlled_C2_noise0.25_seed2,controlled,C2,2,0.25,1,fourier_or_equivariant_pooling,2,2,0.5,0.0,True,1.0
controlled_C2_noise0.25_seed2,controlled,C2,2,0.25,1,validation_router,2,2,0.5,0.0,True,1.0
controlled_C2_noise0.25_seed3,controlled,C2,3,0.25,1,uniform_pooling,2,2,0.5,0.0,True,1.0
controlled_C2_noise0.25_seed3,controlled,C2,3,0.25,1,fourier_or_equivariant_pooling,2,2,0.5,0.0,True,1.0
controlled_C2_noise0.25_seed3,controlled,C2,3,0.25,1,validation_router,2,2,0.5,0.0,True,1.0
controlled_C2_noise0.25_seed4,controlled,C2,4,0.25,1,uniform_pooling,2,2,0.5,0.0,True,1.0
controlled_C2_noise0.25_seed4,controlled,C2,4,0.25,1,fourier_or_equivariant_pooling,2,2,0.5,0.0,True,1.0
controlled_C2_noise0.25_seed4,controlled,C2,4,0.25,1,validation_router,2,2,0.5,0.0,True,1.0
controlled_C2_noise0.25_seed5,controlled,C2,5,0.25,1,uniform_pooling,2,2,0.5,0.0,True,1.0
controlled_C2_noise0.25_seed5,controlled,C2,5,0.25,1,fourier_or_equivariant_pooling,2,2,0.5,0.0,True,1.0
controlled_C2_noise0.25_seed5,controlled,C2,5,0.25,1,validation_router,2,2,0.5,0.0,True,1.0
controlled_C2_noise0.25_seed6,controlled,C2,6,0.25,1,uniform_pooling,2,2,0.5,0.0,True,1.0
controlled_C2_noise0.25_seed6,controlled,C2,6,0.25,1,fourier_or_equivariant_pooling,2,2,0.5,0.0,True,1.0
controlled_C2_noise0.25_seed6,controlled,C2,6,0.25,1,validation_router,2,2,0.5,0.0,True,1.0
controlled_C2_noise0.25_seed7,controlled,C2,7,0.25,1,uniform_pooling,2,2,0.5,0.0,True,1.0
controlled_C2_noise0.25_seed7,controlled,C2,7,0.25,1,fourier_or_equivariant_pooling,2,2,0.5,0.0,True,1.0
controlled_C2_noise0.25_seed7,controlled,C2,7,0.25,1,validation_router,2,2,0.5,0.0,True,1.0
controlled_C2_noise0.25_seed8,controlled,C2,8,0.25,1,uniform_pooling,2,2,0.5,0.0,True,1.0
controlled_C2_noise0.25_seed8,controlled,C2,8,0.25,1,fourier_or_equivariant_pooling,2,2,0.5,0.0,True,1.0
controlled_C2_noise0.25_seed8,controlled,C2,8,0.25,1,validation_router,2,2,0.5,0.0,True,1.0
controlled_C2_noise0.25_seed9,controlled,C2,9,0.25,1,uniform_pooling,2,2,0.5,0.0,True,1.0
controlled_C2_noise0.25_seed9,controlled,C2,9,0.25,1,fourier_or_equivariant_pooling,2,2,0.5,0.0,True,1.0
controlled_C2_noise0.25_seed9,controlled,C2,9,0.25,1,validation_router,2,2,0.5,0.0,True,1.0
controlled_C2_noise0.25_seed10,controlled,C2,10,0.25,1,uniform_pooling,2,2,0.5,0.0,True,1.0
controlled_C2_noise0.25_seed10,controlled,C2,10,0.25,1,fourier_or_equivariant_pooling,2,2,0.5,0.0,True,1.0
controlled_C2_noise0.25_seed10,controlled,C2,10,0.25,1,validation_router,2,2,0.5,0.0,True,1.0
controlled_C2_noise0.25_seed11,controlled,C2,11,0.25,1,uniform_pooling,2,2,0.5,0.0,True,1.0
controlled_C2_noise0.25_seed11,controlled,C2,11,0.25,1,fourier_or_equivariant_pooling,2,2,0.5,0.0,True,1.0
controlled_C2_noise0.25_seed11,controlled,C2,11,0.25,1,validation_router,2,2,0.5,0.0,True,1.0
controlled_C2_noise0.25_seed12,controlled,C2,12,0.25,1,uniform_pooling,2,2,0.5,0.0,True,1.0
controlled_C2_noise0.25_seed12,controlled,C2,12,0.25,1,fourier_or_equivariant_pooling,2,2,0.5,0.0,True,1.0
controlled_C2_noise0.25_seed12,controlled,C2,12,0.25,1,validation_router,2,2,0.5,0.0,True,1.0
controlled_C2_noise0.25_seed13,controlled,C2,13,0.25,1,uniform_pooling,2,2,0.5,0.0,True,1.0
controlled_C2_noise0.25_seed13,controlled,C2,13,0.25,1,fourier_or_equivariant_pooling,2,2,0.5,0.0,True,1.0
controlled_C2_noise0.25_seed13,controlled,C2,13,0.25,1,validation_router,2,2,0.5,0.0,True,1.0
controlled_C2_noise0.25_seed14,controlled,C2,14,0.25,1,uniform_pooling,2,2,0.5,0.0,True,1.0
controlled_C2_noise0.25_seed14,controlled,C2,14,0.25,1,fourier_or_equivariant_pooling,2,2,0.5,0.0,True,1.0
controlled_C2_noise0.25_seed14,controlled,C2,14,0.25,1,validation_router,2,2,0.5,0.0,True,1.0
controlled_C2_noise0.25_seed15,controlled,C2,15,0.25,1,uniform_pooling,2,2,0.5,0.0,True,1.0
controlled_C2_noise0.25_seed15,controlled,C2,15,0.25,1,fourier_or_equivariant_pooling,2,2,0.5,0.0,True,1.0
controlled_C2_noise0.25_seed15,controlled,C2,15,0.25,1,validation_router,2,2,0.5,0.0,True,1.0
controlled_C2_noise0.25_seed16,controlled,C2,16,0.25,1,uniform_pooling,2,2,0.5,0.0,True,1.0
controlled_C2_noise0.25_seed16,controlled,C2,16,0.25,1,fourier_or_equivariant_pooling,2,2,0.5,0.0,True,1.0
controlled_C2_noise0.25_seed16,controlled,C2,16,0.25,1,validation_router,2,2,0.5,0.0,True,1.0
controlled_C2_noise0.25_seed17,controlled,C2,17,0.25,1,uniform_pooling,2,2,0.5,0.0,True,1.0
controlled_C2_noise0.25_seed17,controlled,C2,17,0.25,1,fourier_or_equivariant_pooling,2,2,0.5,0.0,True,1.0
controlled_C2_noise0.25_seed17,controlled,C2,17,0.25,1,validation_router,2,2,0.5,0.0,True,1.0
controlled_C2_noise0.25_seed18,controlled,C2,18,0.25,1,uniform_pooling,2,2,0.5,0.0,True,1.0
controlled_C2_noise0.25_seed18,controlled,C2,18,0.25,1,fourier_or_equivariant_pooling,2,2,0.5,0.0,True,1.0
controlled_C2_noise0.25_seed18,controlled,C2,18,0.25,1,validation_router,2,2,0.5,0.0,True,1.0
controlled_C2_noise0.25_seed19,controlled,C2,19,0.25,1,uniform_pooling,2,2,0.5,0.0,True,1.0
controlled_C2_noise0.25_seed19,controlled,C2,19,0.25,1,fourier_or_equivariant_pooling,2,2,0.5,0.0,True,1.0
controlled_C2_noise0.25_seed19,controlled,C2,19,0.25,1,validation_router,2,2,0.5,0.0,True,1.0
controlled_C2_noise0.25_seed20,controlled,C2,20,0.25,1,uniform_pooling,2,2,0.5,0.0,True,1.0
controlled_C2_noise0.25_seed20,controlled,C2,20,0.25,1,fourier_or_equivariant_pooling,2,2,0.5,0.0,True,1.0
controlled_C2_noise0.25_seed20,controlled,C2,20,0.25,1,validation_router,2,2,0.5,0.0,True,1.0
controlled_C2_noise0.25_seed21,controlled,C2,21,0.25,1,uniform_pooling,2,2,0.5,0.0,True,1.0
controlled_C2_noise0.25_seed21,controlled,C2,21,0.25,1,fourier_or_equivariant_pooling,2,2,0.5,0.0,True,1.0
controlled_C2_noise0.25_seed21,controlled,C2,21,0.25,1,validation_router,2,2,0.5,0.0,True,1.0
controlled_C2_noise0.25_seed22,controlled,C2,22,0.25,1,uniform_pooling,2,2,0.5,0.0,True,1.0
controlled_C2_noise0.25_seed22,controlled,C2,22,0.25,1,fourier_or_equivariant_pooling,2,2,0.5,0.0,True,1.0
controlled_C2_noise0.25_seed22,controlled,C2,22,0.25,1,validation_router,2,2,0.5,0.0,True,1.0
controlled_C2_noise0.25_seed23,controlled,C2,23,0.25,1,uniform_pooling,2,2,0.5,0.0,True,1.0
controlled_C2_noise0.25_seed23,controlled,C2,23,0.25,1,fourier_or_equivariant_pooling,2,2,0.5,0.0,True,1.0
controlled_C2_noise0.25_seed23,controlled,C2,23,0.25,1,validation_router,2,2,0.5,0.0,True,1.0
controlled_C2_noise0.25_seed24,controlled,C2,24,0.25,1,uniform_pooling,2,2,0.5,0.0,True,1.0
controlled_C2_noise0.25_seed24,controlled,C2,24,0.25,1,fourier_or_equivariant_pooling,2,2,0.5,0.0,True,1.0
controlled_C2_noise0.25_seed24,controlled,C2,24,0.25,1,validation_router,2,2,0.5,0.0,True,1.0
controlled_C2_noise0.25_seed25,controlled,C2,25,0.25,1,uniform_pooling,2,2,0.5,0.0,True,1.0
controlled_C2_noise0.25_seed25,controlled,C2,25,0.25,1,fourier_or_equivariant_pooling,2,2,0.5,0.0,True,1.0
controlled_C2_noise0.25_seed25,controlled,C2,25,0.25,1,validation_router,2,2,0.5,0.0,True,1.0
controlled_C2_noise0.25_seed26,controlled,C2,26,0.25,1,uniform_pooling,2,2,0.5,0.0,True,1.0
controlled_C2_noise0.25_seed26,controlled,C2,26,0.25,1,fourier_or_equivariant_pooling,2,2,0.5,0.0,True,1.0
controlled_C2_noise0.25_seed26,controlled,C2,26,0.25,1,validation_router,2,2,0.5,0.0,True,1.0
controlled_C2_noise0.25_seed27,controlled,C2,27,0.25,1,uniform_pooling,2,2,0.5,0.0,True,1.0
controlled_C2_noise0.25_seed27,controlled,C2,27,0.25,1,fourier_or_equivariant_pooling,2,2,0.5,0.0,True,1.0
controlled_C2_noise0.25_seed27,controlled,C2,27,0.25,1,validation_router,2,2,0.5,0.0,True,1.0
controlled_C2_noise0.25_seed28,controlled,C2,28,0.25,1,uniform_pooling,2,2,0.5,0.0,True,1.0
controlled_C2_noise0.25_seed28,controlled,C2,28,0.25,1,fourier_or_equivariant_pooling,2,2,0.5,0.0,True,1.0
controlled_C2_noise0.25_seed28,controlled,C2,28,0.25,1,validation_router,2,2,0.5,0.0,True,1.0
controlled_C2_noise0.25_seed29,controlled,C2,29,0.25,1,uniform_pooling,2,2,0.5,0.0,True,1.0
controlled_C2_noise0.25_seed29,controlled,C2,29,0.25,1,fourier_or_equivariant_pooling,2,2,0.5,0.0,True,1.0
controlled_C2_noise0.25_seed29,controlled,C2,29,0.25,1,validation_router,2,2,0.5,0.0,True,1.0
controlled_C2_noise0.5_seed0,controlled,C2,0,0.5,1,uniform_pooling,2,2,0.5,0.0,True,1.0
controlled_C2_noise0.5_seed0,controlled,C2,0,0.5,1,fourier_or_equivariant_pooling,2,2,0.5,0.0,True,1.0
controlled_C2_noise0.5_seed0,controlled,C2,0,0.5,1,validation_router,2,2,0.5,0.0,True,1.0
controlled_C2_noise0.5_seed1,controlled,C2,1,0.5,1,uniform_pooling,2,2,0.5,0.0,True,1.0
controlled_C2_noise0.5_seed1,controlled,C2,1,0.5,1,fourier_or_equivariant_pooling,2,2,0.5,0.0,True,1.0
controlled_C2_noise0.5_seed1,controlled,C2,1,0.5,1,validation_router,2,2,0.5,0.0,True,1.0
controlled_C2_noise0.5_seed2,controlled,C2,2,0.5,1,uniform_pooling,2,2,0.5,0.0,True,1.0
controlled_C2_noise0.5_seed2,controlled,C2,2,0.5,1,fourier_or_equivariant_pooling,2,2,0.5,0.0,True,1.0
controlled_C2_noise0.5_seed2,controlled,C2,2,0.5,1,validation_router,2,2,0.5,0.0,True,1.0
controlled_C2_noise0.5_seed3,controlled,C2,3,0.5,1,uniform_pooling,2,2,0.5,0.0,True,1.0
controlled_C2_noise0.5_seed3,controlled,C2,3,0.5,1,fourier_or_equivariant_pooling,2,2,0.5,0.0,True,1.0
controlled_C2_noise0.5_seed3,controlled,C2,3,0.5,1,validation_router,2,2,0.5,0.0,True,1.0
controlled_C2_noise0.5_seed4,controlled,C2,4,0.5,1,uniform_pooling,2,2,0.5,0.0,True,1.0
controlled_C2_noise0.5_seed4,controlled,C2,4,0.5,1,fourier_or_equivariant_pooling,2,2,0.5,0.0,True,1.0
controlled_C2_noise0.5_seed4,controlled,C2,4,0.5,1,validation_router,2,2,0.5,0.0,True,1.0
controlled_C2_noise0.5_seed5,controlled,C2,5,0.5,1,uniform_pooling,2,2,0.5,0.0,True,1.0
controlled_C2_noise0.5_seed5,controlled,C2,5,0.5,1,fourier_or_equivariant_pooling,2,2,0.5,0.0,True,1.0
controlled_C2_noise0.5_seed5,controlled,C2,5,0.5,1,validation_router,2,2,0.5,0.0,True,1.0
controlled_C2_noise0.5_seed6,controlled,C2,6,0.5,1,uniform_pooling,2,2,0.5,0.0,True,1.0
controlled_C2_noise0.5_seed6,controlled,C2,6,0.5,1,fourier_or_equivariant_pooling,2,2,0.5,0.0,True,1.0
controlled_C2_noise0.5_seed6,controlled,C2,6,0.5,1,validation_router,2,2,0.5,0.0,True,1.0
controlled_C2_noise0.5_seed7,controlled,C2,7,0.5,1,uniform_pooling,2,2,0.5,0.0,True,1.0
controlled_C2_noise0.5_seed7,controlled,C2,7,0.5,1,fourier_or_equivariant_pooling,2,2,0.5,0.0,True,1.0
controlled_C2_noise0.5_seed7,controlled,C2,7,0.5,1,validation_router,2,2,0.5,0.0,True,1.0
controlled_C2_noise0.5_seed8,controlled,C2,8,0.5,1,uniform_pooling,2,2,0.5,0.0,True,1.0
controlled_C2_noise0.5_seed8,controlled,C2,8,0.5,1,fourier_or_equivariant_pooling,2,2,0.5,0.0,True,1.0
controlled_C2_noise0.5_seed8,controlled,C2,8,0.5,1,validation_router,2,2,0.5,0.0,True,1.0
controlled_C2_noise0.5_seed9,controlled,C2,9,0.5,1,uniform_pooling,2,2,0.5,0.0,True,1.0
controlled_C2_noise0.5_seed9,controlled,C2,9,0.5,1,fourier_or_equivariant_pooling,2,2,0.5,0.0,True,1.0
controlled_C2_noise0.5_seed9,controlled,C2,9,0.5,1,validation_router,2,2,0.5,0.0,True,1.0
controlled_C2_noise0.5_seed10,controlled,C2,10,0.5,1,uniform_pooling,2,2,0.5,0.0,True,1.0
controlled_C2_noise0.5_seed10,controlled,C2,10,0.5,1,fourier_or_equivariant_pooling,2,2,0.5,0.0,True,1.0
controlled_C2_noise0.5_seed10,controlled,C2,10,0.5,1,validation_router,2,2,0.5,0.0,True,1.0
controlled_C2_noise0.5_seed11,controlled,C2,11,0.5,1,uniform_pooling,2,2,0.5,0.0,True,1.0
controlled_C2_noise0.5_seed11,controlled,C2,11,0.5,1,fourier_or_equivariant_pooling,2,2,0.5,0.0,True,1.0
controlled_C2_noise0.5_seed11,controlled,C2,11,0.5,1,validation_router,2,2,0.5,0.0,True,1.0
controlled_C2_noise0.5_seed12,controlled,C2,12,0.5,1,uniform_pooling,2,2,0.5,0.0,True,1.0
controlled_C2_noise0.5_seed12,controlled,C2,12,0.5,1,fourier_or_equivariant_pooling,2,2,0.5,0.0,True,1.0
controlled_C2_noise0.5_seed12,controlled,C2,12,0.5,1,validation_router,2,2,0.5,0.0,True,1.0
controlled_C2_noise0.5_seed13,controlled,C2,13,0.5,1,uniform_pooling,2,2,0.5,0.0,True,1.0
controlled_C2_noise0.5_seed13,controlled,C2,13,0.5,1,fourier_or_equivariant_pooling,2,2,0.5,0.0,True,1.0
controlled_C2_noise0.5_seed13,controlled,C2,13,0.5,1,validation_router,2,2,0.5,0.0,True,1.0
controlled_C2_noise0.5_seed14,controlled,C2,14,0.5,1,uniform_pooling,2,2,0.5,0.0,True,1.0
controlled_C2_noise0.5_seed14,controlled,C2,14,0.5,1,fourier_or_equivariant_pooling,2,2,0.5,0.0,True,1.0
controlled_C2_noise0.5_seed14,controlled,C2,14,0.5,1,validation_router,2,2,0.5,0.0,True,1.0
controlled_C2_noise0.5_seed15,controlled,C2,15,0.5,1,uniform_pooling,2,2,0.5,0.0,True,1.0
controlled_C2_noise0.5_seed15,controlled,C2,15,0.5,1,fourier_or_equivariant_pooling,2,2,0.5,0.0,True,1.0
controlled_C2_noise0.5_seed15,controlled,C2,15,0.5,1,validation_router,2,2,0.5,0.0,True,1.0
controlled_C2_noise0.5_seed16,controlled,C2,16,0.5,1,uniform_pooling,2,2,0.5,0.0,True,1.0
controlled_C2_noise0.5_seed16,controlled,C2,16,0.5,1,fourier_or_equivariant_pooling,2,2,0.5,0.0,True,1.0
controlled_C2_noise0.5_seed16,controlled,C2,16,0.5,1,validation_router,2,2,0.5,0.0,True,1.0
controlled_C2_noise0.5_seed17,controlled,C2,17,0.5,1,uniform_pooling,2,2,0.5,0.0,True,1.0
controlled_C2_noise0.5_seed17,controlled,C2,17,0.5,1,fourier_or_equivariant_pooling,2,2,0.5,0.0,True,1.0
controlled_C2_noise0.5_seed17,controlled,C2,17,0.5,1,validation_router,2,2,0.5,0.0,True,1.0
controlled_C2_noise0.5_seed18,controlled,C2,18,0.5,1,uniform_pooling,2,2,0.5,0.0,True,1.0
controlled_C2_noise0.5_seed18,controlled,C2,18,0.5,1,fourier_or_equivariant_pooling,2,2,0.5,0.0,True,1.0
controlled_C2_noise0.5_seed18,controlled,C2,18,0.5,1,validation_router,2,2,0.5,0.0,True,1.0
controlled_C2_noise0.5_seed19,controlled,C2,19,0.5,1,uniform_pooling,2,2,0.5,0.0,True,1.0
controlled_C2_noise0.5_seed19,controlled,C2,19,0.5,1,fourier_or_equivariant_pooling,2,2,0.5,0.0,True,1.0
controlled_C2_noise0.5_seed19,controlled,C2,19,0.5,1,validation_router,2,2,0.5,0.0,True,1.0
controlled_C2_noise0.5_seed20,controlled,C2,20,0.5,1,uniform_pooling,2,2,0.5,0.0,True,1.0
controlled_C2_noise0.5_seed20,controlled,C2,20,0.5,1,fourier_or_equivariant_pooling,2,2,0.5,0.0,True,1.0
controlled_C2_noise0.5_seed20,controlled,C2,20,0.5,1,validation_router,2,2,0.5,0.0,True,1.0
controlled_C2_noise0.5_seed21,controlled,C2,21,0.5,1,uniform_pooling,2,2,0.5,0.0,True,1.0
controlled_C2_noise0.5_seed21,controlled,C2,21,0.5,1,fourier_or_equivariant_pooling,2,2,0.5,0.0,True,1.0
controlled_C2_noise0.5_seed21,controlled,C2,21,0.5,1,validation_router,2,2,0.5,0.0,True,1.0
controlled_C2_noise0.5_seed22,controlled,C2,22,0.5,1,uniform_pooling,2,2,0.5,0.0,True,1.0
controlled_C2_noise0.5_seed22,controlled,C2,22,0.5,1,fourier_or_equivariant_pooling,2,2,0.5,0.0,True,1.0
controlled_C2_noise0.5_seed22,controlled,C2,22,0.5,1,validation_router,2,2,0.5,0.0,True,1.0
controlled_C2_noise0.5_seed23,controlled,C2,23,0.5,1,uniform_pooling,2,2,0.5,0.0,True,1.0
controlled_C2_noise0.5_seed23,controlled,C2,23,0.5,1,fourier_or_equivariant_pooling,2,2,0.5,0.0,True,1.0
controlled_C2_noise0.5_seed23,controlled,C2,23,0.5,1,validation_router,2,2,0.5,0.0,True,1.0
controlled_C2_noise0.5_seed24,controlled,C2,24,0.5,1,uniform_pooling,2,2,0.5,0.0,True,1.0
controlled_C2_noise0.5_seed24,controlled,C2,24,0.5,1,fourier_or_equivariant_pooling,2,2,0.5,0.0,True,1.0
controlled_C2_noise0.5_seed24,controlled,C2,24,0.5,1,validation_router,2,2,0.5,0.0,True,1.0
controlled_C2_noise0.5_seed25,controlled,C2,25,0.5,1,uniform_pooling,2,2,0.5,0.0,True,1.0
controlled_C2_noise0.5_seed25,controlled,C2,25,0.5,1,fourier_or_equivariant_pooling,2,2,0.5,0.0,True,1.0
controlled_C2_noise0.5_seed25,controlled,C2,25,0.5,1,validation_router,2,2,0.5,0.0,True,1.0
controlled_C2_noise0.5_seed26,controlled,C2,26,0.5,1,uniform_pooling,2,2,0.5,0.0,True,1.0
controlled_C2_noise0.5_seed26,controlled,C2,26,0.5,1,fourier_or_equivariant_pooling,2,2,0.5,0.0,True,1.0
controlled_C2_noise0.5_seed26,controlled,C2,26,0.5,1,validation_router,2,2,0.5,0.0,True,1.0
controlled_C2_noise0.5_seed27,controlled,C2,27,0.5,1,uniform_pooling,2,2,0.5,0.0,True,1.0
controlled_C2_noise0.5_seed27,controlled,C2,27,0.5,1,fourier_or_equivariant_pooling,2,2,0.5,0.0,True,1.0
controlled_C2_noise0.5_seed27,controlled,C2,27,0.5,1,validation_router,2,2,0.5,0.0,True,1.0
controlled_C2_noise0.5_seed28,controlled,C2,28,0.5,1,uniform_pooling,2,2,0.5,0.0,True,1.0
controlled_C2_noise0.5_seed28,controlled,C2,28,0.5,1,fourier_or_equivariant_pooling,2,2,0.5,0.0,True,1.0
controlled_C2_noise0.5_seed28,controlled,C2,28,0.5,1,validation_router,2,2,0.5,0.0,True,1.0
controlled_C2_noise0.5_seed29,controlled,C2,29,0.5,1,uniform_pooling,2,2,0.5,0.0,True,1.0
controlled_C2_noise0.5_seed29,controlled,C2,29,0.5,1,fourier_or_equivariant_pooling,2,2,0.5,0.0,True,1.0
controlled_C2_noise0.5_seed29,controlled,C2,29,0.5,1,validation_router,2,2,0.5,0.0,True,1.0
controlled_C2xC2_noise0_seed0,controlled,C2xC2,0,0.0,1,uniform_pooling,2,2,0.5,0.0,True,1.0
controlled_C2xC2_noise0_seed0,controlled,C2xC2,0,0.0,1,fourier_or_equivariant_pooling,2,2,0.5,0.0,True,1.0
controlled_C2xC2_noise0_seed0,controlled,C2xC2,0,0.0,1,validation_router,2,2,0.5,0.0,True,1.0
controlled_C2xC2_noise0_seed0,controlled,C2xC2,0,0.0,2,uniform_pooling,2,4,0.5,0.0,True,1.0
controlled_C2xC2_noise0_seed0,controlled,C2xC2,0,0.0,2,fourier_or_equivariant_pooling,2,4,0.5,0.0,True,1.0
controlled_C2xC2_noise0_seed0,controlled,C2xC2,0,0.0,2,validation_router,2,4,0.5,0.0,True,1.0
controlled_C2xC2_noise0_seed1,controlled,C2xC2,1,0.0,1,uniform_pooling,2,2,0.5,0.0,True,1.0
controlled_C2xC2_noise0_seed1,controlled,C2xC2,1,0.0,1,fourier_or_equivariant_pooling,2,2,0.5,0.0,True,1.0
controlled_C2xC2_noise0_seed1,controlled,C2xC2,1,0.0,1,validation_router,2,2,0.5,0.0,True,1.0
controlled_C2xC2_noise0_seed1,controlled,C2xC2,1,0.0,2,uniform_pooling,2,4,0.5,0.0,True,1.0
controlled_C2xC2_noise0_seed1,controlled,C2xC2,1,0.0,2,fourier_or_equivariant_pooling,2,4,0.5,0.0,True,1.0
controlled_C2xC2_noise0_seed1,controlled,C2xC2,1,0.0,2,validation_router,2,4,0.5,0.0,True,1.0
controlled_C2xC2_noise0_seed2,controlled,C2xC2,2,0.0,1,uniform_pooling,2,2,0.5,0.0,True,1.0
controlled_C2xC2_noise0_seed2,controlled,C2xC2,2,0.0,1,fourier_or_equivariant_pooling,2,2,0.5,0.0,True,1.0
controlled_C2xC2_noise0_seed2,controlled,C2xC2,2,0.0,1,validation_router,2,2,0.5,0.0,True,1.0
controlled_C2xC2_noise0_seed2,controlled,C2xC2,2,0.0,2,uniform_pooling,2,4,0.5,0.0,True,1.0
controlled_C2xC2_noise0_seed2,controlled,C2xC2,2,0.0,2,fourier_or_equivariant_pooling,2,4,0.5,0.0,True,1.0
controlled_C2xC2_noise0_seed2,controlled,C2xC2,2,0.0,2,validation_router,2,4,0.5,0.0,True,1.0
controlled_C2xC2_noise0_seed3,controlled,C2xC2,3,0.0,1,uniform_pooling,2,2,0.5,0.0,True,1.0
controlled_C2xC2_noise0_seed3,controlled,C2xC2,3,0.0,1,fourier_or_equivariant_pooling,2,2,0.5,0.0,True,1.0
controlled_C2xC2_noise0_seed3,controlled,C2xC2,3,0.0,1,validation_router,2,2,0.5,0.0,True,1.0
controlled_C2xC2_noise0_seed3,controlled,C2xC2,3,0.0,2,uniform_pooling,2,4,0.5,0.0,True,1.0
controlled_C2xC2_noise0_seed3,controlled,C2xC2,3,0.0,2,fourier_or_equivariant_pooling,2,4,0.5,0.0,True,1.0
controlled_C2xC2_noise0_seed3,controlled,C2xC2,3,0.0,2,validation_router,2,4,0.5,0.0,True,1.0
controlled_C2xC2_noise0_seed4,controlled,C2xC2,4,0.0,1,uniform_pooling,2,2,0.5,0.0,True,1.0
controlled_C2xC2_noise0_seed4,controlled,C2xC2,4,0.0,1,fourier_or_equivariant_pooling,2,2,0.5,0.0,True,1.0
controlled_C2xC2_noise0_seed4,controlled,C2xC2,4,0.0,1,validation_router,2,2,0.5,0.0,True,1.0
controlled_C2xC2_noise0_seed4,controlled,C2xC2,4,0.0,2,uniform_pooling,2,4,0.5,0.0,True,1.0
controlled_C2xC2_noise0_seed4,controlled,C2xC2,4,0.0,2,fourier_or_equivariant_pooling,2,4,0.5,0.0,True,1.0
controlled_C2xC2_noise0_seed4,controlled,C2xC2,4,0.0,2,validation_router,2,4,0.5,0.0,True,1.0
controlled_C2xC2_noise0_seed5,controlled,C2xC2,5,0.0,1,uniform_pooling,2,2,0.5,0.0,True,1.0
controlled_C2xC2_noise0_seed5,controlled,C2xC2,5,0.0,1,fourier_or_equivariant_pooling,2,2,0.5,0.0,True,1.0
controlled_C2xC2_noise0_seed5,controlled,C2xC2,5,0.0,1,validation_router,2,2,0.5,0.0,True,1.0
controlled_C2xC2_noise0_seed5,controlled,C2xC2,5,0.0,2,uniform_pooling,2,4,0.5,0.0,True,1.0
controlled_C2xC2_noise0_seed5,controlled,C2xC2,5,0.0,2,fourier_or_equivariant_pooling,2,4,0.5,0.0,True,1.0
controlled_C2xC2_noise0_seed5,controlled,C2xC2,5,0.0,2,validation_router,2,4,0.5,0.0,True,1.0
controlled_C2xC2_noise0_seed6,controlled,C2xC2,6,0.0,1,uniform_pooling,2,2,0.5,0.0,True,1.0
controlled_C2xC2_noise0_seed6,controlled,C2xC2,6,0.0,1,fourier_or_equivariant_pooling,2,2,0.5,0.0,True,1.0
controlled_C2xC2_noise0_seed6,controlled,C2xC2,6,0.0,1,validation_router,2,2,0.5,0.0,True,1.0
controlled_C2xC2_noise0_seed6,controlled,C2xC2,6,0.0,2,uniform_pooling,2,4,0.5,0.0,True,1.0
controlled_C2xC2_noise0_seed6,controlled,C2xC2,6,0.0,2,fourier_or_equivariant_pooling,2,4,0.5,0.0,True,1.0
controlled_C2xC2_noise0_seed6,controlled,C2xC2,6,0.0,2,validation_router,2,4,0.5,0.0,True,1.0
controlled_C2xC2_noise0_seed7,controlled,C2xC2,7,0.0,1,uniform_pooling,2,2,0.5,0.0,True,1.0
controlled_C2xC2_noise0_seed7,controlled,C2xC2,7,0.0,1,fourier_or_equivariant_pooling,2,2,0.5,0.0,True,1.0
controlled_C2xC2_noise0_seed7,controlled,C2xC2,7,0.0,1,validation_router,2,2,0.5,0.0,True,1.0
controlled_C2xC2_noise0_seed7,controlled,C2xC2,7,0.0,2,uniform_pooling,2,4,0.5,0.0,True,1.0
controlled_C2xC2_noise0_seed7,controlled,C2xC2,7,0.0,2,fourier_or_equivariant_pooling,2,4,0.5,0.0,True,1.0
controlled_C2xC2_noise0_seed7,controlled,C2xC2,7,0.0,2,validation_router,2,4,0.5,0.0,True,1.0
controlled_C2xC2_noise0_seed8,controlled,C2xC2,8,0.0,1,uniform_pooling,2,2,0.5,0.0,True,1.0
controlled_C2xC2_noise0_seed8,controlled,C2xC2,8,0.0,1,fourier_or_equivariant_pooling,2,2,0.5,0.0,True,1.0
controlled_C2xC2_noise0_seed8,controlled,C2xC2,8,0.0,1,validation_router,2,2,0.5,0.0,True,1.0
controlled_C2xC2_noise0_seed8,controlled,C2xC2,8,0.0,2,uniform_pooling,2,4,0.5,0.0,True,1.0
controlled_C2xC2_noise0_seed8,controlled,C2xC2,8,0.0,2,fourier_or_equivariant_pooling,2,4,0.5,0.0,True,1.0
controlled_C2xC2_noise0_seed8,controlled,C2xC2,8,0.0,2,validation_router,2,4,0.5,0.0,True,1.0
controlled_C2xC2_noise0_seed9,controlled,C2xC2,9,0.0,1,uniform_pooling,2,2,0.5,0.0,True,1.0
controlled_C2xC2_noise0_seed9,controlled,C2xC2,9,0.0,1,fourier_or_equivariant_pooling,2,2,0.5,0.0,True,1.0
controlled_C2xC2_noise0_seed9,controlled,C2xC2,9,0.0,1,validation_router,2,2,0.5,0.0,True,1.0
controlled_C2xC2_noise0_seed9,controlled,C2xC2,9,0.0,2,uniform_pooling,2,4,0.5,0.0,True,1.0
controlled_C2xC2_noise0_seed9,controlled,C2xC2,9,0.0,2,fourier_or_equivariant_pooling,2,4,0.5,0.0,True,1.0
controlled_C2xC2_noise0_seed9,controlled,C2xC2,9,0.0,2,validation_router,2,4,0.5,0.0,True,1.0
controlled_C2xC2_noise0_seed10,controlled,C2xC2,10,0.0,1,uniform_pooling,2,2,0.5,0.0,True,1.0
controlled_C2xC2_noise0_seed10,controlled,C2xC2,10,0.0,1,fourier_or_equivariant_pooling,2,2,0.5,0.0,True,1.0
controlled_C2xC2_noise0_seed10,controlled,C2xC2,10,0.0,1,validation_router,2,2,0.5,0.0,True,1.0
controlled_C2xC2_noise0_seed10,controlled,C2xC2,10,0.0,2,uniform_pooling,2,4,0.5,0.0,True,1.0
controlled_C2xC2_noise0_seed10,controlled,C2xC2,10,0.0,2,fourier_or_equivariant_pooling,2,4,0.5,0.0,True,1.0
controlled_C2xC2_noise0_seed10,controlled,C2xC2,10,0.0,2,validation_router,2,4,0.5,0.0,True,1.0
controlled_C2xC2_noise0_seed11,controlled,C2xC2,11,0.0,1,uniform_pooling,2,2,0.5,0.0,True,1.0
controlled_C2xC2_noise0_seed11,controlled,C2xC2,11,0.0,1,fourier_or_equivariant_pooling,2,2,0.5,0.0,True,1.0
controlled_C2xC2_noise0_seed11,controlled,C2xC2,11,0.0,1,validation_router,2,2,0.5,0.0,True,1.0
controlled_C2xC2_noise0_seed11,controlled,C2xC2,11,0.0,2,uniform_pooling,2,4,0.5,0.0,True,1.0
controlled_C2xC2_noise0_seed11,controlled,C2xC2,11,0.0,2,fourier_or_equivariant_pooling,2,4,0.5,0.0,True,1.0
controlled_C2xC2_noise0_seed11,controlled,C2xC2,11,0.0,2,validation_router,2,4,0.5,0.0,True,1.0
controlled_C2xC2_noise0_seed12,controlled,C2xC2,12,0.0,1,uniform_pooling,2,2,0.5,0.0,True,1.0
controlled_C2xC2_noise0_seed12,controlled,C2xC2,12,0.0,1,fourier_or_equivariant_pooling,2,2,0.5,0.0,True,1.0
controlled_C2xC2_noise0_seed12,controlled,C2xC2,12,0.0,1,validation_router,2,2,0.5,0.0,True,1.0
controlled_C2xC2_noise0_seed12,controlled,C2xC2,12,0.0,2,uniform_pooling,2,4,0.5,0.0,True,1.0
controlled_C2xC2_noise0_seed12,controlled,C2xC2,12,0.0,2,fourier_or_equivariant_pooling,2,4,0.5,0.0,True,1.0
controlled_C2xC2_noise0_seed12,controlled,C2xC2,12,0.0,2,validation_router,2,4,0.5,0.0,True,1.0
controlled_C2xC2_noise0_seed13,controlled,C2xC2,13,0.0,1,uniform_pooling,2,2,0.5,0.0,True,1.0
controlled_C2xC2_noise0_seed13,controlled,C2xC2,13,0.0,1,fourier_or_equivariant_pooling,2,2,0.5,0.0,True,1.0
controlled_C2xC2_noise0_seed13,controlled,C2xC2,13,0.0,1,validation_router,2,2,0.5,0.0,True,1.0
controlled_C2xC2_noise0_seed13,controlled,C2xC2,13,0.0,2,uniform_pooling,2,4,0.5,0.0,True,1.0
controlled_C2xC2_noise0_seed13,controlled,C2xC2,13,0.0,2,fourier_or_equivariant_pooling,2,4,0.5,0.0,True,1.0
controlled_C2xC2_noise0_seed13,controlled,C2xC2,13,0.0,2,validation_router,2,4,0.5,0.0,True,1.0
controlled_C2xC2_noise0_seed14,controlled,C2xC2,14,0.0,1,uniform_pooling,2,2,0.5,0.0,True,1.0
controlled_C2xC2_noise0_seed14,controlled,C2xC2,14,0.0,1,fourier_or_equivariant_pooling,2,2,0.5,0.0,True,1.0
controlled_C2xC2_noise0_seed14,controlled,C2xC2,14,0.0,1,validation_router,2,2,0.5,0.0,True,1.0
controlled_C2xC2_noise0_seed14,controlled,C2xC2,14,0.0,2,uniform_pooling,2,4,0.5,0.0,True,1.0
controlled_C2xC2_noise0_seed14,controlled,C2xC2,14,0.0,2,fourier_or_equivariant_pooling,2,4,0.5,0.0,True,1.0
controlled_C2xC2_noise0_seed14,controlled,C2xC2,14,0.0,2,validation_router,2,4,0.5,0.0,True,1.0
controlled_C2xC2_noise0_seed15,controlled,C2xC2,15,0.0,1,uniform_pooling,2,2,0.5,0.0,True,1.0
controlled_C2xC2_noise0_seed15,controlled,C2xC2,15,0.0,1,fourier_or_equivariant_pooling,2,2,0.5,0.0,True,1.0
controlled_C2xC2_noise0_seed15,controlled,C2xC2,15,0.0,1,validation_router,2,2,0.5,0.0,True,1.0
controlled_C2xC2_noise0_seed15,controlled,C2xC2,15,0.0,2,uniform_pooling,2,4,0.5,0.0,True,1.0
controlled_C2xC2_noise0_seed15,controlled,C2xC2,15,0.0,2,fourier_or_equivariant_pooling,2,4,0.5,0.0,True,1.0
controlled_C2xC2_noise0_seed15,controlled,C2xC2,15,0.0,2,validation_router,2,4,0.5,0.0,True,1.0
controlled_C2xC2_noise0_seed16,controlled,C2xC2,16,0.0,1,uniform_pooling,2,2,0.5,0.0,True,1.0
controlled_C2xC2_noise0_seed16,controlled,C2xC2,16,0.0,1,fourier_or_equivariant_pooling,2,2,0.5,0.0,True,1.0
controlled_C2xC2_noise0_seed16,controlled,C2xC2,16,0.0,1,validation_router,2,2,0.5,0.0,True,1.0
controlled_C2xC2_noise0_seed16,controlled,C2xC2,16,0.0,2,uniform_pooling,2,4,0.5,0.0,True,1.0
controlled_C2xC2_noise0_seed16,controlled,C2xC2,16,0.0,2,fourier_or_equivariant_pooling,2,4,0.5,0.0,True,1.0
controlled_C2xC2_noise0_seed16,controlled,C2xC2,16,0.0,2,validation_router,2,4,0.5,0.0,True,1.0
controlled_C2xC2_noise0_seed17,controlled,C2xC2,17,0.0,1,uniform_pooling,2,2,0.5,0.0,True,1.0
controlled_C2xC2_noise0_seed17,controlled,C2xC2,17,0.0,1,fourier_or_equivariant_pooling,2,2,0.5,0.0,True,1.0
controlled_C2xC2_noise0_seed17,controlled,C2xC2,17,0.0,1,validation_router,2,2,0.5,0.0,True,1.0
controlled_C2xC2_noise0_seed17,controlled,C2xC2,17,0.0,2,uniform_pooling,2,4,0.5,0.0,True,1.0
controlled_C2xC2_noise0_seed17,controlled,C2xC2,17,0.0,2,fourier_or_equivariant_pooling,2,4,0.5,0.0,True,1.0
controlled_C2xC2_noise0_seed17,controlled,C2xC2,17,0.0,2,validation_router,2,4,0.5,0.0,True,1.0
controlled_C2xC2_noise0_seed18,controlled,C2xC2,18,0.0,1,uniform_pooling,2,2,0.5,0.0,True,1.0
controlled_C2xC2_noise0_seed18,controlled,C2xC2,18,0.0,1,fourier_or_equivariant_pooling,2,2,0.5,0.0,True,1.0
controlled_C2xC2_noise0_seed18,controlled,C2xC2,18,0.0,1,validation_router,2,2,0.5,0.0,True,1.0
controlled_C2xC2_noise0_seed18,controlled,C2xC2,18,0.0,2,uniform_pooling,2,4,0.5,0.0,True,1.0
controlled_C2xC2_noise0_seed18,controlled,C2xC2,18,0.0,2,fourier_or_equivariant_pooling,2,4,0.5,0.0,True,1.0
controlled_C2xC2_noise0_seed18,controlled,C2xC2,18,0.0,2,validation_router,2,4,0.5,0.0,True,1.0
controlled_C2xC2_noise0_seed19,controlled,C2xC2,19,0.0,1,uniform_pooling,2,2,0.5,0.0,True,1.0
controlled_C2xC2_noise0_seed19,controlled,C2xC2,19,0.0,1,fourier_or_equivariant_pooling,2,2,0.5,0.0,True,1.0
controlled_C2xC2_noise0_seed19,controlled,C2xC2,19,0.0,1,validation_router,2,2,0.5,0.0,True,1.0
controlled_C2xC2_noise0_seed19,controlled,C2xC2,19,0.0,2,uniform_pooling,2,4,0.5,0.0,True,1.0
controlled_C2xC2_noise0_seed19,controlled,C2xC2,19,0.0,2,fourier_or_equivariant_pooling,2,4,0.5,0.0,True,1.0
controlled_C2xC2_noise0_seed19,controlled,C2xC2,19,0.0,2,validation_router,2,4,0.5,0.0,True,1.0
controlled_C2xC2_noise0_seed20,controlled,C2xC2,20,0.0,1,uniform_pooling,2,2,0.5,0.0,True,1.0
controlled_C2xC2_noise0_seed20,controlled,C2xC2,20,0.0,1,fourier_or_equivariant_pooling,2,2,0.5,0.0,True,1.0
controlled_C2xC2_noise0_seed20,controlled,C2xC2,20,0.0,1,validation_router,2,2,0.5,0.0,True,1.0
controlled_C2xC2_noise0_seed20,controlled,C2xC2,20,0.0,2,uniform_pooling,2,4,0.5,0.0,True,1.0
controlled_C2xC2_noise0_seed20,controlled,C2xC2,20,0.0,2,fourier_or_equivariant_pooling,2,4,0.5,0.0,True,1.0
controlled_C2xC2_noise0_seed20,controlled,C2xC2,20,0.0,2,validation_router,2,4,0.5,0.0,True,1.0
controlled_C2xC2_noise0_seed21,controlled,C2xC2,21,0.0,1,uniform_pooling,2,2,0.5,0.0,True,1.0
controlled_C2xC2_noise0_seed21,controlled,C2xC2,21,0.0,1,fourier_or_equivariant_pooling,2,2,0.5,0.0,True,1.0
controlled_C2xC2_noise0_seed21,controlled,C2xC2,21,0.0,1,validation_router,2,2,0.5,0.0,True,1.0
controlled_C2xC2_noise0_seed21,controlled,C2xC2,21,0.0,2,uniform_pooling,2,4,0.5,0.0,True,1.0
controlled_C2xC2_noise0_seed21,controlled,C2xC2,21,0.0,2,fourier_or_equivariant_pooling,2,4,0.5,0.0,True,1.0
controlled_C2xC2_noise0_seed21,controlled,C2xC2,21,0.0,2,validation_router,2,4,0.5,0.0,True,1.0
controlled_C2xC2_noise0_seed22,controlled,C2xC2,22,0.0,1,uniform_pooling,2,2,0.5,0.0,True,1.0
controlled_C2xC2_noise0_seed22,controlled,C2xC2,22,0.0,1,fourier_or_equivariant_pooling,2,2,0.5,0.0,True,1.0
controlled_C2xC2_noise0_seed22,controlled,C2xC2,22,0.0,1,validation_router,2,2,0.5,0.0,True,1.0
controlled_C2xC2_noise0_seed22,controlled,C2xC2,22,0.0,2,uniform_pooling,2,4,0.5,0.0,True,1.0
controlled_C2xC2_noise0_seed22,controlled,C2xC2,22,0.0,2,fourier_or_equivariant_pooling,2,4,0.5,0.0,True,1.0
controlled_C2xC2_noise0_seed22,controlled,C2xC2,22,0.0,2,validation_router,2,4,0.5,0.0,True,1.0
controlled_C2xC2_noise0_seed23,controlled,C2xC2,23,0.0,1,uniform_pooling,2,2,0.5,0.0,True,1.0
controlled_C2xC2_noise0_seed23,controlled,C2xC2,23,0.0,1,fourier_or_equivariant_pooling,2,2,0.5,0.0,True,1.0
controlled_C2xC2_noise0_seed23,controlled,C2xC2,23,0.0,1,validation_router,2,2,0.5,0.0,True,1.0
controlled_C2xC2_noise0_seed23,controlled,C2xC2,23,0.0,2,uniform_pooling,2,4,0.5,0.0,True,1.0
controlled_C2xC2_noise0_seed23,controlled,C2xC2,23,0.0,2,fourier_or_equivariant_pooling,2,4,0.5,0.0,True,1.0
controlled_C2xC2_noise0_seed23,controlled,C2xC2,23,0.0,2,validation_router,2,4,0.5,0.0,True,1.0
controlled_C2xC2_noise0_seed24,controlled,C2xC2,24,0.0,1,uniform_pooling,2,2,0.5,0.0,True,1.0
controlled_C2xC2_noise0_seed24,controlled,C2xC2,24,0.0,1,fourier_or_equivariant_pooling,2,2,0.5,0.0,True,1.0
controlled_C2xC2_noise0_seed24,controlled,C2xC2,24,0.0,1,validation_router,2,2,0.5,0.0,True,1.0
controlled_C2xC2_noise0_seed24,controlled,C2xC2,24,0.0,2,uniform_pooling,2,4,0.5,0.0,True,1.0
controlled_C2xC2_noise0_seed24,controlled,C2xC2,24,0.0,2,fourier_or_equivariant_pooling,2,4,0.5,0.0,True,1.0
controlled_C2xC2_noise0_seed24,controlled,C2xC2,24,0.0,2,validation_router,2,4,0.5,0.0,True,1.0
controlled_C2xC2_noise0_seed25,controlled,C2xC2,25,0.0,1,uniform_pooling,2,2,0.5,0.0,True,1.0
controlled_C2xC2_noise0_seed25,controlled,C2xC2,25,0.0,1,fourier_or_equivariant_pooling,2,2,0.5,0.0,True,1.0
controlled_C2xC2_noise0_seed25,controlled,C2xC2,25,0.0,1,validation_router,2,2,0.5,0.0,True,1.0
controlled_C2xC2_noise0_seed25,controlled,C2xC2,25,0.0,2,uniform_pooling,2,4,0.5,0.0,True,1.0
controlled_C2xC2_noise0_seed25,controlled,C2xC2,25,0.0,2,fourier_or_equivariant_pooling,2,4,0.5,0.0,True,1.0
controlled_C2xC2_noise0_seed25,controlled,C2xC2,25,0.0,2,validation_router,2,4,0.5,0.0,True,1.0
controlled_C2xC2_noise0_seed26,controlled,C2xC2,26,0.0,1,uniform_pooling,2,2,0.5,0.0,True,1.0
controlled_C2xC2_noise0_seed26,controlled,C2xC2,26,0.0,1,fourier_or_equivariant_pooling,2,2,0.5,0.0,True,1.0
controlled_C2xC2_noise0_seed26,controlled,C2xC2,26,0.0,1,validation_router,2,2,0.5,0.0,True,1.0
controlled_C2xC2_noise0_seed26,controlled,C2xC2,26,0.0,2,uniform_pooling,2,4,0.5,0.0,True,1.0
controlled_C2xC2_noise0_seed26,controlled,C2xC2,26,0.0,2,fourier_or_equivariant_pooling,2,4,0.5,0.0,True,1.0
controlled_C2xC2_noise0_seed26,controlled,C2xC2,26,0.0,2,validation_router,2,4,0.5,0.0,True,1.0
controlled_C2xC2_noise0_seed27,controlled,C2xC2,27,0.0,1,uniform_pooling,2,2,0.5,0.0,True,1.0
controlled_C2xC2_noise0_seed27,controlled,C2xC2,27,0.0,1,fourier_or_equivariant_pooling,2,2,0.5,0.0,True,1.0
controlled_C2xC2_noise0_seed27,controlled,C2xC2,27,0.0,1,validation_router,2,2,0.5,0.0,True,1.0
controlled_C2xC2_noise0_seed27,controlled,C2xC2,27,0.0,2,uniform_pooling,2,4,0.5,0.0,True,1.0
controlled_C2xC2_noise0_seed27,controlled,C2xC2,27,0.0,2,fourier_or_equivariant_pooling,2,4,0.5,0.0,True,1.0
controlled_C2xC2_noise0_seed27,controlled,C2xC2,27,0.0,2,validation_router,2,4,0.5,0.0,True,1.0
controlled_C2xC2_noise0_seed28,controlled,C2xC2,28,0.0,1,uniform_pooling,2,2,0.5,0.0,True,1.0
controlled_C2xC2_noise0_seed28,controlled,C2xC2,28,0.0,1,fourier_or_equivariant_pooling,2,2,0.5,0.0,True,1.0
controlled_C2xC2_noise0_seed28,controlled,C2xC2,28,0.0,1,validation_router,2,2,0.5,0.0,True,1.0
controlled_C2xC2_noise0_seed28,controlled,C2xC2,28,0.0,2,uniform_pooling,2,4,0.5,0.0,True,1.0
controlled_C2xC2_noise0_seed28,controlled,C2xC2,28,0.0,2,fourier_or_equivariant_pooling,2,4,0.5,0.0,True,1.0
controlled_C2xC2_noise0_seed28,controlled,C2xC2,28,0.0,2,validation_router,2,4,0.5,0.0,True,1.0
controlled_C2xC2_noise0_seed29,controlled,C2xC2,29,0.0,1,uniform_pooling,2,2,0.5,0.0,True,1.0
controlled_C2xC2_noise0_seed29,controlled,C2xC2,29,0.0,1,fourier_or_equivariant_pooling,2,2,0.5,0.0,True,1.0
controlled_C2xC2_noise0_seed29,controlled,C2xC2,29,0.0,1,validation_router,2,2,0.5,0.0,True,1.0
controlled_C2xC2_noise0_seed29,controlled,C2xC2,29,0.0,2,uniform_pooling,2,4,0.5,0.0,True,1.0
controlled_C2xC2_noise0_seed29,controlled,C2xC2,29,0.0,2,fourier_or_equivariant_pooling,2,4,0.5,0.0,True,1.0
controlled_C2xC2_noise0_seed29,controlled,C2xC2,29,0.0,2,validation_router,2,4,0.5,0.0,True,1.0
controlled_C2xC2_noise0.25_seed0,controlled,C2xC2,0,0.25,1,uniform_pooling,2,2,0.5,0.0,True,1.0
controlled_C2xC2_noise0.25_seed0,controlled,C2xC2,0,0.25,1,fourier_or_equivariant_pooling,2,2,0.5,0.0,True,1.0
controlled_C2xC2_noise0.25_seed0,controlled,C2xC2,0,0.25,1,validation_router,2,2,0.5,0.0,True,1.0
controlled_C2xC2_noise0.25_seed0,controlled,C2xC2,0,0.25,2,uniform_pooling,2,4,0.5,0.0,True,1.0
controlled_C2xC2_noise0.25_seed0,controlled,C2xC2,0,0.25,2,fourier_or_equivariant_pooling,2,4,0.5,0.0,True,1.0
controlled_C2xC2_noise0.25_seed0,controlled,C2xC2,0,0.25,2,validation_router,2,4,0.5,0.0,True,1.0
controlled_C2xC2_noise0.25_seed1,controlled,C2xC2,1,0.25,1,uniform_pooling,2,2,0.5,0.0,True,1.0
controlled_C2xC2_noise0.25_seed1,controlled,C2xC2,1,0.25,1,fourier_or_equivariant_pooling,2,2,0.5,0.0,True,1.0
controlled_C2xC2_noise0.25_seed1,controlled,C2xC2,1,0.25,1,validation_router,2,2,0.5,0.0,True,1.0
controlled_C2xC2_noise0.25_seed1,controlled,C2xC2,1,0.25,2,uniform_pooling,2,4,0.5,0.0,True,1.0
controlled_C2xC2_noise0.25_seed1,controlled,C2xC2,1,0.25,2,fourier_or_equivariant_pooling,2,4,0.5,0.0,True,1.0
controlled_C2xC2_noise0.25_seed1,controlled,C2xC2,1,0.25,2,validation_router,2,4,0.5,0.0,True,1.0
controlled_C2xC2_noise0.25_seed2,controlled,C2xC2,2,0.25,1,uniform_pooling,2,2,0.5,0.0,True,1.0
controlled_C2xC2_noise0.25_seed2,controlled,C2xC2,2,0.25,1,fourier_or_equivariant_pooling,2,2,0.5,0.0,True,1.0
controlled_C2xC2_noise0.25_seed2,controlled,C2xC2,2,0.25,1,validation_router,2,2,0.5,0.0,True,1.0
controlled_C2xC2_noise0.25_seed2,controlled,C2xC2,2,0.25,2,uniform_pooling,2,4,0.5,0.0,True,1.0
controlled_C2xC2_noise0.25_seed2,controlled,C2xC2,2,0.25,2,fourier_or_equivariant_pooling,2,4,0.5,0.0,True,1.0
controlled_C2xC2_noise0.25_seed2,controlled,C2xC2,2,0.25,2,validation_router,2,4,0.5,0.0,True,1.0
controlled_C2xC2_noise0.25_seed3,controlled,C2xC2,3,0.25,1,uniform_pooling,2,2,0.5,0.0,True,1.0
controlled_C2xC2_noise0.25_seed3,controlled,C2xC2,3,0.25,1,fourier_or_equivariant_pooling,2,2,0.5,0.0,True,1.0
controlled_C2xC2_noise0.25_seed3,controlled,C2xC2,3,0.25,1,validation_router,2,2,0.5,0.0,True,1.0
controlled_C2xC2_noise0.25_seed3,controlled,C2xC2,3,0.25,2,uniform_pooling,2,4,0.5,0.0,True,1.0
controlled_C2xC2_noise0.25_seed3,controlled,C2xC2,3,0.25,2,fourier_or_equivariant_pooling,2,4,0.5,0.0,True,1.0
controlled_C2xC2_noise0.25_seed3,controlled,C2xC2,3,0.25,2,validation_router,2,4,0.5,0.0,True,1.0
controlled_C2xC2_noise0.25_seed4,controlled,C2xC2,4,0.25,1,uniform_pooling,2,2,0.5,0.0,True,1.0
controlled_C2xC2_noise0.25_seed4,controlled,C2xC2,4,0.25,1,fourier_or_equivariant_pooling,2,2,0.5,0.0,True,1.0
controlled_C2xC2_noise0.25_seed4,controlled,C2xC2,4,0.25,1,validation_router,2,2,0.5,0.0,True,1.0
controlled_C2xC2_noise0.25_seed4,controlled,C2xC2,4,0.25,2,uniform_pooling,2,4,0.5,0.0,True,1.0
controlled_C2xC2_noise0.25_seed4,controlled,C2xC2,4,0.25,2,fourier_or_equivariant_pooling,2,4,0.5,0.0,True,1.0
controlled_C2xC2_noise0.25_seed4,controlled,C2xC2,4,0.25,2,validation_router,2,4,0.5,0.0,True,1.0
controlled_C2xC2_noise0.25_seed5,controlled,C2xC2,5,0.25,1,uniform_pooling,2,2,0.5,0.0,True,1.0
controlled_C2xC2_noise0.25_seed5,controlled,C2xC2,5,0.25,1,fourier_or_equivariant_pooling,2,2,0.5,0.0,True,1.0
controlled_C2xC2_noise0.25_seed5,controlled,C2xC2,5,0.25,1,validation_router,2,2,0.5,0.0,True,1.0
controlled_C2xC2_noise0.25_seed5,controlled,C2xC2,5,0.25,2,uniform_pooling,2,4,0.5,0.0,True,1.0
controlled_C2xC2_noise0.25_seed5,controlled,C2xC2,5,0.25,2,fourier_or_equivariant_pooling,2,4,0.5,0.0,True,1.0
controlled_C2xC2_noise0.25_seed5,controlled,C2xC2,5,0.25,2,validation_router,2,4,0.5,0.0,True,1.0
controlled_C2xC2_noise0.25_seed6,controlled,C2xC2,6,0.25,1,uniform_pooling,2,2,0.5,0.0,True,1.0
controlled_C2xC2_noise0.25_seed6,controlled,C2xC2,6,0.25,1,fourier_or_equivariant_pooling,2,2,0.5,0.0,True,1.0
controlled_C2xC2_noise0.25_seed6,controlled,C2xC2,6,0.25,1,validation_router,2,2,0.5,0.0,True,1.0
controlled_C2xC2_noise0.25_seed6,controlled,C2xC2,6,0.25,2,uniform_pooling,2,4,0.5,0.0,True,1.0
controlled_C2xC2_noise0.25_seed6,controlled,C2xC2,6,0.25,2,fourier_or_equivariant_pooling,2,4,0.5,0.0,True,1.0
controlled_C2xC2_noise0.25_seed6,controlled,C2xC2,6,0.25,2,validation_router,2,4,0.5,0.0,True,1.0
controlled_C2xC2_noise0.25_seed7,controlled,C2xC2,7,0.25,1,uniform_pooling,2,2,0.5,0.0,True,1.0
controlled_C2xC2_noise0.25_seed7,controlled,C2xC2,7,0.25,1,fourier_or_equivariant_pooling,2,2,0.5,0.0,True,1.0
controlled_C2xC2_noise0.25_seed7,controlled,C2xC2,7,0.25,1,validation_router,2,2,0.5,0.0,True,1.0
controlled_C2xC2_noise0.25_seed7,controlled,C2xC2,7,0.25,2,uniform_pooling,2,4,0.5,0.0,True,1.0
controlled_C2xC2_noise0.25_seed7,controlled,C2xC2,7,0.25,2,fourier_or_equivariant_pooling,2,4,0.5,0.0,True,1.0
controlled_C2xC2_noise0.25_seed7,controlled,C2xC2,7,0.25,2,validation_router,2,4,0.5,0.0,True,1.0
controlled_C2xC2_noise0.25_seed8,controlled,C2xC2,8,0.25,1,uniform_pooling,2,2,0.5,0.0,True,1.0
controlled_C2xC2_noise0.25_seed8,controlled,C2xC2,8,0.25,1,fourier_or_equivariant_pooling,2,2,0.5,0.0,True,1.0
controlled_C2xC2_noise0.25_seed8,controlled,C2xC2,8,0.25,1,validation_router,2,2,0.5,0.0,True,1.0
controlled_C2xC2_noise0.25_seed8,controlled,C2xC2,8,0.25,2,uniform_pooling,2,4,0.5,0.0,True,1.0
controlled_C2xC2_noise0.25_seed8,controlled,C2xC2,8,0.25,2,fourier_or_equivariant_pooling,2,4,0.5,0.0,True,1.0
controlled_C2xC2_noise0.25_seed8,controlled,C2xC2,8,0.25,2,validation_router,2,4,0.5,0.0,True,1.0
controlled_C2xC2_noise0.25_seed9,controlled,C2xC2,9,0.25,1,uniform_pooling,2,2,0.5,0.0,True,1.0
controlled_C2xC2_noise0.25_seed9,controlled,C2xC2,9,0.25,1,fourier_or_equivariant_pooling,2,2,0.5,0.0,True,1.0
controlled_C2xC2_noise0.25_seed9,controlled,C2xC2,9,0.25,1,validation_router,2,2,0.5,0.0,True,1.0
controlled_C2xC2_noise0.25_seed9,controlled,C2xC2,9,0.25,2,uniform_pooling,2,4,0.5,0.0,True,1.0
controlled_C2xC2_noise0.25_seed9,controlled,C2xC2,9,0.25,2,fourier_or_equivariant_pooling,2,4,0.5,0.0,True,1.0
controlled_C2xC2_noise0.25_seed9,controlled,C2xC2,9,0.25,2,validation_router,2,4,0.5,0.0,True,1.0
controlled_C2xC2_noise0.25_seed10,controlled,C2xC2,10,0.25,1,uniform_pooling,2,2,0.5,0.0,True,1.0
controlled_C2xC2_noise0.25_seed10,controlled,C2xC2,10,0.25,1,fourier_or_equivariant_pooling,2,2,0.5,0.0,True,1.0
controlled_C2xC2_noise0.25_seed10,controlled,C2xC2,10,0.25,1,validation_router,2,2,0.5,0.0,True,1.0
controlled_C2xC2_noise0.25_seed10,controlled,C2xC2,10,0.25,2,uniform_pooling,2,4,0.5,0.0,True,1.0
controlled_C2xC2_noise0.25_seed10,controlled,C2xC2,10,0.25,2,fourier_or_equivariant_pooling,2,4,0.5,0.0,True,1.0
controlled_C2xC2_noise0.25_seed10,controlled,C2xC2,10,0.25,2,validation_router,2,4,0.5,0.0,True,1.0
controlled_C2xC2_noise0.25_seed11,controlled,C2xC2,11,0.25,1,uniform_pooling,2,2,0.5,0.0,True,1.0
controlled_C2xC2_noise0.25_seed11,controlled,C2xC2,11,0.25,1,fourier_or_equivariant_pooling,2,2,0.5,0.0,True,1.0
controlled_C2xC2_noise0.25_seed11,controlled,C2xC2,11,0.25,1,validation_router,2,2,0.5,0.0,True,1.0
controlled_C2xC2_noise0.25_seed11,controlled,C2xC2,11,0.25,2,uniform_pooling,2,4,0.5,0.0,True,1.0
controlled_C2xC2_noise0.25_seed11,controlled,C2xC2,11,0.25,2,fourier_or_equivariant_pooling,2,4,0.5,0.0,True,1.0
controlled_C2xC2_noise0.25_seed11,controlled,C2xC2,11,0.25,2,validation_router,2,4,0.5,0.0,True,1.0
controlled_C2xC2_noise0.25_seed12,controlled,C2xC2,12,0.25,1,uniform_pooling,2,2,0.5,0.0,True,1.0
controlled_C2xC2_noise0.25_seed12,controlled,C2xC2,12,0.25,1,fourier_or_equivariant_pooling,2,2,0.5,0.0,True,1.0
controlled_C2xC2_noise0.25_seed12,controlled,C2xC2,12,0.25,1,validation_router,2,2,0.5,0.0,True,1.0
controlled_C2xC2_noise0.25_seed12,controlled,C2xC2,12,0.25,2,uniform_pooling,2,4,0.5,0.0,True,1.0
controlled_C2xC2_noise0.25_seed12,controlled,C2xC2,12,0.25,2,fourier_or_equivariant_pooling,2,4,0.5,0.0,True,1.0
controlled_C2xC2_noise0.25_seed12,controlled,C2xC2,12,0.25,2,validation_router,2,4,0.5,0.0,True,1.0
controlled_C2xC2_noise0.25_seed13,controlled,C2xC2,13,0.25,1,uniform_pooling,2,2,0.5,0.0,True,1.0
controlled_C2xC2_noise0.25_seed13,controlled,C2xC2,13,0.25,1,fourier_or_equivariant_pooling,2,2,0.5,0.0,True,1.0
controlled_C2xC2_noise0.25_seed13,controlled,C2xC2,13,0.25,1,validation_router,2,2,0.5,0.0,True,1.0
controlled_C2xC2_noise0.25_seed13,controlled,C2xC2,13,0.25,2,uniform_pooling,2,4,0.5,0.0,True,1.0
controlled_C2xC2_noise0.25_seed13,controlled,C2xC2,13,0.25,2,fourier_or_equivariant_pooling,2,4,0.5,0.0,True,1.0
controlled_C2xC2_noise0.25_seed13,controlled,C2xC2,13,0.25,2,validation_router,2,4,0.5,0.0,True,1.0
controlled_C2xC2_noise0.25_seed14,controlled,C2xC2,14,0.25,1,uniform_pooling,2,2,0.5,0.0,True,1.0
controlled_C2xC2_noise0.25_seed14,controlled,C2xC2,14,0.25,1,fourier_or_equivariant_pooling,2,2,0.5,0.0,True,1.0
controlled_C2xC2_noise0.25_seed14,controlled,C2xC2,14,0.25,1,validation_router,2,2,0.5,0.0,True,1.0
controlled_C2xC2_noise0.25_seed14,controlled,C2xC2,14,0.25,2,uniform_pooling,2,4,0.5,0.0,True,1.0
controlled_C2xC2_noise0.25_seed14,controlled,C2xC2,14,0.25,2,fourier_or_equivariant_pooling,2,4,0.5,0.0,True,1.0
controlled_C2xC2_noise0.25_seed14,controlled,C2xC2,14,0.25,2,validation_router,2,4,0.5,0.0,True,1.0
controlled_C2xC2_noise0.25_seed15,controlled,C2xC2,15,0.25,1,uniform_pooling,2,2,0.5,0.0,True,1.0
controlled_C2xC2_noise0.25_seed15,controlled,C2xC2,15,0.25,1,fourier_or_equivariant_pooling,2,2,0.5,0.0,True,1.0
controlled_C2xC2_noise0.25_seed15,controlled,C2xC2,15,0.25,1,validation_router,2,2,0.5,0.0,True,1.0
controlled_C2xC2_noise0.25_seed15,controlled,C2xC2,15,0.25,2,uniform_pooling,2,4,0.5,0.0,True,1.0
controlled_C2xC2_noise0.25_seed15,controlled,C2xC2,15,0.25,2,fourier_or_equivariant_pooling,2,4,0.5,0.0,True,1.0
controlled_C2xC2_noise0.25_seed15,controlled,C2xC2,15,0.25,2,validation_router,2,4,0.5,0.0,True,1.0
controlled_C2xC2_noise0.25_seed16,controlled,C2xC2,16,0.25,1,uniform_pooling,2,2,0.5,0.0,True,1.0
controlled_C2xC2_noise0.25_seed16,controlled,C2xC2,16,0.25,1,fourier_or_equivariant_pooling,2,2,0.5,0.0,True,1.0
controlled_C2xC2_noise0.25_seed16,controlled,C2xC2,16,0.25,1,validation_router,2,2,0.5,0.0,True,1.0
controlled_C2xC2_noise0.25_seed16,controlled,C2xC2,16,0.25,2,uniform_pooling,2,4,0.5,0.0,True,1.0
controlled_C2xC2_noise0.25_seed16,controlled,C2xC2,16,0.25,2,fourier_or_equivariant_pooling,2,4,0.5,0.0,True,1.0
controlled_C2xC2_noise0.25_seed16,controlled,C2xC2,16,0.25,2,validation_router,2,4,0.5,0.0,True,1.0
controlled_C2xC2_noise0.25_seed17,controlled,C2xC2,17,0.25,1,uniform_pooling,2,2,0.5,0.0,True,1.0
controlled_C2xC2_noise0.25_seed17,controlled,C2xC2,17,0.25,1,fourier_or_equivariant_pooling,2,2,0.5,0.0,True,1.0
controlled_C2xC2_noise0.25_seed17,controlled,C2xC2,17,0.25,1,validation_router,2,2,0.5,0.0,True,1.0
controlled_C2xC2_noise0.25_seed17,controlled,C2xC2,17,0.25,2,uniform_pooling,2,4,0.5,0.0,True,1.0
controlled_C2xC2_noise0.25_seed17,controlled,C2xC2,17,0.25,2,fourier_or_equivariant_pooling,2,4,0.5,0.0,True,1.0
controlled_C2xC2_noise0.25_seed17,controlled,C2xC2,17,0.25,2,validation_router,2,4,0.5,0.0,True,1.0
controlled_C2xC2_noise0.25_seed18,controlled,C2xC2,18,0.25,1,uniform_pooling,2,2,0.5,0.0,True,1.0
controlled_C2xC2_noise0.25_seed18,controlled,C2xC2,18,0.25,1,fourier_or_equivariant_pooling,2,2,0.5,0.0,True,1.0
controlled_C2xC2_noise0.25_seed18,controlled,C2xC2,18,0.25,1,validation_router,2,2,0.5,0.0,True,1.0
controlled_C2xC2_noise0.25_seed18,controlled,C2xC2,18,0.25,2,uniform_pooling,2,4,0.5,0.0,True,1.0
controlled_C2xC2_noise0.25_seed18,controlled,C2xC2,18,0.25,2,fourier_or_equivariant_pooling,2,4,0.5,0.0,True,1.0
controlled_C2xC2_noise0.25_seed18,controlled,C2xC2,18,0.25,2,validation_router,2,4,0.5,0.0,True,1.0
controlled_C2xC2_noise0.25_seed19,controlled,C2xC2,19,0.25,1,uniform_pooling,2,2,0.5,0.0,True,1.0
controlled_C2xC2_noise0.25_seed19,controlled,C2xC2,19,0.25,1,fourier_or_equivariant_pooling,2,2,0.5,0.0,True,1.0
controlled_C2xC2_noise0.25_seed19,controlled,C2xC2,19,0.25,1,validation_router,2,2,0.5,0.0,True,1.0
controlled_C2xC2_noise0.25_seed19,controlled,C2xC2,19,0.25,2,uniform_pooling,2,4,0.5,0.0,True,1.0
controlled_C2xC2_noise0.25_seed19,controlled,C2xC2,19,0.25,2,fourier_or_equivariant_pooling,2,4,0.5,0.0,True,1.0
controlled_C2xC2_noise0.25_seed19,controlled,C2xC2,19,0.25,2,validation_router,2,4,0.5,0.0,True,1.0
controlled_C2xC2_noise0.25_seed20,controlled,C2xC2,20,0.25,1,uniform_pooling,2,2,0.5,0.0,True,1.0
controlled_C2xC2_noise0.25_seed20,controlled,C2xC2,20,0.25,1,fourier_or_equivariant_pooling,2,2,0.5,0.0,True,1.0
controlled_C2xC2_noise0.25_seed20,controlled,C2xC2,20,0.25,1,validation_router,2,2,0.5,0.0,True,1.0
controlled_C2xC2_noise0.25_seed20,controlled,C2xC2,20,0.25,2,uniform_pooling,2,4,0.5,0.0,True,1.0
controlled_C2xC2_noise0.25_seed20,controlled,C2xC2,20,0.25,2,fourier_or_equivariant_pooling,2,4,0.5,0.0,True,1.0
controlled_C2xC2_noise0.25_seed20,controlled,C2xC2,20,0.25,2,validation_router,2,4,0.5,0.0,True,1.0
controlled_C2xC2_noise0.25_seed21,controlled,C2xC2,21,0.25,1,uniform_pooling,2,2,0.5,0.0,True,1.0
controlled_C2xC2_noise0.25_seed21,controlled,C2xC2,21,0.25,1,fourier_or_equivariant_pooling,2,2,0.5,0.0,True,1.0
controlled_C2xC2_noise0.25_seed21,controlled,C2xC2,21,0.25,1,validation_router,2,2,0.5,0.0,True,1.0
controlled_C2xC2_noise0.25_seed21,controlled,C2xC2,21,0.25,2,uniform_pooling,2,4,0.5,0.0,True,1.0
controlled_C2xC2_noise0.25_seed21,controlled,C2xC2,21,0.25,2,fourier_or_equivariant_pooling,2,4,0.5,0.0,True,1.0
controlled_C2xC2_noise0.25_seed21,controlled,C2xC2,21,0.25,2,validation_router,2,4,0.5,0.0,True,1.0
controlled_C2xC2_noise0.25_seed22,controlled,C2xC2,22,0.25,1,uniform_pooling,2,2,0.5,0.0,True,1.0
controlled_C2xC2_noise0.25_seed22,controlled,C2xC2,22,0.25,1,fourier_or_equivariant_pooling,2,2,0.5,0.0,True,1.0
controlled_C2xC2_noise0.25_seed22,controlled,C2xC2,22,0.25,1,validation_router,2,2,0.5,0.0,True,1.0
controlled_C2xC2_noise0.25_seed22,controlled,C2xC2,22,0.25,2,uniform_pooling,2,4,0.5,0.0,True,1.0
controlled_C2xC2_noise0.25_seed22,controlled,C2xC2,22,0.25,2,fourier_or_equivariant_pooling,2,4,0.5,0.0,True,1.0
controlled_C2xC2_noise0.25_seed22,controlled,C2xC2,22,0.25,2,validation_router,2,4,0.5,0.0,True,1.0
controlled_C2xC2_noise0.25_seed23,controlled,C2xC2,23,0.25,1,uniform_pooling,2,2,0.5,0.0,True,1.0
controlled_C2xC2_noise0.25_seed23,controlled,C2xC2,23,0.25,1,fourier_or_equivariant_pooling,2,2,0.5,0.0,True,1.0
controlled_C2xC2_noise0.25_seed23,controlled,C2xC2,23,0.25,1,validation_router,2,2,0.5,0.0,True,1.0
controlled_C2xC2_noise0.25_seed23,controlled,C2xC2,23,0.25,2,uniform_pooling,2,4,0.5,0.0,True,1.0
controlled_C2xC2_noise0.25_seed23,controlled,C2xC2,23,0.25,2,fourier_or_equivariant_pooling,2,4,0.5,0.0,True,1.0
controlled_C2xC2_noise0.25_seed23,controlled,C2xC2,23,0.25,2,validation_router,2,4,0.5,0.0,True,1.0
controlled_C2xC2_noise0.25_seed24,controlled,C2xC2,24,0.25,1,uniform_pooling,2,2,0.5,0.0,True,1.0
controlled_C2xC2_noise0.25_seed24,controlled,C2xC2,24,0.25,1,fourier_or_equivariant_pooling,2,2,0.5,0.0,True,1.0
controlled_C2xC2_noise0.25_seed24,controlled,C2xC2,24,0.25,1,validation_router,2,2,0.5,0.0,True,1.0
controlled_C2xC2_noise0.25_seed24,controlled,C2xC2,24,0.25,2,uniform_pooling,2,4,0.5,0.0,True,1.0
controlled_C2xC2_noise0.25_seed24,controlled,C2xC2,24,0.25,2,fourier_or_equivariant_pooling,2,4,0.5,0.0,True,1.0
controlled_C2xC2_noise0.25_seed24,controlled,C2xC2,24,0.25,2,validation_router,2,4,0.5,0.0,True,1.0
controlled_C2xC2_noise0.25_seed25,controlled,C2xC2,25,0.25,1,uniform_pooling,2,2,0.5,0.0,True,1.0
controlled_C2xC2_noise0.25_seed25,controlled,C2xC2,25,0.25,1,fourier_or_equivariant_pooling,2,2,0.5,0.0,True,1.0
controlled_C2xC2_noise0.25_seed25,controlled,C2xC2,25,0.25,1,validation_router,2,2,0.5,0.0,True,1.0
controlled_C2xC2_noise0.25_seed25,controlled,C2xC2,25,0.25,2,uniform_pooling,2,4,0.5,0.0,True,1.0
controlled_C2xC2_noise0.25_seed25,controlled,C2xC2,25,0.25,2,fourier_or_equivariant_pooling,2,4,0.5,0.0,True,1.0
controlled_C2xC2_noise0.25_seed25,controlled,C2xC2,25,0.25,2,validation_router,2,4,0.5,0.0,True,1.0
controlled_C2xC2_noise0.25_seed26,controlled,C2xC2,26,0.25,1,uniform_pooling,2,2,0.5,0.0,True,1.0
controlled_C2xC2_noise0.25_seed26,controlled,C2xC2,26,0.25,1,fourier_or_equivariant_pooling,2,2,0.5,0.0,True,1.0
controlled_C2xC2_noise0.25_seed26,controlled,C2xC2,26,0.25,1,validation_router,2,2,0.5,0.0,True,1.0
controlled_C2xC2_noise0.25_seed26,controlled,C2xC2,26,0.25,2,uniform_pooling,2,4,0.5,0.0,True,1.0
controlled_C2xC2_noise0.25_seed26,controlled,C2xC2,26,0.25,2,fourier_or_equivariant_pooling,2,4,0.5,0.0,True,1.0
controlled_C2xC2_noise0.25_seed26,controlled,C2xC2,26,0.25,2,validation_router,2,4,0.5,0.0,True,1.0
controlled_C2xC2_noise0.25_seed27,controlled,C2xC2,27,0.25,1,uniform_pooling,2,2,0.5,0.0,True,1.0
controlled_C2xC2_noise0.25_seed27,controlled,C2xC2,27,0.25,1,fourier_or_equivariant_pooling,2,2,0.5,0.0,True,1.0
controlled_C2xC2_noise0.25_seed27,controlled,C2xC2,27,0.25,1,validation_router,2,2,0.5,0.0,True,1.0
controlled_C2xC2_noise0.25_seed27,controlled,C2xC2,27,0.25,2,uniform_pooling,2,4,0.5,0.0,True,1.0
controlled_C2xC2_noise0.25_seed27,controlled,C2xC2,27,0.25,2,fourier_or_equivariant_pooling,2,4,0.5,0.0,True,1.0
controlled_C2xC2_noise0.25_seed27,controlled,C2xC2,27,0.25,2,validation_router,2,4,0.5,0.0,True,1.0
controlled_C2xC2_noise0.25_seed28,controlled,C2xC2,28,0.25,1,uniform_pooling,2,2,0.5,0.0,True,1.0
controlled_C2xC2_noise0.25_seed28,controlled,C2xC2,28,0.25,1,fourier_or_equivariant_pooling,2,2,0.5,0.0,True,1.0
controlled_C2xC2_noise0.25_seed28,controlled,C2xC2,28,0.25,1,validation_router,2,2,0.5,0.0,True,1.0
controlled_C2xC2_noise0.25_seed28,controlled,C2xC2,28,0.25,2,uniform_pooling,2,4,0.5,0.0,True,1.0
controlled_C2xC2_noise0.25_seed28,controlled,C2xC2,28,0.25,2,fourier_or_equivariant_pooling,2,4,0.5,0.0,True,1.0
controlled_C2xC2_noise0.25_seed28,controlled,C2xC2,28,0.25,2,validation_router,2,4,0.5,0.0,True,1.0
controlled_C2xC2_noise0.25_seed29,controlled,C2xC2,29,0.25,1,uniform_pooling,2,2,0.5,0.0,True,1.0
controlled_C2xC2_noise0.25_seed29,controlled,C2xC2,29,0.25,1,fourier_or_equivariant_pooling,2,2,0.5,0.0,True,1.0
controlled_C2xC2_noise0.25_seed29,controlled,C2xC2,29,0.25,1,validation_router,2,2,0.5,0.0,True,1.0
controlled_C2xC2_noise0.25_seed29,controlled,C2xC2,29,0.25,2,uniform_pooling,2,4,0.5,0.0,True,1.0
controlled_C2xC2_noise0.25_seed29,controlled,C2xC2,29,0.25,2,fourier_or_equivariant_pooling,2,4,0.5,0.0,True,1.0
controlled_C2xC2_noise0.25_seed29,controlled,C2xC2,29,0.25,2,validation_router,2,4,0.5,0.0,True,1.0
controlled_C2xC2_noise0.5_seed0,controlled,C2xC2,0,0.5,1,uniform_pooling,2,2,0.5,0.0,True,1.0
controlled_C2xC2_noise0.5_seed0,controlled,C2xC2,0,0.5,1,fourier_or_equivariant_pooling,2,2,0.5,0.0,True,1.0
controlled_C2xC2_noise0.5_seed0,controlled,C2xC2,0,0.5,1,validation_router,2,2,0.5,0.0,True,1.0
controlled_C2xC2_noise0.5_seed0,controlled,C2xC2,0,0.5,2,uniform_pooling,2,4,0.5,0.0,True,1.0
controlled_C2xC2_noise0.5_seed0,controlled,C2xC2,0,0.5,2,fourier_or_equivariant_pooling,2,4,0.5,0.0,True,1.0
controlled_C2xC2_noise0.5_seed0,controlled,C2xC2,0,0.5,2,validation_router,2,4,0.5,0.0,True,1.0
controlled_C2xC2_noise0.5_seed1,controlled,C2xC2,1,0.5,1,uniform_pooling,2,2,0.5,0.0,True,1.0
controlled_C2xC2_noise0.5_seed1,controlled,C2xC2,1,0.5,1,fourier_or_equivariant_pooling,2,2,0.5,0.0,True,1.0
controlled_C2xC2_noise0.5_seed1,controlled,C2xC2,1,0.5,1,validation_router,2,2,0.5,0.0,True,1.0
controlled_C2xC2_noise0.5_seed1,controlled,C2xC2,1,0.5,2,uniform_pooling,2,4,0.5,0.0,True,1.0
controlled_C2xC2_noise0.5_seed1,controlled,C2xC2,1,0.5,2,fourier_or_equivariant_pooling,2,4,0.5,0.0,True,1.0
controlled_C2xC2_noise0.5_seed1,controlled,C2xC2,1,0.5,2,validation_router,2,4,0.5,0.0,True,1.0
controlled_C2xC2_noise0.5_seed2,controlled,C2xC2,2,0.5,1,uniform_pooling,2,2,0.5,0.0,True,1.0
controlled_C2xC2_noise0.5_seed2,controlled,C2xC2,2,0.5,1,fourier_or_equivariant_pooling,2,2,0.5,0.0,True,1.0
controlled_C2xC2_noise0.5_seed2,controlled,C2xC2,2,0.5,1,validation_router,2,2,0.5,0.0,True,1.0
controlled_C2xC2_noise0.5_seed2,controlled,C2xC2,2,0.5,2,uniform_pooling,2,4,0.5,0.0,True,1.0
controlled_C2xC2_noise0.5_seed2,controlled,C2xC2,2,0.5,2,fourier_or_equivariant_pooling,2,4,0.5,0.0,True,1.0
controlled_C2xC2_noise0.5_seed2,controlled,C2xC2,2,0.5,2,validation_router,2,4,0.5,0.0,True,1.0
controlled_C2xC2_noise0.5_seed3,controlled,C2xC2,3,0.5,1,uniform_pooling,2,2,0.5,0.0,True,1.0
controlled_C2xC2_noise0.5_seed3,controlled,C2xC2,3,0.5,1,fourier_or_equivariant_pooling,2,2,0.5,0.0,True,1.0
controlled_C2xC2_noise0.5_seed3,controlled,C2xC2,3,0.5,1,validation_router,2,2,0.5,0.0,True,1.0
controlled_C2xC2_noise0.5_seed3,controlled,C2xC2,3,0.5,2,uniform_pooling,2,4,0.5,0.0,True,1.0
controlled_C2xC2_noise0.5_seed3,controlled,C2xC2,3,0.5,2,fourier_or_equivariant_pooling,2,4,0.5,0.0,True,1.0
controlled_C2xC2_noise0.5_seed3,controlled,C2xC2,3,0.5,2,validation_router,2,4,0.5,0.0,True,1.0
controlled_C2xC2_noise0.5_seed4,controlled,C2xC2,4,0.5,1,uniform_pooling,2,2,0.5,0.0,True,1.0
controlled_C2xC2_noise0.5_seed4,controlled,C2xC2,4,0.5,1,fourier_or_equivariant_pooling,2,2,0.5,0.0,True,1.0
controlled_C2xC2_noise0.5_seed4,controlled,C2xC2,4,0.5,1,validation_router,2,2,0.5,0.0,True,1.0
controlled_C2xC2_noise0.5_seed4,controlled,C2xC2,4,0.5,2,uniform_pooling,2,4,0.5,0.0,True,1.0
controlled_C2xC2_noise0.5_seed4,controlled,C2xC2,4,0.5,2,fourier_or_equivariant_pooling,2,4,0.5,0.0,True,1.0
controlled_C2xC2_noise0.5_seed4,controlled,C2xC2,4,0.5,2,validation_router,2,4,0.5,0.0,True,1.0
controlled_C2xC2_noise0.5_seed5,controlled,C2xC2,5,0.5,1,uniform_pooling,2,2,0.5,0.0,True,1.0
controlled_C2xC2_noise0.5_seed5,controlled,C2xC2,5,0.5,1,fourier_or_equivariant_pooling,2,2,0.5,0.0,True,1.0
controlled_C2xC2_noise0.5_seed5,controlled,C2xC2,5,0.5,1,validation_router,2,2,0.5,0.0,True,1.0
controlled_C2xC2_noise0.5_seed5,controlled,C2xC2,5,0.5,2,uniform_pooling,2,4,0.5,0.0,True,1.0
controlled_C2xC2_noise0.5_seed5,controlled,C2xC2,5,0.5,2,fourier_or_equivariant_pooling,2,4,0.5,0.0,True,1.0
controlled_C2xC2_noise0.5_seed5,controlled,C2xC2,5,0.5,2,validation_router,2,4,0.5,0.0,True,1.0
controlled_C2xC2_noise0.5_seed6,controlled,C2xC2,6,0.5,1,uniform_pooling,2,2,0.5,0.0,True,1.0
controlled_C2xC2_noise0.5_seed6,controlled,C2xC2,6,0.5,1,fourier_or_equivariant_pooling,2,2,0.5,0.0,True,1.0
controlled_C2xC2_noise0.5_seed6,controlled,C2xC2,6,0.5,1,validation_router,2,2,0.5,0.0,True,1.0
controlled_C2xC2_noise0.5_seed6,controlled,C2xC2,6,0.5,2,uniform_pooling,2,4,0.5,0.0,True,1.0
controlled_C2xC2_noise0.5_seed6,controlled,C2xC2,6,0.5,2,fourier_or_equivariant_pooling,2,4,0.5,0.0,True,1.0
controlled_C2xC2_noise0.5_seed6,controlled,C2xC2,6,0.5,2,validation_router,2,4,0.5,0.0,True,1.0
controlled_C2xC2_noise0.5_seed7,controlled,C2xC2,7,0.5,1,uniform_pooling,2,2,0.5,0.0,True,1.0
controlled_C2xC2_noise0.5_seed7,controlled,C2xC2,7,0.5,1,fourier_or_equivariant_pooling,2,2,0.5,0.0,True,1.0
controlled_C2xC2_noise0.5_seed7,controlled,C2xC2,7,0.5,1,validation_router,2,2,0.5,0.0,True,1.0
controlled_C2xC2_noise0.5_seed7,controlled,C2xC2,7,0.5,2,uniform_pooling,2,4,0.5,0.0,True,1.0
controlled_C2xC2_noise0.5_seed7,controlled,C2xC2,7,0.5,2,fourier_or_equivariant_pooling,2,4,0.5,0.0,True,1.0
controlled_C2xC2_noise0.5_seed7,controlled,C2xC2,7,0.5,2,validation_router,2,4,0.5,0.0,True,1.0
controlled_C2xC2_noise0.5_seed8,controlled,C2xC2,8,0.5,1,uniform_pooling,2,2,0.5,0.0,True,1.0
controlled_C2xC2_noise0.5_seed8,controlled,C2xC2,8,0.5,1,fourier_or_equivariant_pooling,2,2,0.5,0.0,True,1.0
controlled_C2xC2_noise0.5_seed8,controlled,C2xC2,8,0.5,1,validation_router,2,2,0.5,0.0,True,1.0
controlled_C2xC2_noise0.5_seed8,controlled,C2xC2,8,0.5,2,uniform_pooling,2,4,0.5,0.0,True,1.0
controlled_C2xC2_noise0.5_seed8,controlled,C2xC2,8,0.5,2,fourier_or_equivariant_pooling,2,4,0.5,0.0,True,1.0
controlled_C2xC2_noise0.5_seed8,controlled,C2xC2,8,0.5,2,validation_router,2,4,0.5,0.0,True,1.0
controlled_C2xC2_noise0.5_seed9,controlled,C2xC2,9,0.5,1,uniform_pooling,2,2,0.5,0.0,True,1.0
controlled_C2xC2_noise0.5_seed9,controlled,C2xC2,9,0.5,1,fourier_or_equivariant_pooling,2,2,0.5,0.0,True,1.0
controlled_C2xC2_noise0.5_seed9,controlled,C2xC2,9,0.5,1,validation_router,2,2,0.5,0.0,True,1.0
controlled_C2xC2_noise0.5_seed9,controlled,C2xC2,9,0.5,2,uniform_pooling,2,4,0.5,0.0,True,1.0
controlled_C2xC2_noise0.5_seed9,controlled,C2xC2,9,0.5,2,fourier_or_equivariant_pooling,2,4,0.5,0.0,True,1.0
controlled_C2xC2_noise0.5_seed9,controlled,C2xC2,9,0.5,2,validation_router,2,4,0.5,0.0,True,1.0
controlled_C2xC2_noise0.5_seed10,controlled,C2xC2,10,0.5,1,uniform_pooling,2,2,0.5,0.0,True,1.0
controlled_C2xC2_noise0.5_seed10,controlled,C2xC2,10,0.5,1,fourier_or_equivariant_pooling,2,2,0.5,0.0,True,1.0
controlled_C2xC2_noise0.5_seed10,controlled,C2xC2,10,0.5,1,validation_router,2,2,0.5,0.0,True,1.0
controlled_C2xC2_noise0.5_seed10,controlled,C2xC2,10,0.5,2,uniform_pooling,2,4,0.5,0.0,True,1.0
controlled_C2xC2_noise0.5_seed10,controlled,C2xC2,10,0.5,2,fourier_or_equivariant_pooling,2,4,0.5,0.0,True,1.0
controlled_C2xC2_noise0.5_seed10,controlled,C2xC2,10,0.5,2,validation_router,2,4,0.5,0.0,True,1.0
controlled_C2xC2_noise0.5_seed11,controlled,C2xC2,11,0.5,1,uniform_pooling,2,2,0.5,0.0,True,1.0
controlled_C2xC2_noise0.5_seed11,controlled,C2xC2,11,0.5,1,fourier_or_equivariant_pooling,2,2,0.5,0.0,True,1.0
controlled_C2xC2_noise0.5_seed11,controlled,C2xC2,11,0.5,1,validation_router,2,2,0.5,0.0,True,1.0
controlled_C2xC2_noise0.5_seed11,controlled,C2xC2,11,0.5,2,uniform_pooling,2,4,0.5,0.0,True,1.0
controlled_C2xC2_noise0.5_seed11,controlled,C2xC2,11,0.5,2,fourier_or_equivariant_pooling,2,4,0.5,0.0,True,1.0
controlled_C2xC2_noise0.5_seed11,controlled,C2xC2,11,0.5,2,validation_router,2,4,0.5,0.0,True,1.0
controlled_C2xC2_noise0.5_seed12,controlled,C2xC2,12,0.5,1,uniform_pooling,2,2,0.5,0.0,True,1.0
controlled_C2xC2_noise0.5_seed12,controlled,C2xC2,12,0.5,1,fourier_or_equivariant_pooling,2,2,0.5,0.0,True,1.0
controlled_C2xC2_noise0.5_seed12,controlled,C2xC2,12,0.5,1,validation_router,2,2,0.5,0.0,True,1.0
controlled_C2xC2_noise0.5_seed12,controlled,C2xC2,12,0.5,2,uniform_pooling,2,4,0.5,0.0,True,1.0
controlled_C2xC2_noise0.5_seed12,controlled,C2xC2,12,0.5,2,fourier_or_equivariant_pooling,2,4,0.5,0.0,True,1.0
controlled_C2xC2_noise0.5_seed12,controlled,C2xC2,12,0.5,2,validation_router,2,4,0.5,0.0,True,1.0
controlled_C2xC2_noise0.5_seed13,controlled,C2xC2,13,0.5,1,uniform_pooling,2,2,0.5,0.0,True,1.0
controlled_C2xC2_noise0.5_seed13,controlled,C2xC2,13,0.5,1,fourier_or_equivariant_pooling,2,2,0.5,0.0,True,1.0
controlled_C2xC2_noise0.5_seed13,controlled,C2xC2,13,0.5,1,validation_router,2,2,0.5,0.0,True,1.0
controlled_C2xC2_noise0.5_seed13,controlled,C2xC2,13,0.5,2,uniform_pooling,2,4,0.5,0.0,True,1.0
controlled_C2xC2_noise0.5_seed13,controlled,C2xC2,13,0.5,2,fourier_or_equivariant_pooling,2,4,0.5,0.0,True,1.0
controlled_C2xC2_noise0.5_seed13,controlled,C2xC2,13,0.5,2,validation_router,2,4,0.5,0.0,True,1.0
controlled_C2xC2_noise0.5_seed14,controlled,C2xC2,14,0.5,1,uniform_pooling,2,2,0.5,0.0,True,1.0
controlled_C2xC2_noise0.5_seed14,controlled,C2xC2,14,0.5,1,fourier_or_equivariant_pooling,2,2,0.5,0.0,True,1.0
controlled_C2xC2_noise0.5_seed14,controlled,C2xC2,14,0.5,1,validation_router,2,2,0.5,0.0,True,1.0
controlled_C2xC2_noise0.5_seed14,controlled,C2xC2,14,0.5,2,uniform_pooling,2,4,0.5,0.0,True,1.0
controlled_C2xC2_noise0.5_seed14,controlled,C2xC2,14,0.5,2,fourier_or_equivariant_pooling,2,4,0.5,0.0,True,1.0
controlled_C2xC2_noise0.5_seed14,controlled,C2xC2,14,0.5,2,validation_router,2,4,0.5,0.0,True,1.0
controlled_C2xC2_noise0.5_seed15,controlled,C2xC2,15,0.5,1,uniform_pooling,2,2,0.5,0.0,True,1.0
controlled_C2xC2_noise0.5_seed15,controlled,C2xC2,15,0.5,1,fourier_or_equivariant_pooling,2,2,0.5,0.0,True,1.0
controlled_C2xC2_noise0.5_seed15,controlled,C2xC2,15,0.5,1,validation_router,2,2,0.5,0.0,True,1.0
controlled_C2xC2_noise0.5_seed15,controlled,C2xC2,15,0.5,2,uniform_pooling,2,4,0.5,0.0,True,1.0
controlled_C2xC2_noise0.5_seed15,controlled,C2xC2,15,0.5,2,fourier_or_equivariant_pooling,2,4,0.5,0.0,True,1.0
controlled_C2xC2_noise0.5_seed15,controlled,C2xC2,15,0.5,2,validation_router,2,4,0.5,0.0,True,1.0
controlled_C2xC2_noise0.5_seed16,controlled,C2xC2,16,0.5,1,uniform_pooling,2,2,0.5,0.0,True,1.0
controlled_C2xC2_noise0.5_seed16,controlled,C2xC2,16,0.5,1,fourier_or_equivariant_pooling,2,2,0.5,0.0,True,1.0
controlled_C2xC2_noise0.5_seed16,controlled,C2xC2,16,0.5,1,validation_router,2,2,0.5,0.0,True,1.0
controlled_C2xC2_noise0.5_seed16,controlled,C2xC2,16,0.5,2,uniform_pooling,2,4,0.5,0.0,True,1.0
controlled_C2xC2_noise0.5_seed16,controlled,C2xC2,16,0.5,2,fourier_or_equivariant_pooling,2,4,0.5,0.0,True,1.0
controlled_C2xC2_noise0.5_seed16,controlled,C2xC2,16,0.5,2,validation_router,2,4,0.5,0.0,True,1.0
controlled_C2xC2_noise0.5_seed17,controlled,C2xC2,17,0.5,1,uniform_pooling,2,2,0.5,0.0,True,1.0
controlled_C2xC2_noise0.5_seed17,controlled,C2xC2,17,0.5,1,fourier_or_equivariant_pooling,2,2,0.5,0.0,True,1.0
controlled_C2xC2_noise0.5_seed17,controlled,C2xC2,17,0.5,1,validation_router,2,2,0.5,0.0,True,1.0
controlled_C2xC2_noise0.5_seed17,controlled,C2xC2,17,0.5,2,uniform_pooling,2,4,0.5,0.0,True,1.0
controlled_C2xC2_noise0.5_seed17,controlled,C2xC2,17,0.5,2,fourier_or_equivariant_pooling,2,4,0.5,0.0,True,1.0
controlled_C2xC2_noise0.5_seed17,controlled,C2xC2,17,0.5,2,validation_router,2,4,0.5,0.0,True,1.0
controlled_C2xC2_noise0.5_seed18,controlled,C2xC2,18,0.5,1,uniform_pooling,2,2,0.5,0.0,True,1.0
controlled_C2xC2_noise0.5_seed18,controlled,C2xC2,18,0.5,1,fourier_or_equivariant_pooling,2,2,0.5,0.0,True,1.0
controlled_C2xC2_noise0.5_seed18,controlled,C2xC2,18,0.5,1,validation_router,2,2,0.5,0.0,True,1.0
controlled_C2xC2_noise0.5_seed18,controlled,C2xC2,18,0.5,2,uniform_pooling,2,4,0.5,0.0,True,1.0
controlled_C2xC2_noise0.5_seed18,controlled,C2xC2,18,0.5,2,fourier_or_equivariant_pooling,2,4,0.5,0.0,True,1.0
controlled_C2xC2_noise0.5_seed18,controlled,C2xC2,18,0.5,2,validation_router,2,4,0.5,0.0,True,1.0
controlled_C2xC2_noise0.5_seed19,controlled,C2xC2,19,0.5,1,uniform_pooling,2,2,0.5,0.0,True,1.0
controlled_C2xC2_noise0.5_seed19,controlled,C2xC2,19,0.5,1,fourier_or_equivariant_pooling,2,2,0.5,0.0,True,1.0
controlled_C2xC2_noise0.5_seed19,controlled,C2xC2,19,0.5,1,validation_router,2,2,0.5,0.0,True,1.0
controlled_C2xC2_noise0.5_seed19,controlled,C2xC2,19,0.5,2,uniform_pooling,2,4,0.5,0.0,True,1.0
controlled_C2xC2_noise0.5_seed19,controlled,C2xC2,19,0.5,2,fourier_or_equivariant_pooling,2,4,0.5,0.0,True,1.0
controlled_C2xC2_noise0.5_seed19,controlled,C2xC2,19,0.5,2,validation_router,2,4,0.5,0.0,True,1.0
controlled_C2xC2_noise0.5_seed20,controlled,C2xC2,20,0.5,1,uniform_pooling,2,2,0.5,0.0,True,1.0
controlled_C2xC2_noise0.5_seed20,controlled,C2xC2,20,0.5,1,fourier_or_equivariant_pooling,2,2,0.5,0.0,True,1.0
controlled_C2xC2_noise0.5_seed20,controlled,C2xC2,20,0.5,1,validation_router,2,2,0.5,0.0,True,1.0
controlled_C2xC2_noise0.5_seed20,controlled,C2xC2,20,0.5,2,uniform_pooling,2,4,0.5,0.0,True,1.0
controlled_C2xC2_noise0.5_seed20,controlled,C2xC2,20,0.5,2,fourier_or_equivariant_pooling,2,4,0.5,0.0,True,1.0
controlled_C2xC2_noise0.5_seed20,controlled,C2xC2,20,0.5,2,validation_router,2,4,0.5,0.0,True,1.0
controlled_C2xC2_noise0.5_seed21,controlled,C2xC2,21,0.5,1,uniform_pooling,2,2,0.5,0.0,True,1.0
controlled_C2xC2_noise0.5_seed21,controlled,C2xC2,21,0.5,1,fourier_or_equivariant_pooling,2,2,0.5,0.0,True,1.0
controlled_C2xC2_noise0.5_seed21,controlled,C2xC2,21,0.5,1,validation_router,2,2,0.5,0.0,True,1.0
controlled_C2xC2_noise0.5_seed21,controlled,C2xC2,21,0.5,2,uniform_pooling,2,4,0.5,0.0,True,1.0
controlled_C2xC2_noise0.5_seed21,controlled,C2xC2,21,0.5,2,fourier_or_equivariant_pooling,2,4,0.5,0.0,True,1.0
controlled_C2xC2_noise0.5_seed21,controlled,C2xC2,21,0.5,2,validation_router,2,4,0.5,0.0,True,1.0
controlled_C2xC2_noise0.5_seed22,controlled,C2xC2,22,0.5,1,uniform_pooling,2,2,0.5,0.0,True,1.0
controlled_C2xC2_noise0.5_seed22,controlled,C2xC2,22,0.5,1,fourier_or_equivariant_pooling,2,2,0.5,0.0,True,1.0
controlled_C2xC2_noise0.5_seed22,controlled,C2xC2,22,0.5,1,validation_router,2,2,0.5,0.0,True,1.0
controlled_C2xC2_noise0.5_seed22,controlled,C2xC2,22,0.5,2,uniform_pooling,2,4,0.5,0.0,True,1.0
controlled_C2xC2_noise0.5_seed22,controlled,C2xC2,22,0.5,2,fourier_or_equivariant_pooling,2,4,0.5,0.0,True,1.0
controlled_C2xC2_noise0.5_seed22,controlled,C2xC2,22,0.5,2,validation_router,2,4,0.5,0.0,True,1.0
controlled_C2xC2_noise0.5_seed23,controlled,C2xC2,23,0.5,1,uniform_pooling,2,2,0.5,0.0,True,1.0
controlled_C2xC2_noise0.5_seed23,controlled,C2xC2,23,0.5,1,fourier_or_equivariant_pooling,2,2,0.5,0.0,True,1.0
controlled_C2xC2_noise0.5_seed23,controlled,C2xC2,23,0.5,1,validation_router,2,2,0.5,0.0,True,1.0
controlled_C2xC2_noise0.5_seed23,controlled,C2xC2,23,0.5,2,uniform_pooling,2,4,0.5,0.0,True,1.0
controlled_C2xC2_noise0.5_seed23,controlled,C2xC2,23,0.5,2,fourier_or_equivariant_pooling,2,4,0.5,0.0,True,1.0
controlled_C2xC2_noise0.5_seed23,controlled,C2xC2,23,0.5,2,validation_router,2,4,0.5,0.0,True,1.0
controlled_C2xC2_noise0.5_seed24,controlled,C2xC2,24,0.5,1,uniform_pooling,2,2,0.5,0.0,True,1.0
controlled_C2xC2_noise0.5_seed24,controlled,C2xC2,24,0.5,1,fourier_or_equivariant_pooling,2,2,0.5,0.0,True,1.0
controlled_C2xC2_noise0.5_seed24,controlled,C2xC2,24,0.5,1,validation_router,2,2,0.5,0.0,True,1.0
controlled_C2xC2_noise0.5_seed24,controlled,C2xC2,24,0.5,2,uniform_pooling,2,4,0.5,0.0,True,1.0
controlled_C2xC2_noise0.5_seed24,controlled,C2xC2,24,0.5,2,fourier_or_equivariant_pooling,2,4,0.5,0.0,True,1.0
controlled_C2xC2_noise0.5_seed24,controlled,C2xC2,24,0.5,2,validation_router,2,4,0.5,0.0,True,1.0
controlled_C2xC2_noise0.5_seed25,controlled,C2xC2,25,0.5,1,uniform_pooling,2,2,0.5,0.0,True,1.0
controlled_C2xC2_noise0.5_seed25,controlled,C2xC2,25,0.5,1,fourier_or_equivariant_pooling,2,2,0.5,0.0,True,1.0
controlled_C2xC2_noise0.5_seed25,controlled,C2xC2,25,0.5,1,validation_router,2,2,0.5,0.0,True,1.0
controlled_C2xC2_noise0.5_seed25,controlled,C2xC2,25,0.5,2,uniform_pooling,2,4,0.5,0.0,True,1.0
controlled_C2xC2_noise0.5_seed25,controlled,C2xC2,25,0.5,2,fourier_or_equivariant_pooling,2,4,0.5,0.0,True,1.0
controlled_C2xC2_noise0.5_seed25,controlled,C2xC2,25,0.5,2,validation_router,2,4,0.5,0.0,True,1.0
controlled_C2xC2_noise0.5_seed26,controlled,C2xC2,26,0.5,1,uniform_pooling,2,2,0.5,0.0,True,1.0
controlled_C2xC2_noise0.5_seed26,controlled,C2xC2,26,0.5,1,fourier_or_equivariant_pooling,2,2,0.5,0.0,True,1.0
controlled_C2xC2_noise0.5_seed26,controlled,C2xC2,26,0.5,1,validation_router,2,2,0.5,0.0,True,1.0
controlled_C2xC2_noise0.5_seed26,controlled,C2xC2,26,0.5,2,uniform_pooling,2,4,0.5,0.0,True,1.0
controlled_C2xC2_noise0.5_seed26,controlled,C2xC2,26,0.5,2,fourier_or_equivariant_pooling,2,4,0.5,0.0,True,1.0
controlled_C2xC2_noise0.5_seed26,controlled,C2xC2,26,0.5,2,validation_router,2,4,0.5,0.0,True,1.0
controlled_C2xC2_noise0.5_seed27,controlled,C2xC2,27,0.5,1,uniform_pooling,2,2,0.5,0.0,True,1.0
controlled_C2xC2_noise0.5_seed27,controlled,C2xC2,27,0.5,1,fourier_or_equivariant_pooling,2,2,0.5,0.0,True,1.0
controlled_C2xC2_noise0.5_seed27,controlled,C2xC2,27,0.5,1,validation_router,2,2,0.5,0.0,True,1.0
controlled_C2xC2_noise0.5_seed27,controlled,C2xC2,27,0.5,2,uniform_pooling,2,4,0.5,0.0,True,1.0
controlled_C2xC2_noise0.5_seed27,controlled,C2xC2,27,0.5,2,fourier_or_equivariant_pooling,2,4,0.5,0.0,True,1.0
controlled_C2xC2_noise0.5_seed27,controlled,C2xC2,27,0.5,2,validation_router,2,4,0.5,0.0,True,1.0
controlled_C2xC2_noise0.5_seed28,controlled,C2xC2,28,0.5,1,uniform_pooling,2,2,0.5,0.0,True,1.0
controlled_C2xC2_noise0.5_seed28,controlled,C2xC2,28,0.5,1,fourier_or_equivariant_pooling,2,2,0.5,0.0,True,1.0
controlled_C2xC2_noise0.5_seed28,controlled,C2xC2,28,0.5,1,validation_router,2,2,0.5,0.0,True,1.0
controlled_C2xC2_noise0.5_seed28,controlled,C2xC2,28,0.5,2,uniform_pooling,2,4,0.5,0.0,True,1.0
controlled_C2xC2_noise0.5_seed28,controlled,C2xC2,28,0.5,2,fourier_or_equivariant_pooling,2,4,0.5,0.0,True,1.0
controlled_C2xC2_noise0.5_seed28,controlled,C2xC2,28,0.5,2,validation_router,2,4,0.5,0.0,True,1.0
controlled_C2xC2_noise0.5_seed29,controlled,C2xC2,29,0.5,1,uniform_pooling,2,2,0.5,0.0,True,1.0
controlled_C2xC2_noise0.5_seed29,controlled,C2xC2,29,0.5,1,fourier_or_equivariant_pooling,2,2,0.5,0.0,True,1.0
controlled_C2xC2_noise0.5_seed29,controlled,C2xC2,29,0.5,1,validation_router,2,2,0.5,0.0,True,1.0
controlled_C2xC2_noise0.5_seed29,controlled,C2xC2,29,0.5,2,uniform_pooling,2,4,0.5,0.0,True,1.0
controlled_C2xC2_noise0.5_seed29,controlled,C2xC2,29,0.5,2,fourier_or_equivariant_pooling,2,4,0.5,0.0,True,1.0
controlled_C2xC2_noise0.5_seed29,controlled,C2xC2,29,0.5,2,validation_router,2,4,0.5,0.0,True,1.0
controlled_C4_noise0_seed0,controlled,C4,0,0.0,1,uniform_pooling,2,2,0.5,0.0,True,1.0
controlled_C4_noise0_seed0,controlled,C4,0,0.0,1,fourier_or_equivariant_pooling,2,2,0.5,0.0,True,1.0
controlled_C4_noise0_seed0,controlled,C4,0,0.0,1,validation_router,2,2,0.5,0.0,True,1.0
controlled_C4_noise0_seed0,controlled,C4,0,0.0,2,uniform_pooling,2,4,0.5,0.0,True,1.0
controlled_C4_noise0_seed0,controlled,C4,0,0.0,2,fourier_or_equivariant_pooling,2,4,0.5,0.0,True,1.0
controlled_C4_noise0_seed0,controlled,C4,0,0.0,2,validation_router,2,4,0.5,0.0,True,1.0
controlled_C4_noise0_seed1,controlled,C4,1,0.0,1,uniform_pooling,2,2,0.5,0.0,True,1.0
controlled_C4_noise0_seed1,controlled,C4,1,0.0,1,fourier_or_equivariant_pooling,2,2,0.5,0.0,True,1.0
controlled_C4_noise0_seed1,controlled,C4,1,0.0,1,validation_router,2,2,0.5,0.0,True,1.0
controlled_C4_noise0_seed1,controlled,C4,1,0.0,2,uniform_pooling,2,4,0.5,0.0,True,1.0
controlled_C4_noise0_seed1,controlled,C4,1,0.0,2,fourier_or_equivariant_pooling,2,4,0.5,0.0,True,1.0
controlled_C4_noise0_seed1,controlled,C4,1,0.0,2,validation_router,2,4,0.5,0.0,True,1.0
controlled_C4_noise0_seed2,controlled,C4,2,0.0,1,uniform_pooling,2,2,0.5,0.0,True,1.0
controlled_C4_noise0_seed2,controlled,C4,2,0.0,1,fourier_or_equivariant_pooling,2,2,0.5,0.0,True,1.0
controlled_C4_noise0_seed2,controlled,C4,2,0.0,1,validation_router,2,2,0.5,0.0,True,1.0
controlled_C4_noise0_seed2,controlled,C4,2,0.0,2,uniform_pooling,2,4,0.5,0.0,True,1.0
controlled_C4_noise0_seed2,controlled,C4,2,0.0,2,fourier_or_equivariant_pooling,2,4,0.5,0.0,True,1.0
controlled_C4_noise0_seed2,controlled,C4,2,0.0,2,validation_router,2,4,0.5,0.0,True,1.0
controlled_C4_noise0_seed3,controlled,C4,3,0.0,1,uniform_pooling,2,2,0.5,0.0,True,1.0
controlled_C4_noise0_seed3,controlled,C4,3,0.0,1,fourier_or_equivariant_pooling,2,2,0.5,0.0,True,1.0
controlled_C4_noise0_seed3,controlled,C4,3,0.0,1,validation_router,2,2,0.5,0.0,True,1.0
controlled_C4_noise0_seed3,controlled,C4,3,0.0,2,uniform_pooling,2,4,0.5,0.0,True,1.0
controlled_C4_noise0_seed3,controlled,C4,3,0.0,2,fourier_or_equivariant_pooling,2,4,0.5,0.0,True,1.0
controlled_C4_noise0_seed3,controlled,C4,3,0.0,2,validation_router,2,4,0.5,0.0,True,1.0
controlled_C4_noise0_seed4,controlled,C4,4,0.0,1,uniform_pooling,2,2,0.5,0.0,True,1.0
controlled_C4_noise0_seed4,controlled,C4,4,0.0,1,fourier_or_equivariant_pooling,2,2,0.5,0.0,True,1.0
controlled_C4_noise0_seed4,controlled,C4,4,0.0,1,validation_router,2,2,0.5,0.0,True,1.0
controlled_C4_noise0_seed4,controlled,C4,4,0.0,2,uniform_pooling,2,4,0.5,0.0,True,1.0
controlled_C4_noise0_seed4,controlled,C4,4,0.0,2,fourier_or_equivariant_pooling,2,4,0.5,0.0,True,1.0
controlled_C4_noise0_seed4,controlled,C4,4,0.0,2,validation_router,2,4,0.5,0.0,True,1.0
controlled_C4_noise0_seed5,controlled,C4,5,0.0,1,uniform_pooling,2,2,0.5,0.0,True,1.0
controlled_C4_noise0_seed5,controlled,C4,5,0.0,1,fourier_or_equivariant_pooling,2,2,0.5,0.0,True,1.0
controlled_C4_noise0_seed5,controlled,C4,5,0.0,1,validation_router,2,2,0.5,0.0,True,1.0
controlled_C4_noise0_seed5,controlled,C4,5,0.0,2,uniform_pooling,2,4,0.5,0.0,True,1.0
controlled_C4_noise0_seed5,controlled,C4,5,0.0,2,fourier_or_equivariant_pooling,2,4,0.5,0.0,True,1.0
controlled_C4_noise0_seed5,controlled,C4,5,0.0,2,validation_router,2,4,0.5,0.0,True,1.0
controlled_C4_noise0_seed6,controlled,C4,6,0.0,1,uniform_pooling,2,2,0.5,0.0,True,1.0
controlled_C4_noise0_seed6,controlled,C4,6,0.0,1,fourier_or_equivariant_pooling,2,2,0.5,0.0,True,1.0
controlled_C4_noise0_seed6,controlled,C4,6,0.0,1,validation_router,2,2,0.5,0.0,True,1.0
controlled_C4_noise0_seed6,controlled,C4,6,0.0,2,uniform_pooling,2,4,0.5,0.0,True,1.0
controlled_C4_noise0_seed6,controlled,C4,6,0.0,2,fourier_or_equivariant_pooling,2,4,0.5,0.0,True,1.0
controlled_C4_noise0_seed6,controlled,C4,6,0.0,2,validation_router,2,4,0.5,0.0,True,1.0
controlled_C4_noise0_seed7,controlled,C4,7,0.0,1,uniform_pooling,2,2,0.5,0.0,True,1.0
controlled_C4_noise0_seed7,controlled,C4,7,0.0,1,fourier_or_equivariant_pooling,2,2,0.5,0.0,True,1.0
controlled_C4_noise0_seed7,controlled,C4,7,0.0,1,validation_router,2,2,0.5,0.0,True,1.0
controlled_C4_noise0_seed7,controlled,C4,7,0.0,2,uniform_pooling,2,4,0.5,0.0,True,1.0
controlled_C4_noise0_seed7,controlled,C4,7,0.0,2,fourier_or_equivariant_pooling,2,4,0.5,0.0,True,1.0
controlled_C4_noise0_seed7,controlled,C4,7,0.0,2,validation_router,2,4,0.5,0.0,True,1.0
controlled_C4_noise0_seed8,controlled,C4,8,0.0,1,uniform_pooling,2,2,0.5,0.0,True,1.0
controlled_C4_noise0_seed8,controlled,C4,8,0.0,1,fourier_or_equivariant_pooling,2,2,0.5,0.0,True,1.0
controlled_C4_noise0_seed8,controlled,C4,8,0.0,1,validation_router,2,2,0.5,0.0,True,1.0
controlled_C4_noise0_seed8,controlled,C4,8,0.0,2,uniform_pooling,2,4,0.5,0.0,True,1.0
controlled_C4_noise0_seed8,controlled,C4,8,0.0,2,fourier_or_equivariant_pooling,2,4,0.5,0.0,True,1.0
controlled_C4_noise0_seed8,controlled,C4,8,0.0,2,validation_router,2,4,0.5,0.0,True,1.0
controlled_C4_noise0_seed9,controlled,C4,9,0.0,1,uniform_pooling,2,2,0.5,0.0,True,1.0
controlled_C4_noise0_seed9,controlled,C4,9,0.0,1,fourier_or_equivariant_pooling,2,2,0.5,0.0,True,1.0
controlled_C4_noise0_seed9,controlled,C4,9,0.0,1,validation_router,2,2,0.5,0.0,True,1.0
controlled_C4_noise0_seed9,controlled,C4,9,0.0,2,uniform_pooling,2,4,0.5,0.0,True,1.0
controlled_C4_noise0_seed9,controlled,C4,9,0.0,2,fourier_or_equivariant_pooling,2,4,0.5,0.0,True,1.0
controlled_C4_noise0_seed9,controlled,C4,9,0.0,2,validation_router,2,4,0.5,0.0,True,1.0
controlled_C4_noise0_seed10,controlled,C4,10,0.0,1,uniform_pooling,2,2,0.5,0.0,True,1.0
controlled_C4_noise0_seed10,controlled,C4,10,0.0,1,fourier_or_equivariant_pooling,2,2,0.5,0.0,True,1.0
controlled_C4_noise0_seed10,controlled,C4,10,0.0,1,validation_router,2,2,0.5,0.0,True,1.0
controlled_C4_noise0_seed10,controlled,C4,10,0.0,2,uniform_pooling,2,4,0.5,0.0,True,1.0
controlled_C4_noise0_seed10,controlled,C4,10,0.0,2,fourier_or_equivariant_pooling,2,4,0.5,0.0,True,1.0
controlled_C4_noise0_seed10,controlled,C4,10,0.0,2,validation_router,2,4,0.5,0.0,True,1.0
controlled_C4_noise0_seed11,controlled,C4,11,0.0,1,uniform_pooling,2,2,0.5,0.0,True,1.0
controlled_C4_noise0_seed11,controlled,C4,11,0.0,1,fourier_or_equivariant_pooling,2,2,0.5,0.0,True,1.0
controlled_C4_noise0_seed11,controlled,C4,11,0.0,1,validation_router,2,2,0.5,0.0,True,1.0
controlled_C4_noise0_seed11,controlled,C4,11,0.0,2,uniform_pooling,2,4,0.5,0.0,True,1.0
controlled_C4_noise0_seed11,controlled,C4,11,0.0,2,fourier_or_equivariant_pooling,2,4,0.5,0.0,True,1.0
controlled_C4_noise0_seed11,controlled,C4,11,0.0,2,validation_router,2,4,0.5,0.0,True,1.0
controlled_C4_noise0_seed12,controlled,C4,12,0.0,1,uniform_pooling,2,2,0.5,0.0,True,1.0
controlled_C4_noise0_seed12,controlled,C4,12,0.0,1,fourier_or_equivariant_pooling,2,2,0.5,0.0,True,1.0
controlled_C4_noise0_seed12,controlled,C4,12,0.0,1,validation_router,2,2,0.5,0.0,True,1.0
controlled_C4_noise0_seed12,controlled,C4,12,0.0,2,uniform_pooling,2,4,0.5,0.0,True,1.0
controlled_C4_noise0_seed12,controlled,C4,12,0.0,2,fourier_or_equivariant_pooling,2,4,0.5,0.0,True,1.0
controlled_C4_noise0_seed12,controlled,C4,12,0.0,2,validation_router,2,4,0.5,0.0,True,1.0
controlled_C4_noise0_seed13,controlled,C4,13,0.0,1,uniform_pooling,2,2,0.5,0.0,True,1.0
controlled_C4_noise0_seed13,controlled,C4,13,0.0,1,fourier_or_equivariant_pooling,2,2,0.5,0.0,True,1.0
controlled_C4_noise0_seed13,controlled,C4,13,0.0,1,validation_router,2,2,0.5,0.0,True,1.0
controlled_C4_noise0_seed13,controlled,C4,13,0.0,2,uniform_pooling,2,4,0.5,0.0,True,1.0
controlled_C4_noise0_seed13,controlled,C4,13,0.0,2,fourier_or_equivariant_pooling,2,4,0.5,0.0,True,1.0
controlled_C4_noise0_seed13,controlled,C4,13,0.0,2,validation_router,2,4,0.5,0.0,True,1.0
controlled_C4_noise0_seed14,controlled,C4,14,0.0,1,uniform_pooling,2,2,0.5,0.0,True,1.0
controlled_C4_noise0_seed14,controlled,C4,14,0.0,1,fourier_or_equivariant_pooling,2,2,0.5,0.0,True,1.0
controlled_C4_noise0_seed14,controlled,C4,14,0.0,1,validation_router,2,2,0.5,0.0,True,1.0
controlled_C4_noise0_seed14,controlled,C4,14,0.0,2,uniform_pooling,2,4,0.5,0.0,True,1.0
controlled_C4_noise0_seed14,controlled,C4,14,0.0,2,fourier_or_equivariant_pooling,2,4,0.5,0.0,True,1.0
controlled_C4_noise0_seed14,controlled,C4,14,0.0,2,validation_router,2,4,0.5,0.0,True,1.0
controlled_C4_noise0_seed15,controlled,C4,15,0.0,1,uniform_pooling,2,2,0.5,0.0,True,1.0
controlled_C4_noise0_seed15,controlled,C4,15,0.0,1,fourier_or_equivariant_pooling,2,2,0.5,0.0,True,1.0
controlled_C4_noise0_seed15,controlled,C4,15,0.0,1,validation_router,2,2,0.5,0.0,True,1.0
controlled_C4_noise0_seed15,controlled,C4,15,0.0,2,uniform_pooling,2,4,0.5,0.0,True,1.0
controlled_C4_noise0_seed15,controlled,C4,15,0.0,2,fourier_or_equivariant_pooling,2,4,0.5,0.0,True,1.0
controlled_C4_noise0_seed15,controlled,C4,15,0.0,2,validation_router,2,4,0.5,0.0,True,1.0
controlled_C4_noise0_seed16,controlled,C4,16,0.0,1,uniform_pooling,2,2,0.5,0.0,True,1.0
controlled_C4_noise0_seed16,controlled,C4,16,0.0,1,fourier_or_equivariant_pooling,2,2,0.5,0.0,True,1.0
controlled_C4_noise0_seed16,controlled,C4,16,0.0,1,validation_router,2,2,0.5,0.0,True,1.0
controlled_C4_noise0_seed16,controlled,C4,16,0.0,2,uniform_pooling,2,4,0.5,0.0,True,1.0
controlled_C4_noise0_seed16,controlled,C4,16,0.0,2,fourier_or_equivariant_pooling,2,4,0.5,0.0,True,1.0
controlled_C4_noise0_seed16,controlled,C4,16,0.0,2,validation_router,2,4,0.5,0.0,True,1.0
controlled_C4_noise0_seed17,controlled,C4,17,0.0,1,uniform_pooling,2,2,0.5,0.0,True,1.0
controlled_C4_noise0_seed17,controlled,C4,17,0.0,1,fourier_or_equivariant_pooling,2,2,0.5,0.0,True,1.0
controlled_C4_noise0_seed17,controlled,C4,17,0.0,1,validation_router,2,2,0.5,0.0,True,1.0
controlled_C4_noise0_seed17,controlled,C4,17,0.0,2,uniform_pooling,2,4,0.5,0.0,True,1.0
controlled_C4_noise0_seed17,controlled,C4,17,0.0,2,fourier_or_equivariant_pooling,2,4,0.5,0.0,True,1.0
controlled_C4_noise0_seed17,controlled,C4,17,0.0,2,validation_router,2,4,0.5,0.0,True,1.0
controlled_C4_noise0_seed18,controlled,C4,18,0.0,1,uniform_pooling,2,2,0.5,0.0,True,1.0
controlled_C4_noise0_seed18,controlled,C4,18,0.0,1,fourier_or_equivariant_pooling,2,2,0.5,0.0,True,1.0
controlled_C4_noise0_seed18,controlled,C4,18,0.0,1,validation_router,2,2,0.5,0.0,True,1.0
controlled_C4_noise0_seed18,controlled,C4,18,0.0,2,uniform_pooling,2,4,0.5,0.0,True,1.0
controlled_C4_noise0_seed18,controlled,C4,18,0.0,2,fourier_or_equivariant_pooling,2,4,0.5,0.0,True,1.0
controlled_C4_noise0_seed18,controlled,C4,18,0.0,2,validation_router,2,4,0.5,0.0,True,1.0
controlled_C4_noise0_seed19,controlled,C4,19,0.0,1,uniform_pooling,2,2,0.5,0.0,True,1.0
controlled_C4_noise0_seed19,controlled,C4,19,0.0,1,fourier_or_equivariant_pooling,2,2,0.5,0.0,True,1.0
controlled_C4_noise0_seed19,controlled,C4,19,0.0,1,validation_router,2,2,0.5,0.0,True,1.0
controlled_C4_noise0_seed19,controlled,C4,19,0.0,2,uniform_pooling,2,4,0.5,0.0,True,1.0
controlled_C4_noise0_seed19,controlled,C4,19,0.0,2,fourier_or_equivariant_pooling,2,4,0.5,0.0,True,1.0
controlled_C4_noise0_seed19,controlled,C4,19,0.0,2,validation_router,2,4,0.5,0.0,True,1.0
controlled_C4_noise0_seed20,controlled,C4,20,0.0,1,uniform_pooling,2,2,0.5,0.0,True,1.0
controlled_C4_noise0_seed20,controlled,C4,20,0.0,1,fourier_or_equivariant_pooling,2,2,0.5,0.0,True,1.0
controlled_C4_noise0_seed20,controlled,C4,20,0.0,1,validation_router,2,2,0.5,0.0,True,1.0
controlled_C4_noise0_seed20,controlled,C4,20,0.0,2,uniform_pooling,2,4,0.5,0.0,True,1.0
controlled_C4_noise0_seed20,controlled,C4,20,0.0,2,fourier_or_equivariant_pooling,2,4,0.5,0.0,True,1.0
controlled_C4_noise0_seed20,controlled,C4,20,0.0,2,validation_router,2,4,0.5,0.0,True,1.0
controlled_C4_noise0_seed21,controlled,C4,21,0.0,1,uniform_pooling,2,2,0.5,0.0,True,1.0
controlled_C4_noise0_seed21,controlled,C4,21,0.0,1,fourier_or_equivariant_pooling,2,2,0.5,0.0,True,1.0
controlled_C4_noise0_seed21,controlled,C4,21,0.0,1,validation_router,2,2,0.5,0.0,True,1.0
controlled_C4_noise0_seed21,controlled,C4,21,0.0,2,uniform_pooling,2,4,0.5,0.0,True,1.0
controlled_C4_noise0_seed21,controlled,C4,21,0.0,2,fourier_or_equivariant_pooling,2,4,0.5,0.0,True,1.0
controlled_C4_noise0_seed21,controlled,C4,21,0.0,2,validation_router,2,4,0.5,0.0,True,1.0
controlled_C4_noise0_seed22,controlled,C4,22,0.0,1,uniform_pooling,2,2,0.5,0.0,True,1.0
controlled_C4_noise0_seed22,controlled,C4,22,0.0,1,fourier_or_equivariant_pooling,2,2,0.5,0.0,True,1.0
controlled_C4_noise0_seed22,controlled,C4,22,0.0,1,validation_router,2,2,0.5,0.0,True,1.0
controlled_C4_noise0_seed22,controlled,C4,22,0.0,2,uniform_pooling,2,4,0.5,0.0,True,1.0
controlled_C4_noise0_seed22,controlled,C4,22,0.0,2,fourier_or_equivariant_pooling,2,4,0.5,0.0,True,1.0
controlled_C4_noise0_seed22,controlled,C4,22,0.0,2,validation_router,2,4,0.5,0.0,True,1.0
controlled_C4_noise0_seed23,controlled,C4,23,0.0,1,uniform_pooling,2,2,0.5,0.0,True,1.0
controlled_C4_noise0_seed23,controlled,C4,23,0.0,1,fourier_or_equivariant_pooling,2,2,0.5,0.0,True,1.0
controlled_C4_noise0_seed23,controlled,C4,23,0.0,1,validation_router,2,2,0.5,0.0,True,1.0
controlled_C4_noise0_seed23,controlled,C4,23,0.0,2,uniform_pooling,2,4,0.5,0.0,True,1.0
controlled_C4_noise0_seed23,controlled,C4,23,0.0,2,fourier_or_equivariant_pooling,2,4,0.5,0.0,True,1.0
controlled_C4_noise0_seed23,controlled,C4,23,0.0,2,validation_router,2,4,0.5,0.0,True,1.0
controlled_C4_noise0_seed24,controlled,C4,24,0.0,1,uniform_pooling,2,2,0.5,0.0,True,1.0
controlled_C4_noise0_seed24,controlled,C4,24,0.0,1,fourier_or_equivariant_pooling,2,2,0.5,0.0,True,1.0
controlled_C4_noise0_seed24,controlled,C4,24,0.0,1,validation_router,2,2,0.5,0.0,True,1.0
controlled_C4_noise0_seed24,controlled,C4,24,0.0,2,uniform_pooling,2,4,0.5,0.0,True,1.0
controlled_C4_noise0_seed24,controlled,C4,24,0.0,2,fourier_or_equivariant_pooling,2,4,0.5,0.0,True,1.0
controlled_C4_noise0_seed24,controlled,C4,24,0.0,2,validation_router,2,4,0.5,0.0,True,1.0
controlled_C4_noise0_seed25,controlled,C4,25,0.0,1,uniform_pooling,2,2,0.5,0.0,True,1.0
controlled_C4_noise0_seed25,controlled,C4,25,0.0,1,fourier_or_equivariant_pooling,2,2,0.5,0.0,True,1.0
controlled_C4_noise0_seed25,controlled,C4,25,0.0,1,validation_router,2,2,0.5,0.0,True,1.0
controlled_C4_noise0_seed25,controlled,C4,25,0.0,2,uniform_pooling,2,4,0.5,0.0,True,1.0
controlled_C4_noise0_seed25,controlled,C4,25,0.0,2,fourier_or_equivariant_pooling,2,4,0.5,0.0,True,1.0
controlled_C4_noise0_seed25,controlled,C4,25,0.0,2,validation_router,2,4,0.5,0.0,True,1.0
controlled_C4_noise0_seed26,controlled,C4,26,0.0,1,uniform_pooling,2,2,0.5,0.0,True,1.0
controlled_C4_noise0_seed26,controlled,C4,26,0.0,1,fourier_or_equivariant_pooling,2,2,0.5,0.0,True,1.0
controlled_C4_noise0_seed26,controlled,C4,26,0.0,1,validation_router,2,2,0.5,0.0,True,1.0
controlled_C4_noise0_seed26,controlled,C4,26,0.0,2,uniform_pooling,2,4,0.5,0.0,True,1.0
controlled_C4_noise0_seed26,controlled,C4,26,0.0,2,fourier_or_equivariant_pooling,2,4,0.5,0.0,True,1.0
controlled_C4_noise0_seed26,controlled,C4,26,0.0,2,validation_router,2,4,0.5,0.0,True,1.0
controlled_C4_noise0_seed27,controlled,C4,27,0.0,1,uniform_pooling,2,2,0.5,0.0,True,1.0
controlled_C4_noise0_seed27,controlled,C4,27,0.0,1,fourier_or_equivariant_pooling,2,2,0.5,0.0,True,1.0
controlled_C4_noise0_seed27,controlled,C4,27,0.0,1,validation_router,2,2,0.5,0.0,True,1.0
controlled_C4_noise0_seed27,controlled,C4,27,0.0,2,uniform_pooling,2,4,0.5,0.0,True,1.0
controlled_C4_noise0_seed27,controlled,C4,27,0.0,2,fourier_or_equivariant_pooling,2,4,0.5,0.0,True,1.0
controlled_C4_noise0_seed27,controlled,C4,27,0.0,2,validation_router,2,4,0.5,0.0,True,1.0
controlled_C4_noise0_seed28,controlled,C4,28,0.0,1,uniform_pooling,2,2,0.5,0.0,True,1.0
controlled_C4_noise0_seed28,controlled,C4,28,0.0,1,fourier_or_equivariant_pooling,2,2,0.5,0.0,True,1.0
controlled_C4_noise0_seed28,controlled,C4,28,0.0,1,validation_router,2,2,0.5,0.0,True,1.0
controlled_C4_noise0_seed28,controlled,C4,28,0.0,2,uniform_pooling,2,4,0.5,0.0,True,1.0
controlled_C4_noise0_seed28,controlled,C4,28,0.0,2,fourier_or_equivariant_pooling,2,4,0.5,0.0,True,1.0
controlled_C4_noise0_seed28,controlled,C4,28,0.0,2,validation_router,2,4,0.5,0.0,True,1.0
controlled_C4_noise0_seed29,controlled,C4,29,0.0,1,uniform_pooling,2,2,0.5,0.0,True,1.0
controlled_C4_noise0_seed29,controlled,C4,29,0.0,1,fourier_or_equivariant_pooling,2,2,0.5,0.0,True,1.0
controlled_C4_noise0_seed29,controlled,C4,29,0.0,1,validation_router,2,2,0.5,0.0,True,1.0
controlled_C4_noise0_seed29,controlled,C4,29,0.0,2,uniform_pooling,2,4,0.5,0.0,True,1.0
controlled_C4_noise0_seed29,controlled,C4,29,0.0,2,fourier_or_equivariant_pooling,2,4,0.5,0.0,True,1.0
controlled_C4_noise0_seed29,controlled,C4,29,0.0,2,validation_router,2,4,0.5,0.0,True,1.0
controlled_C4_noise0.25_seed0,controlled,C4,0,0.25,1,uniform_pooling,2,2,0.5,0.0,True,1.0
controlled_C4_noise0.25_seed0,controlled,C4,0,0.25,1,fourier_or_equivariant_pooling,2,2,0.5,0.0,True,1.0
controlled_C4_noise0.25_seed0,controlled,C4,0,0.25,1,validation_router,2,2,0.5,0.0,True,1.0
controlled_C4_noise0.25_seed0,controlled,C4,0,0.25,2,uniform_pooling,2,4,0.5,0.0,True,1.0
controlled_C4_noise0.25_seed0,controlled,C4,0,0.25,2,fourier_or_equivariant_pooling,2,4,0.5,0.0,True,1.0
controlled_C4_noise0.25_seed0,controlled,C4,0,0.25,2,validation_router,2,4,0.5,0.0,True,1.0
controlled_C4_noise0.25_seed1,controlled,C4,1,0.25,1,uniform_pooling,2,2,0.5,0.0,True,1.0
controlled_C4_noise0.25_seed1,controlled,C4,1,0.25,1,fourier_or_equivariant_pooling,2,2,0.5,0.0,True,1.0
controlled_C4_noise0.25_seed1,controlled,C4,1,0.25,1,validation_router,2,2,0.5,0.0,True,1.0
controlled_C4_noise0.25_seed1,controlled,C4,1,0.25,2,uniform_pooling,2,4,0.5,0.0,True,1.0
controlled_C4_noise0.25_seed1,controlled,C4,1,0.25,2,fourier_or_equivariant_pooling,2,4,0.5,0.0,True,1.0
controlled_C4_noise0.25_seed1,controlled,C4,1,0.25,2,validation_router,2,4,0.5,0.0,True,1.0
controlled_C4_noise0.25_seed2,controlled,C4,2,0.25,1,uniform_pooling,2,2,0.5,0.0,True,1.0
controlled_C4_noise0.25_seed2,controlled,C4,2,0.25,1,fourier_or_equivariant_pooling,2,2,0.5,0.0,True,1.0
controlled_C4_noise0.25_seed2,controlled,C4,2,0.25,1,validation_router,2,2,0.5,0.0,True,1.0
controlled_C4_noise0.25_seed2,controlled,C4,2,0.25,2,uniform_pooling,2,4,0.5,0.0,True,1.0
controlled_C4_noise0.25_seed2,controlled,C4,2,0.25,2,fourier_or_equivariant_pooling,2,4,0.5,0.0,True,1.0
controlled_C4_noise0.25_seed2,controlled,C4,2,0.25,2,validation_router,2,4,0.5,0.0,True,1.0
controlled_C4_noise0.25_seed3,controlled,C4,3,0.25,1,uniform_pooling,2,2,0.5,0.0,True,1.0
controlled_C4_noise0.25_seed3,controlled,C4,3,0.25,1,fourier_or_equivariant_pooling,2,2,0.5,0.0,True,1.0
controlled_C4_noise0.25_seed3,controlled,C4,3,0.25,1,validation_router,2,2,0.5,0.0,True,1.0
controlled_C4_noise0.25_seed3,controlled,C4,3,0.25,2,uniform_pooling,2,4,0.5,0.0,True,1.0
controlled_C4_noise0.25_seed3,controlled,C4,3,0.25,2,fourier_or_equivariant_pooling,2,4,0.5,0.0,True,1.0
controlled_C4_noise0.25_seed3,controlled,C4,3,0.25,2,validation_router,2,4,0.5,0.0,True,1.0
controlled_C4_noise0.25_seed4,controlled,C4,4,0.25,1,uniform_pooling,2,2,0.5,0.0,True,1.0
controlled_C4_noise0.25_seed4,controlled,C4,4,0.25,1,fourier_or_equivariant_pooling,2,2,0.5,0.0,True,1.0
controlled_C4_noise0.25_seed4,controlled,C4,4,0.25,1,validation_router,2,2,0.5,0.0,True,1.0
controlled_C4_noise0.25_seed4,controlled,C4,4,0.25,2,uniform_pooling,2,4,0.5,0.0,True,1.0
controlled_C4_noise0.25_seed4,controlled,C4,4,0.25,2,fourier_or_equivariant_pooling,2,4,0.5,0.0,True,1.0
controlled_C4_noise0.25_seed4,controlled,C4,4,0.25,2,validation_router,2,4,0.5,0.0,True,1.0
controlled_C4_noise0.25_seed5,controlled,C4,5,0.25,1,uniform_pooling,2,2,0.5,0.0,True,1.0
controlled_C4_noise0.25_seed5,controlled,C4,5,0.25,1,fourier_or_equivariant_pooling,2,2,0.5,0.0,True,1.0
controlled_C4_noise0.25_seed5,controlled,C4,5,0.25,1,validation_router,2,2,0.5,0.0,True,1.0
controlled_C4_noise0.25_seed5,controlled,C4,5,0.25,2,uniform_pooling,2,4,0.5,0.0,True,1.0
controlled_C4_noise0.25_seed5,controlled,C4,5,0.25,2,fourier_or_equivariant_pooling,2,4,0.5,0.0,True,1.0
controlled_C4_noise0.25_seed5,controlled,C4,5,0.25,2,validation_router,2,4,0.5,0.0,True,1.0
controlled_C4_noise0.25_seed6,controlled,C4,6,0.25,1,uniform_pooling,2,2,0.5,0.0,True,1.0
controlled_C4_noise0.25_seed6,controlled,C4,6,0.25,1,fourier_or_equivariant_pooling,2,2,0.5,0.0,True,1.0
controlled_C4_noise0.25_seed6,controlled,C4,6,0.25,1,validation_router,2,2,0.5,0.0,True,1.0
controlled_C4_noise0.25_seed6,controlled,C4,6,0.25,2,uniform_pooling,2,4,0.5,0.0,True,1.0
controlled_C4_noise0.25_seed6,controlled,C4,6,0.25,2,fourier_or_equivariant_pooling,2,4,0.5,0.0,True,1.0
controlled_C4_noise0.25_seed6,controlled,C4,6,0.25,2,validation_router,2,4,0.5,0.0,True,1.0
controlled_C4_noise0.25_seed7,controlled,C4,7,0.25,1,uniform_pooling,2,2,0.5,0.0,True,1.0
controlled_C4_noise0.25_seed7,controlled,C4,7,0.25,1,fourier_or_equivariant_pooling,2,2,0.5,0.0,True,1.0
controlled_C4_noise0.25_seed7,controlled,C4,7,0.25,1,validation_router,2,2,0.5,0.0,True,1.0
controlled_C4_noise0.25_seed7,controlled,C4,7,0.25,2,uniform_pooling,2,4,0.5,0.0,True,1.0
controlled_C4_noise0.25_seed7,controlled,C4,7,0.25,2,fourier_or_equivariant_pooling,2,4,0.5,0.0,True,1.0
controlled_C4_noise0.25_seed7,controlled,C4,7,0.25,2,validation_router,2,4,0.5,0.0,True,1.0
controlled_C4_noise0.25_seed8,controlled,C4,8,0.25,1,uniform_pooling,2,2,0.5,0.0,True,1.0
controlled_C4_noise0.25_seed8,controlled,C4,8,0.25,1,fourier_or_equivariant_pooling,2,2,0.5,0.0,True,1.0
controlled_C4_noise0.25_seed8,controlled,C4,8,0.25,1,validation_router,2,2,0.5,0.0,True,1.0
controlled_C4_noise0.25_seed8,controlled,C4,8,0.25,2,uniform_pooling,2,4,0.5,0.0,True,1.0
controlled_C4_noise0.25_seed8,controlled,C4,8,0.25,2,fourier_or_equivariant_pooling,2,4,0.5,0.0,True,1.0
controlled_C4_noise0.25_seed8,controlled,C4,8,0.25,2,validation_router,2,4,0.5,0.0,True,1.0
controlled_C4_noise0.25_seed9,controlled,C4,9,0.25,1,uniform_pooling,2,2,0.5,0.0,True,1.0
controlled_C4_noise0.25_seed9,controlled,C4,9,0.25,1,fourier_or_equivariant_pooling,2,2,0.5,0.0,True,1.0
controlled_C4_noise0.25_seed9,controlled,C4,9,0.25,1,validation_router,2,2,0.5,0.0,True,1.0
controlled_C4_noise0.25_seed9,controlled,C4,9,0.25,2,uniform_pooling,2,4,0.5,0.0,True,1.0
controlled_C4_noise0.25_seed9,controlled,C4,9,0.25,2,fourier_or_equivariant_pooling,2,4,0.5,0.0,True,1.0
controlled_C4_noise0.25_seed9,controlled,C4,9,0.25,2,validation_router,2,4,0.5,0.0,True,1.0
controlled_C4_noise0.25_seed10,controlled,C4,10,0.25,1,uniform_pooling,2,2,0.5,0.0,True,1.0
controlled_C4_noise0.25_seed10,controlled,C4,10,0.25,1,fourier_or_equivariant_pooling,2,2,0.5,0.0,True,1.0
controlled_C4_noise0.25_seed10,controlled,C4,10,0.25,1,validation_router,2,2,0.5,0.0,True,1.0
controlled_C4_noise0.25_seed10,controlled,C4,10,0.25,2,uniform_pooling,2,4,0.5,0.0,True,1.0
controlled_C4_noise0.25_seed10,controlled,C4,10,0.25,2,fourier_or_equivariant_pooling,2,4,0.5,0.0,True,1.0
controlled_C4_noise0.25_seed10,controlled,C4,10,0.25,2,validation_router,2,4,0.5,0.0,True,1.0
controlled_C4_noise0.25_seed11,controlled,C4,11,0.25,1,uniform_pooling,2,2,0.5,0.0,True,1.0
controlled_C4_noise0.25_seed11,controlled,C4,11,0.25,1,fourier_or_equivariant_pooling,2,2,0.5,0.0,True,1.0
controlled_C4_noise0.25_seed11,controlled,C4,11,0.25,1,validation_router,2,2,0.5,0.0,True,1.0
controlled_C4_noise0.25_seed11,controlled,C4,11,0.25,2,uniform_pooling,2,4,0.5,0.0,True,1.0
controlled_C4_noise0.25_seed11,controlled,C4,11,0.25,2,fourier_or_equivariant_pooling,2,4,0.5,0.0,True,1.0
controlled_C4_noise0.25_seed11,controlled,C4,11,0.25,2,validation_router,2,4,0.5,0.0,True,1.0
controlled_C4_noise0.25_seed12,controlled,C4,12,0.25,1,uniform_pooling,2,2,0.5,0.0,True,1.0
controlled_C4_noise0.25_seed12,controlled,C4,12,0.25,1,fourier_or_equivariant_pooling,2,2,0.5,0.0,True,1.0
controlled_C4_noise0.25_seed12,controlled,C4,12,0.25,1,validation_router,2,2,0.5,0.0,True,1.0
controlled_C4_noise0.25_seed12,controlled,C4,12,0.25,2,uniform_pooling,2,4,0.5,0.0,True,1.0
controlled_C4_noise0.25_seed12,controlled,C4,12,0.25,2,fourier_or_equivariant_pooling,2,4,0.5,0.0,True,1.0
controlled_C4_noise0.25_seed12,controlled,C4,12,0.25,2,validation_router,2,4,0.5,0.0,True,1.0
controlled_C4_noise0.25_seed13,controlled,C4,13,0.25,1,uniform_pooling,2,2,0.5,0.0,True,1.0
controlled_C4_noise0.25_seed13,controlled,C4,13,0.25,1,fourier_or_equivariant_pooling,2,2,0.5,0.0,True,1.0
controlled_C4_noise0.25_seed13,controlled,C4,13,0.25,1,validation_router,2,2,0.5,0.0,True,1.0
controlled_C4_noise0.25_seed13,controlled,C4,13,0.25,2,uniform_pooling,2,4,0.5,0.0,True,1.0
controlled_C4_noise0.25_seed13,controlled,C4,13,0.25,2,fourier_or_equivariant_pooling,2,4,0.5,0.0,True,1.0
controlled_C4_noise0.25_seed13,controlled,C4,13,0.25,2,validation_router,2,4,0.5,0.0,True,1.0
controlled_C4_noise0.25_seed14,controlled,C4,14,0.25,1,uniform_pooling,2,2,0.5,0.0,True,1.0
controlled_C4_noise0.25_seed14,controlled,C4,14,0.25,1,fourier_or_equivariant_pooling,2,2,0.5,0.0,True,1.0
controlled_C4_noise0.25_seed14,controlled,C4,14,0.25,1,validation_router,2,2,0.5,0.0,True,1.0
controlled_C4_noise0.25_seed14,controlled,C4,14,0.25,2,uniform_pooling,2,4,0.5,0.0,True,1.0
controlled_C4_noise0.25_seed14,controlled,C4,14,0.25,2,fourier_or_equivariant_pooling,2,4,0.5,0.0,True,1.0
controlled_C4_noise0.25_seed14,controlled,C4,14,0.25,2,validation_router,2,4,0.5,0.0,True,1.0
controlled_C4_noise0.25_seed15,controlled,C4,15,0.25,1,uniform_pooling,2,2,0.5,0.0,True,1.0
controlled_C4_noise0.25_seed15,controlled,C4,15,0.25,1,fourier_or_equivariant_pooling,2,2,0.5,0.0,True,1.0
controlled_C4_noise0.25_seed15,controlled,C4,15,0.25,1,validation_router,2,2,0.5,0.0,True,1.0
controlled_C4_noise0.25_seed15,controlled,C4,15,0.25,2,uniform_pooling,2,4,0.5,0.0,True,1.0
controlled_C4_noise0.25_seed15,controlled,C4,15,0.25,2,fourier_or_equivariant_pooling,2,4,0.5,0.0,True,1.0
controlled_C4_noise0.25_seed15,controlled,C4,15,0.25,2,validation_router,2,4,0.5,0.0,True,1.0
controlled_C4_noise0.25_seed16,controlled,C4,16,0.25,1,uniform_pooling,2,2,0.5,0.0,True,1.0
controlled_C4_noise0.25_seed16,controlled,C4,16,0.25,1,fourier_or_equivariant_pooling,2,2,0.5,0.0,True,1.0
controlled_C4_noise0.25_seed16,controlled,C4,16,0.25,1,validation_router,2,2,0.5,0.0,True,1.0
controlled_C4_noise0.25_seed16,controlled,C4,16,0.25,2,uniform_pooling,2,4,0.5,0.0,True,1.0
controlled_C4_noise0.25_seed16,controlled,C4,16,0.25,2,fourier_or_equivariant_pooling,2,4,0.5,0.0,True,1.0
controlled_C4_noise0.25_seed16,controlled,C4,16,0.25,2,validation_router,2,4,0.5,0.0,True,1.0
controlled_C4_noise0.25_seed17,controlled,C4,17,0.25,1,uniform_pooling,2,2,0.5,0.0,True,1.0
controlled_C4_noise0.25_seed17,controlled,C4,17,0.25,1,fourier_or_equivariant_pooling,2,2,0.5,0.0,True,1.0
controlled_C4_noise0.25_seed17,controlled,C4,17,0.25,1,validation_router,2,2,0.5,0.0,True,1.0
controlled_C4_noise0.25_seed17,controlled,C4,17,0.25,2,uniform_pooling,2,4,0.5,0.0,True,1.0
controlled_C4_noise0.25_seed17,controlled,C4,17,0.25,2,fourier_or_equivariant_pooling,2,4,0.5,0.0,True,1.0
controlled_C4_noise0.25_seed17,controlled,C4,17,0.25,2,validation_router,2,4,0.5,0.0,True,1.0
controlled_C4_noise0.25_seed18,controlled,C4,18,0.25,1,uniform_pooling,2,2,0.5,0.0,True,1.0
controlled_C4_noise0.25_seed18,controlled,C4,18,0.25,1,fourier_or_equivariant_pooling,2,2,0.5,0.0,True,1.0
controlled_C4_noise0.25_seed18,controlled,C4,18,0.25,1,validation_router,2,2,0.5,0.0,True,1.0
controlled_C4_noise0.25_seed18,controlled,C4,18,0.25,2,uniform_pooling,2,4,0.5,0.0,True,1.0
controlled_C4_noise0.25_seed18,controlled,C4,18,0.25,2,fourier_or_equivariant_pooling,2,4,0.5,0.0,True,1.0
controlled_C4_noise0.25_seed18,controlled,C4,18,0.25,2,validation_router,2,4,0.5,0.0,True,1.0
controlled_C4_noise0.25_seed19,controlled,C4,19,0.25,1,uniform_pooling,2,2,0.5,0.0,True,1.0
controlled_C4_noise0.25_seed19,controlled,C4,19,0.25,1,fourier_or_equivariant_pooling,2,2,0.5,0.0,True,1.0
controlled_C4_noise0.25_seed19,controlled,C4,19,0.25,1,validation_router,2,2,0.5,0.0,True,1.0
controlled_C4_noise0.25_seed19,controlled,C4,19,0.25,2,uniform_pooling,2,4,0.5,0.0,True,1.0
controlled_C4_noise0.25_seed19,controlled,C4,19,0.25,2,fourier_or_equivariant_pooling,2,4,0.5,0.0,True,1.0
controlled_C4_noise0.25_seed19,controlled,C4,19,0.25,2,validation_router,2,4,0.5,0.0,True,1.0
controlled_C4_noise0.25_seed20,controlled,C4,20,0.25,1,uniform_pooling,2,2,0.5,0.0,True,1.0
controlled_C4_noise0.25_seed20,controlled,C4,20,0.25,1,fourier_or_equivariant_pooling,2,2,0.5,0.0,True,1.0
controlled_C4_noise0.25_seed20,controlled,C4,20,0.25,1,validation_router,2,2,0.5,0.0,True,1.0
controlled_C4_noise0.25_seed20,controlled,C4,20,0.25,2,uniform_pooling,2,4,0.5,0.0,True,1.0
controlled_C4_noise0.25_seed20,controlled,C4,20,0.25,2,fourier_or_equivariant_pooling,2,4,0.5,0.0,True,1.0
controlled_C4_noise0.25_seed20,controlled,C4,20,0.25,2,validation_router,2,4,0.5,0.0,True,1.0
controlled_C4_noise0.25_seed21,controlled,C4,21,0.25,1,uniform_pooling,2,2,0.5,0.0,True,1.0
controlled_C4_noise0.25_seed21,controlled,C4,21,0.25,1,fourier_or_equivariant_pooling,2,2,0.5,0.0,True,1.0
controlled_C4_noise0.25_seed21,controlled,C4,21,0.25,1,validation_router,2,2,0.5,0.0,True,1.0
controlled_C4_noise0.25_seed21,controlled,C4,21,0.25,2,uniform_pooling,2,4,0.5,0.0,True,1.0
controlled_C4_noise0.25_seed21,controlled,C4,21,0.25,2,fourier_or_equivariant_pooling,2,4,0.5,0.0,True,1.0
controlled_C4_noise0.25_seed21,controlled,C4,21,0.25,2,validation_router,2,4,0.5,0.0,True,1.0
controlled_C4_noise0.25_seed22,controlled,C4,22,0.25,1,uniform_pooling,2,2,0.5,0.0,True,1.0
controlled_C4_noise0.25_seed22,controlled,C4,22,0.25,1,fourier_or_equivariant_pooling,2,2,0.5,0.0,True,1.0
controlled_C4_noise0.25_seed22,controlled,C4,22,0.25,1,validation_router,2,2,0.5,0.0,True,1.0
controlled_C4_noise0.25_seed22,controlled,C4,22,0.25,2,uniform_pooling,2,4,0.5,0.0,True,1.0
controlled_C4_noise0.25_seed22,controlled,C4,22,0.25,2,fourier_or_equivariant_pooling,2,4,0.5,0.0,True,1.0
controlled_C4_noise0.25_seed22,controlled,C4,22,0.25,2,validation_router,2,4,0.5,0.0,True,1.0
controlled_C4_noise0.25_seed23,controlled,C4,23,0.25,1,uniform_pooling,2,2,0.5,0.0,True,1.0
controlled_C4_noise0.25_seed23,controlled,C4,23,0.25,1,fourier_or_equivariant_pooling,2,2,0.5,0.0,True,1.0
controlled_C4_noise0.25_seed23,controlled,C4,23,0.25,1,validation_router,2,2,0.5,0.0,True,1.0
controlled_C4_noise0.25_seed23,controlled,C4,23,0.25,2,uniform_pooling,2,4,0.5,0.0,True,1.0
controlled_C4_noise0.25_seed23,controlled,C4,23,0.25,2,fourier_or_equivariant_pooling,2,4,0.5,0.0,True,1.0
controlled_C4_noise0.25_seed23,controlled,C4,23,0.25,2,validation_router,2,4,0.5,0.0,True,1.0
controlled_C4_noise0.25_seed24,controlled,C4,24,0.25,1,uniform_pooling,2,2,0.5,0.0,True,1.0
controlled_C4_noise0.25_seed24,controlled,C4,24,0.25,1,fourier_or_equivariant_pooling,2,2,0.5,0.0,True,1.0
controlled_C4_noise0.25_seed24,controlled,C4,24,0.25,1,validation_router,2,2,0.5,0.0,True,1.0
controlled_C4_noise0.25_seed24,controlled,C4,24,0.25,2,uniform_pooling,2,4,0.5,0.0,True,1.0
controlled_C4_noise0.25_seed24,controlled,C4,24,0.25,2,fourier_or_equivariant_pooling,2,4,0.5,0.0,True,1.0
controlled_C4_noise0.25_seed24,controlled,C4,24,0.25,2,validation_router,2,4,0.5,0.0,True,1.0
controlled_C4_noise0.25_seed25,controlled,C4,25,0.25,1,uniform_pooling,2,2,0.5,0.0,True,1.0
controlled_C4_noise0.25_seed25,controlled,C4,25,0.25,1,fourier_or_equivariant_pooling,2,2,0.5,0.0,True,1.0
controlled_C4_noise0.25_seed25,controlled,C4,25,0.25,1,validation_router,2,2,0.5,0.0,True,1.0
controlled_C4_noise0.25_seed25,controlled,C4,25,0.25,2,uniform_pooling,2,4,0.5,0.0,True,1.0
controlled_C4_noise0.25_seed25,controlled,C4,25,0.25,2,fourier_or_equivariant_pooling,2,4,0.5,0.0,True,1.0
controlled_C4_noise0.25_seed25,controlled,C4,25,0.25,2,validation_router,2,4,0.5,0.0,True,1.0
controlled_C4_noise0.25_seed26,controlled,C4,26,0.25,1,uniform_pooling,2,2,0.5,0.0,True,1.0
controlled_C4_noise0.25_seed26,controlled,C4,26,0.25,1,fourier_or_equivariant_pooling,2,2,0.5,0.0,True,1.0
controlled_C4_noise0.25_seed26,controlled,C4,26,0.25,1,validation_router,2,2,0.5,0.0,True,1.0
controlled_C4_noise0.25_seed26,controlled,C4,26,0.25,2,uniform_pooling,2,4,0.5,0.0,True,1.0
controlled_C4_noise0.25_seed26,controlled,C4,26,0.25,2,fourier_or_equivariant_pooling,2,4,0.5,0.0,True,1.0
controlled_C4_noise0.25_seed26,controlled,C4,26,0.25,2,validation_router,2,4,0.5,0.0,True,1.0
controlled_C4_noise0.25_seed27,controlled,C4,27,0.25,1,uniform_pooling,2,2,0.5,0.0,True,1.0
controlled_C4_noise0.25_seed27,controlled,C4,27,0.25,1,fourier_or_equivariant_pooling,2,2,0.5,0.0,True,1.0
controlled_C4_noise0.25_seed27,controlled,C4,27,0.25,1,validation_router,2,2,0.5,0.0,True,1.0
controlled_C4_noise0.25_seed27,controlled,C4,27,0.25,2,uniform_pooling,2,4,0.5,0.0,True,1.0
controlled_C4_noise0.25_seed27,controlled,C4,27,0.25,2,fourier_or_equivariant_pooling,2,4,0.5,0.0,True,1.0
controlled_C4_noise0.25_seed27,controlled,C4,27,0.25,2,validation_router,2,4,0.5,0.0,True,1.0
controlled_C4_noise0.25_seed28,controlled,C4,28,0.25,1,uniform_pooling,2,2,0.5,0.0,True,1.0
controlled_C4_noise0.25_seed28,controlled,C4,28,0.25,1,fourier_or_equivariant_pooling,2,2,0.5,0.0,True,1.0
controlled_C4_noise0.25_seed28,controlled,C4,28,0.25,1,validation_router,2,2,0.5,0.0,True,1.0
controlled_C4_noise0.25_seed28,controlled,C4,28,0.25,2,uniform_pooling,2,4,0.5,0.0,True,1.0
controlled_C4_noise0.25_seed28,controlled,C4,28,0.25,2,fourier_or_equivariant_pooling,2,4,0.5,0.0,True,1.0
controlled_C4_noise0.25_seed28,controlled,C4,28,0.25,2,validation_router,2,4,0.5,0.0,True,1.0
controlled_C4_noise0.25_seed29,controlled,C4,29,0.25,1,uniform_pooling,2,2,0.5,0.0,True,1.0
controlled_C4_noise0.25_seed29,controlled,C4,29,0.25,1,fourier_or_equivariant_pooling,2,2,0.5,0.0,True,1.0
controlled_C4_noise0.25_seed29,controlled,C4,29,0.25,1,validation_router,2,2,0.5,0.0,True,1.0
controlled_C4_noise0.25_seed29,controlled,C4,29,0.25,2,uniform_pooling,2,4,0.5,0.0,True,1.0
controlled_C4_noise0.25_seed29,controlled,C4,29,0.25,2,fourier_or_equivariant_pooling,2,4,0.5,0.0,True,1.0
controlled_C4_noise0.25_seed29,controlled,C4,29,0.25,2,validation_router,2,4,0.5,0.0,True,1.0
controlled_C4_noise0.5_seed0,controlled,C4,0,0.5,1,uniform_pooling,2,2,0.5,0.0,True,1.0
controlled_C4_noise0.5_seed0,controlled,C4,0,0.5,1,fourier_or_equivariant_pooling,2,2,0.5,0.0,True,1.0
controlled_C4_noise0.5_seed0,controlled,C4,0,0.5,1,validation_router,2,2,0.5,0.0,True,1.0
controlled_C4_noise0.5_seed0,controlled,C4,0,0.5,2,uniform_pooling,2,4,0.5,0.0,True,1.0
controlled_C4_noise0.5_seed0,controlled,C4,0,0.5,2,fourier_or_equivariant_pooling,2,4,0.5,0.0,True,1.0
controlled_C4_noise0.5_seed0,controlled,C4,0,0.5,2,validation_router,2,4,0.5,0.0,True,1.0
controlled_C4_noise0.5_seed1,controlled,C4,1,0.5,1,uniform_pooling,2,2,0.5,0.0,True,1.0
controlled_C4_noise0.5_seed1,controlled,C4,1,0.5,1,fourier_or_equivariant_pooling,2,2,0.5,0.0,True,1.0
controlled_C4_noise0.5_seed1,controlled,C4,1,0.5,1,validation_router,2,2,0.5,0.0,True,1.0
controlled_C4_noise0.5_seed1,controlled,C4,1,0.5,2,uniform_pooling,2,4,0.5,0.0,True,1.0
controlled_C4_noise0.5_seed1,controlled,C4,1,0.5,2,fourier_or_equivariant_pooling,2,4,0.5,0.0,True,1.0
controlled_C4_noise0.5_seed1,controlled,C4,1,0.5,2,validation_router,2,4,0.5,0.0,True,1.0
controlled_C4_noise0.5_seed2,controlled,C4,2,0.5,1,uniform_pooling,2,2,0.5,0.0,True,1.0
controlled_C4_noise0.5_seed2,controlled,C4,2,0.5,1,fourier_or_equivariant_pooling,2,2,0.5,0.0,True,1.0
controlled_C4_noise0.5_seed2,controlled,C4,2,0.5,1,validation_router,2,2,0.5,0.0,True,1.0
controlled_C4_noise0.5_seed2,controlled,C4,2,0.5,2,uniform_pooling,2,4,0.5,0.0,True,1.0
controlled_C4_noise0.5_seed2,controlled,C4,2,0.5,2,fourier_or_equivariant_pooling,2,4,0.5,0.0,True,1.0
controlled_C4_noise0.5_seed2,controlled,C4,2,0.5,2,validation_router,2,4,0.5,0.0,True,1.0
controlled_C4_noise0.5_seed3,controlled,C4,3,0.5,1,uniform_pooling,2,2,0.5,0.0,True,1.0
controlled_C4_noise0.5_seed3,controlled,C4,3,0.5,1,fourier_or_equivariant_pooling,2,2,0.5,0.0,True,1.0
controlled_C4_noise0.5_seed3,controlled,C4,3,0.5,1,validation_router,2,2,0.5,0.0,True,1.0
controlled_C4_noise0.5_seed3,controlled,C4,3,0.5,2,uniform_pooling,2,4,0.5,0.0,True,1.0
controlled_C4_noise0.5_seed3,controlled,C4,3,0.5,2,fourier_or_equivariant_pooling,2,4,0.5,0.0,True,1.0
controlled_C4_noise0.5_seed3,controlled,C4,3,0.5,2,validation_router,2,4,0.5,0.0,True,1.0
controlled_C4_noise0.5_seed4,controlled,C4,4,0.5,1,uniform_pooling,2,2,0.5,0.0,True,1.0
controlled_C4_noise0.5_seed4,controlled,C4,4,0.5,1,fourier_or_equivariant_pooling,2,2,0.5,0.0,True,1.0
controlled_C4_noise0.5_seed4,controlled,C4,4,0.5,1,validation_router,2,2,0.5,0.0,True,1.0
controlled_C4_noise0.5_seed4,controlled,C4,4,0.5,2,uniform_pooling,2,4,0.5,0.0,True,1.0
controlled_C4_noise0.5_seed4,controlled,C4,4,0.5,2,fourier_or_equivariant_pooling,2,4,0.5,0.0,True,1.0
controlled_C4_noise0.5_seed4,controlled,C4,4,0.5,2,validation_router,2,4,0.5,0.0,True,1.0
controlled_C4_noise0.5_seed5,controlled,C4,5,0.5,1,uniform_pooling,2,2,0.5,0.0,True,1.0
controlled_C4_noise0.5_seed5,controlled,C4,5,0.5,1,fourier_or_equivariant_pooling,2,2,0.5,0.0,True,1.0
controlled_C4_noise0.5_seed5,controlled,C4,5,0.5,1,validation_router,2,2,0.5,0.0,True,1.0
controlled_C4_noise0.5_seed5,controlled,C4,5,0.5,2,uniform_pooling,2,4,0.5,0.0,True,1.0
controlled_C4_noise0.5_seed5,controlled,C4,5,0.5,2,fourier_or_equivariant_pooling,2,4,0.5,0.0,True,1.0
controlled_C4_noise0.5_seed5,controlled,C4,5,0.5,2,validation_router,2,4,0.5,0.0,True,1.0
controlled_C4_noise0.5_seed6,controlled,C4,6,0.5,1,uniform_pooling,2,2,0.5,0.0,True,1.0
controlled_C4_noise0.5_seed6,controlled,C4,6,0.5,1,fourier_or_equivariant_pooling,2,2,0.5,0.0,True,1.0
controlled_C4_noise0.5_seed6,controlled,C4,6,0.5,1,validation_router,2,2,0.5,0.0,True,1.0
controlled_C4_noise0.5_seed6,controlled,C4,6,0.5,2,uniform_pooling,2,4,0.5,0.0,True,1.0
controlled_C4_noise0.5_seed6,controlled,C4,6,0.5,2,fourier_or_equivariant_pooling,2,4,0.5,0.0,True,1.0
controlled_C4_noise0.5_seed6,controlled,C4,6,0.5,2,validation_router,2,4,0.5,0.0,True,1.0
controlled_C4_noise0.5_seed7,controlled,C4,7,0.5,1,uniform_pooling,2,2,0.5,0.0,True,1.0
controlled_C4_noise0.5_seed7,controlled,C4,7,0.5,1,fourier_or_equivariant_pooling,2,2,0.5,0.0,True,1.0
controlled_C4_noise0.5_seed7,controlled,C4,7,0.5,1,validation_router,2,2,0.5,0.0,True,1.0
controlled_C4_noise0.5_seed7,controlled,C4,7,0.5,2,uniform_pooling,2,4,0.5,0.0,True,1.0
controlled_C4_noise0.5_seed7,controlled,C4,7,0.5,2,fourier_or_equivariant_pooling,2,4,0.5,0.0,True,1.0
controlled_C4_noise0.5_seed7,controlled,C4,7,0.5,2,validation_router,2,4,0.5,0.0,True,1.0
controlled_C4_noise0.5_seed8,controlled,C4,8,0.5,1,uniform_pooling,2,2,0.5,0.0,True,1.0
controlled_C4_noise0.5_seed8,controlled,C4,8,0.5,1,fourier_or_equivariant_pooling,2,2,0.5,0.0,True,1.0
controlled_C4_noise0.5_seed8,controlled,C4,8,0.5,1,validation_router,2,2,0.5,0.0,True,1.0
controlled_C4_noise0.5_seed8,controlled,C4,8,0.5,2,uniform_pooling,2,4,0.5,0.0,True,1.0
controlled_C4_noise0.5_seed8,controlled,C4,8,0.5,2,fourier_or_equivariant_pooling,2,4,0.5,0.0,True,1.0
controlled_C4_noise0.5_seed8,controlled,C4,8,0.5,2,validation_router,2,4,0.5,0.0,True,1.0
controlled_C4_noise0.5_seed9,controlled,C4,9,0.5,1,uniform_pooling,2,2,0.5,0.0,True,1.0
controlled_C4_noise0.5_seed9,controlled,C4,9,0.5,1,fourier_or_equivariant_pooling,2,2,0.5,0.0,True,1.0
controlled_C4_noise0.5_seed9,controlled,C4,9,0.5,1,validation_router,2,2,0.5,0.0,True,1.0
controlled_C4_noise0.5_seed9,controlled,C4,9,0.5,2,uniform_pooling,2,4,0.5,0.0,True,1.0
controlled_C4_noise0.5_seed9,controlled,C4,9,0.5,2,fourier_or_equivariant_pooling,2,4,0.5,0.0,True,1.0
controlled_C4_noise0.5_seed9,controlled,C4,9,0.5,2,validation_router,2,4,0.5,0.0,True,1.0
controlled_C4_noise0.5_seed10,controlled,C4,10,0.5,1,uniform_pooling,2,2,0.5,0.0,True,1.0
controlled_C4_noise0.5_seed10,controlled,C4,10,0.5,1,fourier_or_equivariant_pooling,2,2,0.5,0.0,True,1.0
controlled_C4_noise0.5_seed10,controlled,C4,10,0.5,1,validation_router,2,2,0.5,0.0,True,1.0
controlled_C4_noise0.5_seed10,controlled,C4,10,0.5,2,uniform_pooling,2,4,0.5,0.0,True,1.0
controlled_C4_noise0.5_seed10,controlled,C4,10,0.5,2,fourier_or_equivariant_pooling,2,4,0.5,0.0,True,1.0
controlled_C4_noise0.5_seed10,controlled,C4,10,0.5,2,validation_router,2,4,0.5,0.0,True,1.0
controlled_C4_noise0.5_seed11,controlled,C4,11,0.5,1,uniform_pooling,2,2,0.5,0.0,True,1.0
controlled_C4_noise0.5_seed11,controlled,C4,11,0.5,1,fourier_or_equivariant_pooling,2,2,0.5,0.0,True,1.0
controlled_C4_noise0.5_seed11,controlled,C4,11,0.5,1,validation_router,2,2,0.5,0.0,True,1.0
controlled_C4_noise0.5_seed11,controlled,C4,11,0.5,2,uniform_pooling,2,4,0.5,0.0,True,1.0
controlled_C4_noise0.5_seed11,controlled,C4,11,0.5,2,fourier_or_equivariant_pooling,2,4,0.5,0.0,True,1.0
controlled_C4_noise0.5_seed11,controlled,C4,11,0.5,2,validation_router,2,4,0.5,0.0,True,1.0
controlled_C4_noise0.5_seed12,controlled,C4,12,0.5,1,uniform_pooling,2,2,0.5,0.0,True,1.0
controlled_C4_noise0.5_seed12,controlled,C4,12,0.5,1,fourier_or_equivariant_pooling,2,2,0.5,0.0,True,1.0
controlled_C4_noise0.5_seed12,controlled,C4,12,0.5,1,validation_router,2,2,0.5,0.0,True,1.0
controlled_C4_noise0.5_seed12,controlled,C4,12,0.5,2,uniform_pooling,2,4,0.5,0.0,True,1.0
controlled_C4_noise0.5_seed12,controlled,C4,12,0.5,2,fourier_or_equivariant_pooling,2,4,0.5,0.0,True,1.0
controlled_C4_noise0.5_seed12,controlled,C4,12,0.5,2,validation_router,2,4,0.5,0.0,True,1.0
controlled_C4_noise0.5_seed13,controlled,C4,13,0.5,1,uniform_pooling,2,2,0.5,0.0,True,1.0
controlled_C4_noise0.5_seed13,controlled,C4,13,0.5,1,fourier_or_equivariant_pooling,2,2,0.5,0.0,True,1.0
controlled_C4_noise0.5_seed13,controlled,C4,13,0.5,1,validation_router,2,2,0.5,0.0,True,1.0
controlled_C4_noise0.5_seed13,controlled,C4,13,0.5,2,uniform_pooling,2,4,0.5,0.0,True,1.0
controlled_C4_noise0.5_seed13,controlled,C4,13,0.5,2,fourier_or_equivariant_pooling,2,4,0.5,0.0,True,1.0
controlled_C4_noise0.5_seed13,controlled,C4,13,0.5,2,validation_router,2,4,0.5,0.0,True,1.0
controlled_C4_noise0.5_seed14,controlled,C4,14,0.5,1,uniform_pooling,2,2,0.5,0.0,True,1.0
controlled_C4_noise0.5_seed14,controlled,C4,14,0.5,1,fourier_or_equivariant_pooling,2,2,0.5,0.0,True,1.0
controlled_C4_noise0.5_seed14,controlled,C4,14,0.5,1,validation_router,2,2,0.5,0.0,True,1.0
controlled_C4_noise0.5_seed14,controlled,C4,14,0.5,2,uniform_pooling,2,4,0.5,0.0,True,1.0
controlled_C4_noise0.5_seed14,controlled,C4,14,0.5,2,fourier_or_equivariant_pooling,2,4,0.5,0.0,True,1.0
controlled_C4_noise0.5_seed14,controlled,C4,14,0.5,2,validation_router,2,4,0.5,0.0,True,1.0
controlled_C4_noise0.5_seed15,controlled,C4,15,0.5,1,uniform_pooling,2,2,0.5,0.0,True,1.0
controlled_C4_noise0.5_seed15,controlled,C4,15,0.5,1,fourier_or_equivariant_pooling,2,2,0.5,0.0,True,1.0
controlled_C4_noise0.5_seed15,controlled,C4,15,0.5,1,validation_router,2,2,0.5,0.0,True,1.0
controlled_C4_noise0.5_seed15,controlled,C4,15,0.5,2,uniform_pooling,2,4,0.5,0.0,True,1.0
controlled_C4_noise0.5_seed15,controlled,C4,15,0.5,2,fourier_or_equivariant_pooling,2,4,0.5,0.0,True,1.0
controlled_C4_noise0.5_seed15,controlled,C4,15,0.5,2,validation_router,2,4,0.5,0.0,True,1.0
controlled_C4_noise0.5_seed16,controlled,C4,16,0.5,1,uniform_pooling,2,2,0.5,0.0,True,1.0
controlled_C4_noise0.5_seed16,controlled,C4,16,0.5,1,fourier_or_equivariant_pooling,2,2,0.5,0.0,True,1.0
controlled_C4_noise0.5_seed16,controlled,C4,16,0.5,1,validation_router,2,2,0.5,0.0,True,1.0
controlled_C4_noise0.5_seed16,controlled,C4,16,0.5,2,uniform_pooling,2,4,0.5,0.0,True,1.0
controlled_C4_noise0.5_seed16,controlled,C4,16,0.5,2,fourier_or_equivariant_pooling,2,4,0.5,0.0,True,1.0
controlled_C4_noise0.5_seed16,controlled,C4,16,0.5,2,validation_router,2,4,0.5,0.0,True,1.0
controlled_C4_noise0.5_seed17,controlled,C4,17,0.5,1,uniform_pooling,2,2,0.5,0.0,True,1.0
controlled_C4_noise0.5_seed17,controlled,C4,17,0.5,1,fourier_or_equivariant_pooling,2,2,0.5,0.0,True,1.0
controlled_C4_noise0.5_seed17,controlled,C4,17,0.5,1,validation_router,2,2,0.5,0.0,True,1.0
controlled_C4_noise0.5_seed17,controlled,C4,17,0.5,2,uniform_pooling,2,4,0.5,0.0,True,1.0
controlled_C4_noise0.5_seed17,controlled,C4,17,0.5,2,fourier_or_equivariant_pooling,2,4,0.5,0.0,True,1.0
controlled_C4_noise0.5_seed17,controlled,C4,17,0.5,2,validation_router,2,4,0.5,0.0,True,1.0
controlled_C4_noise0.5_seed18,controlled,C4,18,0.5,1,uniform_pooling,2,2,0.5,0.0,True,1.0
controlled_C4_noise0.5_seed18,controlled,C4,18,0.5,1,fourier_or_equivariant_pooling,2,2,0.5,0.0,True,1.0
controlled_C4_noise0.5_seed18,controlled,C4,18,0.5,1,validation_router,2,2,0.5,0.0,True,1.0
controlled_C4_noise0.5_seed18,controlled,C4,18,0.5,2,uniform_pooling,2,4,0.5,0.0,True,1.0
controlled_C4_noise0.5_seed18,controlled,C4,18,0.5,2,fourier_or_equivariant_pooling,2,4,0.5,0.0,True,1.0
controlled_C4_noise0.5_seed18,controlled,C4,18,0.5,2,validation_router,2,4,0.5,0.0,True,1.0
controlled_C4_noise0.5_seed19,controlled,C4,19,0.5,1,uniform_pooling,2,2,0.5,0.0,True,1.0
controlled_C4_noise0.5_seed19,controlled,C4,19,0.5,1,fourier_or_equivariant_pooling,2,2,0.5,0.0,True,1.0
controlled_C4_noise0.5_seed19,controlled,C4,19,0.5,1,validation_router,2,2,0.5,0.0,True,1.0
controlled_C4_noise0.5_seed19,controlled,C4,19,0.5,2,uniform_pooling,2,4,0.5,0.0,True,1.0
controlled_C4_noise0.5_seed19,controlled,C4,19,0.5,2,fourier_or_equivariant_pooling,2,4,0.5,0.0,True,1.0
controlled_C4_noise0.5_seed19,controlled,C4,19,0.5,2,validation_router,2,4,0.5,0.0,True,1.0
controlled_C4_noise0.5_seed20,controlled,C4,20,0.5,1,uniform_pooling,2,2,0.5,0.0,True,1.0
controlled_C4_noise0.5_seed20,controlled,C4,20,0.5,1,fourier_or_equivariant_pooling,2,2,0.5,0.0,True,1.0
controlled_C4_noise0.5_seed20,controlled,C4,20,0.5,1,validation_router,2,2,0.5,0.0,True,1.0
controlled_C4_noise0.5_seed20,controlled,C4,20,0.5,2,uniform_pooling,2,4,0.5,0.0,True,1.0
controlled_C4_noise0.5_seed20,controlled,C4,20,0.5,2,fourier_or_equivariant_pooling,2,4,0.5,0.0,True,1.0
controlled_C4_noise0.5_seed20,controlled,C4,20,0.5,2,validation_router,2,4,0.5,0.0,True,1.0
controlled_C4_noise0.5_seed21,controlled,C4,21,0.5,1,uniform_pooling,2,2,0.5,0.0,True,1.0
controlled_C4_noise0.5_seed21,controlled,C4,21,0.5,1,fourier_or_equivariant_pooling,2,2,0.5,0.0,True,1.0
controlled_C4_noise0.5_seed21,controlled,C4,21,0.5,1,validation_router,2,2,0.5,0.0,True,1.0
controlled_C4_noise0.5_seed21,controlled,C4,21,0.5,2,uniform_pooling,2,4,0.5,0.0,True,1.0
controlled_C4_noise0.5_seed21,controlled,C4,21,0.5,2,fourier_or_equivariant_pooling,2,4,0.5,0.0,True,1.0
controlled_C4_noise0.5_seed21,controlled,C4,21,0.5,2,validation_router,2,4,0.5,0.0,True,1.0
controlled_C4_noise0.5_seed22,controlled,C4,22,0.5,1,uniform_pooling,2,2,0.5,0.0,True,1.0
controlled_C4_noise0.5_seed22,controlled,C4,22,0.5,1,fourier_or_equivariant_pooling,2,2,0.5,0.0,True,1.0
controlled_C4_noise0.5_seed22,controlled,C4,22,0.5,1,validation_router,2,2,0.5,0.0,True,1.0
controlled_C4_noise0.5_seed22,controlled,C4,22,0.5,2,uniform_pooling,2,4,0.5,0.0,True,1.0
controlled_C4_noise0.5_seed22,controlled,C4,22,0.5,2,fourier_or_equivariant_pooling,2,4,0.5,0.0,True,1.0
controlled_C4_noise0.5_seed22,controlled,C4,22,0.5,2,validation_router,2,4,0.5,0.0,True,1.0
controlled_C4_noise0.5_seed23,controlled,C4,23,0.5,1,uniform_pooling,2,2,0.5,0.0,True,1.0
controlled_C4_noise0.5_seed23,controlled,C4,23,0.5,1,fourier_or_equivariant_pooling,2,2,0.5,0.0,True,1.0
controlled_C4_noise0.5_seed23,controlled,C4,23,0.5,1,validation_router,2,2,0.5,0.0,True,1.0
controlled_C4_noise0.5_seed23,controlled,C4,23,0.5,2,uniform_pooling,2,4,0.5,0.0,True,1.0
controlled_C4_noise0.5_seed23,controlled,C4,23,0.5,2,fourier_or_equivariant_pooling,2,4,0.5,0.0,True,1.0
controlled_C4_noise0.5_seed23,controlled,C4,23,0.5,2,validation_router,2,4,0.5,0.0,True,1.0
controlled_C4_noise0.5_seed24,controlled,C4,24,0.5,1,uniform_pooling,2,2,0.5,0.0,True,1.0
controlled_C4_noise0.5_seed24,controlled,C4,24,0.5,1,fourier_or_equivariant_pooling,2,2,0.5,0.0,True,1.0
controlled_C4_noise0.5_seed24,controlled,C4,24,0.5,1,validation_router,2,2,0.5,0.0,True,1.0
controlled_C4_noise0.5_seed24,controlled,C4,24,0.5,2,uniform_pooling,2,4,0.5,0.0,True,1.0
controlled_C4_noise0.5_seed24,controlled,C4,24,0.5,2,fourier_or_equivariant_pooling,2,4,0.5,0.0,True,1.0
controlled_C4_noise0.5_seed24,controlled,C4,24,0.5,2,validation_router,2,4,0.5,0.0,True,1.0
controlled_C4_noise0.5_seed25,controlled,C4,25,0.5,1,uniform_pooling,2,2,0.5,0.0,True,1.0
controlled_C4_noise0.5_seed25,controlled,C4,25,0.5,1,fourier_or_equivariant_pooling,2,2,0.5,0.0,True,1.0
controlled_C4_noise0.5_seed25,controlled,C4,25,0.5,1,validation_router,2,2,0.5,0.0,True,1.0
controlled_C4_noise0.5_seed25,controlled,C4,25,0.5,2,uniform_pooling,2,4,0.5,0.0,True,1.0
controlled_C4_noise0.5_seed25,controlled,C4,25,0.5,2,fourier_or_equivariant_pooling,2,4,0.5,0.0,True,1.0
controlled_C4_noise0.5_seed25,controlled,C4,25,0.5,2,validation_router,2,4,0.5,0.0,True,1.0
controlled_C4_noise0.5_seed26,controlled,C4,26,0.5,1,uniform_pooling,2,2,0.5,0.0,True,1.0
controlled_C4_noise0.5_seed26,controlled,C4,26,0.5,1,fourier_or_equivariant_pooling,2,2,0.5,0.0,True,1.0
controlled_C4_noise0.5_seed26,controlled,C4,26,0.5,1,validation_router,2,2,0.5,0.0,True,1.0
controlled_C4_noise0.5_seed26,controlled,C4,26,0.5,2,uniform_pooling,2,4,0.5,0.0,True,1.0
controlled_C4_noise0.5_seed26,controlled,C4,26,0.5,2,fourier_or_equivariant_pooling,2,4,0.5,0.0,True,1.0
controlled_C4_noise0.5_seed26,controlled,C4,26,0.5,2,validation_router,2,4,0.5,0.0,True,1.0
controlled_C4_noise0.5_seed27,controlled,C4,27,0.5,1,uniform_pooling,2,2,0.5,0.0,True,1.0
controlled_C4_noise0.5_seed27,controlled,C4,27,0.5,1,fourier_or_equivariant_pooling,2,2,0.5,0.0,True,1.0
controlled_C4_noise0.5_seed27,controlled,C4,27,0.5,1,validation_router,2,2,0.5,0.0,True,1.0
controlled_C4_noise0.5_seed27,controlled,C4,27,0.5,2,uniform_pooling,2,4,0.5,0.0,True,1.0
controlled_C4_noise0.5_seed27,controlled,C4,27,0.5,2,fourier_or_equivariant_pooling,2,4,0.5,0.0,True,1.0
controlled_C4_noise0.5_seed27,controlled,C4,27,0.5,2,validation_router,2,4,0.5,0.0,True,1.0
controlled_C4_noise0.5_seed28,controlled,C4,28,0.5,1,uniform_pooling,2,2,0.5,0.0,True,1.0
controlled_C4_noise0.5_seed28,controlled,C4,28,0.5,1,fourier_or_equivariant_pooling,2,2,0.5,0.0,True,1.0
controlled_C4_noise0.5_seed28,controlled,C4,28,0.5,1,validation_router,2,2,0.5,0.0,True,1.0
controlled_C4_noise0.5_seed28,controlled,C4,28,0.5,2,uniform_pooling,2,4,0.5,0.0,True,1.0
controlled_C4_noise0.5_seed28,controlled,C4,28,0.5,2,fourier_or_equivariant_pooling,2,4,0.5,0.0,True,1.0
controlled_C4_noise0.5_seed28,controlled,C4,28,0.5,2,validation_router,2,4,0.5,0.0,True,1.0
controlled_C4_noise0.5_seed29,controlled,C4,29,0.5,1,uniform_pooling,2,2,0.5,0.0,True,1.0
controlled_C4_noise0.5_seed29,controlled,C4,29,0.5,1,fourier_or_equivariant_pooling,2,2,0.5,0.0,True,1.0
controlled_C4_noise0.5_seed29,controlled,C4,29,0.5,1,validation_router,2,2,0.5,0.0,True,1.0
controlled_C4_noise0.5_seed29,controlled,C4,29,0.5,2,uniform_pooling,2,4,0.5,0.0,True,1.0
controlled_C4_noise0.5_seed29,controlled,C4,29,0.5,2,fourier_or_equivariant_pooling,2,4,0.5,0.0,True,1.0
controlled_C4_noise0.5_seed29,controlled,C4,29,0.5,2,validation_router,2,4,0.5,0.0,True,1.0
controlled_D4_noise0_seed0,controlled,D4,0,0.0,1,uniform_pooling,2,2,0.5,0.0,True,1.0
controlled_D4_noise0_seed0,controlled,D4,0,0.0,1,fourier_or_equivariant_pooling,2,2,0.5,0.0,True,1.0
controlled_D4_noise0_seed0,controlled,D4,0,0.0,1,validation_router,2,2,0.5,0.0,True,1.0
controlled_D4_noise0_seed0,controlled,D4,0,0.0,2,uniform_pooling,2,4,0.5,0.0,True,1.0
controlled_D4_noise0_seed0,controlled,D4,0,0.0,2,fourier_or_equivariant_pooling,2,4,0.5,0.0,True,1.0
controlled_D4_noise0_seed0,controlled,D4,0,0.0,2,validation_router,2,4,0.5,0.0,True,1.0
controlled_D4_noise0_seed0,controlled,D4,0,0.0,3,uniform_pooling,2,8,0.5,0.0,True,1.0
controlled_D4_noise0_seed0,controlled,D4,0,0.0,3,fourier_or_equivariant_pooling,2,8,0.5,0.0,True,1.0
controlled_D4_noise0_seed0,controlled,D4,0,0.0,3,validation_router,2,8,0.5,0.0,True,1.0
controlled_D4_noise0_seed1,controlled,D4,1,0.0,1,uniform_pooling,2,2,0.5,0.0,True,1.0
controlled_D4_noise0_seed1,controlled,D4,1,0.0,1,fourier_or_equivariant_pooling,2,2,0.5,0.0,True,1.0
controlled_D4_noise0_seed1,controlled,D4,1,0.0,1,validation_router,2,2,0.5,0.0,True,1.0
controlled_D4_noise0_seed1,controlled,D4,1,0.0,2,uniform_pooling,2,4,0.5,0.0,True,1.0
controlled_D4_noise0_seed1,controlled,D4,1,0.0,2,fourier_or_equivariant_pooling,2,4,0.5,0.0,True,1.0
controlled_D4_noise0_seed1,controlled,D4,1,0.0,2,validation_router,2,4,0.5,0.0,True,1.0
controlled_D4_noise0_seed1,controlled,D4,1,0.0,3,uniform_pooling,2,8,0.5,0.0,True,1.0
controlled_D4_noise0_seed1,controlled,D4,1,0.0,3,fourier_or_equivariant_pooling,2,8,0.5,0.0,True,1.0
controlled_D4_noise0_seed1,controlled,D4,1,0.0,3,validation_router,2,8,0.5,0.0,True,1.0
controlled_D4_noise0_seed2,controlled,D4,2,0.0,1,uniform_pooling,2,2,0.5,0.0,True,1.0
controlled_D4_noise0_seed2,controlled,D4,2,0.0,1,fourier_or_equivariant_pooling,2,2,0.5,0.0,True,1.0
controlled_D4_noise0_seed2,controlled,D4,2,0.0,1,validation_router,2,2,0.5,0.0,True,1.0
controlled_D4_noise0_seed2,controlled,D4,2,0.0,2,uniform_pooling,2,4,0.5,0.0,True,1.0
controlled_D4_noise0_seed2,controlled,D4,2,0.0,2,fourier_or_equivariant_pooling,2,4,0.5,0.0,True,1.0
controlled_D4_noise0_seed2,controlled,D4,2,0.0,2,validation_router,2,4,0.5,0.0,True,1.0
controlled_D4_noise0_seed2,controlled,D4,2,0.0,3,uniform_pooling,2,8,0.5,0.0,True,1.0
controlled_D4_noise0_seed2,controlled,D4,2,0.0,3,fourier_or_equivariant_pooling,2,8,0.5,0.0,True,1.0
controlled_D4_noise0_seed2,controlled,D4,2,0.0,3,validation_router,2,8,0.5,0.0,True,1.0
controlled_D4_noise0_seed3,controlled,D4,3,0.0,1,uniform_pooling,2,2,0.5,0.0,True,1.0
controlled_D4_noise0_seed3,controlled,D4,3,0.0,1,fourier_or_equivariant_pooling,2,2,0.5,0.0,True,1.0
controlled_D4_noise0_seed3,controlled,D4,3,0.0,1,validation_router,2,2,0.5,0.0,True,1.0
controlled_D4_noise0_seed3,controlled,D4,3,0.0,2,uniform_pooling,2,4,0.5,0.0,True,1.0
controlled_D4_noise0_seed3,controlled,D4,3,0.0,2,fourier_or_equivariant_pooling,2,4,0.5,0.0,True,1.0
controlled_D4_noise0_seed3,controlled,D4,3,0.0,2,validation_router,2,4,0.5,0.0,True,1.0
controlled_D4_noise0_seed3,controlled,D4,3,0.0,3,uniform_pooling,2,8,0.5,0.0,True,1.0
controlled_D4_noise0_seed3,controlled,D4,3,0.0,3,fourier_or_equivariant_pooling,2,8,0.5,0.0,True,1.0
controlled_D4_noise0_seed3,controlled,D4,3,0.0,3,validation_router,2,8,0.5,0.0,True,1.0
controlled_D4_noise0_seed4,controlled,D4,4,0.0,1,uniform_pooling,2,2,0.5,0.0,True,1.0
controlled_D4_noise0_seed4,controlled,D4,4,0.0,1,fourier_or_equivariant_pooling,2,2,0.5,0.0,True,1.0
controlled_D4_noise0_seed4,controlled,D4,4,0.0,1,validation_router,2,2,0.5,0.0,True,1.0
controlled_D4_noise0_seed4,controlled,D4,4,0.0,2,uniform_pooling,2,4,0.5,0.0,True,1.0
controlled_D4_noise0_seed4,controlled,D4,4,0.0,2,fourier_or_equivariant_pooling,2,4,0.5,0.0,True,1.0
controlled_D4_noise0_seed4,controlled,D4,4,0.0,2,validation_router,2,4,0.5,0.0,True,1.0
controlled_D4_noise0_seed4,controlled,D4,4,0.0,3,uniform_pooling,2,8,0.5,0.0,True,1.0
controlled_D4_noise0_seed4,controlled,D4,4,0.0,3,fourier_or_equivariant_pooling,2,8,0.5,0.0,True,1.0
controlled_D4_noise0_seed4,controlled,D4,4,0.0,3,validation_router,2,8,0.5,0.0,True,1.0
controlled_D4_noise0_seed5,controlled,D4,5,0.0,1,uniform_pooling,2,2,0.5,0.0,True,1.0
controlled_D4_noise0_seed5,controlled,D4,5,0.0,1,fourier_or_equivariant_pooling,2,2,0.5,0.0,True,1.0
controlled_D4_noise0_seed5,controlled,D4,5,0.0,1,validation_router,2,2,0.5,0.0,True,1.0
controlled_D4_noise0_seed5,controlled,D4,5,0.0,2,uniform_pooling,2,4,0.5,0.0,True,1.0
controlled_D4_noise0_seed5,controlled,D4,5,0.0,2,fourier_or_equivariant_pooling,2,4,0.5,0.0,True,1.0
controlled_D4_noise0_seed5,controlled,D4,5,0.0,2,validation_router,2,4,0.5,0.0,True,1.0
controlled_D4_noise0_seed5,controlled,D4,5,0.0,3,uniform_pooling,2,8,0.5,0.0,True,1.0
controlled_D4_noise0_seed5,controlled,D4,5,0.0,3,fourier_or_equivariant_pooling,2,8,0.5,0.0,True,1.0
controlled_D4_noise0_seed5,controlled,D4,5,0.0,3,validation_router,2,8,0.5,0.0,True,1.0
controlled_D4_noise0_seed6,controlled,D4,6,0.0,1,uniform_pooling,2,2,0.5,0.0,True,1.0
controlled_D4_noise0_seed6,controlled,D4,6,0.0,1,fourier_or_equivariant_pooling,2,2,0.5,0.0,True,1.0
controlled_D4_noise0_seed6,controlled,D4,6,0.0,1,validation_router,2,2,0.5,0.0,True,1.0
controlled_D4_noise0_seed6,controlled,D4,6,0.0,2,uniform_pooling,2,4,0.5,0.0,True,1.0
controlled_D4_noise0_seed6,controlled,D4,6,0.0,2,fourier_or_equivariant_pooling,2,4,0.5,0.0,True,1.0
controlled_D4_noise0_seed6,controlled,D4,6,0.0,2,validation_router,2,4,0.5,0.0,True,1.0
controlled_D4_noise0_seed6,controlled,D4,6,0.0,3,uniform_pooling,2,8,0.5,0.0,True,1.0
controlled_D4_noise0_seed6,controlled,D4,6,0.0,3,fourier_or_equivariant_pooling,2,8,0.5,0.0,True,1.0
controlled_D4_noise0_seed6,controlled,D4,6,0.0,3,validation_router,2,8,0.5,0.0,True,1.0
controlled_D4_noise0_seed7,controlled,D4,7,0.0,1,uniform_pooling,2,2,0.5,0.0,True,1.0
controlled_D4_noise0_seed7,controlled,D4,7,0.0,1,fourier_or_equivariant_pooling,2,2,0.5,0.0,True,1.0
controlled_D4_noise0_seed7,controlled,D4,7,0.0,1,validation_router,2,2,0.5,0.0,True,1.0
controlled_D4_noise0_seed7,controlled,D4,7,0.0,2,uniform_pooling,2,4,0.5,0.0,True,1.0
controlled_D4_noise0_seed7,controlled,D4,7,0.0,2,fourier_or_equivariant_pooling,2,4,0.5,0.0,True,1.0
controlled_D4_noise0_seed7,controlled,D4,7,0.0,2,validation_router,2,4,0.5,0.0,True,1.0
controlled_D4_noise0_seed7,controlled,D4,7,0.0,3,uniform_pooling,2,8,0.5,0.0,True,1.0
controlled_D4_noise0_seed7,controlled,D4,7,0.0,3,fourier_or_equivariant_pooling,2,8,0.5,0.0,True,1.0
controlled_D4_noise0_seed7,controlled,D4,7,0.0,3,validation_router,2,8,0.5,0.0,True,1.0
controlled_D4_noise0_seed8,controlled,D4,8,0.0,1,uniform_pooling,2,2,0.5,0.0,True,1.0
controlled_D4_noise0_seed8,controlled,D4,8,0.0,1,fourier_or_equivariant_pooling,2,2,0.5,0.0,True,1.0
controlled_D4_noise0_seed8,controlled,D4,8,0.0,1,validation_router,2,2,0.5,0.0,True,1.0
controlled_D4_noise0_seed8,controlled,D4,8,0.0,2,uniform_pooling,2,4,0.5,0.0,True,1.0
controlled_D4_noise0_seed8,controlled,D4,8,0.0,2,fourier_or_equivariant_pooling,2,4,0.5,0.0,True,1.0
controlled_D4_noise0_seed8,controlled,D4,8,0.0,2,validation_router,2,4,0.5,0.0,True,1.0
controlled_D4_noise0_seed8,controlled,D4,8,0.0,3,uniform_pooling,2,8,0.5,0.0,True,1.0
controlled_D4_noise0_seed8,controlled,D4,8,0.0,3,fourier_or_equivariant_pooling,2,8,0.5,0.0,True,1.0
controlled_D4_noise0_seed8,controlled,D4,8,0.0,3,validation_router,2,8,0.5,0.0,True,1.0
controlled_D4_noise0_seed9,controlled,D4,9,0.0,1,uniform_pooling,2,2,0.5,0.0,True,1.0
controlled_D4_noise0_seed9,controlled,D4,9,0.0,1,fourier_or_equivariant_pooling,2,2,0.5,0.0,True,1.0
controlled_D4_noise0_seed9,controlled,D4,9,0.0,1,validation_router,2,2,0.5,0.0,True,1.0
controlled_D4_noise0_seed9,controlled,D4,9,0.0,2,uniform_pooling,2,4,0.5,0.0,True,1.0
controlled_D4_noise0_seed9,controlled,D4,9,0.0,2,fourier_or_equivariant_pooling,2,4,0.5,0.0,True,1.0
controlled_D4_noise0_seed9,controlled,D4,9,0.0,2,validation_router,2,4,0.5,0.0,True,1.0
controlled_D4_noise0_seed9,controlled,D4,9,0.0,3,uniform_pooling,2,8,0.5,0.0,True,1.0
controlled_D4_noise0_seed9,controlled,D4,9,0.0,3,fourier_or_equivariant_pooling,2,8,0.5,0.0,True,1.0
controlled_D4_noise0_seed9,controlled,D4,9,0.0,3,validation_router,2,8,0.5,0.0,True,1.0
controlled_D4_noise0_seed10,controlled,D4,10,0.0,1,uniform_pooling,2,2,0.5,0.0,True,1.0
controlled_D4_noise0_seed10,controlled,D4,10,0.0,1,fourier_or_equivariant_pooling,2,2,0.5,0.0,True,1.0
controlled_D4_noise0_seed10,controlled,D4,10,0.0,1,validation_router,2,2,0.5,0.0,True,1.0
controlled_D4_noise0_seed10,controlled,D4,10,0.0,2,uniform_pooling,2,4,0.5,0.0,True,1.0
controlled_D4_noise0_seed10,controlled,D4,10,0.0,2,fourier_or_equivariant_pooling,2,4,0.5,0.0,True,1.0
controlled_D4_noise0_seed10,controlled,D4,10,0.0,2,validation_router,2,4,0.5,0.0,True,1.0
controlled_D4_noise0_seed10,controlled,D4,10,0.0,3,uniform_pooling,2,8,0.5,0.0,True,1.0
controlled_D4_noise0_seed10,controlled,D4,10,0.0,3,fourier_or_equivariant_pooling,2,8,0.5,0.0,True,1.0
controlled_D4_noise0_seed10,controlled,D4,10,0.0,3,validation_router,2,8,0.5,0.0,True,1.0
controlled_D4_noise0_seed11,controlled,D4,11,0.0,1,uniform_pooling,2,2,0.5,0.0,True,1.0
controlled_D4_noise0_seed11,controlled,D4,11,0.0,1,fourier_or_equivariant_pooling,2,2,0.5,0.0,True,1.0
controlled_D4_noise0_seed11,controlled,D4,11,0.0,1,validation_router,2,2,0.5,0.0,True,1.0
controlled_D4_noise0_seed11,controlled,D4,11,0.0,2,uniform_pooling,2,4,0.5,0.0,True,1.0
controlled_D4_noise0_seed11,controlled,D4,11,0.0,2,fourier_or_equivariant_pooling,2,4,0.5,0.0,True,1.0
controlled_D4_noise0_seed11,controlled,D4,11,0.0,2,validation_router,2,4,0.5,0.0,True,1.0
controlled_D4_noise0_seed11,controlled,D4,11,0.0,3,uniform_pooling,2,8,0.5,0.0,True,1.0
controlled_D4_noise0_seed11,controlled,D4,11,0.0,3,fourier_or_equivariant_pooling,2,8,0.5,0.0,True,1.0
controlled_D4_noise0_seed11,controlled,D4,11,0.0,3,validation_router,2,8,0.5,0.0,True,1.0
controlled_D4_noise0_seed12,controlled,D4,12,0.0,1,uniform_pooling,2,2,0.5,0.0,True,1.0
controlled_D4_noise0_seed12,controlled,D4,12,0.0,1,fourier_or_equivariant_pooling,2,2,0.5,0.0,True,1.0
controlled_D4_noise0_seed12,controlled,D4,12,0.0,1,validation_router,2,2,0.5,0.0,True,1.0
controlled_D4_noise0_seed12,controlled,D4,12,0.0,2,uniform_pooling,2,4,0.5,0.0,True,1.0
controlled_D4_noise0_seed12,controlled,D4,12,0.0,2,fourier_or_equivariant_pooling,2,4,0.5,0.0,True,1.0
controlled_D4_noise0_seed12,controlled,D4,12,0.0,2,validation_router,2,4,0.5,0.0,True,1.0
controlled_D4_noise0_seed12,controlled,D4,12,0.0,3,uniform_pooling,2,8,0.5,0.0,True,1.0
controlled_D4_noise0_seed12,controlled,D4,12,0.0,3,fourier_or_equivariant_pooling,2,8,0.5,0.0,True,1.0
controlled_D4_noise0_seed12,controlled,D4,12,0.0,3,validation_router,2,8,0.5,0.0,True,1.0
controlled_D4_noise0_seed13,controlled,D4,13,0.0,1,uniform_pooling,2,2,0.5,0.0,True,1.0
controlled_D4_noise0_seed13,controlled,D4,13,0.0,1,fourier_or_equivariant_pooling,2,2,0.5,0.0,True,1.0
controlled_D4_noise0_seed13,controlled,D4,13,0.0,1,validation_router,2,2,0.5,0.0,True,1.0
controlled_D4_noise0_seed13,controlled,D4,13,0.0,2,uniform_pooling,2,4,0.5,0.0,True,1.0
controlled_D4_noise0_seed13,controlled,D4,13,0.0,2,fourier_or_equivariant_pooling,2,4,0.5,0.0,True,1.0
controlled_D4_noise0_seed13,controlled,D4,13,0.0,2,validation_router,2,4,0.5,0.0,True,1.0
controlled_D4_noise0_seed13,controlled,D4,13,0.0,3,uniform_pooling,2,8,0.5,0.0,True,1.0
controlled_D4_noise0_seed13,controlled,D4,13,0.0,3,fourier_or_equivariant_pooling,2,8,0.5,0.0,True,1.0
controlled_D4_noise0_seed13,controlled,D4,13,0.0,3,validation_router,2,8,0.5,0.0,True,1.0
controlled_D4_noise0_seed14,controlled,D4,14,0.0,1,uniform_pooling,2,2,0.5,0.0,True,1.0
controlled_D4_noise0_seed14,controlled,D4,14,0.0,1,fourier_or_equivariant_pooling,2,2,0.5,0.0,True,1.0
controlled_D4_noise0_seed14,controlled,D4,14,0.0,1,validation_router,2,2,0.5,0.0,True,1.0
controlled_D4_noise0_seed14,controlled,D4,14,0.0,2,uniform_pooling,2,4,0.5,0.0,True,1.0
controlled_D4_noise0_seed14,controlled,D4,14,0.0,2,fourier_or_equivariant_pooling,2,4,0.5,0.0,True,1.0
controlled_D4_noise0_seed14,controlled,D4,14,0.0,2,validation_router,2,4,0.5,0.0,True,1.0
controlled_D4_noise0_seed14,controlled,D4,14,0.0,3,uniform_pooling,2,8,0.5,0.0,True,1.0
controlled_D4_noise0_seed14,controlled,D4,14,0.0,3,fourier_or_equivariant_pooling,2,8,0.5,0.0,True,1.0
controlled_D4_noise0_seed14,controlled,D4,14,0.0,3,validation_router,2,8,0.5,0.0,True,1.0
controlled_D4_noise0_seed15,controlled,D4,15,0.0,1,uniform_pooling,2,2,0.5,0.0,True,1.0
controlled_D4_noise0_seed15,controlled,D4,15,0.0,1,fourier_or_equivariant_pooling,2,2,0.5,0.0,True,1.0
controlled_D4_noise0_seed15,controlled,D4,15,0.0,1,validation_router,2,2,0.5,0.0,True,1.0
controlled_D4_noise0_seed15,controlled,D4,15,0.0,2,uniform_pooling,2,4,0.5,0.0,True,1.0
controlled_D4_noise0_seed15,controlled,D4,15,0.0,2,fourier_or_equivariant_pooling,2,4,0.5,0.0,True,1.0
controlled_D4_noise0_seed15,controlled,D4,15,0.0,2,validation_router,2,4,0.5,0.0,True,1.0
controlled_D4_noise0_seed15,controlled,D4,15,0.0,3,uniform_pooling,2,8,0.5,0.0,True,1.0
controlled_D4_noise0_seed15,controlled,D4,15,0.0,3,fourier_or_equivariant_pooling,2,8,0.5,0.0,True,1.0
controlled_D4_noise0_seed15,controlled,D4,15,0.0,3,validation_router,2,8,0.5,0.0,True,1.0
controlled_D4_noise0_seed16,controlled,D4,16,0.0,1,uniform_pooling,2,2,0.5,0.0,True,1.0
controlled_D4_noise0_seed16,controlled,D4,16,0.0,1,fourier_or_equivariant_pooling,2,2,0.5,0.0,True,1.0
controlled_D4_noise0_seed16,controlled,D4,16,0.0,1,validation_router,2,2,0.5,0.0,True,1.0
controlled_D4_noise0_seed16,controlled,D4,16,0.0,2,uniform_pooling,2,4,0.5,0.0,True,1.0
controlled_D4_noise0_seed16,controlled,D4,16,0.0,2,fourier_or_equivariant_pooling,2,4,0.5,0.0,True,1.0
controlled_D4_noise0_seed16,controlled,D4,16,0.0,2,validation_router,2,4,0.5,0.0,True,1.0
controlled_D4_noise0_seed16,controlled,D4,16,0.0,3,uniform_pooling,2,8,0.5,0.0,True,1.0
controlled_D4_noise0_seed16,controlled,D4,16,0.0,3,fourier_or_equivariant_pooling,2,8,0.5,0.0,True,1.0
controlled_D4_noise0_seed16,controlled,D4,16,0.0,3,validation_router,2,8,0.5,0.0,True,1.0
controlled_D4_noise0_seed17,controlled,D4,17,0.0,1,uniform_pooling,2,2,0.5,0.0,True,1.0
controlled_D4_noise0_seed17,controlled,D4,17,0.0,1,fourier_or_equivariant_pooling,2,2,0.5,0.0,True,1.0
controlled_D4_noise0_seed17,controlled,D4,17,0.0,1,validation_router,2,2,0.5,0.0,True,1.0
controlled_D4_noise0_seed17,controlled,D4,17,0.0,2,uniform_pooling,2,4,0.5,0.0,True,1.0
controlled_D4_noise0_seed17,controlled,D4,17,0.0,2,fourier_or_equivariant_pooling,2,4,0.5,0.0,True,1.0
controlled_D4_noise0_seed17,controlled,D4,17,0.0,2,validation_router,2,4,0.5,0.0,True,1.0
controlled_D4_noise0_seed17,controlled,D4,17,0.0,3,uniform_pooling,2,8,0.5,0.0,True,1.0
controlled_D4_noise0_seed17,controlled,D4,17,0.0,3,fourier_or_equivariant_pooling,2,8,0.5,0.0,True,1.0
controlled_D4_noise0_seed17,controlled,D4,17,0.0,3,validation_router,2,8,0.5,0.0,True,1.0
controlled_D4_noise0_seed18,controlled,D4,18,0.0,1,uniform_pooling,2,2,0.5,0.0,True,1.0
controlled_D4_noise0_seed18,controlled,D4,18,0.0,1,fourier_or_equivariant_pooling,2,2,0.5,0.0,True,1.0
controlled_D4_noise0_seed18,controlled,D4,18,0.0,1,validation_router,2,2,0.5,0.0,True,1.0
controlled_D4_noise0_seed18,controlled,D4,18,0.0,2,uniform_pooling,2,4,0.5,0.0,True,1.0
controlled_D4_noise0_seed18,controlled,D4,18,0.0,2,fourier_or_equivariant_pooling,2,4,0.5,0.0,True,1.0
controlled_D4_noise0_seed18,controlled,D4,18,0.0,2,validation_router,2,4,0.5,0.0,True,1.0
controlled_D4_noise0_seed18,controlled,D4,18,0.0,3,uniform_pooling,2,8,0.5,0.0,True,1.0
controlled_D4_noise0_seed18,controlled,D4,18,0.0,3,fourier_or_equivariant_pooling,2,8,0.5,0.0,True,1.0
controlled_D4_noise0_seed18,controlled,D4,18,0.0,3,validation_router,2,8,0.5,0.0,True,1.0
controlled_D4_noise0_seed19,controlled,D4,19,0.0,1,uniform_pooling,2,2,0.5,0.0,True,1.0
controlled_D4_noise0_seed19,controlled,D4,19,0.0,1,fourier_or_equivariant_pooling,2,2,0.5,0.0,True,1.0
controlled_D4_noise0_seed19,controlled,D4,19,0.0,1,validation_router,2,2,0.5,0.0,True,1.0
controlled_D4_noise0_seed19,controlled,D4,19,0.0,2,uniform_pooling,2,4,0.5,0.0,True,1.0
controlled_D4_noise0_seed19,controlled,D4,19,0.0,2,fourier_or_equivariant_pooling,2,4,0.5,0.0,True,1.0
controlled_D4_noise0_seed19,controlled,D4,19,0.0,2,validation_router,2,4,0.5,0.0,True,1.0
controlled_D4_noise0_seed19,controlled,D4,19,0.0,3,uniform_pooling,2,8,0.5,0.0,True,1.0
controlled_D4_noise0_seed19,controlled,D4,19,0.0,3,fourier_or_equivariant_pooling,2,8,0.5,0.0,True,1.0
controlled_D4_noise0_seed19,controlled,D4,19,0.0,3,validation_router,2,8,0.5,0.0,True,1.0
controlled_D4_noise0_seed20,controlled,D4,20,0.0,1,uniform_pooling,2,2,0.5,0.0,True,1.0
controlled_D4_noise0_seed20,controlled,D4,20,0.0,1,fourier_or_equivariant_pooling,2,2,0.5,0.0,True,1.0
controlled_D4_noise0_seed20,controlled,D4,20,0.0,1,validation_router,2,2,0.5,0.0,True,1.0
controlled_D4_noise0_seed20,controlled,D4,20,0.0,2,uniform_pooling,2,4,0.5,0.0,True,1.0
controlled_D4_noise0_seed20,controlled,D4,20,0.0,2,fourier_or_equivariant_pooling,2,4,0.5,0.0,True,1.0
controlled_D4_noise0_seed20,controlled,D4,20,0.0,2,validation_router,2,4,0.5,0.0,True,1.0
controlled_D4_noise0_seed20,controlled,D4,20,0.0,3,uniform_pooling,2,8,0.5,0.0,True,1.0
controlled_D4_noise0_seed20,controlled,D4,20,0.0,3,fourier_or_equivariant_pooling,2,8,0.5,0.0,True,1.0
controlled_D4_noise0_seed20,controlled,D4,20,0.0,3,validation_router,2,8,0.5,0.0,True,1.0
controlled_D4_noise0_seed21,controlled,D4,21,0.0,1,uniform_pooling,2,2,0.5,0.0,True,1.0
controlled_D4_noise0_seed21,controlled,D4,21,0.0,1,fourier_or_equivariant_pooling,2,2,0.5,0.0,True,1.0
controlled_D4_noise0_seed21,controlled,D4,21,0.0,1,validation_router,2,2,0.5,0.0,True,1.0
controlled_D4_noise0_seed21,controlled,D4,21,0.0,2,uniform_pooling,2,4,0.5,0.0,True,1.0
controlled_D4_noise0_seed21,controlled,D4,21,0.0,2,fourier_or_equivariant_pooling,2,4,0.5,0.0,True,1.0
controlled_D4_noise0_seed21,controlled,D4,21,0.0,2,validation_router,2,4,0.5,0.0,True,1.0
controlled_D4_noise0_seed21,controlled,D4,21,0.0,3,uniform_pooling,2,8,0.5,0.0,True,1.0
controlled_D4_noise0_seed21,controlled,D4,21,0.0,3,fourier_or_equivariant_pooling,2,8,0.5,0.0,True,1.0
controlled_D4_noise0_seed21,controlled,D4,21,0.0,3,validation_router,2,8,0.5,0.0,True,1.0
controlled_D4_noise0_seed22,controlled,D4,22,0.0,1,uniform_pooling,2,2,0.5,0.0,True,1.0
controlled_D4_noise0_seed22,controlled,D4,22,0.0,1,fourier_or_equivariant_pooling,2,2,0.5,0.0,True,1.0
controlled_D4_noise0_seed22,controlled,D4,22,0.0,1,validation_router,2,2,0.5,0.0,True,1.0
controlled_D4_noise0_seed22,controlled,D4,22,0.0,2,uniform_pooling,2,4,0.5,0.0,True,1.0
controlled_D4_noise0_seed22,controlled,D4,22,0.0,2,fourier_or_equivariant_pooling,2,4,0.5,0.0,True,1.0
controlled_D4_noise0_seed22,controlled,D4,22,0.0,2,validation_router,2,4,0.5,0.0,True,1.0
controlled_D4_noise0_seed22,controlled,D4,22,0.0,3,uniform_pooling,2,8,0.5,0.0,True,1.0
controlled_D4_noise0_seed22,controlled,D4,22,0.0,3,fourier_or_equivariant_pooling,2,8,0.5,0.0,True,1.0
controlled_D4_noise0_seed22,controlled,D4,22,0.0,3,validation_router,2,8,0.5,0.0,True,1.0
controlled_D4_noise0_seed23,controlled,D4,23,0.0,1,uniform_pooling,2,2,0.5,0.0,True,1.0
controlled_D4_noise0_seed23,controlled,D4,23,0.0,1,fourier_or_equivariant_pooling,2,2,0.5,0.0,True,1.0
controlled_D4_noise0_seed23,controlled,D4,23,0.0,1,validation_router,2,2,0.5,0.0,True,1.0
controlled_D4_noise0_seed23,controlled,D4,23,0.0,2,uniform_pooling,2,4,0.5,0.0,True,1.0
controlled_D4_noise0_seed23,controlled,D4,23,0.0,2,fourier_or_equivariant_pooling,2,4,0.5,0.0,True,1.0
controlled_D4_noise0_seed23,controlled,D4,23,0.0,2,validation_router,2,4,0.5,0.0,True,1.0
controlled_D4_noise0_seed23,controlled,D4,23,0.0,3,uniform_pooling,2,8,0.5,0.0,True,1.0
controlled_D4_noise0_seed23,controlled,D4,23,0.0,3,fourier_or_equivariant_pooling,2,8,0.5,0.0,True,1.0
controlled_D4_noise0_seed23,controlled,D4,23,0.0,3,validation_router,2,8,0.5,0.0,True,1.0
controlled_D4_noise0_seed24,controlled,D4,24,0.0,1,uniform_pooling,2,2,0.5,0.0,True,1.0
controlled_D4_noise0_seed24,controlled,D4,24,0.0,1,fourier_or_equivariant_pooling,2,2,0.5,0.0,True,1.0
controlled_D4_noise0_seed24,controlled,D4,24,0.0,1,validation_router,2,2,0.5,0.0,True,1.0
controlled_D4_noise0_seed24,controlled,D4,24,0.0,2,uniform_pooling,2,4,0.5,0.0,True,1.0
controlled_D4_noise0_seed24,controlled,D4,24,0.0,2,fourier_or_equivariant_pooling,2,4,0.5,0.0,True,1.0
controlled_D4_noise0_seed24,controlled,D4,24,0.0,2,validation_router,2,4,0.5,0.0,True,1.0
controlled_D4_noise0_seed24,controlled,D4,24,0.0,3,uniform_pooling,2,8,0.5,0.0,True,1.0
controlled_D4_noise0_seed24,controlled,D4,24,0.0,3,fourier_or_equivariant_pooling,2,8,0.5,0.0,True,1.0
controlled_D4_noise0_seed24,controlled,D4,24,0.0,3,validation_router,2,8,0.5,0.0,True,1.0
controlled_D4_noise0_seed25,controlled,D4,25,0.0,1,uniform_pooling,2,2,0.5,0.0,True,1.0
controlled_D4_noise0_seed25,controlled,D4,25,0.0,1,fourier_or_equivariant_pooling,2,2,0.5,0.0,True,1.0
controlled_D4_noise0_seed25,controlled,D4,25,0.0,1,validation_router,2,2,0.5,0.0,True,1.0
controlled_D4_noise0_seed25,controlled,D4,25,0.0,2,uniform_pooling,2,4,0.5,0.0,True,1.0
controlled_D4_noise0_seed25,controlled,D4,25,0.0,2,fourier_or_equivariant_pooling,2,4,0.5,0.0,True,1.0
controlled_D4_noise0_seed25,controlled,D4,25,0.0,2,validation_router,2,4,0.5,0.0,True,1.0
controlled_D4_noise0_seed25,controlled,D4,25,0.0,3,uniform_pooling,2,8,0.5,0.0,True,1.0
controlled_D4_noise0_seed25,controlled,D4,25,0.0,3,fourier_or_equivariant_pooling,2,8,0.5,0.0,True,1.0
controlled_D4_noise0_seed25,controlled,D4,25,0.0,3,validation_router,2,8,0.5,0.0,True,1.0
controlled_D4_noise0_seed26,controlled,D4,26,0.0,1,uniform_pooling,2,2,0.5,0.0,True,1.0
controlled_D4_noise0_seed26,controlled,D4,26,0.0,1,fourier_or_equivariant_pooling,2,2,0.5,0.0,True,1.0
controlled_D4_noise0_seed26,controlled,D4,26,0.0,1,validation_router,2,2,0.5,0.0,True,1.0
controlled_D4_noise0_seed26,controlled,D4,26,0.0,2,uniform_pooling,2,4,0.5,0.0,True,1.0
controlled_D4_noise0_seed26,controlled,D4,26,0.0,2,fourier_or_equivariant_pooling,2,4,0.5,0.0,True,1.0
controlled_D4_noise0_seed26,controlled,D4,26,0.0,2,validation_router,2,4,0.5,0.0,True,1.0
controlled_D4_noise0_seed26,controlled,D4,26,0.0,3,uniform_pooling,2,8,0.5,0.0,True,1.0
controlled_D4_noise0_seed26,controlled,D4,26,0.0,3,fourier_or_equivariant_pooling,2,8,0.5,0.0,True,1.0
controlled_D4_noise0_seed26,controlled,D4,26,0.0,3,validation_router,2,8,0.5,0.0,True,1.0
controlled_D4_noise0_seed27,controlled,D4,27,0.0,1,uniform_pooling,2,2,0.5,0.0,True,1.0
controlled_D4_noise0_seed27,controlled,D4,27,0.0,1,fourier_or_equivariant_pooling,2,2,0.5,0.0,True,1.0
controlled_D4_noise0_seed27,controlled,D4,27,0.0,1,validation_router,2,2,0.5,0.0,True,1.0
controlled_D4_noise0_seed27,controlled,D4,27,0.0,2,uniform_pooling,2,4,0.5,0.0,True,1.0
controlled_D4_noise0_seed27,controlled,D4,27,0.0,2,fourier_or_equivariant_pooling,2,4,0.5,0.0,True,1.0
controlled_D4_noise0_seed27,controlled,D4,27,0.0,2,validation_router,2,4,0.5,0.0,True,1.0
controlled_D4_noise0_seed27,controlled,D4,27,0.0,3,uniform_pooling,2,8,0.5,0.0,True,1.0
controlled_D4_noise0_seed27,controlled,D4,27,0.0,3,fourier_or_equivariant_pooling,2,8,0.5,0.0,True,1.0
controlled_D4_noise0_seed27,controlled,D4,27,0.0,3,validation_router,2,8,0.5,0.0,True,1.0
controlled_D4_noise0_seed28,controlled,D4,28,0.0,1,uniform_pooling,2,2,0.5,0.0,True,1.0
controlled_D4_noise0_seed28,controlled,D4,28,0.0,1,fourier_or_equivariant_pooling,2,2,0.5,0.0,True,1.0
controlled_D4_noise0_seed28,controlled,D4,28,0.0,1,validation_router,2,2,0.5,0.0,True,1.0
controlled_D4_noise0_seed28,controlled,D4,28,0.0,2,uniform_pooling,2,4,0.5,0.0,True,1.0
controlled_D4_noise0_seed28,controlled,D4,28,0.0,2,fourier_or_equivariant_pooling,2,4,0.5,0.0,True,1.0
controlled_D4_noise0_seed28,controlled,D4,28,0.0,2,validation_router,2,4,0.5,0.0,True,1.0
controlled_D4_noise0_seed28,controlled,D4,28,0.0,3,uniform_pooling,2,8,0.5,0.0,True,1.0
controlled_D4_noise0_seed28,controlled,D4,28,0.0,3,fourier_or_equivariant_pooling,2,8,0.5,0.0,True,1.0
controlled_D4_noise0_seed28,controlled,D4,28,0.0,3,validation_router,2,8,0.5,0.0,True,1.0
controlled_D4_noise0_seed29,controlled,D4,29,0.0,1,uniform_pooling,2,2,0.5,0.0,True,1.0
controlled_D4_noise0_seed29,controlled,D4,29,0.0,1,fourier_or_equivariant_pooling,2,2,0.5,0.0,True,1.0
controlled_D4_noise0_seed29,controlled,D4,29,0.0,1,validation_router,2,2,0.5,0.0,True,1.0
controlled_D4_noise0_seed29,controlled,D4,29,0.0,2,uniform_pooling,2,4,0.5,0.0,True,1.0
controlled_D4_noise0_seed29,controlled,D4,29,0.0,2,fourier_or_equivariant_pooling,2,4,0.5,0.0,True,1.0
controlled_D4_noise0_seed29,controlled,D4,29,0.0,2,validation_router,2,4,0.5,0.0,True,1.0
controlled_D4_noise0_seed29,controlled,D4,29,0.0,3,uniform_pooling,2,8,0.5,0.0,True,1.0
controlled_D4_noise0_seed29,controlled,D4,29,0.0,3,fourier_or_equivariant_pooling,2,8,0.5,0.0,True,1.0
controlled_D4_noise0_seed29,controlled,D4,29,0.0,3,validation_router,2,8,0.5,0.0,True,1.0
controlled_D4_noise0.25_seed0,controlled,D4,0,0.25,1,uniform_pooling,2,2,0.5,0.0,True,1.0
controlled_D4_noise0.25_seed0,controlled,D4,0,0.25,1,fourier_or_equivariant_pooling,2,2,0.5,0.0,True,1.0
controlled_D4_noise0.25_seed0,controlled,D4,0,0.25,1,validation_router,2,2,0.5,0.0,True,1.0
controlled_D4_noise0.25_seed0,controlled,D4,0,0.25,2,uniform_pooling,2,4,0.5,0.0,True,1.0
controlled_D4_noise0.25_seed0,controlled,D4,0,0.25,2,fourier_or_equivariant_pooling,2,4,0.5,0.0,True,1.0
controlled_D4_noise0.25_seed0,controlled,D4,0,0.25,2,validation_router,2,4,0.5,0.0,True,1.0
controlled_D4_noise0.25_seed0,controlled,D4,0,0.25,3,uniform_pooling,2,8,0.5,0.0,True,1.0
controlled_D4_noise0.25_seed0,controlled,D4,0,0.25,3,fourier_or_equivariant_pooling,2,8,0.5,0.0,True,1.0
controlled_D4_noise0.25_seed0,controlled,D4,0,0.25,3,validation_router,2,8,0.5,0.0,True,1.0
controlled_D4_noise0.25_seed1,controlled,D4,1,0.25,1,uniform_pooling,2,2,0.5,0.0,True,1.0
controlled_D4_noise0.25_seed1,controlled,D4,1,0.25,1,fourier_or_equivariant_pooling,2,2,0.5,0.0,True,1.0
controlled_D4_noise0.25_seed1,controlled,D4,1,0.25,1,validation_router,2,2,0.5,0.0,True,1.0
controlled_D4_noise0.25_seed1,controlled,D4,1,0.25,2,uniform_pooling,2,4,0.5,0.0,True,1.0
controlled_D4_noise0.25_seed1,controlled,D4,1,0.25,2,fourier_or_equivariant_pooling,2,4,0.5,0.0,True,1.0
controlled_D4_noise0.25_seed1,controlled,D4,1,0.25,2,validation_router,2,4,0.5,0.0,True,1.0
controlled_D4_noise0.25_seed1,controlled,D4,1,0.25,3,uniform_pooling,2,8,0.5,0.0,True,1.0
controlled_D4_noise0.25_seed1,controlled,D4,1,0.25,3,fourier_or_equivariant_pooling,2,8,0.5,0.0,True,1.0
controlled_D4_noise0.25_seed1,controlled,D4,1,0.25,3,validation_router,2,8,0.5,0.0,True,1.0
controlled_D4_noise0.25_seed2,controlled,D4,2,0.25,1,uniform_pooling,2,2,0.5,0.0,True,1.0
controlled_D4_noise0.25_seed2,controlled,D4,2,0.25,1,fourier_or_equivariant_pooling,2,2,0.5,0.0,True,1.0
controlled_D4_noise0.25_seed2,controlled,D4,2,0.25,1,validation_router,2,2,0.5,0.0,True,1.0
controlled_D4_noise0.25_seed2,controlled,D4,2,0.25,2,uniform_pooling,2,4,0.5,0.0,True,1.0
controlled_D4_noise0.25_seed2,controlled,D4,2,0.25,2,fourier_or_equivariant_pooling,2,4,0.5,0.0,True,1.0
controlled_D4_noise0.25_seed2,controlled,D4,2,0.25,2,validation_router,2,4,0.5,0.0,True,1.0
controlled_D4_noise0.25_seed2,controlled,D4,2,0.25,3,uniform_pooling,2,8,0.5,0.0,True,1.0
controlled_D4_noise0.25_seed2,controlled,D4,2,0.25,3,fourier_or_equivariant_pooling,2,8,0.5,0.0,True,1.0
controlled_D4_noise0.25_seed2,controlled,D4,2,0.25,3,validation_router,2,8,0.5,0.0,True,1.0
controlled_D4_noise0.25_seed3,controlled,D4,3,0.25,1,uniform_pooling,2,2,0.5,0.0,True,1.0
controlled_D4_noise0.25_seed3,controlled,D4,3,0.25,1,fourier_or_equivariant_pooling,2,2,0.5,0.0,True,1.0
controlled_D4_noise0.25_seed3,controlled,D4,3,0.25,1,validation_router,2,2,0.5,0.0,True,1.0
controlled_D4_noise0.25_seed3,controlled,D4,3,0.25,2,uniform_pooling,2,4,0.5,0.0,True,1.0
controlled_D4_noise0.25_seed3,controlled,D4,3,0.25,2,fourier_or_equivariant_pooling,2,4,0.5,0.0,True,1.0
controlled_D4_noise0.25_seed3,controlled,D4,3,0.25,2,validation_router,2,4,0.5,0.0,True,1.0
controlled_D4_noise0.25_seed3,controlled,D4,3,0.25,3,uniform_pooling,2,8,0.5,0.0,True,1.0
controlled_D4_noise0.25_seed3,controlled,D4,3,0.25,3,fourier_or_equivariant_pooling,2,8,0.5,0.0,True,1.0
controlled_D4_noise0.25_seed3,controlled,D4,3,0.25,3,validation_router,2,8,0.5,0.0,True,1.0
controlled_D4_noise0.25_seed4,controlled,D4,4,0.25,1,uniform_pooling,2,2,0.5,0.0,True,1.0
controlled_D4_noise0.25_seed4,controlled,D4,4,0.25,1,fourier_or_equivariant_pooling,2,2,0.5,0.0,True,1.0
controlled_D4_noise0.25_seed4,controlled,D4,4,0.25,1,validation_router,2,2,0.5,0.0,True,1.0
controlled_D4_noise0.25_seed4,controlled,D4,4,0.25,2,uniform_pooling,2,4,0.5,0.0,True,1.0
controlled_D4_noise0.25_seed4,controlled,D4,4,0.25,2,fourier_or_equivariant_pooling,2,4,0.5,0.0,True,1.0
controlled_D4_noise0.25_seed4,controlled,D4,4,0.25,2,validation_router,2,4,0.5,0.0,True,1.0
controlled_D4_noise0.25_seed4,controlled,D4,4,0.25,3,uniform_pooling,2,8,0.5,0.0,True,1.0
controlled_D4_noise0.25_seed4,controlled,D4,4,0.25,3,fourier_or_equivariant_pooling,2,8,0.5,0.0,True,1.0
controlled_D4_noise0.25_seed4,controlled,D4,4,0.25,3,validation_router,2,8,0.5,0.0,True,1.0
controlled_D4_noise0.25_seed5,controlled,D4,5,0.25,1,uniform_pooling,2,2,0.5,0.0,True,1.0
controlled_D4_noise0.25_seed5,controlled,D4,5,0.25,1,fourier_or_equivariant_pooling,2,2,0.5,0.0,True,1.0
controlled_D4_noise0.25_seed5,controlled,D4,5,0.25,1,validation_router,2,2,0.5,0.0,True,1.0
controlled_D4_noise0.25_seed5,controlled,D4,5,0.25,2,uniform_pooling,2,4,0.5,0.0,True,1.0
controlled_D4_noise0.25_seed5,controlled,D4,5,0.25,2,fourier_or_equivariant_pooling,2,4,0.5,0.0,True,1.0
controlled_D4_noise0.25_seed5,controlled,D4,5,0.25,2,validation_router,2,4,0.5,0.0,True,1.0
controlled_D4_noise0.25_seed5,controlled,D4,5,0.25,3,uniform_pooling,2,8,0.5,0.0,True,1.0
controlled_D4_noise0.25_seed5,controlled,D4,5,0.25,3,fourier_or_equivariant_pooling,2,8,0.5,0.0,True,1.0
controlled_D4_noise0.25_seed5,controlled,D4,5,0.25,3,validation_router,2,8,0.5,0.0,True,1.0
controlled_D4_noise0.25_seed6,controlled,D4,6,0.25,1,uniform_pooling,2,2,0.5,0.0,True,1.0
controlled_D4_noise0.25_seed6,controlled,D4,6,0.25,1,fourier_or_equivariant_pooling,2,2,0.5,0.0,True,1.0
controlled_D4_noise0.25_seed6,controlled,D4,6,0.25,1,validation_router,2,2,0.5,0.0,True,1.0
controlled_D4_noise0.25_seed6,controlled,D4,6,0.25,2,uniform_pooling,2,4,0.5,0.0,True,1.0
controlled_D4_noise0.25_seed6,controlled,D4,6,0.25,2,fourier_or_equivariant_pooling,2,4,0.5,0.0,True,1.0
controlled_D4_noise0.25_seed6,controlled,D4,6,0.25,2,validation_router,2,4,0.5,0.0,True,1.0
controlled_D4_noise0.25_seed6,controlled,D4,6,0.25,3,uniform_pooling,2,8,0.5,0.0,True,1.0
controlled_D4_noise0.25_seed6,controlled,D4,6,0.25,3,fourier_or_equivariant_pooling,2,8,0.5,0.0,True,1.0
controlled_D4_noise0.25_seed6,controlled,D4,6,0.25,3,validation_router,2,8,0.5,0.0,True,1.0
controlled_D4_noise0.25_seed7,controlled,D4,7,0.25,1,uniform_pooling,2,2,0.5,0.0,True,1.0
controlled_D4_noise0.25_seed7,controlled,D4,7,0.25,1,fourier_or_equivariant_pooling,2,2,0.5,0.0,True,1.0
controlled_D4_noise0.25_seed7,controlled,D4,7,0.25,1,validation_router,2,2,0.5,0.0,True,1.0
controlled_D4_noise0.25_seed7,controlled,D4,7,0.25,2,uniform_pooling,2,4,0.5,0.0,True,1.0
controlled_D4_noise0.25_seed7,controlled,D4,7,0.25,2,fourier_or_equivariant_pooling,2,4,0.5,0.0,True,1.0
controlled_D4_noise0.25_seed7,controlled,D4,7,0.25,2,validation_router,2,4,0.5,0.0,True,1.0
controlled_D4_noise0.25_seed7,controlled,D4,7,0.25,3,uniform_pooling,2,8,0.5,0.0,True,1.0
controlled_D4_noise0.25_seed7,controlled,D4,7,0.25,3,fourier_or_equivariant_pooling,2,8,0.5,0.0,True,1.0
controlled_D4_noise0.25_seed7,controlled,D4,7,0.25,3,validation_router,2,8,0.5,0.0,True,1.0
controlled_D4_noise0.25_seed8,controlled,D4,8,0.25,1,uniform_pooling,2,2,0.5,0.0,True,1.0
controlled_D4_noise0.25_seed8,controlled,D4,8,0.25,1,fourier_or_equivariant_pooling,2,2,0.5,0.0,True,1.0
controlled_D4_noise0.25_seed8,controlled,D4,8,0.25,1,validation_router,2,2,0.5,0.0,True,1.0
controlled_D4_noise0.25_seed8,controlled,D4,8,0.25,2,uniform_pooling,2,4,0.5,0.0,True,1.0
controlled_D4_noise0.25_seed8,controlled,D4,8,0.25,2,fourier_or_equivariant_pooling,2,4,0.5,0.0,True,1.0
controlled_D4_noise0.25_seed8,controlled,D4,8,0.25,2,validation_router,2,4,0.5,0.0,True,1.0
controlled_D4_noise0.25_seed8,controlled,D4,8,0.25,3,uniform_pooling,2,8,0.5,0.0,True,1.0
controlled_D4_noise0.25_seed8,controlled,D4,8,0.25,3,fourier_or_equivariant_pooling,2,8,0.5,0.0,True,1.0
controlled_D4_noise0.25_seed8,controlled,D4,8,0.25,3,validation_router,2,8,0.5,0.0,True,1.0
controlled_D4_noise0.25_seed9,controlled,D4,9,0.25,1,uniform_pooling,2,2,0.5,0.0,True,1.0
controlled_D4_noise0.25_seed9,controlled,D4,9,0.25,1,fourier_or_equivariant_pooling,2,2,0.5,0.0,True,1.0
controlled_D4_noise0.25_seed9,controlled,D4,9,0.25,1,validation_router,2,2,0.5,0.0,True,1.0
controlled_D4_noise0.25_seed9,controlled,D4,9,0.25,2,uniform_pooling,2,4,0.5,0.0,True,1.0
controlled_D4_noise0.25_seed9,controlled,D4,9,0.25,2,fourier_or_equivariant_pooling,2,4,0.5,0.0,True,1.0
controlled_D4_noise0.25_seed9,controlled,D4,9,0.25,2,validation_router,2,4,0.5,0.0,True,1.0
controlled_D4_noise0.25_seed9,controlled,D4,9,0.25,3,uniform_pooling,2,8,0.5,0.0,True,1.0
controlled_D4_noise0.25_seed9,controlled,D4,9,0.25,3,fourier_or_equivariant_pooling,2,8,0.5,0.0,True,1.0
controlled_D4_noise0.25_seed9,controlled,D4,9,0.25,3,validation_router,2,8,0.5,0.0,True,1.0
controlled_D4_noise0.25_seed10,controlled,D4,10,0.25,1,uniform_pooling,2,2,0.5,0.0,True,1.0
controlled_D4_noise0.25_seed10,controlled,D4,10,0.25,1,fourier_or_equivariant_pooling,2,2,0.5,0.0,True,1.0
controlled_D4_noise0.25_seed10,controlled,D4,10,0.25,1,validation_router,2,2,0.5,0.0,True,1.0
controlled_D4_noise0.25_seed10,controlled,D4,10,0.25,2,uniform_pooling,2,4,0.5,0.0,True,1.0
controlled_D4_noise0.25_seed10,controlled,D4,10,0.25,2,fourier_or_equivariant_pooling,2,4,0.5,0.0,True,1.0
controlled_D4_noise0.25_seed10,controlled,D4,10,0.25,2,validation_router,2,4,0.5,0.0,True,1.0
controlled_D4_noise0.25_seed10,controlled,D4,10,0.25,3,uniform_pooling,2,8,0.5,0.0,True,1.0
controlled_D4_noise0.25_seed10,controlled,D4,10,0.25,3,fourier_or_equivariant_pooling,2,8,0.5,0.0,True,1.0
controlled_D4_noise0.25_seed10,controlled,D4,10,0.25,3,validation_router,2,8,0.5,0.0,True,1.0
controlled_D4_noise0.25_seed11,controlled,D4,11,0.25,1,uniform_pooling,2,2,0.5,0.0,True,1.0
controlled_D4_noise0.25_seed11,controlled,D4,11,0.25,1,fourier_or_equivariant_pooling,2,2,0.5,0.0,True,1.0
controlled_D4_noise0.25_seed11,controlled,D4,11,0.25,1,validation_router,2,2,0.5,0.0,True,1.0
controlled_D4_noise0.25_seed11,controlled,D4,11,0.25,2,uniform_pooling,2,4,0.5,0.0,True,1.0
controlled_D4_noise0.25_seed11,controlled,D4,11,0.25,2,fourier_or_equivariant_pooling,2,4,0.5,0.0,True,1.0
controlled_D4_noise0.25_seed11,controlled,D4,11,0.25,2,validation_router,2,4,0.5,0.0,True,1.0
controlled_D4_noise0.25_seed11,controlled,D4,11,0.25,3,uniform_pooling,2,8,0.5,0.0,True,1.0
controlled_D4_noise0.25_seed11,controlled,D4,11,0.25,3,fourier_or_equivariant_pooling,2,8,0.5,0.0,True,1.0
controlled_D4_noise0.25_seed11,controlled,D4,11,0.25,3,validation_router,2,8,0.5,0.0,True,1.0
controlled_D4_noise0.25_seed12,controlled,D4,12,0.25,1,uniform_pooling,2,2,0.5,0.0,True,1.0
controlled_D4_noise0.25_seed12,controlled,D4,12,0.25,1,fourier_or_equivariant_pooling,2,2,0.5,0.0,True,1.0
controlled_D4_noise0.25_seed12,controlled,D4,12,0.25,1,validation_router,2,2,0.5,0.0,True,1.0
controlled_D4_noise0.25_seed12,controlled,D4,12,0.25,2,uniform_pooling,2,4,0.5,0.0,True,1.0
controlled_D4_noise0.25_seed12,controlled,D4,12,0.25,2,fourier_or_equivariant_pooling,2,4,0.5,0.0,True,1.0
controlled_D4_noise0.25_seed12,controlled,D4,12,0.25,2,validation_router,2,4,0.5,0.0,True,1.0
controlled_D4_noise0.25_seed12,controlled,D4,12,0.25,3,uniform_pooling,2,8,0.5,0.0,True,1.0
controlled_D4_noise0.25_seed12,controlled,D4,12,0.25,3,fourier_or_equivariant_pooling,2,8,0.5,0.0,True,1.0
controlled_D4_noise0.25_seed12,controlled,D4,12,0.25,3,validation_router,2,8,0.5,0.0,True,1.0
controlled_D4_noise0.25_seed13,controlled,D4,13,0.25,1,uniform_pooling,2,2,0.5,0.0,True,1.0
controlled_D4_noise0.25_seed13,controlled,D4,13,0.25,1,fourier_or_equivariant_pooling,2,2,0.5,0.0,True,1.0
controlled_D4_noise0.25_seed13,controlled,D4,13,0.25,1,validation_router,2,2,0.5,0.0,True,1.0
controlled_D4_noise0.25_seed13,controlled,D4,13,0.25,2,uniform_pooling,2,4,0.5,0.0,True,1.0
controlled_D4_noise0.25_seed13,controlled,D4,13,0.25,2,fourier_or_equivariant_pooling,2,4,0.5,0.0,True,1.0
controlled_D4_noise0.25_seed13,controlled,D4,13,0.25,2,validation_router,2,4,0.5,0.0,True,1.0
controlled_D4_noise0.25_seed13,controlled,D4,13,0.25,3,uniform_pooling,2,8,0.5,0.0,True,1.0
controlled_D4_noise0.25_seed13,controlled,D4,13,0.25,3,fourier_or_equivariant_pooling,2,8,0.5,0.0,True,1.0
controlled_D4_noise0.25_seed13,controlled,D4,13,0.25,3,validation_router,2,8,0.5,0.0,True,1.0
controlled_D4_noise0.25_seed14,controlled,D4,14,0.25,1,uniform_pooling,2,2,0.5,0.0,True,1.0
controlled_D4_noise0.25_seed14,controlled,D4,14,0.25,1,fourier_or_equivariant_pooling,2,2,0.5,0.0,True,1.0
controlled_D4_noise0.25_seed14,controlled,D4,14,0.25,1,validation_router,2,2,0.5,0.0,True,1.0
controlled_D4_noise0.25_seed14,controlled,D4,14,0.25,2,uniform_pooling,2,4,0.5,0.0,True,1.0
controlled_D4_noise0.25_seed14,controlled,D4,14,0.25,2,fourier_or_equivariant_pooling,2,4,0.5,0.0,True,1.0
controlled_D4_noise0.25_seed14,controlled,D4,14,0.25,2,validation_router,2,4,0.5,0.0,True,1.0
controlled_D4_noise0.25_seed14,controlled,D4,14,0.25,3,uniform_pooling,2,8,0.5,0.0,True,1.0
controlled_D4_noise0.25_seed14,controlled,D4,14,0.25,3,fourier_or_equivariant_pooling,2,8,0.5,0.0,True,1.0
controlled_D4_noise0.25_seed14,controlled,D4,14,0.25,3,validation_router,2,8,0.5,0.0,True,1.0
controlled_D4_noise0.25_seed15,controlled,D4,15,0.25,1,uniform_pooling,2,2,0.5,0.0,True,1.0
controlled_D4_noise0.25_seed15,controlled,D4,15,0.25,1,fourier_or_equivariant_pooling,2,2,0.5,0.0,True,1.0
controlled_D4_noise0.25_seed15,controlled,D4,15,0.25,1,validation_router,2,2,0.5,0.0,True,1.0
controlled_D4_noise0.25_seed15,controlled,D4,15,0.25,2,uniform_pooling,2,4,0.5,0.0,True,1.0
controlled_D4_noise0.25_seed15,controlled,D4,15,0.25,2,fourier_or_equivariant_pooling,2,4,0.5,0.0,True,1.0
controlled_D4_noise0.25_seed15,controlled,D4,15,0.25,2,validation_router,2,4,0.5,0.0,True,1.0
controlled_D4_noise0.25_seed15,controlled,D4,15,0.25,3,uniform_pooling,2,8,0.5,0.0,True,1.0
controlled_D4_noise0.25_seed15,controlled,D4,15,0.25,3,fourier_or_equivariant_pooling,2,8,0.5,0.0,True,1.0
controlled_D4_noise0.25_seed15,controlled,D4,15,0.25,3,validation_router,2,8,0.5,0.0,True,1.0
controlled_D4_noise0.25_seed16,controlled,D4,16,0.25,1,uniform_pooling,2,2,0.5,0.0,True,1.0
controlled_D4_noise0.25_seed16,controlled,D4,16,0.25,1,fourier_or_equivariant_pooling,2,2,0.5,0.0,True,1.0
controlled_D4_noise0.25_seed16,controlled,D4,16,0.25,1,validation_router,2,2,0.5,0.0,True,1.0
controlled_D4_noise0.25_seed16,controlled,D4,16,0.25,2,uniform_pooling,2,4,0.5,0.0,True,1.0
controlled_D4_noise0.25_seed16,controlled,D4,16,0.25,2,fourier_or_equivariant_pooling,2,4,0.5,0.0,True,1.0
controlled_D4_noise0.25_seed16,controlled,D4,16,0.25,2,validation_router,2,4,0.5,0.0,True,1.0
controlled_D4_noise0.25_seed16,controlled,D4,16,0.25,3,uniform_pooling,2,8,0.5,0.0,True,1.0
controlled_D4_noise0.25_seed16,controlled,D4,16,0.25,3,fourier_or_equivariant_pooling,2,8,0.5,0.0,True,1.0
controlled_D4_noise0.25_seed16,controlled,D4,16,0.25,3,validation_router,2,8,0.5,0.0,True,1.0
controlled_D4_noise0.25_seed17,controlled,D4,17,0.25,1,uniform_pooling,2,2,0.5,0.0,True,1.0
controlled_D4_noise0.25_seed17,controlled,D4,17,0.25,1,fourier_or_equivariant_pooling,2,2,0.5,0.0,True,1.0
controlled_D4_noise0.25_seed17,controlled,D4,17,0.25,1,validation_router,2,2,0.5,0.0,True,1.0
controlled_D4_noise0.25_seed17,controlled,D4,17,0.25,2,uniform_pooling,2,4,0.5,0.0,True,1.0
controlled_D4_noise0.25_seed17,controlled,D4,17,0.25,2,fourier_or_equivariant_pooling,2,4,0.5,0.0,True,1.0
controlled_D4_noise0.25_seed17,controlled,D4,17,0.25,2,validation_router,2,4,0.5,0.0,True,1.0
controlled_D4_noise0.25_seed17,controlled,D4,17,0.25,3,uniform_pooling,2,8,0.5,0.0,True,1.0
controlled_D4_noise0.25_seed17,controlled,D4,17,0.25,3,fourier_or_equivariant_pooling,2,8,0.5,0.0,True,1.0
controlled_D4_noise0.25_seed17,controlled,D4,17,0.25,3,validation_router,2,8,0.5,0.0,True,1.0
controlled_D4_noise0.25_seed18,controlled,D4,18,0.25,1,uniform_pooling,2,2,0.5,0.0,True,1.0
controlled_D4_noise0.25_seed18,controlled,D4,18,0.25,1,fourier_or_equivariant_pooling,2,2,0.5,0.0,True,1.0
controlled_D4_noise0.25_seed18,controlled,D4,18,0.25,1,validation_router,2,2,0.5,0.0,True,1.0
controlled_D4_noise0.25_seed18,controlled,D4,18,0.25,2,uniform_pooling,2,4,0.5,0.0,True,1.0
controlled_D4_noise0.25_seed18,controlled,D4,18,0.25,2,fourier_or_equivariant_pooling,2,4,0.5,0.0,True,1.0
controlled_D4_noise0.25_seed18,controlled,D4,18,0.25,2,validation_router,2,4,0.5,0.0,True,1.0
controlled_D4_noise0.25_seed18,controlled,D4,18,0.25,3,uniform_pooling,2,8,0.5,0.0,True,1.0
controlled_D4_noise0.25_seed18,controlled,D4,18,0.25,3,fourier_or_equivariant_pooling,2,8,0.5,0.0,True,1.0
controlled_D4_noise0.25_seed18,controlled,D4,18,0.25,3,validation_router,2,8,0.5,0.0,True,1.0
controlled_D4_noise0.25_seed19,controlled,D4,19,0.25,1,uniform_pooling,2,2,0.5,0.0,True,1.0
controlled_D4_noise0.25_seed19,controlled,D4,19,0.25,1,fourier_or_equivariant_pooling,2,2,0.5,0.0,True,1.0
controlled_D4_noise0.25_seed19,controlled,D4,19,0.25,1,validation_router,2,2,0.5,0.0,True,1.0
controlled_D4_noise0.25_seed19,controlled,D4,19,0.25,2,uniform_pooling,2,4,0.5,0.0,True,1.0
controlled_D4_noise0.25_seed19,controlled,D4,19,0.25,2,fourier_or_equivariant_pooling,2,4,0.5,0.0,True,1.0
controlled_D4_noise0.25_seed19,controlled,D4,19,0.25,2,validation_router,2,4,0.5,0.0,True,1.0
controlled_D4_noise0.25_seed19,controlled,D4,19,0.25,3,uniform_pooling,2,8,0.5,0.0,True,1.0
controlled_D4_noise0.25_seed19,controlled,D4,19,0.25,3,fourier_or_equivariant_pooling,2,8,0.5,0.0,True,1.0
controlled_D4_noise0.25_seed19,controlled,D4,19,0.25,3,validation_router,2,8,0.5,0.0,True,1.0
controlled_D4_noise0.25_seed20,controlled,D4,20,0.25,1,uniform_pooling,2,2,0.5,0.0,True,1.0
controlled_D4_noise0.25_seed20,controlled,D4,20,0.25,1,fourier_or_equivariant_pooling,2,2,0.5,0.0,True,1.0
controlled_D4_noise0.25_seed20,controlled,D4,20,0.25,1,validation_router,2,2,0.5,0.0,True,1.0
controlled_D4_noise0.25_seed20,controlled,D4,20,0.25,2,uniform_pooling,2,4,0.5,0.0,True,1.0
controlled_D4_noise0.25_seed20,controlled,D4,20,0.25,2,fourier_or_equivariant_pooling,2,4,0.5,0.0,True,1.0
controlled_D4_noise0.25_seed20,controlled,D4,20,0.25,2,validation_router,2,4,0.5,0.0,True,1.0
controlled_D4_noise0.25_seed20,controlled,D4,20,0.25,3,uniform_pooling,2,8,0.5,0.0,True,1.0
controlled_D4_noise0.25_seed20,controlled,D4,20,0.25,3,fourier_or_equivariant_pooling,2,8,0.5,0.0,True,1.0
controlled_D4_noise0.25_seed20,controlled,D4,20,0.25,3,validation_router,2,8,0.5,0.0,True,1.0
controlled_D4_noise0.25_seed21,controlled,D4,21,0.25,1,uniform_pooling,2,2,0.5,0.0,True,1.0
controlled_D4_noise0.25_seed21,controlled,D4,21,0.25,1,fourier_or_equivariant_pooling,2,2,0.5,0.0,True,1.0
controlled_D4_noise0.25_seed21,controlled,D4,21,0.25,1,validation_router,2,2,0.5,0.0,True,1.0
controlled_D4_noise0.25_seed21,controlled,D4,21,0.25,2,uniform_pooling,2,4,0.5,0.0,True,1.0
controlled_D4_noise0.25_seed21,controlled,D4,21,0.25,2,fourier_or_equivariant_pooling,2,4,0.5,0.0,True,1.0
controlled_D4_noise0.25_seed21,controlled,D4,21,0.25,2,validation_router,2,4,0.5,0.0,True,1.0
controlled_D4_noise0.25_seed21,controlled,D4,21,0.25,3,uniform_pooling,2,8,0.5,0.0,True,1.0
controlled_D4_noise0.25_seed21,controlled,D4,21,0.25,3,fourier_or_equivariant_pooling,2,8,0.5,0.0,True,1.0
controlled_D4_noise0.25_seed21,controlled,D4,21,0.25,3,validation_router,2,8,0.5,0.0,True,1.0
controlled_D4_noise0.25_seed22,controlled,D4,22,0.25,1,uniform_pooling,2,2,0.5,0.0,True,1.0
controlled_D4_noise0.25_seed22,controlled,D4,22,0.25,1,fourier_or_equivariant_pooling,2,2,0.5,0.0,True,1.0
controlled_D4_noise0.25_seed22,controlled,D4,22,0.25,1,validation_router,2,2,0.5,0.0,True,1.0
controlled_D4_noise0.25_seed22,controlled,D4,22,0.25,2,uniform_pooling,2,4,0.5,0.0,True,1.0
controlled_D4_noise0.25_seed22,controlled,D4,22,0.25,2,fourier_or_equivariant_pooling,2,4,0.5,0.0,True,1.0
controlled_D4_noise0.25_seed22,controlled,D4,22,0.25,2,validation_router,2,4,0.5,0.0,True,1.0
controlled_D4_noise0.25_seed22,controlled,D4,22,0.25,3,uniform_pooling,2,8,0.5,0.0,True,1.0
controlled_D4_noise0.25_seed22,controlled,D4,22,0.25,3,fourier_or_equivariant_pooling,2,8,0.5,0.0,True,1.0
controlled_D4_noise0.25_seed22,controlled,D4,22,0.25,3,validation_router,2,8,0.5,0.0,True,1.0
controlled_D4_noise0.25_seed23,controlled,D4,23,0.25,1,uniform_pooling,2,2,0.5,0.0,True,1.0
controlled_D4_noise0.25_seed23,controlled,D4,23,0.25,1,fourier_or_equivariant_pooling,2,2,0.5,0.0,True,1.0
controlled_D4_noise0.25_seed23,controlled,D4,23,0.25,1,validation_router,2,2,0.5,0.0,True,1.0
controlled_D4_noise0.25_seed23,controlled,D4,23,0.25,2,uniform_pooling,2,4,0.5,0.0,True,1.0
controlled_D4_noise0.25_seed23,controlled,D4,23,0.25,2,fourier_or_equivariant_pooling,2,4,0.5,0.0,True,1.0
controlled_D4_noise0.25_seed23,controlled,D4,23,0.25,2,validation_router,2,4,0.5,0.0,True,1.0
controlled_D4_noise0.25_seed23,controlled,D4,23,0.25,3,uniform_pooling,2,8,0.5,0.0,True,1.0
controlled_D4_noise0.25_seed23,controlled,D4,23,0.25,3,fourier_or_equivariant_pooling,2,8,0.5,0.0,True,1.0
controlled_D4_noise0.25_seed23,controlled,D4,23,0.25,3,validation_router,2,8,0.5,0.0,True,1.0
controlled_D4_noise0.25_seed24,controlled,D4,24,0.25,1,uniform_pooling,2,2,0.5,0.0,True,1.0
controlled_D4_noise0.25_seed24,controlled,D4,24,0.25,1,fourier_or_equivariant_pooling,2,2,0.5,0.0,True,1.0
controlled_D4_noise0.25_seed24,controlled,D4,24,0.25,1,validation_router,2,2,0.5,0.0,True,1.0
controlled_D4_noise0.25_seed24,controlled,D4,24,0.25,2,uniform_pooling,2,4,0.5,0.0,True,1.0
controlled_D4_noise0.25_seed24,controlled,D4,24,0.25,2,fourier_or_equivariant_pooling,2,4,0.5,0.0,True,1.0
controlled_D4_noise0.25_seed24,controlled,D4,24,0.25,2,validation_router,2,4,0.5,0.0,True,1.0
controlled_D4_noise0.25_seed24,controlled,D4,24,0.25,3,uniform_pooling,2,8,0.5,0.0,True,1.0
controlled_D4_noise0.25_seed24,controlled,D4,24,0.25,3,fourier_or_equivariant_pooling,2,8,0.5,0.0,True,1.0
controlled_D4_noise0.25_seed24,controlled,D4,24,0.25,3,validation_router,2,8,0.5,0.0,True,1.0
controlled_D4_noise0.25_seed25,controlled,D4,25,0.25,1,uniform_pooling,2,2,0.5,0.0,True,1.0
controlled_D4_noise0.25_seed25,controlled,D4,25,0.25,1,fourier_or_equivariant_pooling,2,2,0.5,0.0,True,1.0
controlled_D4_noise0.25_seed25,controlled,D4,25,0.25,1,validation_router,2,2,0.5,0.0,True,1.0
controlled_D4_noise0.25_seed25,controlled,D4,25,0.25,2,uniform_pooling,2,4,0.5,0.0,True,1.0
controlled_D4_noise0.25_seed25,controlled,D4,25,0.25,2,fourier_or_equivariant_pooling,2,4,0.5,0.0,True,1.0
controlled_D4_noise0.25_seed25,controlled,D4,25,0.25,2,validation_router,2,4,0.5,0.0,True,1.0
controlled_D4_noise0.25_seed25,controlled,D4,25,0.25,3,uniform_pooling,2,8,0.5,0.0,True,1.0
controlled_D4_noise0.25_seed25,controlled,D4,25,0.25,3,fourier_or_equivariant_pooling,2,8,0.5,0.0,True,1.0
controlled_D4_noise0.25_seed25,controlled,D4,25,0.25,3,validation_router,2,8,0.5,0.0,True,1.0
controlled_D4_noise0.25_seed26,controlled,D4,26,0.25,1,uniform_pooling,2,2,0.5,0.0,True,1.0
controlled_D4_noise0.25_seed26,controlled,D4,26,0.25,1,fourier_or_equivariant_pooling,2,2,0.5,0.0,True,1.0
controlled_D4_noise0.25_seed26,controlled,D4,26,0.25,1,validation_router,2,2,0.5,0.0,True,1.0
controlled_D4_noise0.25_seed26,controlled,D4,26,0.25,2,uniform_pooling,2,4,0.5,0.0,True,1.0
controlled_D4_noise0.25_seed26,controlled,D4,26,0.25,2,fourier_or_equivariant_pooling,2,4,0.5,0.0,True,1.0
controlled_D4_noise0.25_seed26,controlled,D4,26,0.25,2,validation_router,2,4,0.5,0.0,True,1.0
controlled_D4_noise0.25_seed26,controlled,D4,26,0.25,3,uniform_pooling,2,8,0.5,0.0,True,1.0
controlled_D4_noise0.25_seed26,controlled,D4,26,0.25,3,fourier_or_equivariant_pooling,2,8,0.5,0.0,True,1.0
controlled_D4_noise0.25_seed26,controlled,D4,26,0.25,3,validation_router,2,8,0.5,0.0,True,1.0
controlled_D4_noise0.25_seed27,controlled,D4,27,0.25,1,uniform_pooling,2,2,0.5,0.0,True,1.0
controlled_D4_noise0.25_seed27,controlled,D4,27,0.25,1,fourier_or_equivariant_pooling,2,2,0.5,0.0,True,1.0
controlled_D4_noise0.25_seed27,controlled,D4,27,0.25,1,validation_router,2,2,0.5,0.0,True,1.0
controlled_D4_noise0.25_seed27,controlled,D4,27,0.25,2,uniform_pooling,2,4,0.5,0.0,True,1.0
controlled_D4_noise0.25_seed27,controlled,D4,27,0.25,2,fourier_or_equivariant_pooling,2,4,0.5,0.0,True,1.0
controlled_D4_noise0.25_seed27,controlled,D4,27,0.25,2,validation_router,2,4,0.5,0.0,True,1.0
controlled_D4_noise0.25_seed27,controlled,D4,27,0.25,3,uniform_pooling,2,8,0.5,0.0,True,1.0
controlled_D4_noise0.25_seed27,controlled,D4,27,0.25,3,fourier_or_equivariant_pooling,2,8,0.5,0.0,True,1.0
controlled_D4_noise0.25_seed27,controlled,D4,27,0.25,3,validation_router,2,8,0.5,0.0,True,1.0
controlled_D4_noise0.25_seed28,controlled,D4,28,0.25,1,uniform_pooling,2,2,0.5,0.0,True,1.0
controlled_D4_noise0.25_seed28,controlled,D4,28,0.25,1,fourier_or_equivariant_pooling,2,2,0.5,0.0,True,1.0
controlled_D4_noise0.25_seed28,controlled,D4,28,0.25,1,validation_router,2,2,0.5,0.0,True,1.0
controlled_D4_noise0.25_seed28,controlled,D4,28,0.25,2,uniform_pooling,2,4,0.5,0.0,True,1.0
controlled_D4_noise0.25_seed28,controlled,D4,28,0.25,2,fourier_or_equivariant_pooling,2,4,0.5,0.0,True,1.0
controlled_D4_noise0.25_seed28,controlled,D4,28,0.25,2,validation_router,2,4,0.5,0.0,True,1.0
controlled_D4_noise0.25_seed28,controlled,D4,28,0.25,3,uniform_pooling,2,8,0.5,0.0,True,1.0
controlled_D4_noise0.25_seed28,controlled,D4,28,0.25,3,fourier_or_equivariant_pooling,2,8,0.5,0.0,True,1.0
controlled_D4_noise0.25_seed28,controlled,D4,28,0.25,3,validation_router,2,8,0.5,0.0,True,1.0
controlled_D4_noise0.25_seed29,controlled,D4,29,0.25,1,uniform_pooling,2,2,0.5,0.0,True,1.0
controlled_D4_noise0.25_seed29,controlled,D4,29,0.25,1,fourier_or_equivariant_pooling,2,2,0.5,0.0,True,1.0
controlled_D4_noise0.25_seed29,controlled,D4,29,0.25,1,validation_router,2,2,0.5,0.0,True,1.0
controlled_D4_noise0.25_seed29,controlled,D4,29,0.25,2,uniform_pooling,2,4,0.5,0.0,True,1.0
controlled_D4_noise0.25_seed29,controlled,D4,29,0.25,2,fourier_or_equivariant_pooling,2,4,0.5,0.0,True,1.0
controlled_D4_noise0.25_seed29,controlled,D4,29,0.25,2,validation_router,2,4,0.5,0.0,True,1.0
controlled_D4_noise0.25_seed29,controlled,D4,29,0.25,3,uniform_pooling,2,8,0.5,0.0,True,1.0
controlled_D4_noise0.25_seed29,controlled,D4,29,0.25,3,fourier_or_equivariant_pooling,2,8,0.5,0.0,True,1.0
controlled_D4_noise0.25_seed29,controlled,D4,29,0.25,3,validation_router,2,8,0.5,0.0,True,1.0
controlled_D4_noise0.5_seed0,controlled,D4,0,0.5,1,uniform_pooling,2,2,0.5,0.0,True,1.0
controlled_D4_noise0.5_seed0,controlled,D4,0,0.5,1,fourier_or_equivariant_pooling,2,2,0.5,0.0,True,1.0
controlled_D4_noise0.5_seed0,controlled,D4,0,0.5,1,validation_router,2,2,0.5,0.0,True,1.0
controlled_D4_noise0.5_seed0,controlled,D4,0,0.5,2,uniform_pooling,2,4,0.5,0.0,True,1.0
controlled_D4_noise0.5_seed0,controlled,D4,0,0.5,2,fourier_or_equivariant_pooling,2,4,0.5,0.0,True,1.0
controlled_D4_noise0.5_seed0,controlled,D4,0,0.5,2,validation_router,2,4,0.5,0.0,True,1.0
controlled_D4_noise0.5_seed0,controlled,D4,0,0.5,3,uniform_pooling,2,8,0.5,0.0,True,1.0
controlled_D4_noise0.5_seed0,controlled,D4,0,0.5,3,fourier_or_equivariant_pooling,2,8,0.5,0.0,True,1.0
controlled_D4_noise0.5_seed0,controlled,D4,0,0.5,3,validation_router,2,8,0.5,0.0,True,1.0
controlled_D4_noise0.5_seed1,controlled,D4,1,0.5,1,uniform_pooling,2,2,0.5,0.0,True,1.0
controlled_D4_noise0.5_seed1,controlled,D4,1,0.5,1,fourier_or_equivariant_pooling,2,2,0.5,0.0,True,1.0
controlled_D4_noise0.5_seed1,controlled,D4,1,0.5,1,validation_router,2,2,0.5,0.0,True,1.0
controlled_D4_noise0.5_seed1,controlled,D4,1,0.5,2,uniform_pooling,2,4,0.5,0.0,True,1.0
controlled_D4_noise0.5_seed1,controlled,D4,1,0.5,2,fourier_or_equivariant_pooling,2,4,0.5,0.0,True,1.0
controlled_D4_noise0.5_seed1,controlled,D4,1,0.5,2,validation_router,2,4,0.5,0.0,True,1.0
controlled_D4_noise0.5_seed1,controlled,D4,1,0.5,3,uniform_pooling,2,8,0.5,0.0,True,1.0
controlled_D4_noise0.5_seed1,controlled,D4,1,0.5,3,fourier_or_equivariant_pooling,2,8,0.5,0.0,True,1.0
controlled_D4_noise0.5_seed1,controlled,D4,1,0.5,3,validation_router,2,8,0.5,0.0,True,1.0
controlled_D4_noise0.5_seed2,controlled,D4,2,0.5,1,uniform_pooling,2,2,0.5,0.0,True,1.0
controlled_D4_noise0.5_seed2,controlled,D4,2,0.5,1,fourier_or_equivariant_pooling,2,2,0.5,0.0,True,1.0
controlled_D4_noise0.5_seed2,controlled,D4,2,0.5,1,validation_router,2,2,0.5,0.0,True,1.0
controlled_D4_noise0.5_seed2,controlled,D4,2,0.5,2,uniform_pooling,2,4,0.5,0.0,True,1.0
controlled_D4_noise0.5_seed2,controlled,D4,2,0.5,2,fourier_or_equivariant_pooling,2,4,0.5,0.0,True,1.0
controlled_D4_noise0.5_seed2,controlled,D4,2,0.5,2,validation_router,2,4,0.5,0.0,True,1.0
controlled_D4_noise0.5_seed2,controlled,D4,2,0.5,3,uniform_pooling,2,8,0.5,0.0,True,1.0
controlled_D4_noise0.5_seed2,controlled,D4,2,0.5,3,fourier_or_equivariant_pooling,2,8,0.5,0.0,True,1.0
controlled_D4_noise0.5_seed2,controlled,D4,2,0.5,3,validation_router,2,8,0.5,0.0,True,1.0
controlled_D4_noise0.5_seed3,controlled,D4,3,0.5,1,uniform_pooling,2,2,0.5,0.0,True,1.0
controlled_D4_noise0.5_seed3,controlled,D4,3,0.5,1,fourier_or_equivariant_pooling,2,2,0.5,0.0,True,1.0
controlled_D4_noise0.5_seed3,controlled,D4,3,0.5,1,validation_router,2,2,0.5,0.0,True,1.0
controlled_D4_noise0.5_seed3,controlled,D4,3,0.5,2,uniform_pooling,2,4,0.5,0.0,True,1.0
controlled_D4_noise0.5_seed3,controlled,D4,3,0.5,2,fourier_or_equivariant_pooling,2,4,0.5,0.0,True,1.0
controlled_D4_noise0.5_seed3,controlled,D4,3,0.5,2,validation_router,2,4,0.5,0.0,True,1.0
controlled_D4_noise0.5_seed3,controlled,D4,3,0.5,3,uniform_pooling,2,8,0.5,0.0,True,1.0
controlled_D4_noise0.5_seed3,controlled,D4,3,0.5,3,fourier_or_equivariant_pooling,2,8,0.5,0.0,True,1.0
controlled_D4_noise0.5_seed3,controlled,D4,3,0.5,3,validation_router,2,8,0.5,0.0,True,1.0
controlled_D4_noise0.5_seed4,controlled,D4,4,0.5,1,uniform_pooling,2,2,0.5,0.0,True,1.0
controlled_D4_noise0.5_seed4,controlled,D4,4,0.5,1,fourier_or_equivariant_pooling,2,2,0.5,0.0,True,1.0
controlled_D4_noise0.5_seed4,controlled,D4,4,0.5,1,validation_router,2,2,0.5,0.0,True,1.0
controlled_D4_noise0.5_seed4,controlled,D4,4,0.5,2,uniform_pooling,2,4,0.5,0.0,True,1.0
controlled_D4_noise0.5_seed4,controlled,D4,4,0.5,2,fourier_or_equivariant_pooling,2,4,0.5,0.0,True,1.0
controlled_D4_noise0.5_seed4,controlled,D4,4,0.5,2,validation_router,2,4,0.5,0.0,True,1.0
controlled_D4_noise0.5_seed4,controlled,D4,4,0.5,3,uniform_pooling,2,8,0.5,0.0,True,1.0
controlled_D4_noise0.5_seed4,controlled,D4,4,0.5,3,fourier_or_equivariant_pooling,2,8,0.5,0.0,True,1.0
controlled_D4_noise0.5_seed4,controlled,D4,4,0.5,3,validation_router,2,8,0.5,0.0,True,1.0
controlled_D4_noise0.5_seed5,controlled,D4,5,0.5,1,uniform_pooling,2,2,0.5,0.0,True,1.0
controlled_D4_noise0.5_seed5,controlled,D4,5,0.5,1,fourier_or_equivariant_pooling,2,2,0.5,0.0,True,1.0
controlled_D4_noise0.5_seed5,controlled,D4,5,0.5,1,validation_router,2,2,0.5,0.0,True,1.0
controlled_D4_noise0.5_seed5,controlled,D4,5,0.5,2,uniform_pooling,2,4,0.5,0.0,True,1.0
controlled_D4_noise0.5_seed5,controlled,D4,5,0.5,2,fourier_or_equivariant_pooling,2,4,0.5,0.0,True,1.0
controlled_D4_noise0.5_seed5,controlled,D4,5,0.5,2,validation_router,2,4,0.5,0.0,True,1.0
controlled_D4_noise0.5_seed5,controlled,D4,5,0.5,3,uniform_pooling,2,8,0.5,0.0,True,1.0
controlled_D4_noise0.5_seed5,controlled,D4,5,0.5,3,fourier_or_equivariant_pooling,2,8,0.5,0.0,True,1.0
controlled_D4_noise0.5_seed5,controlled,D4,5,0.5,3,validation_router,2,8,0.5,0.0,True,1.0
controlled_D4_noise0.5_seed6,controlled,D4,6,0.5,1,uniform_pooling,2,2,0.5,0.0,True,1.0
controlled_D4_noise0.5_seed6,controlled,D4,6,0.5,1,fourier_or_equivariant_pooling,2,2,0.5,0.0,True,1.0
controlled_D4_noise0.5_seed6,controlled,D4,6,0.5,1,validation_router,2,2,0.5,0.0,True,1.0
controlled_D4_noise0.5_seed6,controlled,D4,6,0.5,2,uniform_pooling,2,4,0.5,0.0,True,1.0
controlled_D4_noise0.5_seed6,controlled,D4,6,0.5,2,fourier_or_equivariant_pooling,2,4,0.5,0.0,True,1.0
controlled_D4_noise0.5_seed6,controlled,D4,6,0.5,2,validation_router,2,4,0.5,0.0,True,1.0
controlled_D4_noise0.5_seed6,controlled,D4,6,0.5,3,uniform_pooling,2,8,0.5,0.0,True,1.0
controlled_D4_noise0.5_seed6,controlled,D4,6,0.5,3,fourier_or_equivariant_pooling,2,8,0.5,0.0,True,1.0
controlled_D4_noise0.5_seed6,controlled,D4,6,0.5,3,validation_router,2,8,0.5,0.0,True,1.0
controlled_D4_noise0.5_seed7,controlled,D4,7,0.5,1,uniform_pooling,2,2,0.5,0.0,True,1.0
controlled_D4_noise0.5_seed7,controlled,D4,7,0.5,1,fourier_or_equivariant_pooling,2,2,0.5,0.0,True,1.0
controlled_D4_noise0.5_seed7,controlled,D4,7,0.5,1,validation_router,2,2,0.5,0.0,True,1.0
controlled_D4_noise0.5_seed7,controlled,D4,7,0.5,2,uniform_pooling,2,4,0.5,0.0,True,1.0
controlled_D4_noise0.5_seed7,controlled,D4,7,0.5,2,fourier_or_equivariant_pooling,2,4,0.5,0.0,True,1.0
controlled_D4_noise0.5_seed7,controlled,D4,7,0.5,2,validation_router,2,4,0.5,0.0,True,1.0
controlled_D4_noise0.5_seed7,controlled,D4,7,0.5,3,uniform_pooling,2,8,0.5,0.0,True,1.0
controlled_D4_noise0.5_seed7,controlled,D4,7,0.5,3,fourier_or_equivariant_pooling,2,8,0.5,0.0,True,1.0
controlled_D4_noise0.5_seed7,controlled,D4,7,0.5,3,validation_router,2,8,0.5,0.0,True,1.0
controlled_D4_noise0.5_seed8,controlled,D4,8,0.5,1,uniform_pooling,2,2,0.5,0.0,True,1.0
controlled_D4_noise0.5_seed8,controlled,D4,8,0.5,1,fourier_or_equivariant_pooling,2,2,0.5,0.0,True,1.0
controlled_D4_noise0.5_seed8,controlled,D4,8,0.5,1,validation_router,2,2,0.5,0.0,True,1.0
controlled_D4_noise0.5_seed8,controlled,D4,8,0.5,2,uniform_pooling,2,4,0.5,0.0,True,1.0
controlled_D4_noise0.5_seed8,controlled,D4,8,0.5,2,fourier_or_equivariant_pooling,2,4,0.5,0.0,True,1.0
controlled_D4_noise0.5_seed8,controlled,D4,8,0.5,2,validation_router,2,4,0.5,0.0,True,1.0
controlled_D4_noise0.5_seed8,controlled,D4,8,0.5,3,uniform_pooling,2,8,0.5,0.0,True,1.0
controlled_D4_noise0.5_seed8,controlled,D4,8,0.5,3,fourier_or_equivariant_pooling,2,8,0.5,0.0,True,1.0
controlled_D4_noise0.5_seed8,controlled,D4,8,0.5,3,validation_router,2,8,0.5,0.0,True,1.0
controlled_D4_noise0.5_seed9,controlled,D4,9,0.5,1,uniform_pooling,2,2,0.5,0.0,True,1.0
controlled_D4_noise0.5_seed9,controlled,D4,9,0.5,1,fourier_or_equivariant_pooling,2,2,0.5,0.0,True,1.0
controlled_D4_noise0.5_seed9,controlled,D4,9,0.5,1,validation_router,2,2,0.5,0.0,True,1.0
controlled_D4_noise0.5_seed9,controlled,D4,9,0.5,2,uniform_pooling,2,4,0.5,0.0,True,1.0
controlled_D4_noise0.5_seed9,controlled,D4,9,0.5,2,fourier_or_equivariant_pooling,2,4,0.5,0.0,True,1.0
controlled_D4_noise0.5_seed9,controlled,D4,9,0.5,2,validation_router,2,4,0.5,0.0,True,1.0
controlled_D4_noise0.5_seed9,controlled,D4,9,0.5,3,uniform_pooling,2,8,0.5,0.0,True,1.0
controlled_D4_noise0.5_seed9,controlled,D4,9,0.5,3,fourier_or_equivariant_pooling,2,8,0.5,0.0,True,1.0
controlled_D4_noise0.5_seed9,controlled,D4,9,0.5,3,validation_router,2,8,0.5,0.0,True,1.0
controlled_D4_noise0.5_seed10,controlled,D4,10,0.5,1,uniform_pooling,2,2,0.5,0.0,True,1.0
controlled_D4_noise0.5_seed10,controlled,D4,10,0.5,1,fourier_or_equivariant_pooling,2,2,0.5,0.0,True,1.0
controlled_D4_noise0.5_seed10,controlled,D4,10,0.5,1,validation_router,2,2,0.5,0.0,True,1.0
controlled_D4_noise0.5_seed10,controlled,D4,10,0.5,2,uniform_pooling,2,4,0.5,0.0,True,1.0
controlled_D4_noise0.5_seed10,controlled,D4,10,0.5,2,fourier_or_equivariant_pooling,2,4,0.5,0.0,True,1.0
controlled_D4_noise0.5_seed10,controlled,D4,10,0.5,2,validation_router,2,4,0.5,0.0,True,1.0
controlled_D4_noise0.5_seed10,controlled,D4,10,0.5,3,uniform_pooling,2,8,0.5,0.0,True,1.0
controlled_D4_noise0.5_seed10,controlled,D4,10,0.5,3,fourier_or_equivariant_pooling,2,8,0.5,0.0,True,1.0
controlled_D4_noise0.5_seed10,controlled,D4,10,0.5,3,validation_router,2,8,0.5,0.0,True,1.0
controlled_D4_noise0.5_seed11,controlled,D4,11,0.5,1,uniform_pooling,2,2,0.5,0.0,True,1.0
controlled_D4_noise0.5_seed11,controlled,D4,11,0.5,1,fourier_or_equivariant_pooling,2,2,0.5,0.0,True,1.0
controlled_D4_noise0.5_seed11,controlled,D4,11,0.5,1,validation_router,2,2,0.5,0.0,True,1.0
controlled_D4_noise0.5_seed11,controlled,D4,11,0.5,2,uniform_pooling,2,4,0.5,0.0,True,1.0
controlled_D4_noise0.5_seed11,controlled,D4,11,0.5,2,fourier_or_equivariant_pooling,2,4,0.5,0.0,True,1.0
controlled_D4_noise0.5_seed11,controlled,D4,11,0.5,2,validation_router,2,4,0.5,0.0,True,1.0
controlled_D4_noise0.5_seed11,controlled,D4,11,0.5,3,uniform_pooling,2,8,0.5,0.0,True,1.0
controlled_D4_noise0.5_seed11,controlled,D4,11,0.5,3,fourier_or_equivariant_pooling,2,8,0.5,0.0,True,1.0
controlled_D4_noise0.5_seed11,controlled,D4,11,0.5,3,validation_router,2,8,0.5,0.0,True,1.0
controlled_D4_noise0.5_seed12,controlled,D4,12,0.5,1,uniform_pooling,2,2,0.5,0.0,True,1.0
controlled_D4_noise0.5_seed12,controlled,D4,12,0.5,1,fourier_or_equivariant_pooling,2,2,0.5,0.0,True,1.0
controlled_D4_noise0.5_seed12,controlled,D4,12,0.5,1,validation_router,2,2,0.5,0.0,True,1.0
controlled_D4_noise0.5_seed12,controlled,D4,12,0.5,2,uniform_pooling,2,4,0.5,0.0,True,1.0
controlled_D4_noise0.5_seed12,controlled,D4,12,0.5,2,fourier_or_equivariant_pooling,2,4,0.5,0.0,True,1.0
controlled_D4_noise0.5_seed12,controlled,D4,12,0.5,2,validation_router,2,4,0.5,0.0,True,1.0
controlled_D4_noise0.5_seed12,controlled,D4,12,0.5,3,uniform_pooling,2,8,0.5,0.0,True,1.0
controlled_D4_noise0.5_seed12,controlled,D4,12,0.5,3,fourier_or_equivariant_pooling,2,8,0.5,0.0,True,1.0
controlled_D4_noise0.5_seed12,controlled,D4,12,0.5,3,validation_router,2,8,0.5,0.0,True,1.0
controlled_D4_noise0.5_seed13,controlled,D4,13,0.5,1,uniform_pooling,2,2,0.5,0.0,True,1.0
controlled_D4_noise0.5_seed13,controlled,D4,13,0.5,1,fourier_or_equivariant_pooling,2,2,0.5,0.0,True,1.0
controlled_D4_noise0.5_seed13,controlled,D4,13,0.5,1,validation_router,2,2,0.5,0.0,True,1.0
controlled_D4_noise0.5_seed13,controlled,D4,13,0.5,2,uniform_pooling,2,4,0.5,0.0,True,1.0
controlled_D4_noise0.5_seed13,controlled,D4,13,0.5,2,fourier_or_equivariant_pooling,2,4,0.5,0.0,True,1.0
controlled_D4_noise0.5_seed13,controlled,D4,13,0.5,2,validation_router,2,4,0.5,0.0,True,1.0
controlled_D4_noise0.5_seed13,controlled,D4,13,0.5,3,uniform_pooling,2,8,0.5,0.0,True,1.0
controlled_D4_noise0.5_seed13,controlled,D4,13,0.5,3,fourier_or_equivariant_pooling,2,8,0.5,0.0,True,1.0
controlled_D4_noise0.5_seed13,controlled,D4,13,0.5,3,validation_router,2,8,0.5,0.0,True,1.0
controlled_D4_noise0.5_seed14,controlled,D4,14,0.5,1,uniform_pooling,2,2,0.5,0.0,True,1.0
controlled_D4_noise0.5_seed14,controlled,D4,14,0.5,1,fourier_or_equivariant_pooling,2,2,0.5,0.0,True,1.0
controlled_D4_noise0.5_seed14,controlled,D4,14,0.5,1,validation_router,2,2,0.5,0.0,True,1.0
controlled_D4_noise0.5_seed14,controlled,D4,14,0.5,2,uniform_pooling,2,4,0.5,0.0,True,1.0
controlled_D4_noise0.5_seed14,controlled,D4,14,0.5,2,fourier_or_equivariant_pooling,2,4,0.5,0.0,True,1.0
controlled_D4_noise0.5_seed14,controlled,D4,14,0.5,2,validation_router,2,4,0.5,0.0,True,1.0
controlled_D4_noise0.5_seed14,controlled,D4,14,0.5,3,uniform_pooling,2,8,0.5,0.0,True,1.0
controlled_D4_noise0.5_seed14,controlled,D4,14,0.5,3,fourier_or_equivariant_pooling,2,8,0.5,0.0,True,1.0
controlled_D4_noise0.5_seed14,controlled,D4,14,0.5,3,validation_router,2,8,0.5,0.0,True,1.0
controlled_D4_noise0.5_seed15,controlled,D4,15,0.5,1,uniform_pooling,2,2,0.5,0.0,True,1.0
controlled_D4_noise0.5_seed15,controlled,D4,15,0.5,1,fourier_or_equivariant_pooling,2,2,0.5,0.0,True,1.0
controlled_D4_noise0.5_seed15,controlled,D4,15,0.5,1,validation_router,2,2,0.5,0.0,True,1.0
controlled_D4_noise0.5_seed15,controlled,D4,15,0.5,2,uniform_pooling,2,4,0.5,0.0,True,1.0
controlled_D4_noise0.5_seed15,controlled,D4,15,0.5,2,fourier_or_equivariant_pooling,2,4,0.5,0.0,True,1.0
controlled_D4_noise0.5_seed15,controlled,D4,15,0.5,2,validation_router,2,4,0.5,0.0,True,1.0
controlled_D4_noise0.5_seed15,controlled,D4,15,0.5,3,uniform_pooling,2,8,0.5,0.0,True,1.0
controlled_D4_noise0.5_seed15,controlled,D4,15,0.5,3,fourier_or_equivariant_pooling,2,8,0.5,0.0,True,1.0
controlled_D4_noise0.5_seed15,controlled,D4,15,0.5,3,validation_router,2,8,0.5,0.0,True,1.0
controlled_D4_noise0.5_seed16,controlled,D4,16,0.5,1,uniform_pooling,2,2,0.5,0.0,True,1.0
controlled_D4_noise0.5_seed16,controlled,D4,16,0.5,1,fourier_or_equivariant_pooling,2,2,0.5,0.0,True,1.0
controlled_D4_noise0.5_seed16,controlled,D4,16,0.5,1,validation_router,2,2,0.5,0.0,True,1.0
controlled_D4_noise0.5_seed16,controlled,D4,16,0.5,2,uniform_pooling,2,4,0.5,0.0,True,1.0
controlled_D4_noise0.5_seed16,controlled,D4,16,0.5,2,fourier_or_equivariant_pooling,2,4,0.5,0.0,True,1.0
controlled_D4_noise0.5_seed16,controlled,D4,16,0.5,2,validation_router,2,4,0.5,0.0,True,1.0
controlled_D4_noise0.5_seed16,controlled,D4,16,0.5,3,uniform_pooling,2,8,0.5,0.0,True,1.0
controlled_D4_noise0.5_seed16,controlled,D4,16,0.5,3,fourier_or_equivariant_pooling,2,8,0.5,0.0,True,1.0
controlled_D4_noise0.5_seed16,controlled,D4,16,0.5,3,validation_router,2,8,0.5,0.0,True,1.0
controlled_D4_noise0.5_seed17,controlled,D4,17,0.5,1,uniform_pooling,2,2,0.5,0.0,True,1.0
controlled_D4_noise0.5_seed17,controlled,D4,17,0.5,1,fourier_or_equivariant_pooling,2,2,0.5,0.0,True,1.0
controlled_D4_noise0.5_seed17,controlled,D4,17,0.5,1,validation_router,2,2,0.5,0.0,True,1.0
controlled_D4_noise0.5_seed17,controlled,D4,17,0.5,2,uniform_pooling,2,4,0.5,0.0,True,1.0
controlled_D4_noise0.5_seed17,controlled,D4,17,0.5,2,fourier_or_equivariant_pooling,2,4,0.5,0.0,True,1.0
controlled_D4_noise0.5_seed17,controlled,D4,17,0.5,2,validation_router,2,4,0.5,0.0,True,1.0
controlled_D4_noise0.5_seed17,controlled,D4,17,0.5,3,uniform_pooling,2,8,0.5,0.0,True,1.0
controlled_D4_noise0.5_seed17,controlled,D4,17,0.5,3,fourier_or_equivariant_pooling,2,8,0.5,0.0,True,1.0
controlled_D4_noise0.5_seed17,controlled,D4,17,0.5,3,validation_router,2,8,0.5,0.0,True,1.0
controlled_D4_noise0.5_seed18,controlled,D4,18,0.5,1,uniform_pooling,2,2,0.5,0.0,True,1.0
controlled_D4_noise0.5_seed18,controlled,D4,18,0.5,1,fourier_or_equivariant_pooling,2,2,0.5,0.0,True,1.0
controlled_D4_noise0.5_seed18,controlled,D4,18,0.5,1,validation_router,2,2,0.5,0.0,True,1.0
controlled_D4_noise0.5_seed18,controlled,D4,18,0.5,2,uniform_pooling,2,4,0.5,0.0,True,1.0
controlled_D4_noise0.5_seed18,controlled,D4,18,0.5,2,fourier_or_equivariant_pooling,2,4,0.5,0.0,True,1.0
controlled_D4_noise0.5_seed18,controlled,D4,18,0.5,2,validation_router,2,4,0.5,0.0,True,1.0
controlled_D4_noise0.5_seed18,controlled,D4,18,0.5,3,uniform_pooling,2,8,0.5,0.0,True,1.0
controlled_D4_noise0.5_seed18,controlled,D4,18,0.5,3,fourier_or_equivariant_pooling,2,8,0.5,0.0,True,1.0
controlled_D4_noise0.5_seed18,controlled,D4,18,0.5,3,validation_router,2,8,0.5,0.0,True,1.0
controlled_D4_noise0.5_seed19,controlled,D4,19,0.5,1,uniform_pooling,2,2,0.5,0.0,True,1.0
controlled_D4_noise0.5_seed19,controlled,D4,19,0.5,1,fourier_or_equivariant_pooling,2,2,0.5,0.0,True,1.0
controlled_D4_noise0.5_seed19,controlled,D4,19,0.5,1,validation_router,2,2,0.5,0.0,True,1.0
controlled_D4_noise0.5_seed19,controlled,D4,19,0.5,2,uniform_pooling,2,4,0.5,0.0,True,1.0
controlled_D4_noise0.5_seed19,controlled,D4,19,0.5,2,fourier_or_equivariant_pooling,2,4,0.5,0.0,True,1.0
controlled_D4_noise0.5_seed19,controlled,D4,19,0.5,2,validation_router,2,4,0.5,0.0,True,1.0
controlled_D4_noise0.5_seed19,controlled,D4,19,0.5,3,uniform_pooling,2,8,0.5,0.0,True,1.0
controlled_D4_noise0.5_seed19,controlled,D4,19,0.5,3,fourier_or_equivariant_pooling,2,8,0.5,0.0,True,1.0
controlled_D4_noise0.5_seed19,controlled,D4,19,0.5,3,validation_router,2,8,0.5,0.0,True,1.0
controlled_D4_noise0.5_seed20,controlled,D4,20,0.5,1,uniform_pooling,2,2,0.5,0.0,True,1.0
controlled_D4_noise0.5_seed20,controlled,D4,20,0.5,1,fourier_or_equivariant_pooling,2,2,0.5,0.0,True,1.0
controlled_D4_noise0.5_seed20,controlled,D4,20,0.5,1,validation_router,2,2,0.5,0.0,True,1.0
controlled_D4_noise0.5_seed20,controlled,D4,20,0.5,2,uniform_pooling,2,4,0.5,0.0,True,1.0
controlled_D4_noise0.5_seed20,controlled,D4,20,0.5,2,fourier_or_equivariant_pooling,2,4,0.5,0.0,True,1.0
controlled_D4_noise0.5_seed20,controlled,D4,20,0.5,2,validation_router,2,4,0.5,0.0,True,1.0
controlled_D4_noise0.5_seed20,controlled,D4,20,0.5,3,uniform_pooling,2,8,0.5,0.0,True,1.0
controlled_D4_noise0.5_seed20,controlled,D4,20,0.5,3,fourier_or_equivariant_pooling,2,8,0.5,0.0,True,1.0
controlled_D4_noise0.5_seed20,controlled,D4,20,0.5,3,validation_router,2,8,0.5,0.0,True,1.0
controlled_D4_noise0.5_seed21,controlled,D4,21,0.5,1,uniform_pooling,2,2,0.5,0.0,True,1.0
controlled_D4_noise0.5_seed21,controlled,D4,21,0.5,1,fourier_or_equivariant_pooling,2,2,0.5,0.0,True,1.0
controlled_D4_noise0.5_seed21,controlled,D4,21,0.5,1,validation_router,2,2,0.5,0.0,True,1.0
controlled_D4_noise0.5_seed21,controlled,D4,21,0.5,2,uniform_pooling,2,4,0.5,0.0,True,1.0
controlled_D4_noise0.5_seed21,controlled,D4,21,0.5,2,fourier_or_equivariant_pooling,2,4,0.5,0.0,True,1.0
controlled_D4_noise0.5_seed21,controlled,D4,21,0.5,2,validation_router,2,4,0.5,0.0,True,1.0
controlled_D4_noise0.5_seed21,controlled,D4,21,0.5,3,uniform_pooling,2,8,0.5,0.0,True,1.0
controlled_D4_noise0.5_seed21,controlled,D4,21,0.5,3,fourier_or_equivariant_pooling,2,8,0.5,0.0,True,1.0
controlled_D4_noise0.5_seed21,controlled,D4,21,0.5,3,validation_router,2,8,0.5,0.0,True,1.0
controlled_D4_noise0.5_seed22,controlled,D4,22,0.5,1,uniform_pooling,2,2,0.5,0.0,True,1.0
controlled_D4_noise0.5_seed22,controlled,D4,22,0.5,1,fourier_or_equivariant_pooling,2,2,0.5,0.0,True,1.0
controlled_D4_noise0.5_seed22,controlled,D4,22,0.5,1,validation_router,2,2,0.5,0.0,True,1.0
controlled_D4_noise0.5_seed22,controlled,D4,22,0.5,2,uniform_pooling,2,4,0.5,0.0,True,1.0
controlled_D4_noise0.5_seed22,controlled,D4,22,0.5,2,fourier_or_equivariant_pooling,2,4,0.5,0.0,True,1.0
controlled_D4_noise0.5_seed22,controlled,D4,22,0.5,2,validation_router,2,4,0.5,0.0,True,1.0
controlled_D4_noise0.5_seed22,controlled,D4,22,0.5,3,uniform_pooling,2,8,0.5,0.0,True,1.0
controlled_D4_noise0.5_seed22,controlled,D4,22,0.5,3,fourier_or_equivariant_pooling,2,8,0.5,0.0,True,1.0
controlled_D4_noise0.5_seed22,controlled,D4,22,0.5,3,validation_router,2,8,0.5,0.0,True,1.0
controlled_D4_noise0.5_seed23,controlled,D4,23,0.5,1,uniform_pooling,2,2,0.5,0.0,True,1.0
controlled_D4_noise0.5_seed23,controlled,D4,23,0.5,1,fourier_or_equivariant_pooling,2,2,0.5,0.0,True,1.0
controlled_D4_noise0.5_seed23,controlled,D4,23,0.5,1,validation_router,2,2,0.5,0.0,True,1.0
controlled_D4_noise0.5_seed23,controlled,D4,23,0.5,2,uniform_pooling,2,4,0.5,0.0,True,1.0
controlled_D4_noise0.5_seed23,controlled,D4,23,0.5,2,fourier_or_equivariant_pooling,2,4,0.5,0.0,True,1.0
controlled_D4_noise0.5_seed23,controlled,D4,23,0.5,2,validation_router,2,4,0.5,0.0,True,1.0
controlled_D4_noise0.5_seed23,controlled,D4,23,0.5,3,uniform_pooling,2,8,0.5,0.0,True,1.0
controlled_D4_noise0.5_seed23,controlled,D4,23,0.5,3,fourier_or_equivariant_pooling,2,8,0.5,0.0,True,1.0
controlled_D4_noise0.5_seed23,controlled,D4,23,0.5,3,validation_router,2,8,0.5,0.0,True,1.0
controlled_D4_noise0.5_seed24,controlled,D4,24,0.5,1,uniform_pooling,2,2,0.5,0.0,True,1.0
controlled_D4_noise0.5_seed24,controlled,D4,24,0.5,1,fourier_or_equivariant_pooling,2,2,0.5,0.0,True,1.0
controlled_D4_noise0.5_seed24,controlled,D4,24,0.5,1,validation_router,2,2,0.5,0.0,True,1.0
controlled_D4_noise0.5_seed24,controlled,D4,24,0.5,2,uniform_pooling,2,4,0.5,0.0,True,1.0
controlled_D4_noise0.5_seed24,controlled,D4,24,0.5,2,fourier_or_equivariant_pooling,2,4,0.5,0.0,True,1.0
controlled_D4_noise0.5_seed24,controlled,D4,24,0.5,2,validation_router,2,4,0.5,0.0,True,1.0
controlled_D4_noise0.5_seed24,controlled,D4,24,0.5,3,uniform_pooling,2,8,0.5,0.0,True,1.0
controlled_D4_noise0.5_seed24,controlled,D4,24,0.5,3,fourier_or_equivariant_pooling,2,8,0.5,0.0,True,1.0
controlled_D4_noise0.5_seed24,controlled,D4,24,0.5,3,validation_router,2,8,0.5,0.0,True,1.0
controlled_D4_noise0.5_seed25,controlled,D4,25,0.5,1,uniform_pooling,2,2,0.5,0.0,True,1.0
controlled_D4_noise0.5_seed25,controlled,D4,25,0.5,1,fourier_or_equivariant_pooling,2,2,0.5,0.0,True,1.0
controlled_D4_noise0.5_seed25,controlled,D4,25,0.5,1,validation_router,2,2,0.5,0.0,True,1.0
controlled_D4_noise0.5_seed25,controlled,D4,25,0.5,2,uniform_pooling,2,4,0.5,0.0,True,1.0
controlled_D4_noise0.5_seed25,controlled,D4,25,0.5,2,fourier_or_equivariant_pooling,2,4,0.5,0.0,True,1.0
controlled_D4_noise0.5_seed25,controlled,D4,25,0.5,2,validation_router,2,4,0.5,0.0,True,1.0
controlled_D4_noise0.5_seed25,controlled,D4,25,0.5,3,uniform_pooling,2,8,0.5,0.0,True,1.0
controlled_D4_noise0.5_seed25,controlled,D4,25,0.5,3,fourier_or_equivariant_pooling,2,8,0.5,0.0,True,1.0
controlled_D4_noise0.5_seed25,controlled,D4,25,0.5,3,validation_router,2,8,0.5,0.0,True,1.0
controlled_D4_noise0.5_seed26,controlled,D4,26,0.5,1,uniform_pooling,2,2,0.5,0.0,True,1.0
controlled_D4_noise0.5_seed26,controlled,D4,26,0.5,1,fourier_or_equivariant_pooling,2,2,0.5,0.0,True,1.0
controlled_D4_noise0.5_seed26,controlled,D4,26,0.5,1,validation_router,2,2,0.5,0.0,True,1.0
controlled_D4_noise0.5_seed26,controlled,D4,26,0.5,2,uniform_pooling,2,4,0.5,0.0,True,1.0
controlled_D4_noise0.5_seed26,controlled,D4,26,0.5,2,fourier_or_equivariant_pooling,2,4,0.5,0.0,True,1.0
controlled_D4_noise0.5_seed26,controlled,D4,26,0.5,2,validation_router,2,4,0.5,0.0,True,1.0
controlled_D4_noise0.5_seed26,controlled,D4,26,0.5,3,uniform_pooling,2,8,0.5,0.0,True,1.0
controlled_D4_noise0.5_seed26,controlled,D4,26,0.5,3,fourier_or_equivariant_pooling,2,8,0.5,0.0,True,1.0
controlled_D4_noise0.5_seed26,controlled,D4,26,0.5,3,validation_router,2,8,0.5,0.0,True,1.0
controlled_D4_noise0.5_seed27,controlled,D4,27,0.5,1,uniform_pooling,2,2,0.5,0.0,True,1.0
controlled_D4_noise0.5_seed27,controlled,D4,27,0.5,1,fourier_or_equivariant_pooling,2,2,0.5,0.0,True,1.0
controlled_D4_noise0.5_seed27,controlled,D4,27,0.5,1,validation_router,2,2,0.5,0.0,True,1.0
controlled_D4_noise0.5_seed27,controlled,D4,27,0.5,2,uniform_pooling,2,4,0.5,0.0,True,1.0
controlled_D4_noise0.5_seed27,controlled,D4,27,0.5,2,fourier_or_equivariant_pooling,2,4,0.5,0.0,True,1.0
controlled_D4_noise0.5_seed27,controlled,D4,27,0.5,2,validation_router,2,4,0.5,0.0,True,1.0
controlled_D4_noise0.5_seed27,controlled,D4,27,0.5,3,uniform_pooling,2,8,0.5,0.0,True,1.0
controlled_D4_noise0.5_seed27,controlled,D4,27,0.5,3,fourier_or_equivariant_pooling,2,8,0.5,0.0,True,1.0
controlled_D4_noise0.5_seed27,controlled,D4,27,0.5,3,validation_router,2,8,0.5,0.0,True,1.0
controlled_D4_noise0.5_seed28,controlled,D4,28,0.5,1,uniform_pooling,2,2,0.5,0.0,True,1.0
controlled_D4_noise0.5_seed28,controlled,D4,28,0.5,1,fourier_or_equivariant_pooling,2,2,0.5,0.0,True,1.0
controlled_D4_noise0.5_seed28,controlled,D4,28,0.5,1,validation_router,2,2,0.5,0.0,True,1.0
controlled_D4_noise0.5_seed28,controlled,D4,28,0.5,2,uniform_pooling,2,4,0.5,0.0,True,1.0
controlled_D4_noise0.5_seed28,controlled,D4,28,0.5,2,fourier_or_equivariant_pooling,2,4,0.5,0.0,True,1.0
controlled_D4_noise0.5_seed28,controlled,D4,28,0.5,2,validation_router,2,4,0.5,0.0,True,1.0
controlled_D4_noise0.5_seed28,controlled,D4,28,0.5,3,uniform_pooling,2,8,0.5,0.0,True,1.0
controlled_D4_noise0.5_seed28,controlled,D4,28,0.5,3,fourier_or_equivariant_pooling,2,8,0.5,0.0,True,1.0
controlled_D4_noise0.5_seed28,controlled,D4,28,0.5,3,validation_router,2,8,0.5,0.0,True,1.0
controlled_D4_noise0.5_seed29,controlled,D4,29,0.5,1,uniform_pooling,2,2,0.5,0.0,True,1.0
controlled_D4_noise0.5_seed29,controlled,D4,29,0.5,1,fourier_or_equivariant_pooling,2,2,0.5,0.0,True,1.0
controlled_D4_noise0.5_seed29,controlled,D4,29,0.5,1,validation_router,2,2,0.5,0.0,True,1.0
controlled_D4_noise0.5_seed29,controlled,D4,29,0.5,2,uniform_pooling,2,4,0.5,0.0,True,1.0
controlled_D4_noise0.5_seed29,controlled,D4,29,0.5,2,fourier_or_equivariant_pooling,2,4,0.5,0.0,True,1.0
controlled_D4_noise0.5_seed29,controlled,D4,29,0.5,2,validation_router,2,4,0.5,0.0,True,1.0
controlled_D4_noise0.5_seed29,controlled,D4,29,0.5,3,uniform_pooling,2,8,0.5,0.0,True,1.0
controlled_D4_noise0.5_seed29,controlled,D4,29,0.5,3,fourier_or_equivariant_pooling,2,8,0.5,0.0,True,1.0
controlled_D4_noise0.5_seed29,controlled,D4,29,0.5,3,validation_router,2,8,0.5,0.0,True,1.0
controlled_S3_noise0_seed0,controlled,S3,0,0.0,1,uniform_pooling,2,2,0.5,0.0,True,1.0
controlled_S3_noise0_seed0,controlled,S3,0,0.0,1,fourier_or_equivariant_pooling,2,2,0.5,0.0,True,1.0
controlled_S3_noise0_seed0,controlled,S3,0,0.0,1,validation_router,2,2,0.5,0.0,True,1.0
controlled_S3_noise0_seed0,controlled,S3,0,0.0,2,uniform_pooling,3,6,0.6666666666666666,0.0,True,1.0
controlled_S3_noise0_seed0,controlled,S3,0,0.0,2,fourier_or_equivariant_pooling,3,6,0.6666666666666666,0.0,True,1.0
controlled_S3_noise0_seed0,controlled,S3,0,0.0,2,validation_router,3,6,0.6666666666666666,0.0,True,1.0
controlled_S3_noise0_seed1,controlled,S3,1,0.0,1,uniform_pooling,2,2,0.5,0.0,True,1.0
controlled_S3_noise0_seed1,controlled,S3,1,0.0,1,fourier_or_equivariant_pooling,2,2,0.5,0.0,True,1.0
controlled_S3_noise0_seed1,controlled,S3,1,0.0,1,validation_router,2,2,0.5,0.0,True,1.0
controlled_S3_noise0_seed1,controlled,S3,1,0.0,2,uniform_pooling,3,6,0.6666666666666666,0.0,True,1.0
controlled_S3_noise0_seed1,controlled,S3,1,0.0,2,fourier_or_equivariant_pooling,3,6,0.6666666666666666,0.0,True,1.0
controlled_S3_noise0_seed1,controlled,S3,1,0.0,2,validation_router,3,6,0.6666666666666666,0.0,True,1.0
controlled_S3_noise0_seed2,controlled,S3,2,0.0,1,uniform_pooling,2,2,0.5,0.0,True,1.0
controlled_S3_noise0_seed2,controlled,S3,2,0.0,1,fourier_or_equivariant_pooling,2,2,0.5,0.0,True,1.0
controlled_S3_noise0_seed2,controlled,S3,2,0.0,1,validation_router,2,2,0.5,0.0,True,1.0
controlled_S3_noise0_seed2,controlled,S3,2,0.0,2,uniform_pooling,3,6,0.6666666666666666,0.0,True,1.0
controlled_S3_noise0_seed2,controlled,S3,2,0.0,2,fourier_or_equivariant_pooling,3,6,0.6666666666666666,0.0,True,1.0
controlled_S3_noise0_seed2,controlled,S3,2,0.0,2,validation_router,3,6,0.6666666666666666,0.0,True,1.0
controlled_S3_noise0_seed3,controlled,S3,3,0.0,1,uniform_pooling,2,2,0.5,0.0,True,1.0
controlled_S3_noise0_seed3,controlled,S3,3,0.0,1,fourier_or_equivariant_pooling,2,2,0.5,0.0,True,1.0
controlled_S3_noise0_seed3,controlled,S3,3,0.0,1,validation_router,2,2,0.5,0.0,True,1.0
controlled_S3_noise0_seed3,controlled,S3,3,0.0,2,uniform_pooling,3,6,0.6666666666666666,0.0,True,1.0
controlled_S3_noise0_seed3,controlled,S3,3,0.0,2,fourier_or_equivariant_pooling,3,6,0.6666666666666666,0.0,True,1.0
controlled_S3_noise0_seed3,controlled,S3,3,0.0,2,validation_router,3,6,0.6666666666666666,0.0,True,1.0
controlled_S3_noise0_seed4,controlled,S3,4,0.0,1,uniform_pooling,2,2,0.5,0.0,True,1.0
controlled_S3_noise0_seed4,controlled,S3,4,0.0,1,fourier_or_equivariant_pooling,2,2,0.5,0.0,True,1.0
controlled_S3_noise0_seed4,controlled,S3,4,0.0,1,validation_router,2,2,0.5,0.0,True,1.0
controlled_S3_noise0_seed4,controlled,S3,4,0.0,2,uniform_pooling,3,6,0.6666666666666666,0.0,True,1.0
controlled_S3_noise0_seed4,controlled,S3,4,0.0,2,fourier_or_equivariant_pooling,3,6,0.6666666666666666,0.0,True,1.0
controlled_S3_noise0_seed4,controlled,S3,4,0.0,2,validation_router,3,6,0.6666666666666666,0.0,True,1.0
controlled_S3_noise0_seed5,controlled,S3,5,0.0,1,uniform_pooling,2,2,0.5,0.0,True,1.0
controlled_S3_noise0_seed5,controlled,S3,5,0.0,1,fourier_or_equivariant_pooling,2,2,0.5,0.0,True,1.0
controlled_S3_noise0_seed5,controlled,S3,5,0.0,1,validation_router,2,2,0.5,0.0,True,1.0
controlled_S3_noise0_seed5,controlled,S3,5,0.0,2,uniform_pooling,3,6,0.6666666666666666,0.0,True,1.0
controlled_S3_noise0_seed5,controlled,S3,5,0.0,2,fourier_or_equivariant_pooling,3,6,0.6666666666666666,0.0,True,1.0
controlled_S3_noise0_seed5,controlled,S3,5,0.0,2,validation_router,3,6,0.6666666666666666,0.0,True,1.0
controlled_S3_noise0_seed6,controlled,S3,6,0.0,1,uniform_pooling,2,2,0.5,0.0,True,1.0
controlled_S3_noise0_seed6,controlled,S3,6,0.0,1,fourier_or_equivariant_pooling,2,2,0.5,0.0,True,1.0
controlled_S3_noise0_seed6,controlled,S3,6,0.0,1,validation_router,2,2,0.5,0.0,True,1.0
controlled_S3_noise0_seed6,controlled,S3,6,0.0,2,uniform_pooling,3,6,0.6666666666666666,0.0,True,1.0
controlled_S3_noise0_seed6,controlled,S3,6,0.0,2,fourier_or_equivariant_pooling,3,6,0.6666666666666666,0.0,True,1.0
controlled_S3_noise0_seed6,controlled,S3,6,0.0,2,validation_router,3,6,0.6666666666666666,0.0,True,1.0
controlled_S3_noise0_seed7,controlled,S3,7,0.0,1,uniform_pooling,2,2,0.5,0.0,True,1.0
controlled_S3_noise0_seed7,controlled,S3,7,0.0,1,fourier_or_equivariant_pooling,2,2,0.5,0.0,True,1.0
controlled_S3_noise0_seed7,controlled,S3,7,0.0,1,validation_router,2,2,0.5,0.0,True,1.0
controlled_S3_noise0_seed7,controlled,S3,7,0.0,2,uniform_pooling,3,6,0.6666666666666666,0.0,True,1.0
controlled_S3_noise0_seed7,controlled,S3,7,0.0,2,fourier_or_equivariant_pooling,3,6,0.6666666666666666,0.0,True,1.0
controlled_S3_noise0_seed7,controlled,S3,7,0.0,2,validation_router,3,6,0.6666666666666666,0.0,True,1.0
controlled_S3_noise0_seed8,controlled,S3,8,0.0,1,uniform_pooling,2,2,0.5,0.0,True,1.0
controlled_S3_noise0_seed8,controlled,S3,8,0.0,1,fourier_or_equivariant_pooling,2,2,0.5,0.0,True,1.0
controlled_S3_noise0_seed8,controlled,S3,8,0.0,1,validation_router,2,2,0.5,0.0,True,1.0
controlled_S3_noise0_seed8,controlled,S3,8,0.0,2,uniform_pooling,3,6,0.6666666666666666,0.0,True,1.0
controlled_S3_noise0_seed8,controlled,S3,8,0.0,2,fourier_or_equivariant_pooling,3,6,0.6666666666666666,0.0,True,1.0
controlled_S3_noise0_seed8,controlled,S3,8,0.0,2,validation_router,3,6,0.6666666666666666,0.0,True,1.0
controlled_S3_noise0_seed9,controlled,S3,9,0.0,1,uniform_pooling,2,2,0.5,0.0,True,1.0
controlled_S3_noise0_seed9,controlled,S3,9,0.0,1,fourier_or_equivariant_pooling,2,2,0.5,0.0,True,1.0
controlled_S3_noise0_seed9,controlled,S3,9,0.0,1,validation_router,2,2,0.5,0.0,True,1.0
controlled_S3_noise0_seed9,controlled,S3,9,0.0,2,uniform_pooling,3,6,0.6666666666666666,0.0,True,1.0
controlled_S3_noise0_seed9,controlled,S3,9,0.0,2,fourier_or_equivariant_pooling,3,6,0.6666666666666666,0.0,True,1.0
controlled_S3_noise0_seed9,controlled,S3,9,0.0,2,validation_router,3,6,0.6666666666666666,0.0,True,1.0
controlled_S3_noise0_seed10,controlled,S3,10,0.0,1,uniform_pooling,2,2,0.5,0.0,True,1.0
controlled_S3_noise0_seed10,controlled,S3,10,0.0,1,fourier_or_equivariant_pooling,2,2,0.5,0.0,True,1.0
controlled_S3_noise0_seed10,controlled,S3,10,0.0,1,validation_router,2,2,0.5,0.0,True,1.0
controlled_S3_noise0_seed10,controlled,S3,10,0.0,2,uniform_pooling,3,6,0.6666666666666666,0.0,True,1.0
controlled_S3_noise0_seed10,controlled,S3,10,0.0,2,fourier_or_equivariant_pooling,3,6,0.6666666666666666,0.0,True,1.0
controlled_S3_noise0_seed10,controlled,S3,10,0.0,2,validation_router,3,6,0.6666666666666666,0.0,True,1.0
controlled_S3_noise0_seed11,controlled,S3,11,0.0,1,uniform_pooling,2,2,0.5,0.0,True,1.0
controlled_S3_noise0_seed11,controlled,S3,11,0.0,1,fourier_or_equivariant_pooling,2,2,0.5,0.0,True,1.0
controlled_S3_noise0_seed11,controlled,S3,11,0.0,1,validation_router,2,2,0.5,0.0,True,1.0
controlled_S3_noise0_seed11,controlled,S3,11,0.0,2,uniform_pooling,3,6,0.6666666666666666,0.0,True,1.0
controlled_S3_noise0_seed11,controlled,S3,11,0.0,2,fourier_or_equivariant_pooling,3,6,0.6666666666666666,0.0,True,1.0
controlled_S3_noise0_seed11,controlled,S3,11,0.0,2,validation_router,3,6,0.6666666666666666,0.0,True,1.0
controlled_S3_noise0_seed12,controlled,S3,12,0.0,1,uniform_pooling,2,2,0.5,0.0,True,1.0
controlled_S3_noise0_seed12,controlled,S3,12,0.0,1,fourier_or_equivariant_pooling,2,2,0.5,0.0,True,1.0
controlled_S3_noise0_seed12,controlled,S3,12,0.0,1,validation_router,2,2,0.5,0.0,True,1.0
controlled_S3_noise0_seed12,controlled,S3,12,0.0,2,uniform_pooling,3,6,0.6666666666666666,0.0,True,1.0
controlled_S3_noise0_seed12,controlled,S3,12,0.0,2,fourier_or_equivariant_pooling,3,6,0.6666666666666666,0.0,True,1.0
controlled_S3_noise0_seed12,controlled,S3,12,0.0,2,validation_router,3,6,0.6666666666666666,0.0,True,1.0
controlled_S3_noise0_seed13,controlled,S3,13,0.0,1,uniform_pooling,2,2,0.5,0.0,True,1.0
controlled_S3_noise0_seed13,controlled,S3,13,0.0,1,fourier_or_equivariant_pooling,2,2,0.5,0.0,True,1.0
controlled_S3_noise0_seed13,controlled,S3,13,0.0,1,validation_router,2,2,0.5,0.0,True,1.0
controlled_S3_noise0_seed13,controlled,S3,13,0.0,2,uniform_pooling,3,6,0.6666666666666666,0.0,True,1.0
controlled_S3_noise0_seed13,controlled,S3,13,0.0,2,fourier_or_equivariant_pooling,3,6,0.6666666666666666,0.0,True,1.0
controlled_S3_noise0_seed13,controlled,S3,13,0.0,2,validation_router,3,6,0.6666666666666666,0.0,True,1.0
controlled_S3_noise0_seed14,controlled,S3,14,0.0,1,uniform_pooling,2,2,0.5,0.0,True,1.0
controlled_S3_noise0_seed14,controlled,S3,14,0.0,1,fourier_or_equivariant_pooling,2,2,0.5,0.0,True,1.0
controlled_S3_noise0_seed14,controlled,S3,14,0.0,1,validation_router,2,2,0.5,0.0,True,1.0
controlled_S3_noise0_seed14,controlled,S3,14,0.0,2,uniform_pooling,3,6,0.6666666666666666,0.0,True,1.0
controlled_S3_noise0_seed14,controlled,S3,14,0.0,2,fourier_or_equivariant_pooling,3,6,0.6666666666666666,0.0,True,1.0
controlled_S3_noise0_seed14,controlled,S3,14,0.0,2,validation_router,3,6,0.6666666666666666,0.0,True,1.0
controlled_S3_noise0_seed15,controlled,S3,15,0.0,1,uniform_pooling,2,2,0.5,0.0,True,1.0
controlled_S3_noise0_seed15,controlled,S3,15,0.0,1,fourier_or_equivariant_pooling,2,2,0.5,0.0,True,1.0
controlled_S3_noise0_seed15,controlled,S3,15,0.0,1,validation_router,2,2,0.5,0.0,True,1.0
controlled_S3_noise0_seed15,controlled,S3,15,0.0,2,uniform_pooling,3,6,0.6666666666666666,0.0,True,1.0
controlled_S3_noise0_seed15,controlled,S3,15,0.0,2,fourier_or_equivariant_pooling,3,6,0.6666666666666666,0.0,True,1.0
controlled_S3_noise0_seed15,controlled,S3,15,0.0,2,validation_router,3,6,0.6666666666666666,0.0,True,1.0
controlled_S3_noise0_seed16,controlled,S3,16,0.0,1,uniform_pooling,2,2,0.5,0.0,True,1.0
controlled_S3_noise0_seed16,controlled,S3,16,0.0,1,fourier_or_equivariant_pooling,2,2,0.5,0.0,True,1.0
controlled_S3_noise0_seed16,controlled,S3,16,0.0,1,validation_router,2,2,0.5,0.0,True,1.0
controlled_S3_noise0_seed16,controlled,S3,16,0.0,2,uniform_pooling,3,6,0.6666666666666666,0.0,True,1.0
controlled_S3_noise0_seed16,controlled,S3,16,0.0,2,fourier_or_equivariant_pooling,3,6,0.6666666666666666,0.0,True,1.0
controlled_S3_noise0_seed16,controlled,S3,16,0.0,2,validation_router,3,6,0.6666666666666666,0.0,True,1.0
controlled_S3_noise0_seed17,controlled,S3,17,0.0,1,uniform_pooling,2,2,0.5,0.0,True,1.0
controlled_S3_noise0_seed17,controlled,S3,17,0.0,1,fourier_or_equivariant_pooling,2,2,0.5,0.0,True,1.0
controlled_S3_noise0_seed17,controlled,S3,17,0.0,1,validation_router,2,2,0.5,0.0,True,1.0
controlled_S3_noise0_seed17,controlled,S3,17,0.0,2,uniform_pooling,3,6,0.6666666666666666,0.0,True,1.0
controlled_S3_noise0_seed17,controlled,S3,17,0.0,2,fourier_or_equivariant_pooling,3,6,0.6666666666666666,0.0,True,1.0
controlled_S3_noise0_seed17,controlled,S3,17,0.0,2,validation_router,3,6,0.6666666666666666,0.0,True,1.0
controlled_S3_noise0_seed18,controlled,S3,18,0.0,1,uniform_pooling,2,2,0.5,0.0,True,1.0
controlled_S3_noise0_seed18,controlled,S3,18,0.0,1,fourier_or_equivariant_pooling,2,2,0.5,0.0,True,1.0
controlled_S3_noise0_seed18,controlled,S3,18,0.0,1,validation_router,2,2,0.5,0.0,True,1.0
controlled_S3_noise0_seed18,controlled,S3,18,0.0,2,uniform_pooling,3,6,0.6666666666666666,0.0,True,1.0
controlled_S3_noise0_seed18,controlled,S3,18,0.0,2,fourier_or_equivariant_pooling,3,6,0.6666666666666666,0.0,True,1.0
controlled_S3_noise0_seed18,controlled,S3,18,0.0,2,validation_router,3,6,0.6666666666666666,0.0,True,1.0
controlled_S3_noise0_seed19,controlled,S3,19,0.0,1,uniform_pooling,2,2,0.5,0.0,True,1.0
controlled_S3_noise0_seed19,controlled,S3,19,0.0,1,fourier_or_equivariant_pooling,2,2,0.5,0.0,True,1.0
controlled_S3_noise0_seed19,controlled,S3,19,0.0,1,validation_router,2,2,0.5,0.0,True,1.0
controlled_S3_noise0_seed19,controlled,S3,19,0.0,2,uniform_pooling,3,6,0.6666666666666666,0.0,True,1.0
controlled_S3_noise0_seed19,controlled,S3,19,0.0,2,fourier_or_equivariant_pooling,3,6,0.6666666666666666,0.0,True,1.0
controlled_S3_noise0_seed19,controlled,S3,19,0.0,2,validation_router,3,6,0.6666666666666666,0.0,True,1.0
controlled_S3_noise0_seed20,controlled,S3,20,0.0,1,uniform_pooling,2,2,0.5,0.0,True,1.0
controlled_S3_noise0_seed20,controlled,S3,20,0.0,1,fourier_or_equivariant_pooling,2,2,0.5,0.0,True,1.0
controlled_S3_noise0_seed20,controlled,S3,20,0.0,1,validation_router,2,2,0.5,0.0,True,1.0
controlled_S3_noise0_seed20,controlled,S3,20,0.0,2,uniform_pooling,3,6,0.6666666666666666,0.0,True,1.0
controlled_S3_noise0_seed20,controlled,S3,20,0.0,2,fourier_or_equivariant_pooling,3,6,0.6666666666666666,0.0,True,1.0
controlled_S3_noise0_seed20,controlled,S3,20,0.0,2,validation_router,3,6,0.6666666666666666,0.0,True,1.0
controlled_S3_noise0_seed21,controlled,S3,21,0.0,1,uniform_pooling,2,2,0.5,0.0,True,1.0
controlled_S3_noise0_seed21,controlled,S3,21,0.0,1,fourier_or_equivariant_pooling,2,2,0.5,0.0,True,1.0
controlled_S3_noise0_seed21,controlled,S3,21,0.0,1,validation_router,2,2,0.5,0.0,True,1.0
controlled_S3_noise0_seed21,controlled,S3,21,0.0,2,uniform_pooling,3,6,0.6666666666666666,0.0,True,1.0
controlled_S3_noise0_seed21,controlled,S3,21,0.0,2,fourier_or_equivariant_pooling,3,6,0.6666666666666666,0.0,True,1.0
controlled_S3_noise0_seed21,controlled,S3,21,0.0,2,validation_router,3,6,0.6666666666666666,0.0,True,1.0
controlled_S3_noise0_seed22,controlled,S3,22,0.0,1,uniform_pooling,2,2,0.5,0.0,True,1.0
controlled_S3_noise0_seed22,controlled,S3,22,0.0,1,fourier_or_equivariant_pooling,2,2,0.5,0.0,True,1.0
controlled_S3_noise0_seed22,controlled,S3,22,0.0,1,validation_router,2,2,0.5,0.0,True,1.0
controlled_S3_noise0_seed22,controlled,S3,22,0.0,2,uniform_pooling,3,6,0.6666666666666666,0.0,True,1.0
controlled_S3_noise0_seed22,controlled,S3,22,0.0,2,fourier_or_equivariant_pooling,3,6,0.6666666666666666,0.0,True,1.0
controlled_S3_noise0_seed22,controlled,S3,22,0.0,2,validation_router,3,6,0.6666666666666666,0.0,True,1.0
controlled_S3_noise0_seed23,controlled,S3,23,0.0,1,uniform_pooling,2,2,0.5,0.0,True,1.0
controlled_S3_noise0_seed23,controlled,S3,23,0.0,1,fourier_or_equivariant_pooling,2,2,0.5,0.0,True,1.0
controlled_S3_noise0_seed23,controlled,S3,23,0.0,1,validation_router,2,2,0.5,0.0,True,1.0
controlled_S3_noise0_seed23,controlled,S3,23,0.0,2,uniform_pooling,3,6,0.6666666666666666,0.0,True,1.0
controlled_S3_noise0_seed23,controlled,S3,23,0.0,2,fourier_or_equivariant_pooling,3,6,0.6666666666666666,0.0,True,1.0
controlled_S3_noise0_seed23,controlled,S3,23,0.0,2,validation_router,3,6,0.6666666666666666,0.0,True,1.0
controlled_S3_noise0_seed24,controlled,S3,24,0.0,1,uniform_pooling,2,2,0.5,0.0,True,1.0
controlled_S3_noise0_seed24,controlled,S3,24,0.0,1,fourier_or_equivariant_pooling,2,2,0.5,0.0,True,1.0
controlled_S3_noise0_seed24,controlled,S3,24,0.0,1,validation_router,2,2,0.5,0.0,True,1.0
controlled_S3_noise0_seed24,controlled,S3,24,0.0,2,uniform_pooling,3,6,0.6666666666666666,0.0,True,1.0
controlled_S3_noise0_seed24,controlled,S3,24,0.0,2,fourier_or_equivariant_pooling,3,6,0.6666666666666666,0.0,True,1.0
controlled_S3_noise0_seed24,controlled,S3,24,0.0,2,validation_router,3,6,0.6666666666666666,0.0,True,1.0
controlled_S3_noise0_seed25,controlled,S3,25,0.0,1,uniform_pooling,2,2,0.5,0.0,True,1.0
controlled_S3_noise0_seed25,controlled,S3,25,0.0,1,fourier_or_equivariant_pooling,2,2,0.5,0.0,True,1.0
controlled_S3_noise0_seed25,controlled,S3,25,0.0,1,validation_router,2,2,0.5,0.0,True,1.0
controlled_S3_noise0_seed25,controlled,S3,25,0.0,2,uniform_pooling,3,6,0.6666666666666666,0.0,True,1.0
controlled_S3_noise0_seed25,controlled,S3,25,0.0,2,fourier_or_equivariant_pooling,3,6,0.6666666666666666,0.0,True,1.0
controlled_S3_noise0_seed25,controlled,S3,25,0.0,2,validation_router,3,6,0.6666666666666666,0.0,True,1.0
controlled_S3_noise0_seed26,controlled,S3,26,0.0,1,uniform_pooling,2,2,0.5,0.0,True,1.0
controlled_S3_noise0_seed26,controlled,S3,26,0.0,1,fourier_or_equivariant_pooling,2,2,0.5,0.0,True,1.0
controlled_S3_noise0_seed26,controlled,S3,26,0.0,1,validation_router,2,2,0.5,0.0,True,1.0
controlled_S3_noise0_seed26,controlled,S3,26,0.0,2,uniform_pooling,3,6,0.6666666666666666,0.0,True,1.0
controlled_S3_noise0_seed26,controlled,S3,26,0.0,2,fourier_or_equivariant_pooling,3,6,0.6666666666666666,0.0,True,1.0
controlled_S3_noise0_seed26,controlled,S3,26,0.0,2,validation_router,3,6,0.6666666666666666,0.0,True,1.0
controlled_S3_noise0_seed27,controlled,S3,27,0.0,1,uniform_pooling,2,2,0.5,0.0,True,1.0
controlled_S3_noise0_seed27,controlled,S3,27,0.0,1,fourier_or_equivariant_pooling,2,2,0.5,0.0,True,1.0
controlled_S3_noise0_seed27,controlled,S3,27,0.0,1,validation_router,2,2,0.5,0.0,True,1.0
controlled_S3_noise0_seed27,controlled,S3,27,0.0,2,uniform_pooling,3,6,0.6666666666666666,0.0,True,1.0
controlled_S3_noise0_seed27,controlled,S3,27,0.0,2,fourier_or_equivariant_pooling,3,6,0.6666666666666666,0.0,True,1.0
controlled_S3_noise0_seed27,controlled,S3,27,0.0,2,validation_router,3,6,0.6666666666666666,0.0,True,1.0
controlled_S3_noise0_seed28,controlled,S3,28,0.0,1,uniform_pooling,2,2,0.5,0.0,True,1.0
controlled_S3_noise0_seed28,controlled,S3,28,0.0,1,fourier_or_equivariant_pooling,2,2,0.5,0.0,True,1.0
controlled_S3_noise0_seed28,controlled,S3,28,0.0,1,validation_router,2,2,0.5,0.0,True,1.0
controlled_S3_noise0_seed28,controlled,S3,28,0.0,2,uniform_pooling,3,6,0.6666666666666666,0.0,True,1.0
controlled_S3_noise0_seed28,controlled,S3,28,0.0,2,fourier_or_equivariant_pooling,3,6,0.6666666666666666,0.0,True,1.0
controlled_S3_noise0_seed28,controlled,S3,28,0.0,2,validation_router,3,6,0.6666666666666666,0.0,True,1.0
controlled_S3_noise0_seed29,controlled,S3,29,0.0,1,uniform_pooling,2,2,0.5,0.0,True,1.0
controlled_S3_noise0_seed29,controlled,S3,29,0.0,1,fourier_or_equivariant_pooling,2,2,0.5,0.0,True,1.0
controlled_S3_noise0_seed29,controlled,S3,29,0.0,1,validation_router,2,2,0.5,0.0,True,1.0
controlled_S3_noise0_seed29,controlled,S3,29,0.0,2,uniform_pooling,3,6,0.6666666666666666,0.0,True,1.0
controlled_S3_noise0_seed29,controlled,S3,29,0.0,2,fourier_or_equivariant_pooling,3,6,0.6666666666666666,0.0,True,1.0
controlled_S3_noise0_seed29,controlled,S3,29,0.0,2,validation_router,3,6,0.6666666666666666,0.0,True,1.0
controlled_S3_noise0.25_seed0,controlled,S3,0,0.25,1,uniform_pooling,2,2,0.5,0.0,True,1.0
controlled_S3_noise0.25_seed0,controlled,S3,0,0.25,1,fourier_or_equivariant_pooling,2,2,0.5,0.0,True,1.0
controlled_S3_noise0.25_seed0,controlled,S3,0,0.25,1,validation_router,2,2,0.5,0.0,True,1.0
controlled_S3_noise0.25_seed0,controlled,S3,0,0.25,2,uniform_pooling,3,6,0.6666666666666666,0.0,True,1.0
controlled_S3_noise0.25_seed0,controlled,S3,0,0.25,2,fourier_or_equivariant_pooling,3,6,0.6666666666666666,0.0,True,1.0
controlled_S3_noise0.25_seed0,controlled,S3,0,0.25,2,validation_router,3,6,0.6666666666666666,0.0,True,1.0
controlled_S3_noise0.25_seed1,controlled,S3,1,0.25,1,uniform_pooling,2,2,0.5,0.0,True,1.0
controlled_S3_noise0.25_seed1,controlled,S3,1,0.25,1,fourier_or_equivariant_pooling,2,2,0.5,0.0,True,1.0
controlled_S3_noise0.25_seed1,controlled,S3,1,0.25,1,validation_router,2,2,0.5,0.0,True,1.0
controlled_S3_noise0.25_seed1,controlled,S3,1,0.25,2,uniform_pooling,3,6,0.6666666666666666,0.0,True,1.0
controlled_S3_noise0.25_seed1,controlled,S3,1,0.25,2,fourier_or_equivariant_pooling,3,6,0.6666666666666666,0.0,True,1.0
controlled_S3_noise0.25_seed1,controlled,S3,1,0.25,2,validation_router,3,6,0.6666666666666666,0.0,True,1.0
controlled_S3_noise0.25_seed2,controlled,S3,2,0.25,1,uniform_pooling,2,2,0.5,0.0,True,1.0
controlled_S3_noise0.25_seed2,controlled,S3,2,0.25,1,fourier_or_equivariant_pooling,2,2,0.5,0.0,True,1.0
controlled_S3_noise0.25_seed2,controlled,S3,2,0.25,1,validation_router,2,2,0.5,0.0,True,1.0
controlled_S3_noise0.25_seed2,controlled,S3,2,0.25,2,uniform_pooling,3,6,0.6666666666666666,0.0,True,1.0
controlled_S3_noise0.25_seed2,controlled,S3,2,0.25,2,fourier_or_equivariant_pooling,3,6,0.6666666666666666,0.0,True,1.0
controlled_S3_noise0.25_seed2,controlled,S3,2,0.25,2,validation_router,3,6,0.6666666666666666,0.0,True,1.0
controlled_S3_noise0.25_seed3,controlled,S3,3,0.25,1,uniform_pooling,2,2,0.5,0.0,True,1.0
controlled_S3_noise0.25_seed3,controlled,S3,3,0.25,1,fourier_or_equivariant_pooling,2,2,0.5,0.0,True,1.0
controlled_S3_noise0.25_seed3,controlled,S3,3,0.25,1,validation_router,2,2,0.5,0.0,True,1.0
controlled_S3_noise0.25_seed3,controlled,S3,3,0.25,2,uniform_pooling,3,6,0.6666666666666666,0.0,True,1.0
controlled_S3_noise0.25_seed3,controlled,S3,3,0.25,2,fourier_or_equivariant_pooling,3,6,0.6666666666666666,0.0,True,1.0
controlled_S3_noise0.25_seed3,controlled,S3,3,0.25,2,validation_router,3,6,0.6666666666666666,0.0,True,1.0
controlled_S3_noise0.25_seed4,controlled,S3,4,0.25,1,uniform_pooling,2,2,0.5,0.0,True,1.0
controlled_S3_noise0.25_seed4,controlled,S3,4,0.25,1,fourier_or_equivariant_pooling,2,2,0.5,0.0,True,1.0
controlled_S3_noise0.25_seed4,controlled,S3,4,0.25,1,validation_router,2,2,0.5,0.0,True,1.0
controlled_S3_noise0.25_seed4,controlled,S3,4,0.25,2,uniform_pooling,3,6,0.6666666666666666,0.0,True,1.0
controlled_S3_noise0.25_seed4,controlled,S3,4,0.25,2,fourier_or_equivariant_pooling,3,6,0.6666666666666666,0.0,True,1.0
controlled_S3_noise0.25_seed4,controlled,S3,4,0.25,2,validation_router,3,6,0.6666666666666666,0.0,True,1.0
controlled_S3_noise0.25_seed5,controlled,S3,5,0.25,1,uniform_pooling,2,2,0.5,0.0,True,1.0
controlled_S3_noise0.25_seed5,controlled,S3,5,0.25,1,fourier_or_equivariant_pooling,2,2,0.5,0.0,True,1.0
controlled_S3_noise0.25_seed5,controlled,S3,5,0.25,1,validation_router,2,2,0.5,0.0,True,1.0
controlled_S3_noise0.25_seed5,controlled,S3,5,0.25,2,uniform_pooling,3,6,0.6666666666666666,0.0,True,1.0
controlled_S3_noise0.25_seed5,controlled,S3,5,0.25,2,fourier_or_equivariant_pooling,3,6,0.6666666666666666,0.0,True,1.0
controlled_S3_noise0.25_seed5,controlled,S3,5,0.25,2,validation_router,3,6,0.6666666666666666,0.0,True,1.0
controlled_S3_noise0.25_seed6,controlled,S3,6,0.25,1,uniform_pooling,2,2,0.5,0.0,True,1.0
controlled_S3_noise0.25_seed6,controlled,S3,6,0.25,1,fourier_or_equivariant_pooling,2,2,0.5,0.0,True,1.0
controlled_S3_noise0.25_seed6,controlled,S3,6,0.25,1,validation_router,2,2,0.5,0.0,True,1.0
controlled_S3_noise0.25_seed6,controlled,S3,6,0.25,2,uniform_pooling,3,6,0.6666666666666666,0.0,True,1.0
controlled_S3_noise0.25_seed6,controlled,S3,6,0.25,2,fourier_or_equivariant_pooling,3,6,0.6666666666666666,0.0,True,1.0
controlled_S3_noise0.25_seed6,controlled,S3,6,0.25,2,validation_router,3,6,0.6666666666666666,0.0,True,1.0
controlled_S3_noise0.25_seed7,controlled,S3,7,0.25,1,uniform_pooling,2,2,0.5,0.0,True,1.0
controlled_S3_noise0.25_seed7,controlled,S3,7,0.25,1,fourier_or_equivariant_pooling,2,2,0.5,0.0,True,1.0
controlled_S3_noise0.25_seed7,controlled,S3,7,0.25,1,validation_router,2,2,0.5,0.0,True,1.0
controlled_S3_noise0.25_seed7,controlled,S3,7,0.25,2,uniform_pooling,3,6,0.6666666666666666,0.0,True,1.0
controlled_S3_noise0.25_seed7,controlled,S3,7,0.25,2,fourier_or_equivariant_pooling,3,6,0.6666666666666666,0.0,True,1.0
controlled_S3_noise0.25_seed7,controlled,S3,7,0.25,2,validation_router,3,6,0.6666666666666666,0.0,True,1.0
controlled_S3_noise0.25_seed8,controlled,S3,8,0.25,1,uniform_pooling,2,2,0.5,0.0,True,1.0
controlled_S3_noise0.25_seed8,controlled,S3,8,0.25,1,fourier_or_equivariant_pooling,2,2,0.5,0.0,True,1.0
controlled_S3_noise0.25_seed8,controlled,S3,8,0.25,1,validation_router,2,2,0.5,0.0,True,1.0
controlled_S3_noise0.25_seed8,controlled,S3,8,0.25,2,uniform_pooling,3,6,0.6666666666666666,0.0,True,1.0
controlled_S3_noise0.25_seed8,controlled,S3,8,0.25,2,fourier_or_equivariant_pooling,3,6,0.6666666666666666,0.0,True,1.0
controlled_S3_noise0.25_seed8,controlled,S3,8,0.25,2,validation_router,3,6,0.6666666666666666,0.0,True,1.0
controlled_S3_noise0.25_seed9,controlled,S3,9,0.25,1,uniform_pooling,2,2,0.5,0.0,True,1.0
controlled_S3_noise0.25_seed9,controlled,S3,9,0.25,1,fourier_or_equivariant_pooling,2,2,0.5,0.0,True,1.0
controlled_S3_noise0.25_seed9,controlled,S3,9,0.25,1,validation_router,2,2,0.5,0.0,True,1.0
controlled_S3_noise0.25_seed9,controlled,S3,9,0.25,2,uniform_pooling,3,6,0.6666666666666666,0.0,True,1.0
controlled_S3_noise0.25_seed9,controlled,S3,9,0.25,2,fourier_or_equivariant_pooling,3,6,0.6666666666666666,0.0,True,1.0
controlled_S3_noise0.25_seed9,controlled,S3,9,0.25,2,validation_router,3,6,0.6666666666666666,0.0,True,1.0
controlled_S3_noise0.25_seed10,controlled,S3,10,0.25,1,uniform_pooling,2,2,0.5,0.0,True,1.0
controlled_S3_noise0.25_seed10,controlled,S3,10,0.25,1,fourier_or_equivariant_pooling,2,2,0.5,0.0,True,1.0
controlled_S3_noise0.25_seed10,controlled,S3,10,0.25,1,validation_router,2,2,0.5,0.0,True,1.0
controlled_S3_noise0.25_seed10,controlled,S3,10,0.25,2,uniform_pooling,3,6,0.6666666666666666,0.0,True,1.0
controlled_S3_noise0.25_seed10,controlled,S3,10,0.25,2,fourier_or_equivariant_pooling,3,6,0.6666666666666666,0.0,True,1.0
controlled_S3_noise0.25_seed10,controlled,S3,10,0.25,2,validation_router,3,6,0.6666666666666666,0.0,True,1.0
controlled_S3_noise0.25_seed11,controlled,S3,11,0.25,1,uniform_pooling,2,2,0.5,0.0,True,1.0
controlled_S3_noise0.25_seed11,controlled,S3,11,0.25,1,fourier_or_equivariant_pooling,2,2,0.5,0.0,True,1.0
controlled_S3_noise0.25_seed11,controlled,S3,11,0.25,1,validation_router,2,2,0.5,0.0,True,1.0
controlled_S3_noise0.25_seed11,controlled,S3,11,0.25,2,uniform_pooling,3,6,0.6666666666666666,0.0,True,1.0
controlled_S3_noise0.25_seed11,controlled,S3,11,0.25,2,fourier_or_equivariant_pooling,3,6,0.6666666666666666,0.0,True,1.0
controlled_S3_noise0.25_seed11,controlled,S3,11,0.25,2,validation_router,3,6,0.6666666666666666,0.0,True,1.0
controlled_S3_noise0.25_seed12,controlled,S3,12,0.25,1,uniform_pooling,2,2,0.5,0.0,True,1.0
controlled_S3_noise0.25_seed12,controlled,S3,12,0.25,1,fourier_or_equivariant_pooling,2,2,0.5,0.0,True,1.0
controlled_S3_noise0.25_seed12,controlled,S3,12,0.25,1,validation_router,2,2,0.5,0.0,True,1.0
controlled_S3_noise0.25_seed12,controlled,S3,12,0.25,2,uniform_pooling,3,6,0.6666666666666666,0.0,True,1.0
controlled_S3_noise0.25_seed12,controlled,S3,12,0.25,2,fourier_or_equivariant_pooling,3,6,0.6666666666666666,0.0,True,1.0
controlled_S3_noise0.25_seed12,controlled,S3,12,0.25,2,validation_router,3,6,0.6666666666666666,0.0,True,1.0
controlled_S3_noise0.25_seed13,controlled,S3,13,0.25,1,uniform_pooling,2,2,0.5,0.0,True,1.0
controlled_S3_noise0.25_seed13,controlled,S3,13,0.25,1,fourier_or_equivariant_pooling,2,2,0.5,0.0,True,1.0
controlled_S3_noise0.25_seed13,controlled,S3,13,0.25,1,validation_router,2,2,0.5,0.0,True,1.0
controlled_S3_noise0.25_seed13,controlled,S3,13,0.25,2,uniform_pooling,3,6,0.6666666666666666,0.0,True,1.0
controlled_S3_noise0.25_seed13,controlled,S3,13,0.25,2,fourier_or_equivariant_pooling,3,6,0.6666666666666666,0.0,True,1.0
controlled_S3_noise0.25_seed13,controlled,S3,13,0.25,2,validation_router,3,6,0.6666666666666666,0.0,True,1.0
controlled_S3_noise0.25_seed14,controlled,S3,14,0.25,1,uniform_pooling,2,2,0.5,0.0,True,1.0
controlled_S3_noise0.25_seed14,controlled,S3,14,0.25,1,fourier_or_equivariant_pooling,2,2,0.5,0.0,True,1.0
controlled_S3_noise0.25_seed14,controlled,S3,14,0.25,1,validation_router,2,2,0.5,0.0,True,1.0
controlled_S3_noise0.25_seed14,controlled,S3,14,0.25,2,uniform_pooling,3,6,0.6666666666666666,0.0,True,1.0
controlled_S3_noise0.25_seed14,controlled,S3,14,0.25,2,fourier_or_equivariant_pooling,3,6,0.6666666666666666,0.0,True,1.0
controlled_S3_noise0.25_seed14,controlled,S3,14,0.25,2,validation_router,3,6,0.6666666666666666,0.0,True,1.0
controlled_S3_noise0.25_seed15,controlled,S3,15,0.25,1,uniform_pooling,2,2,0.5,0.0,True,1.0
controlled_S3_noise0.25_seed15,controlled,S3,15,0.25,1,fourier_or_equivariant_pooling,2,2,0.5,0.0,True,1.0
controlled_S3_noise0.25_seed15,controlled,S3,15,0.25,1,validation_router,2,2,0.5,0.0,True,1.0
controlled_S3_noise0.25_seed15,controlled,S3,15,0.25,2,uniform_pooling,3,6,0.6666666666666666,0.0,True,1.0
controlled_S3_noise0.25_seed15,controlled,S3,15,0.25,2,fourier_or_equivariant_pooling,3,6,0.6666666666666666,0.0,True,1.0
controlled_S3_noise0.25_seed15,controlled,S3,15,0.25,2,validation_router,3,6,0.6666666666666666,0.0,True,1.0
controlled_S3_noise0.25_seed16,controlled,S3,16,0.25,1,uniform_pooling,2,2,0.5,0.0,True,1.0
controlled_S3_noise0.25_seed16,controlled,S3,16,0.25,1,fourier_or_equivariant_pooling,2,2,0.5,0.0,True,1.0
controlled_S3_noise0.25_seed16,controlled,S3,16,0.25,1,validation_router,2,2,0.5,0.0,True,1.0
controlled_S3_noise0.25_seed16,controlled,S3,16,0.25,2,uniform_pooling,3,6,0.6666666666666666,0.0,True,1.0
controlled_S3_noise0.25_seed16,controlled,S3,16,0.25,2,fourier_or_equivariant_pooling,3,6,0.6666666666666666,0.0,True,1.0
controlled_S3_noise0.25_seed16,controlled,S3,16,0.25,2,validation_router,3,6,0.6666666666666666,0.0,True,1.0
controlled_S3_noise0.25_seed17,controlled,S3,17,0.25,1,uniform_pooling,2,2,0.5,0.0,True,1.0
controlled_S3_noise0.25_seed17,controlled,S3,17,0.25,1,fourier_or_equivariant_pooling,2,2,0.5,0.0,True,1.0
controlled_S3_noise0.25_seed17,controlled,S3,17,0.25,1,validation_router,2,2,0.5,0.0,True,1.0
controlled_S3_noise0.25_seed17,controlled,S3,17,0.25,2,uniform_pooling,3,6,0.6666666666666666,0.0,True,1.0
controlled_S3_noise0.25_seed17,controlled,S3,17,0.25,2,fourier_or_equivariant_pooling,3,6,0.6666666666666666,0.0,True,1.0
controlled_S3_noise0.25_seed17,controlled,S3,17,0.25,2,validation_router,3,6,0.6666666666666666,0.0,True,1.0
controlled_S3_noise0.25_seed18,controlled,S3,18,0.25,1,uniform_pooling,2,2,0.5,0.0,True,1.0
controlled_S3_noise0.25_seed18,controlled,S3,18,0.25,1,fourier_or_equivariant_pooling,2,2,0.5,0.0,True,1.0
controlled_S3_noise0.25_seed18,controlled,S3,18,0.25,1,validation_router,2,2,0.5,0.0,True,1.0
controlled_S3_noise0.25_seed18,controlled,S3,18,0.25,2,uniform_pooling,3,6,0.6666666666666666,0.0,True,1.0
controlled_S3_noise0.25_seed18,controlled,S3,18,0.25,2,fourier_or_equivariant_pooling,3,6,0.6666666666666666,0.0,True,1.0
controlled_S3_noise0.25_seed18,controlled,S3,18,0.25,2,validation_router,3,6,0.6666666666666666,0.0,True,1.0
controlled_S3_noise0.25_seed19,controlled,S3,19,0.25,1,uniform_pooling,2,2,0.5,0.0,True,1.0
controlled_S3_noise0.25_seed19,controlled,S3,19,0.25,1,fourier_or_equivariant_pooling,2,2,0.5,0.0,True,1.0
controlled_S3_noise0.25_seed19,controlled,S3,19,0.25,1,validation_router,2,2,0.5,0.0,True,1.0
controlled_S3_noise0.25_seed19,controlled,S3,19,0.25,2,uniform_pooling,3,6,0.6666666666666666,0.0,True,1.0
controlled_S3_noise0.25_seed19,controlled,S3,19,0.25,2,fourier_or_equivariant_pooling,3,6,0.6666666666666666,0.0,True,1.0
controlled_S3_noise0.25_seed19,controlled,S3,19,0.25,2,validation_router,3,6,0.6666666666666666,0.0,True,1.0
controlled_S3_noise0.25_seed20,controlled,S3,20,0.25,1,uniform_pooling,2,2,0.5,0.0,True,1.0
controlled_S3_noise0.25_seed20,controlled,S3,20,0.25,1,fourier_or_equivariant_pooling,2,2,0.5,0.0,True,1.0
controlled_S3_noise0.25_seed20,controlled,S3,20,0.25,1,validation_router,2,2,0.5,0.0,True,1.0
controlled_S3_noise0.25_seed20,controlled,S3,20,0.25,2,uniform_pooling,3,6,0.6666666666666666,0.0,True,1.0
controlled_S3_noise0.25_seed20,controlled,S3,20,0.25,2,fourier_or_equivariant_pooling,3,6,0.6666666666666666,0.0,True,1.0
controlled_S3_noise0.25_seed20,controlled,S3,20,0.25,2,validation_router,3,6,0.6666666666666666,0.0,True,1.0
controlled_S3_noise0.25_seed21,controlled,S3,21,0.25,1,uniform_pooling,2,2,0.5,0.0,True,1.0
controlled_S3_noise0.25_seed21,controlled,S3,21,0.25,1,fourier_or_equivariant_pooling,2,2,0.5,0.0,True,1.0
controlled_S3_noise0.25_seed21,controlled,S3,21,0.25,1,validation_router,2,2,0.5,0.0,True,1.0
controlled_S3_noise0.25_seed21,controlled,S3,21,0.25,2,uniform_pooling,3,6,0.6666666666666666,0.0,True,1.0
controlled_S3_noise0.25_seed21,controlled,S3,21,0.25,2,fourier_or_equivariant_pooling,3,6,0.6666666666666666,0.0,True,1.0
controlled_S3_noise0.25_seed21,controlled,S3,21,0.25,2,validation_router,3,6,0.6666666666666666,0.0,True,1.0
controlled_S3_noise0.25_seed22,controlled,S3,22,0.25,1,uniform_pooling,2,2,0.5,0.0,True,1.0
controlled_S3_noise0.25_seed22,controlled,S3,22,0.25,1,fourier_or_equivariant_pooling,2,2,0.5,0.0,True,1.0
controlled_S3_noise0.25_seed22,controlled,S3,22,0.25,1,validation_router,2,2,0.5,0.0,True,1.0
controlled_S3_noise0.25_seed22,controlled,S3,22,0.25,2,uniform_pooling,3,6,0.6666666666666666,0.0,True,1.0
controlled_S3_noise0.25_seed22,controlled,S3,22,0.25,2,fourier_or_equivariant_pooling,3,6,0.6666666666666666,0.0,True,1.0
controlled_S3_noise0.25_seed22,controlled,S3,22,0.25,2,validation_router,3,6,0.6666666666666666,0.0,True,1.0
controlled_S3_noise0.25_seed23,controlled,S3,23,0.25,1,uniform_pooling,2,2,0.5,0.0,True,1.0
controlled_S3_noise0.25_seed23,controlled,S3,23,0.25,1,fourier_or_equivariant_pooling,2,2,0.5,0.0,True,1.0
controlled_S3_noise0.25_seed23,controlled,S3,23,0.25,1,validation_router,2,2,0.5,0.0,True,1.0
controlled_S3_noise0.25_seed23,controlled,S3,23,0.25,2,uniform_pooling,3,6,0.6666666666666666,0.0,True,1.0
controlled_S3_noise0.25_seed23,controlled,S3,23,0.25,2,fourier_or_equivariant_pooling,3,6,0.6666666666666666,0.0,True,1.0
controlled_S3_noise0.25_seed23,controlled,S3,23,0.25,2,validation_router,3,6,0.6666666666666666,0.0,True,1.0
controlled_S3_noise0.25_seed24,controlled,S3,24,0.25,1,uniform_pooling,2,2,0.5,0.0,True,1.0
controlled_S3_noise0.25_seed24,controlled,S3,24,0.25,1,fourier_or_equivariant_pooling,2,2,0.5,0.0,True,1.0
controlled_S3_noise0.25_seed24,controlled,S3,24,0.25,1,validation_router,2,2,0.5,0.0,True,1.0
controlled_S3_noise0.25_seed24,controlled,S3,24,0.25,2,uniform_pooling,3,6,0.6666666666666666,0.0,True,1.0
controlled_S3_noise0.25_seed24,controlled,S3,24,0.25,2,fourier_or_equivariant_pooling,3,6,0.6666666666666666,0.0,True,1.0
controlled_S3_noise0.25_seed24,controlled,S3,24,0.25,2,validation_router,3,6,0.6666666666666666,0.0,True,1.0
controlled_S3_noise0.25_seed25,controlled,S3,25,0.25,1,uniform_pooling,2,2,0.5,0.0,True,1.0
controlled_S3_noise0.25_seed25,controlled,S3,25,0.25,1,fourier_or_equivariant_pooling,2,2,0.5,0.0,True,1.0
controlled_S3_noise0.25_seed25,controlled,S3,25,0.25,1,validation_router,2,2,0.5,0.0,True,1.0
controlled_S3_noise0.25_seed25,controlled,S3,25,0.25,2,uniform_pooling,3,6,0.6666666666666666,0.0,True,1.0
controlled_S3_noise0.25_seed25,controlled,S3,25,0.25,2,fourier_or_equivariant_pooling,3,6,0.6666666666666666,0.0,True,1.0
controlled_S3_noise0.25_seed25,controlled,S3,25,0.25,2,validation_router,3,6,0.6666666666666666,0.0,True,1.0
controlled_S3_noise0.25_seed26,controlled,S3,26,0.25,1,uniform_pooling,2,2,0.5,0.0,True,1.0
controlled_S3_noise0.25_seed26,controlled,S3,26,0.25,1,fourier_or_equivariant_pooling,2,2,0.5,0.0,True,1.0
controlled_S3_noise0.25_seed26,controlled,S3,26,0.25,1,validation_router,2,2,0.5,0.0,True,1.0
controlled_S3_noise0.25_seed26,controlled,S3,26,0.25,2,uniform_pooling,3,6,0.6666666666666666,0.0,True,1.0
controlled_S3_noise0.25_seed26,controlled,S3,26,0.25,2,fourier_or_equivariant_pooling,3,6,0.6666666666666666,0.0,True,1.0
controlled_S3_noise0.25_seed26,controlled,S3,26,0.25,2,validation_router,3,6,0.6666666666666666,0.0,True,1.0
controlled_S3_noise0.25_seed27,controlled,S3,27,0.25,1,uniform_pooling,2,2,0.5,0.0,True,1.0
controlled_S3_noise0.25_seed27,controlled,S3,27,0.25,1,fourier_or_equivariant_pooling,2,2,0.5,0.0,True,1.0
controlled_S3_noise0.25_seed27,controlled,S3,27,0.25,1,validation_router,2,2,0.5,0.0,True,1.0
controlled_S3_noise0.25_seed27,controlled,S3,27,0.25,2,uniform_pooling,3,6,0.6666666666666666,0.0,True,1.0
controlled_S3_noise0.25_seed27,controlled,S3,27,0.25,2,fourier_or_equivariant_pooling,3,6,0.6666666666666666,0.0,True,1.0
controlled_S3_noise0.25_seed27,controlled,S3,27,0.25,2,validation_router,3,6,0.6666666666666666,0.0,True,1.0
controlled_S3_noise0.25_seed28,controlled,S3,28,0.25,1,uniform_pooling,2,2,0.5,0.0,True,1.0
controlled_S3_noise0.25_seed28,controlled,S3,28,0.25,1,fourier_or_equivariant_pooling,2,2,0.5,0.0,True,1.0
controlled_S3_noise0.25_seed28,controlled,S3,28,0.25,1,validation_router,2,2,0.5,0.0,True,1.0
controlled_S3_noise0.25_seed28,controlled,S3,28,0.25,2,uniform_pooling,3,6,0.6666666666666666,0.0,True,1.0
controlled_S3_noise0.25_seed28,controlled,S3,28,0.25,2,fourier_or_equivariant_pooling,3,6,0.6666666666666666,0.0,True,1.0
controlled_S3_noise0.25_seed28,controlled,S3,28,0.25,2,validation_router,3,6,0.6666666666666666,0.0,True,1.0
controlled_S3_noise0.25_seed29,controlled,S3,29,0.25,1,uniform_pooling,2,2,0.5,0.0,True,1.0
controlled_S3_noise0.25_seed29,controlled,S3,29,0.25,1,fourier_or_equivariant_pooling,2,2,0.5,0.0,True,1.0
controlled_S3_noise0.25_seed29,controlled,S3,29,0.25,1,validation_router,2,2,0.5,0.0,True,1.0
controlled_S3_noise0.25_seed29,controlled,S3,29,0.25,2,uniform_pooling,3,6,0.6666666666666666,0.0,True,1.0
controlled_S3_noise0.25_seed29,controlled,S3,29,0.25,2,fourier_or_equivariant_pooling,3,6,0.6666666666666666,0.0,True,1.0
controlled_S3_noise0.25_seed29,controlled,S3,29,0.25,2,validation_router,3,6,0.6666666666666666,0.0,True,1.0
controlled_S3_noise0.5_seed0,controlled,S3,0,0.5,1,uniform_pooling,2,2,0.5,0.0,True,1.0
controlled_S3_noise0.5_seed0,controlled,S3,0,0.5,1,fourier_or_equivariant_pooling,2,2,0.5,0.0,True,1.0
controlled_S3_noise0.5_seed0,controlled,S3,0,0.5,1,validation_router,2,2,0.5,0.0,True,1.0
controlled_S3_noise0.5_seed0,controlled,S3,0,0.5,2,uniform_pooling,3,6,0.6666666666666666,0.0,True,1.0
controlled_S3_noise0.5_seed0,controlled,S3,0,0.5,2,fourier_or_equivariant_pooling,3,6,0.6666666666666666,0.0,True,1.0
controlled_S3_noise0.5_seed0,controlled,S3,0,0.5,2,validation_router,3,6,0.6666666666666666,0.0,True,1.0
controlled_S3_noise0.5_seed1,controlled,S3,1,0.5,1,uniform_pooling,2,2,0.5,0.0,True,1.0
controlled_S3_noise0.5_seed1,controlled,S3,1,0.5,1,fourier_or_equivariant_pooling,2,2,0.5,0.0,True,1.0
controlled_S3_noise0.5_seed1,controlled,S3,1,0.5,1,validation_router,2,2,0.5,0.0,True,1.0
controlled_S3_noise0.5_seed1,controlled,S3,1,0.5,2,uniform_pooling,3,6,0.6666666666666666,0.0,True,1.0
controlled_S3_noise0.5_seed1,controlled,S3,1,0.5,2,fourier_or_equivariant_pooling,3,6,0.6666666666666666,0.0,True,1.0
controlled_S3_noise0.5_seed1,controlled,S3,1,0.5,2,validation_router,3,6,0.6666666666666666,0.0,True,1.0
controlled_S3_noise0.5_seed2,controlled,S3,2,0.5,1,uniform_pooling,2,2,0.5,0.0,True,1.0
controlled_S3_noise0.5_seed2,controlled,S3,2,0.5,1,fourier_or_equivariant_pooling,2,2,0.5,0.0,True,1.0
controlled_S3_noise0.5_seed2,controlled,S3,2,0.5,1,validation_router,2,2,0.5,0.0,True,1.0
controlled_S3_noise0.5_seed2,controlled,S3,2,0.5,2,uniform_pooling,3,6,0.6666666666666666,0.0,True,1.0
controlled_S3_noise0.5_seed2,controlled,S3,2,0.5,2,fourier_or_equivariant_pooling,3,6,0.6666666666666666,0.0,True,1.0
controlled_S3_noise0.5_seed2,controlled,S3,2,0.5,2,validation_router,3,6,0.6666666666666666,0.0,True,1.0
controlled_S3_noise0.5_seed3,controlled,S3,3,0.5,1,uniform_pooling,2,2,0.5,0.0,True,1.0
controlled_S3_noise0.5_seed3,controlled,S3,3,0.5,1,fourier_or_equivariant_pooling,2,2,0.5,0.0,True,1.0
controlled_S3_noise0.5_seed3,controlled,S3,3,0.5,1,validation_router,2,2,0.5,0.0,True,1.0
controlled_S3_noise0.5_seed3,controlled,S3,3,0.5,2,uniform_pooling,3,6,0.6666666666666666,0.0,True,1.0
controlled_S3_noise0.5_seed3,controlled,S3,3,0.5,2,fourier_or_equivariant_pooling,3,6,0.6666666666666666,0.0,True,1.0
controlled_S3_noise0.5_seed3,controlled,S3,3,0.5,2,validation_router,3,6,0.6666666666666666,0.0,True,1.0
controlled_S3_noise0.5_seed4,controlled,S3,4,0.5,1,uniform_pooling,2,2,0.5,0.0,True,1.0
controlled_S3_noise0.5_seed4,controlled,S3,4,0.5,1,fourier_or_equivariant_pooling,2,2,0.5,0.0,True,1.0
controlled_S3_noise0.5_seed4,controlled,S3,4,0.5,1,validation_router,2,2,0.5,0.0,True,1.0
controlled_S3_noise0.5_seed4,controlled,S3,4,0.5,2,uniform_pooling,3,6,0.6666666666666666,0.0,True,1.0
controlled_S3_noise0.5_seed4,controlled,S3,4,0.5,2,fourier_or_equivariant_pooling,3,6,0.6666666666666666,0.0,True,1.0
controlled_S3_noise0.5_seed4,controlled,S3,4,0.5,2,validation_router,3,6,0.6666666666666666,0.0,True,1.0
controlled_S3_noise0.5_seed5,controlled,S3,5,0.5,1,uniform_pooling,2,2,0.5,0.0,True,1.0
controlled_S3_noise0.5_seed5,controlled,S3,5,0.5,1,fourier_or_equivariant_pooling,2,2,0.5,0.0,True,1.0
controlled_S3_noise0.5_seed5,controlled,S3,5,0.5,1,validation_router,2,2,0.5,0.0,True,1.0
controlled_S3_noise0.5_seed5,controlled,S3,5,0.5,2,uniform_pooling,3,6,0.6666666666666666,0.0,True,1.0
controlled_S3_noise0.5_seed5,controlled,S3,5,0.5,2,fourier_or_equivariant_pooling,3,6,0.6666666666666666,0.0,True,1.0
controlled_S3_noise0.5_seed5,controlled,S3,5,0.5,2,validation_router,3,6,0.6666666666666666,0.0,True,1.0
controlled_S3_noise0.5_seed6,controlled,S3,6,0.5,1,uniform_pooling,2,2,0.5,0.0,True,1.0
controlled_S3_noise0.5_seed6,controlled,S3,6,0.5,1,fourier_or_equivariant_pooling,2,2,0.5,0.0,True,1.0
controlled_S3_noise0.5_seed6,controlled,S3,6,0.5,1,validation_router,2,2,0.5,0.0,True,1.0
controlled_S3_noise0.5_seed6,controlled,S3,6,0.5,2,uniform_pooling,3,6,0.6666666666666666,0.0,True,1.0
controlled_S3_noise0.5_seed6,controlled,S3,6,0.5,2,fourier_or_equivariant_pooling,3,6,0.6666666666666666,0.0,True,1.0
controlled_S3_noise0.5_seed6,controlled,S3,6,0.5,2,validation_router,3,6,0.6666666666666666,0.0,True,1.0
controlled_S3_noise0.5_seed7,controlled,S3,7,0.5,1,uniform_pooling,2,2,0.5,0.0,True,1.0
controlled_S3_noise0.5_seed7,controlled,S3,7,0.5,1,fourier_or_equivariant_pooling,2,2,0.5,0.0,True,1.0
controlled_S3_noise0.5_seed7,controlled,S3,7,0.5,1,validation_router,2,2,0.5,0.0,True,1.0
controlled_S3_noise0.5_seed7,controlled,S3,7,0.5,2,uniform_pooling,3,6,0.6666666666666666,0.0,True,1.0
controlled_S3_noise0.5_seed7,controlled,S3,7,0.5,2,fourier_or_equivariant_pooling,3,6,0.6666666666666666,0.0,True,1.0
controlled_S3_noise0.5_seed7,controlled,S3,7,0.5,2,validation_router,3,6,0.6666666666666666,0.0,True,1.0
controlled_S3_noise0.5_seed8,controlled,S3,8,0.5,1,uniform_pooling,2,2,0.5,0.0,True,1.0
controlled_S3_noise0.5_seed8,controlled,S3,8,0.5,1,fourier_or_equivariant_pooling,2,2,0.5,0.0,True,1.0
controlled_S3_noise0.5_seed8,controlled,S3,8,0.5,1,validation_router,2,2,0.5,0.0,True,1.0
controlled_S3_noise0.5_seed8,controlled,S3,8,0.5,2,uniform_pooling,3,6,0.6666666666666666,0.0,True,1.0
controlled_S3_noise0.5_seed8,controlled,S3,8,0.5,2,fourier_or_equivariant_pooling,3,6,0.6666666666666666,0.0,True,1.0
controlled_S3_noise0.5_seed8,controlled,S3,8,0.5,2,validation_router,3,6,0.6666666666666666,0.0,True,1.0
controlled_S3_noise0.5_seed9,controlled,S3,9,0.5,1,uniform_pooling,2,2,0.5,0.0,True,1.0
controlled_S3_noise0.5_seed9,controlled,S3,9,0.5,1,fourier_or_equivariant_pooling,2,2,0.5,0.0,True,1.0
controlled_S3_noise0.5_seed9,controlled,S3,9,0.5,1,validation_router,2,2,0.5,0.0,True,1.0
controlled_S3_noise0.5_seed9,controlled,S3,9,0.5,2,uniform_pooling,3,6,0.6666666666666666,0.0,True,1.0
controlled_S3_noise0.5_seed9,controlled,S3,9,0.5,2,fourier_or_equivariant_pooling,3,6,0.6666666666666666,0.0,True,1.0
controlled_S3_noise0.5_seed9,controlled,S3,9,0.5,2,validation_router,3,6,0.6666666666666666,0.0,True,1.0
controlled_S3_noise0.5_seed10,controlled,S3,10,0.5,1,uniform_pooling,2,2,0.5,0.0,True,1.0
controlled_S3_noise0.5_seed10,controlled,S3,10,0.5,1,fourier_or_equivariant_pooling,2,2,0.5,0.0,True,1.0
controlled_S3_noise0.5_seed10,controlled,S3,10,0.5,1,validation_router,2,2,0.5,0.0,True,1.0
controlled_S3_noise0.5_seed10,controlled,S3,10,0.5,2,uniform_pooling,3,6,0.6666666666666666,0.0,True,1.0
controlled_S3_noise0.5_seed10,controlled,S3,10,0.5,2,fourier_or_equivariant_pooling,3,6,0.6666666666666666,0.0,True,1.0
controlled_S3_noise0.5_seed10,controlled,S3,10,0.5,2,validation_router,3,6,0.6666666666666666,0.0,True,1.0
controlled_S3_noise0.5_seed11,controlled,S3,11,0.5,1,uniform_pooling,2,2,0.5,0.0,True,1.0
controlled_S3_noise0.5_seed11,controlled,S3,11,0.5,1,fourier_or_equivariant_pooling,2,2,0.5,0.0,True,1.0
controlled_S3_noise0.5_seed11,controlled,S3,11,0.5,1,validation_router,2,2,0.5,0.0,True,1.0
controlled_S3_noise0.5_seed11,controlled,S3,11,0.5,2,uniform_pooling,3,6,0.6666666666666666,0.0,True,1.0
controlled_S3_noise0.5_seed11,controlled,S3,11,0.5,2,fourier_or_equivariant_pooling,3,6,0.6666666666666666,0.0,True,1.0
controlled_S3_noise0.5_seed11,controlled,S3,11,0.5,2,validation_router,3,6,0.6666666666666666,0.0,True,1.0
controlled_S3_noise0.5_seed12,controlled,S3,12,0.5,1,uniform_pooling,2,2,0.5,0.0,True,1.0
controlled_S3_noise0.5_seed12,controlled,S3,12,0.5,1,fourier_or_equivariant_pooling,2,2,0.5,0.0,True,1.0
controlled_S3_noise0.5_seed12,controlled,S3,12,0.5,1,validation_router,2,2,0.5,0.0,True,1.0
controlled_S3_noise0.5_seed12,controlled,S3,12,0.5,2,uniform_pooling,3,6,0.6666666666666666,0.0,True,1.0
controlled_S3_noise0.5_seed12,controlled,S3,12,0.5,2,fourier_or_equivariant_pooling,3,6,0.6666666666666666,0.0,True,1.0
controlled_S3_noise0.5_seed12,controlled,S3,12,0.5,2,validation_router,3,6,0.6666666666666666,0.0,True,1.0
controlled_S3_noise0.5_seed13,controlled,S3,13,0.5,1,uniform_pooling,2,2,0.5,0.0,True,1.0
controlled_S3_noise0.5_seed13,controlled,S3,13,0.5,1,fourier_or_equivariant_pooling,2,2,0.5,0.0,True,1.0
controlled_S3_noise0.5_seed13,controlled,S3,13,0.5,1,validation_router,2,2,0.5,0.0,True,1.0
controlled_S3_noise0.5_seed13,controlled,S3,13,0.5,2,uniform_pooling,3,6,0.6666666666666666,0.0,True,1.0
controlled_S3_noise0.5_seed13,controlled,S3,13,0.5,2,fourier_or_equivariant_pooling,3,6,0.6666666666666666,0.0,True,1.0
controlled_S3_noise0.5_seed13,controlled,S3,13,0.5,2,validation_router,3,6,0.6666666666666666,0.0,True,1.0
controlled_S3_noise0.5_seed14,controlled,S3,14,0.5,1,uniform_pooling,2,2,0.5,0.0,True,1.0
controlled_S3_noise0.5_seed14,controlled,S3,14,0.5,1,fourier_or_equivariant_pooling,2,2,0.5,0.0,True,1.0
controlled_S3_noise0.5_seed14,controlled,S3,14,0.5,1,validation_router,2,2,0.5,0.0,True,1.0
controlled_S3_noise0.5_seed14,controlled,S3,14,0.5,2,uniform_pooling,3,6,0.6666666666666666,0.0,True,1.0
controlled_S3_noise0.5_seed14,controlled,S3,14,0.5,2,fourier_or_equivariant_pooling,3,6,0.6666666666666666,0.0,True,1.0
controlled_S3_noise0.5_seed14,controlled,S3,14,0.5,2,validation_router,3,6,0.6666666666666666,0.0,True,1.0
controlled_S3_noise0.5_seed15,controlled,S3,15,0.5,1,uniform_pooling,2,2,0.5,0.0,True,1.0
controlled_S3_noise0.5_seed15,controlled,S3,15,0.5,1,fourier_or_equivariant_pooling,2,2,0.5,0.0,True,1.0
controlled_S3_noise0.5_seed15,controlled,S3,15,0.5,1,validation_router,2,2,0.5,0.0,True,1.0
controlled_S3_noise0.5_seed15,controlled,S3,15,0.5,2,uniform_pooling,3,6,0.6666666666666666,0.0,True,1.0
controlled_S3_noise0.5_seed15,controlled,S3,15,0.5,2,fourier_or_equivariant_pooling,3,6,0.6666666666666666,0.0,True,1.0
controlled_S3_noise0.5_seed15,controlled,S3,15,0.5,2,validation_router,3,6,0.6666666666666666,0.0,True,1.0
controlled_S3_noise0.5_seed16,controlled,S3,16,0.5,1,uniform_pooling,2,2,0.5,0.0,True,1.0
controlled_S3_noise0.5_seed16,controlled,S3,16,0.5,1,fourier_or_equivariant_pooling,2,2,0.5,0.0,True,1.0
controlled_S3_noise0.5_seed16,controlled,S3,16,0.5,1,validation_router,2,2,0.5,0.0,True,1.0
controlled_S3_noise0.5_seed16,controlled,S3,16,0.5,2,uniform_pooling,3,6,0.6666666666666666,0.0,True,1.0
controlled_S3_noise0.5_seed16,controlled,S3,16,0.5,2,fourier_or_equivariant_pooling,3,6,0.6666666666666666,0.0,True,1.0
controlled_S3_noise0.5_seed16,controlled,S3,16,0.5,2,validation_router,3,6,0.6666666666666666,0.0,True,1.0
controlled_S3_noise0.5_seed17,controlled,S3,17,0.5,1,uniform_pooling,2,2,0.5,0.0,True,1.0
controlled_S3_noise0.5_seed17,controlled,S3,17,0.5,1,fourier_or_equivariant_pooling,2,2,0.5,0.0,True,1.0
controlled_S3_noise0.5_seed17,controlled,S3,17,0.5,1,validation_router,2,2,0.5,0.0,True,1.0
controlled_S3_noise0.5_seed17,controlled,S3,17,0.5,2,uniform_pooling,3,6,0.6666666666666666,0.0,True,1.0
controlled_S3_noise0.5_seed17,controlled,S3,17,0.5,2,fourier_or_equivariant_pooling,3,6,0.6666666666666666,0.0,True,1.0
controlled_S3_noise0.5_seed17,controlled,S3,17,0.5,2,validation_router,3,6,0.6666666666666666,0.0,True,1.0
controlled_S3_noise0.5_seed18,controlled,S3,18,0.5,1,uniform_pooling,2,2,0.5,0.0,True,1.0
controlled_S3_noise0.5_seed18,controlled,S3,18,0.5,1,fourier_or_equivariant_pooling,2,2,0.5,0.0,True,1.0
controlled_S3_noise0.5_seed18,controlled,S3,18,0.5,1,validation_router,2,2,0.5,0.0,True,1.0
controlled_S3_noise0.5_seed18,controlled,S3,18,0.5,2,uniform_pooling,3,6,0.6666666666666666,0.0,True,1.0
controlled_S3_noise0.5_seed18,controlled,S3,18,0.5,2,fourier_or_equivariant_pooling,3,6,0.6666666666666666,0.0,True,1.0
controlled_S3_noise0.5_seed18,controlled,S3,18,0.5,2,validation_router,3,6,0.6666666666666666,0.0,True,1.0
controlled_S3_noise0.5_seed19,controlled,S3,19,0.5,1,uniform_pooling,2,2,0.5,0.0,True,1.0
controlled_S3_noise0.5_seed19,controlled,S3,19,0.5,1,fourier_or_equivariant_pooling,2,2,0.5,0.0,True,1.0
controlled_S3_noise0.5_seed19,controlled,S3,19,0.5,1,validation_router,2,2,0.5,0.0,True,1.0
controlled_S3_noise0.5_seed19,controlled,S3,19,0.5,2,uniform_pooling,3,6,0.6666666666666666,0.0,True,1.0
controlled_S3_noise0.5_seed19,controlled,S3,19,0.5,2,fourier_or_equivariant_pooling,3,6,0.6666666666666666,0.0,True,1.0
controlled_S3_noise0.5_seed19,controlled,S3,19,0.5,2,validation_router,3,6,0.6666666666666666,0.0,True,1.0
controlled_S3_noise0.5_seed20,controlled,S3,20,0.5,1,uniform_pooling,2,2,0.5,0.0,True,1.0
controlled_S3_noise0.5_seed20,controlled,S3,20,0.5,1,fourier_or_equivariant_pooling,2,2,0.5,0.0,True,1.0
controlled_S3_noise0.5_seed20,controlled,S3,20,0.5,1,validation_router,2,2,0.5,0.0,True,1.0
controlled_S3_noise0.5_seed20,controlled,S3,20,0.5,2,uniform_pooling,3,6,0.6666666666666666,0.0,True,1.0
controlled_S3_noise0.5_seed20,controlled,S3,20,0.5,2,fourier_or_equivariant_pooling,3,6,0.6666666666666666,0.0,True,1.0
controlled_S3_noise0.5_seed20,controlled,S3,20,0.5,2,validation_router,3,6,0.6666666666666666,0.0,True,1.0
controlled_S3_noise0.5_seed21,controlled,S3,21,0.5,1,uniform_pooling,2,2,0.5,0.0,True,1.0
controlled_S3_noise0.5_seed21,controlled,S3,21,0.5,1,fourier_or_equivariant_pooling,2,2,0.5,0.0,True,1.0
controlled_S3_noise0.5_seed21,controlled,S3,21,0.5,1,validation_router,2,2,0.5,0.0,True,1.0
controlled_S3_noise0.5_seed21,controlled,S3,21,0.5,2,uniform_pooling,3,6,0.6666666666666666,0.0,True,1.0
controlled_S3_noise0.5_seed21,controlled,S3,21,0.5,2,fourier_or_equivariant_pooling,3,6,0.6666666666666666,0.0,True,1.0
controlled_S3_noise0.5_seed21,controlled,S3,21,0.5,2,validation_router,3,6,0.6666666666666666,0.0,True,1.0
controlled_S3_noise0.5_seed22,controlled,S3,22,0.5,1,uniform_pooling,2,2,0.5,0.0,True,1.0
controlled_S3_noise0.5_seed22,controlled,S3,22,0.5,1,fourier_or_equivariant_pooling,2,2,0.5,0.0,True,1.0
controlled_S3_noise0.5_seed22,controlled,S3,22,0.5,1,validation_router,2,2,0.5,0.0,True,1.0
controlled_S3_noise0.5_seed22,controlled,S3,22,0.5,2,uniform_pooling,3,6,0.6666666666666666,0.0,True,1.0
controlled_S3_noise0.5_seed22,controlled,S3,22,0.5,2,fourier_or_equivariant_pooling,3,6,0.6666666666666666,0.0,True,1.0
controlled_S3_noise0.5_seed22,controlled,S3,22,0.5,2,validation_router,3,6,0.6666666666666666,0.0,True,1.0
controlled_S3_noise0.5_seed23,controlled,S3,23,0.5,1,uniform_pooling,2,2,0.5,0.0,True,1.0
controlled_S3_noise0.5_seed23,controlled,S3,23,0.5,1,fourier_or_equivariant_pooling,2,2,0.5,0.0,True,1.0
controlled_S3_noise0.5_seed23,controlled,S3,23,0.5,1,validation_router,2,2,0.5,0.0,True,1.0
controlled_S3_noise0.5_seed23,controlled,S3,23,0.5,2,uniform_pooling,3,6,0.6666666666666666,0.0,True,1.0
controlled_S3_noise0.5_seed23,controlled,S3,23,0.5,2,fourier_or_equivariant_pooling,3,6,0.6666666666666666,0.0,True,1.0
controlled_S3_noise0.5_seed23,controlled,S3,23,0.5,2,validation_router,3,6,0.6666666666666666,0.0,True,1.0
controlled_S3_noise0.5_seed24,controlled,S3,24,0.5,1,uniform_pooling,2,2,0.5,0.0,True,1.0
controlled_S3_noise0.5_seed24,controlled,S3,24,0.5,1,fourier_or_equivariant_pooling,2,2,0.5,0.0,True,1.0
controlled_S3_noise0.5_seed24,controlled,S3,24,0.5,1,validation_router,2,2,0.5,0.0,True,1.0
controlled_S3_noise0.5_seed24,controlled,S3,24,0.5,2,uniform_pooling,3,6,0.6666666666666666,0.0,True,1.0
controlled_S3_noise0.5_seed24,controlled,S3,24,0.5,2,fourier_or_equivariant_pooling,3,6,0.6666666666666666,0.0,True,1.0
controlled_S3_noise0.5_seed24,controlled,S3,24,0.5,2,validation_router,3,6,0.6666666666666666,0.0,True,1.0
controlled_S3_noise0.5_seed25,controlled,S3,25,0.5,1,uniform_pooling,2,2,0.5,0.0,True,1.0
controlled_S3_noise0.5_seed25,controlled,S3,25,0.5,1,fourier_or_equivariant_pooling,2,2,0.5,0.0,True,1.0
controlled_S3_noise0.5_seed25,controlled,S3,25,0.5,1,validation_router,2,2,0.5,0.0,True,1.0
controlled_S3_noise0.5_seed25,controlled,S3,25,0.5,2,uniform_pooling,3,6,0.6666666666666666,0.0,True,1.0
controlled_S3_noise0.5_seed25,controlled,S3,25,0.5,2,fourier_or_equivariant_pooling,3,6,0.6666666666666666,0.0,True,1.0
controlled_S3_noise0.5_seed25,controlled,S3,25,0.5,2,validation_router,3,6,0.6666666666666666,0.0,True,1.0
controlled_S3_noise0.5_seed26,controlled,S3,26,0.5,1,uniform_pooling,2,2,0.5,0.0,True,1.0
controlled_S3_noise0.5_seed26,controlled,S3,26,0.5,1,fourier_or_equivariant_pooling,2,2,0.5,0.0,True,1.0
controlled_S3_noise0.5_seed26,controlled,S3,26,0.5,1,validation_router,2,2,0.5,0.0,True,1.0
controlled_S3_noise0.5_seed26,controlled,S3,26,0.5,2,uniform_pooling,3,6,0.6666666666666666,0.0,True,1.0
controlled_S3_noise0.5_seed26,controlled,S3,26,0.5,2,fourier_or_equivariant_pooling,3,6,0.6666666666666666,0.0,True,1.0
controlled_S3_noise0.5_seed26,controlled,S3,26,0.5,2,validation_router,3,6,0.6666666666666666,0.0,True,1.0
controlled_S3_noise0.5_seed27,controlled,S3,27,0.5,1,uniform_pooling,2,2,0.5,0.0,True,1.0
controlled_S3_noise0.5_seed27,controlled,S3,27,0.5,1,fourier_or_equivariant_pooling,2,2,0.5,0.0,True,1.0
controlled_S3_noise0.5_seed27,controlled,S3,27,0.5,1,validation_router,2,2,0.5,0.0,True,1.0
controlled_S3_noise0.5_seed27,controlled,S3,27,0.5,2,uniform_pooling,3,6,0.6666666666666666,0.0,True,1.0
controlled_S3_noise0.5_seed27,controlled,S3,27,0.5,2,fourier_or_equivariant_pooling,3,6,0.6666666666666666,0.0,True,1.0
controlled_S3_noise0.5_seed27,controlled,S3,27,0.5,2,validation_router,3,6,0.6666666666666666,0.0,True,1.0
controlled_S3_noise0.5_seed28,controlled,S3,28,0.5,1,uniform_pooling,2,2,0.5,0.0,True,1.0
controlled_S3_noise0.5_seed28,controlled,S3,28,0.5,1,fourier_or_equivariant_pooling,2,2,0.5,0.0,True,1.0
controlled_S3_noise0.5_seed28,controlled,S3,28,0.5,1,validation_router,2,2,0.5,0.0,True,1.0
controlled_S3_noise0.5_seed28,controlled,S3,28,0.5,2,uniform_pooling,3,6,0.6666666666666666,0.0,True,1.0
controlled_S3_noise0.5_seed28,controlled,S3,28,0.5,2,fourier_or_equivariant_pooling,3,6,0.6666666666666666,0.0,True,1.0
controlled_S3_noise0.5_seed28,controlled,S3,28,0.5,2,validation_router,3,6,0.6666666666666666,0.0,True,1.0
controlled_S3_noise0.5_seed29,controlled,S3,29,0.5,1,uniform_pooling,2,2,0.5,0.0,True,1.0
controlled_S3_noise0.5_seed29,controlled,S3,29,0.5,1,fourier_or_equivariant_pooling,2,2,0.5,0.0,True,1.0
controlled_S3_noise0.5_seed29,controlled,S3,29,0.5,1,validation_router,2,2,0.5,0.0,True,1.0
controlled_S3_noise0.5_seed29,controlled,S3,29,0.5,2,uniform_pooling,3,6,0.6666666666666666,0.0,True,1.0
controlled_S3_noise0.5_seed29,controlled,S3,29,0.5,2,fourier_or_equivariant_pooling,3,6,0.6666666666666666,0.0,True,1.0
controlled_S3_noise0.5_seed29,controlled,S3,29,0.5,2,validation_router,3,6,0.6666666666666666,0.0,True,1.0
