residual_id,residual_source,data_origin,layer,setting_id,run_id,dataset,architecture,n_models,width,domain_shift,matching,seed,triangle_id,i,j,k,matrix_dim,centrality_residual,detected_order,detected_phase,phase_angle,best_root_exponent,best_root_search_order,scalar_residual_best,finite_order_residual_best_search_order,finite_order_residual_min,eigenvalue_spread,condition_number,is_nontrivial_root,explained_as_noncentral_holonomy,fixed_point_fraction,permutation_num_cycles,permutation_max_cycle_length,scalar_residual_d2,scalar_residual_d3,scalar_residual_d4,scalar_residual_d5,scalar_residual_d6,scalar_residual_d8,finite_order_residual_d2,finite_order_residual_d3,finite_order_residual_d4,finite_order_residual_d5,finite_order_residual_d6,finite_order_residual_d8,passes_strict_fpr_0,passes_strict_fpr_001,passes_loose_1e-2,passes_diagnostic_5e-2,diagnostic_only_no_lift,monomial_cycle_trace,monomial_cycle_determinant,combined_torsion_score,policy,policy_false_positive_rate,candidate_label,certified_torsion,loose_uncertain_candidate,estimated_period,estimated_index,index_certification_status,lift_gate_decision
mnist_mlp_N4_W64_input_noise_monomial_activation_seed4205:0-1-2:620,permutation_c2m3_triangle,fixed_setting_large_artifact,primary_hidden,mnist_mlp_N4_W64_input_noise_monomial_activation,mnist_mlp_N4_W64_input_noise_monomial_activation_seed4205,mnist,mlp,4,64,input_noise,monomial_activation,4205,0-1-2,0,1,2,64,0.9137619698258403,1,1+0j,0.0,0.0,2.0,1.0897247358851685,1.0307764064044151,0.82915619758885,3.724916106437835,1.0,False,False,0.40625,32.0,22.0,1.0897247358851685,1.0897247358851685,1.0897247358851685,1.0897247358851685,1.0897247358851685,1.0897247358851685,1.0307764064044151,1.0,1.0307764064044151,1.0897247358851685,0.82915619758885,1.0307764064044151,False,False,False,False,,,,2.832642903299859,strict_fpr_0,0.0,rejected,False,False,,,not_certified,uncertain_candidate_no_lift
mnist_mlp_N4_W64_input_noise_monomial_activation_seed4205:0-1-2:620,permutation_c2m3_triangle,fixed_setting_large_artifact,primary_hidden,mnist_mlp_N4_W64_input_noise_monomial_activation,mnist_mlp_N4_W64_input_noise_monomial_activation_seed4205,mnist,mlp,4,64,input_noise,monomial_activation,4205,0-1-2,0,1,2,64,0.9137619698258403,1,1+0j,0.0,0.0,2.0,1.0897247358851685,1.0307764064044151,0.82915619758885,3.724916106437835,1.0,False,False,0.40625,32.0,22.0,1.0897247358851685,1.0897247358851685,1.0897247358851685,1.0897247358851685,1.0897247358851685,1.0897247358851685,1.0307764064044151,1.0,1.0307764064044151,1.0897247358851685,0.82915619758885,1.0307764064044151,False,False,False,False,,,,2.832642903299859,strict_fpr_001,0.0,rejected,False,False,,,not_certified,uncertain_candidate_no_lift
mnist_mlp_N4_W64_input_noise_monomial_activation_seed4205:0-1-2:620,permutation_c2m3_triangle,fixed_setting_large_artifact,primary_hidden,mnist_mlp_N4_W64_input_noise_monomial_activation,mnist_mlp_N4_W64_input_noise_monomial_activation_seed4205,mnist,mlp,4,64,input_noise,monomial_activation,4205,0-1-2,0,1,2,64,0.9137619698258403,1,1+0j,0.0,0.0,2.0,1.0897247358851685,1.0307764064044151,0.82915619758885,3.724916106437835,1.0,False,False,0.40625,32.0,22.0,1.0897247358851685,1.0897247358851685,1.0897247358851685,1.0897247358851685,1.0897247358851685,1.0897247358851685,1.0307764064044151,1.0,1.0307764064044151,1.0897247358851685,0.82915619758885,1.0307764064044151,False,False,False,False,,,,2.832642903299859,loose_1e-2,0.0,rejected,False,False,,,not_certified,uncertain_candidate_no_lift
mnist_mlp_N4_W64_input_noise_monomial_activation_seed4205:0-1-2:620,permutation_c2m3_triangle,fixed_setting_large_artifact,primary_hidden,mnist_mlp_N4_W64_input_noise_monomial_activation,mnist_mlp_N4_W64_input_noise_monomial_activation_seed4205,mnist,mlp,4,64,input_noise,monomial_activation,4205,0-1-2,0,1,2,64,0.9137619698258403,1,1+0j,0.0,0.0,2.0,1.0897247358851685,1.0307764064044151,0.82915619758885,3.724916106437835,1.0,False,False,0.40625,32.0,22.0,1.0897247358851685,1.0897247358851685,1.0897247358851685,1.0897247358851685,1.0897247358851685,1.0897247358851685,1.0307764064044151,1.0,1.0307764064044151,1.0897247358851685,0.82915619758885,1.0307764064044151,False,False,False,False,,,,2.832642903299859,diagnostic_5e-2,1.0,rejected,False,False,,,not_certified,uncertain_candidate_no_lift
mnist_mlp_N4_W64_none_monomial_activation_seed4215:0-2-3:422,permutation_c2m3_triangle,fixed_setting_large_artifact,primary_hidden,mnist_mlp_N4_W64_none_monomial_activation,mnist_mlp_N4_W64_none_monomial_activation_seed4215,mnist,mlp,4,64,none,monomial_activation,4215,0-2-3,0,2,3,64,0.9205498951034647,1,1+0j,0.0,0.0,2.0,1.103970108290981,1.015504800579495,0.8100925873009825,1.4358719981466759,1.0,False,False,0.390625,36.0,7.0,1.103970108290981,1.103970108290981,1.103970108290981,1.103970108290981,1.103970108290981,1.103970108290981,1.015504800579495,0.9185586535436918,0.9519716382329886,0.9519716382329886,0.8100925873009825,0.9519716382329886,False,False,False,False,,,,2.834612590695428,strict_fpr_0,0.0,rejected,False,False,,,not_certified,uncertain_candidate_no_lift
mnist_mlp_N4_W64_none_monomial_activation_seed4215:0-2-3:422,permutation_c2m3_triangle,fixed_setting_large_artifact,primary_hidden,mnist_mlp_N4_W64_none_monomial_activation,mnist_mlp_N4_W64_none_monomial_activation_seed4215,mnist,mlp,4,64,none,monomial_activation,4215,0-2-3,0,2,3,64,0.9205498951034647,1,1+0j,0.0,0.0,2.0,1.103970108290981,1.015504800579495,0.8100925873009825,1.4358719981466759,1.0,False,False,0.390625,36.0,7.0,1.103970108290981,1.103970108290981,1.103970108290981,1.103970108290981,1.103970108290981,1.103970108290981,1.015504800579495,0.9185586535436918,0.9519716382329886,0.9519716382329886,0.8100925873009825,0.9519716382329886,False,False,False,False,,,,2.834612590695428,strict_fpr_001,0.0,rejected,False,False,,,not_certified,uncertain_candidate_no_lift
mnist_mlp_N4_W64_none_monomial_activation_seed4215:0-2-3:422,permutation_c2m3_triangle,fixed_setting_large_artifact,primary_hidden,mnist_mlp_N4_W64_none_monomial_activation,mnist_mlp_N4_W64_none_monomial_activation_seed4215,mnist,mlp,4,64,none,monomial_activation,4215,0-2-3,0,2,3,64,0.9205498951034647,1,1+0j,0.0,0.0,2.0,1.103970108290981,1.015504800579495,0.8100925873009825,1.4358719981466759,1.0,False,False,0.390625,36.0,7.0,1.103970108290981,1.103970108290981,1.103970108290981,1.103970108290981,1.103970108290981,1.103970108290981,1.015504800579495,0.9185586535436918,0.9519716382329886,0.9519716382329886,0.8100925873009825,0.9519716382329886,False,False,False,False,,,,2.834612590695428,loose_1e-2,0.0,rejected,False,False,,,not_certified,uncertain_candidate_no_lift
mnist_mlp_N4_W64_none_monomial_activation_seed4215:0-2-3:422,permutation_c2m3_triangle,fixed_setting_large_artifact,primary_hidden,mnist_mlp_N4_W64_none_monomial_activation,mnist_mlp_N4_W64_none_monomial_activation_seed4215,mnist,mlp,4,64,none,monomial_activation,4215,0-2-3,0,2,3,64,0.9205498951034647,1,1+0j,0.0,0.0,2.0,1.103970108290981,1.015504800579495,0.8100925873009825,1.4358719981466759,1.0,False,False,0.390625,36.0,7.0,1.103970108290981,1.103970108290981,1.103970108290981,1.103970108290981,1.103970108290981,1.103970108290981,1.015504800579495,0.9185586535436918,0.9519716382329886,0.9519716382329886,0.8100925873009825,0.9519716382329886,False,False,False,False,,,,2.834612590695428,diagnostic_5e-2,1.0,rejected,False,False,,,not_certified,uncertain_candidate_no_lift
mnist_mlp_N4_W64_none_monomial_activation_seed4222:0-1-3:449,permutation_c2m3_triangle,fixed_setting_large_artifact,primary_hidden,mnist_mlp_N4_W64_none_monomial_activation,mnist_mlp_N4_W64_none_monomial_activation_seed4222,mnist,mlp,4,64,none,monomial_activation,4222,0-1-3,0,1,3,64,0.9137619698258403,1,1+0j,0.0,0.0,2.0,1.0897247358851685,1.0307764064044151,0.9682458365518543,3.24037034920393,1.0,False,False,0.40625,32.0,18.0,1.0897247358851685,1.0897247358851685,1.0897247358851685,1.0897247358851685,1.0897247358851685,1.0897247358851685,1.0307764064044151,1.0458250331675945,0.9682458365518543,1.0897247358851685,0.9842509842514764,0.9682458365518543,False,False,False,False,,,,2.9717325422628633,strict_fpr_0,0.0,rejected,False,False,,,not_certified,uncertain_candidate_no_lift
mnist_mlp_N4_W64_none_monomial_activation_seed4222:0-1-3:449,permutation_c2m3_triangle,fixed_setting_large_artifact,primary_hidden,mnist_mlp_N4_W64_none_monomial_activation,mnist_mlp_N4_W64_none_monomial_activation_seed4222,mnist,mlp,4,64,none,monomial_activation,4222,0-1-3,0,1,3,64,0.9137619698258403,1,1+0j,0.0,0.0,2.0,1.0897247358851685,1.0307764064044151,0.9682458365518543,3.24037034920393,1.0,False,False,0.40625,32.0,18.0,1.0897247358851685,1.0897247358851685,1.0897247358851685,1.0897247358851685,1.0897247358851685,1.0897247358851685,1.0307764064044151,1.0458250331675945,0.9682458365518543,1.0897247358851685,0.9842509842514764,0.9682458365518543,False,False,False,False,,,,2.9717325422628633,strict_fpr_001,0.0,rejected,False,False,,,not_certified,uncertain_candidate_no_lift
mnist_mlp_N4_W64_none_monomial_activation_seed4222:0-1-3:449,permutation_c2m3_triangle,fixed_setting_large_artifact,primary_hidden,mnist_mlp_N4_W64_none_monomial_activation,mnist_mlp_N4_W64_none_monomial_activation_seed4222,mnist,mlp,4,64,none,monomial_activation,4222,0-1-3,0,1,3,64,0.9137619698258403,1,1+0j,0.0,0.0,2.0,1.0897247358851685,1.0307764064044151,0.9682458365518543,3.24037034920393,1.0,False,False,0.40625,32.0,18.0,1.0897247358851685,1.0897247358851685,1.0897247358851685,1.0897247358851685,1.0897247358851685,1.0897247358851685,1.0307764064044151,1.0458250331675945,0.9682458365518543,1.0897247358851685,0.9842509842514764,0.9682458365518543,False,False,False,False,,,,2.9717325422628633,loose_1e-2,0.0,rejected,False,False,,,not_certified,uncertain_candidate_no_lift
mnist_mlp_N4_W64_none_monomial_activation_seed4222:0-1-3:449,permutation_c2m3_triangle,fixed_setting_large_artifact,primary_hidden,mnist_mlp_N4_W64_none_monomial_activation,mnist_mlp_N4_W64_none_monomial_activation_seed4222,mnist,mlp,4,64,none,monomial_activation,4222,0-1-3,0,1,3,64,0.9137619698258403,1,1+0j,0.0,0.0,2.0,1.0897247358851685,1.0307764064044151,0.9682458365518543,3.24037034920393,1.0,False,False,0.40625,32.0,18.0,1.0897247358851685,1.0897247358851685,1.0897247358851685,1.0897247358851685,1.0897247358851685,1.0897247358851685,1.0307764064044151,1.0458250331675945,0.9682458365518543,1.0897247358851685,0.9842509842514764,0.9682458365518543,False,False,False,False,,,,2.9717325422628633,diagnostic_5e-2,1.0,rejected,False,False,,,not_certified,uncertain_candidate_no_lift
fashion_mnist_mlp_N4_W64_none_monomial_activation_seed4220:0-2-3:1642,permutation_c2m3_triangle,fixed_setting_large_artifact,primary_hidden,fashion_mnist_mlp_N4_W64_none_monomial_activation,fashion_mnist_mlp_N4_W64_none_monomial_activation_seed4220,fashion_mnist,mlp,4,64,none,monomial_activation,4220,0-2-3,0,2,3,64,0.9270248108869579,1,1+0j,0.0,0.0,2.0,1.118033988749895,1.0606601717798212,0.9354143466934853,2.9066972475455515,1.0,False,False,0.375,30.0,14.0,1.118033988749895,1.118033988749895,1.118033988749895,1.118033988749895,1.118033988749895,1.118033988749895,1.0606601717798212,1.118033988749895,1.0606601717798212,1.118033988749895,1.0606601717798212,0.9354143466934853,False,False,False,False,,,,2.980473146330338,strict_fpr_0,0.0,rejected,False,False,,,not_certified,uncertain_candidate_no_lift
fashion_mnist_mlp_N4_W64_none_monomial_activation_seed4220:0-2-3:1642,permutation_c2m3_triangle,fixed_setting_large_artifact,primary_hidden,fashion_mnist_mlp_N4_W64_none_monomial_activation,fashion_mnist_mlp_N4_W64_none_monomial_activation_seed4220,fashion_mnist,mlp,4,64,none,monomial_activation,4220,0-2-3,0,2,3,64,0.9270248108869579,1,1+0j,0.0,0.0,2.0,1.118033988749895,1.0606601717798212,0.9354143466934853,2.9066972475455515,1.0,False,False,0.375,30.0,14.0,1.118033988749895,1.118033988749895,1.118033988749895,1.118033988749895,1.118033988749895,1.118033988749895,1.0606601717798212,1.118033988749895,1.0606601717798212,1.118033988749895,1.0606601717798212,0.9354143466934853,False,False,False,False,,,,2.980473146330338,strict_fpr_001,0.0,rejected,False,False,,,not_certified,uncertain_candidate_no_lift
fashion_mnist_mlp_N4_W64_none_monomial_activation_seed4220:0-2-3:1642,permutation_c2m3_triangle,fixed_setting_large_artifact,primary_hidden,fashion_mnist_mlp_N4_W64_none_monomial_activation,fashion_mnist_mlp_N4_W64_none_monomial_activation_seed4220,fashion_mnist,mlp,4,64,none,monomial_activation,4220,0-2-3,0,2,3,64,0.9270248108869579,1,1+0j,0.0,0.0,2.0,1.118033988749895,1.0606601717798212,0.9354143466934853,2.9066972475455515,1.0,False,False,0.375,30.0,14.0,1.118033988749895,1.118033988749895,1.118033988749895,1.118033988749895,1.118033988749895,1.118033988749895,1.0606601717798212,1.118033988749895,1.0606601717798212,1.118033988749895,1.0606601717798212,0.9354143466934853,False,False,False,False,,,,2.980473146330338,loose_1e-2,0.0,rejected,False,False,,,not_certified,uncertain_candidate_no_lift
fashion_mnist_mlp_N4_W64_none_monomial_activation_seed4220:0-2-3:1642,permutation_c2m3_triangle,fixed_setting_large_artifact,primary_hidden,fashion_mnist_mlp_N4_W64_none_monomial_activation,fashion_mnist_mlp_N4_W64_none_monomial_activation_seed4220,fashion_mnist,mlp,4,64,none,monomial_activation,4220,0-2-3,0,2,3,64,0.9270248108869579,1,1+0j,0.0,0.0,2.0,1.118033988749895,1.0606601717798212,0.9354143466934853,2.9066972475455515,1.0,False,False,0.375,30.0,14.0,1.118033988749895,1.118033988749895,1.118033988749895,1.118033988749895,1.118033988749895,1.118033988749895,1.0606601717798212,1.118033988749895,1.0606601717798212,1.118033988749895,1.0606601717798212,0.9354143466934853,False,False,False,False,,,,2.980473146330338,diagnostic_5e-2,1.0,rejected,False,False,,,not_certified,uncertain_candidate_no_lift
mnist_mlp_N4_W64_input_noise_monomial_activation_seed4220:0-2-3:682,permutation_c2m3_triangle,fixed_setting_large_artifact,primary_hidden,mnist_mlp_N4_W64_input_noise_monomial_activation,mnist_mlp_N4_W64_input_noise_monomial_activation_seed4220,mnist,mlp,4,64,input_noise,monomial_activation,4220,0-2-3,0,2,3,64,0.94463431251199,1,1+0j,0.0,0.0,2.0,1.159202311936963,1.1319231422671772,0.8838834764831844,4.334395257532556,1.0,False,False,0.328125,26.0,22.0,1.159202311936963,1.159202311936963,1.159202311936963,1.159202311936963,1.159202311936963,1.159202311936963,1.1319231422671772,1.118033988749895,1.1319231422671772,1.159202311936963,1.0897247358851685,0.8838834764831844,False,False,False,False,,,,2.9877201009321377,strict_fpr_0,0.0,rejected,False,False,,,not_certified,uncertain_candidate_no_lift
mnist_mlp_N4_W64_input_noise_monomial_activation_seed4220:0-2-3:682,permutation_c2m3_triangle,fixed_setting_large_artifact,primary_hidden,mnist_mlp_N4_W64_input_noise_monomial_activation,mnist_mlp_N4_W64_input_noise_monomial_activation_seed4220,mnist,mlp,4,64,input_noise,monomial_activation,4220,0-2-3,0,2,3,64,0.94463431251199,1,1+0j,0.0,0.0,2.0,1.159202311936963,1.1319231422671772,0.8838834764831844,4.334395257532556,1.0,False,False,0.328125,26.0,22.0,1.159202311936963,1.159202311936963,1.159202311936963,1.159202311936963,1.159202311936963,1.159202311936963,1.1319231422671772,1.118033988749895,1.1319231422671772,1.159202311936963,1.0897247358851685,0.8838834764831844,False,False,False,False,,,,2.9877201009321377,strict_fpr_001,0.0,rejected,False,False,,,not_certified,uncertain_candidate_no_lift
mnist_mlp_N4_W64_input_noise_monomial_activation_seed4220:0-2-3:682,permutation_c2m3_triangle,fixed_setting_large_artifact,primary_hidden,mnist_mlp_N4_W64_input_noise_monomial_activation,mnist_mlp_N4_W64_input_noise_monomial_activation_seed4220,mnist,mlp,4,64,input_noise,monomial_activation,4220,0-2-3,0,2,3,64,0.94463431251199,1,1+0j,0.0,0.0,2.0,1.159202311936963,1.1319231422671772,0.8838834764831844,4.334395257532556,1.0,False,False,0.328125,26.0,22.0,1.159202311936963,1.159202311936963,1.159202311936963,1.159202311936963,1.159202311936963,1.159202311936963,1.1319231422671772,1.118033988749895,1.1319231422671772,1.159202311936963,1.0897247358851685,0.8838834764831844,False,False,False,False,,,,2.9877201009321377,loose_1e-2,0.0,rejected,False,False,,,not_certified,uncertain_candidate_no_lift
mnist_mlp_N4_W64_input_noise_monomial_activation_seed4220:0-2-3:682,permutation_c2m3_triangle,fixed_setting_large_artifact,primary_hidden,mnist_mlp_N4_W64_input_noise_monomial_activation,mnist_mlp_N4_W64_input_noise_monomial_activation_seed4220,mnist,mlp,4,64,input_noise,monomial_activation,4220,0-2-3,0,2,3,64,0.94463431251199,1,1+0j,0.0,0.0,2.0,1.159202311936963,1.1319231422671772,0.8838834764831844,4.334395257532556,1.0,False,False,0.328125,26.0,22.0,1.159202311936963,1.159202311936963,1.159202311936963,1.159202311936963,1.159202311936963,1.159202311936963,1.1319231422671772,1.118033988749895,1.1319231422671772,1.159202311936963,1.0897247358851685,0.8838834764831844,False,False,False,False,,,,2.9877201009321377,diagnostic_5e-2,1.0,rejected,False,False,,,not_certified,uncertain_candidate_no_lift
fashion_mnist_mlp_N4_W64_none_monomial_activation_seed4203:0-1-3:1573,permutation_c2m3_triangle,fixed_setting_large_artifact,primary_hidden,fashion_mnist_mlp_N4_W64_none_monomial_activation,fashion_mnist_mlp_N4_W64_none_monomial_activation_seed4203,fashion_mnist,mlp,4,64,none,monomial_activation,4203,0-1-3,0,1,3,64,0.9270248108869579,1,1+0j,0.0,0.0,2.0,1.118033988749895,1.0897247358851685,0.9682458365518543,3.346426919451475,1.0,False,False,0.375,29.0,14.0,1.118033988749895,1.118033988749895,1.118033988749895,1.118033988749895,1.118033988749895,1.118033988749895,1.0897247358851685,1.0752906583803283,1.0897247358851685,1.118033988749895,1.0458250331675945,0.9682458365518543,False,False,False,False,,,,3.013304636188707,strict_fpr_0,0.0,rejected,False,False,,,not_certified,uncertain_candidate_no_lift
fashion_mnist_mlp_N4_W64_none_monomial_activation_seed4203:0-1-3:1573,permutation_c2m3_triangle,fixed_setting_large_artifact,primary_hidden,fashion_mnist_mlp_N4_W64_none_monomial_activation,fashion_mnist_mlp_N4_W64_none_monomial_activation_seed4203,fashion_mnist,mlp,4,64,none,monomial_activation,4203,0-1-3,0,1,3,64,0.9270248108869579,1,1+0j,0.0,0.0,2.0,1.118033988749895,1.0897247358851685,0.9682458365518543,3.346426919451475,1.0,False,False,0.375,29.0,14.0,1.118033988749895,1.118033988749895,1.118033988749895,1.118033988749895,1.118033988749895,1.118033988749895,1.0897247358851685,1.0752906583803283,1.0897247358851685,1.118033988749895,1.0458250331675945,0.9682458365518543,False,False,False,False,,,,3.013304636188707,strict_fpr_001,0.0,rejected,False,False,,,not_certified,uncertain_candidate_no_lift
fashion_mnist_mlp_N4_W64_none_monomial_activation_seed4203:0-1-3:1573,permutation_c2m3_triangle,fixed_setting_large_artifact,primary_hidden,fashion_mnist_mlp_N4_W64_none_monomial_activation,fashion_mnist_mlp_N4_W64_none_monomial_activation_seed4203,fashion_mnist,mlp,4,64,none,monomial_activation,4203,0-1-3,0,1,3,64,0.9270248108869579,1,1+0j,0.0,0.0,2.0,1.118033988749895,1.0897247358851685,0.9682458365518543,3.346426919451475,1.0,False,False,0.375,29.0,14.0,1.118033988749895,1.118033988749895,1.118033988749895,1.118033988749895,1.118033988749895,1.118033988749895,1.0897247358851685,1.0752906583803283,1.0897247358851685,1.118033988749895,1.0458250331675945,0.9682458365518543,False,False,False,False,,,,3.013304636188707,loose_1e-2,0.0,rejected,False,False,,,not_certified,uncertain_candidate_no_lift
fashion_mnist_mlp_N4_W64_none_monomial_activation_seed4203:0-1-3:1573,permutation_c2m3_triangle,fixed_setting_large_artifact,primary_hidden,fashion_mnist_mlp_N4_W64_none_monomial_activation,fashion_mnist_mlp_N4_W64_none_monomial_activation_seed4203,fashion_mnist,mlp,4,64,none,monomial_activation,4203,0-1-3,0,1,3,64,0.9270248108869579,1,1+0j,0.0,0.0,2.0,1.118033988749895,1.0897247358851685,0.9682458365518543,3.346426919451475,1.0,False,False,0.375,29.0,14.0,1.118033988749895,1.118033988749895,1.118033988749895,1.118033988749895,1.118033988749895,1.118033988749895,1.0897247358851685,1.0752906583803283,1.0897247358851685,1.118033988749895,1.0458250331675945,0.9682458365518543,False,False,False,False,,,,3.013304636188707,diagnostic_5e-2,1.0,rejected,False,False,,,not_certified,uncertain_candidate_no_lift
mnist_mlp_N3_W64_input_noise_monomial_activation_seed4200:0-1-2:90,permutation_c2m3_triangle,fixed_setting_large_artifact,primary_hidden,mnist_mlp_N3_W64_input_noise_monomial_activation,mnist_mlp_N3_W64_input_noise_monomial_activation_seed4200,mnist,mlp,3,64,input_noise,monomial_activation,4200,0-1-2,0,1,2,64,0.9596345332990055,1,1+0j,0.0,0.0,2.0,1.1989578808281798,1.14564392373896,0.8660254037844386,2.790833516116223,1.0,False,False,0.28125,27.0,14.0,1.1989578808281798,1.1989578808281798,1.1989578808281798,1.1989578808281798,1.1989578808281798,1.1989578808281798,1.14564392373896,1.118033988749895,1.14564392373896,1.0606601717798212,0.8660254037844386,1.14564392373896,False,False,False,False,,,,3.024617817911624,strict_fpr_0,0.0,rejected,False,False,,,not_certified,uncertain_candidate_no_lift
mnist_mlp_N3_W64_input_noise_monomial_activation_seed4200:0-1-2:90,permutation_c2m3_triangle,fixed_setting_large_artifact,primary_hidden,mnist_mlp_N3_W64_input_noise_monomial_activation,mnist_mlp_N3_W64_input_noise_monomial_activation_seed4200,mnist,mlp,3,64,input_noise,monomial_activation,4200,0-1-2,0,1,2,64,0.9596345332990055,1,1+0j,0.0,0.0,2.0,1.1989578808281798,1.14564392373896,0.8660254037844386,2.790833516116223,1.0,False,False,0.28125,27.0,14.0,1.1989578808281798,1.1989578808281798,1.1989578808281798,1.1989578808281798,1.1989578808281798,1.1989578808281798,1.14564392373896,1.118033988749895,1.14564392373896,1.0606601717798212,0.8660254037844386,1.14564392373896,False,False,False,False,,,,3.024617817911624,strict_fpr_001,0.0,rejected,False,False,,,not_certified,uncertain_candidate_no_lift
mnist_mlp_N3_W64_input_noise_monomial_activation_seed4200:0-1-2:90,permutation_c2m3_triangle,fixed_setting_large_artifact,primary_hidden,mnist_mlp_N3_W64_input_noise_monomial_activation,mnist_mlp_N3_W64_input_noise_monomial_activation_seed4200,mnist,mlp,3,64,input_noise,monomial_activation,4200,0-1-2,0,1,2,64,0.9596345332990055,1,1+0j,0.0,0.0,2.0,1.1989578808281798,1.14564392373896,0.8660254037844386,2.790833516116223,1.0,False,False,0.28125,27.0,14.0,1.1989578808281798,1.1989578808281798,1.1989578808281798,1.1989578808281798,1.1989578808281798,1.1989578808281798,1.14564392373896,1.118033988749895,1.14564392373896,1.0606601717798212,0.8660254037844386,1.14564392373896,False,False,False,False,,,,3.024617817911624,loose_1e-2,0.0,rejected,False,False,,,not_certified,uncertain_candidate_no_lift
mnist_mlp_N3_W64_input_noise_monomial_activation_seed4200:0-1-2:90,permutation_c2m3_triangle,fixed_setting_large_artifact,primary_hidden,mnist_mlp_N3_W64_input_noise_monomial_activation,mnist_mlp_N3_W64_input_noise_monomial_activation_seed4200,mnist,mlp,3,64,input_noise,monomial_activation,4200,0-1-2,0,1,2,64,0.9596345332990055,1,1+0j,0.0,0.0,2.0,1.1989578808281798,1.14564392373896,0.8660254037844386,2.790833516116223,1.0,False,False,0.28125,27.0,14.0,1.1989578808281798,1.1989578808281798,1.1989578808281798,1.1989578808281798,1.1989578808281798,1.1989578808281798,1.14564392373896,1.118033988749895,1.14564392373896,1.0606601717798212,0.8660254037844386,1.14564392373896,False,False,False,False,,,,3.024617817911624,diagnostic_5e-2,1.0,rejected,False,False,,,not_certified,uncertain_candidate_no_lift
mnist_mlp_N4_W64_input_noise_monomial_activation_seed4221:0-1-3:685,permutation_c2m3_triangle,fixed_setting_large_artifact,primary_hidden,mnist_mlp_N4_W64_input_noise_monomial_activation,mnist_mlp_N4_W64_input_noise_monomial_activation_seed4221,mnist,mlp,4,64,input_noise,monomial_activation,4221,0-1-3,0,1,3,64,0.939061200082295,1,1+0j,0.0,0.0,2.0,1.14564392373896,1.0897247358851685,0.9682458365518543,3.821461308124479,1.0,False,False,0.34375,27.0,16.0,1.14564392373896,1.14564392373896,1.14564392373896,1.14564392373896,1.14564392373896,1.14564392373896,1.0897247358851685,1.14564392373896,1.0897247358851685,1.14564392373896,1.0897247358851685,0.9682458365518543,False,False,False,False,,,,3.052950960373109,strict_fpr_0,0.0,rejected,False,False,,,not_certified,uncertain_candidate_no_lift
mnist_mlp_N4_W64_input_noise_monomial_activation_seed4221:0-1-3:685,permutation_c2m3_triangle,fixed_setting_large_artifact,primary_hidden,mnist_mlp_N4_W64_input_noise_monomial_activation,mnist_mlp_N4_W64_input_noise_monomial_activation_seed4221,mnist,mlp,4,64,input_noise,monomial_activation,4221,0-1-3,0,1,3,64,0.939061200082295,1,1+0j,0.0,0.0,2.0,1.14564392373896,1.0897247358851685,0.9682458365518543,3.821461308124479,1.0,False,False,0.34375,27.0,16.0,1.14564392373896,1.14564392373896,1.14564392373896,1.14564392373896,1.14564392373896,1.14564392373896,1.0897247358851685,1.14564392373896,1.0897247358851685,1.14564392373896,1.0897247358851685,0.9682458365518543,False,False,False,False,,,,3.052950960373109,strict_fpr_001,0.0,rejected,False,False,,,not_certified,uncertain_candidate_no_lift
mnist_mlp_N4_W64_input_noise_monomial_activation_seed4221:0-1-3:685,permutation_c2m3_triangle,fixed_setting_large_artifact,primary_hidden,mnist_mlp_N4_W64_input_noise_monomial_activation,mnist_mlp_N4_W64_input_noise_monomial_activation_seed4221,mnist,mlp,4,64,input_noise,monomial_activation,4221,0-1-3,0,1,3,64,0.939061200082295,1,1+0j,0.0,0.0,2.0,1.14564392373896,1.0897247358851685,0.9682458365518543,3.821461308124479,1.0,False,False,0.34375,27.0,16.0,1.14564392373896,1.14564392373896,1.14564392373896,1.14564392373896,1.14564392373896,1.14564392373896,1.0897247358851685,1.14564392373896,1.0897247358851685,1.14564392373896,1.0897247358851685,0.9682458365518543,False,False,False,False,,,,3.052950960373109,loose_1e-2,0.0,rejected,False,False,,,not_certified,uncertain_candidate_no_lift
mnist_mlp_N4_W64_input_noise_monomial_activation_seed4221:0-1-3:685,permutation_c2m3_triangle,fixed_setting_large_artifact,primary_hidden,mnist_mlp_N4_W64_input_noise_monomial_activation,mnist_mlp_N4_W64_input_noise_monomial_activation_seed4221,mnist,mlp,4,64,input_noise,monomial_activation,4221,0-1-3,0,1,3,64,0.939061200082295,1,1+0j,0.0,0.0,2.0,1.14564392373896,1.0897247358851685,0.9682458365518543,3.821461308124479,1.0,False,False,0.34375,27.0,16.0,1.14564392373896,1.14564392373896,1.14564392373896,1.14564392373896,1.14564392373896,1.14564392373896,1.0897247358851685,1.14564392373896,1.0897247358851685,1.14564392373896,1.0897247358851685,0.9682458365518543,False,False,False,False,,,,3.052950960373109,diagnostic_5e-2,1.0,rejected,False,False,,,not_certified,uncertain_candidate_no_lift
fashion_mnist_mlp_N3_W64_none_monomial_weight_seed4224:0-1-2:1224,permutation_c2m3_triangle,fixed_setting_large_artifact,primary_hidden,fashion_mnist_mlp_N3_W64_none_monomial_weight,fashion_mnist_mlp_N3_W64_none_monomial_weight_seed4224,fashion_mnist,mlp,3,64,none,monomial_weight,4224,0-1-2,0,1,2,64,0.9205498951034647,1,1+0j,0.0,0.0,2.0,1.103970108290981,1.0752906583803283,1.0307764064044151,5.768492888448561,1.0,False,False,0.390625,28.0,32.0,1.103970108290981,1.103970108290981,1.103970108290981,1.103970108290981,1.103970108290981,1.103970108290981,1.0752906583803283,1.103970108290981,1.0752906583803283,1.0307764064044151,1.0752906583803283,1.0752906583803283,False,False,False,False,,,,3.055296409798861,strict_fpr_0,0.0,rejected,False,False,,,not_certified,uncertain_candidate_no_lift
fashion_mnist_mlp_N3_W64_none_monomial_weight_seed4224:0-1-2:1224,permutation_c2m3_triangle,fixed_setting_large_artifact,primary_hidden,fashion_mnist_mlp_N3_W64_none_monomial_weight,fashion_mnist_mlp_N3_W64_none_monomial_weight_seed4224,fashion_mnist,mlp,3,64,none,monomial_weight,4224,0-1-2,0,1,2,64,0.9205498951034647,1,1+0j,0.0,0.0,2.0,1.103970108290981,1.0752906583803283,1.0307764064044151,5.768492888448561,1.0,False,False,0.390625,28.0,32.0,1.103970108290981,1.103970108290981,1.103970108290981,1.103970108290981,1.103970108290981,1.103970108290981,1.0752906583803283,1.103970108290981,1.0752906583803283,1.0307764064044151,1.0752906583803283,1.0752906583803283,False,False,False,False,,,,3.055296409798861,strict_fpr_001,0.0,rejected,False,False,,,not_certified,uncertain_candidate_no_lift
fashion_mnist_mlp_N3_W64_none_monomial_weight_seed4224:0-1-2:1224,permutation_c2m3_triangle,fixed_setting_large_artifact,primary_hidden,fashion_mnist_mlp_N3_W64_none_monomial_weight,fashion_mnist_mlp_N3_W64_none_monomial_weight_seed4224,fashion_mnist,mlp,3,64,none,monomial_weight,4224,0-1-2,0,1,2,64,0.9205498951034647,1,1+0j,0.0,0.0,2.0,1.103970108290981,1.0752906583803283,1.0307764064044151,5.768492888448561,1.0,False,False,0.390625,28.0,32.0,1.103970108290981,1.103970108290981,1.103970108290981,1.103970108290981,1.103970108290981,1.103970108290981,1.0752906583803283,1.103970108290981,1.0752906583803283,1.0307764064044151,1.0752906583803283,1.0752906583803283,False,False,False,False,,,,3.055296409798861,loose_1e-2,0.0,rejected,False,False,,,not_certified,uncertain_candidate_no_lift
fashion_mnist_mlp_N3_W64_none_monomial_weight_seed4224:0-1-2:1224,permutation_c2m3_triangle,fixed_setting_large_artifact,primary_hidden,fashion_mnist_mlp_N3_W64_none_monomial_weight,fashion_mnist_mlp_N3_W64_none_monomial_weight_seed4224,fashion_mnist,mlp,3,64,none,monomial_weight,4224,0-1-2,0,1,2,64,0.9205498951034647,1,1+0j,0.0,0.0,2.0,1.103970108290981,1.0752906583803283,1.0307764064044151,5.768492888448561,1.0,False,False,0.390625,28.0,32.0,1.103970108290981,1.103970108290981,1.103970108290981,1.103970108290981,1.103970108290981,1.103970108290981,1.0752906583803283,1.103970108290981,1.0752906583803283,1.0307764064044151,1.0752906583803283,1.0752906583803283,False,False,False,False,,,,3.055296409798861,diagnostic_5e-2,1.0,rejected,False,False,,,not_certified,uncertain_candidate_no_lift
mnist_mlp_N4_W64_none_monomial_weight_seed4215:0-1-3:301,permutation_c2m3_triangle,fixed_setting_large_artifact,primary_hidden,mnist_mlp_N4_W64_none_monomial_weight,mnist_mlp_N4_W64_none_monomial_weight_seed4215,mnist,mlp,4,64,none,monomial_weight,4215,0-1-3,0,1,3,64,0.94463431251199,1,1+0j,0.0,0.0,2.0,1.159202311936963,1.1319231422671772,0.9519716382329886,4.128923706480527,1.0,False,False,0.328125,27.0,22.0,1.159202311936963,1.159202311936963,1.159202311936963,1.159202311936963,1.159202311936963,1.159202311936963,1.1319231422671772,1.0752906583803283,1.1319231422671772,1.159202311936963,0.9519716382329886,1.1319231422671772,False,False,False,False,,,,3.055808262681942,strict_fpr_0,0.0,rejected,False,False,,,not_certified,uncertain_candidate_no_lift
mnist_mlp_N4_W64_none_monomial_weight_seed4215:0-1-3:301,permutation_c2m3_triangle,fixed_setting_large_artifact,primary_hidden,mnist_mlp_N4_W64_none_monomial_weight,mnist_mlp_N4_W64_none_monomial_weight_seed4215,mnist,mlp,4,64,none,monomial_weight,4215,0-1-3,0,1,3,64,0.94463431251199,1,1+0j,0.0,0.0,2.0,1.159202311936963,1.1319231422671772,0.9519716382329886,4.128923706480527,1.0,False,False,0.328125,27.0,22.0,1.159202311936963,1.159202311936963,1.159202311936963,1.159202311936963,1.159202311936963,1.159202311936963,1.1319231422671772,1.0752906583803283,1.1319231422671772,1.159202311936963,0.9519716382329886,1.1319231422671772,False,False,False,False,,,,3.055808262681942,strict_fpr_001,0.0,rejected,False,False,,,not_certified,uncertain_candidate_no_lift
mnist_mlp_N4_W64_none_monomial_weight_seed4215:0-1-3:301,permutation_c2m3_triangle,fixed_setting_large_artifact,primary_hidden,mnist_mlp_N4_W64_none_monomial_weight,mnist_mlp_N4_W64_none_monomial_weight_seed4215,mnist,mlp,4,64,none,monomial_weight,4215,0-1-3,0,1,3,64,0.94463431251199,1,1+0j,0.0,0.0,2.0,1.159202311936963,1.1319231422671772,0.9519716382329886,4.128923706480527,1.0,False,False,0.328125,27.0,22.0,1.159202311936963,1.159202311936963,1.159202311936963,1.159202311936963,1.159202311936963,1.159202311936963,1.1319231422671772,1.0752906583803283,1.1319231422671772,1.159202311936963,0.9519716382329886,1.1319231422671772,False,False,False,False,,,,3.055808262681942,loose_1e-2,0.0,rejected,False,False,,,not_certified,uncertain_candidate_no_lift
mnist_mlp_N4_W64_none_monomial_weight_seed4215:0-1-3:301,permutation_c2m3_triangle,fixed_setting_large_artifact,primary_hidden,mnist_mlp_N4_W64_none_monomial_weight,mnist_mlp_N4_W64_none_monomial_weight_seed4215,mnist,mlp,4,64,none,monomial_weight,4215,0-1-3,0,1,3,64,0.94463431251199,1,1+0j,0.0,0.0,2.0,1.159202311936963,1.1319231422671772,0.9519716382329886,4.128923706480527,1.0,False,False,0.328125,27.0,22.0,1.159202311936963,1.159202311936963,1.159202311936963,1.159202311936963,1.159202311936963,1.159202311936963,1.1319231422671772,1.0752906583803283,1.1319231422671772,1.159202311936963,0.9519716382329886,1.1319231422671772,False,False,False,False,,,,3.055808262681942,diagnostic_5e-2,1.0,rejected,False,False,,,not_certified,uncertain_candidate_no_lift
mnist_mlp_N4_W64_none_monomial_activation_seed4213:0-1-3:413,permutation_c2m3_triangle,fixed_setting_large_artifact,primary_hidden,mnist_mlp_N4_W64_none_monomial_activation,mnist_mlp_N4_W64_none_monomial_activation_seed4213,mnist,mlp,4,64,none,monomial_activation,4213,0-1-3,0,1,3,64,0.9270248108869579,1,1+0j,0.0,0.0,2.0,1.118033988749895,1.0606601717798212,1.015504800579495,4.381617638182214,1.0,False,False,0.375,29.0,24.0,1.118033988749895,1.118033988749895,1.118033988749895,1.118033988749895,1.118033988749895,1.118033988749895,1.0606601717798212,1.0752906583803283,1.0606601717798212,1.118033988749895,1.015504800579495,1.0606601717798212,False,False,False,False,,,,3.060563600216348,strict_fpr_0,0.0,rejected,False,False,,,not_certified,uncertain_candidate_no_lift
mnist_mlp_N4_W64_none_monomial_activation_seed4213:0-1-3:413,permutation_c2m3_triangle,fixed_setting_large_artifact,primary_hidden,mnist_mlp_N4_W64_none_monomial_activation,mnist_mlp_N4_W64_none_monomial_activation_seed4213,mnist,mlp,4,64,none,monomial_activation,4213,0-1-3,0,1,3,64,0.9270248108869579,1,1+0j,0.0,0.0,2.0,1.118033988749895,1.0606601717798212,1.015504800579495,4.381617638182214,1.0,False,False,0.375,29.0,24.0,1.118033988749895,1.118033988749895,1.118033988749895,1.118033988749895,1.118033988749895,1.118033988749895,1.0606601717798212,1.0752906583803283,1.0606601717798212,1.118033988749895,1.015504800579495,1.0606601717798212,False,False,False,False,,,,3.060563600216348,strict_fpr_001,0.0,rejected,False,False,,,not_certified,uncertain_candidate_no_lift
mnist_mlp_N4_W64_none_monomial_activation_seed4213:0-1-3:413,permutation_c2m3_triangle,fixed_setting_large_artifact,primary_hidden,mnist_mlp_N4_W64_none_monomial_activation,mnist_mlp_N4_W64_none_monomial_activation_seed4213,mnist,mlp,4,64,none,monomial_activation,4213,0-1-3,0,1,3,64,0.9270248108869579,1,1+0j,0.0,0.0,2.0,1.118033988749895,1.0606601717798212,1.015504800579495,4.381617638182214,1.0,False,False,0.375,29.0,24.0,1.118033988749895,1.118033988749895,1.118033988749895,1.118033988749895,1.118033988749895,1.118033988749895,1.0606601717798212,1.0752906583803283,1.0606601717798212,1.118033988749895,1.015504800579495,1.0606601717798212,False,False,False,False,,,,3.060563600216348,loose_1e-2,0.0,rejected,False,False,,,not_certified,uncertain_candidate_no_lift
mnist_mlp_N4_W64_none_monomial_activation_seed4213:0-1-3:413,permutation_c2m3_triangle,fixed_setting_large_artifact,primary_hidden,mnist_mlp_N4_W64_none_monomial_activation,mnist_mlp_N4_W64_none_monomial_activation_seed4213,mnist,mlp,4,64,none,monomial_activation,4213,0-1-3,0,1,3,64,0.9270248108869579,1,1+0j,0.0,0.0,2.0,1.118033988749895,1.0606601717798212,1.015504800579495,4.381617638182214,1.0,False,False,0.375,29.0,24.0,1.118033988749895,1.118033988749895,1.118033988749895,1.118033988749895,1.118033988749895,1.118033988749895,1.0606601717798212,1.0752906583803283,1.0606601717798212,1.118033988749895,1.015504800579495,1.0606601717798212,False,False,False,False,,,,3.060563600216348,diagnostic_5e-2,1.0,rejected,False,False,,,not_certified,uncertain_candidate_no_lift
fashion_mnist_mlp_N4_W64_none_monomial_activation_seed4206:0-1-3:1585,permutation_c2m3_triangle,fixed_setting_large_artifact,primary_hidden,fashion_mnist_mlp_N4_W64_none_monomial_activation,fashion_mnist_mlp_N4_W64_none_monomial_activation_seed4206,fashion_mnist,mlp,4,64,none,monomial_activation,4206,0-1-3,0,1,3,64,0.9270248108869579,1,1+0j,0.0,0.0,2.0,1.118033988749895,1.0307764064044151,1.0307764064044151,4.334141209487896,1.0,False,False,0.375,29.0,23.0,1.118033988749895,1.118033988749895,1.118033988749895,1.118033988749895,1.118033988749895,1.118033988749895,1.0307764064044151,1.118033988749895,1.0307764064044151,1.118033988749895,1.0307764064044151,1.0307764064044151,False,False,False,False,,,,3.075835206041268,strict_fpr_0,0.0,rejected,False,False,,,not_certified,uncertain_candidate_no_lift
fashion_mnist_mlp_N4_W64_none_monomial_activation_seed4206:0-1-3:1585,permutation_c2m3_triangle,fixed_setting_large_artifact,primary_hidden,fashion_mnist_mlp_N4_W64_none_monomial_activation,fashion_mnist_mlp_N4_W64_none_monomial_activation_seed4206,fashion_mnist,mlp,4,64,none,monomial_activation,4206,0-1-3,0,1,3,64,0.9270248108869579,1,1+0j,0.0,0.0,2.0,1.118033988749895,1.0307764064044151,1.0307764064044151,4.334141209487896,1.0,False,False,0.375,29.0,23.0,1.118033988749895,1.118033988749895,1.118033988749895,1.118033988749895,1.118033988749895,1.118033988749895,1.0307764064044151,1.118033988749895,1.0307764064044151,1.118033988749895,1.0307764064044151,1.0307764064044151,False,False,False,False,,,,3.075835206041268,strict_fpr_001,0.0,rejected,False,False,,,not_certified,uncertain_candidate_no_lift
fashion_mnist_mlp_N4_W64_none_monomial_activation_seed4206:0-1-3:1585,permutation_c2m3_triangle,fixed_setting_large_artifact,primary_hidden,fashion_mnist_mlp_N4_W64_none_monomial_activation,fashion_mnist_mlp_N4_W64_none_monomial_activation_seed4206,fashion_mnist,mlp,4,64,none,monomial_activation,4206,0-1-3,0,1,3,64,0.9270248108869579,1,1+0j,0.0,0.0,2.0,1.118033988749895,1.0307764064044151,1.0307764064044151,4.334141209487896,1.0,False,False,0.375,29.0,23.0,1.118033988749895,1.118033988749895,1.118033988749895,1.118033988749895,1.118033988749895,1.118033988749895,1.0307764064044151,1.118033988749895,1.0307764064044151,1.118033988749895,1.0307764064044151,1.0307764064044151,False,False,False,False,,,,3.075835206041268,loose_1e-2,0.0,rejected,False,False,,,not_certified,uncertain_candidate_no_lift
fashion_mnist_mlp_N4_W64_none_monomial_activation_seed4206:0-1-3:1585,permutation_c2m3_triangle,fixed_setting_large_artifact,primary_hidden,fashion_mnist_mlp_N4_W64_none_monomial_activation,fashion_mnist_mlp_N4_W64_none_monomial_activation_seed4206,fashion_mnist,mlp,4,64,none,monomial_activation,4206,0-1-3,0,1,3,64,0.9270248108869579,1,1+0j,0.0,0.0,2.0,1.118033988749895,1.0307764064044151,1.0307764064044151,4.334141209487896,1.0,False,False,0.375,29.0,23.0,1.118033988749895,1.118033988749895,1.118033988749895,1.118033988749895,1.118033988749895,1.118033988749895,1.0307764064044151,1.118033988749895,1.0307764064044151,1.118033988749895,1.0307764064044151,1.0307764064044151,False,False,False,False,,,,3.075835206041268,diagnostic_5e-2,1.0,rejected,False,False,,,not_certified,uncertain_candidate_no_lift
mnist_mlp_N4_W64_input_noise_monomial_weight_seed4203:1-2-3:495,permutation_c2m3_triangle,fixed_setting_large_artifact,primary_hidden,mnist_mlp_N4_W64_input_noise_monomial_weight,mnist_mlp_N4_W64_input_noise_monomial_weight_seed4203,mnist,mlp,4,64,input_noise,monomial_weight,4203,1-2-3,1,2,3,64,0.9640764281813968,1,1+0j,0.0,0.0,2.0,1.2119199643540823,1.1319231422671772,0.9013878188659973,4.2244999704107,1.0,False,False,0.265625,25.0,22.0,1.2119199643540823,1.2119199643540823,1.2119199643540823,1.2119199643540823,1.2119199643540823,1.2119199643540823,1.1319231422671772,1.1726039399558574,1.0752906583803283,1.2119199643540823,0.9013878188659973,1.0752906583803283,False,False,False,False,,,,3.0773842114014767,strict_fpr_0,0.0,rejected,False,False,,,not_certified,uncertain_candidate_no_lift
mnist_mlp_N4_W64_input_noise_monomial_weight_seed4203:1-2-3:495,permutation_c2m3_triangle,fixed_setting_large_artifact,primary_hidden,mnist_mlp_N4_W64_input_noise_monomial_weight,mnist_mlp_N4_W64_input_noise_monomial_weight_seed4203,mnist,mlp,4,64,input_noise,monomial_weight,4203,1-2-3,1,2,3,64,0.9640764281813968,1,1+0j,0.0,0.0,2.0,1.2119199643540823,1.1319231422671772,0.9013878188659973,4.2244999704107,1.0,False,False,0.265625,25.0,22.0,1.2119199643540823,1.2119199643540823,1.2119199643540823,1.2119199643540823,1.2119199643540823,1.2119199643540823,1.1319231422671772,1.1726039399558574,1.0752906583803283,1.2119199643540823,0.9013878188659973,1.0752906583803283,False,False,False,False,,,,3.0773842114014767,strict_fpr_001,0.0,rejected,False,False,,,not_certified,uncertain_candidate_no_lift
mnist_mlp_N4_W64_input_noise_monomial_weight_seed4203:1-2-3:495,permutation_c2m3_triangle,fixed_setting_large_artifact,primary_hidden,mnist_mlp_N4_W64_input_noise_monomial_weight,mnist_mlp_N4_W64_input_noise_monomial_weight_seed4203,mnist,mlp,4,64,input_noise,monomial_weight,4203,1-2-3,1,2,3,64,0.9640764281813968,1,1+0j,0.0,0.0,2.0,1.2119199643540823,1.1319231422671772,0.9013878188659973,4.2244999704107,1.0,False,False,0.265625,25.0,22.0,1.2119199643540823,1.2119199643540823,1.2119199643540823,1.2119199643540823,1.2119199643540823,1.2119199643540823,1.1319231422671772,1.1726039399558574,1.0752906583803283,1.2119199643540823,0.9013878188659973,1.0752906583803283,False,False,False,False,,,,3.0773842114014767,loose_1e-2,0.0,rejected,False,False,,,not_certified,uncertain_candidate_no_lift
mnist_mlp_N4_W64_input_noise_monomial_weight_seed4203:1-2-3:495,permutation_c2m3_triangle,fixed_setting_large_artifact,primary_hidden,mnist_mlp_N4_W64_input_noise_monomial_weight,mnist_mlp_N4_W64_input_noise_monomial_weight_seed4203,mnist,mlp,4,64,input_noise,monomial_weight,4203,1-2-3,1,2,3,64,0.9640764281813968,1,1+0j,0.0,0.0,2.0,1.2119199643540823,1.1319231422671772,0.9013878188659973,4.2244999704107,1.0,False,False,0.265625,25.0,22.0,1.2119199643540823,1.2119199643540823,1.2119199643540823,1.2119199643540823,1.2119199643540823,1.2119199643540823,1.1319231422671772,1.1726039399558574,1.0752906583803283,1.2119199643540823,0.9013878188659973,1.0752906583803283,False,False,False,False,,,,3.0773842114014767,diagnostic_5e-2,1.0,rejected,False,False,,,not_certified,uncertain_candidate_no_lift
fashion_mnist_mlp_N3_W64_none_monomial_activation_seed4211:0-1-2:1241,permutation_c2m3_triangle,fixed_setting_large_artifact,primary_hidden,fashion_mnist_mlp_N3_W64_none_monomial_activation,fashion_mnist_mlp_N3_W64_none_monomial_activation_seed4211,fashion_mnist,mlp,3,64,none,monomial_activation,4211,0-1-2,0,1,2,64,0.9499177595981665,1,1+0j,0.0,0.0,2.0,1.1726039399558574,1.0606601717798212,0.9682458365518543,5.451117100246845,1.0,False,False,0.3125,27.0,30.0,1.1726039399558574,1.1726039399558574,1.1726039399558574,1.1726039399558574,1.1726039399558574,1.1726039399558574,1.0606601717798212,1.0897247358851685,1.0606601717798212,1.1726039399558574,0.9682458365518543,1.0606601717798212,False,False,False,False,,,,3.0907675361058784,strict_fpr_0,0.0,rejected,False,False,,,not_certified,uncertain_candidate_no_lift
fashion_mnist_mlp_N3_W64_none_monomial_activation_seed4211:0-1-2:1241,permutation_c2m3_triangle,fixed_setting_large_artifact,primary_hidden,fashion_mnist_mlp_N3_W64_none_monomial_activation,fashion_mnist_mlp_N3_W64_none_monomial_activation_seed4211,fashion_mnist,mlp,3,64,none,monomial_activation,4211,0-1-2,0,1,2,64,0.9499177595981665,1,1+0j,0.0,0.0,2.0,1.1726039399558574,1.0606601717798212,0.9682458365518543,5.451117100246845,1.0,False,False,0.3125,27.0,30.0,1.1726039399558574,1.1726039399558574,1.1726039399558574,1.1726039399558574,1.1726039399558574,1.1726039399558574,1.0606601717798212,1.0897247358851685,1.0606601717798212,1.1726039399558574,0.9682458365518543,1.0606601717798212,False,False,False,False,,,,3.0907675361058784,strict_fpr_001,0.0,rejected,False,False,,,not_certified,uncertain_candidate_no_lift
fashion_mnist_mlp_N3_W64_none_monomial_activation_seed4211:0-1-2:1241,permutation_c2m3_triangle,fixed_setting_large_artifact,primary_hidden,fashion_mnist_mlp_N3_W64_none_monomial_activation,fashion_mnist_mlp_N3_W64_none_monomial_activation_seed4211,fashion_mnist,mlp,3,64,none,monomial_activation,4211,0-1-2,0,1,2,64,0.9499177595981665,1,1+0j,0.0,0.0,2.0,1.1726039399558574,1.0606601717798212,0.9682458365518543,5.451117100246845,1.0,False,False,0.3125,27.0,30.0,1.1726039399558574,1.1726039399558574,1.1726039399558574,1.1726039399558574,1.1726039399558574,1.1726039399558574,1.0606601717798212,1.0897247358851685,1.0606601717798212,1.1726039399558574,0.9682458365518543,1.0606601717798212,False,False,False,False,,,,3.0907675361058784,loose_1e-2,0.0,rejected,False,False,,,not_certified,uncertain_candidate_no_lift
fashion_mnist_mlp_N3_W64_none_monomial_activation_seed4211:0-1-2:1241,permutation_c2m3_triangle,fixed_setting_large_artifact,primary_hidden,fashion_mnist_mlp_N3_W64_none_monomial_activation,fashion_mnist_mlp_N3_W64_none_monomial_activation_seed4211,fashion_mnist,mlp,3,64,none,monomial_activation,4211,0-1-2,0,1,2,64,0.9499177595981665,1,1+0j,0.0,0.0,2.0,1.1726039399558574,1.0606601717798212,0.9682458365518543,5.451117100246845,1.0,False,False,0.3125,27.0,30.0,1.1726039399558574,1.1726039399558574,1.1726039399558574,1.1726039399558574,1.1726039399558574,1.1726039399558574,1.0606601717798212,1.0897247358851685,1.0606601717798212,1.1726039399558574,0.9682458365518543,1.0606601717798212,False,False,False,False,,,,3.0907675361058784,diagnostic_5e-2,1.0,rejected,False,False,,,not_certified,uncertain_candidate_no_lift
mnist_mlp_N3_W64_none_monomial_activation_seed4211:0-1-2:41,permutation_c2m3_triangle,fixed_setting_large_artifact,primary_hidden,mnist_mlp_N3_W64_none_monomial_activation,mnist_mlp_N3_W64_none_monomial_activation_seed4211,mnist,mlp,3,64,none,monomial_activation,4211,0-1-2,0,1,2,64,0.9549163494123452,1,1+0j,0.0,0.0,2.0,1.1858541225631423,1.0752906583803283,0.9519716382329886,3.15228486384492,1.0,False,False,0.296875,27.0,14.0,1.1858541225631423,1.1858541225631423,1.1858541225631423,1.1858541225631423,1.1858541225631423,1.1858541225631423,1.0752906583803283,1.1858541225631423,1.0752906583803283,1.118033988749895,1.0752906583803283,0.9519716382329886,False,False,False,False,,,,3.092742110208476,strict_fpr_0,0.0,rejected,False,False,,,not_certified,uncertain_candidate_no_lift
mnist_mlp_N3_W64_none_monomial_activation_seed4211:0-1-2:41,permutation_c2m3_triangle,fixed_setting_large_artifact,primary_hidden,mnist_mlp_N3_W64_none_monomial_activation,mnist_mlp_N3_W64_none_monomial_activation_seed4211,mnist,mlp,3,64,none,monomial_activation,4211,0-1-2,0,1,2,64,0.9549163494123452,1,1+0j,0.0,0.0,2.0,1.1858541225631423,1.0752906583803283,0.9519716382329886,3.15228486384492,1.0,False,False,0.296875,27.0,14.0,1.1858541225631423,1.1858541225631423,1.1858541225631423,1.1858541225631423,1.1858541225631423,1.1858541225631423,1.0752906583803283,1.1858541225631423,1.0752906583803283,1.118033988749895,1.0752906583803283,0.9519716382329886,False,False,False,False,,,,3.092742110208476,strict_fpr_001,0.0,rejected,False,False,,,not_certified,uncertain_candidate_no_lift
mnist_mlp_N3_W64_none_monomial_activation_seed4211:0-1-2:41,permutation_c2m3_triangle,fixed_setting_large_artifact,primary_hidden,mnist_mlp_N3_W64_none_monomial_activation,mnist_mlp_N3_W64_none_monomial_activation_seed4211,mnist,mlp,3,64,none,monomial_activation,4211,0-1-2,0,1,2,64,0.9549163494123452,1,1+0j,0.0,0.0,2.0,1.1858541225631423,1.0752906583803283,0.9519716382329886,3.15228486384492,1.0,False,False,0.296875,27.0,14.0,1.1858541225631423,1.1858541225631423,1.1858541225631423,1.1858541225631423,1.1858541225631423,1.1858541225631423,1.0752906583803283,1.1858541225631423,1.0752906583803283,1.118033988749895,1.0752906583803283,0.9519716382329886,False,False,False,False,,,,3.092742110208476,loose_1e-2,0.0,rejected,False,False,,,not_certified,uncertain_candidate_no_lift
mnist_mlp_N3_W64_none_monomial_activation_seed4211:0-1-2:41,permutation_c2m3_triangle,fixed_setting_large_artifact,primary_hidden,mnist_mlp_N3_W64_none_monomial_activation,mnist_mlp_N3_W64_none_monomial_activation_seed4211,mnist,mlp,3,64,none,monomial_activation,4211,0-1-2,0,1,2,64,0.9549163494123452,1,1+0j,0.0,0.0,2.0,1.1858541225631423,1.0752906583803283,0.9519716382329886,3.15228486384492,1.0,False,False,0.296875,27.0,14.0,1.1858541225631423,1.1858541225631423,1.1858541225631423,1.1858541225631423,1.1858541225631423,1.1858541225631423,1.0752906583803283,1.1858541225631423,1.0752906583803283,1.118033988749895,1.0752906583803283,0.9519716382329886,False,False,False,False,,,,3.092742110208476,diagnostic_5e-2,1.0,rejected,False,False,,,not_certified,uncertain_candidate_no_lift
mnist_mlp_N4_W64_none_monomial_activation_seed4210:0-1-2:400,permutation_c2m3_triangle,fixed_setting_large_artifact,primary_hidden,mnist_mlp_N4_W64_none_monomial_activation,mnist_mlp_N4_W64_none_monomial_activation_seed4210,mnist,mlp,4,64,none,monomial_activation,4210,0-1-2,0,1,2,64,0.9137619698258403,1,1+0j,0.0,0.0,2.0,1.0897247358851685,1.0897247358851685,1.0897247358851685,6.987545259367889,1.0,False,False,0.40625,27.0,38.0,1.0897247358851685,1.0897247358851685,1.0897247358851685,1.0897247358851685,1.0897247358851685,1.0897247358851685,1.0897247358851685,1.0897247358851685,1.0897247358851685,1.0897247358851685,1.0897247358851685,1.0897247358851685,False,False,False,False,,,,3.0932114415961776,strict_fpr_0,0.0,rejected,False,False,,,not_certified,uncertain_candidate_no_lift
mnist_mlp_N4_W64_none_monomial_activation_seed4210:0-1-2:400,permutation_c2m3_triangle,fixed_setting_large_artifact,primary_hidden,mnist_mlp_N4_W64_none_monomial_activation,mnist_mlp_N4_W64_none_monomial_activation_seed4210,mnist,mlp,4,64,none,monomial_activation,4210,0-1-2,0,1,2,64,0.9137619698258403,1,1+0j,0.0,0.0,2.0,1.0897247358851685,1.0897247358851685,1.0897247358851685,6.987545259367889,1.0,False,False,0.40625,27.0,38.0,1.0897247358851685,1.0897247358851685,1.0897247358851685,1.0897247358851685,1.0897247358851685,1.0897247358851685,1.0897247358851685,1.0897247358851685,1.0897247358851685,1.0897247358851685,1.0897247358851685,1.0897247358851685,False,False,False,False,,,,3.0932114415961776,strict_fpr_001,0.0,rejected,False,False,,,not_certified,uncertain_candidate_no_lift
mnist_mlp_N4_W64_none_monomial_activation_seed4210:0-1-2:400,permutation_c2m3_triangle,fixed_setting_large_artifact,primary_hidden,mnist_mlp_N4_W64_none_monomial_activation,mnist_mlp_N4_W64_none_monomial_activation_seed4210,mnist,mlp,4,64,none,monomial_activation,4210,0-1-2,0,1,2,64,0.9137619698258403,1,1+0j,0.0,0.0,2.0,1.0897247358851685,1.0897247358851685,1.0897247358851685,6.987545259367889,1.0,False,False,0.40625,27.0,38.0,1.0897247358851685,1.0897247358851685,1.0897247358851685,1.0897247358851685,1.0897247358851685,1.0897247358851685,1.0897247358851685,1.0897247358851685,1.0897247358851685,1.0897247358851685,1.0897247358851685,1.0897247358851685,False,False,False,False,,,,3.0932114415961776,loose_1e-2,0.0,rejected,False,False,,,not_certified,uncertain_candidate_no_lift
mnist_mlp_N4_W64_none_monomial_activation_seed4210:0-1-2:400,permutation_c2m3_triangle,fixed_setting_large_artifact,primary_hidden,mnist_mlp_N4_W64_none_monomial_activation,mnist_mlp_N4_W64_none_monomial_activation_seed4210,mnist,mlp,4,64,none,monomial_activation,4210,0-1-2,0,1,2,64,0.9137619698258403,1,1+0j,0.0,0.0,2.0,1.0897247358851685,1.0897247358851685,1.0897247358851685,6.987545259367889,1.0,False,False,0.40625,27.0,38.0,1.0897247358851685,1.0897247358851685,1.0897247358851685,1.0897247358851685,1.0897247358851685,1.0897247358851685,1.0897247358851685,1.0897247358851685,1.0897247358851685,1.0897247358851685,1.0897247358851685,1.0897247358851685,False,False,False,False,,,,3.0932114415961776,diagnostic_5e-2,1.0,rejected,False,False,,,not_certified,uncertain_candidate_no_lift
fashion_mnist_mlp_N4_W64_none_monomial_activation_seed4220:1-2-3:1643,permutation_c2m3_triangle,fixed_setting_large_artifact,primary_hidden,fashion_mnist_mlp_N4_W64_none_monomial_activation,fashion_mnist_mlp_N4_W64_none_monomial_activation_seed4220,fashion_mnist,mlp,4,64,none,monomial_activation,4220,1-2-3,1,2,3,64,0.939061200082295,1,1+0j,0.0,0.0,2.0,1.14564392373896,1.0606601717798212,1.015504800579495,5.020366683087308,1.0,False,False,0.34375,28.0,28.0,1.14564392373896,1.14564392373896,1.14564392373896,1.14564392373896,1.14564392373896,1.14564392373896,1.0606601717798212,1.103970108290981,1.0606601717798212,1.0752906583803283,1.015504800579495,1.0606601717798212,False,False,False,False,,,,3.10020992440075,strict_fpr_0,0.0,rejected,False,False,,,not_certified,uncertain_candidate_no_lift
fashion_mnist_mlp_N4_W64_none_monomial_activation_seed4220:1-2-3:1643,permutation_c2m3_triangle,fixed_setting_large_artifact,primary_hidden,fashion_mnist_mlp_N4_W64_none_monomial_activation,fashion_mnist_mlp_N4_W64_none_monomial_activation_seed4220,fashion_mnist,mlp,4,64,none,monomial_activation,4220,1-2-3,1,2,3,64,0.939061200082295,1,1+0j,0.0,0.0,2.0,1.14564392373896,1.0606601717798212,1.015504800579495,5.020366683087308,1.0,False,False,0.34375,28.0,28.0,1.14564392373896,1.14564392373896,1.14564392373896,1.14564392373896,1.14564392373896,1.14564392373896,1.0606601717798212,1.103970108290981,1.0606601717798212,1.0752906583803283,1.015504800579495,1.0606601717798212,False,False,False,False,,,,3.10020992440075,strict_fpr_001,0.0,rejected,False,False,,,not_certified,uncertain_candidate_no_lift
fashion_mnist_mlp_N4_W64_none_monomial_activation_seed4220:1-2-3:1643,permutation_c2m3_triangle,fixed_setting_large_artifact,primary_hidden,fashion_mnist_mlp_N4_W64_none_monomial_activation,fashion_mnist_mlp_N4_W64_none_monomial_activation_seed4220,fashion_mnist,mlp,4,64,none,monomial_activation,4220,1-2-3,1,2,3,64,0.939061200082295,1,1+0j,0.0,0.0,2.0,1.14564392373896,1.0606601717798212,1.015504800579495,5.020366683087308,1.0,False,False,0.34375,28.0,28.0,1.14564392373896,1.14564392373896,1.14564392373896,1.14564392373896,1.14564392373896,1.14564392373896,1.0606601717798212,1.103970108290981,1.0606601717798212,1.0752906583803283,1.015504800579495,1.0606601717798212,False,False,False,False,,,,3.10020992440075,loose_1e-2,0.0,rejected,False,False,,,not_certified,uncertain_candidate_no_lift
fashion_mnist_mlp_N4_W64_none_monomial_activation_seed4220:1-2-3:1643,permutation_c2m3_triangle,fixed_setting_large_artifact,primary_hidden,fashion_mnist_mlp_N4_W64_none_monomial_activation,fashion_mnist_mlp_N4_W64_none_monomial_activation_seed4220,fashion_mnist,mlp,4,64,none,monomial_activation,4220,1-2-3,1,2,3,64,0.939061200082295,1,1+0j,0.0,0.0,2.0,1.14564392373896,1.0606601717798212,1.015504800579495,5.020366683087308,1.0,False,False,0.34375,28.0,28.0,1.14564392373896,1.14564392373896,1.14564392373896,1.14564392373896,1.14564392373896,1.14564392373896,1.0606601717798212,1.103970108290981,1.0606601717798212,1.0752906583803283,1.015504800579495,1.0606601717798212,False,False,False,False,,,,3.10020992440075,diagnostic_5e-2,1.0,rejected,False,False,,,not_certified,uncertain_candidate_no_lift
fashion_mnist_mlp_N4_W64_input_noise_monomial_activation_seed4211:0-1-2:1844,permutation_c2m3_triangle,fixed_setting_large_artifact,primary_hidden,fashion_mnist_mlp_N4_W64_input_noise_monomial_activation,fashion_mnist_mlp_N4_W64_input_noise_monomial_activation_seed4211,fashion_mnist,mlp,4,64,input_noise,monomial_activation,4211,0-1-2,0,1,2,64,0.9549163494123452,1,1+0j,0.0,0.0,2.0,1.1858541225631423,1.159202311936963,0.9682458365518543,4.262206001591196,1.0,False,False,0.296875,25.0,22.0,1.1858541225631423,1.1858541225631423,1.1858541225631423,1.1858541225631423,1.1858541225631423,1.1858541225631423,1.159202311936963,1.1858541225631423,1.159202311936963,0.9682458365518543,1.0752906583803283,1.159202311936963,False,False,False,False,,,,3.109016308527342,strict_fpr_0,0.0,rejected,False,False,,,not_certified,uncertain_candidate_no_lift
fashion_mnist_mlp_N4_W64_input_noise_monomial_activation_seed4211:0-1-2:1844,permutation_c2m3_triangle,fixed_setting_large_artifact,primary_hidden,fashion_mnist_mlp_N4_W64_input_noise_monomial_activation,fashion_mnist_mlp_N4_W64_input_noise_monomial_activation_seed4211,fashion_mnist,mlp,4,64,input_noise,monomial_activation,4211,0-1-2,0,1,2,64,0.9549163494123452,1,1+0j,0.0,0.0,2.0,1.1858541225631423,1.159202311936963,0.9682458365518543,4.262206001591196,1.0,False,False,0.296875,25.0,22.0,1.1858541225631423,1.1858541225631423,1.1858541225631423,1.1858541225631423,1.1858541225631423,1.1858541225631423,1.159202311936963,1.1858541225631423,1.159202311936963,0.9682458365518543,1.0752906583803283,1.159202311936963,False,False,False,False,,,,3.109016308527342,strict_fpr_001,0.0,rejected,False,False,,,not_certified,uncertain_candidate_no_lift
fashion_mnist_mlp_N4_W64_input_noise_monomial_activation_seed4211:0-1-2:1844,permutation_c2m3_triangle,fixed_setting_large_artifact,primary_hidden,fashion_mnist_mlp_N4_W64_input_noise_monomial_activation,fashion_mnist_mlp_N4_W64_input_noise_monomial_activation_seed4211,fashion_mnist,mlp,4,64,input_noise,monomial_activation,4211,0-1-2,0,1,2,64,0.9549163494123452,1,1+0j,0.0,0.0,2.0,1.1858541225631423,1.159202311936963,0.9682458365518543,4.262206001591196,1.0,False,False,0.296875,25.0,22.0,1.1858541225631423,1.1858541225631423,1.1858541225631423,1.1858541225631423,1.1858541225631423,1.1858541225631423,1.159202311936963,1.1858541225631423,1.159202311936963,0.9682458365518543,1.0752906583803283,1.159202311936963,False,False,False,False,,,,3.109016308527342,loose_1e-2,0.0,rejected,False,False,,,not_certified,uncertain_candidate_no_lift
fashion_mnist_mlp_N4_W64_input_noise_monomial_activation_seed4211:0-1-2:1844,permutation_c2m3_triangle,fixed_setting_large_artifact,primary_hidden,fashion_mnist_mlp_N4_W64_input_noise_monomial_activation,fashion_mnist_mlp_N4_W64_input_noise_monomial_activation_seed4211,fashion_mnist,mlp,4,64,input_noise,monomial_activation,4211,0-1-2,0,1,2,64,0.9549163494123452,1,1+0j,0.0,0.0,2.0,1.1858541225631423,1.159202311936963,0.9682458365518543,4.262206001591196,1.0,False,False,0.296875,25.0,22.0,1.1858541225631423,1.1858541225631423,1.1858541225631423,1.1858541225631423,1.1858541225631423,1.1858541225631423,1.159202311936963,1.1858541225631423,1.159202311936963,0.9682458365518543,1.0752906583803283,1.159202311936963,False,False,False,False,,,,3.109016308527342,diagnostic_5e-2,1.0,rejected,False,False,,,not_certified,uncertain_candidate_no_lift
fashion_mnist_mlp_N4_W64_none_monomial_activation_seed4204:1-2-3:1579,permutation_c2m3_triangle,fixed_setting_large_artifact,primary_hidden,fashion_mnist_mlp_N4_W64_none_monomial_activation,fashion_mnist_mlp_N4_W64_none_monomial_activation_seed4204,fashion_mnist,mlp,4,64,none,monomial_activation,4204,1-2-3,1,2,3,64,0.9549163494123452,1,1+0j,0.0,0.0,2.0,1.1858541225631423,1.103970108290981,0.9842509842514764,2.3979777449260284,1.0,False,False,0.296875,29.0,11.0,1.1858541225631423,1.1858541225631423,1.1858541225631423,1.1858541225631423,1.1858541225631423,1.1858541225631423,1.103970108290981,1.103970108290981,0.9842509842514764,1.118033988749895,1.015504800579495,0.9842509842514764,False,False,False,False,,,,3.125021456226964,strict_fpr_0,0.0,rejected,False,False,,,not_certified,uncertain_candidate_no_lift
fashion_mnist_mlp_N4_W64_none_monomial_activation_seed4204:1-2-3:1579,permutation_c2m3_triangle,fixed_setting_large_artifact,primary_hidden,fashion_mnist_mlp_N4_W64_none_monomial_activation,fashion_mnist_mlp_N4_W64_none_monomial_activation_seed4204,fashion_mnist,mlp,4,64,none,monomial_activation,4204,1-2-3,1,2,3,64,0.9549163494123452,1,1+0j,0.0,0.0,2.0,1.1858541225631423,1.103970108290981,0.9842509842514764,2.3979777449260284,1.0,False,False,0.296875,29.0,11.0,1.1858541225631423,1.1858541225631423,1.1858541225631423,1.1858541225631423,1.1858541225631423,1.1858541225631423,1.103970108290981,1.103970108290981,0.9842509842514764,1.118033988749895,1.015504800579495,0.9842509842514764,False,False,False,False,,,,3.125021456226964,strict_fpr_001,0.0,rejected,False,False,,,not_certified,uncertain_candidate_no_lift
fashion_mnist_mlp_N4_W64_none_monomial_activation_seed4204:1-2-3:1579,permutation_c2m3_triangle,fixed_setting_large_artifact,primary_hidden,fashion_mnist_mlp_N4_W64_none_monomial_activation,fashion_mnist_mlp_N4_W64_none_monomial_activation_seed4204,fashion_mnist,mlp,4,64,none,monomial_activation,4204,1-2-3,1,2,3,64,0.9549163494123452,1,1+0j,0.0,0.0,2.0,1.1858541225631423,1.103970108290981,0.9842509842514764,2.3979777449260284,1.0,False,False,0.296875,29.0,11.0,1.1858541225631423,1.1858541225631423,1.1858541225631423,1.1858541225631423,1.1858541225631423,1.1858541225631423,1.103970108290981,1.103970108290981,0.9842509842514764,1.118033988749895,1.015504800579495,0.9842509842514764,False,False,False,False,,,,3.125021456226964,loose_1e-2,0.0,rejected,False,False,,,not_certified,uncertain_candidate_no_lift
fashion_mnist_mlp_N4_W64_none_monomial_activation_seed4204:1-2-3:1579,permutation_c2m3_triangle,fixed_setting_large_artifact,primary_hidden,fashion_mnist_mlp_N4_W64_none_monomial_activation,fashion_mnist_mlp_N4_W64_none_monomial_activation_seed4204,fashion_mnist,mlp,4,64,none,monomial_activation,4204,1-2-3,1,2,3,64,0.9549163494123452,1,1+0j,0.0,0.0,2.0,1.1858541225631423,1.103970108290981,0.9842509842514764,2.3979777449260284,1.0,False,False,0.296875,29.0,11.0,1.1858541225631423,1.1858541225631423,1.1858541225631423,1.1858541225631423,1.1858541225631423,1.1858541225631423,1.103970108290981,1.103970108290981,0.9842509842514764,1.118033988749895,1.015504800579495,0.9842509842514764,False,False,False,False,,,,3.125021456226964,diagnostic_5e-2,1.0,rejected,False,False,,,not_certified,uncertain_candidate_no_lift
mnist_mlp_N4_W64_none_monomial_activation_seed4217:1-2-3:431,permutation_c2m3_triangle,fixed_setting_large_artifact,primary_hidden,mnist_mlp_N4_W64_none_monomial_activation,mnist_mlp_N4_W64_none_monomial_activation_seed4217,mnist,mlp,4,64,none,monomial_activation,4217,1-2-3,1,2,3,64,0.9331932326024445,1,1+0j,0.0,0.0,2.0,1.1319231422671772,1.1319231422671772,1.0606601717798212,3.4975986275046034,1.0,False,False,0.359375,27.0,13.0,1.1319231422671772,1.1319231422671772,1.1319231422671772,1.1319231422671772,1.1319231422671772,1.1319231422671772,1.1319231422671772,1.1319231422671772,1.1319231422671772,1.0606601717798212,1.1319231422671772,1.1319231422671772,False,False,False,False,,,,3.125776546649443,strict_fpr_0,0.0,rejected,False,False,,,not_certified,uncertain_candidate_no_lift
mnist_mlp_N4_W64_none_monomial_activation_seed4217:1-2-3:431,permutation_c2m3_triangle,fixed_setting_large_artifact,primary_hidden,mnist_mlp_N4_W64_none_monomial_activation,mnist_mlp_N4_W64_none_monomial_activation_seed4217,mnist,mlp,4,64,none,monomial_activation,4217,1-2-3,1,2,3,64,0.9331932326024445,1,1+0j,0.0,0.0,2.0,1.1319231422671772,1.1319231422671772,1.0606601717798212,3.4975986275046034,1.0,False,False,0.359375,27.0,13.0,1.1319231422671772,1.1319231422671772,1.1319231422671772,1.1319231422671772,1.1319231422671772,1.1319231422671772,1.1319231422671772,1.1319231422671772,1.1319231422671772,1.0606601717798212,1.1319231422671772,1.1319231422671772,False,False,False,False,,,,3.125776546649443,strict_fpr_001,0.0,rejected,False,False,,,not_certified,uncertain_candidate_no_lift
mnist_mlp_N4_W64_none_monomial_activation_seed4217:1-2-3:431,permutation_c2m3_triangle,fixed_setting_large_artifact,primary_hidden,mnist_mlp_N4_W64_none_monomial_activation,mnist_mlp_N4_W64_none_monomial_activation_seed4217,mnist,mlp,4,64,none,monomial_activation,4217,1-2-3,1,2,3,64,0.9331932326024445,1,1+0j,0.0,0.0,2.0,1.1319231422671772,1.1319231422671772,1.0606601717798212,3.4975986275046034,1.0,False,False,0.359375,27.0,13.0,1.1319231422671772,1.1319231422671772,1.1319231422671772,1.1319231422671772,1.1319231422671772,1.1319231422671772,1.1319231422671772,1.1319231422671772,1.1319231422671772,1.0606601717798212,1.1319231422671772,1.1319231422671772,False,False,False,False,,,,3.125776546649443,loose_1e-2,0.0,rejected,False,False,,,not_certified,uncertain_candidate_no_lift
mnist_mlp_N4_W64_none_monomial_activation_seed4217:1-2-3:431,permutation_c2m3_triangle,fixed_setting_large_artifact,primary_hidden,mnist_mlp_N4_W64_none_monomial_activation,mnist_mlp_N4_W64_none_monomial_activation_seed4217,mnist,mlp,4,64,none,monomial_activation,4217,1-2-3,1,2,3,64,0.9331932326024445,1,1+0j,0.0,0.0,2.0,1.1319231422671772,1.1319231422671772,1.0606601717798212,3.4975986275046034,1.0,False,False,0.359375,27.0,13.0,1.1319231422671772,1.1319231422671772,1.1319231422671772,1.1319231422671772,1.1319231422671772,1.1319231422671772,1.1319231422671772,1.1319231422671772,1.1319231422671772,1.0606601717798212,1.1319231422671772,1.1319231422671772,False,False,False,False,,,,3.125776546649443,diagnostic_5e-2,1.0,rejected,False,False,,,not_certified,uncertain_candidate_no_lift
mnist_mlp_N4_W64_none_monomial_activation_seed4215:0-1-2:420,permutation_c2m3_triangle,fixed_setting_large_artifact,primary_hidden,mnist_mlp_N4_W64_none_monomial_activation,mnist_mlp_N4_W64_none_monomial_activation_seed4215,mnist,mlp,4,64,none,monomial_activation,4215,0-1-2,0,1,2,64,0.9596345332990055,1,1+0j,0.0,0.0,2.0,1.1989578808281798,1.1989578808281798,0.9682458365518543,4.2626438187047455,1.0,False,False,0.28125,23.0,19.0,1.1989578808281798,1.1989578808281798,1.1989578808281798,1.1989578808281798,1.1989578808281798,1.1989578808281798,1.1989578808281798,1.1989578808281798,1.0897247358851685,1.1989578808281798,1.1989578808281798,0.9682458365518543,False,False,False,False,,,,3.1268382506790395,strict_fpr_0,0.0,rejected,False,False,,,not_certified,uncertain_candidate_no_lift
mnist_mlp_N4_W64_none_monomial_activation_seed4215:0-1-2:420,permutation_c2m3_triangle,fixed_setting_large_artifact,primary_hidden,mnist_mlp_N4_W64_none_monomial_activation,mnist_mlp_N4_W64_none_monomial_activation_seed4215,mnist,mlp,4,64,none,monomial_activation,4215,0-1-2,0,1,2,64,0.9596345332990055,1,1+0j,0.0,0.0,2.0,1.1989578808281798,1.1989578808281798,0.9682458365518543,4.2626438187047455,1.0,False,False,0.28125,23.0,19.0,1.1989578808281798,1.1989578808281798,1.1989578808281798,1.1989578808281798,1.1989578808281798,1.1989578808281798,1.1989578808281798,1.1989578808281798,1.0897247358851685,1.1989578808281798,1.1989578808281798,0.9682458365518543,False,False,False,False,,,,3.1268382506790395,strict_fpr_001,0.0,rejected,False,False,,,not_certified,uncertain_candidate_no_lift
mnist_mlp_N4_W64_none_monomial_activation_seed4215:0-1-2:420,permutation_c2m3_triangle,fixed_setting_large_artifact,primary_hidden,mnist_mlp_N4_W64_none_monomial_activation,mnist_mlp_N4_W64_none_monomial_activation_seed4215,mnist,mlp,4,64,none,monomial_activation,4215,0-1-2,0,1,2,64,0.9596345332990055,1,1+0j,0.0,0.0,2.0,1.1989578808281798,1.1989578808281798,0.9682458365518543,4.2626438187047455,1.0,False,False,0.28125,23.0,19.0,1.1989578808281798,1.1989578808281798,1.1989578808281798,1.1989578808281798,1.1989578808281798,1.1989578808281798,1.1989578808281798,1.1989578808281798,1.0897247358851685,1.1989578808281798,1.1989578808281798,0.9682458365518543,False,False,False,False,,,,3.1268382506790395,loose_1e-2,0.0,rejected,False,False,,,not_certified,uncertain_candidate_no_lift
mnist_mlp_N4_W64_none_monomial_activation_seed4215:0-1-2:420,permutation_c2m3_triangle,fixed_setting_large_artifact,primary_hidden,mnist_mlp_N4_W64_none_monomial_activation,mnist_mlp_N4_W64_none_monomial_activation_seed4215,mnist,mlp,4,64,none,monomial_activation,4215,0-1-2,0,1,2,64,0.9596345332990055,1,1+0j,0.0,0.0,2.0,1.1989578808281798,1.1989578808281798,0.9682458365518543,4.2626438187047455,1.0,False,False,0.28125,23.0,19.0,1.1989578808281798,1.1989578808281798,1.1989578808281798,1.1989578808281798,1.1989578808281798,1.1989578808281798,1.1989578808281798,1.1989578808281798,1.0897247358851685,1.1989578808281798,1.1989578808281798,0.9682458365518543,False,False,False,False,,,,3.1268382506790395,diagnostic_5e-2,1.0,rejected,False,False,,,not_certified,uncertain_candidate_no_lift
mnist_mlp_N3_W64_none_monomial_activation_seed4221:0-1-2:51,permutation_c2m3_triangle,fixed_setting_large_artifact,primary_hidden,mnist_mlp_N3_W64_none_monomial_activation,mnist_mlp_N3_W64_none_monomial_activation_seed4221,mnist,mlp,3,64,none,monomial_activation,4221,0-1-2,0,1,2,64,0.9596345332990055,1,1+0j,0.0,0.0,2.0,1.1989578808281798,1.0897247358851685,0.9682458365518543,5.66448585486803,1.0,False,False,0.28125,25.0,30.0,1.1989578808281798,1.1989578808281798,1.1989578808281798,1.1989578808281798,1.1989578808281798,1.1989578808281798,1.0897247358851685,1.1989578808281798,0.9682458365518543,1.1989578808281798,1.0897247358851685,0.9682458365518543,False,False,False,False,,,,3.1268382506790395,strict_fpr_0,0.0,rejected,False,False,,,not_certified,uncertain_candidate_no_lift
mnist_mlp_N3_W64_none_monomial_activation_seed4221:0-1-2:51,permutation_c2m3_triangle,fixed_setting_large_artifact,primary_hidden,mnist_mlp_N3_W64_none_monomial_activation,mnist_mlp_N3_W64_none_monomial_activation_seed4221,mnist,mlp,3,64,none,monomial_activation,4221,0-1-2,0,1,2,64,0.9596345332990055,1,1+0j,0.0,0.0,2.0,1.1989578808281798,1.0897247358851685,0.9682458365518543,5.66448585486803,1.0,False,False,0.28125,25.0,30.0,1.1989578808281798,1.1989578808281798,1.1989578808281798,1.1989578808281798,1.1989578808281798,1.1989578808281798,1.0897247358851685,1.1989578808281798,0.9682458365518543,1.1989578808281798,1.0897247358851685,0.9682458365518543,False,False,False,False,,,,3.1268382506790395,strict_fpr_001,0.0,rejected,False,False,,,not_certified,uncertain_candidate_no_lift
mnist_mlp_N3_W64_none_monomial_activation_seed4221:0-1-2:51,permutation_c2m3_triangle,fixed_setting_large_artifact,primary_hidden,mnist_mlp_N3_W64_none_monomial_activation,mnist_mlp_N3_W64_none_monomial_activation_seed4221,mnist,mlp,3,64,none,monomial_activation,4221,0-1-2,0,1,2,64,0.9596345332990055,1,1+0j,0.0,0.0,2.0,1.1989578808281798,1.0897247358851685,0.9682458365518543,5.66448585486803,1.0,False,False,0.28125,25.0,30.0,1.1989578808281798,1.1989578808281798,1.1989578808281798,1.1989578808281798,1.1989578808281798,1.1989578808281798,1.0897247358851685,1.1989578808281798,0.9682458365518543,1.1989578808281798,1.0897247358851685,0.9682458365518543,False,False,False,False,,,,3.1268382506790395,loose_1e-2,0.0,rejected,False,False,,,not_certified,uncertain_candidate_no_lift
mnist_mlp_N3_W64_none_monomial_activation_seed4221:0-1-2:51,permutation_c2m3_triangle,fixed_setting_large_artifact,primary_hidden,mnist_mlp_N3_W64_none_monomial_activation,mnist_mlp_N3_W64_none_monomial_activation_seed4221,mnist,mlp,3,64,none,monomial_activation,4221,0-1-2,0,1,2,64,0.9596345332990055,1,1+0j,0.0,0.0,2.0,1.1989578808281798,1.0897247358851685,0.9682458365518543,5.66448585486803,1.0,False,False,0.28125,25.0,30.0,1.1989578808281798,1.1989578808281798,1.1989578808281798,1.1989578808281798,1.1989578808281798,1.1989578808281798,1.0897247358851685,1.1989578808281798,0.9682458365518543,1.1989578808281798,1.0897247358851685,0.9682458365518543,False,False,False,False,,,,3.1268382506790395,diagnostic_5e-2,1.0,rejected,False,False,,,not_certified,uncertain_candidate_no_lift
fashion_mnist_mlp_N4_W64_input_noise_monomial_activation_seed4202:0-1-3:1809,permutation_c2m3_triangle,fixed_setting_large_artifact,primary_hidden,fashion_mnist_mlp_N4_W64_input_noise_monomial_activation,fashion_mnist_mlp_N4_W64_input_noise_monomial_activation_seed4202,fashion_mnist,mlp,4,64,input_noise,monomial_activation,4202,0-1-3,0,1,3,64,0.9757809372497497,1,1+0j,0.0,0.0,2.0,1.25,1.1989578808281798,0.9013878188659973,3.6169938661959553,1.0,False,False,0.21875,22.0,14.0,1.25,1.25,1.25,1.25,1.25,1.25,1.1989578808281798,1.25,1.0307764064044151,1.25,1.1989578808281798,0.9013878188659973,False,False,False,False,,,,3.127168756115747,strict_fpr_0,0.0,rejected,False,False,,,not_certified,uncertain_candidate_no_lift
fashion_mnist_mlp_N4_W64_input_noise_monomial_activation_seed4202:0-1-3:1809,permutation_c2m3_triangle,fixed_setting_large_artifact,primary_hidden,fashion_mnist_mlp_N4_W64_input_noise_monomial_activation,fashion_mnist_mlp_N4_W64_input_noise_monomial_activation_seed4202,fashion_mnist,mlp,4,64,input_noise,monomial_activation,4202,0-1-3,0,1,3,64,0.9757809372497497,1,1+0j,0.0,0.0,2.0,1.25,1.1989578808281798,0.9013878188659973,3.6169938661959553,1.0,False,False,0.21875,22.0,14.0,1.25,1.25,1.25,1.25,1.25,1.25,1.1989578808281798,1.25,1.0307764064044151,1.25,1.1989578808281798,0.9013878188659973,False,False,False,False,,,,3.127168756115747,strict_fpr_001,0.0,rejected,False,False,,,not_certified,uncertain_candidate_no_lift
fashion_mnist_mlp_N4_W64_input_noise_monomial_activation_seed4202:0-1-3:1809,permutation_c2m3_triangle,fixed_setting_large_artifact,primary_hidden,fashion_mnist_mlp_N4_W64_input_noise_monomial_activation,fashion_mnist_mlp_N4_W64_input_noise_monomial_activation_seed4202,fashion_mnist,mlp,4,64,input_noise,monomial_activation,4202,0-1-3,0,1,3,64,0.9757809372497497,1,1+0j,0.0,0.0,2.0,1.25,1.1989578808281798,0.9013878188659973,3.6169938661959553,1.0,False,False,0.21875,22.0,14.0,1.25,1.25,1.25,1.25,1.25,1.25,1.1989578808281798,1.25,1.0307764064044151,1.25,1.1989578808281798,0.9013878188659973,False,False,False,False,,,,3.127168756115747,loose_1e-2,0.0,rejected,False,False,,,not_certified,uncertain_candidate_no_lift
fashion_mnist_mlp_N4_W64_input_noise_monomial_activation_seed4202:0-1-3:1809,permutation_c2m3_triangle,fixed_setting_large_artifact,primary_hidden,fashion_mnist_mlp_N4_W64_input_noise_monomial_activation,fashion_mnist_mlp_N4_W64_input_noise_monomial_activation_seed4202,fashion_mnist,mlp,4,64,input_noise,monomial_activation,4202,0-1-3,0,1,3,64,0.9757809372497497,1,1+0j,0.0,0.0,2.0,1.25,1.1989578808281798,0.9013878188659973,3.6169938661959553,1.0,False,False,0.21875,22.0,14.0,1.25,1.25,1.25,1.25,1.25,1.25,1.1989578808281798,1.25,1.0307764064044151,1.25,1.1989578808281798,0.9013878188659973,False,False,False,False,,,,3.127168756115747,diagnostic_5e-2,1.0,rejected,False,False,,,not_certified,uncertain_candidate_no_lift
fashion_mnist_mlp_N3_W64_input_noise_monomial_activation_seed4223:0-1-2:1313,permutation_c2m3_triangle,fixed_setting_large_artifact,primary_hidden,fashion_mnist_mlp_N3_W64_input_noise_monomial_activation,fashion_mnist_mlp_N3_W64_input_noise_monomial_activation_seed4223,fashion_mnist,mlp,3,64,input_noise,monomial_activation,4223,0-1-2,0,1,2,64,0.9682458365518543,1,1+0j,0.0,0.0,2.0,1.224744871391589,1.1726039399558574,0.9354143466934853,4.06422912888758,1.0,False,False,0.25,23.0,19.0,1.224744871391589,1.224744871391589,1.224744871391589,1.224744871391589,1.224744871391589,1.224744871391589,1.1726039399558574,1.1858541225631423,1.1726039399558574,1.224744871391589,1.0458250331675945,0.9354143466934853,False,False,False,False,,,,3.1284050546369286,strict_fpr_0,0.0,rejected,False,False,,,not_certified,uncertain_candidate_no_lift
fashion_mnist_mlp_N3_W64_input_noise_monomial_activation_seed4223:0-1-2:1313,permutation_c2m3_triangle,fixed_setting_large_artifact,primary_hidden,fashion_mnist_mlp_N3_W64_input_noise_monomial_activation,fashion_mnist_mlp_N3_W64_input_noise_monomial_activation_seed4223,fashion_mnist,mlp,3,64,input_noise,monomial_activation,4223,0-1-2,0,1,2,64,0.9682458365518543,1,1+0j,0.0,0.0,2.0,1.224744871391589,1.1726039399558574,0.9354143466934853,4.06422912888758,1.0,False,False,0.25,23.0,19.0,1.224744871391589,1.224744871391589,1.224744871391589,1.224744871391589,1.224744871391589,1.224744871391589,1.1726039399558574,1.1858541225631423,1.1726039399558574,1.224744871391589,1.0458250331675945,0.9354143466934853,False,False,False,False,,,,3.1284050546369286,strict_fpr_001,0.0,rejected,False,False,,,not_certified,uncertain_candidate_no_lift
fashion_mnist_mlp_N3_W64_input_noise_monomial_activation_seed4223:0-1-2:1313,permutation_c2m3_triangle,fixed_setting_large_artifact,primary_hidden,fashion_mnist_mlp_N3_W64_input_noise_monomial_activation,fashion_mnist_mlp_N3_W64_input_noise_monomial_activation_seed4223,fashion_mnist,mlp,3,64,input_noise,monomial_activation,4223,0-1-2,0,1,2,64,0.9682458365518543,1,1+0j,0.0,0.0,2.0,1.224744871391589,1.1726039399558574,0.9354143466934853,4.06422912888758,1.0,False,False,0.25,23.0,19.0,1.224744871391589,1.224744871391589,1.224744871391589,1.224744871391589,1.224744871391589,1.224744871391589,1.1726039399558574,1.1858541225631423,1.1726039399558574,1.224744871391589,1.0458250331675945,0.9354143466934853,False,False,False,False,,,,3.1284050546369286,loose_1e-2,0.0,rejected,False,False,,,not_certified,uncertain_candidate_no_lift
fashion_mnist_mlp_N3_W64_input_noise_monomial_activation_seed4223:0-1-2:1313,permutation_c2m3_triangle,fixed_setting_large_artifact,primary_hidden,fashion_mnist_mlp_N3_W64_input_noise_monomial_activation,fashion_mnist_mlp_N3_W64_input_noise_monomial_activation_seed4223,fashion_mnist,mlp,3,64,input_noise,monomial_activation,4223,0-1-2,0,1,2,64,0.9682458365518543,1,1+0j,0.0,0.0,2.0,1.224744871391589,1.1726039399558574,0.9354143466934853,4.06422912888758,1.0,False,False,0.25,23.0,19.0,1.224744871391589,1.224744871391589,1.224744871391589,1.224744871391589,1.224744871391589,1.224744871391589,1.1726039399558574,1.1858541225631423,1.1726039399558574,1.224744871391589,1.0458250331675945,0.9354143466934853,False,False,False,False,,,,3.1284050546369286,diagnostic_5e-2,1.0,rejected,False,False,,,not_certified,uncertain_candidate_no_lift
mnist_mlp_N4_W64_none_monomial_activation_seed4228:0-1-2:472,permutation_c2m3_triangle,fixed_setting_large_artifact,primary_hidden,mnist_mlp_N4_W64_none_monomial_activation,mnist_mlp_N4_W64_none_monomial_activation_seed4228,mnist,mlp,4,64,none,monomial_activation,4228,0-1-2,0,1,2,64,0.94463431251199,1,1+0j,0.0,0.0,2.0,1.159202311936963,1.0752906583803283,1.0307764064044151,6.3259585423309534,1.0,False,False,0.328125,26.0,34.0,1.159202311936963,1.159202311936963,1.159202311936963,1.159202311936963,1.159202311936963,1.159202311936963,1.0752906583803283,1.118033988749895,1.0752906583803283,1.159202311936963,1.0307764064044151,1.0752906583803283,False,False,False,False,,,,3.1346130308533686,strict_fpr_0,0.0,rejected,False,False,,,not_certified,uncertain_candidate_no_lift
mnist_mlp_N4_W64_none_monomial_activation_seed4228:0-1-2:472,permutation_c2m3_triangle,fixed_setting_large_artifact,primary_hidden,mnist_mlp_N4_W64_none_monomial_activation,mnist_mlp_N4_W64_none_monomial_activation_seed4228,mnist,mlp,4,64,none,monomial_activation,4228,0-1-2,0,1,2,64,0.94463431251199,1,1+0j,0.0,0.0,2.0,1.159202311936963,1.0752906583803283,1.0307764064044151,6.3259585423309534,1.0,False,False,0.328125,26.0,34.0,1.159202311936963,1.159202311936963,1.159202311936963,1.159202311936963,1.159202311936963,1.159202311936963,1.0752906583803283,1.118033988749895,1.0752906583803283,1.159202311936963,1.0307764064044151,1.0752906583803283,False,False,False,False,,,,3.1346130308533686,strict_fpr_001,0.0,rejected,False,False,,,not_certified,uncertain_candidate_no_lift
mnist_mlp_N4_W64_none_monomial_activation_seed4228:0-1-2:472,permutation_c2m3_triangle,fixed_setting_large_artifact,primary_hidden,mnist_mlp_N4_W64_none_monomial_activation,mnist_mlp_N4_W64_none_monomial_activation_seed4228,mnist,mlp,4,64,none,monomial_activation,4228,0-1-2,0,1,2,64,0.94463431251199,1,1+0j,0.0,0.0,2.0,1.159202311936963,1.0752906583803283,1.0307764064044151,6.3259585423309534,1.0,False,False,0.328125,26.0,34.0,1.159202311936963,1.159202311936963,1.159202311936963,1.159202311936963,1.159202311936963,1.159202311936963,1.0752906583803283,1.118033988749895,1.0752906583803283,1.159202311936963,1.0307764064044151,1.0752906583803283,False,False,False,False,,,,3.1346130308533686,loose_1e-2,0.0,rejected,False,False,,,not_certified,uncertain_candidate_no_lift
mnist_mlp_N4_W64_none_monomial_activation_seed4228:0-1-2:472,permutation_c2m3_triangle,fixed_setting_large_artifact,primary_hidden,mnist_mlp_N4_W64_none_monomial_activation,mnist_mlp_N4_W64_none_monomial_activation_seed4228,mnist,mlp,4,64,none,monomial_activation,4228,0-1-2,0,1,2,64,0.94463431251199,1,1+0j,0.0,0.0,2.0,1.159202311936963,1.0752906583803283,1.0307764064044151,6.3259585423309534,1.0,False,False,0.328125,26.0,34.0,1.159202311936963,1.159202311936963,1.159202311936963,1.159202311936963,1.159202311936963,1.159202311936963,1.0752906583803283,1.118033988749895,1.0752906583803283,1.159202311936963,1.0307764064044151,1.0752906583803283,False,False,False,False,,,,3.1346130308533686,diagnostic_5e-2,1.0,rejected,False,False,,,not_certified,uncertain_candidate_no_lift
mnist_mlp_N4_W64_input_noise_monomial_activation_seed4215:0-2-3:662,permutation_c2m3_triangle,fixed_setting_large_artifact,primary_hidden,mnist_mlp_N4_W64_input_noise_monomial_activation,mnist_mlp_N4_W64_input_noise_monomial_activation_seed4215,mnist,mlp,4,64,input_noise,monomial_activation,4215,0-2-3,0,2,3,64,0.9499177595981665,1,1+0j,0.0,0.0,2.0,1.1726039399558574,1.0606601717798212,1.015504800579495,4.083826710766083,1.0,False,False,0.3125,27.0,19.0,1.1726039399558574,1.1726039399558574,1.1726039399558574,1.1726039399558574,1.1726039399558574,1.1726039399558574,1.0606601717798212,1.1319231422671772,1.0606601717798212,1.1726039399558574,1.015504800579495,1.0606601717798212,False,False,False,False,,,,3.138026500133519,strict_fpr_0,0.0,rejected,False,False,,,not_certified,uncertain_candidate_no_lift
mnist_mlp_N4_W64_input_noise_monomial_activation_seed4215:0-2-3:662,permutation_c2m3_triangle,fixed_setting_large_artifact,primary_hidden,mnist_mlp_N4_W64_input_noise_monomial_activation,mnist_mlp_N4_W64_input_noise_monomial_activation_seed4215,mnist,mlp,4,64,input_noise,monomial_activation,4215,0-2-3,0,2,3,64,0.9499177595981665,1,1+0j,0.0,0.0,2.0,1.1726039399558574,1.0606601717798212,1.015504800579495,4.083826710766083,1.0,False,False,0.3125,27.0,19.0,1.1726039399558574,1.1726039399558574,1.1726039399558574,1.1726039399558574,1.1726039399558574,1.1726039399558574,1.0606601717798212,1.1319231422671772,1.0606601717798212,1.1726039399558574,1.015504800579495,1.0606601717798212,False,False,False,False,,,,3.138026500133519,strict_fpr_001,0.0,rejected,False,False,,,not_certified,uncertain_candidate_no_lift
mnist_mlp_N4_W64_input_noise_monomial_activation_seed4215:0-2-3:662,permutation_c2m3_triangle,fixed_setting_large_artifact,primary_hidden,mnist_mlp_N4_W64_input_noise_monomial_activation,mnist_mlp_N4_W64_input_noise_monomial_activation_seed4215,mnist,mlp,4,64,input_noise,monomial_activation,4215,0-2-3,0,2,3,64,0.9499177595981665,1,1+0j,0.0,0.0,2.0,1.1726039399558574,1.0606601717798212,1.015504800579495,4.083826710766083,1.0,False,False,0.3125,27.0,19.0,1.1726039399558574,1.1726039399558574,1.1726039399558574,1.1726039399558574,1.1726039399558574,1.1726039399558574,1.0606601717798212,1.1319231422671772,1.0606601717798212,1.1726039399558574,1.015504800579495,1.0606601717798212,False,False,False,False,,,,3.138026500133519,loose_1e-2,0.0,rejected,False,False,,,not_certified,uncertain_candidate_no_lift
mnist_mlp_N4_W64_input_noise_monomial_activation_seed4215:0-2-3:662,permutation_c2m3_triangle,fixed_setting_large_artifact,primary_hidden,mnist_mlp_N4_W64_input_noise_monomial_activation,mnist_mlp_N4_W64_input_noise_monomial_activation_seed4215,mnist,mlp,4,64,input_noise,monomial_activation,4215,0-2-3,0,2,3,64,0.9499177595981665,1,1+0j,0.0,0.0,2.0,1.1726039399558574,1.0606601717798212,1.015504800579495,4.083826710766083,1.0,False,False,0.3125,27.0,19.0,1.1726039399558574,1.1726039399558574,1.1726039399558574,1.1726039399558574,1.1726039399558574,1.1726039399558574,1.0606601717798212,1.1319231422671772,1.0606601717798212,1.1726039399558574,1.015504800579495,1.0606601717798212,False,False,False,False,,,,3.138026500133519,diagnostic_5e-2,1.0,rejected,False,False,,,not_certified,uncertain_candidate_no_lift
mnist_mlp_N3_W64_none_monomial_activation_seed4229:0-1-2:59,permutation_c2m3_triangle,fixed_setting_large_artifact,primary_hidden,mnist_mlp_N3_W64_none_monomial_activation,mnist_mlp_N3_W64_none_monomial_activation_seed4229,mnist,mlp,3,64,none,monomial_activation,4229,0-1-2,0,1,2,64,0.9331932326024445,1,1+0j,0.0,0.0,2.0,1.1319231422671772,1.0752906583803283,1.0752906583803283,4.66784229753723,1.0,False,False,0.359375,27.0,22.0,1.1319231422671772,1.1319231422671772,1.1319231422671772,1.1319231422671772,1.1319231422671772,1.1319231422671772,1.0752906583803283,1.1319231422671772,1.0752906583803283,1.1319231422671772,1.0752906583803283,1.0752906583803283,False,False,False,False,,,,3.14040703324995,strict_fpr_0,0.0,rejected,False,False,,,not_certified,uncertain_candidate_no_lift
mnist_mlp_N3_W64_none_monomial_activation_seed4229:0-1-2:59,permutation_c2m3_triangle,fixed_setting_large_artifact,primary_hidden,mnist_mlp_N3_W64_none_monomial_activation,mnist_mlp_N3_W64_none_monomial_activation_seed4229,mnist,mlp,3,64,none,monomial_activation,4229,0-1-2,0,1,2,64,0.9331932326024445,1,1+0j,0.0,0.0,2.0,1.1319231422671772,1.0752906583803283,1.0752906583803283,4.66784229753723,1.0,False,False,0.359375,27.0,22.0,1.1319231422671772,1.1319231422671772,1.1319231422671772,1.1319231422671772,1.1319231422671772,1.1319231422671772,1.0752906583803283,1.1319231422671772,1.0752906583803283,1.1319231422671772,1.0752906583803283,1.0752906583803283,False,False,False,False,,,,3.14040703324995,strict_fpr_001,0.0,rejected,False,False,,,not_certified,uncertain_candidate_no_lift
mnist_mlp_N3_W64_none_monomial_activation_seed4229:0-1-2:59,permutation_c2m3_triangle,fixed_setting_large_artifact,primary_hidden,mnist_mlp_N3_W64_none_monomial_activation,mnist_mlp_N3_W64_none_monomial_activation_seed4229,mnist,mlp,3,64,none,monomial_activation,4229,0-1-2,0,1,2,64,0.9331932326024445,1,1+0j,0.0,0.0,2.0,1.1319231422671772,1.0752906583803283,1.0752906583803283,4.66784229753723,1.0,False,False,0.359375,27.0,22.0,1.1319231422671772,1.1319231422671772,1.1319231422671772,1.1319231422671772,1.1319231422671772,1.1319231422671772,1.0752906583803283,1.1319231422671772,1.0752906583803283,1.1319231422671772,1.0752906583803283,1.0752906583803283,False,False,False,False,,,,3.14040703324995,loose_1e-2,0.0,rejected,False,False,,,not_certified,uncertain_candidate_no_lift
mnist_mlp_N3_W64_none_monomial_activation_seed4229:0-1-2:59,permutation_c2m3_triangle,fixed_setting_large_artifact,primary_hidden,mnist_mlp_N3_W64_none_monomial_activation,mnist_mlp_N3_W64_none_monomial_activation_seed4229,mnist,mlp,3,64,none,monomial_activation,4229,0-1-2,0,1,2,64,0.9331932326024445,1,1+0j,0.0,0.0,2.0,1.1319231422671772,1.0752906583803283,1.0752906583803283,4.66784229753723,1.0,False,False,0.359375,27.0,22.0,1.1319231422671772,1.1319231422671772,1.1319231422671772,1.1319231422671772,1.1319231422671772,1.1319231422671772,1.0752906583803283,1.1319231422671772,1.0752906583803283,1.1319231422671772,1.0752906583803283,1.0752906583803283,False,False,False,False,,,,3.14040703324995,diagnostic_5e-2,1.0,rejected,False,False,,,not_certified,uncertain_candidate_no_lift
mnist_mlp_N4_W64_none_monomial_weight_seed4227:1-2-3:351,permutation_c2m3_triangle,fixed_setting_large_artifact,primary_hidden,mnist_mlp_N4_W64_none_monomial_weight,mnist_mlp_N4_W64_none_monomial_weight_seed4227,mnist,mlp,4,64,none,monomial_weight,4227,1-2-3,1,2,3,64,0.9596345332990055,1,1+0j,0.0,0.0,2.0,1.1989578808281798,1.118033988749895,0.9842509842514764,3.140685486552862,1.0,False,False,0.28125,26.0,13.0,1.1989578808281798,1.1989578808281798,1.1989578808281798,1.1989578808281798,1.1989578808281798,1.1989578808281798,1.118033988749895,1.159202311936963,1.118033988749895,1.1989578808281798,0.9842509842514764,1.118033988749895,False,False,False,False,,,,3.1428433983786617,strict_fpr_0,0.0,rejected,False,False,,,not_certified,uncertain_candidate_no_lift
mnist_mlp_N4_W64_none_monomial_weight_seed4227:1-2-3:351,permutation_c2m3_triangle,fixed_setting_large_artifact,primary_hidden,mnist_mlp_N4_W64_none_monomial_weight,mnist_mlp_N4_W64_none_monomial_weight_seed4227,mnist,mlp,4,64,none,monomial_weight,4227,1-2-3,1,2,3,64,0.9596345332990055,1,1+0j,0.0,0.0,2.0,1.1989578808281798,1.118033988749895,0.9842509842514764,3.140685486552862,1.0,False,False,0.28125,26.0,13.0,1.1989578808281798,1.1989578808281798,1.1989578808281798,1.1989578808281798,1.1989578808281798,1.1989578808281798,1.118033988749895,1.159202311936963,1.118033988749895,1.1989578808281798,0.9842509842514764,1.118033988749895,False,False,False,False,,,,3.1428433983786617,strict_fpr_001,0.0,rejected,False,False,,,not_certified,uncertain_candidate_no_lift
mnist_mlp_N4_W64_none_monomial_weight_seed4227:1-2-3:351,permutation_c2m3_triangle,fixed_setting_large_artifact,primary_hidden,mnist_mlp_N4_W64_none_monomial_weight,mnist_mlp_N4_W64_none_monomial_weight_seed4227,mnist,mlp,4,64,none,monomial_weight,4227,1-2-3,1,2,3,64,0.9596345332990055,1,1+0j,0.0,0.0,2.0,1.1989578808281798,1.118033988749895,0.9842509842514764,3.140685486552862,1.0,False,False,0.28125,26.0,13.0,1.1989578808281798,1.1989578808281798,1.1989578808281798,1.1989578808281798,1.1989578808281798,1.1989578808281798,1.118033988749895,1.159202311936963,1.118033988749895,1.1989578808281798,0.9842509842514764,1.118033988749895,False,False,False,False,,,,3.1428433983786617,loose_1e-2,0.0,rejected,False,False,,,not_certified,uncertain_candidate_no_lift
mnist_mlp_N4_W64_none_monomial_weight_seed4227:1-2-3:351,permutation_c2m3_triangle,fixed_setting_large_artifact,primary_hidden,mnist_mlp_N4_W64_none_monomial_weight,mnist_mlp_N4_W64_none_monomial_weight_seed4227,mnist,mlp,4,64,none,monomial_weight,4227,1-2-3,1,2,3,64,0.9596345332990055,1,1+0j,0.0,0.0,2.0,1.1989578808281798,1.118033988749895,0.9842509842514764,3.140685486552862,1.0,False,False,0.28125,26.0,13.0,1.1989578808281798,1.1989578808281798,1.1989578808281798,1.1989578808281798,1.1989578808281798,1.1989578808281798,1.118033988749895,1.159202311936963,1.118033988749895,1.1989578808281798,0.9842509842514764,1.118033988749895,False,False,False,False,,,,3.1428433983786617,diagnostic_5e-2,1.0,rejected,False,False,,,not_certified,uncertain_candidate_no_lift
mnist_mlp_N4_W64_none_monomial_activation_seed4202:0-2-3:370,permutation_c2m3_triangle,fixed_setting_large_artifact,primary_hidden,mnist_mlp_N4_W64_none_monomial_activation,mnist_mlp_N4_W64_none_monomial_activation_seed4202,mnist,mlp,4,64,none,monomial_activation,4202,0-2-3,0,2,3,64,0.94463431251199,1,1+0j,0.0,0.0,2.0,1.159202311936963,1.103970108290981,1.0458250331675945,5.949988812082367,1.0,False,False,0.328125,26.0,32.0,1.159202311936963,1.159202311936963,1.159202311936963,1.159202311936963,1.159202311936963,1.159202311936963,1.103970108290981,1.118033988749895,1.0458250331675945,1.159202311936963,1.0606601717798212,1.0458250331675945,False,False,False,False,,,,3.149661657616548,strict_fpr_0,0.0,rejected,False,False,,,not_certified,uncertain_candidate_no_lift
mnist_mlp_N4_W64_none_monomial_activation_seed4202:0-2-3:370,permutation_c2m3_triangle,fixed_setting_large_artifact,primary_hidden,mnist_mlp_N4_W64_none_monomial_activation,mnist_mlp_N4_W64_none_monomial_activation_seed4202,mnist,mlp,4,64,none,monomial_activation,4202,0-2-3,0,2,3,64,0.94463431251199,1,1+0j,0.0,0.0,2.0,1.159202311936963,1.103970108290981,1.0458250331675945,5.949988812082367,1.0,False,False,0.328125,26.0,32.0,1.159202311936963,1.159202311936963,1.159202311936963,1.159202311936963,1.159202311936963,1.159202311936963,1.103970108290981,1.118033988749895,1.0458250331675945,1.159202311936963,1.0606601717798212,1.0458250331675945,False,False,False,False,,,,3.149661657616548,strict_fpr_001,0.0,rejected,False,False,,,not_certified,uncertain_candidate_no_lift
mnist_mlp_N4_W64_none_monomial_activation_seed4202:0-2-3:370,permutation_c2m3_triangle,fixed_setting_large_artifact,primary_hidden,mnist_mlp_N4_W64_none_monomial_activation,mnist_mlp_N4_W64_none_monomial_activation_seed4202,mnist,mlp,4,64,none,monomial_activation,4202,0-2-3,0,2,3,64,0.94463431251199,1,1+0j,0.0,0.0,2.0,1.159202311936963,1.103970108290981,1.0458250331675945,5.949988812082367,1.0,False,False,0.328125,26.0,32.0,1.159202311936963,1.159202311936963,1.159202311936963,1.159202311936963,1.159202311936963,1.159202311936963,1.103970108290981,1.118033988749895,1.0458250331675945,1.159202311936963,1.0606601717798212,1.0458250331675945,False,False,False,False,,,,3.149661657616548,loose_1e-2,0.0,rejected,False,False,,,not_certified,uncertain_candidate_no_lift
mnist_mlp_N4_W64_none_monomial_activation_seed4202:0-2-3:370,permutation_c2m3_triangle,fixed_setting_large_artifact,primary_hidden,mnist_mlp_N4_W64_none_monomial_activation,mnist_mlp_N4_W64_none_monomial_activation_seed4202,mnist,mlp,4,64,none,monomial_activation,4202,0-2-3,0,2,3,64,0.94463431251199,1,1+0j,0.0,0.0,2.0,1.159202311936963,1.103970108290981,1.0458250331675945,5.949988812082367,1.0,False,False,0.328125,26.0,32.0,1.159202311936963,1.159202311936963,1.159202311936963,1.159202311936963,1.159202311936963,1.159202311936963,1.103970108290981,1.118033988749895,1.0458250331675945,1.159202311936963,1.0606601717798212,1.0458250331675945,False,False,False,False,,,,3.149661657616548,diagnostic_5e-2,1.0,rejected,False,False,,,not_certified,uncertain_candidate_no_lift
fashion_mnist_mlp_N4_W64_none_monomial_activation_seed4202:0-2-3:1570,permutation_c2m3_triangle,fixed_setting_large_artifact,primary_hidden,fashion_mnist_mlp_N4_W64_none_monomial_activation,fashion_mnist_mlp_N4_W64_none_monomial_activation_seed4202,fashion_mnist,mlp,4,64,none,monomial_activation,4202,0-2-3,0,2,3,64,0.94463431251199,1,1+0j,0.0,0.0,2.0,1.159202311936963,1.1319231422671772,1.0458250331675945,6.645780616300843,1.0,False,False,0.328125,25.0,35.0,1.159202311936963,1.159202311936963,1.159202311936963,1.159202311936963,1.159202311936963,1.159202311936963,1.1319231422671772,1.0752906583803283,1.1319231422671772,1.159202311936963,1.0458250331675945,1.1319231422671772,False,False,False,False,,,,3.149661657616548,strict_fpr_0,0.0,rejected,False,False,,,not_certified,uncertain_candidate_no_lift
fashion_mnist_mlp_N4_W64_none_monomial_activation_seed4202:0-2-3:1570,permutation_c2m3_triangle,fixed_setting_large_artifact,primary_hidden,fashion_mnist_mlp_N4_W64_none_monomial_activation,fashion_mnist_mlp_N4_W64_none_monomial_activation_seed4202,fashion_mnist,mlp,4,64,none,monomial_activation,4202,0-2-3,0,2,3,64,0.94463431251199,1,1+0j,0.0,0.0,2.0,1.159202311936963,1.1319231422671772,1.0458250331675945,6.645780616300843,1.0,False,False,0.328125,25.0,35.0,1.159202311936963,1.159202311936963,1.159202311936963,1.159202311936963,1.159202311936963,1.159202311936963,1.1319231422671772,1.0752906583803283,1.1319231422671772,1.159202311936963,1.0458250331675945,1.1319231422671772,False,False,False,False,,,,3.149661657616548,strict_fpr_001,0.0,rejected,False,False,,,not_certified,uncertain_candidate_no_lift
fashion_mnist_mlp_N4_W64_none_monomial_activation_seed4202:0-2-3:1570,permutation_c2m3_triangle,fixed_setting_large_artifact,primary_hidden,fashion_mnist_mlp_N4_W64_none_monomial_activation,fashion_mnist_mlp_N4_W64_none_monomial_activation_seed4202,fashion_mnist,mlp,4,64,none,monomial_activation,4202,0-2-3,0,2,3,64,0.94463431251199,1,1+0j,0.0,0.0,2.0,1.159202311936963,1.1319231422671772,1.0458250331675945,6.645780616300843,1.0,False,False,0.328125,25.0,35.0,1.159202311936963,1.159202311936963,1.159202311936963,1.159202311936963,1.159202311936963,1.159202311936963,1.1319231422671772,1.0752906583803283,1.1319231422671772,1.159202311936963,1.0458250331675945,1.1319231422671772,False,False,False,False,,,,3.149661657616548,loose_1e-2,0.0,rejected,False,False,,,not_certified,uncertain_candidate_no_lift
fashion_mnist_mlp_N4_W64_none_monomial_activation_seed4202:0-2-3:1570,permutation_c2m3_triangle,fixed_setting_large_artifact,primary_hidden,fashion_mnist_mlp_N4_W64_none_monomial_activation,fashion_mnist_mlp_N4_W64_none_monomial_activation_seed4202,fashion_mnist,mlp,4,64,none,monomial_activation,4202,0-2-3,0,2,3,64,0.94463431251199,1,1+0j,0.0,0.0,2.0,1.159202311936963,1.1319231422671772,1.0458250331675945,6.645780616300843,1.0,False,False,0.328125,25.0,35.0,1.159202311936963,1.159202311936963,1.159202311936963,1.159202311936963,1.159202311936963,1.159202311936963,1.1319231422671772,1.0752906583803283,1.1319231422671772,1.159202311936963,1.0458250331675945,1.1319231422671772,False,False,False,False,,,,3.149661657616548,diagnostic_5e-2,1.0,rejected,False,False,,,not_certified,uncertain_candidate_no_lift
mnist_mlp_N3_W64_input_noise_monomial_activation_seed4223:0-1-2:113,permutation_c2m3_triangle,fixed_setting_large_artifact,primary_hidden,mnist_mlp_N3_W64_input_noise_monomial_activation,mnist_mlp_N3_W64_input_noise_monomial_activation_seed4223,mnist,mlp,3,64,input_noise,monomial_activation,4223,0-1-2,0,1,2,64,0.94463431251199,1,1+0j,0.0,0.0,2.0,1.159202311936963,1.103970108290981,1.0458250331675945,4.287347001033416,1.0,False,False,0.328125,27.0,23.0,1.159202311936963,1.159202311936963,1.159202311936963,1.159202311936963,1.159202311936963,1.159202311936963,1.103970108290981,1.159202311936963,1.0458250331675945,1.0897247358851685,1.103970108290981,1.0458250331675945,False,False,False,False,,,,3.149661657616548,strict_fpr_0,0.0,rejected,False,False,,,not_certified,uncertain_candidate_no_lift
mnist_mlp_N3_W64_input_noise_monomial_activation_seed4223:0-1-2:113,permutation_c2m3_triangle,fixed_setting_large_artifact,primary_hidden,mnist_mlp_N3_W64_input_noise_monomial_activation,mnist_mlp_N3_W64_input_noise_monomial_activation_seed4223,mnist,mlp,3,64,input_noise,monomial_activation,4223,0-1-2,0,1,2,64,0.94463431251199,1,1+0j,0.0,0.0,2.0,1.159202311936963,1.103970108290981,1.0458250331675945,4.287347001033416,1.0,False,False,0.328125,27.0,23.0,1.159202311936963,1.159202311936963,1.159202311936963,1.159202311936963,1.159202311936963,1.159202311936963,1.103970108290981,1.159202311936963,1.0458250331675945,1.0897247358851685,1.103970108290981,1.0458250331675945,False,False,False,False,,,,3.149661657616548,strict_fpr_001,0.0,rejected,False,False,,,not_certified,uncertain_candidate_no_lift
mnist_mlp_N3_W64_input_noise_monomial_activation_seed4223:0-1-2:113,permutation_c2m3_triangle,fixed_setting_large_artifact,primary_hidden,mnist_mlp_N3_W64_input_noise_monomial_activation,mnist_mlp_N3_W64_input_noise_monomial_activation_seed4223,mnist,mlp,3,64,input_noise,monomial_activation,4223,0-1-2,0,1,2,64,0.94463431251199,1,1+0j,0.0,0.0,2.0,1.159202311936963,1.103970108290981,1.0458250331675945,4.287347001033416,1.0,False,False,0.328125,27.0,23.0,1.159202311936963,1.159202311936963,1.159202311936963,1.159202311936963,1.159202311936963,1.159202311936963,1.103970108290981,1.159202311936963,1.0458250331675945,1.0897247358851685,1.103970108290981,1.0458250331675945,False,False,False,False,,,,3.149661657616548,loose_1e-2,0.0,rejected,False,False,,,not_certified,uncertain_candidate_no_lift
mnist_mlp_N3_W64_input_noise_monomial_activation_seed4223:0-1-2:113,permutation_c2m3_triangle,fixed_setting_large_artifact,primary_hidden,mnist_mlp_N3_W64_input_noise_monomial_activation,mnist_mlp_N3_W64_input_noise_monomial_activation_seed4223,mnist,mlp,3,64,input_noise,monomial_activation,4223,0-1-2,0,1,2,64,0.94463431251199,1,1+0j,0.0,0.0,2.0,1.159202311936963,1.103970108290981,1.0458250331675945,4.287347001033416,1.0,False,False,0.328125,27.0,23.0,1.159202311936963,1.159202311936963,1.159202311936963,1.159202311936963,1.159202311936963,1.159202311936963,1.103970108290981,1.159202311936963,1.0458250331675945,1.0897247358851685,1.103970108290981,1.0458250331675945,False,False,False,False,,,,3.149661657616548,diagnostic_5e-2,1.0,rejected,False,False,,,not_certified,uncertain_candidate_no_lift
mnist_mlp_N4_W64_input_noise_monomial_activation_seed4220:0-1-3:681,permutation_c2m3_triangle,fixed_setting_large_artifact,primary_hidden,mnist_mlp_N4_W64_input_noise_monomial_activation,mnist_mlp_N4_W64_input_noise_monomial_activation_seed4220,mnist,mlp,4,64,input_noise,monomial_activation,4220,0-1-3,0,1,3,64,0.9499177595981665,1,1+0j,0.0,0.0,2.0,1.1726039399558574,1.118033988749895,1.0307764064044151,4.555404996006459,1.0,False,False,0.3125,27.0,25.0,1.1726039399558574,1.1726039399558574,1.1726039399558574,1.1726039399558574,1.1726039399558574,1.1726039399558574,1.118033988749895,1.0897247358851685,1.0606601717798212,1.103970108290981,1.0307764064044151,1.0606601717798212,False,False,False,False,,,,3.153298105958439,strict_fpr_0,0.0,rejected,False,False,,,not_certified,uncertain_candidate_no_lift
mnist_mlp_N4_W64_input_noise_monomial_activation_seed4220:0-1-3:681,permutation_c2m3_triangle,fixed_setting_large_artifact,primary_hidden,mnist_mlp_N4_W64_input_noise_monomial_activation,mnist_mlp_N4_W64_input_noise_monomial_activation_seed4220,mnist,mlp,4,64,input_noise,monomial_activation,4220,0-1-3,0,1,3,64,0.9499177595981665,1,1+0j,0.0,0.0,2.0,1.1726039399558574,1.118033988749895,1.0307764064044151,4.555404996006459,1.0,False,False,0.3125,27.0,25.0,1.1726039399558574,1.1726039399558574,1.1726039399558574,1.1726039399558574,1.1726039399558574,1.1726039399558574,1.118033988749895,1.0897247358851685,1.0606601717798212,1.103970108290981,1.0307764064044151,1.0606601717798212,False,False,False,False,,,,3.153298105958439,strict_fpr_001,0.0,rejected,False,False,,,not_certified,uncertain_candidate_no_lift
mnist_mlp_N4_W64_input_noise_monomial_activation_seed4220:0-1-3:681,permutation_c2m3_triangle,fixed_setting_large_artifact,primary_hidden,mnist_mlp_N4_W64_input_noise_monomial_activation,mnist_mlp_N4_W64_input_noise_monomial_activation_seed4220,mnist,mlp,4,64,input_noise,monomial_activation,4220,0-1-3,0,1,3,64,0.9499177595981665,1,1+0j,0.0,0.0,2.0,1.1726039399558574,1.118033988749895,1.0307764064044151,4.555404996006459,1.0,False,False,0.3125,27.0,25.0,1.1726039399558574,1.1726039399558574,1.1726039399558574,1.1726039399558574,1.1726039399558574,1.1726039399558574,1.118033988749895,1.0897247358851685,1.0606601717798212,1.103970108290981,1.0307764064044151,1.0606601717798212,False,False,False,False,,,,3.153298105958439,loose_1e-2,0.0,rejected,False,False,,,not_certified,uncertain_candidate_no_lift
mnist_mlp_N4_W64_input_noise_monomial_activation_seed4220:0-1-3:681,permutation_c2m3_triangle,fixed_setting_large_artifact,primary_hidden,mnist_mlp_N4_W64_input_noise_monomial_activation,mnist_mlp_N4_W64_input_noise_monomial_activation_seed4220,mnist,mlp,4,64,input_noise,monomial_activation,4220,0-1-3,0,1,3,64,0.9499177595981665,1,1+0j,0.0,0.0,2.0,1.1726039399558574,1.118033988749895,1.0307764064044151,4.555404996006459,1.0,False,False,0.3125,27.0,25.0,1.1726039399558574,1.1726039399558574,1.1726039399558574,1.1726039399558574,1.1726039399558574,1.1726039399558574,1.118033988749895,1.0897247358851685,1.0606601717798212,1.103970108290981,1.0307764064044151,1.0606601717798212,False,False,False,False,,,,3.153298105958439,diagnostic_5e-2,1.0,rejected,False,False,,,not_certified,uncertain_candidate_no_lift
mnist_mlp_N4_W64_none_monomial_activation_seed4225:0-1-3:461,permutation_c2m3_triangle,fixed_setting_large_artifact,primary_hidden,mnist_mlp_N4_W64_none_monomial_activation,mnist_mlp_N4_W64_none_monomial_activation_seed4225,mnist,mlp,4,64,none,monomial_activation,4225,0-1-3,0,1,3,64,0.9549163494123452,1,1+0j,0.0,0.0,2.0,1.1858541225631423,1.1319231422671772,1.015504800579495,5.3072026529990355,1.0,False,False,0.296875,25.0,28.0,1.1858541225631423,1.1858541225631423,1.1858541225631423,1.1858541225631423,1.1858541225631423,1.1858541225631423,1.1319231422671772,1.1858541225631423,1.015504800579495,1.118033988749895,1.1319231422671772,1.015504800579495,False,False,False,False,,,,3.1562752725549825,strict_fpr_0,0.0,rejected,False,False,,,not_certified,uncertain_candidate_no_lift
mnist_mlp_N4_W64_none_monomial_activation_seed4225:0-1-3:461,permutation_c2m3_triangle,fixed_setting_large_artifact,primary_hidden,mnist_mlp_N4_W64_none_monomial_activation,mnist_mlp_N4_W64_none_monomial_activation_seed4225,mnist,mlp,4,64,none,monomial_activation,4225,0-1-3,0,1,3,64,0.9549163494123452,1,1+0j,0.0,0.0,2.0,1.1858541225631423,1.1319231422671772,1.015504800579495,5.3072026529990355,1.0,False,False,0.296875,25.0,28.0,1.1858541225631423,1.1858541225631423,1.1858541225631423,1.1858541225631423,1.1858541225631423,1.1858541225631423,1.1319231422671772,1.1858541225631423,1.015504800579495,1.118033988749895,1.1319231422671772,1.015504800579495,False,False,False,False,,,,3.1562752725549825,strict_fpr_001,0.0,rejected,False,False,,,not_certified,uncertain_candidate_no_lift
mnist_mlp_N4_W64_none_monomial_activation_seed4225:0-1-3:461,permutation_c2m3_triangle,fixed_setting_large_artifact,primary_hidden,mnist_mlp_N4_W64_none_monomial_activation,mnist_mlp_N4_W64_none_monomial_activation_seed4225,mnist,mlp,4,64,none,monomial_activation,4225,0-1-3,0,1,3,64,0.9549163494123452,1,1+0j,0.0,0.0,2.0,1.1858541225631423,1.1319231422671772,1.015504800579495,5.3072026529990355,1.0,False,False,0.296875,25.0,28.0,1.1858541225631423,1.1858541225631423,1.1858541225631423,1.1858541225631423,1.1858541225631423,1.1858541225631423,1.1319231422671772,1.1858541225631423,1.015504800579495,1.118033988749895,1.1319231422671772,1.015504800579495,False,False,False,False,,,,3.1562752725549825,loose_1e-2,0.0,rejected,False,False,,,not_certified,uncertain_candidate_no_lift
mnist_mlp_N4_W64_none_monomial_activation_seed4225:0-1-3:461,permutation_c2m3_triangle,fixed_setting_large_artifact,primary_hidden,mnist_mlp_N4_W64_none_monomial_activation,mnist_mlp_N4_W64_none_monomial_activation_seed4225,mnist,mlp,4,64,none,monomial_activation,4225,0-1-3,0,1,3,64,0.9549163494123452,1,1+0j,0.0,0.0,2.0,1.1858541225631423,1.1319231422671772,1.015504800579495,5.3072026529990355,1.0,False,False,0.296875,25.0,28.0,1.1858541225631423,1.1858541225631423,1.1858541225631423,1.1858541225631423,1.1858541225631423,1.1858541225631423,1.1319231422671772,1.1858541225631423,1.015504800579495,1.118033988749895,1.1319231422671772,1.015504800579495,False,False,False,False,,,,3.1562752725549825,diagnostic_5e-2,1.0,rejected,False,False,,,not_certified,uncertain_candidate_no_lift
mnist_mlp_N4_W64_input_noise_monomial_activation_seed4227:0-1-3:709,permutation_c2m3_triangle,fixed_setting_large_artifact,primary_hidden,mnist_mlp_N4_W64_input_noise_monomial_activation,mnist_mlp_N4_W64_input_noise_monomial_activation_seed4227,mnist,mlp,4,64,input_noise,monomial_activation,4227,0-1-3,0,1,3,64,0.9549163494123452,1,1+0j,0.0,0.0,2.0,1.1858541225631423,1.1319231422671772,1.015504800579495,6.600108837963802,1.0,False,False,0.296875,23.0,33.0,1.1858541225631423,1.1858541225631423,1.1858541225631423,1.1858541225631423,1.1858541225631423,1.1858541225631423,1.1319231422671772,1.1858541225631423,1.1319231422671772,1.1858541225631423,1.1319231422671772,1.015504800579495,False,False,False,False,,,,3.1562752725549825,strict_fpr_0,0.0,rejected,False,False,,,not_certified,uncertain_candidate_no_lift
mnist_mlp_N4_W64_input_noise_monomial_activation_seed4227:0-1-3:709,permutation_c2m3_triangle,fixed_setting_large_artifact,primary_hidden,mnist_mlp_N4_W64_input_noise_monomial_activation,mnist_mlp_N4_W64_input_noise_monomial_activation_seed4227,mnist,mlp,4,64,input_noise,monomial_activation,4227,0-1-3,0,1,3,64,0.9549163494123452,1,1+0j,0.0,0.0,2.0,1.1858541225631423,1.1319231422671772,1.015504800579495,6.600108837963802,1.0,False,False,0.296875,23.0,33.0,1.1858541225631423,1.1858541225631423,1.1858541225631423,1.1858541225631423,1.1858541225631423,1.1858541225631423,1.1319231422671772,1.1858541225631423,1.1319231422671772,1.1858541225631423,1.1319231422671772,1.015504800579495,False,False,False,False,,,,3.1562752725549825,strict_fpr_001,0.0,rejected,False,False,,,not_certified,uncertain_candidate_no_lift
mnist_mlp_N4_W64_input_noise_monomial_activation_seed4227:0-1-3:709,permutation_c2m3_triangle,fixed_setting_large_artifact,primary_hidden,mnist_mlp_N4_W64_input_noise_monomial_activation,mnist_mlp_N4_W64_input_noise_monomial_activation_seed4227,mnist,mlp,4,64,input_noise,monomial_activation,4227,0-1-3,0,1,3,64,0.9549163494123452,1,1+0j,0.0,0.0,2.0,1.1858541225631423,1.1319231422671772,1.015504800579495,6.600108837963802,1.0,False,False,0.296875,23.0,33.0,1.1858541225631423,1.1858541225631423,1.1858541225631423,1.1858541225631423,1.1858541225631423,1.1858541225631423,1.1319231422671772,1.1858541225631423,1.1319231422671772,1.1858541225631423,1.1319231422671772,1.015504800579495,False,False,False,False,,,,3.1562752725549825,loose_1e-2,0.0,rejected,False,False,,,not_certified,uncertain_candidate_no_lift
mnist_mlp_N4_W64_input_noise_monomial_activation_seed4227:0-1-3:709,permutation_c2m3_triangle,fixed_setting_large_artifact,primary_hidden,mnist_mlp_N4_W64_input_noise_monomial_activation,mnist_mlp_N4_W64_input_noise_monomial_activation_seed4227,mnist,mlp,4,64,input_noise,monomial_activation,4227,0-1-3,0,1,3,64,0.9549163494123452,1,1+0j,0.0,0.0,2.0,1.1858541225631423,1.1319231422671772,1.015504800579495,6.600108837963802,1.0,False,False,0.296875,23.0,33.0,1.1858541225631423,1.1858541225631423,1.1858541225631423,1.1858541225631423,1.1858541225631423,1.1858541225631423,1.1319231422671772,1.1858541225631423,1.1319231422671772,1.1858541225631423,1.1319231422671772,1.015504800579495,False,False,False,False,,,,3.1562752725549825,diagnostic_5e-2,1.0,rejected,False,False,,,not_certified,uncertain_candidate_no_lift
fashion_mnist_mlp_N4_W64_input_noise_monomial_activation_seed4200:0-2-3:1802,permutation_c2m3_triangle,fixed_setting_large_artifact,primary_hidden,fashion_mnist_mlp_N4_W64_input_noise_monomial_activation,fashion_mnist_mlp_N4_W64_input_noise_monomial_activation_seed4200,fashion_mnist,mlp,4,64,input_noise,monomial_activation,4200,0-2-3,0,2,3,64,0.9596345332990055,1,1+0j,0.0,0.0,2.0,1.1989578808281798,1.118033988749895,1.0,2.920529482032048,1.0,False,False,0.28125,27.0,14.0,1.1989578808281798,1.1989578808281798,1.1989578808281798,1.1989578808281798,1.1989578808281798,1.1989578808281798,1.118033988749895,1.118033988749895,1.118033988749895,1.1319231422671772,1.0307764064044151,1.0,False,False,False,False,,,,3.1585924141271855,strict_fpr_0,0.0,rejected,False,False,,,not_certified,uncertain_candidate_no_lift
fashion_mnist_mlp_N4_W64_input_noise_monomial_activation_seed4200:0-2-3:1802,permutation_c2m3_triangle,fixed_setting_large_artifact,primary_hidden,fashion_mnist_mlp_N4_W64_input_noise_monomial_activation,fashion_mnist_mlp_N4_W64_input_noise_monomial_activation_seed4200,fashion_mnist,mlp,4,64,input_noise,monomial_activation,4200,0-2-3,0,2,3,64,0.9596345332990055,1,1+0j,0.0,0.0,2.0,1.1989578808281798,1.118033988749895,1.0,2.920529482032048,1.0,False,False,0.28125,27.0,14.0,1.1989578808281798,1.1989578808281798,1.1989578808281798,1.1989578808281798,1.1989578808281798,1.1989578808281798,1.118033988749895,1.118033988749895,1.118033988749895,1.1319231422671772,1.0307764064044151,1.0,False,False,False,False,,,,3.1585924141271855,strict_fpr_001,0.0,rejected,False,False,,,not_certified,uncertain_candidate_no_lift
fashion_mnist_mlp_N4_W64_input_noise_monomial_activation_seed4200:0-2-3:1802,permutation_c2m3_triangle,fixed_setting_large_artifact,primary_hidden,fashion_mnist_mlp_N4_W64_input_noise_monomial_activation,fashion_mnist_mlp_N4_W64_input_noise_monomial_activation_seed4200,fashion_mnist,mlp,4,64,input_noise,monomial_activation,4200,0-2-3,0,2,3,64,0.9596345332990055,1,1+0j,0.0,0.0,2.0,1.1989578808281798,1.118033988749895,1.0,2.920529482032048,1.0,False,False,0.28125,27.0,14.0,1.1989578808281798,1.1989578808281798,1.1989578808281798,1.1989578808281798,1.1989578808281798,1.1989578808281798,1.118033988749895,1.118033988749895,1.118033988749895,1.1319231422671772,1.0307764064044151,1.0,False,False,False,False,,,,3.1585924141271855,loose_1e-2,0.0,rejected,False,False,,,not_certified,uncertain_candidate_no_lift
fashion_mnist_mlp_N4_W64_input_noise_monomial_activation_seed4200:0-2-3:1802,permutation_c2m3_triangle,fixed_setting_large_artifact,primary_hidden,fashion_mnist_mlp_N4_W64_input_noise_monomial_activation,fashion_mnist_mlp_N4_W64_input_noise_monomial_activation_seed4200,fashion_mnist,mlp,4,64,input_noise,monomial_activation,4200,0-2-3,0,2,3,64,0.9596345332990055,1,1+0j,0.0,0.0,2.0,1.1989578808281798,1.118033988749895,1.0,2.920529482032048,1.0,False,False,0.28125,27.0,14.0,1.1989578808281798,1.1989578808281798,1.1989578808281798,1.1989578808281798,1.1989578808281798,1.1989578808281798,1.118033988749895,1.118033988749895,1.118033988749895,1.1319231422671772,1.0307764064044151,1.0,False,False,False,False,,,,3.1585924141271855,diagnostic_5e-2,1.0,rejected,False,False,,,not_certified,uncertain_candidate_no_lift
mnist_mlp_N4_W64_input_noise_monomial_activation_seed4224:0-2-3:698,permutation_c2m3_triangle,fixed_setting_large_artifact,primary_hidden,mnist_mlp_N4_W64_input_noise_monomial_activation,mnist_mlp_N4_W64_input_noise_monomial_activation_seed4224,mnist,mlp,4,64,input_noise,monomial_activation,4224,0-2-3,0,2,3,64,0.939061200082295,1,1+0j,0.0,0.0,2.0,1.14564392373896,1.118033988749895,1.0752906583803283,3.7628608910040784,1.0,False,False,0.34375,27.0,15.0,1.14564392373896,1.14564392373896,1.14564392373896,1.14564392373896,1.14564392373896,1.14564392373896,1.118033988749895,1.103970108290981,1.118033988749895,1.14564392373896,1.0752906583803283,1.118033988749895,False,False,False,False,,,,3.1599957822015834,strict_fpr_0,0.0,rejected,False,False,,,not_certified,uncertain_candidate_no_lift
mnist_mlp_N4_W64_input_noise_monomial_activation_seed4224:0-2-3:698,permutation_c2m3_triangle,fixed_setting_large_artifact,primary_hidden,mnist_mlp_N4_W64_input_noise_monomial_activation,mnist_mlp_N4_W64_input_noise_monomial_activation_seed4224,mnist,mlp,4,64,input_noise,monomial_activation,4224,0-2-3,0,2,3,64,0.939061200082295,1,1+0j,0.0,0.0,2.0,1.14564392373896,1.118033988749895,1.0752906583803283,3.7628608910040784,1.0,False,False,0.34375,27.0,15.0,1.14564392373896,1.14564392373896,1.14564392373896,1.14564392373896,1.14564392373896,1.14564392373896,1.118033988749895,1.103970108290981,1.118033988749895,1.14564392373896,1.0752906583803283,1.118033988749895,False,False,False,False,,,,3.1599957822015834,strict_fpr_001,0.0,rejected,False,False,,,not_certified,uncertain_candidate_no_lift
mnist_mlp_N4_W64_input_noise_monomial_activation_seed4224:0-2-3:698,permutation_c2m3_triangle,fixed_setting_large_artifact,primary_hidden,mnist_mlp_N4_W64_input_noise_monomial_activation,mnist_mlp_N4_W64_input_noise_monomial_activation_seed4224,mnist,mlp,4,64,input_noise,monomial_activation,4224,0-2-3,0,2,3,64,0.939061200082295,1,1+0j,0.0,0.0,2.0,1.14564392373896,1.118033988749895,1.0752906583803283,3.7628608910040784,1.0,False,False,0.34375,27.0,15.0,1.14564392373896,1.14564392373896,1.14564392373896,1.14564392373896,1.14564392373896,1.14564392373896,1.118033988749895,1.103970108290981,1.118033988749895,1.14564392373896,1.0752906583803283,1.118033988749895,False,False,False,False,,,,3.1599957822015834,loose_1e-2,0.0,rejected,False,False,,,not_certified,uncertain_candidate_no_lift
mnist_mlp_N4_W64_input_noise_monomial_activation_seed4224:0-2-3:698,permutation_c2m3_triangle,fixed_setting_large_artifact,primary_hidden,mnist_mlp_N4_W64_input_noise_monomial_activation,mnist_mlp_N4_W64_input_noise_monomial_activation_seed4224,mnist,mlp,4,64,input_noise,monomial_activation,4224,0-2-3,0,2,3,64,0.939061200082295,1,1+0j,0.0,0.0,2.0,1.14564392373896,1.118033988749895,1.0752906583803283,3.7628608910040784,1.0,False,False,0.34375,27.0,15.0,1.14564392373896,1.14564392373896,1.14564392373896,1.14564392373896,1.14564392373896,1.14564392373896,1.118033988749895,1.103970108290981,1.118033988749895,1.14564392373896,1.0752906583803283,1.118033988749895,False,False,False,False,,,,3.1599957822015834,diagnostic_5e-2,1.0,rejected,False,False,,,not_certified,uncertain_candidate_no_lift
mnist_mlp_N4_W64_none_monomial_activation_seed4207:0-2-3:390,permutation_c2m3_triangle,fixed_setting_large_artifact,primary_hidden,mnist_mlp_N4_W64_none_monomial_activation,mnist_mlp_N4_W64_none_monomial_activation_seed4207,mnist,mlp,4,64,none,monomial_activation,4207,0-2-3,0,2,3,64,0.939061200082295,1,1+0j,0.0,0.0,2.0,1.14564392373896,1.118033988749895,1.0752906583803283,4.813688568357544,1.0,False,False,0.34375,26.0,23.0,1.14564392373896,1.14564392373896,1.14564392373896,1.14564392373896,1.14564392373896,1.14564392373896,1.118033988749895,1.103970108290981,1.118033988749895,1.14564392373896,1.0752906583803283,1.118033988749895,False,False,False,False,,,,3.1599957822015834,strict_fpr_0,0.0,rejected,False,False,,,not_certified,uncertain_candidate_no_lift
mnist_mlp_N4_W64_none_monomial_activation_seed4207:0-2-3:390,permutation_c2m3_triangle,fixed_setting_large_artifact,primary_hidden,mnist_mlp_N4_W64_none_monomial_activation,mnist_mlp_N4_W64_none_monomial_activation_seed4207,mnist,mlp,4,64,none,monomial_activation,4207,0-2-3,0,2,3,64,0.939061200082295,1,1+0j,0.0,0.0,2.0,1.14564392373896,1.118033988749895,1.0752906583803283,4.813688568357544,1.0,False,False,0.34375,26.0,23.0,1.14564392373896,1.14564392373896,1.14564392373896,1.14564392373896,1.14564392373896,1.14564392373896,1.118033988749895,1.103970108290981,1.118033988749895,1.14564392373896,1.0752906583803283,1.118033988749895,False,False,False,False,,,,3.1599957822015834,strict_fpr_001,0.0,rejected,False,False,,,not_certified,uncertain_candidate_no_lift
mnist_mlp_N4_W64_none_monomial_activation_seed4207:0-2-3:390,permutation_c2m3_triangle,fixed_setting_large_artifact,primary_hidden,mnist_mlp_N4_W64_none_monomial_activation,mnist_mlp_N4_W64_none_monomial_activation_seed4207,mnist,mlp,4,64,none,monomial_activation,4207,0-2-3,0,2,3,64,0.939061200082295,1,1+0j,0.0,0.0,2.0,1.14564392373896,1.118033988749895,1.0752906583803283,4.813688568357544,1.0,False,False,0.34375,26.0,23.0,1.14564392373896,1.14564392373896,1.14564392373896,1.14564392373896,1.14564392373896,1.14564392373896,1.118033988749895,1.103970108290981,1.118033988749895,1.14564392373896,1.0752906583803283,1.118033988749895,False,False,False,False,,,,3.1599957822015834,loose_1e-2,0.0,rejected,False,False,,,not_certified,uncertain_candidate_no_lift
mnist_mlp_N4_W64_none_monomial_activation_seed4207:0-2-3:390,permutation_c2m3_triangle,fixed_setting_large_artifact,primary_hidden,mnist_mlp_N4_W64_none_monomial_activation,mnist_mlp_N4_W64_none_monomial_activation_seed4207,mnist,mlp,4,64,none,monomial_activation,4207,0-2-3,0,2,3,64,0.939061200082295,1,1+0j,0.0,0.0,2.0,1.14564392373896,1.118033988749895,1.0752906583803283,4.813688568357544,1.0,False,False,0.34375,26.0,23.0,1.14564392373896,1.14564392373896,1.14564392373896,1.14564392373896,1.14564392373896,1.14564392373896,1.118033988749895,1.103970108290981,1.118033988749895,1.14564392373896,1.0752906583803283,1.118033988749895,False,False,False,False,,,,3.1599957822015834,diagnostic_5e-2,1.0,rejected,False,False,,,not_certified,uncertain_candidate_no_lift
mnist_mlp_N4_W64_none_monomial_weight_seed4224:0-1-2:336,permutation_c2m3_triangle,fixed_setting_large_artifact,primary_hidden,mnist_mlp_N4_W64_none_monomial_weight,mnist_mlp_N4_W64_none_monomial_weight_seed4224,mnist,mlp,4,64,none,monomial_weight,4224,0-1-2,0,1,2,64,0.9791528146183311,1,1+0j,0.0,0.0,2.0,1.2624381172952597,1.2119199643540823,0.9185586535436918,4.03236903073119,1.0,False,False,0.203125,20.0,14.0,1.2624381172952597,1.2624381172952597,1.2624381172952597,1.2624381172952597,1.2624381172952597,1.2624381172952597,1.2119199643540823,1.2624381172952597,1.159202311936963,1.2624381172952597,1.2119199643540823,0.9185586535436918,False,False,False,False,,,,3.1601495854572823,strict_fpr_0,0.0,rejected,False,False,,,not_certified,uncertain_candidate_no_lift
mnist_mlp_N4_W64_none_monomial_weight_seed4224:0-1-2:336,permutation_c2m3_triangle,fixed_setting_large_artifact,primary_hidden,mnist_mlp_N4_W64_none_monomial_weight,mnist_mlp_N4_W64_none_monomial_weight_seed4224,mnist,mlp,4,64,none,monomial_weight,4224,0-1-2,0,1,2,64,0.9791528146183311,1,1+0j,0.0,0.0,2.0,1.2624381172952597,1.2119199643540823,0.9185586535436918,4.03236903073119,1.0,False,False,0.203125,20.0,14.0,1.2624381172952597,1.2624381172952597,1.2624381172952597,1.2624381172952597,1.2624381172952597,1.2624381172952597,1.2119199643540823,1.2624381172952597,1.159202311936963,1.2624381172952597,1.2119199643540823,0.9185586535436918,False,False,False,False,,,,3.1601495854572823,strict_fpr_001,0.0,rejected,False,False,,,not_certified,uncertain_candidate_no_lift
mnist_mlp_N4_W64_none_monomial_weight_seed4224:0-1-2:336,permutation_c2m3_triangle,fixed_setting_large_artifact,primary_hidden,mnist_mlp_N4_W64_none_monomial_weight,mnist_mlp_N4_W64_none_monomial_weight_seed4224,mnist,mlp,4,64,none,monomial_weight,4224,0-1-2,0,1,2,64,0.9791528146183311,1,1+0j,0.0,0.0,2.0,1.2624381172952597,1.2119199643540823,0.9185586535436918,4.03236903073119,1.0,False,False,0.203125,20.0,14.0,1.2624381172952597,1.2624381172952597,1.2624381172952597,1.2624381172952597,1.2624381172952597,1.2624381172952597,1.2119199643540823,1.2624381172952597,1.159202311936963,1.2624381172952597,1.2119199643540823,0.9185586535436918,False,False,False,False,,,,3.1601495854572823,loose_1e-2,0.0,rejected,False,False,,,not_certified,uncertain_candidate_no_lift
mnist_mlp_N4_W64_none_monomial_weight_seed4224:0-1-2:336,permutation_c2m3_triangle,fixed_setting_large_artifact,primary_hidden,mnist_mlp_N4_W64_none_monomial_weight,mnist_mlp_N4_W64_none_monomial_weight_seed4224,mnist,mlp,4,64,none,monomial_weight,4224,0-1-2,0,1,2,64,0.9791528146183311,1,1+0j,0.0,0.0,2.0,1.2624381172952597,1.2119199643540823,0.9185586535436918,4.03236903073119,1.0,False,False,0.203125,20.0,14.0,1.2624381172952597,1.2624381172952597,1.2624381172952597,1.2624381172952597,1.2624381172952597,1.2624381172952597,1.2119199643540823,1.2624381172952597,1.159202311936963,1.2624381172952597,1.2119199643540823,0.9185586535436918,False,False,False,False,,,,3.1601495854572823,diagnostic_5e-2,1.0,rejected,False,False,,,not_certified,uncertain_candidate_no_lift
mnist_mlp_N4_W64_none_monomial_weight_seed4214:0-1-2:296,permutation_c2m3_triangle,fixed_setting_large_artifact,primary_hidden,mnist_mlp_N4_W64_none_monomial_weight,mnist_mlp_N4_W64_none_monomial_weight_seed4214,mnist,mlp,4,64,none,monomial_weight,4214,0-1-2,0,1,2,64,0.9640764281813968,1,1+0j,0.0,0.0,2.0,1.2119199643540823,1.159202311936963,0.9842509842514764,6.121640315408016,1.0,False,False,0.265625,23.0,31.0,1.2119199643540823,1.2119199643540823,1.2119199643540823,1.2119199643540823,1.2119199643540823,1.2119199643540823,1.159202311936963,1.1319231422671772,1.159202311936963,1.2119199643540823,0.9842509842514764,1.159202311936963,False,False,False,False,,,,3.1602473767869554,strict_fpr_0,0.0,rejected,False,False,,,not_certified,uncertain_candidate_no_lift
mnist_mlp_N4_W64_none_monomial_weight_seed4214:0-1-2:296,permutation_c2m3_triangle,fixed_setting_large_artifact,primary_hidden,mnist_mlp_N4_W64_none_monomial_weight,mnist_mlp_N4_W64_none_monomial_weight_seed4214,mnist,mlp,4,64,none,monomial_weight,4214,0-1-2,0,1,2,64,0.9640764281813968,1,1+0j,0.0,0.0,2.0,1.2119199643540823,1.159202311936963,0.9842509842514764,6.121640315408016,1.0,False,False,0.265625,23.0,31.0,1.2119199643540823,1.2119199643540823,1.2119199643540823,1.2119199643540823,1.2119199643540823,1.2119199643540823,1.159202311936963,1.1319231422671772,1.159202311936963,1.2119199643540823,0.9842509842514764,1.159202311936963,False,False,False,False,,,,3.1602473767869554,strict_fpr_001,0.0,rejected,False,False,,,not_certified,uncertain_candidate_no_lift
mnist_mlp_N4_W64_none_monomial_weight_seed4214:0-1-2:296,permutation_c2m3_triangle,fixed_setting_large_artifact,primary_hidden,mnist_mlp_N4_W64_none_monomial_weight,mnist_mlp_N4_W64_none_monomial_weight_seed4214,mnist,mlp,4,64,none,monomial_weight,4214,0-1-2,0,1,2,64,0.9640764281813968,1,1+0j,0.0,0.0,2.0,1.2119199643540823,1.159202311936963,0.9842509842514764,6.121640315408016,1.0,False,False,0.265625,23.0,31.0,1.2119199643540823,1.2119199643540823,1.2119199643540823,1.2119199643540823,1.2119199643540823,1.2119199643540823,1.159202311936963,1.1319231422671772,1.159202311936963,1.2119199643540823,0.9842509842514764,1.159202311936963,False,False,False,False,,,,3.1602473767869554,loose_1e-2,0.0,rejected,False,False,,,not_certified,uncertain_candidate_no_lift
mnist_mlp_N4_W64_none_monomial_weight_seed4214:0-1-2:296,permutation_c2m3_triangle,fixed_setting_large_artifact,primary_hidden,mnist_mlp_N4_W64_none_monomial_weight,mnist_mlp_N4_W64_none_monomial_weight_seed4214,mnist,mlp,4,64,none,monomial_weight,4214,0-1-2,0,1,2,64,0.9640764281813968,1,1+0j,0.0,0.0,2.0,1.2119199643540823,1.159202311936963,0.9842509842514764,6.121640315408016,1.0,False,False,0.265625,23.0,31.0,1.2119199643540823,1.2119199643540823,1.2119199643540823,1.2119199643540823,1.2119199643540823,1.2119199643540823,1.159202311936963,1.1319231422671772,1.159202311936963,1.2119199643540823,0.9842509842514764,1.159202311936963,False,False,False,False,,,,3.1602473767869554,diagnostic_5e-2,1.0,rejected,False,False,,,not_certified,uncertain_candidate_no_lift
fashion_mnist_mlp_N4_W64_input_noise_monomial_weight_seed4205:0-2-3:1702,permutation_c2m3_triangle,fixed_setting_large_artifact,primary_hidden,fashion_mnist_mlp_N4_W64_input_noise_monomial_weight,fashion_mnist_mlp_N4_W64_input_noise_monomial_weight_seed4205,fashion_mnist,mlp,4,64,input_noise,monomial_weight,4205,0-2-3,0,2,3,64,0.9640764281813968,1,1+0j,0.0,0.0,2.0,1.2119199643540823,1.159202311936963,0.9842509842514764,5.224994460068881,1.0,False,False,0.265625,23.0,26.0,1.2119199643540823,1.2119199643540823,1.2119199643540823,1.2119199643540823,1.2119199643540823,1.2119199643540823,1.159202311936963,1.2119199643540823,1.103970108290981,1.14564392373896,1.159202311936963,0.9842509842514764,False,False,False,False,,,,3.1602473767869554,strict_fpr_0,0.0,rejected,False,False,,,not_certified,uncertain_candidate_no_lift
fashion_mnist_mlp_N4_W64_input_noise_monomial_weight_seed4205:0-2-3:1702,permutation_c2m3_triangle,fixed_setting_large_artifact,primary_hidden,fashion_mnist_mlp_N4_W64_input_noise_monomial_weight,fashion_mnist_mlp_N4_W64_input_noise_monomial_weight_seed4205,fashion_mnist,mlp,4,64,input_noise,monomial_weight,4205,0-2-3,0,2,3,64,0.9640764281813968,1,1+0j,0.0,0.0,2.0,1.2119199643540823,1.159202311936963,0.9842509842514764,5.224994460068881,1.0,False,False,0.265625,23.0,26.0,1.2119199643540823,1.2119199643540823,1.2119199643540823,1.2119199643540823,1.2119199643540823,1.2119199643540823,1.159202311936963,1.2119199643540823,1.103970108290981,1.14564392373896,1.159202311936963,0.9842509842514764,False,False,False,False,,,,3.1602473767869554,strict_fpr_001,0.0,rejected,False,False,,,not_certified,uncertain_candidate_no_lift
fashion_mnist_mlp_N4_W64_input_noise_monomial_weight_seed4205:0-2-3:1702,permutation_c2m3_triangle,fixed_setting_large_artifact,primary_hidden,fashion_mnist_mlp_N4_W64_input_noise_monomial_weight,fashion_mnist_mlp_N4_W64_input_noise_monomial_weight_seed4205,fashion_mnist,mlp,4,64,input_noise,monomial_weight,4205,0-2-3,0,2,3,64,0.9640764281813968,1,1+0j,0.0,0.0,2.0,1.2119199643540823,1.159202311936963,0.9842509842514764,5.224994460068881,1.0,False,False,0.265625,23.0,26.0,1.2119199643540823,1.2119199643540823,1.2119199643540823,1.2119199643540823,1.2119199643540823,1.2119199643540823,1.159202311936963,1.2119199643540823,1.103970108290981,1.14564392373896,1.159202311936963,0.9842509842514764,False,False,False,False,,,,3.1602473767869554,loose_1e-2,0.0,rejected,False,False,,,not_certified,uncertain_candidate_no_lift
fashion_mnist_mlp_N4_W64_input_noise_monomial_weight_seed4205:0-2-3:1702,permutation_c2m3_triangle,fixed_setting_large_artifact,primary_hidden,fashion_mnist_mlp_N4_W64_input_noise_monomial_weight,fashion_mnist_mlp_N4_W64_input_noise_monomial_weight_seed4205,fashion_mnist,mlp,4,64,input_noise,monomial_weight,4205,0-2-3,0,2,3,64,0.9640764281813968,1,1+0j,0.0,0.0,2.0,1.2119199643540823,1.159202311936963,0.9842509842514764,5.224994460068881,1.0,False,False,0.265625,23.0,26.0,1.2119199643540823,1.2119199643540823,1.2119199643540823,1.2119199643540823,1.2119199643540823,1.2119199643540823,1.159202311936963,1.2119199643540823,1.103970108290981,1.14564392373896,1.159202311936963,0.9842509842514764,False,False,False,False,,,,3.1602473767869554,diagnostic_5e-2,1.0,rejected,False,False,,,not_certified,uncertain_candidate_no_lift
