method,d,k,noise_level,candidate_rank,projection_residual_threshold,n,projection_acceptance_rate,certification_rate_before_projection,certification_rate_after_projection,correct_period_rate,correct_index_rate,lift_rate,false_lift_rate,false_positive_central_rate,period_divisible_index_obstructed_rejection_rate,mean_projection_residual,mean_commutator_residual_before,mean_commutator_residual_after,mean_operator_error_raw,mean_operator_error_denoised,certification_gain_over_best_previous
global_sync_then_heisenberg_projection,2,2,0.0,2,0.0001,10,1.0,1.0,1.0,1.0,1.0,0.0,0.0,0.0,1.0,1.3306212903196958e-15,2.2019888366534887e-15,1.7319121124709866e-16,7.76761993635296e-09,0.0,0.0
global_sync_then_heisenberg_projection,2,2,0.0,2,0.0003,10,1.0,1.0,1.0,1.0,1.0,0.0,0.0,0.0,1.0,1.3306212903196958e-15,2.2019888366534887e-15,1.7319121124709866e-16,7.76761993635296e-09,0.0,0.0
global_sync_then_heisenberg_projection,2,2,0.0,2,0.001,10,1.0,1.0,1.0,1.0,1.0,0.0,0.0,0.0,1.0,1.3306212903196958e-15,2.2019888366534887e-15,1.7319121124709866e-16,7.76761993635296e-09,0.0,0.0
global_sync_then_heisenberg_projection,2,2,0.0,2,0.003,10,1.0,1.0,1.0,1.0,1.0,0.0,0.0,0.0,1.0,1.3306212903196958e-15,2.2019888366534887e-15,1.7319121124709866e-16,7.76761993635296e-09,0.0,0.0
global_sync_then_heisenberg_projection,2,2,0.0,2,0.01,10,1.0,1.0,1.0,1.0,1.0,0.0,0.0,0.0,1.0,1.3306212903196958e-15,2.2019888366534887e-15,1.7319121124709866e-16,7.76761993635296e-09,0.0,0.0
global_sync_then_heisenberg_projection,2,2,0.0,4,0.0001,10,1.0,1.0,1.0,1.0,1.0,1.0,0.0,0.0,0.0,1.3306212903196958e-15,2.2019888366534887e-15,1.7319121124709866e-16,7.76761993635296e-09,0.0,0.0
global_sync_then_heisenberg_projection,2,2,0.0,4,0.0003,10,1.0,1.0,1.0,1.0,1.0,1.0,0.0,0.0,0.0,1.3306212903196958e-15,2.2019888366534887e-15,1.7319121124709866e-16,7.76761993635296e-09,0.0,0.0
global_sync_then_heisenberg_projection,2,2,0.0,4,0.001,10,1.0,1.0,1.0,1.0,1.0,1.0,0.0,0.0,0.0,1.3306212903196958e-15,2.2019888366534887e-15,1.7319121124709866e-16,7.76761993635296e-09,0.0,0.0
global_sync_then_heisenberg_projection,2,2,0.0,4,0.003,10,1.0,1.0,1.0,1.0,1.0,1.0,0.0,0.0,0.0,1.3306212903196958e-15,2.2019888366534887e-15,1.7319121124709866e-16,7.76761993635296e-09,0.0,0.0
global_sync_then_heisenberg_projection,2,2,0.0,4,0.01,10,1.0,1.0,1.0,1.0,1.0,1.0,0.0,0.0,0.0,1.3306212903196958e-15,2.2019888366534887e-15,1.7319121124709866e-16,7.76761993635296e-09,0.0,0.0
global_sync_then_heisenberg_projection,2,2,0.0001,2,0.0001,10,0.2,0.9,0.2,0.2,0.2,0.0,0.0,0.0,0.2,0.00011482833324906153,0.00020735994089428819,1.7319121124709866e-16,0.00020129037073836703,0.0,-0.7
global_sync_then_heisenberg_projection,2,2,0.0001,2,0.0003,10,1.0,0.9,1.0,1.0,1.0,0.0,0.0,0.0,1.0,0.00011482833324906153,0.00020735994089428819,1.7319121124709866e-16,0.00020129037073836703,0.0,0.09999999999999998
global_sync_then_heisenberg_projection,2,2,0.0001,2,0.001,10,1.0,0.9,1.0,1.0,1.0,0.0,0.0,0.0,1.0,0.00011482833324906153,0.00020735994089428819,1.7319121124709866e-16,0.00020129037073836703,0.0,0.09999999999999998
global_sync_then_heisenberg_projection,2,2,0.0001,2,0.003,10,1.0,0.9,1.0,1.0,1.0,0.0,0.0,0.0,1.0,0.00011482833324906153,0.00020735994089428819,1.7319121124709866e-16,0.00020129037073836703,0.0,0.09999999999999998
global_sync_then_heisenberg_projection,2,2,0.0001,2,0.01,10,1.0,0.9,1.0,1.0,1.0,0.0,0.0,0.0,1.0,0.00011482833324906153,0.00020735994089428819,1.7319121124709866e-16,0.00020129037073836703,0.0,0.09999999999999998
global_sync_then_heisenberg_projection,2,2,0.0001,4,0.0001,10,0.2,0.9,0.2,0.2,0.2,0.2,0.0,0.0,0.0,0.00011482833324906153,0.00020735994089428819,1.7319121124709866e-16,0.00020129037073836703,0.0,-0.7
global_sync_then_heisenberg_projection,2,2,0.0001,4,0.0003,10,1.0,0.9,1.0,1.0,1.0,1.0,0.0,0.0,0.0,0.00011482833324906153,0.00020735994089428819,1.7319121124709866e-16,0.00020129037073836703,0.0,0.09999999999999998
global_sync_then_heisenberg_projection,2,2,0.0001,4,0.001,10,1.0,0.9,1.0,1.0,1.0,1.0,0.0,0.0,0.0,0.00011482833324906153,0.00020735994089428819,1.7319121124709866e-16,0.00020129037073836703,0.0,0.09999999999999998
global_sync_then_heisenberg_projection,2,2,0.0001,4,0.003,10,1.0,0.9,1.0,1.0,1.0,1.0,0.0,0.0,0.0,0.00011482833324906153,0.00020735994089428819,1.7319121124709866e-16,0.00020129037073836703,0.0,0.09999999999999998
global_sync_then_heisenberg_projection,2,2,0.0001,4,0.01,10,1.0,0.9,1.0,1.0,1.0,1.0,0.0,0.0,0.0,0.00011482833324906153,0.00020735994089428819,1.7319121124709866e-16,0.00020129037073836703,0.0,0.09999999999999998
global_sync_then_heisenberg_projection,2,2,0.0003,2,0.0001,10,0.0,0.0,0.0,0.0,0.0,0.0,0.0,0.0,0.0,0.00034453958075634914,0.0006221695100292704,1.7319121124709866e-16,0.0006083408160144394,0.0,0.0
global_sync_then_heisenberg_projection,2,2,0.0003,2,0.0003,10,0.2,0.0,0.2,0.2,0.2,0.0,0.0,0.0,0.2,0.00034453958075634914,0.0006221695100292704,1.7319121124709866e-16,0.0006083408160144394,0.0,0.2
global_sync_then_heisenberg_projection,2,2,0.0003,2,0.001,10,1.0,0.0,1.0,1.0,1.0,0.0,0.0,0.0,1.0,0.00034453958075634914,0.0006221695100292704,1.7319121124709866e-16,0.0006083408160144394,0.0,1.0
global_sync_then_heisenberg_projection,2,2,0.0003,2,0.003,10,1.0,0.0,1.0,1.0,1.0,0.0,0.0,0.0,1.0,0.00034453958075634914,0.0006221695100292704,1.7319121124709866e-16,0.0006083408160144394,0.0,1.0
global_sync_then_heisenberg_projection,2,2,0.0003,2,0.01,10,1.0,0.0,1.0,1.0,1.0,0.0,0.0,0.0,1.0,0.00034453958075634914,0.0006221695100292704,1.7319121124709866e-16,0.0006083408160144394,0.0,1.0
global_sync_then_heisenberg_projection,2,2,0.0003,4,0.0001,10,0.0,0.0,0.0,0.0,0.0,0.0,0.0,0.0,0.0,0.00034453958075634914,0.0006221695100292704,1.7319121124709866e-16,0.0006083408160144394,0.0,0.0
global_sync_then_heisenberg_projection,2,2,0.0003,4,0.0003,10,0.2,0.0,0.2,0.2,0.2,0.2,0.0,0.0,0.0,0.00034453958075634914,0.0006221695100292704,1.7319121124709866e-16,0.0006083408160144394,0.0,0.2
global_sync_then_heisenberg_projection,2,2,0.0003,4,0.001,10,1.0,0.0,1.0,1.0,1.0,1.0,0.0,0.0,0.0,0.00034453958075634914,0.0006221695100292704,1.7319121124709866e-16,0.0006083408160144394,0.0,1.0
global_sync_then_heisenberg_projection,2,2,0.0003,4,0.003,10,1.0,0.0,1.0,1.0,1.0,1.0,0.0,0.0,0.0,0.00034453958075634914,0.0006221695100292704,1.7319121124709866e-16,0.0006083408160144394,0.0,1.0
global_sync_then_heisenberg_projection,2,2,0.0003,4,0.01,10,1.0,0.0,1.0,1.0,1.0,1.0,0.0,0.0,0.0,0.00034453958075634914,0.0006221695100292704,1.7319121124709866e-16,0.0006083408160144394,0.0,1.0
global_sync_then_heisenberg_projection,2,2,0.001,2,0.0001,10,0.0,0.0,0.0,0.0,0.0,0.0,0.0,0.0,0.0,0.001148895568347864,0.0020743394397494757,1.7319121124709866e-16,0.002171288878831901,0.0,0.0
global_sync_then_heisenberg_projection,2,2,0.001,2,0.0003,10,0.0,0.0,0.0,0.0,0.0,0.0,0.0,0.0,0.0,0.001148895568347864,0.0020743394397494757,1.7319121124709866e-16,0.002171288878831901,0.0,0.0
global_sync_then_heisenberg_projection,2,2,0.001,2,0.001,10,0.2,0.0,0.2,0.2,0.2,0.0,0.0,0.0,0.2,0.001148895568347864,0.0020743394397494757,1.7319121124709866e-16,0.002171288878831901,0.0,0.2
global_sync_then_heisenberg_projection,2,2,0.001,2,0.003,10,1.0,0.0,1.0,1.0,1.0,0.0,0.0,0.0,1.0,0.001148895568347864,0.0020743394397494757,1.7319121124709866e-16,0.002171288878831901,0.0,1.0
global_sync_then_heisenberg_projection,2,2,0.001,2,0.01,10,1.0,0.0,1.0,1.0,1.0,0.0,0.0,0.0,1.0,0.001148895568347864,0.0020743394397494757,1.7319121124709866e-16,0.002171288878831901,0.0,1.0
global_sync_then_heisenberg_projection,2,2,0.001,4,0.0001,10,0.0,0.0,0.0,0.0,0.0,0.0,0.0,0.0,0.0,0.001148895568347864,0.0020743394397494757,1.7319121124709866e-16,0.002171288878831901,0.0,0.0
global_sync_then_heisenberg_projection,2,2,0.001,4,0.0003,10,0.0,0.0,0.0,0.0,0.0,0.0,0.0,0.0,0.0,0.001148895568347864,0.0020743394397494757,1.7319121124709866e-16,0.002171288878831901,0.0,0.0
global_sync_then_heisenberg_projection,2,2,0.001,4,0.001,10,0.2,0.0,0.2,0.2,0.2,0.2,0.0,0.0,0.0,0.001148895568347864,0.0020743394397494757,1.7319121124709866e-16,0.002171288878831901,0.0,0.2
global_sync_then_heisenberg_projection,2,2,0.001,4,0.003,10,1.0,0.0,1.0,1.0,1.0,1.0,0.0,0.0,0.0,0.001148895568347864,0.0020743394397494757,1.7319121124709866e-16,0.002171288878831901,0.0,1.0
global_sync_then_heisenberg_projection,2,2,0.001,4,0.01,10,1.0,0.0,1.0,1.0,1.0,1.0,0.0,0.0,0.0,0.001148895568347864,0.0020743394397494757,1.7319121124709866e-16,0.002171288878831901,0.0,1.0
global_sync_then_heisenberg_projection,2,2,0.003,2,0.0001,10,0.0,0.0,0.0,0.0,0.0,0.0,0.0,0.0,0.0,0.0034473334727568236,0.006220460208829187,1.7319121124709866e-16,0.009253904464330245,0.0,0.0
global_sync_then_heisenberg_projection,2,2,0.003,2,0.0003,10,0.0,0.0,0.0,0.0,0.0,0.0,0.0,0.0,0.0,0.0034473334727568236,0.006220460208829187,1.7319121124709866e-16,0.009253904464330245,0.0,0.0
global_sync_then_heisenberg_projection,2,2,0.003,2,0.001,10,0.0,0.0,0.0,0.0,0.0,0.0,0.0,0.0,0.0,0.0034473334727568236,0.006220460208829187,1.7319121124709866e-16,0.009253904464330245,0.0,0.0
global_sync_then_heisenberg_projection,2,2,0.003,2,0.003,10,0.2,0.0,0.2,0.2,0.2,0.0,0.0,0.0,0.2,0.0034473334727568236,0.006220460208829187,1.7319121124709866e-16,0.009253904464330245,0.0,0.2
global_sync_then_heisenberg_projection,2,2,0.003,2,0.01,10,1.0,0.0,1.0,1.0,1.0,0.0,0.0,0.0,1.0,0.0034473334727568236,0.006220460208829187,1.7319121124709866e-16,0.009253904464330245,0.0,1.0
global_sync_then_heisenberg_projection,2,2,0.003,4,0.0001,10,0.0,0.0,0.0,0.0,0.0,0.0,0.0,0.0,0.0,0.0034473334727568236,0.006220460208829187,1.7319121124709866e-16,0.009253904464330245,0.0,0.0
global_sync_then_heisenberg_projection,2,2,0.003,4,0.0003,10,0.0,0.0,0.0,0.0,0.0,0.0,0.0,0.0,0.0,0.0034473334727568236,0.006220460208829187,1.7319121124709866e-16,0.009253904464330245,0.0,0.0
global_sync_then_heisenberg_projection,2,2,0.003,4,0.001,10,0.0,0.0,0.0,0.0,0.0,0.0,0.0,0.0,0.0,0.0034473334727568236,0.006220460208829187,1.7319121124709866e-16,0.009253904464330245,0.0,0.0
global_sync_then_heisenberg_projection,2,2,0.003,4,0.003,10,0.2,0.0,0.2,0.2,0.2,0.2,0.0,0.0,0.0,0.0034473334727568236,0.006220460208829187,1.7319121124709866e-16,0.009253904464330245,0.0,0.2
global_sync_then_heisenberg_projection,2,2,0.003,4,0.01,10,1.0,0.0,1.0,1.0,1.0,1.0,0.0,0.0,0.0,0.0034473334727568236,0.006220460208829187,1.7319121124709866e-16,0.009253904464330245,0.0,1.0
global_sync_then_heisenberg_projection,2,2,0.01,2,0.0001,10,0.0,0.0,0.0,0.0,0.0,0.0,0.0,0.0,0.0,0.01119589248046937,0.02022020716657682,1.7319121124709866e-16,0.07132852815158024,0.0,0.0
global_sync_then_heisenberg_projection,2,2,0.01,2,0.0003,10,0.0,0.0,0.0,0.0,0.0,0.0,0.0,0.0,0.0,0.01119589248046937,0.02022020716657682,1.7319121124709866e-16,0.07132852815158024,0.0,0.0
global_sync_then_heisenberg_projection,2,2,0.01,2,0.001,10,0.0,0.0,0.0,0.0,0.0,0.0,0.0,0.0,0.0,0.01119589248046937,0.02022020716657682,1.7319121124709866e-16,0.07132852815158024,0.0,0.0
global_sync_then_heisenberg_projection,2,2,0.01,2,0.003,10,0.0,0.0,0.0,0.0,0.0,0.0,0.0,0.0,0.0,0.01119589248046937,0.02022020716657682,1.7319121124709866e-16,0.07132852815158024,0.0,0.0
global_sync_then_heisenberg_projection,2,2,0.01,2,0.01,10,0.3,0.0,0.3,0.3,0.3,0.0,0.0,0.0,0.3,0.01119589248046937,0.02022020716657682,1.7319121124709866e-16,0.07132852815158024,0.0,0.3
global_sync_then_heisenberg_projection,2,2,0.01,4,0.0001,10,0.0,0.0,0.0,0.0,0.0,0.0,0.0,0.0,0.0,0.01119589248046937,0.02022020716657682,1.7319121124709866e-16,0.07132852815158024,0.0,0.0
global_sync_then_heisenberg_projection,2,2,0.01,4,0.0003,10,0.0,0.0,0.0,0.0,0.0,0.0,0.0,0.0,0.0,0.01119589248046937,0.02022020716657682,1.7319121124709866e-16,0.07132852815158024,0.0,0.0
global_sync_then_heisenberg_projection,2,2,0.01,4,0.001,10,0.0,0.0,0.0,0.0,0.0,0.0,0.0,0.0,0.0,0.01119589248046937,0.02022020716657682,1.7319121124709866e-16,0.07132852815158024,0.0,0.0
global_sync_then_heisenberg_projection,2,2,0.01,4,0.003,10,0.0,0.0,0.0,0.0,0.0,0.0,0.0,0.0,0.0,0.01119589248046937,0.02022020716657682,1.7319121124709866e-16,0.07132852815158024,0.0,0.0
global_sync_then_heisenberg_projection,2,2,0.01,4,0.01,10,0.3,0.0,0.3,0.3,0.3,0.3,0.0,0.0,0.0,0.01119589248046937,0.02022020716657682,1.7319121124709866e-16,0.07132852815158024,0.0,0.3
global_sync_then_heisenberg_projection,2,2,0.03,2,0.0001,10,0.0,0.0,0.0,0.0,0.0,0.0,0.0,0.0,0.0,0.02701390794040421,0.04907821848274222,1.7319121124709866e-16,0.3375130506867504,0.0,0.0
global_sync_then_heisenberg_projection,2,2,0.03,2,0.0003,10,0.0,0.0,0.0,0.0,0.0,0.0,0.0,0.0,0.0,0.02701390794040421,0.04907821848274222,1.7319121124709866e-16,0.3375130506867504,0.0,0.0
global_sync_then_heisenberg_projection,2,2,0.03,2,0.001,10,0.0,0.0,0.0,0.0,0.0,0.0,0.0,0.0,0.0,0.02701390794040421,0.04907821848274222,1.7319121124709866e-16,0.3375130506867504,0.0,0.0
global_sync_then_heisenberg_projection,2,2,0.03,2,0.003,10,0.0,0.0,0.0,0.0,0.0,0.0,0.0,0.0,0.0,0.02701390794040421,0.04907821848274222,1.7319121124709866e-16,0.3375130506867504,0.0,0.0
global_sync_then_heisenberg_projection,2,2,0.03,2,0.01,10,0.0,0.0,0.0,0.0,0.0,0.0,0.0,0.0,0.0,0.02701390794040421,0.04907821848274222,1.7319121124709866e-16,0.3375130506867504,0.0,0.0
global_sync_then_heisenberg_projection,2,2,0.03,4,0.0001,10,0.0,0.0,0.0,0.0,0.0,0.0,0.0,0.0,0.0,0.02701390794040421,0.04907821848274222,1.7319121124709866e-16,0.3375130506867504,0.0,0.0
global_sync_then_heisenberg_projection,2,2,0.03,4,0.0003,10,0.0,0.0,0.0,0.0,0.0,0.0,0.0,0.0,0.0,0.02701390794040421,0.04907821848274222,1.7319121124709866e-16,0.3375130506867504,0.0,0.0
global_sync_then_heisenberg_projection,2,2,0.03,4,0.001,10,0.0,0.0,0.0,0.0,0.0,0.0,0.0,0.0,0.0,0.02701390794040421,0.04907821848274222,1.7319121124709866e-16,0.3375130506867504,0.0,0.0
global_sync_then_heisenberg_projection,2,2,0.03,4,0.003,10,0.0,0.0,0.0,0.0,0.0,0.0,0.0,0.0,0.0,0.02701390794040421,0.04907821848274222,1.7319121124709866e-16,0.3375130506867504,0.0,0.0
global_sync_then_heisenberg_projection,2,2,0.03,4,0.01,10,0.0,0.0,0.0,0.0,0.0,0.0,0.0,0.0,0.0,0.02701390794040421,0.04907821848274222,1.7319121124709866e-16,0.3375130506867504,0.0,0.0
global_sync_then_heisenberg_projection,2,2,0.05,2,0.0001,10,0.0,0.0,0.0,0.0,0.0,0.0,0.0,0.0,0.0,0.03430534509072129,0.061596187217428724,1.7319121124709866e-16,0.5022602114537393,0.0,0.0
global_sync_then_heisenberg_projection,2,2,0.05,2,0.0003,10,0.0,0.0,0.0,0.0,0.0,0.0,0.0,0.0,0.0,0.03430534509072129,0.061596187217428724,1.7319121124709866e-16,0.5022602114537393,0.0,0.0
global_sync_then_heisenberg_projection,2,2,0.05,2,0.001,10,0.0,0.0,0.0,0.0,0.0,0.0,0.0,0.0,0.0,0.03430534509072129,0.061596187217428724,1.7319121124709866e-16,0.5022602114537393,0.0,0.0
global_sync_then_heisenberg_projection,2,2,0.05,2,0.003,10,0.0,0.0,0.0,0.0,0.0,0.0,0.0,0.0,0.0,0.03430534509072129,0.061596187217428724,1.7319121124709866e-16,0.5022602114537393,0.0,0.0
global_sync_then_heisenberg_projection,2,2,0.05,2,0.01,10,0.0,0.0,0.0,0.0,0.0,0.0,0.0,0.0,0.0,0.03430534509072129,0.061596187217428724,1.7319121124709866e-16,0.5022602114537393,0.0,0.0
global_sync_then_heisenberg_projection,2,2,0.05,4,0.0001,10,0.0,0.0,0.0,0.0,0.0,0.0,0.0,0.0,0.0,0.03430534509072129,0.061596187217428724,1.7319121124709866e-16,0.5022602114537393,0.0,0.0
global_sync_then_heisenberg_projection,2,2,0.05,4,0.0003,10,0.0,0.0,0.0,0.0,0.0,0.0,0.0,0.0,0.0,0.03430534509072129,0.061596187217428724,1.7319121124709866e-16,0.5022602114537393,0.0,0.0
global_sync_then_heisenberg_projection,2,2,0.05,4,0.001,10,0.0,0.0,0.0,0.0,0.0,0.0,0.0,0.0,0.0,0.03430534509072129,0.061596187217428724,1.7319121124709866e-16,0.5022602114537393,0.0,0.0
global_sync_then_heisenberg_projection,2,2,0.05,4,0.003,10,0.0,0.0,0.0,0.0,0.0,0.0,0.0,0.0,0.0,0.03430534509072129,0.061596187217428724,1.7319121124709866e-16,0.5022602114537393,0.0,0.0
global_sync_then_heisenberg_projection,2,2,0.05,4,0.01,10,0.0,0.0,0.0,0.0,0.0,0.0,0.0,0.0,0.0,0.03430534509072129,0.061596187217428724,1.7319121124709866e-16,0.5022602114537393,0.0,0.0
global_sync_then_heisenberg_projection,3,2,0.0,3,0.0001,10,1.0,1.0,1.0,1.0,1.0,0.0,0.0,0.0,1.0,1.84469334057511e-15,3.3371356814700514e-15,5.715222817774257e-16,9.449294274397756e-11,0.0,0.0
global_sync_then_heisenberg_projection,3,2,0.0,3,0.0003,10,1.0,1.0,1.0,1.0,1.0,0.0,0.0,0.0,1.0,1.84469334057511e-15,3.3371356814700514e-15,5.715222817774257e-16,9.449294274397756e-11,0.0,0.0
global_sync_then_heisenberg_projection,3,2,0.0,3,0.001,10,1.0,1.0,1.0,1.0,1.0,0.0,0.0,0.0,1.0,1.84469334057511e-15,3.3371356814700514e-15,5.715222817774257e-16,9.449294274397756e-11,0.0,0.0
global_sync_then_heisenberg_projection,3,2,0.0,3,0.003,10,1.0,1.0,1.0,1.0,1.0,0.0,0.0,0.0,1.0,1.84469334057511e-15,3.3371356814700514e-15,5.715222817774257e-16,9.449294274397756e-11,0.0,0.0
global_sync_then_heisenberg_projection,3,2,0.0,3,0.01,10,1.0,1.0,1.0,1.0,1.0,0.0,0.0,0.0,1.0,1.84469334057511e-15,3.3371356814700514e-15,5.715222817774257e-16,9.449294274397756e-11,0.0,0.0
global_sync_then_heisenberg_projection,3,2,0.0,6,0.0001,10,1.0,1.0,1.0,1.0,1.0,0.0,0.0,0.0,1.0,1.84469334057511e-15,3.3371356814700514e-15,5.715222817774257e-16,9.449294274397756e-11,0.0,0.0
global_sync_then_heisenberg_projection,3,2,0.0,6,0.0003,10,1.0,1.0,1.0,1.0,1.0,0.0,0.0,0.0,1.0,1.84469334057511e-15,3.3371356814700514e-15,5.715222817774257e-16,9.449294274397756e-11,0.0,0.0
global_sync_then_heisenberg_projection,3,2,0.0,6,0.001,10,1.0,1.0,1.0,1.0,1.0,0.0,0.0,0.0,1.0,1.84469334057511e-15,3.3371356814700514e-15,5.715222817774257e-16,9.449294274397756e-11,0.0,0.0
global_sync_then_heisenberg_projection,3,2,0.0,6,0.003,10,1.0,1.0,1.0,1.0,1.0,0.0,0.0,0.0,1.0,1.84469334057511e-15,3.3371356814700514e-15,5.715222817774257e-16,9.449294274397756e-11,0.0,0.0
global_sync_then_heisenberg_projection,3,2,0.0,6,0.01,10,1.0,1.0,1.0,1.0,1.0,0.0,0.0,0.0,1.0,1.84469334057511e-15,3.3371356814700514e-15,5.715222817774257e-16,9.449294274397756e-11,0.0,0.0
global_sync_then_heisenberg_projection,3,2,0.0,9,0.0001,10,1.0,1.0,1.0,1.0,1.0,1.0,0.0,0.0,0.0,1.84469334057511e-15,3.3371356814700514e-15,5.715222817774257e-16,9.449294274397756e-11,0.0,0.0
global_sync_then_heisenberg_projection,3,2,0.0,9,0.0003,10,1.0,1.0,1.0,1.0,1.0,1.0,0.0,0.0,0.0,1.84469334057511e-15,3.3371356814700514e-15,5.715222817774257e-16,9.449294274397756e-11,0.0,0.0
global_sync_then_heisenberg_projection,3,2,0.0,9,0.001,10,1.0,1.0,1.0,1.0,1.0,1.0,0.0,0.0,0.0,1.84469334057511e-15,3.3371356814700514e-15,5.715222817774257e-16,9.449294274397756e-11,0.0,0.0
global_sync_then_heisenberg_projection,3,2,0.0,9,0.003,10,1.0,1.0,1.0,1.0,1.0,1.0,0.0,0.0,0.0,1.84469334057511e-15,3.3371356814700514e-15,5.715222817774257e-16,9.449294274397756e-11,0.0,0.0
global_sync_then_heisenberg_projection,3,2,0.0,9,0.01,10,1.0,1.0,1.0,1.0,1.0,1.0,0.0,0.0,0.0,1.84469334057511e-15,3.3371356814700514e-15,5.715222817774257e-16,9.449294274397756e-11,0.0,0.0
global_sync_then_heisenberg_projection,3,2,0.0001,3,0.0001,10,1.0,1.0,1.0,1.0,1.0,0.0,0.0,0.0,1.0,2.227804842257692e-05,3.908661830557862e-05,5.715222817774257e-16,4.116013021200186e-05,0.0,0.0
global_sync_then_heisenberg_projection,3,2,0.0001,3,0.0003,10,1.0,1.0,1.0,1.0,1.0,0.0,0.0,0.0,1.0,2.227804842257692e-05,3.908661830557862e-05,5.715222817774257e-16,4.116013021200186e-05,0.0,0.0
global_sync_then_heisenberg_projection,3,2,0.0001,3,0.001,10,1.0,1.0,1.0,1.0,1.0,0.0,0.0,0.0,1.0,2.227804842257692e-05,3.908661830557862e-05,5.715222817774257e-16,4.116013021200186e-05,0.0,0.0
global_sync_then_heisenberg_projection,3,2,0.0001,3,0.003,10,1.0,1.0,1.0,1.0,1.0,0.0,0.0,0.0,1.0,2.227804842257692e-05,3.908661830557862e-05,5.715222817774257e-16,4.116013021200186e-05,0.0,0.0
global_sync_then_heisenberg_projection,3,2,0.0001,3,0.01,10,1.0,1.0,1.0,1.0,1.0,0.0,0.0,0.0,1.0,2.227804842257692e-05,3.908661830557862e-05,5.715222817774257e-16,4.116013021200186e-05,0.0,0.0
global_sync_then_heisenberg_projection,3,2,0.0001,6,0.0001,10,1.0,1.0,1.0,1.0,1.0,0.0,0.0,0.0,1.0,2.227804842257692e-05,3.908661830557862e-05,5.715222817774257e-16,4.116013021200186e-05,0.0,0.0
global_sync_then_heisenberg_projection,3,2,0.0001,6,0.0003,10,1.0,1.0,1.0,1.0,1.0,0.0,0.0,0.0,1.0,2.227804842257692e-05,3.908661830557862e-05,5.715222817774257e-16,4.116013021200186e-05,0.0,0.0
global_sync_then_heisenberg_projection,3,2,0.0001,6,0.001,10,1.0,1.0,1.0,1.0,1.0,0.0,0.0,0.0,1.0,2.227804842257692e-05,3.908661830557862e-05,5.715222817774257e-16,4.116013021200186e-05,0.0,0.0
global_sync_then_heisenberg_projection,3,2,0.0001,6,0.003,10,1.0,1.0,1.0,1.0,1.0,0.0,0.0,0.0,1.0,2.227804842257692e-05,3.908661830557862e-05,5.715222817774257e-16,4.116013021200186e-05,0.0,0.0
global_sync_then_heisenberg_projection,3,2,0.0001,6,0.01,10,1.0,1.0,1.0,1.0,1.0,0.0,0.0,0.0,1.0,2.227804842257692e-05,3.908661830557862e-05,5.715222817774257e-16,4.116013021200186e-05,0.0,0.0
global_sync_then_heisenberg_projection,3,2,0.0001,9,0.0001,10,1.0,1.0,1.0,1.0,1.0,1.0,0.0,0.0,0.0,2.227804842257692e-05,3.908661830557862e-05,5.715222817774257e-16,4.116013021200186e-05,0.0,0.0
global_sync_then_heisenberg_projection,3,2,0.0001,9,0.0003,10,1.0,1.0,1.0,1.0,1.0,1.0,0.0,0.0,0.0,2.227804842257692e-05,3.908661830557862e-05,5.715222817774257e-16,4.116013021200186e-05,0.0,0.0
global_sync_then_heisenberg_projection,3,2,0.0001,9,0.001,10,1.0,1.0,1.0,1.0,1.0,1.0,0.0,0.0,0.0,2.227804842257692e-05,3.908661830557862e-05,5.715222817774257e-16,4.116013021200186e-05,0.0,0.0
global_sync_then_heisenberg_projection,3,2,0.0001,9,0.003,10,1.0,1.0,1.0,1.0,1.0,1.0,0.0,0.0,0.0,2.227804842257692e-05,3.908661830557862e-05,5.715222817774257e-16,4.116013021200186e-05,0.0,0.0
global_sync_then_heisenberg_projection,3,2,0.0001,9,0.01,10,1.0,1.0,1.0,1.0,1.0,1.0,0.0,0.0,0.0,2.227804842257692e-05,3.908661830557862e-05,5.715222817774257e-16,4.116013021200186e-05,0.0,0.0
global_sync_then_heisenberg_projection,3,2,0.0003,3,0.0001,10,1.0,1.0,1.0,1.0,1.0,0.0,0.0,0.0,1.0,6.683338354147395e-05,0.00011725785805284889,5.715222817774257e-16,0.00012348201777230303,0.0,0.0
global_sync_then_heisenberg_projection,3,2,0.0003,3,0.0003,10,1.0,1.0,1.0,1.0,1.0,0.0,0.0,0.0,1.0,6.683338354147395e-05,0.00011725785805284889,5.715222817774257e-16,0.00012348201777230303,0.0,0.0
global_sync_then_heisenberg_projection,3,2,0.0003,3,0.001,10,1.0,1.0,1.0,1.0,1.0,0.0,0.0,0.0,1.0,6.683338354147395e-05,0.00011725785805284889,5.715222817774257e-16,0.00012348201777230303,0.0,0.0
global_sync_then_heisenberg_projection,3,2,0.0003,3,0.003,10,1.0,1.0,1.0,1.0,1.0,0.0,0.0,0.0,1.0,6.683338354147395e-05,0.00011725785805284889,5.715222817774257e-16,0.00012348201777230303,0.0,0.0
global_sync_then_heisenberg_projection,3,2,0.0003,3,0.01,10,1.0,1.0,1.0,1.0,1.0,0.0,0.0,0.0,1.0,6.683338354147395e-05,0.00011725785805284889,5.715222817774257e-16,0.00012348201777230303,0.0,0.0
global_sync_then_heisenberg_projection,3,2,0.0003,6,0.0001,10,1.0,1.0,1.0,1.0,1.0,0.0,0.0,0.0,1.0,6.683338354147395e-05,0.00011725785805284889,5.715222817774257e-16,0.00012348201777230303,0.0,0.0
global_sync_then_heisenberg_projection,3,2,0.0003,6,0.0003,10,1.0,1.0,1.0,1.0,1.0,0.0,0.0,0.0,1.0,6.683338354147395e-05,0.00011725785805284889,5.715222817774257e-16,0.00012348201777230303,0.0,0.0
global_sync_then_heisenberg_projection,3,2,0.0003,6,0.001,10,1.0,1.0,1.0,1.0,1.0,0.0,0.0,0.0,1.0,6.683338354147395e-05,0.00011725785805284889,5.715222817774257e-16,0.00012348201777230303,0.0,0.0
global_sync_then_heisenberg_projection,3,2,0.0003,6,0.003,10,1.0,1.0,1.0,1.0,1.0,0.0,0.0,0.0,1.0,6.683338354147395e-05,0.00011725785805284889,5.715222817774257e-16,0.00012348201777230303,0.0,0.0
global_sync_then_heisenberg_projection,3,2,0.0003,6,0.01,10,1.0,1.0,1.0,1.0,1.0,0.0,0.0,0.0,1.0,6.683338354147395e-05,0.00011725785805284889,5.715222817774257e-16,0.00012348201777230303,0.0,0.0
global_sync_then_heisenberg_projection,3,2,0.0003,9,0.0001,10,1.0,1.0,1.0,1.0,1.0,1.0,0.0,0.0,0.0,6.683338354147395e-05,0.00011725785805284889,5.715222817774257e-16,0.00012348201777230303,0.0,0.0
global_sync_then_heisenberg_projection,3,2,0.0003,9,0.0003,10,1.0,1.0,1.0,1.0,1.0,1.0,0.0,0.0,0.0,6.683338354147395e-05,0.00011725785805284889,5.715222817774257e-16,0.00012348201777230303,0.0,0.0
global_sync_then_heisenberg_projection,3,2,0.0003,9,0.001,10,1.0,1.0,1.0,1.0,1.0,1.0,0.0,0.0,0.0,6.683338354147395e-05,0.00011725785805284889,5.715222817774257e-16,0.00012348201777230303,0.0,0.0
global_sync_then_heisenberg_projection,3,2,0.0003,9,0.003,10,1.0,1.0,1.0,1.0,1.0,1.0,0.0,0.0,0.0,6.683338354147395e-05,0.00011725785805284889,5.715222817774257e-16,0.00012348201777230303,0.0,0.0
global_sync_then_heisenberg_projection,3,2,0.0003,9,0.01,10,1.0,1.0,1.0,1.0,1.0,1.0,0.0,0.0,0.0,6.683338354147395e-05,0.00011725785805284889,5.715222817774257e-16,0.00012348201777230303,0.0,0.0
global_sync_then_heisenberg_projection,3,2,0.001,3,0.0001,10,0.0,0.0,0.0,0.0,0.0,0.0,0.0,0.0,0.0,0.00022276913320034685,0.00039083637620103445,5.715222817774257e-16,0.00041169029778258286,0.0,0.0
global_sync_then_heisenberg_projection,3,2,0.001,3,0.0003,10,1.0,0.0,1.0,1.0,1.0,0.0,0.0,0.0,1.0,0.00022276913320034685,0.00039083637620103445,5.715222817774257e-16,0.00041169029778258286,0.0,1.0
global_sync_then_heisenberg_projection,3,2,0.001,3,0.001,10,1.0,0.0,1.0,1.0,1.0,0.0,0.0,0.0,1.0,0.00022276913320034685,0.00039083637620103445,5.715222817774257e-16,0.00041169029778258286,0.0,1.0
global_sync_then_heisenberg_projection,3,2,0.001,3,0.003,10,1.0,0.0,1.0,1.0,1.0,0.0,0.0,0.0,1.0,0.00022276913320034685,0.00039083637620103445,5.715222817774257e-16,0.00041169029778258286,0.0,1.0
global_sync_then_heisenberg_projection,3,2,0.001,3,0.01,10,1.0,0.0,1.0,1.0,1.0,0.0,0.0,0.0,1.0,0.00022276913320034685,0.00039083637620103445,5.715222817774257e-16,0.00041169029778258286,0.0,1.0
global_sync_then_heisenberg_projection,3,2,0.001,6,0.0001,10,0.0,0.0,0.0,0.0,0.0,0.0,0.0,0.0,0.0,0.00022276913320034685,0.00039083637620103445,5.715222817774257e-16,0.00041169029778258286,0.0,0.0
global_sync_then_heisenberg_projection,3,2,0.001,6,0.0003,10,1.0,0.0,1.0,1.0,1.0,0.0,0.0,0.0,1.0,0.00022276913320034685,0.00039083637620103445,5.715222817774257e-16,0.00041169029778258286,0.0,1.0
global_sync_then_heisenberg_projection,3,2,0.001,6,0.001,10,1.0,0.0,1.0,1.0,1.0,0.0,0.0,0.0,1.0,0.00022276913320034685,0.00039083637620103445,5.715222817774257e-16,0.00041169029778258286,0.0,1.0
global_sync_then_heisenberg_projection,3,2,0.001,6,0.003,10,1.0,0.0,1.0,1.0,1.0,0.0,0.0,0.0,1.0,0.00022276913320034685,0.00039083637620103445,5.715222817774257e-16,0.00041169029778258286,0.0,1.0
global_sync_then_heisenberg_projection,3,2,0.001,6,0.01,10,1.0,0.0,1.0,1.0,1.0,0.0,0.0,0.0,1.0,0.00022276913320034685,0.00039083637620103445,5.715222817774257e-16,0.00041169029778258286,0.0,1.0
global_sync_then_heisenberg_projection,3,2,0.001,9,0.0001,10,0.0,0.0,0.0,0.0,0.0,0.0,0.0,0.0,0.0,0.00022276913320034685,0.00039083637620103445,5.715222817774257e-16,0.00041169029778258286,0.0,0.0
global_sync_then_heisenberg_projection,3,2,0.001,9,0.0003,10,1.0,0.0,1.0,1.0,1.0,1.0,0.0,0.0,0.0,0.00022276913320034685,0.00039083637620103445,5.715222817774257e-16,0.00041169029778258286,0.0,1.0
global_sync_then_heisenberg_projection,3,2,0.001,9,0.001,10,1.0,0.0,1.0,1.0,1.0,1.0,0.0,0.0,0.0,0.00022276913320034685,0.00039083637620103445,5.715222817774257e-16,0.00041169029778258286,0.0,1.0
global_sync_then_heisenberg_projection,3,2,0.001,9,0.003,10,1.0,0.0,1.0,1.0,1.0,1.0,0.0,0.0,0.0,0.00022276913320034685,0.00039083637620103445,5.715222817774257e-16,0.00041169029778258286,0.0,1.0
global_sync_then_heisenberg_projection,3,2,0.001,9,0.01,10,1.0,0.0,1.0,1.0,1.0,1.0,0.0,0.0,0.0,0.00022276913320034685,0.00039083637620103445,5.715222817774257e-16,0.00041169029778258286,0.0,1.0
global_sync_then_heisenberg_projection,3,2,0.003,3,0.0001,10,0.0,0.0,0.0,0.0,0.0,0.0,0.0,0.0,0.0,0.0006682337944939452,0.0011723144515361377,5.715222817774257e-16,0.0012374450023130777,0.0,0.0
global_sync_then_heisenberg_projection,3,2,0.003,3,0.0003,10,0.0,0.0,0.0,0.0,0.0,0.0,0.0,0.0,0.0,0.0006682337944939452,0.0011723144515361377,5.715222817774257e-16,0.0012374450023130777,0.0,0.0
global_sync_then_heisenberg_projection,3,2,0.003,3,0.001,10,1.0,0.0,1.0,1.0,1.0,0.0,0.0,0.0,1.0,0.0006682337944939452,0.0011723144515361377,5.715222817774257e-16,0.0012374450023130777,0.0,1.0
global_sync_then_heisenberg_projection,3,2,0.003,3,0.003,10,1.0,0.0,1.0,1.0,1.0,0.0,0.0,0.0,1.0,0.0006682337944939452,0.0011723144515361377,5.715222817774257e-16,0.0012374450023130777,0.0,1.0
global_sync_then_heisenberg_projection,3,2,0.003,3,0.01,10,1.0,0.0,1.0,1.0,1.0,0.0,0.0,0.0,1.0,0.0006682337944939452,0.0011723144515361377,5.715222817774257e-16,0.0012374450023130777,0.0,1.0
global_sync_then_heisenberg_projection,3,2,0.003,6,0.0001,10,0.0,0.0,0.0,0.0,0.0,0.0,0.0,0.0,0.0,0.0006682337944939452,0.0011723144515361377,5.715222817774257e-16,0.0012374450023130777,0.0,0.0
global_sync_then_heisenberg_projection,3,2,0.003,6,0.0003,10,0.0,0.0,0.0,0.0,0.0,0.0,0.0,0.0,0.0,0.0006682337944939452,0.0011723144515361377,5.715222817774257e-16,0.0012374450023130777,0.0,0.0
global_sync_then_heisenberg_projection,3,2,0.003,6,0.001,10,1.0,0.0,1.0,1.0,1.0,0.0,0.0,0.0,1.0,0.0006682337944939452,0.0011723144515361377,5.715222817774257e-16,0.0012374450023130777,0.0,1.0
global_sync_then_heisenberg_projection,3,2,0.003,6,0.003,10,1.0,0.0,1.0,1.0,1.0,0.0,0.0,0.0,1.0,0.0006682337944939452,0.0011723144515361377,5.715222817774257e-16,0.0012374450023130777,0.0,1.0
global_sync_then_heisenberg_projection,3,2,0.003,6,0.01,10,1.0,0.0,1.0,1.0,1.0,0.0,0.0,0.0,1.0,0.0006682337944939452,0.0011723144515361377,5.715222817774257e-16,0.0012374450023130777,0.0,1.0
global_sync_then_heisenberg_projection,3,2,0.003,9,0.0001,10,0.0,0.0,0.0,0.0,0.0,0.0,0.0,0.0,0.0,0.0006682337944939452,0.0011723144515361377,5.715222817774257e-16,0.0012374450023130777,0.0,0.0
global_sync_then_heisenberg_projection,3,2,0.003,9,0.0003,10,0.0,0.0,0.0,0.0,0.0,0.0,0.0,0.0,0.0,0.0006682337944939452,0.0011723144515361377,5.715222817774257e-16,0.0012374450023130777,0.0,0.0
global_sync_then_heisenberg_projection,3,2,0.003,9,0.001,10,1.0,0.0,1.0,1.0,1.0,1.0,0.0,0.0,0.0,0.0006682337944939452,0.0011723144515361377,5.715222817774257e-16,0.0012374450023130777,0.0,1.0
global_sync_then_heisenberg_projection,3,2,0.003,9,0.003,10,1.0,0.0,1.0,1.0,1.0,1.0,0.0,0.0,0.0,0.0006682337944939452,0.0011723144515361377,5.715222817774257e-16,0.0012374450023130777,0.0,1.0
global_sync_then_heisenberg_projection,3,2,0.003,9,0.01,10,1.0,0.0,1.0,1.0,1.0,1.0,0.0,0.0,0.0,0.0006682337944939452,0.0011723144515361377,5.715222817774257e-16,0.0012374450023130777,0.0,1.0
global_sync_then_heisenberg_projection,3,2,0.01,3,0.0001,10,0.0,0.0,0.0,0.0,0.0,0.0,0.0,0.0,0.0,0.0022266622541631,0.003905589781637902,5.715222817774257e-16,0.004215737047894785,0.0,0.0
global_sync_then_heisenberg_projection,3,2,0.01,3,0.0003,10,0.0,0.0,0.0,0.0,0.0,0.0,0.0,0.0,0.0,0.0022266622541631,0.003905589781637902,5.715222817774257e-16,0.004215737047894785,0.0,0.0
global_sync_then_heisenberg_projection,3,2,0.01,3,0.001,10,0.0,0.0,0.0,0.0,0.0,0.0,0.0,0.0,0.0,0.0022266622541631,0.003905589781637902,5.715222817774257e-16,0.004215737047894785,0.0,0.0
global_sync_then_heisenberg_projection,3,2,0.01,3,0.003,10,1.0,0.0,1.0,1.0,1.0,0.0,0.0,0.0,1.0,0.0022266622541631,0.003905589781637902,5.715222817774257e-16,0.004215737047894785,0.0,1.0
global_sync_then_heisenberg_projection,3,2,0.01,3,0.01,10,1.0,0.0,1.0,1.0,1.0,0.0,0.0,0.0,1.0,0.0022266622541631,0.003905589781637902,5.715222817774257e-16,0.004215737047894785,0.0,1.0
global_sync_then_heisenberg_projection,3,2,0.01,6,0.0001,10,0.0,0.0,0.0,0.0,0.0,0.0,0.0,0.0,0.0,0.0022266622541631,0.003905589781637902,5.715222817774257e-16,0.004215737047894785,0.0,0.0
global_sync_then_heisenberg_projection,3,2,0.01,6,0.0003,10,0.0,0.0,0.0,0.0,0.0,0.0,0.0,0.0,0.0,0.0022266622541631,0.003905589781637902,5.715222817774257e-16,0.004215737047894785,0.0,0.0
global_sync_then_heisenberg_projection,3,2,0.01,6,0.001,10,0.0,0.0,0.0,0.0,0.0,0.0,0.0,0.0,0.0,0.0022266622541631,0.003905589781637902,5.715222817774257e-16,0.004215737047894785,0.0,0.0
global_sync_then_heisenberg_projection,3,2,0.01,6,0.003,10,1.0,0.0,1.0,1.0,1.0,0.0,0.0,0.0,1.0,0.0022266622541631,0.003905589781637902,5.715222817774257e-16,0.004215737047894785,0.0,1.0
global_sync_then_heisenberg_projection,3,2,0.01,6,0.01,10,1.0,0.0,1.0,1.0,1.0,0.0,0.0,0.0,1.0,0.0022266622541631,0.003905589781637902,5.715222817774257e-16,0.004215737047894785,0.0,1.0
global_sync_then_heisenberg_projection,3,2,0.01,9,0.0001,10,0.0,0.0,0.0,0.0,0.0,0.0,0.0,0.0,0.0,0.0022266622541631,0.003905589781637902,5.715222817774257e-16,0.004215737047894785,0.0,0.0
global_sync_then_heisenberg_projection,3,2,0.01,9,0.0003,10,0.0,0.0,0.0,0.0,0.0,0.0,0.0,0.0,0.0,0.0022266622541631,0.003905589781637902,5.715222817774257e-16,0.004215737047894785,0.0,0.0
global_sync_then_heisenberg_projection,3,2,0.01,9,0.001,10,0.0,0.0,0.0,0.0,0.0,0.0,0.0,0.0,0.0,0.0022266622541631,0.003905589781637902,5.715222817774257e-16,0.004215737047894785,0.0,0.0
global_sync_then_heisenberg_projection,3,2,0.01,9,0.003,10,1.0,0.0,1.0,1.0,1.0,1.0,0.0,0.0,0.0,0.0022266622541631,0.003905589781637902,5.715222817774257e-16,0.004215737047894785,0.0,1.0
global_sync_then_heisenberg_projection,3,2,0.01,9,0.01,10,1.0,0.0,1.0,1.0,1.0,1.0,0.0,0.0,0.0,0.0022266622541631,0.003905589781637902,5.715222817774257e-16,0.004215737047894785,0.0,1.0
global_sync_then_heisenberg_projection,3,2,0.03,3,0.0001,10,0.0,0.0,0.0,0.0,0.0,0.0,0.0,0.0,0.0,0.006678131413241974,0.011702331329797666,5.715222817774257e-16,0.014809999486696293,0.0,0.0
global_sync_then_heisenberg_projection,3,2,0.03,3,0.0003,10,0.0,0.0,0.0,0.0,0.0,0.0,0.0,0.0,0.0,0.006678131413241974,0.011702331329797666,5.715222817774257e-16,0.014809999486696293,0.0,0.0
global_sync_then_heisenberg_projection,3,2,0.03,3,0.001,10,0.0,0.0,0.0,0.0,0.0,0.0,0.0,0.0,0.0,0.006678131413241974,0.011702331329797666,5.715222817774257e-16,0.014809999486696293,0.0,0.0
global_sync_then_heisenberg_projection,3,2,0.03,3,0.003,10,0.0,0.0,0.0,0.0,0.0,0.0,0.0,0.0,0.0,0.006678131413241974,0.011702331329797666,5.715222817774257e-16,0.014809999486696293,0.0,0.0
global_sync_then_heisenberg_projection,3,2,0.03,3,0.01,10,1.0,0.0,1.0,1.0,1.0,0.0,0.0,0.0,1.0,0.006678131413241974,0.011702331329797666,5.715222817774257e-16,0.014809999486696293,0.0,1.0
global_sync_then_heisenberg_projection,3,2,0.03,6,0.0001,10,0.0,0.0,0.0,0.0,0.0,0.0,0.0,0.0,0.0,0.006678131413241974,0.011702331329797666,5.715222817774257e-16,0.014809999486696293,0.0,0.0
global_sync_then_heisenberg_projection,3,2,0.03,6,0.0003,10,0.0,0.0,0.0,0.0,0.0,0.0,0.0,0.0,0.0,0.006678131413241974,0.011702331329797666,5.715222817774257e-16,0.014809999486696293,0.0,0.0
global_sync_then_heisenberg_projection,3,2,0.03,6,0.001,10,0.0,0.0,0.0,0.0,0.0,0.0,0.0,0.0,0.0,0.006678131413241974,0.011702331329797666,5.715222817774257e-16,0.014809999486696293,0.0,0.0
global_sync_then_heisenberg_projection,3,2,0.03,6,0.003,10,0.0,0.0,0.0,0.0,0.0,0.0,0.0,0.0,0.0,0.006678131413241974,0.011702331329797666,5.715222817774257e-16,0.014809999486696293,0.0,0.0
global_sync_then_heisenberg_projection,3,2,0.03,6,0.01,10,1.0,0.0,1.0,1.0,1.0,0.0,0.0,0.0,1.0,0.006678131413241974,0.011702331329797666,5.715222817774257e-16,0.014809999486696293,0.0,1.0
global_sync_then_heisenberg_projection,3,2,0.03,9,0.0001,10,0.0,0.0,0.0,0.0,0.0,0.0,0.0,0.0,0.0,0.006678131413241974,0.011702331329797666,5.715222817774257e-16,0.014809999486696293,0.0,0.0
global_sync_then_heisenberg_projection,3,2,0.03,9,0.0003,10,0.0,0.0,0.0,0.0,0.0,0.0,0.0,0.0,0.0,0.006678131413241974,0.011702331329797666,5.715222817774257e-16,0.014809999486696293,0.0,0.0
global_sync_then_heisenberg_projection,3,2,0.03,9,0.001,10,0.0,0.0,0.0,0.0,0.0,0.0,0.0,0.0,0.0,0.006678131413241974,0.011702331329797666,5.715222817774257e-16,0.014809999486696293,0.0,0.0
global_sync_then_heisenberg_projection,3,2,0.03,9,0.003,10,0.0,0.0,0.0,0.0,0.0,0.0,0.0,0.0,0.0,0.006678131413241974,0.011702331329797666,5.715222817774257e-16,0.014809999486696293,0.0,0.0
global_sync_then_heisenberg_projection,3,2,0.03,9,0.01,10,1.0,0.0,1.0,1.0,1.0,1.0,0.0,0.0,0.0,0.006678131413241974,0.011702331329797666,5.715222817774257e-16,0.014809999486696293,0.0,1.0
global_sync_then_heisenberg_projection,3,2,0.05,3,0.0001,10,0.0,0.0,0.0,0.0,0.0,0.0,0.0,0.0,0.0,0.01113324820496104,0.019489299161433556,5.715222817774257e-16,0.030412004403691052,0.0,0.0
global_sync_then_heisenberg_projection,3,2,0.05,3,0.0003,10,0.0,0.0,0.0,0.0,0.0,0.0,0.0,0.0,0.0,0.01113324820496104,0.019489299161433556,5.715222817774257e-16,0.030412004403691052,0.0,0.0
global_sync_then_heisenberg_projection,3,2,0.05,3,0.001,10,0.0,0.0,0.0,0.0,0.0,0.0,0.0,0.0,0.0,0.01113324820496104,0.019489299161433556,5.715222817774257e-16,0.030412004403691052,0.0,0.0
global_sync_then_heisenberg_projection,3,2,0.05,3,0.003,10,0.0,0.0,0.0,0.0,0.0,0.0,0.0,0.0,0.0,0.01113324820496104,0.019489299161433556,5.715222817774257e-16,0.030412004403691052,0.0,0.0
global_sync_then_heisenberg_projection,3,2,0.05,3,0.01,10,0.1,0.0,0.1,0.1,0.1,0.0,0.0,0.0,0.1,0.01113324820496104,0.019489299161433556,5.715222817774257e-16,0.030412004403691052,0.0,0.1
global_sync_then_heisenberg_projection,3,2,0.05,6,0.0001,10,0.0,0.0,0.0,0.0,0.0,0.0,0.0,0.0,0.0,0.01113324820496104,0.019489299161433556,5.715222817774257e-16,0.030412004403691052,0.0,0.0
global_sync_then_heisenberg_projection,3,2,0.05,6,0.0003,10,0.0,0.0,0.0,0.0,0.0,0.0,0.0,0.0,0.0,0.01113324820496104,0.019489299161433556,5.715222817774257e-16,0.030412004403691052,0.0,0.0
global_sync_then_heisenberg_projection,3,2,0.05,6,0.001,10,0.0,0.0,0.0,0.0,0.0,0.0,0.0,0.0,0.0,0.01113324820496104,0.019489299161433556,5.715222817774257e-16,0.030412004403691052,0.0,0.0
global_sync_then_heisenberg_projection,3,2,0.05,6,0.003,10,0.0,0.0,0.0,0.0,0.0,0.0,0.0,0.0,0.0,0.01113324820496104,0.019489299161433556,5.715222817774257e-16,0.030412004403691052,0.0,0.0
global_sync_then_heisenberg_projection,3,2,0.05,6,0.01,10,0.1,0.0,0.1,0.1,0.1,0.0,0.0,0.0,0.1,0.01113324820496104,0.019489299161433556,5.715222817774257e-16,0.030412004403691052,0.0,0.1
global_sync_then_heisenberg_projection,3,2,0.05,9,0.0001,10,0.0,0.0,0.0,0.0,0.0,0.0,0.0,0.0,0.0,0.01113324820496104,0.019489299161433556,5.715222817774257e-16,0.030412004403691052,0.0,0.0
global_sync_then_heisenberg_projection,3,2,0.05,9,0.0003,10,0.0,0.0,0.0,0.0,0.0,0.0,0.0,0.0,0.0,0.01113324820496104,0.019489299161433556,5.715222817774257e-16,0.030412004403691052,0.0,0.0
global_sync_then_heisenberg_projection,3,2,0.05,9,0.001,10,0.0,0.0,0.0,0.0,0.0,0.0,0.0,0.0,0.0,0.01113324820496104,0.019489299161433556,5.715222817774257e-16,0.030412004403691052,0.0,0.0
global_sync_then_heisenberg_projection,3,2,0.05,9,0.003,10,0.0,0.0,0.0,0.0,0.0,0.0,0.0,0.0,0.0,0.01113324820496104,0.019489299161433556,5.715222817774257e-16,0.030412004403691052,0.0,0.0
global_sync_then_heisenberg_projection,3,2,0.05,9,0.01,10,0.1,0.0,0.1,0.1,0.1,0.1,0.0,0.0,0.0,0.01113324820496104,0.019489299161433556,5.715222817774257e-16,0.030412004403691052,0.0,0.1
nearest_heisenberg_projection,2,2,-1.0,4,0.0001,40,0.0,0.25,0.0,0.0,0.0,0.0,0.0,0.0,0.0,inf,1.0015741844293644,2.727739788796804e-16,2.584054701819645,0.0,0.0
nearest_heisenberg_projection,2,2,-1.0,4,0.0003,40,0.0,0.25,0.0,0.0,0.0,0.0,0.0,0.0,0.0,inf,1.0015741844293644,2.727739788796804e-16,2.584054701819645,0.0,0.0
nearest_heisenberg_projection,2,2,-1.0,4,0.001,40,0.0,0.25,0.0,0.0,0.0,0.0,0.0,0.0,0.0,inf,1.0015741844293644,2.727739788796804e-16,2.584054701819645,0.0,0.0
nearest_heisenberg_projection,2,2,-1.0,4,0.003,40,0.0,0.25,0.0,0.0,0.0,0.0,0.0,0.0,0.0,inf,1.0015741844293644,2.727739788796804e-16,2.584054701819645,0.0,0.0
nearest_heisenberg_projection,2,2,-1.0,4,0.01,40,0.0,0.25,0.0,0.0,0.0,0.0,0.0,0.0,0.0,inf,1.0015741844293644,2.727739788796804e-16,2.584054701819645,0.0,0.0
nearest_heisenberg_projection,2,2,0.0,2,0.0001,10,1.0,1.0,1.0,1.0,1.0,0.0,0.0,0.0,1.0,5.502556306792427e-09,4.895927010373844e-10,1.7319121124709866e-16,7.76761993635296e-09,0.0,0.0
nearest_heisenberg_projection,2,2,0.0,2,0.0003,10,1.0,1.0,1.0,1.0,1.0,0.0,0.0,0.0,1.0,5.502556306792427e-09,4.895927010373844e-10,1.7319121124709866e-16,7.76761993635296e-09,0.0,0.0
nearest_heisenberg_projection,2,2,0.0,2,0.001,10,1.0,1.0,1.0,1.0,1.0,0.0,0.0,0.0,1.0,5.502556306792427e-09,4.895927010373844e-10,1.7319121124709866e-16,7.76761993635296e-09,0.0,0.0
nearest_heisenberg_projection,2,2,0.0,2,0.003,10,1.0,1.0,1.0,1.0,1.0,0.0,0.0,0.0,1.0,5.502556306792427e-09,4.895927010373844e-10,1.7319121124709866e-16,7.76761993635296e-09,0.0,0.0
nearest_heisenberg_projection,2,2,0.0,2,0.01,10,1.0,1.0,1.0,1.0,1.0,0.0,0.0,0.0,1.0,5.502556306792427e-09,4.895927010373844e-10,1.7319121124709866e-16,7.76761993635296e-09,0.0,0.0
nearest_heisenberg_projection,2,2,0.0,4,0.0001,10,1.0,1.0,1.0,1.0,1.0,1.0,0.0,0.0,0.0,5.502556306792427e-09,4.895927010373844e-10,1.7319121124709866e-16,7.76761993635296e-09,0.0,0.0
nearest_heisenberg_projection,2,2,0.0,4,0.0003,10,1.0,1.0,1.0,1.0,1.0,1.0,0.0,0.0,0.0,5.502556306792427e-09,4.895927010373844e-10,1.7319121124709866e-16,7.76761993635296e-09,0.0,0.0
nearest_heisenberg_projection,2,2,0.0,4,0.001,10,1.0,1.0,1.0,1.0,1.0,1.0,0.0,0.0,0.0,5.502556306792427e-09,4.895927010373844e-10,1.7319121124709866e-16,7.76761993635296e-09,0.0,0.0
nearest_heisenberg_projection,2,2,0.0,4,0.003,10,1.0,1.0,1.0,1.0,1.0,1.0,0.0,0.0,0.0,5.502556306792427e-09,4.895927010373844e-10,1.7319121124709866e-16,7.76761993635296e-09,0.0,0.0
nearest_heisenberg_projection,2,2,0.0,4,0.01,10,1.0,1.0,1.0,1.0,1.0,1.0,0.0,0.0,0.0,5.502556306792427e-09,4.895927010373844e-10,1.7319121124709866e-16,7.76761993635296e-09,0.0,0.0
nearest_heisenberg_projection,2,2,0.0001,2,0.0001,10,0.0,0.5,0.0,0.0,0.0,0.0,0.0,0.0,0.0,0.00015913694063610678,0.0002933385296293523,1.7319121124709866e-16,0.00020129037073836703,0.0,-0.9
nearest_heisenberg_projection,2,2,0.0001,2,0.0003,10,1.0,0.5,1.0,1.0,1.0,0.0,0.0,0.0,1.0,0.00015913694063610678,0.0002933385296293523,1.7319121124709866e-16,0.00020129037073836703,0.0,0.09999999999999998
nearest_heisenberg_projection,2,2,0.0001,2,0.001,10,1.0,0.5,1.0,1.0,1.0,0.0,0.0,0.0,1.0,0.00015913694063610678,0.0002933385296293523,1.7319121124709866e-16,0.00020129037073836703,0.0,0.09999999999999998
nearest_heisenberg_projection,2,2,0.0001,2,0.003,10,1.0,0.5,1.0,1.0,1.0,0.0,0.0,0.0,1.0,0.00015913694063610678,0.0002933385296293523,1.7319121124709866e-16,0.00020129037073836703,0.0,0.09999999999999998
nearest_heisenberg_projection,2,2,0.0001,2,0.01,10,1.0,0.5,1.0,1.0,1.0,0.0,0.0,0.0,1.0,0.00015913694063610678,0.0002933385296293523,1.7319121124709866e-16,0.00020129037073836703,0.0,0.09999999999999998
nearest_heisenberg_projection,2,2,0.0001,4,0.0001,10,0.0,0.5,0.0,0.0,0.0,0.0,0.0,0.0,0.0,0.00015913694063610678,0.0002933385296293523,1.7319121124709866e-16,0.00020129037073836703,0.0,-0.9
nearest_heisenberg_projection,2,2,0.0001,4,0.0003,10,1.0,0.5,1.0,1.0,1.0,1.0,0.0,0.0,0.0,0.00015913694063610678,0.0002933385296293523,1.7319121124709866e-16,0.00020129037073836703,0.0,0.09999999999999998
nearest_heisenberg_projection,2,2,0.0001,4,0.001,10,1.0,0.5,1.0,1.0,1.0,1.0,0.0,0.0,0.0,0.00015913694063610678,0.0002933385296293523,1.7319121124709866e-16,0.00020129037073836703,0.0,0.09999999999999998
nearest_heisenberg_projection,2,2,0.0001,4,0.003,10,1.0,0.5,1.0,1.0,1.0,1.0,0.0,0.0,0.0,0.00015913694063610678,0.0002933385296293523,1.7319121124709866e-16,0.00020129037073836703,0.0,0.09999999999999998
nearest_heisenberg_projection,2,2,0.0001,4,0.01,10,1.0,0.5,1.0,1.0,1.0,1.0,0.0,0.0,0.0,0.00015913694063610678,0.0002933385296293523,1.7319121124709866e-16,0.00020129037073836703,0.0,0.09999999999999998
nearest_heisenberg_projection,2,2,0.0003,2,0.0001,10,0.0,0.0,0.0,0.0,0.0,0.0,0.0,0.0,0.0,0.00048184680115416766,0.0008799588370069982,1.7319121124709866e-16,0.0006083408160144394,0.0,0.0
nearest_heisenberg_projection,2,2,0.0003,2,0.0003,10,0.0,0.0,0.0,0.0,0.0,0.0,0.0,0.0,0.0,0.00048184680115416766,0.0008799588370069982,1.7319121124709866e-16,0.0006083408160144394,0.0,0.0
nearest_heisenberg_projection,2,2,0.0003,2,0.001,10,1.0,0.0,1.0,1.0,1.0,0.0,0.0,0.0,1.0,0.00048184680115416766,0.0008799588370069982,1.7319121124709866e-16,0.0006083408160144394,0.0,1.0
nearest_heisenberg_projection,2,2,0.0003,2,0.003,10,1.0,0.0,1.0,1.0,1.0,0.0,0.0,0.0,1.0,0.00048184680115416766,0.0008799588370069982,1.7319121124709866e-16,0.0006083408160144394,0.0,1.0
nearest_heisenberg_projection,2,2,0.0003,2,0.01,10,1.0,0.0,1.0,1.0,1.0,0.0,0.0,0.0,1.0,0.00048184680115416766,0.0008799588370069982,1.7319121124709866e-16,0.0006083408160144394,0.0,1.0
nearest_heisenberg_projection,2,2,0.0003,4,0.0001,10,0.0,0.0,0.0,0.0,0.0,0.0,0.0,0.0,0.0,0.00048184680115416766,0.0008799588370069982,1.7319121124709866e-16,0.0006083408160144394,0.0,0.0
nearest_heisenberg_projection,2,2,0.0003,4,0.0003,10,0.0,0.0,0.0,0.0,0.0,0.0,0.0,0.0,0.0,0.00048184680115416766,0.0008799588370069982,1.7319121124709866e-16,0.0006083408160144394,0.0,0.0
nearest_heisenberg_projection,2,2,0.0003,4,0.001,10,1.0,0.0,1.0,1.0,1.0,1.0,0.0,0.0,0.0,0.00048184680115416766,0.0008799588370069982,1.7319121124709866e-16,0.0006083408160144394,0.0,1.0
nearest_heisenberg_projection,2,2,0.0003,4,0.003,10,1.0,0.0,1.0,1.0,1.0,1.0,0.0,0.0,0.0,0.00048184680115416766,0.0008799588370069982,1.7319121124709866e-16,0.0006083408160144394,0.0,1.0
nearest_heisenberg_projection,2,2,0.0003,4,0.01,10,1.0,0.0,1.0,1.0,1.0,1.0,0.0,0.0,0.0,0.00048184680115416766,0.0008799588370069982,1.7319121124709866e-16,0.0006083408160144394,0.0,1.0
nearest_heisenberg_projection,2,2,0.001,2,0.0001,10,0.0,0.0,0.0,0.0,0.0,0.0,0.0,0.0,0.0,0.0017263061788649677,0.0029318246277926633,1.7319121124709866e-16,0.002171288878831901,0.0,0.0
nearest_heisenberg_projection,2,2,0.001,2,0.0003,10,0.0,0.0,0.0,0.0,0.0,0.0,0.0,0.0,0.0,0.0017263061788649677,0.0029318246277926633,1.7319121124709866e-16,0.002171288878831901,0.0,0.0
nearest_heisenberg_projection,2,2,0.001,2,0.001,10,0.0,0.0,0.0,0.0,0.0,0.0,0.0,0.0,0.0,0.0017263061788649677,0.0029318246277926633,1.7319121124709866e-16,0.002171288878831901,0.0,0.0
nearest_heisenberg_projection,2,2,0.001,2,0.003,10,1.0,0.0,1.0,1.0,1.0,0.0,0.0,0.0,1.0,0.0017263061788649677,0.0029318246277926633,1.7319121124709866e-16,0.002171288878831901,0.0,1.0
nearest_heisenberg_projection,2,2,0.001,2,0.01,10,1.0,0.0,1.0,1.0,1.0,0.0,0.0,0.0,1.0,0.0017263061788649677,0.0029318246277926633,1.7319121124709866e-16,0.002171288878831901,0.0,1.0
nearest_heisenberg_projection,2,2,0.001,4,0.0001,10,0.0,0.0,0.0,0.0,0.0,0.0,0.0,0.0,0.0,0.0017263061788649677,0.0029318246277926633,1.7319121124709866e-16,0.002171288878831901,0.0,0.0
nearest_heisenberg_projection,2,2,0.001,4,0.0003,10,0.0,0.0,0.0,0.0,0.0,0.0,0.0,0.0,0.0,0.0017263061788649677,0.0029318246277926633,1.7319121124709866e-16,0.002171288878831901,0.0,0.0
nearest_heisenberg_projection,2,2,0.001,4,0.001,10,0.0,0.0,0.0,0.0,0.0,0.0,0.0,0.0,0.0,0.0017263061788649677,0.0029318246277926633,1.7319121124709866e-16,0.002171288878831901,0.0,0.0
nearest_heisenberg_projection,2,2,0.001,4,0.003,10,1.0,0.0,1.0,1.0,1.0,1.0,0.0,0.0,0.0,0.0017263061788649677,0.0029318246277926633,1.7319121124709866e-16,0.002171288878831901,0.0,1.0
nearest_heisenberg_projection,2,2,0.001,4,0.01,10,1.0,0.0,1.0,1.0,1.0,1.0,0.0,0.0,0.0,0.0017263061788649677,0.0029318246277926633,1.7319121124709866e-16,0.002171288878831901,0.0,1.0
nearest_heisenberg_projection,2,2,0.003,2,0.0001,10,0.0,0.0,0.0,0.0,0.0,0.0,0.0,0.0,0.0,0.007139674647695151,0.008779141394779415,1.7319121124709866e-16,0.009253904464330245,0.0,0.0
nearest_heisenberg_projection,2,2,0.003,2,0.0003,10,0.0,0.0,0.0,0.0,0.0,0.0,0.0,0.0,0.0,0.007139674647695151,0.008779141394779415,1.7319121124709866e-16,0.009253904464330245,0.0,0.0
nearest_heisenberg_projection,2,2,0.003,2,0.001,10,0.0,0.0,0.0,0.0,0.0,0.0,0.0,0.0,0.0,0.007139674647695151,0.008779141394779415,1.7319121124709866e-16,0.009253904464330245,0.0,0.0
nearest_heisenberg_projection,2,2,0.003,2,0.003,10,0.0,0.0,0.0,0.0,0.0,0.0,0.0,0.0,0.0,0.007139674647695151,0.008779141394779415,1.7319121124709866e-16,0.009253904464330245,0.0,0.0
nearest_heisenberg_projection,2,2,0.003,2,0.01,10,0.8,0.0,0.8,0.8,0.8,0.0,0.0,0.0,0.8,0.007139674647695151,0.008779141394779415,1.7319121124709866e-16,0.009253904464330245,0.0,0.8
nearest_heisenberg_projection,2,2,0.003,4,0.0001,10,0.0,0.0,0.0,0.0,0.0,0.0,0.0,0.0,0.0,0.007139674647695151,0.008779141394779415,1.7319121124709866e-16,0.009253904464330245,0.0,0.0
nearest_heisenberg_projection,2,2,0.003,4,0.0003,10,0.0,0.0,0.0,0.0,0.0,0.0,0.0,0.0,0.0,0.007139674647695151,0.008779141394779415,1.7319121124709866e-16,0.009253904464330245,0.0,0.0
nearest_heisenberg_projection,2,2,0.003,4,0.001,10,0.0,0.0,0.0,0.0,0.0,0.0,0.0,0.0,0.0,0.007139674647695151,0.008779141394779415,1.7319121124709866e-16,0.009253904464330245,0.0,0.0
nearest_heisenberg_projection,2,2,0.003,4,0.003,10,0.0,0.0,0.0,0.0,0.0,0.0,0.0,0.0,0.0,0.007139674647695151,0.008779141394779415,1.7319121124709866e-16,0.009253904464330245,0.0,0.0
nearest_heisenberg_projection,2,2,0.003,4,0.01,10,0.8,0.0,0.8,0.8,0.8,0.8,0.0,0.0,0.0,0.007139674647695151,0.008779141394779415,1.7319121124709866e-16,0.009253904464330245,0.0,0.8
nearest_heisenberg_projection,2,2,0.01,2,0.0001,10,0.0,0.0,0.0,0.0,0.0,0.0,0.0,0.0,0.0,0.05204557654832057,0.02908295285945902,1.7319121124709866e-16,0.07132852815158024,0.0,0.0
nearest_heisenberg_projection,2,2,0.01,2,0.0003,10,0.0,0.0,0.0,0.0,0.0,0.0,0.0,0.0,0.0,0.05204557654832057,0.02908295285945902,1.7319121124709866e-16,0.07132852815158024,0.0,0.0
nearest_heisenberg_projection,2,2,0.01,2,0.001,10,0.0,0.0,0.0,0.0,0.0,0.0,0.0,0.0,0.0,0.05204557654832057,0.02908295285945902,1.7319121124709866e-16,0.07132852815158024,0.0,0.0
nearest_heisenberg_projection,2,2,0.01,2,0.003,10,0.0,0.0,0.0,0.0,0.0,0.0,0.0,0.0,0.0,0.05204557654832057,0.02908295285945902,1.7319121124709866e-16,0.07132852815158024,0.0,0.0
nearest_heisenberg_projection,2,2,0.01,2,0.01,10,0.0,0.0,0.0,0.0,0.0,0.0,0.0,0.0,0.0,0.05204557654832057,0.02908295285945902,1.7319121124709866e-16,0.07132852815158024,0.0,0.0
nearest_heisenberg_projection,2,2,0.01,4,0.0001,10,0.0,0.0,0.0,0.0,0.0,0.0,0.0,0.0,0.0,0.05204557654832057,0.02908295285945902,1.7319121124709866e-16,0.07132852815158024,0.0,0.0
nearest_heisenberg_projection,2,2,0.01,4,0.0003,10,0.0,0.0,0.0,0.0,0.0,0.0,0.0,0.0,0.0,0.05204557654832057,0.02908295285945902,1.7319121124709866e-16,0.07132852815158024,0.0,0.0
nearest_heisenberg_projection,2,2,0.01,4,0.001,10,0.0,0.0,0.0,0.0,0.0,0.0,0.0,0.0,0.0,0.05204557654832057,0.02908295285945902,1.7319121124709866e-16,0.07132852815158024,0.0,0.0
nearest_heisenberg_projection,2,2,0.01,4,0.003,10,0.0,0.0,0.0,0.0,0.0,0.0,0.0,0.0,0.0,0.05204557654832057,0.02908295285945902,1.7319121124709866e-16,0.07132852815158024,0.0,0.0
nearest_heisenberg_projection,2,2,0.01,4,0.01,10,0.0,0.0,0.0,0.0,0.0,0.0,0.0,0.0,0.0,0.05204557654832057,0.02908295285945902,1.7319121124709866e-16,0.07132852815158024,0.0,0.0
nearest_heisenberg_projection,2,2,0.03,2,0.0001,10,0.0,0.0,0.0,0.0,0.0,0.0,0.0,0.0,0.0,0.2427436739655353,0.07820170100398546,1.7319121124709866e-16,0.3375130506867504,0.0,0.0
nearest_heisenberg_projection,2,2,0.03,2,0.0003,10,0.0,0.0,0.0,0.0,0.0,0.0,0.0,0.0,0.0,0.2427436739655353,0.07820170100398546,1.7319121124709866e-16,0.3375130506867504,0.0,0.0
nearest_heisenberg_projection,2,2,0.03,2,0.001,10,0.0,0.0,0.0,0.0,0.0,0.0,0.0,0.0,0.0,0.2427436739655353,0.07820170100398546,1.7319121124709866e-16,0.3375130506867504,0.0,0.0
nearest_heisenberg_projection,2,2,0.03,2,0.003,10,0.0,0.0,0.0,0.0,0.0,0.0,0.0,0.0,0.0,0.2427436739655353,0.07820170100398546,1.7319121124709866e-16,0.3375130506867504,0.0,0.0
nearest_heisenberg_projection,2,2,0.03,2,0.01,10,0.0,0.0,0.0,0.0,0.0,0.0,0.0,0.0,0.0,0.2427436739655353,0.07820170100398546,1.7319121124709866e-16,0.3375130506867504,0.0,0.0
nearest_heisenberg_projection,2,2,0.03,4,0.0001,10,0.0,0.0,0.0,0.0,0.0,0.0,0.0,0.0,0.0,0.2427436739655353,0.07820170100398546,1.7319121124709866e-16,0.3375130506867504,0.0,0.0
nearest_heisenberg_projection,2,2,0.03,4,0.0003,10,0.0,0.0,0.0,0.0,0.0,0.0,0.0,0.0,0.0,0.2427436739655353,0.07820170100398546,1.7319121124709866e-16,0.3375130506867504,0.0,0.0
nearest_heisenberg_projection,2,2,0.03,4,0.001,10,0.0,0.0,0.0,0.0,0.0,0.0,0.0,0.0,0.0,0.2427436739655353,0.07820170100398546,1.7319121124709866e-16,0.3375130506867504,0.0,0.0
nearest_heisenberg_projection,2,2,0.03,4,0.003,10,0.0,0.0,0.0,0.0,0.0,0.0,0.0,0.0,0.0,0.2427436739655353,0.07820170100398546,1.7319121124709866e-16,0.3375130506867504,0.0,0.0
nearest_heisenberg_projection,2,2,0.03,4,0.01,10,0.0,0.0,0.0,0.0,0.0,0.0,0.0,0.0,0.0,0.2427436739655353,0.07820170100398546,1.7319121124709866e-16,0.3375130506867504,0.0,0.0
nearest_heisenberg_projection,2,2,0.05,2,0.0001,10,0.0,0.0,0.0,0.0,0.0,0.0,0.0,0.0,0.0,0.36186706368783234,0.1095960029393916,1.7319121124709866e-16,0.5022602114537393,0.0,0.0
nearest_heisenberg_projection,2,2,0.05,2,0.0003,10,0.0,0.0,0.0,0.0,0.0,0.0,0.0,0.0,0.0,0.36186706368783234,0.1095960029393916,1.7319121124709866e-16,0.5022602114537393,0.0,0.0
nearest_heisenberg_projection,2,2,0.05,2,0.001,10,0.0,0.0,0.0,0.0,0.0,0.0,0.0,0.0,0.0,0.36186706368783234,0.1095960029393916,1.7319121124709866e-16,0.5022602114537393,0.0,0.0
nearest_heisenberg_projection,2,2,0.05,2,0.003,10,0.0,0.0,0.0,0.0,0.0,0.0,0.0,0.0,0.0,0.36186706368783234,0.1095960029393916,1.7319121124709866e-16,0.5022602114537393,0.0,0.0
nearest_heisenberg_projection,2,2,0.05,2,0.01,10,0.0,0.0,0.0,0.0,0.0,0.0,0.0,0.0,0.0,0.36186706368783234,0.1095960029393916,1.7319121124709866e-16,0.5022602114537393,0.0,0.0
nearest_heisenberg_projection,2,2,0.05,4,0.0001,10,0.0,0.0,0.0,0.0,0.0,0.0,0.0,0.0,0.0,0.36186706368783234,0.1095960029393916,1.7319121124709866e-16,0.5022602114537393,0.0,0.0
nearest_heisenberg_projection,2,2,0.05,4,0.0003,10,0.0,0.0,0.0,0.0,0.0,0.0,0.0,0.0,0.0,0.36186706368783234,0.1095960029393916,1.7319121124709866e-16,0.5022602114537393,0.0,0.0
nearest_heisenberg_projection,2,2,0.05,4,0.001,10,0.0,0.0,0.0,0.0,0.0,0.0,0.0,0.0,0.0,0.36186706368783234,0.1095960029393916,1.7319121124709866e-16,0.5022602114537393,0.0,0.0
nearest_heisenberg_projection,2,2,0.05,4,0.003,10,0.0,0.0,0.0,0.0,0.0,0.0,0.0,0.0,0.0,0.36186706368783234,0.1095960029393916,1.7319121124709866e-16,0.5022602114537393,0.0,0.0
nearest_heisenberg_projection,2,2,0.05,4,0.01,10,0.0,0.0,0.0,0.0,0.0,0.0,0.0,0.0,0.0,0.36186706368783234,0.1095960029393916,1.7319121124709866e-16,0.5022602114537393,0.0,0.0
nearest_heisenberg_projection,3,2,-1.0,9,0.0001,40,0.0,0.25,0.0,0.0,0.0,0.0,0.0,0.0,0.0,inf,0.368634842318542,4.719395141448439e-16,4.2755708643829555,0.0,0.0
nearest_heisenberg_projection,3,2,-1.0,9,0.0003,40,0.0,0.25,0.0,0.0,0.0,0.0,0.0,0.0,0.0,inf,0.368634842318542,4.719395141448439e-16,4.2755708643829555,0.0,0.0
nearest_heisenberg_projection,3,2,-1.0,9,0.001,40,0.0,0.25,0.0,0.0,0.0,0.0,0.0,0.0,0.0,inf,0.368634842318542,4.719395141448439e-16,4.2755708643829555,0.0,0.0
nearest_heisenberg_projection,3,2,-1.0,9,0.003,40,0.0,0.25,0.0,0.0,0.0,0.0,0.0,0.0,0.0,inf,0.368634842318542,4.719395141448439e-16,4.2755708643829555,0.0,0.0
nearest_heisenberg_projection,3,2,-1.0,9,0.01,40,0.0,0.25,0.0,0.0,0.0,0.0,0.0,0.0,0.0,inf,0.368634842318542,4.719395141448439e-16,4.2755708643829555,0.0,0.0
nearest_heisenberg_projection,3,2,0.0,3,0.0001,10,1.0,1.0,1.0,1.0,1.0,0.0,0.0,0.0,1.0,9.314861147314596e-11,8.247109709970069e-12,5.715222817774257e-16,9.449294274397756e-11,0.0,0.0
nearest_heisenberg_projection,3,2,0.0,3,0.0003,10,1.0,1.0,1.0,1.0,1.0,0.0,0.0,0.0,1.0,9.314861147314596e-11,8.247109709970069e-12,5.715222817774257e-16,9.449294274397756e-11,0.0,0.0
nearest_heisenberg_projection,3,2,0.0,3,0.001,10,1.0,1.0,1.0,1.0,1.0,0.0,0.0,0.0,1.0,9.314861147314596e-11,8.247109709970069e-12,5.715222817774257e-16,9.449294274397756e-11,0.0,0.0
nearest_heisenberg_projection,3,2,0.0,3,0.003,10,1.0,1.0,1.0,1.0,1.0,0.0,0.0,0.0,1.0,9.314861147314596e-11,8.247109709970069e-12,5.715222817774257e-16,9.449294274397756e-11,0.0,0.0
nearest_heisenberg_projection,3,2,0.0,3,0.01,10,1.0,1.0,1.0,1.0,1.0,0.0,0.0,0.0,1.0,9.314861147314596e-11,8.247109709970069e-12,5.715222817774257e-16,9.449294274397756e-11,0.0,0.0
nearest_heisenberg_projection,3,2,0.0,6,0.0001,10,1.0,1.0,1.0,1.0,1.0,0.0,0.0,0.0,1.0,9.314861147314596e-11,8.247109709970069e-12,5.715222817774257e-16,9.449294274397756e-11,0.0,0.0
nearest_heisenberg_projection,3,2,0.0,6,0.0003,10,1.0,1.0,1.0,1.0,1.0,0.0,0.0,0.0,1.0,9.314861147314596e-11,8.247109709970069e-12,5.715222817774257e-16,9.449294274397756e-11,0.0,0.0
nearest_heisenberg_projection,3,2,0.0,6,0.001,10,1.0,1.0,1.0,1.0,1.0,0.0,0.0,0.0,1.0,9.314861147314596e-11,8.247109709970069e-12,5.715222817774257e-16,9.449294274397756e-11,0.0,0.0
nearest_heisenberg_projection,3,2,0.0,6,0.003,10,1.0,1.0,1.0,1.0,1.0,0.0,0.0,0.0,1.0,9.314861147314596e-11,8.247109709970069e-12,5.715222817774257e-16,9.449294274397756e-11,0.0,0.0
nearest_heisenberg_projection,3,2,0.0,6,0.01,10,1.0,1.0,1.0,1.0,1.0,0.0,0.0,0.0,1.0,9.314861147314596e-11,8.247109709970069e-12,5.715222817774257e-16,9.449294274397756e-11,0.0,0.0
nearest_heisenberg_projection,3,2,0.0,9,0.0001,10,1.0,1.0,1.0,1.0,1.0,1.0,0.0,0.0,0.0,9.314861147314596e-11,8.247109709970069e-12,5.715222817774257e-16,9.449294274397756e-11,0.0,0.0
nearest_heisenberg_projection,3,2,0.0,9,0.0003,10,1.0,1.0,1.0,1.0,1.0,1.0,0.0,0.0,0.0,9.314861147314596e-11,8.247109709970069e-12,5.715222817774257e-16,9.449294274397756e-11,0.0,0.0
nearest_heisenberg_projection,3,2,0.0,9,0.001,10,1.0,1.0,1.0,1.0,1.0,1.0,0.0,0.0,0.0,9.314861147314596e-11,8.247109709970069e-12,5.715222817774257e-16,9.449294274397756e-11,0.0,0.0
nearest_heisenberg_projection,3,2,0.0,9,0.003,10,1.0,1.0,1.0,1.0,1.0,1.0,0.0,0.0,0.0,9.314861147314596e-11,8.247109709970069e-12,5.715222817774257e-16,9.449294274397756e-11,0.0,0.0
nearest_heisenberg_projection,3,2,0.0,9,0.01,10,1.0,1.0,1.0,1.0,1.0,1.0,0.0,0.0,0.0,9.314861147314596e-11,8.247109709970069e-12,5.715222817774257e-16,9.449294274397756e-11,0.0,0.0
nearest_heisenberg_projection,3,2,0.0001,3,0.0001,10,1.0,1.0,1.0,1.0,1.0,0.0,0.0,0.0,1.0,3.0202156719384492e-05,5.277257060842147e-05,5.715222817774257e-16,4.116013021200186e-05,0.0,0.0
nearest_heisenberg_projection,3,2,0.0001,3,0.0003,10,1.0,1.0,1.0,1.0,1.0,0.0,0.0,0.0,1.0,3.0202156719384492e-05,5.277257060842147e-05,5.715222817774257e-16,4.116013021200186e-05,0.0,0.0
nearest_heisenberg_projection,3,2,0.0001,3,0.001,10,1.0,1.0,1.0,1.0,1.0,0.0,0.0,0.0,1.0,3.0202156719384492e-05,5.277257060842147e-05,5.715222817774257e-16,4.116013021200186e-05,0.0,0.0
nearest_heisenberg_projection,3,2,0.0001,3,0.003,10,1.0,1.0,1.0,1.0,1.0,0.0,0.0,0.0,1.0,3.0202156719384492e-05,5.277257060842147e-05,5.715222817774257e-16,4.116013021200186e-05,0.0,0.0
nearest_heisenberg_projection,3,2,0.0001,3,0.01,10,1.0,1.0,1.0,1.0,1.0,0.0,0.0,0.0,1.0,3.0202156719384492e-05,5.277257060842147e-05,5.715222817774257e-16,4.116013021200186e-05,0.0,0.0
nearest_heisenberg_projection,3,2,0.0001,6,0.0001,10,1.0,1.0,1.0,1.0,1.0,0.0,0.0,0.0,1.0,3.0202156719384492e-05,5.277257060842147e-05,5.715222817774257e-16,4.116013021200186e-05,0.0,0.0
nearest_heisenberg_projection,3,2,0.0001,6,0.0003,10,1.0,1.0,1.0,1.0,1.0,0.0,0.0,0.0,1.0,3.0202156719384492e-05,5.277257060842147e-05,5.715222817774257e-16,4.116013021200186e-05,0.0,0.0
nearest_heisenberg_projection,3,2,0.0001,6,0.001,10,1.0,1.0,1.0,1.0,1.0,0.0,0.0,0.0,1.0,3.0202156719384492e-05,5.277257060842147e-05,5.715222817774257e-16,4.116013021200186e-05,0.0,0.0
nearest_heisenberg_projection,3,2,0.0001,6,0.003,10,1.0,1.0,1.0,1.0,1.0,0.0,0.0,0.0,1.0,3.0202156719384492e-05,5.277257060842147e-05,5.715222817774257e-16,4.116013021200186e-05,0.0,0.0
nearest_heisenberg_projection,3,2,0.0001,6,0.01,10,1.0,1.0,1.0,1.0,1.0,0.0,0.0,0.0,1.0,3.0202156719384492e-05,5.277257060842147e-05,5.715222817774257e-16,4.116013021200186e-05,0.0,0.0
nearest_heisenberg_projection,3,2,0.0001,9,0.0001,10,1.0,1.0,1.0,1.0,1.0,1.0,0.0,0.0,0.0,3.0202156719384492e-05,5.277257060842147e-05,5.715222817774257e-16,4.116013021200186e-05,0.0,0.0
nearest_heisenberg_projection,3,2,0.0001,9,0.0003,10,1.0,1.0,1.0,1.0,1.0,1.0,0.0,0.0,0.0,3.0202156719384492e-05,5.277257060842147e-05,5.715222817774257e-16,4.116013021200186e-05,0.0,0.0
nearest_heisenberg_projection,3,2,0.0001,9,0.001,10,1.0,1.0,1.0,1.0,1.0,1.0,0.0,0.0,0.0,3.0202156719384492e-05,5.277257060842147e-05,5.715222817774257e-16,4.116013021200186e-05,0.0,0.0
nearest_heisenberg_projection,3,2,0.0001,9,0.003,10,1.0,1.0,1.0,1.0,1.0,1.0,0.0,0.0,0.0,3.0202156719384492e-05,5.277257060842147e-05,5.715222817774257e-16,4.116013021200186e-05,0.0,0.0
nearest_heisenberg_projection,3,2,0.0001,9,0.01,10,1.0,1.0,1.0,1.0,1.0,1.0,0.0,0.0,0.0,3.0202156719384492e-05,5.277257060842147e-05,5.715222817774257e-16,4.116013021200186e-05,0.0,0.0
nearest_heisenberg_projection,3,2,0.0003,3,0.0001,10,0.9,1.0,0.9,0.9,0.9,0.0,0.0,0.0,0.9,9.061886204798309e-05,0.000158313236854367,5.715222817774257e-16,0.00012348201777230303,0.0,-0.09999999999999998
nearest_heisenberg_projection,3,2,0.0003,3,0.0003,10,1.0,1.0,1.0,1.0,1.0,0.0,0.0,0.0,1.0,9.061886204798309e-05,0.000158313236854367,5.715222817774257e-16,0.00012348201777230303,0.0,0.0
nearest_heisenberg_projection,3,2,0.0003,3,0.001,10,1.0,1.0,1.0,1.0,1.0,0.0,0.0,0.0,1.0,9.061886204798309e-05,0.000158313236854367,5.715222817774257e-16,0.00012348201777230303,0.0,0.0
nearest_heisenberg_projection,3,2,0.0003,3,0.003,10,1.0,1.0,1.0,1.0,1.0,0.0,0.0,0.0,1.0,9.061886204798309e-05,0.000158313236854367,5.715222817774257e-16,0.00012348201777230303,0.0,0.0
nearest_heisenberg_projection,3,2,0.0003,3,0.01,10,1.0,1.0,1.0,1.0,1.0,0.0,0.0,0.0,1.0,9.061886204798309e-05,0.000158313236854367,5.715222817774257e-16,0.00012348201777230303,0.0,0.0
nearest_heisenberg_projection,3,2,0.0003,6,0.0001,10,0.9,1.0,0.9,0.9,0.9,0.0,0.0,0.0,0.9,9.061886204798309e-05,0.000158313236854367,5.715222817774257e-16,0.00012348201777230303,0.0,-0.09999999999999998
nearest_heisenberg_projection,3,2,0.0003,6,0.0003,10,1.0,1.0,1.0,1.0,1.0,0.0,0.0,0.0,1.0,9.061886204798309e-05,0.000158313236854367,5.715222817774257e-16,0.00012348201777230303,0.0,0.0
nearest_heisenberg_projection,3,2,0.0003,6,0.001,10,1.0,1.0,1.0,1.0,1.0,0.0,0.0,0.0,1.0,9.061886204798309e-05,0.000158313236854367,5.715222817774257e-16,0.00012348201777230303,0.0,0.0
nearest_heisenberg_projection,3,2,0.0003,6,0.003,10,1.0,1.0,1.0,1.0,1.0,0.0,0.0,0.0,1.0,9.061886204798309e-05,0.000158313236854367,5.715222817774257e-16,0.00012348201777230303,0.0,0.0
nearest_heisenberg_projection,3,2,0.0003,6,0.01,10,1.0,1.0,1.0,1.0,1.0,0.0,0.0,0.0,1.0,9.061886204798309e-05,0.000158313236854367,5.715222817774257e-16,0.00012348201777230303,0.0,0.0
nearest_heisenberg_projection,3,2,0.0003,9,0.0001,10,0.9,1.0,0.9,0.9,0.9,0.9,0.0,0.0,0.0,9.061886204798309e-05,0.000158313236854367,5.715222817774257e-16,0.00012348201777230303,0.0,-0.09999999999999998
nearest_heisenberg_projection,3,2,0.0003,9,0.0003,10,1.0,1.0,1.0,1.0,1.0,1.0,0.0,0.0,0.0,9.061886204798309e-05,0.000158313236854367,5.715222817774257e-16,0.00012348201777230303,0.0,0.0
nearest_heisenberg_projection,3,2,0.0003,9,0.001,10,1.0,1.0,1.0,1.0,1.0,1.0,0.0,0.0,0.0,9.061886204798309e-05,0.000158313236854367,5.715222817774257e-16,0.00012348201777230303,0.0,0.0
nearest_heisenberg_projection,3,2,0.0003,9,0.003,10,1.0,1.0,1.0,1.0,1.0,1.0,0.0,0.0,0.0,9.061886204798309e-05,0.000158313236854367,5.715222817774257e-16,0.00012348201777230303,0.0,0.0
nearest_heisenberg_projection,3,2,0.0003,9,0.01,10,1.0,1.0,1.0,1.0,1.0,1.0,0.0,0.0,0.0,9.061886204798309e-05,0.000158313236854367,5.715222817774257e-16,0.00012348201777230303,0.0,0.0
nearest_heisenberg_projection,3,2,0.001,3,0.0001,10,0.0,0.0,0.0,0.0,0.0,0.0,0.0,0.0,0.0,0.00030229408717820394,0.0005276593797537471,5.715222817774257e-16,0.00041169029778258286,0.0,0.0
nearest_heisenberg_projection,3,2,0.001,3,0.0003,10,0.4,0.0,0.4,0.4,0.4,0.0,0.0,0.0,0.4,0.00030229408717820394,0.0005276593797537471,5.715222817774257e-16,0.00041169029778258286,0.0,0.4
nearest_heisenberg_projection,3,2,0.001,3,0.001,10,1.0,0.0,1.0,1.0,1.0,0.0,0.0,0.0,1.0,0.00030229408717820394,0.0005276593797537471,5.715222817774257e-16,0.00041169029778258286,0.0,1.0
nearest_heisenberg_projection,3,2,0.001,3,0.003,10,1.0,0.0,1.0,1.0,1.0,0.0,0.0,0.0,1.0,0.00030229408717820394,0.0005276593797537471,5.715222817774257e-16,0.00041169029778258286,0.0,1.0
nearest_heisenberg_projection,3,2,0.001,3,0.01,10,1.0,0.0,1.0,1.0,1.0,0.0,0.0,0.0,1.0,0.00030229408717820394,0.0005276593797537471,5.715222817774257e-16,0.00041169029778258286,0.0,1.0
nearest_heisenberg_projection,3,2,0.001,6,0.0001,10,0.0,0.0,0.0,0.0,0.0,0.0,0.0,0.0,0.0,0.00030229408717820394,0.0005276593797537471,5.715222817774257e-16,0.00041169029778258286,0.0,0.0
nearest_heisenberg_projection,3,2,0.001,6,0.0003,10,0.4,0.0,0.4,0.4,0.4,0.0,0.0,0.0,0.4,0.00030229408717820394,0.0005276593797537471,5.715222817774257e-16,0.00041169029778258286,0.0,0.4
nearest_heisenberg_projection,3,2,0.001,6,0.001,10,1.0,0.0,1.0,1.0,1.0,0.0,0.0,0.0,1.0,0.00030229408717820394,0.0005276593797537471,5.715222817774257e-16,0.00041169029778258286,0.0,1.0
nearest_heisenberg_projection,3,2,0.001,6,0.003,10,1.0,0.0,1.0,1.0,1.0,0.0,0.0,0.0,1.0,0.00030229408717820394,0.0005276593797537471,5.715222817774257e-16,0.00041169029778258286,0.0,1.0
nearest_heisenberg_projection,3,2,0.001,6,0.01,10,1.0,0.0,1.0,1.0,1.0,0.0,0.0,0.0,1.0,0.00030229408717820394,0.0005276593797537471,5.715222817774257e-16,0.00041169029778258286,0.0,1.0
nearest_heisenberg_projection,3,2,0.001,9,0.0001,10,0.0,0.0,0.0,0.0,0.0,0.0,0.0,0.0,0.0,0.00030229408717820394,0.0005276593797537471,5.715222817774257e-16,0.00041169029778258286,0.0,0.0
nearest_heisenberg_projection,3,2,0.001,9,0.0003,10,0.4,0.0,0.4,0.4,0.4,0.4,0.0,0.0,0.0,0.00030229408717820394,0.0005276593797537471,5.715222817774257e-16,0.00041169029778258286,0.0,0.4
nearest_heisenberg_projection,3,2,0.001,9,0.001,10,1.0,0.0,1.0,1.0,1.0,1.0,0.0,0.0,0.0,0.00030229408717820394,0.0005276593797537471,5.715222817774257e-16,0.00041169029778258286,0.0,1.0
nearest_heisenberg_projection,3,2,0.001,9,0.003,10,1.0,0.0,1.0,1.0,1.0,1.0,0.0,0.0,0.0,0.00030229408717820394,0.0005276593797537471,5.715222817774257e-16,0.00041169029778258286,0.0,1.0
nearest_heisenberg_projection,3,2,0.001,9,0.01,10,1.0,0.0,1.0,1.0,1.0,1.0,0.0,0.0,0.0,0.00030229408717820394,0.0005276593797537471,5.715222817774257e-16,0.00041169029778258286,0.0,1.0
nearest_heisenberg_projection,3,2,0.003,3,0.0001,10,0.0,0.0,0.0,0.0,0.0,0.0,0.0,0.0,0.0,0.000911181575627771,0.001582558095716329,5.715222817774257e-16,0.0012374450023130777,0.0,0.0
nearest_heisenberg_projection,3,2,0.003,3,0.0003,10,0.0,0.0,0.0,0.0,0.0,0.0,0.0,0.0,0.0,0.000911181575627771,0.001582558095716329,5.715222817774257e-16,0.0012374450023130777,0.0,0.0
nearest_heisenberg_projection,3,2,0.003,3,0.001,10,0.9,0.0,0.9,0.9,0.9,0.0,0.0,0.0,0.9,0.000911181575627771,0.001582558095716329,5.715222817774257e-16,0.0012374450023130777,0.0,0.9
nearest_heisenberg_projection,3,2,0.003,3,0.003,10,1.0,0.0,1.0,1.0,1.0,0.0,0.0,0.0,1.0,0.000911181575627771,0.001582558095716329,5.715222817774257e-16,0.0012374450023130777,0.0,1.0
nearest_heisenberg_projection,3,2,0.003,3,0.01,10,1.0,0.0,1.0,1.0,1.0,0.0,0.0,0.0,1.0,0.000911181575627771,0.001582558095716329,5.715222817774257e-16,0.0012374450023130777,0.0,1.0
nearest_heisenberg_projection,3,2,0.003,6,0.0001,10,0.0,0.0,0.0,0.0,0.0,0.0,0.0,0.0,0.0,0.000911181575627771,0.001582558095716329,5.715222817774257e-16,0.0012374450023130777,0.0,0.0
nearest_heisenberg_projection,3,2,0.003,6,0.0003,10,0.0,0.0,0.0,0.0,0.0,0.0,0.0,0.0,0.0,0.000911181575627771,0.001582558095716329,5.715222817774257e-16,0.0012374450023130777,0.0,0.0
nearest_heisenberg_projection,3,2,0.003,6,0.001,10,0.9,0.0,0.9,0.9,0.9,0.0,0.0,0.0,0.9,0.000911181575627771,0.001582558095716329,5.715222817774257e-16,0.0012374450023130777,0.0,0.9
nearest_heisenberg_projection,3,2,0.003,6,0.003,10,1.0,0.0,1.0,1.0,1.0,0.0,0.0,0.0,1.0,0.000911181575627771,0.001582558095716329,5.715222817774257e-16,0.0012374450023130777,0.0,1.0
nearest_heisenberg_projection,3,2,0.003,6,0.01,10,1.0,0.0,1.0,1.0,1.0,0.0,0.0,0.0,1.0,0.000911181575627771,0.001582558095716329,5.715222817774257e-16,0.0012374450023130777,0.0,1.0
nearest_heisenberg_projection,3,2,0.003,9,0.0001,10,0.0,0.0,0.0,0.0,0.0,0.0,0.0,0.0,0.0,0.000911181575627771,0.001582558095716329,5.715222817774257e-16,0.0012374450023130777,0.0,0.0
nearest_heisenberg_projection,3,2,0.003,9,0.0003,10,0.0,0.0,0.0,0.0,0.0,0.0,0.0,0.0,0.0,0.000911181575627771,0.001582558095716329,5.715222817774257e-16,0.0012374450023130777,0.0,0.0
nearest_heisenberg_projection,3,2,0.003,9,0.001,10,0.9,0.0,0.9,0.9,0.9,0.9,0.0,0.0,0.0,0.000911181575627771,0.001582558095716329,5.715222817774257e-16,0.0012374450023130777,0.0,0.9
nearest_heisenberg_projection,3,2,0.003,9,0.003,10,1.0,0.0,1.0,1.0,1.0,1.0,0.0,0.0,0.0,0.000911181575627771,0.001582558095716329,5.715222817774257e-16,0.0012374450023130777,0.0,1.0
nearest_heisenberg_projection,3,2,0.003,9,0.01,10,1.0,0.0,1.0,1.0,1.0,1.0,0.0,0.0,0.0,0.000911181575627771,0.001582558095716329,5.715222817774257e-16,0.0012374450023130777,0.0,1.0
nearest_heisenberg_projection,3,2,0.01,3,0.0001,10,0.0,0.0,0.0,0.0,0.0,0.0,0.0,0.0,0.0,0.003171884994094375,0.005272233477516631,5.715222817774257e-16,0.004215737047894785,0.0,0.0
nearest_heisenberg_projection,3,2,0.01,3,0.0003,10,0.0,0.0,0.0,0.0,0.0,0.0,0.0,0.0,0.0,0.003171884994094375,0.005272233477516631,5.715222817774257e-16,0.004215737047894785,0.0,0.0
nearest_heisenberg_projection,3,2,0.01,3,0.001,10,0.0,0.0,0.0,0.0,0.0,0.0,0.0,0.0,0.0,0.003171884994094375,0.005272233477516631,5.715222817774257e-16,0.004215737047894785,0.0,0.0
nearest_heisenberg_projection,3,2,0.01,3,0.003,10,0.3,0.0,0.3,0.3,0.3,0.0,0.0,0.0,0.3,0.003171884994094375,0.005272233477516631,5.715222817774257e-16,0.004215737047894785,0.0,0.3
nearest_heisenberg_projection,3,2,0.01,3,0.01,10,1.0,0.0,1.0,1.0,1.0,0.0,0.0,0.0,1.0,0.003171884994094375,0.005272233477516631,5.715222817774257e-16,0.004215737047894785,0.0,1.0
nearest_heisenberg_projection,3,2,0.01,6,0.0001,10,0.0,0.0,0.0,0.0,0.0,0.0,0.0,0.0,0.0,0.003171884994094375,0.005272233477516631,5.715222817774257e-16,0.004215737047894785,0.0,0.0
nearest_heisenberg_projection,3,2,0.01,6,0.0003,10,0.0,0.0,0.0,0.0,0.0,0.0,0.0,0.0,0.0,0.003171884994094375,0.005272233477516631,5.715222817774257e-16,0.004215737047894785,0.0,0.0
nearest_heisenberg_projection,3,2,0.01,6,0.001,10,0.0,0.0,0.0,0.0,0.0,0.0,0.0,0.0,0.0,0.003171884994094375,0.005272233477516631,5.715222817774257e-16,0.004215737047894785,0.0,0.0
nearest_heisenberg_projection,3,2,0.01,6,0.003,10,0.3,0.0,0.3,0.3,0.3,0.0,0.0,0.0,0.3,0.003171884994094375,0.005272233477516631,5.715222817774257e-16,0.004215737047894785,0.0,0.3
nearest_heisenberg_projection,3,2,0.01,6,0.01,10,1.0,0.0,1.0,1.0,1.0,0.0,0.0,0.0,1.0,0.003171884994094375,0.005272233477516631,5.715222817774257e-16,0.004215737047894785,0.0,1.0
nearest_heisenberg_projection,3,2,0.01,9,0.0001,10,0.0,0.0,0.0,0.0,0.0,0.0,0.0,0.0,0.0,0.003171884994094375,0.005272233477516631,5.715222817774257e-16,0.004215737047894785,0.0,0.0
nearest_heisenberg_projection,3,2,0.01,9,0.0003,10,0.0,0.0,0.0,0.0,0.0,0.0,0.0,0.0,0.0,0.003171884994094375,0.005272233477516631,5.715222817774257e-16,0.004215737047894785,0.0,0.0
nearest_heisenberg_projection,3,2,0.01,9,0.001,10,0.0,0.0,0.0,0.0,0.0,0.0,0.0,0.0,0.0,0.003171884994094375,0.005272233477516631,5.715222817774257e-16,0.004215737047894785,0.0,0.0
nearest_heisenberg_projection,3,2,0.01,9,0.003,10,0.3,0.0,0.3,0.3,0.3,0.3,0.0,0.0,0.0,0.003171884994094375,0.005272233477516631,5.715222817774257e-16,0.004215737047894785,0.0,0.3
nearest_heisenberg_projection,3,2,0.01,9,0.01,10,1.0,0.0,1.0,1.0,1.0,1.0,0.0,0.0,0.0,0.003171884994094375,0.005272233477516631,5.715222817774257e-16,0.004215737047894785,0.0,1.0
nearest_heisenberg_projection,3,2,0.03,3,0.0001,10,0.0,0.0,0.0,0.0,0.0,0.0,0.0,0.0,0.0,0.012361149004262512,0.015825835860242395,5.715222817774257e-16,0.014809999486696293,0.0,0.0
nearest_heisenberg_projection,3,2,0.03,3,0.0003,10,0.0,0.0,0.0,0.0,0.0,0.0,0.0,0.0,0.0,0.012361149004262512,0.015825835860242395,5.715222817774257e-16,0.014809999486696293,0.0,0.0
nearest_heisenberg_projection,3,2,0.03,3,0.001,10,0.0,0.0,0.0,0.0,0.0,0.0,0.0,0.0,0.0,0.012361149004262512,0.015825835860242395,5.715222817774257e-16,0.014809999486696293,0.0,0.0
nearest_heisenberg_projection,3,2,0.03,3,0.003,10,0.0,0.0,0.0,0.0,0.0,0.0,0.0,0.0,0.0,0.012361149004262512,0.015825835860242395,5.715222817774257e-16,0.014809999486696293,0.0,0.0
nearest_heisenberg_projection,3,2,0.03,3,0.01,10,0.0,0.0,0.0,0.0,0.0,0.0,0.0,0.0,0.0,0.012361149004262512,0.015825835860242395,5.715222817774257e-16,0.014809999486696293,0.0,0.0
nearest_heisenberg_projection,3,2,0.03,6,0.0001,10,0.0,0.0,0.0,0.0,0.0,0.0,0.0,0.0,0.0,0.012361149004262512,0.015825835860242395,5.715222817774257e-16,0.014809999486696293,0.0,0.0
nearest_heisenberg_projection,3,2,0.03,6,0.0003,10,0.0,0.0,0.0,0.0,0.0,0.0,0.0,0.0,0.0,0.012361149004262512,0.015825835860242395,5.715222817774257e-16,0.014809999486696293,0.0,0.0
nearest_heisenberg_projection,3,2,0.03,6,0.001,10,0.0,0.0,0.0,0.0,0.0,0.0,0.0,0.0,0.0,0.012361149004262512,0.015825835860242395,5.715222817774257e-16,0.014809999486696293,0.0,0.0
nearest_heisenberg_projection,3,2,0.03,6,0.003,10,0.0,0.0,0.0,0.0,0.0,0.0,0.0,0.0,0.0,0.012361149004262512,0.015825835860242395,5.715222817774257e-16,0.014809999486696293,0.0,0.0
nearest_heisenberg_projection,3,2,0.03,6,0.01,10,0.0,0.0,0.0,0.0,0.0,0.0,0.0,0.0,0.0,0.012361149004262512,0.015825835860242395,5.715222817774257e-16,0.014809999486696293,0.0,0.0
nearest_heisenberg_projection,3,2,0.03,9,0.0001,10,0.0,0.0,0.0,0.0,0.0,0.0,0.0,0.0,0.0,0.012361149004262512,0.015825835860242395,5.715222817774257e-16,0.014809999486696293,0.0,0.0
nearest_heisenberg_projection,3,2,0.03,9,0.0003,10,0.0,0.0,0.0,0.0,0.0,0.0,0.0,0.0,0.0,0.012361149004262512,0.015825835860242395,5.715222817774257e-16,0.014809999486696293,0.0,0.0
nearest_heisenberg_projection,3,2,0.03,9,0.001,10,0.0,0.0,0.0,0.0,0.0,0.0,0.0,0.0,0.0,0.012361149004262512,0.015825835860242395,5.715222817774257e-16,0.014809999486696293,0.0,0.0
nearest_heisenberg_projection,3,2,0.03,9,0.003,10,0.0,0.0,0.0,0.0,0.0,0.0,0.0,0.0,0.0,0.012361149004262512,0.015825835860242395,5.715222817774257e-16,0.014809999486696293,0.0,0.0
nearest_heisenberg_projection,3,2,0.03,9,0.01,10,0.0,0.0,0.0,0.0,0.0,0.0,0.0,0.0,0.0,0.012361149004262512,0.015825835860242395,5.715222817774257e-16,0.014809999486696293,0.0,0.0
nearest_heisenberg_projection,3,2,0.05,3,0.0001,10,0.0,0.0,0.0,0.0,0.0,0.0,0.0,0.0,0.0,0.02734260785797854,0.02645252545101152,5.715222817774257e-16,0.030412004403691052,0.0,0.0
nearest_heisenberg_projection,3,2,0.05,3,0.0003,10,0.0,0.0,0.0,0.0,0.0,0.0,0.0,0.0,0.0,0.02734260785797854,0.02645252545101152,5.715222817774257e-16,0.030412004403691052,0.0,0.0
nearest_heisenberg_projection,3,2,0.05,3,0.001,10,0.0,0.0,0.0,0.0,0.0,0.0,0.0,0.0,0.0,0.02734260785797854,0.02645252545101152,5.715222817774257e-16,0.030412004403691052,0.0,0.0
nearest_heisenberg_projection,3,2,0.05,3,0.003,10,0.0,0.0,0.0,0.0,0.0,0.0,0.0,0.0,0.0,0.02734260785797854,0.02645252545101152,5.715222817774257e-16,0.030412004403691052,0.0,0.0
nearest_heisenberg_projection,3,2,0.05,3,0.01,10,0.0,0.0,0.0,0.0,0.0,0.0,0.0,0.0,0.0,0.02734260785797854,0.02645252545101152,5.715222817774257e-16,0.030412004403691052,0.0,0.0
nearest_heisenberg_projection,3,2,0.05,6,0.0001,10,0.0,0.0,0.0,0.0,0.0,0.0,0.0,0.0,0.0,0.02734260785797854,0.02645252545101152,5.715222817774257e-16,0.030412004403691052,0.0,0.0
nearest_heisenberg_projection,3,2,0.05,6,0.0003,10,0.0,0.0,0.0,0.0,0.0,0.0,0.0,0.0,0.0,0.02734260785797854,0.02645252545101152,5.715222817774257e-16,0.030412004403691052,0.0,0.0
nearest_heisenberg_projection,3,2,0.05,6,0.001,10,0.0,0.0,0.0,0.0,0.0,0.0,0.0,0.0,0.0,0.02734260785797854,0.02645252545101152,5.715222817774257e-16,0.030412004403691052,0.0,0.0
nearest_heisenberg_projection,3,2,0.05,6,0.003,10,0.0,0.0,0.0,0.0,0.0,0.0,0.0,0.0,0.0,0.02734260785797854,0.02645252545101152,5.715222817774257e-16,0.030412004403691052,0.0,0.0
nearest_heisenberg_projection,3,2,0.05,6,0.01,10,0.0,0.0,0.0,0.0,0.0,0.0,0.0,0.0,0.0,0.02734260785797854,0.02645252545101152,5.715222817774257e-16,0.030412004403691052,0.0,0.0
nearest_heisenberg_projection,3,2,0.05,9,0.0001,10,0.0,0.0,0.0,0.0,0.0,0.0,0.0,0.0,0.0,0.02734260785797854,0.02645252545101152,5.715222817774257e-16,0.030412004403691052,0.0,0.0
nearest_heisenberg_projection,3,2,0.05,9,0.0003,10,0.0,0.0,0.0,0.0,0.0,0.0,0.0,0.0,0.0,0.02734260785797854,0.02645252545101152,5.715222817774257e-16,0.030412004403691052,0.0,0.0
nearest_heisenberg_projection,3,2,0.05,9,0.001,10,0.0,0.0,0.0,0.0,0.0,0.0,0.0,0.0,0.0,0.02734260785797854,0.02645252545101152,5.715222817774257e-16,0.030412004403691052,0.0,0.0
nearest_heisenberg_projection,3,2,0.05,9,0.003,10,0.0,0.0,0.0,0.0,0.0,0.0,0.0,0.0,0.0,0.02734260785797854,0.02645252545101152,5.715222817774257e-16,0.030412004403691052,0.0,0.0
nearest_heisenberg_projection,3,2,0.05,9,0.01,10,0.0,0.0,0.0,0.0,0.0,0.0,0.0,0.0,0.0,0.02734260785797854,0.02645252545101152,5.715222817774257e-16,0.030412004403691052,0.0,0.0
nearest_unitary_projection,2,2,0.0,2,0.0001,10,0.0,1.0,1.0,1.0,1.0,0.0,0.0,0.0,1.0,,2.1212730542245127e-15,2.1212730542245127e-15,7.76761993635296e-09,1.273038459584053e-15,0.0
nearest_unitary_projection,2,2,0.0,2,0.0003,10,0.0,1.0,1.0,1.0,1.0,0.0,0.0,0.0,1.0,,2.1212730542245127e-15,2.1212730542245127e-15,7.76761993635296e-09,1.273038459584053e-15,0.0
nearest_unitary_projection,2,2,0.0,2,0.001,10,0.0,1.0,1.0,1.0,1.0,0.0,0.0,0.0,1.0,,2.1212730542245127e-15,2.1212730542245127e-15,7.76761993635296e-09,1.273038459584053e-15,0.0
nearest_unitary_projection,2,2,0.0,2,0.003,10,0.0,1.0,1.0,1.0,1.0,0.0,0.0,0.0,1.0,,2.1212730542245127e-15,2.1212730542245127e-15,7.76761993635296e-09,1.273038459584053e-15,0.0
nearest_unitary_projection,2,2,0.0,2,0.01,10,0.0,1.0,1.0,1.0,1.0,0.0,0.0,0.0,1.0,,2.1212730542245127e-15,2.1212730542245127e-15,7.76761993635296e-09,1.273038459584053e-15,0.0
nearest_unitary_projection,2,2,0.0,4,0.0001,10,0.0,1.0,1.0,1.0,1.0,1.0,0.0,0.0,0.0,,2.1212730542245127e-15,2.1212730542245127e-15,7.76761993635296e-09,1.273038459584053e-15,0.0
nearest_unitary_projection,2,2,0.0,4,0.0003,10,0.0,1.0,1.0,1.0,1.0,1.0,0.0,0.0,0.0,,2.1212730542245127e-15,2.1212730542245127e-15,7.76761993635296e-09,1.273038459584053e-15,0.0
nearest_unitary_projection,2,2,0.0,4,0.001,10,0.0,1.0,1.0,1.0,1.0,1.0,0.0,0.0,0.0,,2.1212730542245127e-15,2.1212730542245127e-15,7.76761993635296e-09,1.273038459584053e-15,0.0
nearest_unitary_projection,2,2,0.0,4,0.003,10,0.0,1.0,1.0,1.0,1.0,1.0,0.0,0.0,0.0,,2.1212730542245127e-15,2.1212730542245127e-15,7.76761993635296e-09,1.273038459584053e-15,0.0
nearest_unitary_projection,2,2,0.0,4,0.01,10,0.0,1.0,1.0,1.0,1.0,1.0,0.0,0.0,0.0,,2.1212730542245127e-15,2.1212730542245127e-15,7.76761993635296e-09,1.273038459584053e-15,0.0
nearest_unitary_projection,2,2,0.0001,2,0.0001,10,0.0,0.9,0.9,0.9,0.9,0.0,0.0,0.0,0.9,,0.00020737153828872404,0.00020737153828872404,0.00020129037073836703,0.00010038910122166281,0.0
nearest_unitary_projection,2,2,0.0001,2,0.0003,10,0.0,0.9,0.9,0.9,0.9,0.0,0.0,0.0,0.9,,0.00020737153828872404,0.00020737153828872404,0.00020129037073836703,0.00010038910122166281,0.0
nearest_unitary_projection,2,2,0.0001,2,0.001,10,0.0,0.9,0.9,0.9,0.9,0.0,0.0,0.0,0.9,,0.00020737153828872404,0.00020737153828872404,0.00020129037073836703,0.00010038910122166281,0.0
nearest_unitary_projection,2,2,0.0001,2,0.003,10,0.0,0.9,0.9,0.9,0.9,0.0,0.0,0.0,0.9,,0.00020737153828872404,0.00020737153828872404,0.00020129037073836703,0.00010038910122166281,0.0
nearest_unitary_projection,2,2,0.0001,2,0.01,10,0.0,0.9,0.9,0.9,0.9,0.0,0.0,0.0,0.9,,0.00020737153828872404,0.00020737153828872404,0.00020129037073836703,0.00010038910122166281,0.0
nearest_unitary_projection,2,2,0.0001,4,0.0001,10,0.0,0.9,0.9,0.9,0.9,0.9,0.0,0.0,0.0,,0.00020737153828872404,0.00020737153828872404,0.00020129037073836703,0.00010038910122166281,0.0
nearest_unitary_projection,2,2,0.0001,4,0.0003,10,0.0,0.9,0.9,0.9,0.9,0.9,0.0,0.0,0.0,,0.00020737153828872404,0.00020737153828872404,0.00020129037073836703,0.00010038910122166281,0.0
nearest_unitary_projection,2,2,0.0001,4,0.001,10,0.0,0.9,0.9,0.9,0.9,0.9,0.0,0.0,0.0,,0.00020737153828872404,0.00020737153828872404,0.00020129037073836703,0.00010038910122166281,0.0
nearest_unitary_projection,2,2,0.0001,4,0.003,10,0.0,0.9,0.9,0.9,0.9,0.9,0.0,0.0,0.0,,0.00020737153828872404,0.00020737153828872404,0.00020129037073836703,0.00010038910122166281,0.0
nearest_unitary_projection,2,2,0.0001,4,0.01,10,0.0,0.9,0.9,0.9,0.9,0.9,0.0,0.0,0.0,,0.00020737153828872404,0.00020737153828872404,0.00020129037073836703,0.00010038910122166281,0.0
nearest_unitary_projection,2,2,0.0003,2,0.0001,10,0.0,0.0,0.0,0.0,0.0,0.0,0.0,0.0,0.0,,0.00062229449621383,0.00062229449621383,0.0006083408160144394,0.00030118469882120345,0.0
nearest_unitary_projection,2,2,0.0003,2,0.0003,10,0.0,0.0,0.0,0.0,0.0,0.0,0.0,0.0,0.0,,0.00062229449621383,0.00062229449621383,0.0006083408160144394,0.00030118469882120345,0.0
nearest_unitary_projection,2,2,0.0003,2,0.001,10,0.0,0.0,0.0,0.0,0.0,0.0,0.0,0.0,0.0,,0.00062229449621383,0.00062229449621383,0.0006083408160144394,0.00030118469882120345,0.0
nearest_unitary_projection,2,2,0.0003,2,0.003,10,0.0,0.0,0.0,0.0,0.0,0.0,0.0,0.0,0.0,,0.00062229449621383,0.00062229449621383,0.0006083408160144394,0.00030118469882120345,0.0
nearest_unitary_projection,2,2,0.0003,2,0.01,10,0.0,0.0,0.0,0.0,0.0,0.0,0.0,0.0,0.0,,0.00062229449621383,0.00062229449621383,0.0006083408160144394,0.00030118469882120345,0.0
nearest_unitary_projection,2,2,0.0003,4,0.0001,10,0.0,0.0,0.0,0.0,0.0,0.0,0.0,0.0,0.0,,0.00062229449621383,0.00062229449621383,0.0006083408160144394,0.00030118469882120345,0.0
nearest_unitary_projection,2,2,0.0003,4,0.0003,10,0.0,0.0,0.0,0.0,0.0,0.0,0.0,0.0,0.0,,0.00062229449621383,0.00062229449621383,0.0006083408160144394,0.00030118469882120345,0.0
nearest_unitary_projection,2,2,0.0003,4,0.001,10,0.0,0.0,0.0,0.0,0.0,0.0,0.0,0.0,0.0,,0.00062229449621383,0.00062229449621383,0.0006083408160144394,0.00030118469882120345,0.0
nearest_unitary_projection,2,2,0.0003,4,0.003,10,0.0,0.0,0.0,0.0,0.0,0.0,0.0,0.0,0.0,,0.00062229449621383,0.00062229449621383,0.0006083408160144394,0.00030118469882120345,0.0
nearest_unitary_projection,2,2,0.0003,4,0.01,10,0.0,0.0,0.0,0.0,0.0,0.0,0.0,0.0,0.0,,0.00062229449621383,0.00062229449621383,0.0006083408160144394,0.00030118469882120345,0.0
nearest_unitary_projection,2,2,0.001,2,0.0001,10,0.0,0.0,0.0,0.0,0.0,0.0,0.0,0.0,0.0,,0.002076530814143211,0.002076530814143211,0.002171288878831901,0.0010042590918134197,0.0
nearest_unitary_projection,2,2,0.001,2,0.0003,10,0.0,0.0,0.0,0.0,0.0,0.0,0.0,0.0,0.0,,0.002076530814143211,0.002076530814143211,0.002171288878831901,0.0010042590918134197,0.0
nearest_unitary_projection,2,2,0.001,2,0.001,10,0.0,0.0,0.0,0.0,0.0,0.0,0.0,0.0,0.0,,0.002076530814143211,0.002076530814143211,0.002171288878831901,0.0010042590918134197,0.0
nearest_unitary_projection,2,2,0.001,2,0.003,10,0.0,0.0,0.0,0.0,0.0,0.0,0.0,0.0,0.0,,0.002076530814143211,0.002076530814143211,0.002171288878831901,0.0010042590918134197,0.0
nearest_unitary_projection,2,2,0.001,2,0.01,10,0.0,0.0,0.0,0.0,0.0,0.0,0.0,0.0,0.0,,0.002076530814143211,0.002076530814143211,0.002171288878831901,0.0010042590918134197,0.0
nearest_unitary_projection,2,2,0.001,4,0.0001,10,0.0,0.0,0.0,0.0,0.0,0.0,0.0,0.0,0.0,,0.002076530814143211,0.002076530814143211,0.002171288878831901,0.0010042590918134197,0.0
nearest_unitary_projection,2,2,0.001,4,0.0003,10,0.0,0.0,0.0,0.0,0.0,0.0,0.0,0.0,0.0,,0.002076530814143211,0.002076530814143211,0.002171288878831901,0.0010042590918134197,0.0
nearest_unitary_projection,2,2,0.001,4,0.001,10,0.0,0.0,0.0,0.0,0.0,0.0,0.0,0.0,0.0,,0.002076530814143211,0.002076530814143211,0.002171288878831901,0.0010042590918134197,0.0
nearest_unitary_projection,2,2,0.001,4,0.003,10,0.0,0.0,0.0,0.0,0.0,0.0,0.0,0.0,0.0,,0.002076530814143211,0.002076530814143211,0.002171288878831901,0.0010042590918134197,0.0
nearest_unitary_projection,2,2,0.001,4,0.01,10,0.0,0.0,0.0,0.0,0.0,0.0,0.0,0.0,0.0,,0.002076530814143211,0.002076530814143211,0.002171288878831901,0.0010042590918134197,0.0
nearest_unitary_projection,2,2,0.003,2,0.0001,10,0.0,0.0,0.0,0.0,0.0,0.0,0.0,0.0,0.0,,0.00626705265412681,0.00626705265412681,0.009253904464330245,0.0030180568013031344,0.0
nearest_unitary_projection,2,2,0.003,2,0.0003,10,0.0,0.0,0.0,0.0,0.0,0.0,0.0,0.0,0.0,,0.00626705265412681,0.00626705265412681,0.009253904464330245,0.0030180568013031344,0.0
nearest_unitary_projection,2,2,0.003,2,0.001,10,0.0,0.0,0.0,0.0,0.0,0.0,0.0,0.0,0.0,,0.00626705265412681,0.00626705265412681,0.009253904464330245,0.0030180568013031344,0.0
nearest_unitary_projection,2,2,0.003,2,0.003,10,0.0,0.0,0.0,0.0,0.0,0.0,0.0,0.0,0.0,,0.00626705265412681,0.00626705265412681,0.009253904464330245,0.0030180568013031344,0.0
nearest_unitary_projection,2,2,0.003,2,0.01,10,0.0,0.0,0.0,0.0,0.0,0.0,0.0,0.0,0.0,,0.00626705265412681,0.00626705265412681,0.009253904464330245,0.0030180568013031344,0.0
nearest_unitary_projection,2,2,0.003,4,0.0001,10,0.0,0.0,0.0,0.0,0.0,0.0,0.0,0.0,0.0,,0.00626705265412681,0.00626705265412681,0.009253904464330245,0.0030180568013031344,0.0
nearest_unitary_projection,2,2,0.003,4,0.0003,10,0.0,0.0,0.0,0.0,0.0,0.0,0.0,0.0,0.0,,0.00626705265412681,0.00626705265412681,0.009253904464330245,0.0030180568013031344,0.0
nearest_unitary_projection,2,2,0.003,4,0.001,10,0.0,0.0,0.0,0.0,0.0,0.0,0.0,0.0,0.0,,0.00626705265412681,0.00626705265412681,0.009253904464330245,0.0030180568013031344,0.0
nearest_unitary_projection,2,2,0.003,4,0.003,10,0.0,0.0,0.0,0.0,0.0,0.0,0.0,0.0,0.0,,0.00626705265412681,0.00626705265412681,0.009253904464330245,0.0030180568013031344,0.0
nearest_unitary_projection,2,2,0.003,4,0.01,10,0.0,0.0,0.0,0.0,0.0,0.0,0.0,0.0,0.0,,0.00626705265412681,0.00626705265412681,0.009253904464330245,0.0030180568013031344,0.0
nearest_unitary_projection,2,2,0.01,2,0.0001,10,0.0,0.0,0.0,0.0,0.0,0.0,0.0,0.0,0.0,,0.0217192916830886,0.0217192916830886,0.07132852815158024,0.010197105341971852,0.0
nearest_unitary_projection,2,2,0.01,2,0.0003,10,0.0,0.0,0.0,0.0,0.0,0.0,0.0,0.0,0.0,,0.0217192916830886,0.0217192916830886,0.07132852815158024,0.010197105341971852,0.0
nearest_unitary_projection,2,2,0.01,2,0.001,10,0.0,0.0,0.0,0.0,0.0,0.0,0.0,0.0,0.0,,0.0217192916830886,0.0217192916830886,0.07132852815158024,0.010197105341971852,0.0
nearest_unitary_projection,2,2,0.01,2,0.003,10,0.0,0.0,0.0,0.0,0.0,0.0,0.0,0.0,0.0,,0.0217192916830886,0.0217192916830886,0.07132852815158024,0.010197105341971852,0.0
nearest_unitary_projection,2,2,0.01,2,0.01,10,0.0,0.0,0.0,0.0,0.0,0.0,0.0,0.0,0.0,,0.0217192916830886,0.0217192916830886,0.07132852815158024,0.010197105341971852,0.0
nearest_unitary_projection,2,2,0.01,4,0.0001,10,0.0,0.0,0.0,0.0,0.0,0.0,0.0,0.0,0.0,,0.0217192916830886,0.0217192916830886,0.07132852815158024,0.010197105341971852,0.0
nearest_unitary_projection,2,2,0.01,4,0.0003,10,0.0,0.0,0.0,0.0,0.0,0.0,0.0,0.0,0.0,,0.0217192916830886,0.0217192916830886,0.07132852815158024,0.010197105341971852,0.0
nearest_unitary_projection,2,2,0.01,4,0.001,10,0.0,0.0,0.0,0.0,0.0,0.0,0.0,0.0,0.0,,0.0217192916830886,0.0217192916830886,0.07132852815158024,0.010197105341971852,0.0
nearest_unitary_projection,2,2,0.01,4,0.003,10,0.0,0.0,0.0,0.0,0.0,0.0,0.0,0.0,0.0,,0.0217192916830886,0.0217192916830886,0.07132852815158024,0.010197105341971852,0.0
nearest_unitary_projection,2,2,0.01,4,0.01,10,0.0,0.0,0.0,0.0,0.0,0.0,0.0,0.0,0.0,,0.0217192916830886,0.0217192916830886,0.07132852815158024,0.010197105341971852,0.0
nearest_unitary_projection,2,2,0.03,2,0.0001,10,0.0,0.0,0.0,0.0,0.0,0.0,0.0,0.0,0.0,,0.07655461746271693,0.07655461746271693,0.3375130506867504,0.03237571632144422,0.0
nearest_unitary_projection,2,2,0.03,2,0.0003,10,0.0,0.0,0.0,0.0,0.0,0.0,0.0,0.0,0.0,,0.07655461746271693,0.07655461746271693,0.3375130506867504,0.03237571632144422,0.0
nearest_unitary_projection,2,2,0.03,2,0.001,10,0.0,0.0,0.0,0.0,0.0,0.0,0.0,0.0,0.0,,0.07655461746271693,0.07655461746271693,0.3375130506867504,0.03237571632144422,0.0
nearest_unitary_projection,2,2,0.03,2,0.003,10,0.0,0.0,0.0,0.0,0.0,0.0,0.0,0.0,0.0,,0.07655461746271693,0.07655461746271693,0.3375130506867504,0.03237571632144422,0.0
nearest_unitary_projection,2,2,0.03,2,0.01,10,0.0,0.0,0.0,0.0,0.0,0.0,0.0,0.0,0.0,,0.07655461746271693,0.07655461746271693,0.3375130506867504,0.03237571632144422,0.0
nearest_unitary_projection,2,2,0.03,4,0.0001,10,0.0,0.0,0.0,0.0,0.0,0.0,0.0,0.0,0.0,,0.07655461746271693,0.07655461746271693,0.3375130506867504,0.03237571632144422,0.0
nearest_unitary_projection,2,2,0.03,4,0.0003,10,0.0,0.0,0.0,0.0,0.0,0.0,0.0,0.0,0.0,,0.07655461746271693,0.07655461746271693,0.3375130506867504,0.03237571632144422,0.0
nearest_unitary_projection,2,2,0.03,4,0.001,10,0.0,0.0,0.0,0.0,0.0,0.0,0.0,0.0,0.0,,0.07655461746271693,0.07655461746271693,0.3375130506867504,0.03237571632144422,0.0
nearest_unitary_projection,2,2,0.03,4,0.003,10,0.0,0.0,0.0,0.0,0.0,0.0,0.0,0.0,0.0,,0.07655461746271693,0.07655461746271693,0.3375130506867504,0.03237571632144422,0.0
nearest_unitary_projection,2,2,0.03,4,0.01,10,0.0,0.0,0.0,0.0,0.0,0.0,0.0,0.0,0.0,,0.07655461746271693,0.07655461746271693,0.3375130506867504,0.03237571632144422,0.0
nearest_unitary_projection,2,2,0.05,2,0.0001,10,0.0,0.0,0.0,0.0,0.0,0.0,0.0,0.0,0.0,,0.15255907145289072,0.15255907145289072,0.5022602114537393,0.05916437346555612,0.0
nearest_unitary_projection,2,2,0.05,2,0.0003,10,0.0,0.0,0.0,0.0,0.0,0.0,0.0,0.0,0.0,,0.15255907145289072,0.15255907145289072,0.5022602114537393,0.05916437346555612,0.0
nearest_unitary_projection,2,2,0.05,2,0.001,10,0.0,0.0,0.0,0.0,0.0,0.0,0.0,0.0,0.0,,0.15255907145289072,0.15255907145289072,0.5022602114537393,0.05916437346555612,0.0
nearest_unitary_projection,2,2,0.05,2,0.003,10,0.0,0.0,0.0,0.0,0.0,0.0,0.0,0.0,0.0,,0.15255907145289072,0.15255907145289072,0.5022602114537393,0.05916437346555612,0.0
nearest_unitary_projection,2,2,0.05,2,0.01,10,0.0,0.0,0.0,0.0,0.0,0.0,0.0,0.0,0.0,,0.15255907145289072,0.15255907145289072,0.5022602114537393,0.05916437346555612,0.0
nearest_unitary_projection,2,2,0.05,4,0.0001,10,0.0,0.0,0.0,0.0,0.0,0.0,0.0,0.0,0.0,,0.15255907145289072,0.15255907145289072,0.5022602114537393,0.05916437346555612,0.0
nearest_unitary_projection,2,2,0.05,4,0.0003,10,0.0,0.0,0.0,0.0,0.0,0.0,0.0,0.0,0.0,,0.15255907145289072,0.15255907145289072,0.5022602114537393,0.05916437346555612,0.0
nearest_unitary_projection,2,2,0.05,4,0.001,10,0.0,0.0,0.0,0.0,0.0,0.0,0.0,0.0,0.0,,0.15255907145289072,0.15255907145289072,0.5022602114537393,0.05916437346555612,0.0
nearest_unitary_projection,2,2,0.05,4,0.003,10,0.0,0.0,0.0,0.0,0.0,0.0,0.0,0.0,0.0,,0.15255907145289072,0.15255907145289072,0.5022602114537393,0.05916437346555612,0.0
nearest_unitary_projection,2,2,0.05,4,0.01,10,0.0,0.0,0.0,0.0,0.0,0.0,0.0,0.0,0.0,,0.15255907145289072,0.15255907145289072,0.5022602114537393,0.05916437346555612,0.0
nearest_unitary_projection,3,2,0.0,3,0.0001,10,0.0,1.0,1.0,1.0,1.0,0.0,0.0,0.0,1.0,,3.2755130527757902e-15,3.2755130527757902e-15,9.449294274397756e-11,1.8605653360976903e-15,0.0
nearest_unitary_projection,3,2,0.0,3,0.0003,10,0.0,1.0,1.0,1.0,1.0,0.0,0.0,0.0,1.0,,3.2755130527757902e-15,3.2755130527757902e-15,9.449294274397756e-11,1.8605653360976903e-15,0.0
nearest_unitary_projection,3,2,0.0,3,0.001,10,0.0,1.0,1.0,1.0,1.0,0.0,0.0,0.0,1.0,,3.2755130527757902e-15,3.2755130527757902e-15,9.449294274397756e-11,1.8605653360976903e-15,0.0
nearest_unitary_projection,3,2,0.0,3,0.003,10,0.0,1.0,1.0,1.0,1.0,0.0,0.0,0.0,1.0,,3.2755130527757902e-15,3.2755130527757902e-15,9.449294274397756e-11,1.8605653360976903e-15,0.0
nearest_unitary_projection,3,2,0.0,3,0.01,10,0.0,1.0,1.0,1.0,1.0,0.0,0.0,0.0,1.0,,3.2755130527757902e-15,3.2755130527757902e-15,9.449294274397756e-11,1.8605653360976903e-15,0.0
nearest_unitary_projection,3,2,0.0,6,0.0001,10,0.0,1.0,1.0,1.0,1.0,0.0,0.0,0.0,1.0,,3.2755130527757902e-15,3.2755130527757902e-15,9.449294274397756e-11,1.8605653360976903e-15,0.0
nearest_unitary_projection,3,2,0.0,6,0.0003,10,0.0,1.0,1.0,1.0,1.0,0.0,0.0,0.0,1.0,,3.2755130527757902e-15,3.2755130527757902e-15,9.449294274397756e-11,1.8605653360976903e-15,0.0
nearest_unitary_projection,3,2,0.0,6,0.001,10,0.0,1.0,1.0,1.0,1.0,0.0,0.0,0.0,1.0,,3.2755130527757902e-15,3.2755130527757902e-15,9.449294274397756e-11,1.8605653360976903e-15,0.0
nearest_unitary_projection,3,2,0.0,6,0.003,10,0.0,1.0,1.0,1.0,1.0,0.0,0.0,0.0,1.0,,3.2755130527757902e-15,3.2755130527757902e-15,9.449294274397756e-11,1.8605653360976903e-15,0.0
nearest_unitary_projection,3,2,0.0,6,0.01,10,0.0,1.0,1.0,1.0,1.0,0.0,0.0,0.0,1.0,,3.2755130527757902e-15,3.2755130527757902e-15,9.449294274397756e-11,1.8605653360976903e-15,0.0
nearest_unitary_projection,3,2,0.0,9,0.0001,10,0.0,1.0,1.0,1.0,1.0,1.0,0.0,0.0,0.0,,3.2755130527757902e-15,3.2755130527757902e-15,9.449294274397756e-11,1.8605653360976903e-15,0.0
nearest_unitary_projection,3,2,0.0,9,0.0003,10,0.0,1.0,1.0,1.0,1.0,1.0,0.0,0.0,0.0,,3.2755130527757902e-15,3.2755130527757902e-15,9.449294274397756e-11,1.8605653360976903e-15,0.0
nearest_unitary_projection,3,2,0.0,9,0.001,10,0.0,1.0,1.0,1.0,1.0,1.0,0.0,0.0,0.0,,3.2755130527757902e-15,3.2755130527757902e-15,9.449294274397756e-11,1.8605653360976903e-15,0.0
nearest_unitary_projection,3,2,0.0,9,0.003,10,0.0,1.0,1.0,1.0,1.0,1.0,0.0,0.0,0.0,,3.2755130527757902e-15,3.2755130527757902e-15,9.449294274397756e-11,1.8605653360976903e-15,0.0
nearest_unitary_projection,3,2,0.0,9,0.01,10,0.0,1.0,1.0,1.0,1.0,1.0,0.0,0.0,0.0,,3.2755130527757902e-15,3.2755130527757902e-15,9.449294274397756e-11,1.8605653360976903e-15,0.0
nearest_unitary_projection,3,2,0.0001,3,0.0001,10,0.0,1.0,1.0,1.0,1.0,0.0,0.0,0.0,1.0,,3.908619001836537e-05,3.908619001836537e-05,4.116013021200186e-05,2.0604889251332395e-05,0.0
nearest_unitary_projection,3,2,0.0001,3,0.0003,10,0.0,1.0,1.0,1.0,1.0,0.0,0.0,0.0,1.0,,3.908619001836537e-05,3.908619001836537e-05,4.116013021200186e-05,2.0604889251332395e-05,0.0
nearest_unitary_projection,3,2,0.0001,3,0.001,10,0.0,1.0,1.0,1.0,1.0,0.0,0.0,0.0,1.0,,3.908619001836537e-05,3.908619001836537e-05,4.116013021200186e-05,2.0604889251332395e-05,0.0
nearest_unitary_projection,3,2,0.0001,3,0.003,10,0.0,1.0,1.0,1.0,1.0,0.0,0.0,0.0,1.0,,3.908619001836537e-05,3.908619001836537e-05,4.116013021200186e-05,2.0604889251332395e-05,0.0
nearest_unitary_projection,3,2,0.0001,3,0.01,10,0.0,1.0,1.0,1.0,1.0,0.0,0.0,0.0,1.0,,3.908619001836537e-05,3.908619001836537e-05,4.116013021200186e-05,2.0604889251332395e-05,0.0
nearest_unitary_projection,3,2,0.0001,6,0.0001,10,0.0,1.0,1.0,1.0,1.0,0.0,0.0,0.0,1.0,,3.908619001836537e-05,3.908619001836537e-05,4.116013021200186e-05,2.0604889251332395e-05,0.0
nearest_unitary_projection,3,2,0.0001,6,0.0003,10,0.0,1.0,1.0,1.0,1.0,0.0,0.0,0.0,1.0,,3.908619001836537e-05,3.908619001836537e-05,4.116013021200186e-05,2.0604889251332395e-05,0.0
nearest_unitary_projection,3,2,0.0001,6,0.001,10,0.0,1.0,1.0,1.0,1.0,0.0,0.0,0.0,1.0,,3.908619001836537e-05,3.908619001836537e-05,4.116013021200186e-05,2.0604889251332395e-05,0.0
nearest_unitary_projection,3,2,0.0001,6,0.003,10,0.0,1.0,1.0,1.0,1.0,0.0,0.0,0.0,1.0,,3.908619001836537e-05,3.908619001836537e-05,4.116013021200186e-05,2.0604889251332395e-05,0.0
nearest_unitary_projection,3,2,0.0001,6,0.01,10,0.0,1.0,1.0,1.0,1.0,0.0,0.0,0.0,1.0,,3.908619001836537e-05,3.908619001836537e-05,4.116013021200186e-05,2.0604889251332395e-05,0.0
nearest_unitary_projection,3,2,0.0001,9,0.0001,10,0.0,1.0,1.0,1.0,1.0,1.0,0.0,0.0,0.0,,3.908619001836537e-05,3.908619001836537e-05,4.116013021200186e-05,2.0604889251332395e-05,0.0
nearest_unitary_projection,3,2,0.0001,9,0.0003,10,0.0,1.0,1.0,1.0,1.0,1.0,0.0,0.0,0.0,,3.908619001836537e-05,3.908619001836537e-05,4.116013021200186e-05,2.0604889251332395e-05,0.0
nearest_unitary_projection,3,2,0.0001,9,0.001,10,0.0,1.0,1.0,1.0,1.0,1.0,0.0,0.0,0.0,,3.908619001836537e-05,3.908619001836537e-05,4.116013021200186e-05,2.0604889251332395e-05,0.0
nearest_unitary_projection,3,2,0.0001,9,0.003,10,0.0,1.0,1.0,1.0,1.0,1.0,0.0,0.0,0.0,,3.908619001836537e-05,3.908619001836537e-05,4.116013021200186e-05,2.0604889251332395e-05,0.0
nearest_unitary_projection,3,2,0.0001,9,0.01,10,0.0,1.0,1.0,1.0,1.0,1.0,0.0,0.0,0.0,,3.908619001836537e-05,3.908619001836537e-05,4.116013021200186e-05,2.0604889251332395e-05,0.0
nearest_unitary_projection,3,2,0.0003,3,0.0001,10,0.0,1.0,1.0,1.0,1.0,0.0,0.0,0.0,1.0,,0.00011725401831128672,0.00011725401831128672,0.00012348201777230303,6.181364816757408e-05,0.0
nearest_unitary_projection,3,2,0.0003,3,0.0003,10,0.0,1.0,1.0,1.0,1.0,0.0,0.0,0.0,1.0,,0.00011725401831128672,0.00011725401831128672,0.00012348201777230303,6.181364816757408e-05,0.0
nearest_unitary_projection,3,2,0.0003,3,0.001,10,0.0,1.0,1.0,1.0,1.0,0.0,0.0,0.0,1.0,,0.00011725401831128672,0.00011725401831128672,0.00012348201777230303,6.181364816757408e-05,0.0
nearest_unitary_projection,3,2,0.0003,3,0.003,10,0.0,1.0,1.0,1.0,1.0,0.0,0.0,0.0,1.0,,0.00011725401831128672,0.00011725401831128672,0.00012348201777230303,6.181364816757408e-05,0.0
nearest_unitary_projection,3,2,0.0003,3,0.01,10,0.0,1.0,1.0,1.0,1.0,0.0,0.0,0.0,1.0,,0.00011725401831128672,0.00011725401831128672,0.00012348201777230303,6.181364816757408e-05,0.0
nearest_unitary_projection,3,2,0.0003,6,0.0001,10,0.0,1.0,1.0,1.0,1.0,0.0,0.0,0.0,1.0,,0.00011725401831128672,0.00011725401831128672,0.00012348201777230303,6.181364816757408e-05,0.0
nearest_unitary_projection,3,2,0.0003,6,0.0003,10,0.0,1.0,1.0,1.0,1.0,0.0,0.0,0.0,1.0,,0.00011725401831128672,0.00011725401831128672,0.00012348201777230303,6.181364816757408e-05,0.0
nearest_unitary_projection,3,2,0.0003,6,0.001,10,0.0,1.0,1.0,1.0,1.0,0.0,0.0,0.0,1.0,,0.00011725401831128672,0.00011725401831128672,0.00012348201777230303,6.181364816757408e-05,0.0
nearest_unitary_projection,3,2,0.0003,6,0.003,10,0.0,1.0,1.0,1.0,1.0,0.0,0.0,0.0,1.0,,0.00011725401831128672,0.00011725401831128672,0.00012348201777230303,6.181364816757408e-05,0.0
nearest_unitary_projection,3,2,0.0003,6,0.01,10,0.0,1.0,1.0,1.0,1.0,0.0,0.0,0.0,1.0,,0.00011725401831128672,0.00011725401831128672,0.00012348201777230303,6.181364816757408e-05,0.0
nearest_unitary_projection,3,2,0.0003,9,0.0001,10,0.0,1.0,1.0,1.0,1.0,1.0,0.0,0.0,0.0,,0.00011725401831128672,0.00011725401831128672,0.00012348201777230303,6.181364816757408e-05,0.0
nearest_unitary_projection,3,2,0.0003,9,0.0003,10,0.0,1.0,1.0,1.0,1.0,1.0,0.0,0.0,0.0,,0.00011725401831128672,0.00011725401831128672,0.00012348201777230303,6.181364816757408e-05,0.0
nearest_unitary_projection,3,2,0.0003,9,0.001,10,0.0,1.0,1.0,1.0,1.0,1.0,0.0,0.0,0.0,,0.00011725401831128672,0.00011725401831128672,0.00012348201777230303,6.181364816757408e-05,0.0
nearest_unitary_projection,3,2,0.0003,9,0.003,10,0.0,1.0,1.0,1.0,1.0,1.0,0.0,0.0,0.0,,0.00011725401831128672,0.00011725401831128672,0.00012348201777230303,6.181364816757408e-05,0.0
nearest_unitary_projection,3,2,0.0003,9,0.01,10,0.0,1.0,1.0,1.0,1.0,1.0,0.0,0.0,0.0,,0.00011725401831128672,0.00011725401831128672,0.00012348201777230303,6.181364816757408e-05,0.0
nearest_unitary_projection,3,2,0.001,3,0.0001,10,0.0,0.0,0.0,0.0,0.0,0.0,0.0,0.0,0.0,,0.0003907955262270052,0.0003907955262270052,0.00041169029778258286,0.0002060338954720096,0.0
nearest_unitary_projection,3,2,0.001,3,0.0003,10,0.0,0.0,0.0,0.0,0.0,0.0,0.0,0.0,0.0,,0.0003907955262270052,0.0003907955262270052,0.00041169029778258286,0.0002060338954720096,0.0
nearest_unitary_projection,3,2,0.001,3,0.001,10,0.0,0.0,0.0,0.0,0.0,0.0,0.0,0.0,0.0,,0.0003907955262270052,0.0003907955262270052,0.00041169029778258286,0.0002060338954720096,0.0
nearest_unitary_projection,3,2,0.001,3,0.003,10,0.0,0.0,0.0,0.0,0.0,0.0,0.0,0.0,0.0,,0.0003907955262270052,0.0003907955262270052,0.00041169029778258286,0.0002060338954720096,0.0
nearest_unitary_projection,3,2,0.001,3,0.01,10,0.0,0.0,0.0,0.0,0.0,0.0,0.0,0.0,0.0,,0.0003907955262270052,0.0003907955262270052,0.00041169029778258286,0.0002060338954720096,0.0
nearest_unitary_projection,3,2,0.001,6,0.0001,10,0.0,0.0,0.0,0.0,0.0,0.0,0.0,0.0,0.0,,0.0003907955262270052,0.0003907955262270052,0.00041169029778258286,0.0002060338954720096,0.0
nearest_unitary_projection,3,2,0.001,6,0.0003,10,0.0,0.0,0.0,0.0,0.0,0.0,0.0,0.0,0.0,,0.0003907955262270052,0.0003907955262270052,0.00041169029778258286,0.0002060338954720096,0.0
nearest_unitary_projection,3,2,0.001,6,0.001,10,0.0,0.0,0.0,0.0,0.0,0.0,0.0,0.0,0.0,,0.0003907955262270052,0.0003907955262270052,0.00041169029778258286,0.0002060338954720096,0.0
nearest_unitary_projection,3,2,0.001,6,0.003,10,0.0,0.0,0.0,0.0,0.0,0.0,0.0,0.0,0.0,,0.0003907955262270052,0.0003907955262270052,0.00041169029778258286,0.0002060338954720096,0.0
nearest_unitary_projection,3,2,0.001,6,0.01,10,0.0,0.0,0.0,0.0,0.0,0.0,0.0,0.0,0.0,,0.0003907955262270052,0.0003907955262270052,0.00041169029778258286,0.0002060338954720096,0.0
nearest_unitary_projection,3,2,0.001,9,0.0001,10,0.0,0.0,0.0,0.0,0.0,0.0,0.0,0.0,0.0,,0.0003907955262270052,0.0003907955262270052,0.00041169029778258286,0.0002060338954720096,0.0
nearest_unitary_projection,3,2,0.001,9,0.0003,10,0.0,0.0,0.0,0.0,0.0,0.0,0.0,0.0,0.0,,0.0003907955262270052,0.0003907955262270052,0.00041169029778258286,0.0002060338954720096,0.0
nearest_unitary_projection,3,2,0.001,9,0.001,10,0.0,0.0,0.0,0.0,0.0,0.0,0.0,0.0,0.0,,0.0003907955262270052,0.0003907955262270052,0.00041169029778258286,0.0002060338954720096,0.0
nearest_unitary_projection,3,2,0.001,9,0.003,10,0.0,0.0,0.0,0.0,0.0,0.0,0.0,0.0,0.0,,0.0003907955262270052,0.0003907955262270052,0.00041169029778258286,0.0002060338954720096,0.0
nearest_unitary_projection,3,2,0.001,9,0.01,10,0.0,0.0,0.0,0.0,0.0,0.0,0.0,0.0,0.0,,0.0003907955262270052,0.0003907955262270052,0.00041169029778258286,0.0002060338954720096,0.0
nearest_unitary_projection,3,2,0.003,3,0.0001,10,0.0,0.0,0.0,0.0,0.0,0.0,0.0,0.0,0.0,,0.001172031391599475,0.001172031391599475,0.0012374450023130777,0.0006180099038153677,0.0
nearest_unitary_projection,3,2,0.003,3,0.0003,10,0.0,0.0,0.0,0.0,0.0,0.0,0.0,0.0,0.0,,0.001172031391599475,0.001172031391599475,0.0012374450023130777,0.0006180099038153677,0.0
nearest_unitary_projection,3,2,0.003,3,0.001,10,0.0,0.0,0.0,0.0,0.0,0.0,0.0,0.0,0.0,,0.001172031391599475,0.001172031391599475,0.0012374450023130777,0.0006180099038153677,0.0
nearest_unitary_projection,3,2,0.003,3,0.003,10,0.0,0.0,0.0,0.0,0.0,0.0,0.0,0.0,0.0,,0.001172031391599475,0.001172031391599475,0.0012374450023130777,0.0006180099038153677,0.0
nearest_unitary_projection,3,2,0.003,3,0.01,10,0.0,0.0,0.0,0.0,0.0,0.0,0.0,0.0,0.0,,0.001172031391599475,0.001172031391599475,0.0012374450023130777,0.0006180099038153677,0.0
nearest_unitary_projection,3,2,0.003,6,0.0001,10,0.0,0.0,0.0,0.0,0.0,0.0,0.0,0.0,0.0,,0.001172031391599475,0.001172031391599475,0.0012374450023130777,0.0006180099038153677,0.0
nearest_unitary_projection,3,2,0.003,6,0.0003,10,0.0,0.0,0.0,0.0,0.0,0.0,0.0,0.0,0.0,,0.001172031391599475,0.001172031391599475,0.0012374450023130777,0.0006180099038153677,0.0
nearest_unitary_projection,3,2,0.003,6,0.001,10,0.0,0.0,0.0,0.0,0.0,0.0,0.0,0.0,0.0,,0.001172031391599475,0.001172031391599475,0.0012374450023130777,0.0006180099038153677,0.0
nearest_unitary_projection,3,2,0.003,6,0.003,10,0.0,0.0,0.0,0.0,0.0,0.0,0.0,0.0,0.0,,0.001172031391599475,0.001172031391599475,0.0012374450023130777,0.0006180099038153677,0.0
nearest_unitary_projection,3,2,0.003,6,0.01,10,0.0,0.0,0.0,0.0,0.0,0.0,0.0,0.0,0.0,,0.001172031391599475,0.001172031391599475,0.0012374450023130777,0.0006180099038153677,0.0
nearest_unitary_projection,3,2,0.003,9,0.0001,10,0.0,0.0,0.0,0.0,0.0,0.0,0.0,0.0,0.0,,0.001172031391599475,0.001172031391599475,0.0012374450023130777,0.0006180099038153677,0.0
nearest_unitary_projection,3,2,0.003,9,0.0003,10,0.0,0.0,0.0,0.0,0.0,0.0,0.0,0.0,0.0,,0.001172031391599475,0.001172031391599475,0.0012374450023130777,0.0006180099038153677,0.0
nearest_unitary_projection,3,2,0.003,9,0.001,10,0.0,0.0,0.0,0.0,0.0,0.0,0.0,0.0,0.0,,0.001172031391599475,0.001172031391599475,0.0012374450023130777,0.0006180099038153677,0.0
nearest_unitary_projection,3,2,0.003,9,0.003,10,0.0,0.0,0.0,0.0,0.0,0.0,0.0,0.0,0.0,,0.001172031391599475,0.001172031391599475,0.0012374450023130777,0.0006180099038153677,0.0
nearest_unitary_projection,3,2,0.003,9,0.01,10,0.0,0.0,0.0,0.0,0.0,0.0,0.0,0.0,0.0,,0.001172031391599475,0.001172031391599475,0.0012374450023130777,0.0006180099038153677,0.0
nearest_unitary_projection,3,2,0.01,3,0.0001,10,0.0,0.0,0.0,0.0,0.0,0.0,0.0,0.0,0.0,,0.003903295532067963,0.003903295532067963,0.004215737047894785,0.002059259205899292,0.0
nearest_unitary_projection,3,2,0.01,3,0.0003,10,0.0,0.0,0.0,0.0,0.0,0.0,0.0,0.0,0.0,,0.003903295532067963,0.003903295532067963,0.004215737047894785,0.002059259205899292,0.0
nearest_unitary_projection,3,2,0.01,3,0.001,10,0.0,0.0,0.0,0.0,0.0,0.0,0.0,0.0,0.0,,0.003903295532067963,0.003903295532067963,0.004215737047894785,0.002059259205899292,0.0
nearest_unitary_projection,3,2,0.01,3,0.003,10,0.0,0.0,0.0,0.0,0.0,0.0,0.0,0.0,0.0,,0.003903295532067963,0.003903295532067963,0.004215737047894785,0.002059259205899292,0.0
nearest_unitary_projection,3,2,0.01,3,0.01,10,0.0,0.0,0.0,0.0,0.0,0.0,0.0,0.0,0.0,,0.003903295532067963,0.003903295532067963,0.004215737047894785,0.002059259205899292,0.0
nearest_unitary_projection,3,2,0.01,6,0.0001,10,0.0,0.0,0.0,0.0,0.0,0.0,0.0,0.0,0.0,,0.003903295532067963,0.003903295532067963,0.004215737047894785,0.002059259205899292,0.0
nearest_unitary_projection,3,2,0.01,6,0.0003,10,0.0,0.0,0.0,0.0,0.0,0.0,0.0,0.0,0.0,,0.003903295532067963,0.003903295532067963,0.004215737047894785,0.002059259205899292,0.0
nearest_unitary_projection,3,2,0.01,6,0.001,10,0.0,0.0,0.0,0.0,0.0,0.0,0.0,0.0,0.0,,0.003903295532067963,0.003903295532067963,0.004215737047894785,0.002059259205899292,0.0
nearest_unitary_projection,3,2,0.01,6,0.003,10,0.0,0.0,0.0,0.0,0.0,0.0,0.0,0.0,0.0,,0.003903295532067963,0.003903295532067963,0.004215737047894785,0.002059259205899292,0.0
nearest_unitary_projection,3,2,0.01,6,0.01,10,0.0,0.0,0.0,0.0,0.0,0.0,0.0,0.0,0.0,,0.003903295532067963,0.003903295532067963,0.004215737047894785,0.002059259205899292,0.0
nearest_unitary_projection,3,2,0.01,9,0.0001,10,0.0,0.0,0.0,0.0,0.0,0.0,0.0,0.0,0.0,,0.003903295532067963,0.003903295532067963,0.004215737047894785,0.002059259205899292,0.0
nearest_unitary_projection,3,2,0.01,9,0.0003,10,0.0,0.0,0.0,0.0,0.0,0.0,0.0,0.0,0.0,,0.003903295532067963,0.003903295532067963,0.004215737047894785,0.002059259205899292,0.0
nearest_unitary_projection,3,2,0.01,9,0.001,10,0.0,0.0,0.0,0.0,0.0,0.0,0.0,0.0,0.0,,0.003903295532067963,0.003903295532067963,0.004215737047894785,0.002059259205899292,0.0
nearest_unitary_projection,3,2,0.01,9,0.003,10,0.0,0.0,0.0,0.0,0.0,0.0,0.0,0.0,0.0,,0.003903295532067963,0.003903295532067963,0.004215737047894785,0.002059259205899292,0.0
nearest_unitary_projection,3,2,0.01,9,0.01,10,0.0,0.0,0.0,0.0,0.0,0.0,0.0,0.0,0.0,,0.003903295532067963,0.003903295532067963,0.004215737047894785,0.002059259205899292,0.0
nearest_unitary_projection,3,2,0.03,3,0.0001,10,0.0,0.0,0.0,0.0,0.0,0.0,0.0,0.0,0.0,,0.011697346198197636,0.011697346198197636,0.014809999486696293,0.006178787334856259,0.0
nearest_unitary_projection,3,2,0.03,3,0.0003,10,0.0,0.0,0.0,0.0,0.0,0.0,0.0,0.0,0.0,,0.011697346198197636,0.011697346198197636,0.014809999486696293,0.006178787334856259,0.0
nearest_unitary_projection,3,2,0.03,3,0.001,10,0.0,0.0,0.0,0.0,0.0,0.0,0.0,0.0,0.0,,0.011697346198197636,0.011697346198197636,0.014809999486696293,0.006178787334856259,0.0
nearest_unitary_projection,3,2,0.03,3,0.003,10,0.0,0.0,0.0,0.0,0.0,0.0,0.0,0.0,0.0,,0.011697346198197636,0.011697346198197636,0.014809999486696293,0.006178787334856259,0.0
nearest_unitary_projection,3,2,0.03,3,0.01,10,0.0,0.0,0.0,0.0,0.0,0.0,0.0,0.0,0.0,,0.011697346198197636,0.011697346198197636,0.014809999486696293,0.006178787334856259,0.0
nearest_unitary_projection,3,2,0.03,6,0.0001,10,0.0,0.0,0.0,0.0,0.0,0.0,0.0,0.0,0.0,,0.011697346198197636,0.011697346198197636,0.014809999486696293,0.006178787334856259,0.0
nearest_unitary_projection,3,2,0.03,6,0.0003,10,0.0,0.0,0.0,0.0,0.0,0.0,0.0,0.0,0.0,,0.011697346198197636,0.011697346198197636,0.014809999486696293,0.006178787334856259,0.0
nearest_unitary_projection,3,2,0.03,6,0.001,10,0.0,0.0,0.0,0.0,0.0,0.0,0.0,0.0,0.0,,0.011697346198197636,0.011697346198197636,0.014809999486696293,0.006178787334856259,0.0
nearest_unitary_projection,3,2,0.03,6,0.003,10,0.0,0.0,0.0,0.0,0.0,0.0,0.0,0.0,0.0,,0.011697346198197636,0.011697346198197636,0.014809999486696293,0.006178787334856259,0.0
nearest_unitary_projection,3,2,0.03,6,0.01,10,0.0,0.0,0.0,0.0,0.0,0.0,0.0,0.0,0.0,,0.011697346198197636,0.011697346198197636,0.014809999486696293,0.006178787334856259,0.0
nearest_unitary_projection,3,2,0.03,9,0.0001,10,0.0,0.0,0.0,0.0,0.0,0.0,0.0,0.0,0.0,,0.011697346198197636,0.011697346198197636,0.014809999486696293,0.006178787334856259,0.0
nearest_unitary_projection,3,2,0.03,9,0.0003,10,0.0,0.0,0.0,0.0,0.0,0.0,0.0,0.0,0.0,,0.011697346198197636,0.011697346198197636,0.014809999486696293,0.006178787334856259,0.0
nearest_unitary_projection,3,2,0.03,9,0.001,10,0.0,0.0,0.0,0.0,0.0,0.0,0.0,0.0,0.0,,0.011697346198197636,0.011697346198197636,0.014809999486696293,0.006178787334856259,0.0
nearest_unitary_projection,3,2,0.03,9,0.003,10,0.0,0.0,0.0,0.0,0.0,0.0,0.0,0.0,0.0,,0.011697346198197636,0.011697346198197636,0.014809999486696293,0.006178787334856259,0.0
nearest_unitary_projection,3,2,0.03,9,0.01,10,0.0,0.0,0.0,0.0,0.0,0.0,0.0,0.0,0.0,,0.011697346198197636,0.011697346198197636,0.014809999486696293,0.006178787334856259,0.0
nearest_unitary_projection,3,2,0.05,3,0.0001,10,0.0,0.0,0.0,0.0,0.0,0.0,0.0,0.0,0.0,,0.01951741245223535,0.01951741245223535,0.030412004403691052,0.010318501578149836,0.0
nearest_unitary_projection,3,2,0.05,3,0.0003,10,0.0,0.0,0.0,0.0,0.0,0.0,0.0,0.0,0.0,,0.01951741245223535,0.01951741245223535,0.030412004403691052,0.010318501578149836,0.0
nearest_unitary_projection,3,2,0.05,3,0.001,10,0.0,0.0,0.0,0.0,0.0,0.0,0.0,0.0,0.0,,0.01951741245223535,0.01951741245223535,0.030412004403691052,0.010318501578149836,0.0
nearest_unitary_projection,3,2,0.05,3,0.003,10,0.0,0.0,0.0,0.0,0.0,0.0,0.0,0.0,0.0,,0.01951741245223535,0.01951741245223535,0.030412004403691052,0.010318501578149836,0.0
nearest_unitary_projection,3,2,0.05,3,0.01,10,0.0,0.0,0.0,0.0,0.0,0.0,0.0,0.0,0.0,,0.01951741245223535,0.01951741245223535,0.030412004403691052,0.010318501578149836,0.0
nearest_unitary_projection,3,2,0.05,6,0.0001,10,0.0,0.0,0.0,0.0,0.0,0.0,0.0,0.0,0.0,,0.01951741245223535,0.01951741245223535,0.030412004403691052,0.010318501578149836,0.0
nearest_unitary_projection,3,2,0.05,6,0.0003,10,0.0,0.0,0.0,0.0,0.0,0.0,0.0,0.0,0.0,,0.01951741245223535,0.01951741245223535,0.030412004403691052,0.010318501578149836,0.0
nearest_unitary_projection,3,2,0.05,6,0.001,10,0.0,0.0,0.0,0.0,0.0,0.0,0.0,0.0,0.0,,0.01951741245223535,0.01951741245223535,0.030412004403691052,0.010318501578149836,0.0
nearest_unitary_projection,3,2,0.05,6,0.003,10,0.0,0.0,0.0,0.0,0.0,0.0,0.0,0.0,0.0,,0.01951741245223535,0.01951741245223535,0.030412004403691052,0.010318501578149836,0.0
nearest_unitary_projection,3,2,0.05,6,0.01,10,0.0,0.0,0.0,0.0,0.0,0.0,0.0,0.0,0.0,,0.01951741245223535,0.01951741245223535,0.030412004403691052,0.010318501578149836,0.0
nearest_unitary_projection,3,2,0.05,9,0.0001,10,0.0,0.0,0.0,0.0,0.0,0.0,0.0,0.0,0.0,,0.01951741245223535,0.01951741245223535,0.030412004403691052,0.010318501578149836,0.0
nearest_unitary_projection,3,2,0.05,9,0.0003,10,0.0,0.0,0.0,0.0,0.0,0.0,0.0,0.0,0.0,,0.01951741245223535,0.01951741245223535,0.030412004403691052,0.010318501578149836,0.0
nearest_unitary_projection,3,2,0.05,9,0.001,10,0.0,0.0,0.0,0.0,0.0,0.0,0.0,0.0,0.0,,0.01951741245223535,0.01951741245223535,0.030412004403691052,0.010318501578149836,0.0
nearest_unitary_projection,3,2,0.05,9,0.003,10,0.0,0.0,0.0,0.0,0.0,0.0,0.0,0.0,0.0,,0.01951741245223535,0.01951741245223535,0.030412004403691052,0.010318501578149836,0.0
nearest_unitary_projection,3,2,0.05,9,0.01,10,0.0,0.0,0.0,0.0,0.0,0.0,0.0,0.0,0.0,,0.01951741245223535,0.01951741245223535,0.030412004403691052,0.010318501578149836,0.0
raw_least_squares,2,2,0.0,2,0.0001,10,0.0,1.0,1.0,1.0,1.0,0.0,0.0,0.0,1.0,,4.895927010373844e-10,4.895927010373844e-10,7.76761993635296e-09,5.502556206068315e-09,0.0
raw_least_squares,2,2,0.0,2,0.0003,10,0.0,1.0,1.0,1.0,1.0,0.0,0.0,0.0,1.0,,4.895927010373844e-10,4.895927010373844e-10,7.76761993635296e-09,5.502556206068315e-09,0.0
raw_least_squares,2,2,0.0,2,0.001,10,0.0,1.0,1.0,1.0,1.0,0.0,0.0,0.0,1.0,,4.895927010373844e-10,4.895927010373844e-10,7.76761993635296e-09,5.502556206068315e-09,0.0
raw_least_squares,2,2,0.0,2,0.003,10,0.0,1.0,1.0,1.0,1.0,0.0,0.0,0.0,1.0,,4.895927010373844e-10,4.895927010373844e-10,7.76761993635296e-09,5.502556206068315e-09,0.0
raw_least_squares,2,2,0.0,2,0.01,10,0.0,1.0,1.0,1.0,1.0,0.0,0.0,0.0,1.0,,4.895927010373844e-10,4.895927010373844e-10,7.76761993635296e-09,5.502556206068315e-09,0.0
raw_least_squares,2,2,0.0,4,0.0001,10,0.0,1.0,1.0,1.0,1.0,1.0,0.0,0.0,0.0,,4.895927010373844e-10,4.895927010373844e-10,7.76761993635296e-09,5.502556206068315e-09,0.0
raw_least_squares,2,2,0.0,4,0.0003,10,0.0,1.0,1.0,1.0,1.0,1.0,0.0,0.0,0.0,,4.895927010373844e-10,4.895927010373844e-10,7.76761993635296e-09,5.502556206068315e-09,0.0
raw_least_squares,2,2,0.0,4,0.001,10,0.0,1.0,1.0,1.0,1.0,1.0,0.0,0.0,0.0,,4.895927010373844e-10,4.895927010373844e-10,7.76761993635296e-09,5.502556206068315e-09,0.0
raw_least_squares,2,2,0.0,4,0.003,10,0.0,1.0,1.0,1.0,1.0,1.0,0.0,0.0,0.0,,4.895927010373844e-10,4.895927010373844e-10,7.76761993635296e-09,5.502556206068315e-09,0.0
raw_least_squares,2,2,0.0,4,0.01,10,0.0,1.0,1.0,1.0,1.0,1.0,0.0,0.0,0.0,,4.895927010373844e-10,4.895927010373844e-10,7.76761993635296e-09,5.502556206068315e-09,0.0
raw_least_squares,2,2,0.0001,2,0.0001,10,0.0,0.5,0.5,0.5,0.5,0.0,0.0,0.0,0.5,,0.00029333852922822405,0.00029333852922822405,0.00020129037073836703,0.00014229819854255171,-0.4
raw_least_squares,2,2,0.0001,2,0.0003,10,0.0,0.5,0.5,0.5,0.5,0.0,0.0,0.0,0.5,,0.00029333852922822405,0.00029333852922822405,0.00020129037073836703,0.00014229819854255171,-0.4
raw_least_squares,2,2,0.0001,2,0.001,10,0.0,0.5,0.5,0.5,0.5,0.0,0.0,0.0,0.5,,0.00029333852922822405,0.00029333852922822405,0.00020129037073836703,0.00014229819854255171,-0.4
raw_least_squares,2,2,0.0001,2,0.003,10,0.0,0.5,0.5,0.5,0.5,0.0,0.0,0.0,0.5,,0.00029333852922822405,0.00029333852922822405,0.00020129037073836703,0.00014229819854255171,-0.4
raw_least_squares,2,2,0.0001,2,0.01,10,0.0,0.5,0.5,0.5,0.5,0.0,0.0,0.0,0.5,,0.00029333852922822405,0.00029333852922822405,0.00020129037073836703,0.00014229819854255171,-0.4
raw_least_squares,2,2,0.0001,4,0.0001,10,0.0,0.5,0.5,0.5,0.5,0.5,0.0,0.0,0.0,,0.00029333852922822405,0.00029333852922822405,0.00020129037073836703,0.00014229819854255171,-0.4
raw_least_squares,2,2,0.0001,4,0.0003,10,0.0,0.5,0.5,0.5,0.5,0.5,0.0,0.0,0.0,,0.00029333852922822405,0.00029333852922822405,0.00020129037073836703,0.00014229819854255171,-0.4
raw_least_squares,2,2,0.0001,4,0.001,10,0.0,0.5,0.5,0.5,0.5,0.5,0.0,0.0,0.0,,0.00029333852922822405,0.00029333852922822405,0.00020129037073836703,0.00014229819854255171,-0.4
raw_least_squares,2,2,0.0001,4,0.003,10,0.0,0.5,0.5,0.5,0.5,0.5,0.0,0.0,0.0,,0.00029333852922822405,0.00029333852922822405,0.00020129037073836703,0.00014229819854255171,-0.4
raw_least_squares,2,2,0.0001,4,0.01,10,0.0,0.5,0.5,0.5,0.5,0.5,0.0,0.0,0.0,,0.00029333852922822405,0.00029333852922822405,0.00020129037073836703,0.00014229819854255171,-0.4
raw_least_squares,2,2,0.0003,2,0.0001,10,0.0,0.0,0.0,0.0,0.0,0.0,0.0,0.0,0.0,,0.0008799588258211359,0.0008799588258211359,0.0006083408160144394,0.00043007468124472737,0.0
raw_least_squares,2,2,0.0003,2,0.0003,10,0.0,0.0,0.0,0.0,0.0,0.0,0.0,0.0,0.0,,0.0008799588258211359,0.0008799588258211359,0.0006083408160144394,0.00043007468124472737,0.0
raw_least_squares,2,2,0.0003,2,0.001,10,0.0,0.0,0.0,0.0,0.0,0.0,0.0,0.0,0.0,,0.0008799588258211359,0.0008799588258211359,0.0006083408160144394,0.00043007468124472737,0.0
raw_least_squares,2,2,0.0003,2,0.003,10,0.0,0.0,0.0,0.0,0.0,0.0,0.0,0.0,0.0,,0.0008799588258211359,0.0008799588258211359,0.0006083408160144394,0.00043007468124472737,0.0
raw_least_squares,2,2,0.0003,2,0.01,10,0.0,0.0,0.0,0.0,0.0,0.0,0.0,0.0,0.0,,0.0008799588258211359,0.0008799588258211359,0.0006083408160144394,0.00043007468124472737,0.0
raw_least_squares,2,2,0.0003,4,0.0001,10,0.0,0.0,0.0,0.0,0.0,0.0,0.0,0.0,0.0,,0.0008799588258211359,0.0008799588258211359,0.0006083408160144394,0.00043007468124472737,0.0
raw_least_squares,2,2,0.0003,4,0.0003,10,0.0,0.0,0.0,0.0,0.0,0.0,0.0,0.0,0.0,,0.0008799588258211359,0.0008799588258211359,0.0006083408160144394,0.00043007468124472737,0.0
raw_least_squares,2,2,0.0003,4,0.001,10,0.0,0.0,0.0,0.0,0.0,0.0,0.0,0.0,0.0,,0.0008799588258211359,0.0008799588258211359,0.0006083408160144394,0.00043007468124472737,0.0
raw_least_squares,2,2,0.0003,4,0.003,10,0.0,0.0,0.0,0.0,0.0,0.0,0.0,0.0,0.0,,0.0008799588258211359,0.0008799588258211359,0.0006083408160144394,0.00043007468124472737,0.0
raw_least_squares,2,2,0.0003,4,0.01,10,0.0,0.0,0.0,0.0,0.0,0.0,0.0,0.0,0.0,,0.0008799588258211359,0.0008799588258211359,0.0006083408160144394,0.00043007468124472737,0.0
raw_least_squares,2,2,0.001,2,0.0001,10,0.0,0.0,0.0,0.0,0.0,0.0,0.0,0.0,0.0,,0.002931824164214025,0.002931824164214025,0.002171288878831901,0.0015354850521277796,0.0
raw_least_squares,2,2,0.001,2,0.0003,10,0.0,0.0,0.0,0.0,0.0,0.0,0.0,0.0,0.0,,0.002931824164214025,0.002931824164214025,0.002171288878831901,0.0015354850521277796,0.0
raw_least_squares,2,2,0.001,2,0.001,10,0.0,0.0,0.0,0.0,0.0,0.0,0.0,0.0,0.0,,0.002931824164214025,0.002931824164214025,0.002171288878831901,0.0015354850521277796,0.0
raw_least_squares,2,2,0.001,2,0.003,10,0.0,0.0,0.0,0.0,0.0,0.0,0.0,0.0,0.0,,0.002931824164214025,0.002931824164214025,0.002171288878831901,0.0015354850521277796,0.0
raw_least_squares,2,2,0.001,2,0.01,10,0.0,0.0,0.0,0.0,0.0,0.0,0.0,0.0,0.0,,0.002931824164214025,0.002931824164214025,0.002171288878831901,0.0015354850521277796,0.0
raw_least_squares,2,2,0.001,4,0.0001,10,0.0,0.0,0.0,0.0,0.0,0.0,0.0,0.0,0.0,,0.002931824164214025,0.002931824164214025,0.002171288878831901,0.0015354850521277796,0.0
raw_least_squares,2,2,0.001,4,0.0003,10,0.0,0.0,0.0,0.0,0.0,0.0,0.0,0.0,0.0,,0.002931824164214025,0.002931824164214025,0.002171288878831901,0.0015354850521277796,0.0
raw_least_squares,2,2,0.001,4,0.001,10,0.0,0.0,0.0,0.0,0.0,0.0,0.0,0.0,0.0,,0.002931824164214025,0.002931824164214025,0.002171288878831901,0.0015354850521277796,0.0
raw_least_squares,2,2,0.001,4,0.003,10,0.0,0.0,0.0,0.0,0.0,0.0,0.0,0.0,0.0,,0.002931824164214025,0.002931824164214025,0.002171288878831901,0.0015354850521277796,0.0
raw_least_squares,2,2,0.001,4,0.01,10,0.0,0.0,0.0,0.0,0.0,0.0,0.0,0.0,0.0,,0.002931824164214025,0.002931824164214025,0.002171288878831901,0.0015354850521277796,0.0
raw_least_squares,2,2,0.003,2,0.0001,10,0.0,0.0,0.0,0.0,0.0,0.0,0.0,0.0,0.0,,0.008779122094510617,0.008779122094510617,0.009253904464330245,0.006550901053575528,0.0
raw_least_squares,2,2,0.003,2,0.0003,10,0.0,0.0,0.0,0.0,0.0,0.0,0.0,0.0,0.0,,0.008779122094510617,0.008779122094510617,0.009253904464330245,0.006550901053575528,0.0
raw_least_squares,2,2,0.003,2,0.001,10,0.0,0.0,0.0,0.0,0.0,0.0,0.0,0.0,0.0,,0.008779122094510617,0.008779122094510617,0.009253904464330245,0.006550901053575528,0.0
raw_least_squares,2,2,0.003,2,0.003,10,0.0,0.0,0.0,0.0,0.0,0.0,0.0,0.0,0.0,,0.008779122094510617,0.008779122094510617,0.009253904464330245,0.006550901053575528,0.0
raw_least_squares,2,2,0.003,2,0.01,10,0.0,0.0,0.0,0.0,0.0,0.0,0.0,0.0,0.0,,0.008779122094510617,0.008779122094510617,0.009253904464330245,0.006550901053575528,0.0
raw_least_squares,2,2,0.003,4,0.0001,10,0.0,0.0,0.0,0.0,0.0,0.0,0.0,0.0,0.0,,0.008779122094510617,0.008779122094510617,0.009253904464330245,0.006550901053575528,0.0
raw_least_squares,2,2,0.003,4,0.0003,10,0.0,0.0,0.0,0.0,0.0,0.0,0.0,0.0,0.0,,0.008779122094510617,0.008779122094510617,0.009253904464330245,0.006550901053575528,0.0
raw_least_squares,2,2,0.003,4,0.001,10,0.0,0.0,0.0,0.0,0.0,0.0,0.0,0.0,0.0,,0.008779122094510617,0.008779122094510617,0.009253904464330245,0.006550901053575528,0.0
raw_least_squares,2,2,0.003,4,0.003,10,0.0,0.0,0.0,0.0,0.0,0.0,0.0,0.0,0.0,,0.008779122094510617,0.008779122094510617,0.009253904464330245,0.006550901053575528,0.0
raw_least_squares,2,2,0.003,4,0.01,10,0.0,0.0,0.0,0.0,0.0,0.0,0.0,0.0,0.0,,0.008779122094510617,0.008779122094510617,0.009253904464330245,0.006550901053575528,0.0
raw_least_squares,2,2,0.01,2,0.0001,10,0.0,0.0,0.0,0.0,0.0,0.0,0.0,0.0,0.0,,0.029081488076951562,0.029081488076951562,0.07132852815158024,0.050541684081483476,0.0
raw_least_squares,2,2,0.01,2,0.0003,10,0.0,0.0,0.0,0.0,0.0,0.0,0.0,0.0,0.0,,0.029081488076951562,0.029081488076951562,0.07132852815158024,0.050541684081483476,0.0
raw_least_squares,2,2,0.01,2,0.001,10,0.0,0.0,0.0,0.0,0.0,0.0,0.0,0.0,0.0,,0.029081488076951562,0.029081488076951562,0.07132852815158024,0.050541684081483476,0.0
raw_least_squares,2,2,0.01,2,0.003,10,0.0,0.0,0.0,0.0,0.0,0.0,0.0,0.0,0.0,,0.029081488076951562,0.029081488076951562,0.07132852815158024,0.050541684081483476,0.0
raw_least_squares,2,2,0.01,2,0.01,10,0.0,0.0,0.0,0.0,0.0,0.0,0.0,0.0,0.0,,0.029081488076951562,0.029081488076951562,0.07132852815158024,0.050541684081483476,0.0
raw_least_squares,2,2,0.01,4,0.0001,10,0.0,0.0,0.0,0.0,0.0,0.0,0.0,0.0,0.0,,0.029081488076951562,0.029081488076951562,0.07132852815158024,0.050541684081483476,0.0
raw_least_squares,2,2,0.01,4,0.0003,10,0.0,0.0,0.0,0.0,0.0,0.0,0.0,0.0,0.0,,0.029081488076951562,0.029081488076951562,0.07132852815158024,0.050541684081483476,0.0
raw_least_squares,2,2,0.01,4,0.001,10,0.0,0.0,0.0,0.0,0.0,0.0,0.0,0.0,0.0,,0.029081488076951562,0.029081488076951562,0.07132852815158024,0.050541684081483476,0.0
raw_least_squares,2,2,0.01,4,0.003,10,0.0,0.0,0.0,0.0,0.0,0.0,0.0,0.0,0.0,,0.029081488076951562,0.029081488076951562,0.07132852815158024,0.050541684081483476,0.0
raw_least_squares,2,2,0.01,4,0.01,10,0.0,0.0,0.0,0.0,0.0,0.0,0.0,0.0,0.0,,0.029081488076951562,0.029081488076951562,0.07132852815158024,0.050541684081483476,0.0
raw_least_squares,2,2,0.03,2,0.0001,10,0.0,0.0,0.0,0.0,0.0,0.0,0.0,0.0,0.0,,0.07817920740821498,0.07817920740821498,0.3375130506867504,0.23957994242555455,0.0
raw_least_squares,2,2,0.03,2,0.0003,10,0.0,0.0,0.0,0.0,0.0,0.0,0.0,0.0,0.0,,0.07817920740821498,0.07817920740821498,0.3375130506867504,0.23957994242555455,0.0
raw_least_squares,2,2,0.03,2,0.001,10,0.0,0.0,0.0,0.0,0.0,0.0,0.0,0.0,0.0,,0.07817920740821498,0.07817920740821498,0.3375130506867504,0.23957994242555455,0.0
raw_least_squares,2,2,0.03,2,0.003,10,0.0,0.0,0.0,0.0,0.0,0.0,0.0,0.0,0.0,,0.07817920740821498,0.07817920740821498,0.3375130506867504,0.23957994242555455,0.0
raw_least_squares,2,2,0.03,2,0.01,10,0.0,0.0,0.0,0.0,0.0,0.0,0.0,0.0,0.0,,0.07817920740821498,0.07817920740821498,0.3375130506867504,0.23957994242555455,0.0
raw_least_squares,2,2,0.03,4,0.0001,10,0.0,0.0,0.0,0.0,0.0,0.0,0.0,0.0,0.0,,0.07817920740821498,0.07817920740821498,0.3375130506867504,0.23957994242555455,0.0
raw_least_squares,2,2,0.03,4,0.0003,10,0.0,0.0,0.0,0.0,0.0,0.0,0.0,0.0,0.0,,0.07817920740821498,0.07817920740821498,0.3375130506867504,0.23957994242555455,0.0
raw_least_squares,2,2,0.03,4,0.001,10,0.0,0.0,0.0,0.0,0.0,0.0,0.0,0.0,0.0,,0.07817920740821498,0.07817920740821498,0.3375130506867504,0.23957994242555455,0.0
raw_least_squares,2,2,0.03,4,0.003,10,0.0,0.0,0.0,0.0,0.0,0.0,0.0,0.0,0.0,,0.07817920740821498,0.07817920740821498,0.3375130506867504,0.23957994242555455,0.0
raw_least_squares,2,2,0.03,4,0.01,10,0.0,0.0,0.0,0.0,0.0,0.0,0.0,0.0,0.0,,0.07817920740821498,0.07817920740821498,0.3375130506867504,0.23957994242555455,0.0
raw_least_squares,2,2,0.05,2,0.0001,10,0.0,0.0,0.0,0.0,0.0,0.0,0.0,0.0,0.0,,0.10955279722145199,0.10955279722145199,0.5022602114537393,0.3576702367477384,0.0
raw_least_squares,2,2,0.05,2,0.0003,10,0.0,0.0,0.0,0.0,0.0,0.0,0.0,0.0,0.0,,0.10955279722145199,0.10955279722145199,0.5022602114537393,0.3576702367477384,0.0
raw_least_squares,2,2,0.05,2,0.001,10,0.0,0.0,0.0,0.0,0.0,0.0,0.0,0.0,0.0,,0.10955279722145199,0.10955279722145199,0.5022602114537393,0.3576702367477384,0.0
raw_least_squares,2,2,0.05,2,0.003,10,0.0,0.0,0.0,0.0,0.0,0.0,0.0,0.0,0.0,,0.10955279722145199,0.10955279722145199,0.5022602114537393,0.3576702367477384,0.0
raw_least_squares,2,2,0.05,2,0.01,10,0.0,0.0,0.0,0.0,0.0,0.0,0.0,0.0,0.0,,0.10955279722145199,0.10955279722145199,0.5022602114537393,0.3576702367477384,0.0
raw_least_squares,2,2,0.05,4,0.0001,10,0.0,0.0,0.0,0.0,0.0,0.0,0.0,0.0,0.0,,0.10955279722145199,0.10955279722145199,0.5022602114537393,0.3576702367477384,0.0
raw_least_squares,2,2,0.05,4,0.0003,10,0.0,0.0,0.0,0.0,0.0,0.0,0.0,0.0,0.0,,0.10955279722145199,0.10955279722145199,0.5022602114537393,0.3576702367477384,0.0
raw_least_squares,2,2,0.05,4,0.001,10,0.0,0.0,0.0,0.0,0.0,0.0,0.0,0.0,0.0,,0.10955279722145199,0.10955279722145199,0.5022602114537393,0.3576702367477384,0.0
raw_least_squares,2,2,0.05,4,0.003,10,0.0,0.0,0.0,0.0,0.0,0.0,0.0,0.0,0.0,,0.10955279722145199,0.10955279722145199,0.5022602114537393,0.3576702367477384,0.0
raw_least_squares,2,2,0.05,4,0.01,10,0.0,0.0,0.0,0.0,0.0,0.0,0.0,0.0,0.0,,0.10955279722145199,0.10955279722145199,0.5022602114537393,0.3576702367477384,0.0
raw_least_squares,3,2,0.0,3,0.0001,10,0.0,1.0,1.0,1.0,1.0,0.0,0.0,0.0,1.0,,8.247109709639972e-12,8.247109709639972e-12,9.449294274397756e-11,9.314766098318687e-11,0.0
raw_least_squares,3,2,0.0,3,0.0003,10,0.0,1.0,1.0,1.0,1.0,0.0,0.0,0.0,1.0,,8.247109709639972e-12,8.247109709639972e-12,9.449294274397756e-11,9.314766098318687e-11,0.0
raw_least_squares,3,2,0.0,3,0.001,10,0.0,1.0,1.0,1.0,1.0,0.0,0.0,0.0,1.0,,8.247109709639972e-12,8.247109709639972e-12,9.449294274397756e-11,9.314766098318687e-11,0.0
raw_least_squares,3,2,0.0,3,0.003,10,0.0,1.0,1.0,1.0,1.0,0.0,0.0,0.0,1.0,,8.247109709639972e-12,8.247109709639972e-12,9.449294274397756e-11,9.314766098318687e-11,0.0
raw_least_squares,3,2,0.0,3,0.01,10,0.0,1.0,1.0,1.0,1.0,0.0,0.0,0.0,1.0,,8.247109709639972e-12,8.247109709639972e-12,9.449294274397756e-11,9.314766098318687e-11,0.0
raw_least_squares,3,2,0.0,6,0.0001,10,0.0,1.0,1.0,1.0,1.0,0.0,0.0,0.0,1.0,,8.247109709639972e-12,8.247109709639972e-12,9.449294274397756e-11,9.314766098318687e-11,0.0
raw_least_squares,3,2,0.0,6,0.0003,10,0.0,1.0,1.0,1.0,1.0,0.0,0.0,0.0,1.0,,8.247109709639972e-12,8.247109709639972e-12,9.449294274397756e-11,9.314766098318687e-11,0.0
raw_least_squares,3,2,0.0,6,0.001,10,0.0,1.0,1.0,1.0,1.0,0.0,0.0,0.0,1.0,,8.247109709639972e-12,8.247109709639972e-12,9.449294274397756e-11,9.314766098318687e-11,0.0
raw_least_squares,3,2,0.0,6,0.003,10,0.0,1.0,1.0,1.0,1.0,0.0,0.0,0.0,1.0,,8.247109709639972e-12,8.247109709639972e-12,9.449294274397756e-11,9.314766098318687e-11,0.0
raw_least_squares,3,2,0.0,6,0.01,10,0.0,1.0,1.0,1.0,1.0,0.0,0.0,0.0,1.0,,8.247109709639972e-12,8.247109709639972e-12,9.449294274397756e-11,9.314766098318687e-11,0.0
raw_least_squares,3,2,0.0,9,0.0001,10,0.0,1.0,1.0,1.0,1.0,1.0,0.0,0.0,0.0,,8.247109709639972e-12,8.247109709639972e-12,9.449294274397756e-11,9.314766098318687e-11,0.0
raw_least_squares,3,2,0.0,9,0.0003,10,0.0,1.0,1.0,1.0,1.0,1.0,0.0,0.0,0.0,,8.247109709639972e-12,8.247109709639972e-12,9.449294274397756e-11,9.314766098318687e-11,0.0
raw_least_squares,3,2,0.0,9,0.001,10,0.0,1.0,1.0,1.0,1.0,1.0,0.0,0.0,0.0,,8.247109709639972e-12,8.247109709639972e-12,9.449294274397756e-11,9.314766098318687e-11,0.0
raw_least_squares,3,2,0.0,9,0.003,10,0.0,1.0,1.0,1.0,1.0,1.0,0.0,0.0,0.0,,8.247109709639972e-12,8.247109709639972e-12,9.449294274397756e-11,9.314766098318687e-11,0.0
raw_least_squares,3,2,0.0,9,0.01,10,0.0,1.0,1.0,1.0,1.0,1.0,0.0,0.0,0.0,,8.247109709639972e-12,8.247109709639972e-12,9.449294274397756e-11,9.314766098318687e-11,0.0
raw_least_squares,3,2,0.0001,3,0.0001,10,0.0,1.0,1.0,1.0,1.0,0.0,0.0,0.0,1.0,,5.277257060424733e-05,5.277257060424733e-05,4.116013021200186e-05,2.887519826743842e-05,0.0
raw_least_squares,3,2,0.0001,3,0.0003,10,0.0,1.0,1.0,1.0,1.0,0.0,0.0,0.0,1.0,,5.277257060424733e-05,5.277257060424733e-05,4.116013021200186e-05,2.887519826743842e-05,0.0
raw_least_squares,3,2,0.0001,3,0.001,10,0.0,1.0,1.0,1.0,1.0,0.0,0.0,0.0,1.0,,5.277257060424733e-05,5.277257060424733e-05,4.116013021200186e-05,2.887519826743842e-05,0.0
raw_least_squares,3,2,0.0001,3,0.003,10,0.0,1.0,1.0,1.0,1.0,0.0,0.0,0.0,1.0,,5.277257060424733e-05,5.277257060424733e-05,4.116013021200186e-05,2.887519826743842e-05,0.0
raw_least_squares,3,2,0.0001,3,0.01,10,0.0,1.0,1.0,1.0,1.0,0.0,0.0,0.0,1.0,,5.277257060424733e-05,5.277257060424733e-05,4.116013021200186e-05,2.887519826743842e-05,0.0
raw_least_squares,3,2,0.0001,6,0.0001,10,0.0,1.0,1.0,1.0,1.0,0.0,0.0,0.0,1.0,,5.277257060424733e-05,5.277257060424733e-05,4.116013021200186e-05,2.887519826743842e-05,0.0
raw_least_squares,3,2,0.0001,6,0.0003,10,0.0,1.0,1.0,1.0,1.0,0.0,0.0,0.0,1.0,,5.277257060424733e-05,5.277257060424733e-05,4.116013021200186e-05,2.887519826743842e-05,0.0
raw_least_squares,3,2,0.0001,6,0.001,10,0.0,1.0,1.0,1.0,1.0,0.0,0.0,0.0,1.0,,5.277257060424733e-05,5.277257060424733e-05,4.116013021200186e-05,2.887519826743842e-05,0.0
raw_least_squares,3,2,0.0001,6,0.003,10,0.0,1.0,1.0,1.0,1.0,0.0,0.0,0.0,1.0,,5.277257060424733e-05,5.277257060424733e-05,4.116013021200186e-05,2.887519826743842e-05,0.0
raw_least_squares,3,2,0.0001,6,0.01,10,0.0,1.0,1.0,1.0,1.0,0.0,0.0,0.0,1.0,,5.277257060424733e-05,5.277257060424733e-05,4.116013021200186e-05,2.887519826743842e-05,0.0
raw_least_squares,3,2,0.0001,9,0.0001,10,0.0,1.0,1.0,1.0,1.0,1.0,0.0,0.0,0.0,,5.277257060424733e-05,5.277257060424733e-05,4.116013021200186e-05,2.887519826743842e-05,0.0
raw_least_squares,3,2,0.0001,9,0.0003,10,0.0,1.0,1.0,1.0,1.0,1.0,0.0,0.0,0.0,,5.277257060424733e-05,5.277257060424733e-05,4.116013021200186e-05,2.887519826743842e-05,0.0
raw_least_squares,3,2,0.0001,9,0.001,10,0.0,1.0,1.0,1.0,1.0,1.0,0.0,0.0,0.0,,5.277257060424733e-05,5.277257060424733e-05,4.116013021200186e-05,2.887519826743842e-05,0.0
raw_least_squares,3,2,0.0001,9,0.003,10,0.0,1.0,1.0,1.0,1.0,1.0,0.0,0.0,0.0,,5.277257060424733e-05,5.277257060424733e-05,4.116013021200186e-05,2.887519826743842e-05,0.0
raw_least_squares,3,2,0.0001,9,0.01,10,0.0,1.0,1.0,1.0,1.0,1.0,0.0,0.0,0.0,,5.277257060424733e-05,5.277257060424733e-05,4.116013021200186e-05,2.887519826743842e-05,0.0
raw_least_squares,3,2,0.0003,3,0.0001,10,0.0,1.0,1.0,1.0,1.0,0.0,0.0,0.0,1.0,,0.00015831323674174265,0.00015831323674174265,0.00012348201777230303,8.662965650879467e-05,0.0
raw_least_squares,3,2,0.0003,3,0.0003,10,0.0,1.0,1.0,1.0,1.0,0.0,0.0,0.0,1.0,,0.00015831323674174265,0.00015831323674174265,0.00012348201777230303,8.662965650879467e-05,0.0
raw_least_squares,3,2,0.0003,3,0.001,10,0.0,1.0,1.0,1.0,1.0,0.0,0.0,0.0,1.0,,0.00015831323674174265,0.00015831323674174265,0.00012348201777230303,8.662965650879467e-05,0.0
raw_least_squares,3,2,0.0003,3,0.003,10,0.0,1.0,1.0,1.0,1.0,0.0,0.0,0.0,1.0,,0.00015831323674174265,0.00015831323674174265,0.00012348201777230303,8.662965650879467e-05,0.0
raw_least_squares,3,2,0.0003,3,0.01,10,0.0,1.0,1.0,1.0,1.0,0.0,0.0,0.0,1.0,,0.00015831323674174265,0.00015831323674174265,0.00012348201777230303,8.662965650879467e-05,0.0
raw_least_squares,3,2,0.0003,6,0.0001,10,0.0,1.0,1.0,1.0,1.0,0.0,0.0,0.0,1.0,,0.00015831323674174265,0.00015831323674174265,0.00012348201777230303,8.662965650879467e-05,0.0
raw_least_squares,3,2,0.0003,6,0.0003,10,0.0,1.0,1.0,1.0,1.0,0.0,0.0,0.0,1.0,,0.00015831323674174265,0.00015831323674174265,0.00012348201777230303,8.662965650879467e-05,0.0
raw_least_squares,3,2,0.0003,6,0.001,10,0.0,1.0,1.0,1.0,1.0,0.0,0.0,0.0,1.0,,0.00015831323674174265,0.00015831323674174265,0.00012348201777230303,8.662965650879467e-05,0.0
raw_least_squares,3,2,0.0003,6,0.003,10,0.0,1.0,1.0,1.0,1.0,0.0,0.0,0.0,1.0,,0.00015831323674174265,0.00015831323674174265,0.00012348201777230303,8.662965650879467e-05,0.0
raw_least_squares,3,2,0.0003,6,0.01,10,0.0,1.0,1.0,1.0,1.0,0.0,0.0,0.0,1.0,,0.00015831323674174265,0.00015831323674174265,0.00012348201777230303,8.662965650879467e-05,0.0
raw_least_squares,3,2,0.0003,9,0.0001,10,0.0,1.0,1.0,1.0,1.0,1.0,0.0,0.0,0.0,,0.00015831323674174265,0.00015831323674174265,0.00012348201777230303,8.662965650879467e-05,0.0
raw_least_squares,3,2,0.0003,9,0.0003,10,0.0,1.0,1.0,1.0,1.0,1.0,0.0,0.0,0.0,,0.00015831323674174265,0.00015831323674174265,0.00012348201777230303,8.662965650879467e-05,0.0
raw_least_squares,3,2,0.0003,9,0.001,10,0.0,1.0,1.0,1.0,1.0,1.0,0.0,0.0,0.0,,0.00015831323674174265,0.00015831323674174265,0.00012348201777230303,8.662965650879467e-05,0.0
raw_least_squares,3,2,0.0003,9,0.003,10,0.0,1.0,1.0,1.0,1.0,1.0,0.0,0.0,0.0,,0.00015831323674174265,0.00015831323674174265,0.00012348201777230303,8.662965650879467e-05,0.0
raw_least_squares,3,2,0.0003,9,0.01,10,0.0,1.0,1.0,1.0,1.0,1.0,0.0,0.0,0.0,,0.00015831323674174265,0.00015831323674174265,0.00012348201777230303,8.662965650879467e-05,0.0
raw_least_squares,3,2,0.001,3,0.0001,10,0.0,0.0,0.0,0.0,0.0,0.0,0.0,0.0,0.0,,0.0005276593755924959,0.0005276593755924959,0.00041169029778258286,0.0002889039570598333,0.0
raw_least_squares,3,2,0.001,3,0.0003,10,0.0,0.0,0.0,0.0,0.0,0.0,0.0,0.0,0.0,,0.0005276593755924959,0.0005276593755924959,0.00041169029778258286,0.0002889039570598333,0.0
raw_least_squares,3,2,0.001,3,0.001,10,0.0,0.0,0.0,0.0,0.0,0.0,0.0,0.0,0.0,,0.0005276593755924959,0.0005276593755924959,0.00041169029778258286,0.0002889039570598333,0.0
raw_least_squares,3,2,0.001,3,0.003,10,0.0,0.0,0.0,0.0,0.0,0.0,0.0,0.0,0.0,,0.0005276593755924959,0.0005276593755924959,0.00041169029778258286,0.0002889039570598333,0.0
raw_least_squares,3,2,0.001,3,0.01,10,0.0,0.0,0.0,0.0,0.0,0.0,0.0,0.0,0.0,,0.0005276593755924959,0.0005276593755924959,0.00041169029778258286,0.0002889039570598333,0.0
raw_least_squares,3,2,0.001,6,0.0001,10,0.0,0.0,0.0,0.0,0.0,0.0,0.0,0.0,0.0,,0.0005276593755924959,0.0005276593755924959,0.00041169029778258286,0.0002889039570598333,0.0
raw_least_squares,3,2,0.001,6,0.0003,10,0.0,0.0,0.0,0.0,0.0,0.0,0.0,0.0,0.0,,0.0005276593755924959,0.0005276593755924959,0.00041169029778258286,0.0002889039570598333,0.0
raw_least_squares,3,2,0.001,6,0.001,10,0.0,0.0,0.0,0.0,0.0,0.0,0.0,0.0,0.0,,0.0005276593755924959,0.0005276593755924959,0.00041169029778258286,0.0002889039570598333,0.0
raw_least_squares,3,2,0.001,6,0.003,10,0.0,0.0,0.0,0.0,0.0,0.0,0.0,0.0,0.0,,0.0005276593755924959,0.0005276593755924959,0.00041169029778258286,0.0002889039570598333,0.0
raw_least_squares,3,2,0.001,6,0.01,10,0.0,0.0,0.0,0.0,0.0,0.0,0.0,0.0,0.0,,0.0005276593755924959,0.0005276593755924959,0.00041169029778258286,0.0002889039570598333,0.0
raw_least_squares,3,2,0.001,9,0.0001,10,0.0,0.0,0.0,0.0,0.0,0.0,0.0,0.0,0.0,,0.0005276593755924959,0.0005276593755924959,0.00041169029778258286,0.0002889039570598333,0.0
raw_least_squares,3,2,0.001,9,0.0003,10,0.0,0.0,0.0,0.0,0.0,0.0,0.0,0.0,0.0,,0.0005276593755924959,0.0005276593755924959,0.00041169029778258286,0.0002889039570598333,0.0
raw_least_squares,3,2,0.001,9,0.001,10,0.0,0.0,0.0,0.0,0.0,0.0,0.0,0.0,0.0,,0.0005276593755924959,0.0005276593755924959,0.00041169029778258286,0.0002889039570598333,0.0
raw_least_squares,3,2,0.001,9,0.003,10,0.0,0.0,0.0,0.0,0.0,0.0,0.0,0.0,0.0,,0.0005276593755924959,0.0005276593755924959,0.00041169029778258286,0.0002889039570598333,0.0
raw_least_squares,3,2,0.001,9,0.01,10,0.0,0.0,0.0,0.0,0.0,0.0,0.0,0.0,0.0,,0.0005276593755924959,0.0005276593755924959,0.00041169029778258286,0.0002889039570598333,0.0
raw_least_squares,3,2,0.003,3,0.0001,10,0.0,0.0,0.0,0.0,0.0,0.0,0.0,0.0,0.0,,0.0015825579841319346,0.0015825579841319346,0.0012374450023130777,0.0008702313125432574,0.0
raw_least_squares,3,2,0.003,3,0.0003,10,0.0,0.0,0.0,0.0,0.0,0.0,0.0,0.0,0.0,,0.0015825579841319346,0.0015825579841319346,0.0012374450023130777,0.0008702313125432574,0.0
raw_least_squares,3,2,0.003,3,0.001,10,0.0,0.0,0.0,0.0,0.0,0.0,0.0,0.0,0.0,,0.0015825579841319346,0.0015825579841319346,0.0012374450023130777,0.0008702313125432574,0.0
raw_least_squares,3,2,0.003,3,0.003,10,0.0,0.0,0.0,0.0,0.0,0.0,0.0,0.0,0.0,,0.0015825579841319346,0.0015825579841319346,0.0012374450023130777,0.0008702313125432574,0.0
raw_least_squares,3,2,0.003,3,0.01,10,0.0,0.0,0.0,0.0,0.0,0.0,0.0,0.0,0.0,,0.0015825579841319346,0.0015825579841319346,0.0012374450023130777,0.0008702313125432574,0.0
raw_least_squares,3,2,0.003,6,0.0001,10,0.0,0.0,0.0,0.0,0.0,0.0,0.0,0.0,0.0,,0.0015825579841319346,0.0015825579841319346,0.0012374450023130777,0.0008702313125432574,0.0
raw_least_squares,3,2,0.003,6,0.0003,10,0.0,0.0,0.0,0.0,0.0,0.0,0.0,0.0,0.0,,0.0015825579841319346,0.0015825579841319346,0.0012374450023130777,0.0008702313125432574,0.0
raw_least_squares,3,2,0.003,6,0.001,10,0.0,0.0,0.0,0.0,0.0,0.0,0.0,0.0,0.0,,0.0015825579841319346,0.0015825579841319346,0.0012374450023130777,0.0008702313125432574,0.0
raw_least_squares,3,2,0.003,6,0.003,10,0.0,0.0,0.0,0.0,0.0,0.0,0.0,0.0,0.0,,0.0015825579841319346,0.0015825579841319346,0.0012374450023130777,0.0008702313125432574,0.0
raw_least_squares,3,2,0.003,6,0.01,10,0.0,0.0,0.0,0.0,0.0,0.0,0.0,0.0,0.0,,0.0015825579841319346,0.0015825579841319346,0.0012374450023130777,0.0008702313125432574,0.0
raw_least_squares,3,2,0.003,9,0.0001,10,0.0,0.0,0.0,0.0,0.0,0.0,0.0,0.0,0.0,,0.0015825579841319346,0.0015825579841319346,0.0012374450023130777,0.0008702313125432574,0.0
raw_least_squares,3,2,0.003,9,0.0003,10,0.0,0.0,0.0,0.0,0.0,0.0,0.0,0.0,0.0,,0.0015825579841319346,0.0015825579841319346,0.0012374450023130777,0.0008702313125432574,0.0
raw_least_squares,3,2,0.003,9,0.001,10,0.0,0.0,0.0,0.0,0.0,0.0,0.0,0.0,0.0,,0.0015825579841319346,0.0015825579841319346,0.0012374450023130777,0.0008702313125432574,0.0
raw_least_squares,3,2,0.003,9,0.003,10,0.0,0.0,0.0,0.0,0.0,0.0,0.0,0.0,0.0,,0.0015825579841319346,0.0015825579841319346,0.0012374450023130777,0.0008702313125432574,0.0
raw_least_squares,3,2,0.003,9,0.01,10,0.0,0.0,0.0,0.0,0.0,0.0,0.0,0.0,0.0,,0.0015825579841319346,0.0015825579841319346,0.0012374450023130777,0.0008702313125432574,0.0
raw_least_squares,3,2,0.01,3,0.0001,10,0.0,0.0,0.0,0.0,0.0,0.0,0.0,0.0,0.0,,0.005272230212656188,0.005272230212656188,0.004215737047894785,0.0030293083923677525,0.0
raw_least_squares,3,2,0.01,3,0.0003,10,0.0,0.0,0.0,0.0,0.0,0.0,0.0,0.0,0.0,,0.005272230212656188,0.005272230212656188,0.004215737047894785,0.0030293083923677525,0.0
raw_least_squares,3,2,0.01,3,0.001,10,0.0,0.0,0.0,0.0,0.0,0.0,0.0,0.0,0.0,,0.005272230212656188,0.005272230212656188,0.004215737047894785,0.0030293083923677525,0.0
raw_least_squares,3,2,0.01,3,0.003,10,0.0,0.0,0.0,0.0,0.0,0.0,0.0,0.0,0.0,,0.005272230212656188,0.005272230212656188,0.004215737047894785,0.0030293083923677525,0.0
raw_least_squares,3,2,0.01,3,0.01,10,0.0,0.0,0.0,0.0,0.0,0.0,0.0,0.0,0.0,,0.005272230212656188,0.005272230212656188,0.004215737047894785,0.0030293083923677525,0.0
raw_least_squares,3,2,0.01,6,0.0001,10,0.0,0.0,0.0,0.0,0.0,0.0,0.0,0.0,0.0,,0.005272230212656188,0.005272230212656188,0.004215737047894785,0.0030293083923677525,0.0
raw_least_squares,3,2,0.01,6,0.0003,10,0.0,0.0,0.0,0.0,0.0,0.0,0.0,0.0,0.0,,0.005272230212656188,0.005272230212656188,0.004215737047894785,0.0030293083923677525,0.0
raw_least_squares,3,2,0.01,6,0.001,10,0.0,0.0,0.0,0.0,0.0,0.0,0.0,0.0,0.0,,0.005272230212656188,0.005272230212656188,0.004215737047894785,0.0030293083923677525,0.0
raw_least_squares,3,2,0.01,6,0.003,10,0.0,0.0,0.0,0.0,0.0,0.0,0.0,0.0,0.0,,0.005272230212656188,0.005272230212656188,0.004215737047894785,0.0030293083923677525,0.0
raw_least_squares,3,2,0.01,6,0.01,10,0.0,0.0,0.0,0.0,0.0,0.0,0.0,0.0,0.0,,0.005272230212656188,0.005272230212656188,0.004215737047894785,0.0030293083923677525,0.0
raw_least_squares,3,2,0.01,9,0.0001,10,0.0,0.0,0.0,0.0,0.0,0.0,0.0,0.0,0.0,,0.005272230212656188,0.005272230212656188,0.004215737047894785,0.0030293083923677525,0.0
raw_least_squares,3,2,0.01,9,0.0003,10,0.0,0.0,0.0,0.0,0.0,0.0,0.0,0.0,0.0,,0.005272230212656188,0.005272230212656188,0.004215737047894785,0.0030293083923677525,0.0
raw_least_squares,3,2,0.01,9,0.001,10,0.0,0.0,0.0,0.0,0.0,0.0,0.0,0.0,0.0,,0.005272230212656188,0.005272230212656188,0.004215737047894785,0.0030293083923677525,0.0
raw_least_squares,3,2,0.01,9,0.003,10,0.0,0.0,0.0,0.0,0.0,0.0,0.0,0.0,0.0,,0.005272230212656188,0.005272230212656188,0.004215737047894785,0.0030293083923677525,0.0
raw_least_squares,3,2,0.01,9,0.01,10,0.0,0.0,0.0,0.0,0.0,0.0,0.0,0.0,0.0,,0.005272230212656188,0.005272230212656188,0.004215737047894785,0.0030293083923677525,0.0
raw_least_squares,3,2,0.03,3,0.0001,10,0.0,0.0,0.0,0.0,0.0,0.0,0.0,0.0,0.0,,0.01582574210504483,0.01582574210504483,0.014809999486696293,0.011904058912887662,0.0
raw_least_squares,3,2,0.03,3,0.0003,10,0.0,0.0,0.0,0.0,0.0,0.0,0.0,0.0,0.0,,0.01582574210504483,0.01582574210504483,0.014809999486696293,0.011904058912887662,0.0
raw_least_squares,3,2,0.03,3,0.001,10,0.0,0.0,0.0,0.0,0.0,0.0,0.0,0.0,0.0,,0.01582574210504483,0.01582574210504483,0.014809999486696293,0.011904058912887662,0.0
raw_least_squares,3,2,0.03,3,0.003,10,0.0,0.0,0.0,0.0,0.0,0.0,0.0,0.0,0.0,,0.01582574210504483,0.01582574210504483,0.014809999486696293,0.011904058912887662,0.0
raw_least_squares,3,2,0.03,3,0.01,10,0.0,0.0,0.0,0.0,0.0,0.0,0.0,0.0,0.0,,0.01582574210504483,0.01582574210504483,0.014809999486696293,0.011904058912887662,0.0
raw_least_squares,3,2,0.03,6,0.0001,10,0.0,0.0,0.0,0.0,0.0,0.0,0.0,0.0,0.0,,0.01582574210504483,0.01582574210504483,0.014809999486696293,0.011904058912887662,0.0
raw_least_squares,3,2,0.03,6,0.0003,10,0.0,0.0,0.0,0.0,0.0,0.0,0.0,0.0,0.0,,0.01582574210504483,0.01582574210504483,0.014809999486696293,0.011904058912887662,0.0
raw_least_squares,3,2,0.03,6,0.001,10,0.0,0.0,0.0,0.0,0.0,0.0,0.0,0.0,0.0,,0.01582574210504483,0.01582574210504483,0.014809999486696293,0.011904058912887662,0.0
raw_least_squares,3,2,0.03,6,0.003,10,0.0,0.0,0.0,0.0,0.0,0.0,0.0,0.0,0.0,,0.01582574210504483,0.01582574210504483,0.014809999486696293,0.011904058912887662,0.0
raw_least_squares,3,2,0.03,6,0.01,10,0.0,0.0,0.0,0.0,0.0,0.0,0.0,0.0,0.0,,0.01582574210504483,0.01582574210504483,0.014809999486696293,0.011904058912887662,0.0
raw_least_squares,3,2,0.03,9,0.0001,10,0.0,0.0,0.0,0.0,0.0,0.0,0.0,0.0,0.0,,0.01582574210504483,0.01582574210504483,0.014809999486696293,0.011904058912887662,0.0
raw_least_squares,3,2,0.03,9,0.0003,10,0.0,0.0,0.0,0.0,0.0,0.0,0.0,0.0,0.0,,0.01582574210504483,0.01582574210504483,0.014809999486696293,0.011904058912887662,0.0
raw_least_squares,3,2,0.03,9,0.001,10,0.0,0.0,0.0,0.0,0.0,0.0,0.0,0.0,0.0,,0.01582574210504483,0.01582574210504483,0.014809999486696293,0.011904058912887662,0.0
raw_least_squares,3,2,0.03,9,0.003,10,0.0,0.0,0.0,0.0,0.0,0.0,0.0,0.0,0.0,,0.01582574210504483,0.01582574210504483,0.014809999486696293,0.011904058912887662,0.0
raw_least_squares,3,2,0.03,9,0.01,10,0.0,0.0,0.0,0.0,0.0,0.0,0.0,0.0,0.0,,0.01582574210504483,0.01582574210504483,0.014809999486696293,0.011904058912887662,0.0
raw_least_squares,3,2,0.05,3,0.0001,10,0.0,0.0,0.0,0.0,0.0,0.0,0.0,0.0,0.0,,0.026452058645487813,0.026452058645487813,0.030412004403691052,0.026597844723739612,0.0
raw_least_squares,3,2,0.05,3,0.0003,10,0.0,0.0,0.0,0.0,0.0,0.0,0.0,0.0,0.0,,0.026452058645487813,0.026452058645487813,0.030412004403691052,0.026597844723739612,0.0
raw_least_squares,3,2,0.05,3,0.001,10,0.0,0.0,0.0,0.0,0.0,0.0,0.0,0.0,0.0,,0.026452058645487813,0.026452058645487813,0.030412004403691052,0.026597844723739612,0.0
raw_least_squares,3,2,0.05,3,0.003,10,0.0,0.0,0.0,0.0,0.0,0.0,0.0,0.0,0.0,,0.026452058645487813,0.026452058645487813,0.030412004403691052,0.026597844723739612,0.0
raw_least_squares,3,2,0.05,3,0.01,10,0.0,0.0,0.0,0.0,0.0,0.0,0.0,0.0,0.0,,0.026452058645487813,0.026452058645487813,0.030412004403691052,0.026597844723739612,0.0
raw_least_squares,3,2,0.05,6,0.0001,10,0.0,0.0,0.0,0.0,0.0,0.0,0.0,0.0,0.0,,0.026452058645487813,0.026452058645487813,0.030412004403691052,0.026597844723739612,0.0
raw_least_squares,3,2,0.05,6,0.0003,10,0.0,0.0,0.0,0.0,0.0,0.0,0.0,0.0,0.0,,0.026452058645487813,0.026452058645487813,0.030412004403691052,0.026597844723739612,0.0
raw_least_squares,3,2,0.05,6,0.001,10,0.0,0.0,0.0,0.0,0.0,0.0,0.0,0.0,0.0,,0.026452058645487813,0.026452058645487813,0.030412004403691052,0.026597844723739612,0.0
raw_least_squares,3,2,0.05,6,0.003,10,0.0,0.0,0.0,0.0,0.0,0.0,0.0,0.0,0.0,,0.026452058645487813,0.026452058645487813,0.030412004403691052,0.026597844723739612,0.0
raw_least_squares,3,2,0.05,6,0.01,10,0.0,0.0,0.0,0.0,0.0,0.0,0.0,0.0,0.0,,0.026452058645487813,0.026452058645487813,0.030412004403691052,0.026597844723739612,0.0
raw_least_squares,3,2,0.05,9,0.0001,10,0.0,0.0,0.0,0.0,0.0,0.0,0.0,0.0,0.0,,0.026452058645487813,0.026452058645487813,0.030412004403691052,0.026597844723739612,0.0
raw_least_squares,3,2,0.05,9,0.0003,10,0.0,0.0,0.0,0.0,0.0,0.0,0.0,0.0,0.0,,0.026452058645487813,0.026452058645487813,0.030412004403691052,0.026597844723739612,0.0
raw_least_squares,3,2,0.05,9,0.001,10,0.0,0.0,0.0,0.0,0.0,0.0,0.0,0.0,0.0,,0.026452058645487813,0.026452058645487813,0.030412004403691052,0.026597844723739612,0.0
raw_least_squares,3,2,0.05,9,0.003,10,0.0,0.0,0.0,0.0,0.0,0.0,0.0,0.0,0.0,,0.026452058645487813,0.026452058645487813,0.030412004403691052,0.026597844723739612,0.0
raw_least_squares,3,2,0.05,9,0.01,10,0.0,0.0,0.0,0.0,0.0,0.0,0.0,0.0,0.0,,0.026452058645487813,0.026452058645487813,0.030412004403691052,0.026597844723739612,0.0
unitary_global_chart_synchronization,2,2,0.0,2,0.0001,10,0.0,1.0,1.0,1.0,1.0,0.0,0.0,0.0,1.0,,2.2019888366534887e-15,2.2019888366534887e-15,7.76761993635296e-09,9.027670040634726e-16,0.0
unitary_global_chart_synchronization,2,2,0.0,2,0.0003,10,0.0,1.0,1.0,1.0,1.0,0.0,0.0,0.0,1.0,,2.2019888366534887e-15,2.2019888366534887e-15,7.76761993635296e-09,9.027670040634726e-16,0.0
unitary_global_chart_synchronization,2,2,0.0,2,0.001,10,0.0,1.0,1.0,1.0,1.0,0.0,0.0,0.0,1.0,,2.2019888366534887e-15,2.2019888366534887e-15,7.76761993635296e-09,9.027670040634726e-16,0.0
unitary_global_chart_synchronization,2,2,0.0,2,0.003,10,0.0,1.0,1.0,1.0,1.0,0.0,0.0,0.0,1.0,,2.2019888366534887e-15,2.2019888366534887e-15,7.76761993635296e-09,9.027670040634726e-16,0.0
unitary_global_chart_synchronization,2,2,0.0,2,0.01,10,0.0,1.0,1.0,1.0,1.0,0.0,0.0,0.0,1.0,,2.2019888366534887e-15,2.2019888366534887e-15,7.76761993635296e-09,9.027670040634726e-16,0.0
unitary_global_chart_synchronization,2,2,0.0,4,0.0001,10,0.0,1.0,1.0,1.0,1.0,1.0,0.0,0.0,0.0,,2.2019888366534887e-15,2.2019888366534887e-15,7.76761993635296e-09,9.027670040634726e-16,0.0
unitary_global_chart_synchronization,2,2,0.0,4,0.0003,10,0.0,1.0,1.0,1.0,1.0,1.0,0.0,0.0,0.0,,2.2019888366534887e-15,2.2019888366534887e-15,7.76761993635296e-09,9.027670040634726e-16,0.0
unitary_global_chart_synchronization,2,2,0.0,4,0.001,10,0.0,1.0,1.0,1.0,1.0,1.0,0.0,0.0,0.0,,2.2019888366534887e-15,2.2019888366534887e-15,7.76761993635296e-09,9.027670040634726e-16,0.0
unitary_global_chart_synchronization,2,2,0.0,4,0.003,10,0.0,1.0,1.0,1.0,1.0,1.0,0.0,0.0,0.0,,2.2019888366534887e-15,2.2019888366534887e-15,7.76761993635296e-09,9.027670040634726e-16,0.0
unitary_global_chart_synchronization,2,2,0.0,4,0.01,10,0.0,1.0,1.0,1.0,1.0,1.0,0.0,0.0,0.0,,2.2019888366534887e-15,2.2019888366534887e-15,7.76761993635296e-09,9.027670040634726e-16,0.0
unitary_global_chart_synchronization,2,2,0.0001,2,0.0001,10,0.0,0.9,0.9,0.9,0.9,0.0,0.0,0.0,0.9,,0.00020735993694254862,0.00020735993694254862,0.00020129037073836703,0.00010039251624418706,0.0
unitary_global_chart_synchronization,2,2,0.0001,2,0.0003,10,0.0,0.9,0.9,0.9,0.9,0.0,0.0,0.0,0.9,,0.00020735993694254862,0.00020735993694254862,0.00020129037073836703,0.00010039251624418706,0.0
unitary_global_chart_synchronization,2,2,0.0001,2,0.001,10,0.0,0.9,0.9,0.9,0.9,0.0,0.0,0.0,0.9,,0.00020735993694254862,0.00020735993694254862,0.00020129037073836703,0.00010039251624418706,0.0
unitary_global_chart_synchronization,2,2,0.0001,2,0.003,10,0.0,0.9,0.9,0.9,0.9,0.0,0.0,0.0,0.9,,0.00020735993694254862,0.00020735993694254862,0.00020129037073836703,0.00010039251624418706,0.0
unitary_global_chart_synchronization,2,2,0.0001,2,0.01,10,0.0,0.9,0.9,0.9,0.9,0.0,0.0,0.0,0.9,,0.00020735993694254862,0.00020735993694254862,0.00020129037073836703,0.00010039251624418706,0.0
unitary_global_chart_synchronization,2,2,0.0001,4,0.0001,10,0.0,0.9,0.9,0.9,0.9,0.9,0.0,0.0,0.0,,0.00020735993694254862,0.00020735993694254862,0.00020129037073836703,0.00010039251624418706,0.0
unitary_global_chart_synchronization,2,2,0.0001,4,0.0003,10,0.0,0.9,0.9,0.9,0.9,0.9,0.0,0.0,0.0,,0.00020735993694254862,0.00020735993694254862,0.00020129037073836703,0.00010039251624418706,0.0
unitary_global_chart_synchronization,2,2,0.0001,4,0.001,10,0.0,0.9,0.9,0.9,0.9,0.9,0.0,0.0,0.0,,0.00020735993694254862,0.00020735993694254862,0.00020129037073836703,0.00010039251624418706,0.0
unitary_global_chart_synchronization,2,2,0.0001,4,0.003,10,0.0,0.9,0.9,0.9,0.9,0.9,0.0,0.0,0.0,,0.00020735993694254862,0.00020735993694254862,0.00020129037073836703,0.00010039251624418706,0.0
unitary_global_chart_synchronization,2,2,0.0001,4,0.01,10,0.0,0.9,0.9,0.9,0.9,0.9,0.0,0.0,0.0,,0.00020735993694254862,0.00020735993694254862,0.00020129037073836703,0.00010039251624418706,0.0
unitary_global_chart_synchronization,2,2,0.0003,2,0.0001,10,0.0,0.0,0.0,0.0,0.0,0.0,0.0,0.0,0.0,,0.0006221694033006993,0.0006221694033006993,0.0006083408160144394,0.0003012056982231511,0.0
unitary_global_chart_synchronization,2,2,0.0003,2,0.0003,10,0.0,0.0,0.0,0.0,0.0,0.0,0.0,0.0,0.0,,0.0006221694033006993,0.0006221694033006993,0.0006083408160144394,0.0003012056982231511,0.0
unitary_global_chart_synchronization,2,2,0.0003,2,0.001,10,0.0,0.0,0.0,0.0,0.0,0.0,0.0,0.0,0.0,,0.0006221694033006993,0.0006221694033006993,0.0006083408160144394,0.0003012056982231511,0.0
unitary_global_chart_synchronization,2,2,0.0003,2,0.003,10,0.0,0.0,0.0,0.0,0.0,0.0,0.0,0.0,0.0,,0.0006221694033006993,0.0006221694033006993,0.0006083408160144394,0.0003012056982231511,0.0
unitary_global_chart_synchronization,2,2,0.0003,2,0.01,10,0.0,0.0,0.0,0.0,0.0,0.0,0.0,0.0,0.0,,0.0006221694033006993,0.0006221694033006993,0.0006083408160144394,0.0003012056982231511,0.0
unitary_global_chart_synchronization,2,2,0.0003,4,0.0001,10,0.0,0.0,0.0,0.0,0.0,0.0,0.0,0.0,0.0,,0.0006221694033006993,0.0006221694033006993,0.0006083408160144394,0.0003012056982231511,0.0
unitary_global_chart_synchronization,2,2,0.0003,4,0.0003,10,0.0,0.0,0.0,0.0,0.0,0.0,0.0,0.0,0.0,,0.0006221694033006993,0.0006221694033006993,0.0006083408160144394,0.0003012056982231511,0.0
unitary_global_chart_synchronization,2,2,0.0003,4,0.001,10,0.0,0.0,0.0,0.0,0.0,0.0,0.0,0.0,0.0,,0.0006221694033006993,0.0006221694033006993,0.0006083408160144394,0.0003012056982231511,0.0
unitary_global_chart_synchronization,2,2,0.0003,4,0.003,10,0.0,0.0,0.0,0.0,0.0,0.0,0.0,0.0,0.0,,0.0006221694033006993,0.0006221694033006993,0.0006083408160144394,0.0003012056982231511,0.0
unitary_global_chart_synchronization,2,2,0.0003,4,0.01,10,0.0,0.0,0.0,0.0,0.0,0.0,0.0,0.0,0.0,,0.0006221694033006993,0.0006221694033006993,0.0006083408160144394,0.0003012056982231511,0.0
unitary_global_chart_synchronization,2,2,0.001,2,0.0001,10,0.0,0.0,0.0,0.0,0.0,0.0,0.0,0.0,0.0,,0.002074335486919805,0.002074335486919805,0.002171288878831901,0.0010041142492163905,0.0
unitary_global_chart_synchronization,2,2,0.001,2,0.0003,10,0.0,0.0,0.0,0.0,0.0,0.0,0.0,0.0,0.0,,0.002074335486919805,0.002074335486919805,0.002171288878831901,0.0010041142492163905,0.0
unitary_global_chart_synchronization,2,2,0.001,2,0.001,10,0.0,0.0,0.0,0.0,0.0,0.0,0.0,0.0,0.0,,0.002074335486919805,0.002074335486919805,0.002171288878831901,0.0010041142492163905,0.0
unitary_global_chart_synchronization,2,2,0.001,2,0.003,10,0.0,0.0,0.0,0.0,0.0,0.0,0.0,0.0,0.0,,0.002074335486919805,0.002074335486919805,0.002171288878831901,0.0010041142492163905,0.0
unitary_global_chart_synchronization,2,2,0.001,2,0.01,10,0.0,0.0,0.0,0.0,0.0,0.0,0.0,0.0,0.0,,0.002074335486919805,0.002074335486919805,0.002171288878831901,0.0010041142492163905,0.0
unitary_global_chart_synchronization,2,2,0.001,4,0.0001,10,0.0,0.0,0.0,0.0,0.0,0.0,0.0,0.0,0.0,,0.002074335486919805,0.002074335486919805,0.002171288878831901,0.0010041142492163905,0.0
unitary_global_chart_synchronization,2,2,0.001,4,0.0003,10,0.0,0.0,0.0,0.0,0.0,0.0,0.0,0.0,0.0,,0.002074335486919805,0.002074335486919805,0.002171288878831901,0.0010041142492163905,0.0
unitary_global_chart_synchronization,2,2,0.001,4,0.001,10,0.0,0.0,0.0,0.0,0.0,0.0,0.0,0.0,0.0,,0.002074335486919805,0.002074335486919805,0.002171288878831901,0.0010041142492163905,0.0
unitary_global_chart_synchronization,2,2,0.001,4,0.003,10,0.0,0.0,0.0,0.0,0.0,0.0,0.0,0.0,0.0,,0.002074335486919805,0.002074335486919805,0.002171288878831901,0.0010041142492163905,0.0
unitary_global_chart_synchronization,2,2,0.001,4,0.01,10,0.0,0.0,0.0,0.0,0.0,0.0,0.0,0.0,0.0,,0.002074335486919805,0.002074335486919805,0.002171288878831901,0.0010041142492163905,0.0
unitary_global_chart_synchronization,2,2,0.003,2,0.0001,10,0.0,0.0,0.0,0.0,0.0,0.0,0.0,0.0,0.0,,0.006220353500800263,0.006220353500800263,0.009253904464330245,0.003007131273073154,0.0
unitary_global_chart_synchronization,2,2,0.003,2,0.0003,10,0.0,0.0,0.0,0.0,0.0,0.0,0.0,0.0,0.0,,0.006220353500800263,0.006220353500800263,0.009253904464330245,0.003007131273073154,0.0
unitary_global_chart_synchronization,2,2,0.003,2,0.001,10,0.0,0.0,0.0,0.0,0.0,0.0,0.0,0.0,0.0,,0.006220353500800263,0.006220353500800263,0.009253904464330245,0.003007131273073154,0.0
unitary_global_chart_synchronization,2,2,0.003,2,0.003,10,0.0,0.0,0.0,0.0,0.0,0.0,0.0,0.0,0.0,,0.006220353500800263,0.006220353500800263,0.009253904464330245,0.003007131273073154,0.0
unitary_global_chart_synchronization,2,2,0.003,2,0.01,10,0.0,0.0,0.0,0.0,0.0,0.0,0.0,0.0,0.0,,0.006220353500800263,0.006220353500800263,0.009253904464330245,0.003007131273073154,0.0
unitary_global_chart_synchronization,2,2,0.003,4,0.0001,10,0.0,0.0,0.0,0.0,0.0,0.0,0.0,0.0,0.0,,0.006220353500800263,0.006220353500800263,0.009253904464330245,0.003007131273073154,0.0
unitary_global_chart_synchronization,2,2,0.003,4,0.0003,10,0.0,0.0,0.0,0.0,0.0,0.0,0.0,0.0,0.0,,0.006220353500800263,0.006220353500800263,0.009253904464330245,0.003007131273073154,0.0
unitary_global_chart_synchronization,2,2,0.003,4,0.001,10,0.0,0.0,0.0,0.0,0.0,0.0,0.0,0.0,0.0,,0.006220353500800263,0.006220353500800263,0.009253904464330245,0.003007131273073154,0.0
unitary_global_chart_synchronization,2,2,0.003,4,0.003,10,0.0,0.0,0.0,0.0,0.0,0.0,0.0,0.0,0.0,,0.006220353500800263,0.006220353500800263,0.009253904464330245,0.003007131273073154,0.0
unitary_global_chart_synchronization,2,2,0.003,4,0.01,10,0.0,0.0,0.0,0.0,0.0,0.0,0.0,0.0,0.0,,0.006220353500800263,0.006220353500800263,0.009253904464330245,0.003007131273073154,0.0
unitary_global_chart_synchronization,2,2,0.01,2,0.0001,10,0.0,0.0,0.0,0.0,0.0,0.0,0.0,0.0,0.0,,0.0202165614716558,0.0202165614716558,0.07132852815158024,0.009737108036419619,0.0
unitary_global_chart_synchronization,2,2,0.01,2,0.0003,10,0.0,0.0,0.0,0.0,0.0,0.0,0.0,0.0,0.0,,0.0202165614716558,0.0202165614716558,0.07132852815158024,0.009737108036419619,0.0
unitary_global_chart_synchronization,2,2,0.01,2,0.001,10,0.0,0.0,0.0,0.0,0.0,0.0,0.0,0.0,0.0,,0.0202165614716558,0.0202165614716558,0.07132852815158024,0.009737108036419619,0.0
unitary_global_chart_synchronization,2,2,0.01,2,0.003,10,0.0,0.0,0.0,0.0,0.0,0.0,0.0,0.0,0.0,,0.0202165614716558,0.0202165614716558,0.07132852815158024,0.009737108036419619,0.0
unitary_global_chart_synchronization,2,2,0.01,2,0.01,10,0.0,0.0,0.0,0.0,0.0,0.0,0.0,0.0,0.0,,0.0202165614716558,0.0202165614716558,0.07132852815158024,0.009737108036419619,0.0
unitary_global_chart_synchronization,2,2,0.01,4,0.0001,10,0.0,0.0,0.0,0.0,0.0,0.0,0.0,0.0,0.0,,0.0202165614716558,0.0202165614716558,0.07132852815158024,0.009737108036419619,0.0
unitary_global_chart_synchronization,2,2,0.01,4,0.0003,10,0.0,0.0,0.0,0.0,0.0,0.0,0.0,0.0,0.0,,0.0202165614716558,0.0202165614716558,0.07132852815158024,0.009737108036419619,0.0
unitary_global_chart_synchronization,2,2,0.01,4,0.001,10,0.0,0.0,0.0,0.0,0.0,0.0,0.0,0.0,0.0,,0.0202165614716558,0.0202165614716558,0.07132852815158024,0.009737108036419619,0.0
unitary_global_chart_synchronization,2,2,0.01,4,0.003,10,0.0,0.0,0.0,0.0,0.0,0.0,0.0,0.0,0.0,,0.0202165614716558,0.0202165614716558,0.07132852815158024,0.009737108036419619,0.0
unitary_global_chart_synchronization,2,2,0.01,4,0.01,10,0.0,0.0,0.0,0.0,0.0,0.0,0.0,0.0,0.0,,0.0202165614716558,0.0202165614716558,0.07132852815158024,0.009737108036419619,0.0
unitary_global_chart_synchronization,2,2,0.03,2,0.0001,10,0.0,0.0,0.0,0.0,0.0,0.0,0.0,0.0,0.0,,0.049030071770062446,0.049030071770062446,0.3375130506867504,0.023384623548388783,0.0
unitary_global_chart_synchronization,2,2,0.03,2,0.0003,10,0.0,0.0,0.0,0.0,0.0,0.0,0.0,0.0,0.0,,0.049030071770062446,0.049030071770062446,0.3375130506867504,0.023384623548388783,0.0
unitary_global_chart_synchronization,2,2,0.03,2,0.001,10,0.0,0.0,0.0,0.0,0.0,0.0,0.0,0.0,0.0,,0.049030071770062446,0.049030071770062446,0.3375130506867504,0.023384623548388783,0.0
unitary_global_chart_synchronization,2,2,0.03,2,0.003,10,0.0,0.0,0.0,0.0,0.0,0.0,0.0,0.0,0.0,,0.049030071770062446,0.049030071770062446,0.3375130506867504,0.023384623548388783,0.0
unitary_global_chart_synchronization,2,2,0.03,2,0.01,10,0.0,0.0,0.0,0.0,0.0,0.0,0.0,0.0,0.0,,0.049030071770062446,0.049030071770062446,0.3375130506867504,0.023384623548388783,0.0
unitary_global_chart_synchronization,2,2,0.03,4,0.0001,10,0.0,0.0,0.0,0.0,0.0,0.0,0.0,0.0,0.0,,0.049030071770062446,0.049030071770062446,0.3375130506867504,0.023384623548388783,0.0
unitary_global_chart_synchronization,2,2,0.03,4,0.0003,10,0.0,0.0,0.0,0.0,0.0,0.0,0.0,0.0,0.0,,0.049030071770062446,0.049030071770062446,0.3375130506867504,0.023384623548388783,0.0
unitary_global_chart_synchronization,2,2,0.03,4,0.001,10,0.0,0.0,0.0,0.0,0.0,0.0,0.0,0.0,0.0,,0.049030071770062446,0.049030071770062446,0.3375130506867504,0.023384623548388783,0.0
unitary_global_chart_synchronization,2,2,0.03,4,0.003,10,0.0,0.0,0.0,0.0,0.0,0.0,0.0,0.0,0.0,,0.049030071770062446,0.049030071770062446,0.3375130506867504,0.023384623548388783,0.0
unitary_global_chart_synchronization,2,2,0.03,4,0.01,10,0.0,0.0,0.0,0.0,0.0,0.0,0.0,0.0,0.0,,0.049030071770062446,0.049030071770062446,0.3375130506867504,0.023384623548388783,0.0
unitary_global_chart_synchronization,2,2,0.05,2,0.0001,10,0.0,0.0,0.0,0.0,0.0,0.0,0.0,0.0,0.0,,0.06150410046352576,0.06150410046352576,0.5022602114537393,0.02944208094159903,0.0
unitary_global_chart_synchronization,2,2,0.05,2,0.0003,10,0.0,0.0,0.0,0.0,0.0,0.0,0.0,0.0,0.0,,0.06150410046352576,0.06150410046352576,0.5022602114537393,0.02944208094159903,0.0
unitary_global_chart_synchronization,2,2,0.05,2,0.001,10,0.0,0.0,0.0,0.0,0.0,0.0,0.0,0.0,0.0,,0.06150410046352576,0.06150410046352576,0.5022602114537393,0.02944208094159903,0.0
unitary_global_chart_synchronization,2,2,0.05,2,0.003,10,0.0,0.0,0.0,0.0,0.0,0.0,0.0,0.0,0.0,,0.06150410046352576,0.06150410046352576,0.5022602114537393,0.02944208094159903,0.0
unitary_global_chart_synchronization,2,2,0.05,2,0.01,10,0.0,0.0,0.0,0.0,0.0,0.0,0.0,0.0,0.0,,0.06150410046352576,0.06150410046352576,0.5022602114537393,0.02944208094159903,0.0
unitary_global_chart_synchronization,2,2,0.05,4,0.0001,10,0.0,0.0,0.0,0.0,0.0,0.0,0.0,0.0,0.0,,0.06150410046352576,0.06150410046352576,0.5022602114537393,0.02944208094159903,0.0
unitary_global_chart_synchronization,2,2,0.05,4,0.0003,10,0.0,0.0,0.0,0.0,0.0,0.0,0.0,0.0,0.0,,0.06150410046352576,0.06150410046352576,0.5022602114537393,0.02944208094159903,0.0
unitary_global_chart_synchronization,2,2,0.05,4,0.001,10,0.0,0.0,0.0,0.0,0.0,0.0,0.0,0.0,0.0,,0.06150410046352576,0.06150410046352576,0.5022602114537393,0.02944208094159903,0.0
unitary_global_chart_synchronization,2,2,0.05,4,0.003,10,0.0,0.0,0.0,0.0,0.0,0.0,0.0,0.0,0.0,,0.06150410046352576,0.06150410046352576,0.5022602114537393,0.02944208094159903,0.0
unitary_global_chart_synchronization,2,2,0.05,4,0.01,10,0.0,0.0,0.0,0.0,0.0,0.0,0.0,0.0,0.0,,0.06150410046352576,0.06150410046352576,0.5022602114537393,0.02944208094159903,0.0
unitary_global_chart_synchronization,3,2,0.0,3,0.0001,10,0.0,1.0,1.0,1.0,1.0,0.0,0.0,0.0,1.0,,3.3371356814700514e-15,3.3371356814700514e-15,9.449294274397756e-11,1.6214728878695188e-15,0.0
unitary_global_chart_synchronization,3,2,0.0,3,0.0003,10,0.0,1.0,1.0,1.0,1.0,0.0,0.0,0.0,1.0,,3.3371356814700514e-15,3.3371356814700514e-15,9.449294274397756e-11,1.6214728878695188e-15,0.0
unitary_global_chart_synchronization,3,2,0.0,3,0.001,10,0.0,1.0,1.0,1.0,1.0,0.0,0.0,0.0,1.0,,3.3371356814700514e-15,3.3371356814700514e-15,9.449294274397756e-11,1.6214728878695188e-15,0.0
unitary_global_chart_synchronization,3,2,0.0,3,0.003,10,0.0,1.0,1.0,1.0,1.0,0.0,0.0,0.0,1.0,,3.3371356814700514e-15,3.3371356814700514e-15,9.449294274397756e-11,1.6214728878695188e-15,0.0
unitary_global_chart_synchronization,3,2,0.0,3,0.01,10,0.0,1.0,1.0,1.0,1.0,0.0,0.0,0.0,1.0,,3.3371356814700514e-15,3.3371356814700514e-15,9.449294274397756e-11,1.6214728878695188e-15,0.0
unitary_global_chart_synchronization,3,2,0.0,6,0.0001,10,0.0,1.0,1.0,1.0,1.0,0.0,0.0,0.0,1.0,,3.3371356814700514e-15,3.3371356814700514e-15,9.449294274397756e-11,1.6214728878695188e-15,0.0
unitary_global_chart_synchronization,3,2,0.0,6,0.0003,10,0.0,1.0,1.0,1.0,1.0,0.0,0.0,0.0,1.0,,3.3371356814700514e-15,3.3371356814700514e-15,9.449294274397756e-11,1.6214728878695188e-15,0.0
unitary_global_chart_synchronization,3,2,0.0,6,0.001,10,0.0,1.0,1.0,1.0,1.0,0.0,0.0,0.0,1.0,,3.3371356814700514e-15,3.3371356814700514e-15,9.449294274397756e-11,1.6214728878695188e-15,0.0
unitary_global_chart_synchronization,3,2,0.0,6,0.003,10,0.0,1.0,1.0,1.0,1.0,0.0,0.0,0.0,1.0,,3.3371356814700514e-15,3.3371356814700514e-15,9.449294274397756e-11,1.6214728878695188e-15,0.0
unitary_global_chart_synchronization,3,2,0.0,6,0.01,10,0.0,1.0,1.0,1.0,1.0,0.0,0.0,0.0,1.0,,3.3371356814700514e-15,3.3371356814700514e-15,9.449294274397756e-11,1.6214728878695188e-15,0.0
unitary_global_chart_synchronization,3,2,0.0,9,0.0001,10,0.0,1.0,1.0,1.0,1.0,1.0,0.0,0.0,0.0,,3.3371356814700514e-15,3.3371356814700514e-15,9.449294274397756e-11,1.6214728878695188e-15,0.0
unitary_global_chart_synchronization,3,2,0.0,9,0.0003,10,0.0,1.0,1.0,1.0,1.0,1.0,0.0,0.0,0.0,,3.3371356814700514e-15,3.3371356814700514e-15,9.449294274397756e-11,1.6214728878695188e-15,0.0
unitary_global_chart_synchronization,3,2,0.0,9,0.001,10,0.0,1.0,1.0,1.0,1.0,1.0,0.0,0.0,0.0,,3.3371356814700514e-15,3.3371356814700514e-15,9.449294274397756e-11,1.6214728878695188e-15,0.0
unitary_global_chart_synchronization,3,2,0.0,9,0.003,10,0.0,1.0,1.0,1.0,1.0,1.0,0.0,0.0,0.0,,3.3371356814700514e-15,3.3371356814700514e-15,9.449294274397756e-11,1.6214728878695188e-15,0.0
unitary_global_chart_synchronization,3,2,0.0,9,0.01,10,0.0,1.0,1.0,1.0,1.0,1.0,0.0,0.0,0.0,,3.3371356814700514e-15,3.3371356814700514e-15,9.449294274397756e-11,1.6214728878695188e-15,0.0
unitary_global_chart_synchronization,3,2,0.0001,3,0.0001,10,0.0,1.0,1.0,1.0,1.0,0.0,0.0,0.0,1.0,,3.908661828295315e-05,3.908661828295315e-05,4.116013021200186e-05,2.0604914270717132e-05,0.0
unitary_global_chart_synchronization,3,2,0.0001,3,0.0003,10,0.0,1.0,1.0,1.0,1.0,0.0,0.0,0.0,1.0,,3.908661828295315e-05,3.908661828295315e-05,4.116013021200186e-05,2.0604914270717132e-05,0.0
unitary_global_chart_synchronization,3,2,0.0001,3,0.001,10,0.0,1.0,1.0,1.0,1.0,0.0,0.0,0.0,1.0,,3.908661828295315e-05,3.908661828295315e-05,4.116013021200186e-05,2.0604914270717132e-05,0.0
unitary_global_chart_synchronization,3,2,0.0001,3,0.003,10,0.0,1.0,1.0,1.0,1.0,0.0,0.0,0.0,1.0,,3.908661828295315e-05,3.908661828295315e-05,4.116013021200186e-05,2.0604914270717132e-05,0.0
unitary_global_chart_synchronization,3,2,0.0001,3,0.01,10,0.0,1.0,1.0,1.0,1.0,0.0,0.0,0.0,1.0,,3.908661828295315e-05,3.908661828295315e-05,4.116013021200186e-05,2.0604914270717132e-05,0.0
unitary_global_chart_synchronization,3,2,0.0001,6,0.0001,10,0.0,1.0,1.0,1.0,1.0,0.0,0.0,0.0,1.0,,3.908661828295315e-05,3.908661828295315e-05,4.116013021200186e-05,2.0604914270717132e-05,0.0
unitary_global_chart_synchronization,3,2,0.0001,6,0.0003,10,0.0,1.0,1.0,1.0,1.0,0.0,0.0,0.0,1.0,,3.908661828295315e-05,3.908661828295315e-05,4.116013021200186e-05,2.0604914270717132e-05,0.0
unitary_global_chart_synchronization,3,2,0.0001,6,0.001,10,0.0,1.0,1.0,1.0,1.0,0.0,0.0,0.0,1.0,,3.908661828295315e-05,3.908661828295315e-05,4.116013021200186e-05,2.0604914270717132e-05,0.0
unitary_global_chart_synchronization,3,2,0.0001,6,0.003,10,0.0,1.0,1.0,1.0,1.0,0.0,0.0,0.0,1.0,,3.908661828295315e-05,3.908661828295315e-05,4.116013021200186e-05,2.0604914270717132e-05,0.0
unitary_global_chart_synchronization,3,2,0.0001,6,0.01,10,0.0,1.0,1.0,1.0,1.0,0.0,0.0,0.0,1.0,,3.908661828295315e-05,3.908661828295315e-05,4.116013021200186e-05,2.0604914270717132e-05,0.0
unitary_global_chart_synchronization,3,2,0.0001,9,0.0001,10,0.0,1.0,1.0,1.0,1.0,1.0,0.0,0.0,0.0,,3.908661828295315e-05,3.908661828295315e-05,4.116013021200186e-05,2.0604914270717132e-05,0.0
unitary_global_chart_synchronization,3,2,0.0001,9,0.0003,10,0.0,1.0,1.0,1.0,1.0,1.0,0.0,0.0,0.0,,3.908661828295315e-05,3.908661828295315e-05,4.116013021200186e-05,2.0604914270717132e-05,0.0
unitary_global_chart_synchronization,3,2,0.0001,9,0.001,10,0.0,1.0,1.0,1.0,1.0,1.0,0.0,0.0,0.0,,3.908661828295315e-05,3.908661828295315e-05,4.116013021200186e-05,2.0604914270717132e-05,0.0
unitary_global_chart_synchronization,3,2,0.0001,9,0.003,10,0.0,1.0,1.0,1.0,1.0,1.0,0.0,0.0,0.0,,3.908661828295315e-05,3.908661828295315e-05,4.116013021200186e-05,2.0604914270717132e-05,0.0
unitary_global_chart_synchronization,3,2,0.0001,9,0.01,10,0.0,1.0,1.0,1.0,1.0,1.0,0.0,0.0,0.0,,3.908661828295315e-05,3.908661828295315e-05,4.116013021200186e-05,2.0604914270717132e-05,0.0
unitary_global_chart_synchronization,3,2,0.0003,3,0.0001,10,0.0,1.0,1.0,1.0,1.0,0.0,0.0,0.0,1.0,,0.00011725785744199228,0.00011725785744199228,0.00012348201777230303,6.181386742436042e-05,0.0
unitary_global_chart_synchronization,3,2,0.0003,3,0.0003,10,0.0,1.0,1.0,1.0,1.0,0.0,0.0,0.0,1.0,,0.00011725785744199228,0.00011725785744199228,0.00012348201777230303,6.181386742436042e-05,0.0
unitary_global_chart_synchronization,3,2,0.0003,3,0.001,10,0.0,1.0,1.0,1.0,1.0,0.0,0.0,0.0,1.0,,0.00011725785744199228,0.00011725785744199228,0.00012348201777230303,6.181386742436042e-05,0.0
unitary_global_chart_synchronization,3,2,0.0003,3,0.003,10,0.0,1.0,1.0,1.0,1.0,0.0,0.0,0.0,1.0,,0.00011725785744199228,0.00011725785744199228,0.00012348201777230303,6.181386742436042e-05,0.0
unitary_global_chart_synchronization,3,2,0.0003,3,0.01,10,0.0,1.0,1.0,1.0,1.0,0.0,0.0,0.0,1.0,,0.00011725785744199228,0.00011725785744199228,0.00012348201777230303,6.181386742436042e-05,0.0
unitary_global_chart_synchronization,3,2,0.0003,6,0.0001,10,0.0,1.0,1.0,1.0,1.0,0.0,0.0,0.0,1.0,,0.00011725785744199228,0.00011725785744199228,0.00012348201777230303,6.181386742436042e-05,0.0
unitary_global_chart_synchronization,3,2,0.0003,6,0.0003,10,0.0,1.0,1.0,1.0,1.0,0.0,0.0,0.0,1.0,,0.00011725785744199228,0.00011725785744199228,0.00012348201777230303,6.181386742436042e-05,0.0
unitary_global_chart_synchronization,3,2,0.0003,6,0.001,10,0.0,1.0,1.0,1.0,1.0,0.0,0.0,0.0,1.0,,0.00011725785744199228,0.00011725785744199228,0.00012348201777230303,6.181386742436042e-05,0.0
unitary_global_chart_synchronization,3,2,0.0003,6,0.003,10,0.0,1.0,1.0,1.0,1.0,0.0,0.0,0.0,1.0,,0.00011725785744199228,0.00011725785744199228,0.00012348201777230303,6.181386742436042e-05,0.0
unitary_global_chart_synchronization,3,2,0.0003,6,0.01,10,0.0,1.0,1.0,1.0,1.0,0.0,0.0,0.0,1.0,,0.00011725785744199228,0.00011725785744199228,0.00012348201777230303,6.181386742436042e-05,0.0
unitary_global_chart_synchronization,3,2,0.0003,9,0.0001,10,0.0,1.0,1.0,1.0,1.0,1.0,0.0,0.0,0.0,,0.00011725785744199228,0.00011725785744199228,0.00012348201777230303,6.181386742436042e-05,0.0
unitary_global_chart_synchronization,3,2,0.0003,9,0.0003,10,0.0,1.0,1.0,1.0,1.0,1.0,0.0,0.0,0.0,,0.00011725785744199228,0.00011725785744199228,0.00012348201777230303,6.181386742436042e-05,0.0
unitary_global_chart_synchronization,3,2,0.0003,9,0.001,10,0.0,1.0,1.0,1.0,1.0,1.0,0.0,0.0,0.0,,0.00011725785744199228,0.00011725785744199228,0.00012348201777230303,6.181386742436042e-05,0.0
unitary_global_chart_synchronization,3,2,0.0003,9,0.003,10,0.0,1.0,1.0,1.0,1.0,1.0,0.0,0.0,0.0,,0.00011725785744199228,0.00011725785744199228,0.00012348201777230303,6.181386742436042e-05,0.0
unitary_global_chart_synchronization,3,2,0.0003,9,0.01,10,0.0,1.0,1.0,1.0,1.0,1.0,0.0,0.0,0.0,,0.00011725785744199228,0.00011725785744199228,0.00012348201777230303,6.181386742436042e-05,0.0
unitary_global_chart_synchronization,3,2,0.001,3,0.0001,10,0.0,0.0,0.0,0.0,0.0,0.0,0.0,0.0,0.0,,0.000390836353580695,0.000390836353580695,0.00041169029778258286,0.00020603610149458576,0.0
unitary_global_chart_synchronization,3,2,0.001,3,0.0003,10,0.0,0.0,0.0,0.0,0.0,0.0,0.0,0.0,0.0,,0.000390836353580695,0.000390836353580695,0.00041169029778258286,0.00020603610149458576,0.0
unitary_global_chart_synchronization,3,2,0.001,3,0.001,10,0.0,0.0,0.0,0.0,0.0,0.0,0.0,0.0,0.0,,0.000390836353580695,0.000390836353580695,0.00041169029778258286,0.00020603610149458576,0.0
unitary_global_chart_synchronization,3,2,0.001,3,0.003,10,0.0,0.0,0.0,0.0,0.0,0.0,0.0,0.0,0.0,,0.000390836353580695,0.000390836353580695,0.00041169029778258286,0.00020603610149458576,0.0
unitary_global_chart_synchronization,3,2,0.001,3,0.01,10,0.0,0.0,0.0,0.0,0.0,0.0,0.0,0.0,0.0,,0.000390836353580695,0.000390836353580695,0.00041169029778258286,0.00020603610149458576,0.0
unitary_global_chart_synchronization,3,2,0.001,6,0.0001,10,0.0,0.0,0.0,0.0,0.0,0.0,0.0,0.0,0.0,,0.000390836353580695,0.000390836353580695,0.00041169029778258286,0.00020603610149458576,0.0
unitary_global_chart_synchronization,3,2,0.001,6,0.0003,10,0.0,0.0,0.0,0.0,0.0,0.0,0.0,0.0,0.0,,0.000390836353580695,0.000390836353580695,0.00041169029778258286,0.00020603610149458576,0.0
unitary_global_chart_synchronization,3,2,0.001,6,0.001,10,0.0,0.0,0.0,0.0,0.0,0.0,0.0,0.0,0.0,,0.000390836353580695,0.000390836353580695,0.00041169029778258286,0.00020603610149458576,0.0
unitary_global_chart_synchronization,3,2,0.001,6,0.003,10,0.0,0.0,0.0,0.0,0.0,0.0,0.0,0.0,0.0,,0.000390836353580695,0.000390836353580695,0.00041169029778258286,0.00020603610149458576,0.0
unitary_global_chart_synchronization,3,2,0.001,6,0.01,10,0.0,0.0,0.0,0.0,0.0,0.0,0.0,0.0,0.0,,0.000390836353580695,0.000390836353580695,0.00041169029778258286,0.00020603610149458576,0.0
unitary_global_chart_synchronization,3,2,0.001,9,0.0001,10,0.0,0.0,0.0,0.0,0.0,0.0,0.0,0.0,0.0,,0.000390836353580695,0.000390836353580695,0.00041169029778258286,0.00020603610149458576,0.0
unitary_global_chart_synchronization,3,2,0.001,9,0.0003,10,0.0,0.0,0.0,0.0,0.0,0.0,0.0,0.0,0.0,,0.000390836353580695,0.000390836353580695,0.00041169029778258286,0.00020603610149458576,0.0
unitary_global_chart_synchronization,3,2,0.001,9,0.001,10,0.0,0.0,0.0,0.0,0.0,0.0,0.0,0.0,0.0,,0.000390836353580695,0.000390836353580695,0.00041169029778258286,0.00020603610149458576,0.0
unitary_global_chart_synchronization,3,2,0.001,9,0.003,10,0.0,0.0,0.0,0.0,0.0,0.0,0.0,0.0,0.0,,0.000390836353580695,0.000390836353580695,0.00041169029778258286,0.00020603610149458576,0.0
unitary_global_chart_synchronization,3,2,0.001,9,0.01,10,0.0,0.0,0.0,0.0,0.0,0.0,0.0,0.0,0.0,,0.000390836353580695,0.000390836353580695,0.00041169029778258286,0.00020603610149458576,0.0
unitary_global_chart_synchronization,3,2,0.003,3,0.0001,10,0.0,0.0,0.0,0.0,0.0,0.0,0.0,0.0,0.0,,0.0011723138410884792,0.0011723138410884792,0.0012374450023130777,0.0006180238384807534,0.0
unitary_global_chart_synchronization,3,2,0.003,3,0.0003,10,0.0,0.0,0.0,0.0,0.0,0.0,0.0,0.0,0.0,,0.0011723138410884792,0.0011723138410884792,0.0012374450023130777,0.0006180238384807534,0.0
unitary_global_chart_synchronization,3,2,0.003,3,0.001,10,0.0,0.0,0.0,0.0,0.0,0.0,0.0,0.0,0.0,,0.0011723138410884792,0.0011723138410884792,0.0012374450023130777,0.0006180238384807534,0.0
unitary_global_chart_synchronization,3,2,0.003,3,0.003,10,0.0,0.0,0.0,0.0,0.0,0.0,0.0,0.0,0.0,,0.0011723138410884792,0.0011723138410884792,0.0012374450023130777,0.0006180238384807534,0.0
unitary_global_chart_synchronization,3,2,0.003,3,0.01,10,0.0,0.0,0.0,0.0,0.0,0.0,0.0,0.0,0.0,,0.0011723138410884792,0.0011723138410884792,0.0012374450023130777,0.0006180238384807534,0.0
unitary_global_chart_synchronization,3,2,0.003,6,0.0001,10,0.0,0.0,0.0,0.0,0.0,0.0,0.0,0.0,0.0,,0.0011723138410884792,0.0011723138410884792,0.0012374450023130777,0.0006180238384807534,0.0
unitary_global_chart_synchronization,3,2,0.003,6,0.0003,10,0.0,0.0,0.0,0.0,0.0,0.0,0.0,0.0,0.0,,0.0011723138410884792,0.0011723138410884792,0.0012374450023130777,0.0006180238384807534,0.0
unitary_global_chart_synchronization,3,2,0.003,6,0.001,10,0.0,0.0,0.0,0.0,0.0,0.0,0.0,0.0,0.0,,0.0011723138410884792,0.0011723138410884792,0.0012374450023130777,0.0006180238384807534,0.0
unitary_global_chart_synchronization,3,2,0.003,6,0.003,10,0.0,0.0,0.0,0.0,0.0,0.0,0.0,0.0,0.0,,0.0011723138410884792,0.0011723138410884792,0.0012374450023130777,0.0006180238384807534,0.0
unitary_global_chart_synchronization,3,2,0.003,6,0.01,10,0.0,0.0,0.0,0.0,0.0,0.0,0.0,0.0,0.0,,0.0011723138410884792,0.0011723138410884792,0.0012374450023130777,0.0006180238384807534,0.0
unitary_global_chart_synchronization,3,2,0.003,9,0.0001,10,0.0,0.0,0.0,0.0,0.0,0.0,0.0,0.0,0.0,,0.0011723138410884792,0.0011723138410884792,0.0012374450023130777,0.0006180238384807534,0.0
unitary_global_chart_synchronization,3,2,0.003,9,0.0003,10,0.0,0.0,0.0,0.0,0.0,0.0,0.0,0.0,0.0,,0.0011723138410884792,0.0011723138410884792,0.0012374450023130777,0.0006180238384807534,0.0
unitary_global_chart_synchronization,3,2,0.003,9,0.001,10,0.0,0.0,0.0,0.0,0.0,0.0,0.0,0.0,0.0,,0.0011723138410884792,0.0011723138410884792,0.0012374450023130777,0.0006180238384807534,0.0
unitary_global_chart_synchronization,3,2,0.003,9,0.003,10,0.0,0.0,0.0,0.0,0.0,0.0,0.0,0.0,0.0,,0.0011723138410884792,0.0011723138410884792,0.0012374450023130777,0.0006180238384807534,0.0
unitary_global_chart_synchronization,3,2,0.003,9,0.01,10,0.0,0.0,0.0,0.0,0.0,0.0,0.0,0.0,0.0,,0.0011723138410884792,0.0011723138410884792,0.0012374450023130777,0.0006180238384807534,0.0
unitary_global_chart_synchronization,3,2,0.01,3,0.0001,10,0.0,0.0,0.0,0.0,0.0,0.0,0.0,0.0,0.0,,0.0039055672091708833,0.0039055672091708833,0.004215737047894785,0.002059183763967674,0.0
unitary_global_chart_synchronization,3,2,0.01,3,0.0003,10,0.0,0.0,0.0,0.0,0.0,0.0,0.0,0.0,0.0,,0.0039055672091708833,0.0039055672091708833,0.004215737047894785,0.002059183763967674,0.0
unitary_global_chart_synchronization,3,2,0.01,3,0.001,10,0.0,0.0,0.0,0.0,0.0,0.0,0.0,0.0,0.0,,0.0039055672091708833,0.0039055672091708833,0.004215737047894785,0.002059183763967674,0.0
unitary_global_chart_synchronization,3,2,0.01,3,0.003,10,0.0,0.0,0.0,0.0,0.0,0.0,0.0,0.0,0.0,,0.0039055672091708833,0.0039055672091708833,0.004215737047894785,0.002059183763967674,0.0
unitary_global_chart_synchronization,3,2,0.01,3,0.01,10,0.0,0.0,0.0,0.0,0.0,0.0,0.0,0.0,0.0,,0.0039055672091708833,0.0039055672091708833,0.004215737047894785,0.002059183763967674,0.0
unitary_global_chart_synchronization,3,2,0.01,6,0.0001,10,0.0,0.0,0.0,0.0,0.0,0.0,0.0,0.0,0.0,,0.0039055672091708833,0.0039055672091708833,0.004215737047894785,0.002059183763967674,0.0
unitary_global_chart_synchronization,3,2,0.01,6,0.0003,10,0.0,0.0,0.0,0.0,0.0,0.0,0.0,0.0,0.0,,0.0039055672091708833,0.0039055672091708833,0.004215737047894785,0.002059183763967674,0.0
unitary_global_chart_synchronization,3,2,0.01,6,0.001,10,0.0,0.0,0.0,0.0,0.0,0.0,0.0,0.0,0.0,,0.0039055672091708833,0.0039055672091708833,0.004215737047894785,0.002059183763967674,0.0
unitary_global_chart_synchronization,3,2,0.01,6,0.003,10,0.0,0.0,0.0,0.0,0.0,0.0,0.0,0.0,0.0,,0.0039055672091708833,0.0039055672091708833,0.004215737047894785,0.002059183763967674,0.0
unitary_global_chart_synchronization,3,2,0.01,6,0.01,10,0.0,0.0,0.0,0.0,0.0,0.0,0.0,0.0,0.0,,0.0039055672091708833,0.0039055672091708833,0.004215737047894785,0.002059183763967674,0.0
unitary_global_chart_synchronization,3,2,0.01,9,0.0001,10,0.0,0.0,0.0,0.0,0.0,0.0,0.0,0.0,0.0,,0.0039055672091708833,0.0039055672091708833,0.004215737047894785,0.002059183763967674,0.0
unitary_global_chart_synchronization,3,2,0.01,9,0.0003,10,0.0,0.0,0.0,0.0,0.0,0.0,0.0,0.0,0.0,,0.0039055672091708833,0.0039055672091708833,0.004215737047894785,0.002059183763967674,0.0
unitary_global_chart_synchronization,3,2,0.01,9,0.001,10,0.0,0.0,0.0,0.0,0.0,0.0,0.0,0.0,0.0,,0.0039055672091708833,0.0039055672091708833,0.004215737047894785,0.002059183763967674,0.0
unitary_global_chart_synchronization,3,2,0.01,9,0.003,10,0.0,0.0,0.0,0.0,0.0,0.0,0.0,0.0,0.0,,0.0039055672091708833,0.0039055672091708833,0.004215737047894785,0.002059183763967674,0.0
unitary_global_chart_synchronization,3,2,0.01,9,0.01,10,0.0,0.0,0.0,0.0,0.0,0.0,0.0,0.0,0.0,,0.0039055672091708833,0.0039055672091708833,0.004215737047894785,0.002059183763967674,0.0
unitary_global_chart_synchronization,3,2,0.03,3,0.0001,10,0.0,0.0,0.0,0.0,0.0,0.0,0.0,0.0,0.0,,0.011701724153495744,0.011701724153495744,0.014809999486696293,0.0061721967555296445,0.0
unitary_global_chart_synchronization,3,2,0.03,3,0.0003,10,0.0,0.0,0.0,0.0,0.0,0.0,0.0,0.0,0.0,,0.011701724153495744,0.011701724153495744,0.014809999486696293,0.0061721967555296445,0.0
unitary_global_chart_synchronization,3,2,0.03,3,0.001,10,0.0,0.0,0.0,0.0,0.0,0.0,0.0,0.0,0.0,,0.011701724153495744,0.011701724153495744,0.014809999486696293,0.0061721967555296445,0.0
unitary_global_chart_synchronization,3,2,0.03,3,0.003,10,0.0,0.0,0.0,0.0,0.0,0.0,0.0,0.0,0.0,,0.011701724153495744,0.011701724153495744,0.014809999486696293,0.0061721967555296445,0.0
unitary_global_chart_synchronization,3,2,0.03,3,0.01,10,0.0,0.0,0.0,0.0,0.0,0.0,0.0,0.0,0.0,,0.011701724153495744,0.011701724153495744,0.014809999486696293,0.0061721967555296445,0.0
unitary_global_chart_synchronization,3,2,0.03,6,0.0001,10,0.0,0.0,0.0,0.0,0.0,0.0,0.0,0.0,0.0,,0.011701724153495744,0.011701724153495744,0.014809999486696293,0.0061721967555296445,0.0
unitary_global_chart_synchronization,3,2,0.03,6,0.0003,10,0.0,0.0,0.0,0.0,0.0,0.0,0.0,0.0,0.0,,0.011701724153495744,0.011701724153495744,0.014809999486696293,0.0061721967555296445,0.0
unitary_global_chart_synchronization,3,2,0.03,6,0.001,10,0.0,0.0,0.0,0.0,0.0,0.0,0.0,0.0,0.0,,0.011701724153495744,0.011701724153495744,0.014809999486696293,0.0061721967555296445,0.0
unitary_global_chart_synchronization,3,2,0.03,6,0.003,10,0.0,0.0,0.0,0.0,0.0,0.0,0.0,0.0,0.0,,0.011701724153495744,0.011701724153495744,0.014809999486696293,0.0061721967555296445,0.0
unitary_global_chart_synchronization,3,2,0.03,6,0.01,10,0.0,0.0,0.0,0.0,0.0,0.0,0.0,0.0,0.0,,0.011701724153495744,0.011701724153495744,0.014809999486696293,0.0061721967555296445,0.0
unitary_global_chart_synchronization,3,2,0.03,9,0.0001,10,0.0,0.0,0.0,0.0,0.0,0.0,0.0,0.0,0.0,,0.011701724153495744,0.011701724153495744,0.014809999486696293,0.0061721967555296445,0.0
unitary_global_chart_synchronization,3,2,0.03,9,0.0003,10,0.0,0.0,0.0,0.0,0.0,0.0,0.0,0.0,0.0,,0.011701724153495744,0.011701724153495744,0.014809999486696293,0.0061721967555296445,0.0
unitary_global_chart_synchronization,3,2,0.03,9,0.001,10,0.0,0.0,0.0,0.0,0.0,0.0,0.0,0.0,0.0,,0.011701724153495744,0.011701724153495744,0.014809999486696293,0.0061721967555296445,0.0
unitary_global_chart_synchronization,3,2,0.03,9,0.003,10,0.0,0.0,0.0,0.0,0.0,0.0,0.0,0.0,0.0,,0.011701724153495744,0.011701724153495744,0.014809999486696293,0.0061721967555296445,0.0
unitary_global_chart_synchronization,3,2,0.03,9,0.01,10,0.0,0.0,0.0,0.0,0.0,0.0,0.0,0.0,0.0,,0.011701724153495744,0.011701724153495744,0.014809999486696293,0.0061721967555296445,0.0
unitary_global_chart_synchronization,3,2,0.05,3,0.0001,10,0.0,0.0,0.0,0.0,0.0,0.0,0.0,0.0,0.0,,0.01948649488686502,0.01948649488686502,0.030412004403691052,0.010283908592971297,0.0
unitary_global_chart_synchronization,3,2,0.05,3,0.0003,10,0.0,0.0,0.0,0.0,0.0,0.0,0.0,0.0,0.0,,0.01948649488686502,0.01948649488686502,0.030412004403691052,0.010283908592971297,0.0
unitary_global_chart_synchronization,3,2,0.05,3,0.001,10,0.0,0.0,0.0,0.0,0.0,0.0,0.0,0.0,0.0,,0.01948649488686502,0.01948649488686502,0.030412004403691052,0.010283908592971297,0.0
unitary_global_chart_synchronization,3,2,0.05,3,0.003,10,0.0,0.0,0.0,0.0,0.0,0.0,0.0,0.0,0.0,,0.01948649488686502,0.01948649488686502,0.030412004403691052,0.010283908592971297,0.0
unitary_global_chart_synchronization,3,2,0.05,3,0.01,10,0.0,0.0,0.0,0.0,0.0,0.0,0.0,0.0,0.0,,0.01948649488686502,0.01948649488686502,0.030412004403691052,0.010283908592971297,0.0
unitary_global_chart_synchronization,3,2,0.05,6,0.0001,10,0.0,0.0,0.0,0.0,0.0,0.0,0.0,0.0,0.0,,0.01948649488686502,0.01948649488686502,0.030412004403691052,0.010283908592971297,0.0
unitary_global_chart_synchronization,3,2,0.05,6,0.0003,10,0.0,0.0,0.0,0.0,0.0,0.0,0.0,0.0,0.0,,0.01948649488686502,0.01948649488686502,0.030412004403691052,0.010283908592971297,0.0
unitary_global_chart_synchronization,3,2,0.05,6,0.001,10,0.0,0.0,0.0,0.0,0.0,0.0,0.0,0.0,0.0,,0.01948649488686502,0.01948649488686502,0.030412004403691052,0.010283908592971297,0.0
unitary_global_chart_synchronization,3,2,0.05,6,0.003,10,0.0,0.0,0.0,0.0,0.0,0.0,0.0,0.0,0.0,,0.01948649488686502,0.01948649488686502,0.030412004403691052,0.010283908592971297,0.0
unitary_global_chart_synchronization,3,2,0.05,6,0.01,10,0.0,0.0,0.0,0.0,0.0,0.0,0.0,0.0,0.0,,0.01948649488686502,0.01948649488686502,0.030412004403691052,0.010283908592971297,0.0
unitary_global_chart_synchronization,3,2,0.05,9,0.0001,10,0.0,0.0,0.0,0.0,0.0,0.0,0.0,0.0,0.0,,0.01948649488686502,0.01948649488686502,0.030412004403691052,0.010283908592971297,0.0
unitary_global_chart_synchronization,3,2,0.05,9,0.0003,10,0.0,0.0,0.0,0.0,0.0,0.0,0.0,0.0,0.0,,0.01948649488686502,0.01948649488686502,0.030412004403691052,0.010283908592971297,0.0
unitary_global_chart_synchronization,3,2,0.05,9,0.001,10,0.0,0.0,0.0,0.0,0.0,0.0,0.0,0.0,0.0,,0.01948649488686502,0.01948649488686502,0.030412004403691052,0.010283908592971297,0.0
unitary_global_chart_synchronization,3,2,0.05,9,0.003,10,0.0,0.0,0.0,0.0,0.0,0.0,0.0,0.0,0.0,,0.01948649488686502,0.01948649488686502,0.030412004403691052,0.010283908592971297,0.0
unitary_global_chart_synchronization,3,2,0.05,9,0.01,10,0.0,0.0,0.0,0.0,0.0,0.0,0.0,0.0,0.0,,0.01948649488686502,0.01948649488686502,0.030412004403691052,0.010283908592971297,0.0
unitary_then_heisenberg_projection,2,2,-1.0,4,0.0001,40,0.0,0.25,0.0,0.0,0.0,0.0,0.0,0.0,0.0,inf,1.0015741844293644,2.727739788796804e-16,2.584054701819645,0.0,0.0
unitary_then_heisenberg_projection,2,2,-1.0,4,0.0003,40,0.0,0.25,0.0,0.0,0.0,0.0,0.0,0.0,0.0,inf,1.0015741844293644,2.727739788796804e-16,2.584054701819645,0.0,0.0
unitary_then_heisenberg_projection,2,2,-1.0,4,0.001,40,0.0,0.25,0.0,0.0,0.0,0.0,0.0,0.0,0.0,inf,1.0015741844293644,2.727739788796804e-16,2.584054701819645,0.0,0.0
unitary_then_heisenberg_projection,2,2,-1.0,4,0.003,40,0.0,0.25,0.0,0.0,0.0,0.0,0.0,0.0,0.0,inf,1.0015741844293644,2.727739788796804e-16,2.584054701819645,0.0,0.0
unitary_then_heisenberg_projection,2,2,-1.0,4,0.01,40,0.0,0.25,0.0,0.0,0.0,0.0,0.0,0.0,0.0,inf,1.0015741844293644,2.727739788796804e-16,2.584054701819645,0.0,0.0
unitary_then_heisenberg_projection,2,2,0.0,2,0.0001,10,1.0,1.0,1.0,1.0,1.0,0.0,0.0,0.0,1.0,1.3840754712801205e-15,2.1212730542245127e-15,1.7319121124709866e-16,7.76761993635296e-09,0.0,0.0
unitary_then_heisenberg_projection,2,2,0.0,2,0.0003,10,1.0,1.0,1.0,1.0,1.0,0.0,0.0,0.0,1.0,1.3840754712801205e-15,2.1212730542245127e-15,1.7319121124709866e-16,7.76761993635296e-09,0.0,0.0
unitary_then_heisenberg_projection,2,2,0.0,2,0.001,10,1.0,1.0,1.0,1.0,1.0,0.0,0.0,0.0,1.0,1.3840754712801205e-15,2.1212730542245127e-15,1.7319121124709866e-16,7.76761993635296e-09,0.0,0.0
unitary_then_heisenberg_projection,2,2,0.0,2,0.003,10,1.0,1.0,1.0,1.0,1.0,0.0,0.0,0.0,1.0,1.3840754712801205e-15,2.1212730542245127e-15,1.7319121124709866e-16,7.76761993635296e-09,0.0,0.0
unitary_then_heisenberg_projection,2,2,0.0,2,0.01,10,1.0,1.0,1.0,1.0,1.0,0.0,0.0,0.0,1.0,1.3840754712801205e-15,2.1212730542245127e-15,1.7319121124709866e-16,7.76761993635296e-09,0.0,0.0
unitary_then_heisenberg_projection,2,2,0.0,4,0.0001,10,1.0,1.0,1.0,1.0,1.0,1.0,0.0,0.0,0.0,1.3840754712801205e-15,2.1212730542245127e-15,1.7319121124709866e-16,7.76761993635296e-09,0.0,0.0
unitary_then_heisenberg_projection,2,2,0.0,4,0.0003,10,1.0,1.0,1.0,1.0,1.0,1.0,0.0,0.0,0.0,1.3840754712801205e-15,2.1212730542245127e-15,1.7319121124709866e-16,7.76761993635296e-09,0.0,0.0
unitary_then_heisenberg_projection,2,2,0.0,4,0.001,10,1.0,1.0,1.0,1.0,1.0,1.0,0.0,0.0,0.0,1.3840754712801205e-15,2.1212730542245127e-15,1.7319121124709866e-16,7.76761993635296e-09,0.0,0.0
unitary_then_heisenberg_projection,2,2,0.0,4,0.003,10,1.0,1.0,1.0,1.0,1.0,1.0,0.0,0.0,0.0,1.3840754712801205e-15,2.1212730542245127e-15,1.7319121124709866e-16,7.76761993635296e-09,0.0,0.0
unitary_then_heisenberg_projection,2,2,0.0,4,0.01,10,1.0,1.0,1.0,1.0,1.0,1.0,0.0,0.0,0.0,1.3840754712801205e-15,2.1212730542245127e-15,1.7319121124709866e-16,7.76761993635296e-09,0.0,0.0
unitary_then_heisenberg_projection,2,2,0.0001,2,0.0001,10,0.2,0.9,0.2,0.2,0.2,0.0,0.0,0.0,0.2,0.000114823811045506,0.0002073715422423122,1.7319121124709866e-16,0.00020129037073836703,0.0,-0.7
unitary_then_heisenberg_projection,2,2,0.0001,2,0.0003,10,1.0,0.9,1.0,1.0,1.0,0.0,0.0,0.0,1.0,0.000114823811045506,0.0002073715422423122,1.7319121124709866e-16,0.00020129037073836703,0.0,0.09999999999999998
unitary_then_heisenberg_projection,2,2,0.0001,2,0.001,10,1.0,0.9,1.0,1.0,1.0,0.0,0.0,0.0,1.0,0.000114823811045506,0.0002073715422423122,1.7319121124709866e-16,0.00020129037073836703,0.0,0.09999999999999998
unitary_then_heisenberg_projection,2,2,0.0001,2,0.003,10,1.0,0.9,1.0,1.0,1.0,0.0,0.0,0.0,1.0,0.000114823811045506,0.0002073715422423122,1.7319121124709866e-16,0.00020129037073836703,0.0,0.09999999999999998
unitary_then_heisenberg_projection,2,2,0.0001,2,0.01,10,1.0,0.9,1.0,1.0,1.0,0.0,0.0,0.0,1.0,0.000114823811045506,0.0002073715422423122,1.7319121124709866e-16,0.00020129037073836703,0.0,0.09999999999999998
unitary_then_heisenberg_projection,2,2,0.0001,4,0.0001,10,0.2,0.9,0.2,0.2,0.2,0.2,0.0,0.0,0.0,0.000114823811045506,0.0002073715422423122,1.7319121124709866e-16,0.00020129037073836703,0.0,-0.7
unitary_then_heisenberg_projection,2,2,0.0001,4,0.0003,10,1.0,0.9,1.0,1.0,1.0,1.0,0.0,0.0,0.0,0.000114823811045506,0.0002073715422423122,1.7319121124709866e-16,0.00020129037073836703,0.0,0.09999999999999998
unitary_then_heisenberg_projection,2,2,0.0001,4,0.001,10,1.0,0.9,1.0,1.0,1.0,1.0,0.0,0.0,0.0,0.000114823811045506,0.0002073715422423122,1.7319121124709866e-16,0.00020129037073836703,0.0,0.09999999999999998
unitary_then_heisenberg_projection,2,2,0.0001,4,0.003,10,1.0,0.9,1.0,1.0,1.0,1.0,0.0,0.0,0.0,0.000114823811045506,0.0002073715422423122,1.7319121124709866e-16,0.00020129037073836703,0.0,0.09999999999999998
unitary_then_heisenberg_projection,2,2,0.0001,4,0.01,10,1.0,0.9,1.0,1.0,1.0,1.0,0.0,0.0,0.0,0.000114823811045506,0.0002073715422423122,1.7319121124709866e-16,0.00020129037073836703,0.0,0.09999999999999998
unitary_then_heisenberg_projection,2,2,0.0003,2,0.0001,10,0.0,0.0,0.0,0.0,0.0,0.0,0.0,0.0,0.0,0.0003445082926523943,0.0006222946031057463,1.7319121124709866e-16,0.0006083408160144394,0.0,0.0
unitary_then_heisenberg_projection,2,2,0.0003,2,0.0003,10,0.2,0.0,0.2,0.2,0.2,0.0,0.0,0.0,0.2,0.0003445082926523943,0.0006222946031057463,1.7319121124709866e-16,0.0006083408160144394,0.0,0.2
unitary_then_heisenberg_projection,2,2,0.0003,2,0.001,10,1.0,0.0,1.0,1.0,1.0,0.0,0.0,0.0,1.0,0.0003445082926523943,0.0006222946031057463,1.7319121124709866e-16,0.0006083408160144394,0.0,1.0
unitary_then_heisenberg_projection,2,2,0.0003,2,0.003,10,1.0,0.0,1.0,1.0,1.0,0.0,0.0,0.0,1.0,0.0003445082926523943,0.0006222946031057463,1.7319121124709866e-16,0.0006083408160144394,0.0,1.0
unitary_then_heisenberg_projection,2,2,0.0003,2,0.01,10,1.0,0.0,1.0,1.0,1.0,0.0,0.0,0.0,1.0,0.0003445082926523943,0.0006222946031057463,1.7319121124709866e-16,0.0006083408160144394,0.0,1.0
unitary_then_heisenberg_projection,2,2,0.0003,4,0.0001,10,0.0,0.0,0.0,0.0,0.0,0.0,0.0,0.0,0.0,0.0003445082926523943,0.0006222946031057463,1.7319121124709866e-16,0.0006083408160144394,0.0,0.0
unitary_then_heisenberg_projection,2,2,0.0003,4,0.0003,10,0.2,0.0,0.2,0.2,0.2,0.2,0.0,0.0,0.0,0.0003445082926523943,0.0006222946031057463,1.7319121124709866e-16,0.0006083408160144394,0.0,0.2
unitary_then_heisenberg_projection,2,2,0.0003,4,0.001,10,1.0,0.0,1.0,1.0,1.0,1.0,0.0,0.0,0.0,0.0003445082926523943,0.0006222946031057463,1.7319121124709866e-16,0.0006083408160144394,0.0,1.0
unitary_then_heisenberg_projection,2,2,0.0003,4,0.003,10,1.0,0.0,1.0,1.0,1.0,1.0,0.0,0.0,0.0,0.0003445082926523943,0.0006222946031057463,1.7319121124709866e-16,0.0006083408160144394,0.0,1.0
unitary_then_heisenberg_projection,2,2,0.0003,4,0.01,10,1.0,0.0,1.0,1.0,1.0,1.0,0.0,0.0,0.0,0.0003445082926523943,0.0006222946031057463,1.7319121124709866e-16,0.0006083408160144394,0.0,1.0
unitary_then_heisenberg_projection,2,2,0.001,2,0.0001,10,0.0,0.0,0.0,0.0,0.0,0.0,0.0,0.0,0.0,0.0011489257978648908,0.0020765347930367497,1.7319121124709866e-16,0.002171288878831901,0.0,0.0
unitary_then_heisenberg_projection,2,2,0.001,2,0.0003,10,0.0,0.0,0.0,0.0,0.0,0.0,0.0,0.0,0.0,0.0011489257978648908,0.0020765347930367497,1.7319121124709866e-16,0.002171288878831901,0.0,0.0
unitary_then_heisenberg_projection,2,2,0.001,2,0.001,10,0.2,0.0,0.2,0.2,0.2,0.0,0.0,0.0,0.2,0.0011489257978648908,0.0020765347930367497,1.7319121124709866e-16,0.002171288878831901,0.0,0.2
unitary_then_heisenberg_projection,2,2,0.001,2,0.003,10,1.0,0.0,1.0,1.0,1.0,0.0,0.0,0.0,1.0,0.0011489257978648908,0.0020765347930367497,1.7319121124709866e-16,0.002171288878831901,0.0,1.0
unitary_then_heisenberg_projection,2,2,0.001,2,0.01,10,1.0,0.0,1.0,1.0,1.0,0.0,0.0,0.0,1.0,0.0011489257978648908,0.0020765347930367497,1.7319121124709866e-16,0.002171288878831901,0.0,1.0
unitary_then_heisenberg_projection,2,2,0.001,4,0.0001,10,0.0,0.0,0.0,0.0,0.0,0.0,0.0,0.0,0.0,0.0011489257978648908,0.0020765347930367497,1.7319121124709866e-16,0.002171288878831901,0.0,0.0
unitary_then_heisenberg_projection,2,2,0.001,4,0.0003,10,0.0,0.0,0.0,0.0,0.0,0.0,0.0,0.0,0.0,0.0011489257978648908,0.0020765347930367497,1.7319121124709866e-16,0.002171288878831901,0.0,0.0
unitary_then_heisenberg_projection,2,2,0.001,4,0.001,10,0.2,0.0,0.2,0.2,0.2,0.2,0.0,0.0,0.0,0.0011489257978648908,0.0020765347930367497,1.7319121124709866e-16,0.002171288878831901,0.0,0.2
unitary_then_heisenberg_projection,2,2,0.001,4,0.003,10,1.0,0.0,1.0,1.0,1.0,1.0,0.0,0.0,0.0,0.0011489257978648908,0.0020765347930367497,1.7319121124709866e-16,0.002171288878831901,0.0,1.0
unitary_then_heisenberg_projection,2,2,0.001,4,0.01,10,1.0,0.0,1.0,1.0,1.0,1.0,0.0,0.0,0.0,0.0011489257978648908,0.0020765347930367497,1.7319121124709866e-16,0.002171288878831901,0.0,1.0
unitary_then_heisenberg_projection,2,2,0.003,2,0.0001,10,0.0,0.0,0.0,0.0,0.0,0.0,0.0,0.0,0.0,0.003457133323353159,0.006267163551011939,1.7319121124709866e-16,0.009253904464330245,0.0,0.0
unitary_then_heisenberg_projection,2,2,0.003,2,0.0003,10,0.0,0.0,0.0,0.0,0.0,0.0,0.0,0.0,0.0,0.003457133323353159,0.006267163551011939,1.7319121124709866e-16,0.009253904464330245,0.0,0.0
unitary_then_heisenberg_projection,2,2,0.003,2,0.001,10,0.0,0.0,0.0,0.0,0.0,0.0,0.0,0.0,0.0,0.003457133323353159,0.006267163551011939,1.7319121124709866e-16,0.009253904464330245,0.0,0.0
unitary_then_heisenberg_projection,2,2,0.003,2,0.003,10,0.2,0.0,0.2,0.2,0.2,0.0,0.0,0.0,0.2,0.003457133323353159,0.006267163551011939,1.7319121124709866e-16,0.009253904464330245,0.0,0.2
unitary_then_heisenberg_projection,2,2,0.003,2,0.01,10,1.0,0.0,1.0,1.0,1.0,0.0,0.0,0.0,1.0,0.003457133323353159,0.006267163551011939,1.7319121124709866e-16,0.009253904464330245,0.0,1.0
unitary_then_heisenberg_projection,2,2,0.003,4,0.0001,10,0.0,0.0,0.0,0.0,0.0,0.0,0.0,0.0,0.0,0.003457133323353159,0.006267163551011939,1.7319121124709866e-16,0.009253904464330245,0.0,0.0
unitary_then_heisenberg_projection,2,2,0.003,4,0.0003,10,0.0,0.0,0.0,0.0,0.0,0.0,0.0,0.0,0.0,0.003457133323353159,0.006267163551011939,1.7319121124709866e-16,0.009253904464330245,0.0,0.0
unitary_then_heisenberg_projection,2,2,0.003,4,0.001,10,0.0,0.0,0.0,0.0,0.0,0.0,0.0,0.0,0.0,0.003457133323353159,0.006267163551011939,1.7319121124709866e-16,0.009253904464330245,0.0,0.0
unitary_then_heisenberg_projection,2,2,0.003,4,0.003,10,0.2,0.0,0.2,0.2,0.2,0.2,0.0,0.0,0.0,0.003457133323353159,0.006267163551011939,1.7319121124709866e-16,0.009253904464330245,0.0,0.2
unitary_then_heisenberg_projection,2,2,0.003,4,0.01,10,1.0,0.0,1.0,1.0,1.0,1.0,0.0,0.0,0.0,0.003457133323353159,0.006267163551011939,1.7319121124709866e-16,0.009253904464330245,0.0,1.0
unitary_then_heisenberg_projection,2,2,0.01,2,0.0001,10,0.0,0.0,0.0,0.0,0.0,0.0,0.0,0.0,0.0,0.011803649260347514,0.02172421384819529,1.7319121124709866e-16,0.07132852815158024,0.0,0.0
unitary_then_heisenberg_projection,2,2,0.01,2,0.0003,10,0.0,0.0,0.0,0.0,0.0,0.0,0.0,0.0,0.0,0.011803649260347514,0.02172421384819529,1.7319121124709866e-16,0.07132852815158024,0.0,0.0
unitary_then_heisenberg_projection,2,2,0.01,2,0.001,10,0.0,0.0,0.0,0.0,0.0,0.0,0.0,0.0,0.0,0.011803649260347514,0.02172421384819529,1.7319121124709866e-16,0.07132852815158024,0.0,0.0
unitary_then_heisenberg_projection,2,2,0.01,2,0.003,10,0.0,0.0,0.0,0.0,0.0,0.0,0.0,0.0,0.0,0.011803649260347514,0.02172421384819529,1.7319121124709866e-16,0.07132852815158024,0.0,0.0
unitary_then_heisenberg_projection,2,2,0.01,2,0.01,10,0.2,0.0,0.2,0.2,0.2,0.0,0.0,0.0,0.2,0.011803649260347514,0.02172421384819529,1.7319121124709866e-16,0.07132852815158024,0.0,0.2
unitary_then_heisenberg_projection,2,2,0.01,4,0.0001,10,0.0,0.0,0.0,0.0,0.0,0.0,0.0,0.0,0.0,0.011803649260347514,0.02172421384819529,1.7319121124709866e-16,0.07132852815158024,0.0,0.0
unitary_then_heisenberg_projection,2,2,0.01,4,0.0003,10,0.0,0.0,0.0,0.0,0.0,0.0,0.0,0.0,0.0,0.011803649260347514,0.02172421384819529,1.7319121124709866e-16,0.07132852815158024,0.0,0.0
unitary_then_heisenberg_projection,2,2,0.01,4,0.001,10,0.0,0.0,0.0,0.0,0.0,0.0,0.0,0.0,0.0,0.011803649260347514,0.02172421384819529,1.7319121124709866e-16,0.07132852815158024,0.0,0.0
unitary_then_heisenberg_projection,2,2,0.01,4,0.003,10,0.0,0.0,0.0,0.0,0.0,0.0,0.0,0.0,0.0,0.011803649260347514,0.02172421384819529,1.7319121124709866e-16,0.07132852815158024,0.0,0.0
unitary_then_heisenberg_projection,2,2,0.01,4,0.01,10,0.2,0.0,0.2,0.2,0.2,0.2,0.0,0.0,0.0,0.011803649260347514,0.02172421384819529,1.7319121124709866e-16,0.07132852815158024,0.0,0.2
unitary_then_heisenberg_projection,2,2,0.03,2,0.0001,10,0.0,0.0,0.0,0.0,0.0,0.0,0.0,0.0,0.0,0.03897866680647269,0.07682104089492135,1.7319121124709866e-16,0.3375130506867504,0.0,0.0
unitary_then_heisenberg_projection,2,2,0.03,2,0.0003,10,0.0,0.0,0.0,0.0,0.0,0.0,0.0,0.0,0.0,0.03897866680647269,0.07682104089492135,1.7319121124709866e-16,0.3375130506867504,0.0,0.0
unitary_then_heisenberg_projection,2,2,0.03,2,0.001,10,0.0,0.0,0.0,0.0,0.0,0.0,0.0,0.0,0.0,0.03897866680647269,0.07682104089492135,1.7319121124709866e-16,0.3375130506867504,0.0,0.0
unitary_then_heisenberg_projection,2,2,0.03,2,0.003,10,0.0,0.0,0.0,0.0,0.0,0.0,0.0,0.0,0.0,0.03897866680647269,0.07682104089492135,1.7319121124709866e-16,0.3375130506867504,0.0,0.0
unitary_then_heisenberg_projection,2,2,0.03,2,0.01,10,0.0,0.0,0.0,0.0,0.0,0.0,0.0,0.0,0.0,0.03897866680647269,0.07682104089492135,1.7319121124709866e-16,0.3375130506867504,0.0,0.0
unitary_then_heisenberg_projection,2,2,0.03,4,0.0001,10,0.0,0.0,0.0,0.0,0.0,0.0,0.0,0.0,0.0,0.03897866680647269,0.07682104089492135,1.7319121124709866e-16,0.3375130506867504,0.0,0.0
unitary_then_heisenberg_projection,2,2,0.03,4,0.0003,10,0.0,0.0,0.0,0.0,0.0,0.0,0.0,0.0,0.0,0.03897866680647269,0.07682104089492135,1.7319121124709866e-16,0.3375130506867504,0.0,0.0
unitary_then_heisenberg_projection,2,2,0.03,4,0.001,10,0.0,0.0,0.0,0.0,0.0,0.0,0.0,0.0,0.0,0.03897866680647269,0.07682104089492135,1.7319121124709866e-16,0.3375130506867504,0.0,0.0
unitary_then_heisenberg_projection,2,2,0.03,4,0.003,10,0.0,0.0,0.0,0.0,0.0,0.0,0.0,0.0,0.0,0.03897866680647269,0.07682104089492135,1.7319121124709866e-16,0.3375130506867504,0.0,0.0
unitary_then_heisenberg_projection,2,2,0.03,4,0.01,10,0.0,0.0,0.0,0.0,0.0,0.0,0.0,0.0,0.0,0.03897866680647269,0.07682104089492135,1.7319121124709866e-16,0.3375130506867504,0.0,0.0
unitary_then_heisenberg_projection,2,2,0.05,2,0.0001,10,0.0,0.0,0.0,0.0,0.0,0.0,0.0,0.0,0.0,0.0728748484553893,0.1550611807364309,1.7319121124709866e-16,0.5022602114537393,0.0,0.0
unitary_then_heisenberg_projection,2,2,0.05,2,0.0003,10,0.0,0.0,0.0,0.0,0.0,0.0,0.0,0.0,0.0,0.0728748484553893,0.1550611807364309,1.7319121124709866e-16,0.5022602114537393,0.0,0.0
unitary_then_heisenberg_projection,2,2,0.05,2,0.001,10,0.0,0.0,0.0,0.0,0.0,0.0,0.0,0.0,0.0,0.0728748484553893,0.1550611807364309,1.7319121124709866e-16,0.5022602114537393,0.0,0.0
unitary_then_heisenberg_projection,2,2,0.05,2,0.003,10,0.0,0.0,0.0,0.0,0.0,0.0,0.0,0.0,0.0,0.0728748484553893,0.1550611807364309,1.7319121124709866e-16,0.5022602114537393,0.0,0.0
unitary_then_heisenberg_projection,2,2,0.05,2,0.01,10,0.0,0.0,0.0,0.0,0.0,0.0,0.0,0.0,0.0,0.0728748484553893,0.1550611807364309,1.7319121124709866e-16,0.5022602114537393,0.0,0.0
unitary_then_heisenberg_projection,2,2,0.05,4,0.0001,10,0.0,0.0,0.0,0.0,0.0,0.0,0.0,0.0,0.0,0.0728748484553893,0.1550611807364309,1.7319121124709866e-16,0.5022602114537393,0.0,0.0
unitary_then_heisenberg_projection,2,2,0.05,4,0.0003,10,0.0,0.0,0.0,0.0,0.0,0.0,0.0,0.0,0.0,0.0728748484553893,0.1550611807364309,1.7319121124709866e-16,0.5022602114537393,0.0,0.0
unitary_then_heisenberg_projection,2,2,0.05,4,0.001,10,0.0,0.0,0.0,0.0,0.0,0.0,0.0,0.0,0.0,0.0728748484553893,0.1550611807364309,1.7319121124709866e-16,0.5022602114537393,0.0,0.0
unitary_then_heisenberg_projection,2,2,0.05,4,0.003,10,0.0,0.0,0.0,0.0,0.0,0.0,0.0,0.0,0.0,0.0728748484553893,0.1550611807364309,1.7319121124709866e-16,0.5022602114537393,0.0,0.0
unitary_then_heisenberg_projection,2,2,0.05,4,0.01,10,0.0,0.0,0.0,0.0,0.0,0.0,0.0,0.0,0.0,0.0728748484553893,0.1550611807364309,1.7319121124709866e-16,0.5022602114537393,0.0,0.0
unitary_then_heisenberg_projection,3,2,-1.0,9,0.0001,40,0.0,0.25,0.0,0.0,0.0,0.0,0.0,0.0,0.0,inf,0.368634842318542,4.719395141448439e-16,4.2755708643829555,0.0,0.0
unitary_then_heisenberg_projection,3,2,-1.0,9,0.0003,40,0.0,0.25,0.0,0.0,0.0,0.0,0.0,0.0,0.0,inf,0.368634842318542,4.719395141448439e-16,4.2755708643829555,0.0,0.0
unitary_then_heisenberg_projection,3,2,-1.0,9,0.001,40,0.0,0.25,0.0,0.0,0.0,0.0,0.0,0.0,0.0,inf,0.368634842318542,4.719395141448439e-16,4.2755708643829555,0.0,0.0
unitary_then_heisenberg_projection,3,2,-1.0,9,0.003,40,0.0,0.25,0.0,0.0,0.0,0.0,0.0,0.0,0.0,inf,0.368634842318542,4.719395141448439e-16,4.2755708643829555,0.0,0.0
unitary_then_heisenberg_projection,3,2,-1.0,9,0.01,40,0.0,0.25,0.0,0.0,0.0,0.0,0.0,0.0,0.0,inf,0.368634842318542,4.719395141448439e-16,4.2755708643829555,0.0,0.0
unitary_then_heisenberg_projection,3,2,0.0,3,0.0001,10,1.0,1.0,1.0,1.0,1.0,0.0,0.0,0.0,1.0,2.2482634802416685e-15,3.2755130527757902e-15,5.715222817774257e-16,9.449294274397756e-11,0.0,0.0
unitary_then_heisenberg_projection,3,2,0.0,3,0.0003,10,1.0,1.0,1.0,1.0,1.0,0.0,0.0,0.0,1.0,2.2482634802416685e-15,3.2755130527757902e-15,5.715222817774257e-16,9.449294274397756e-11,0.0,0.0
unitary_then_heisenberg_projection,3,2,0.0,3,0.001,10,1.0,1.0,1.0,1.0,1.0,0.0,0.0,0.0,1.0,2.2482634802416685e-15,3.2755130527757902e-15,5.715222817774257e-16,9.449294274397756e-11,0.0,0.0
unitary_then_heisenberg_projection,3,2,0.0,3,0.003,10,1.0,1.0,1.0,1.0,1.0,0.0,0.0,0.0,1.0,2.2482634802416685e-15,3.2755130527757902e-15,5.715222817774257e-16,9.449294274397756e-11,0.0,0.0
unitary_then_heisenberg_projection,3,2,0.0,3,0.01,10,1.0,1.0,1.0,1.0,1.0,0.0,0.0,0.0,1.0,2.2482634802416685e-15,3.2755130527757902e-15,5.715222817774257e-16,9.449294274397756e-11,0.0,0.0
unitary_then_heisenberg_projection,3,2,0.0,6,0.0001,10,1.0,1.0,1.0,1.0,1.0,0.0,0.0,0.0,1.0,2.2482634802416685e-15,3.2755130527757902e-15,5.715222817774257e-16,9.449294274397756e-11,0.0,0.0
unitary_then_heisenberg_projection,3,2,0.0,6,0.0003,10,1.0,1.0,1.0,1.0,1.0,0.0,0.0,0.0,1.0,2.2482634802416685e-15,3.2755130527757902e-15,5.715222817774257e-16,9.449294274397756e-11,0.0,0.0
unitary_then_heisenberg_projection,3,2,0.0,6,0.001,10,1.0,1.0,1.0,1.0,1.0,0.0,0.0,0.0,1.0,2.2482634802416685e-15,3.2755130527757902e-15,5.715222817774257e-16,9.449294274397756e-11,0.0,0.0
unitary_then_heisenberg_projection,3,2,0.0,6,0.003,10,1.0,1.0,1.0,1.0,1.0,0.0,0.0,0.0,1.0,2.2482634802416685e-15,3.2755130527757902e-15,5.715222817774257e-16,9.449294274397756e-11,0.0,0.0
unitary_then_heisenberg_projection,3,2,0.0,6,0.01,10,1.0,1.0,1.0,1.0,1.0,0.0,0.0,0.0,1.0,2.2482634802416685e-15,3.2755130527757902e-15,5.715222817774257e-16,9.449294274397756e-11,0.0,0.0
unitary_then_heisenberg_projection,3,2,0.0,9,0.0001,10,1.0,1.0,1.0,1.0,1.0,1.0,0.0,0.0,0.0,2.2482634802416685e-15,3.2755130527757902e-15,5.715222817774257e-16,9.449294274397756e-11,0.0,0.0
unitary_then_heisenberg_projection,3,2,0.0,9,0.0003,10,1.0,1.0,1.0,1.0,1.0,1.0,0.0,0.0,0.0,2.2482634802416685e-15,3.2755130527757902e-15,5.715222817774257e-16,9.449294274397756e-11,0.0,0.0
unitary_then_heisenberg_projection,3,2,0.0,9,0.001,10,1.0,1.0,1.0,1.0,1.0,1.0,0.0,0.0,0.0,2.2482634802416685e-15,3.2755130527757902e-15,5.715222817774257e-16,9.449294274397756e-11,0.0,0.0
unitary_then_heisenberg_projection,3,2,0.0,9,0.003,10,1.0,1.0,1.0,1.0,1.0,1.0,0.0,0.0,0.0,2.2482634802416685e-15,3.2755130527757902e-15,5.715222817774257e-16,9.449294274397756e-11,0.0,0.0
unitary_then_heisenberg_projection,3,2,0.0,9,0.01,10,1.0,1.0,1.0,1.0,1.0,1.0,0.0,0.0,0.0,2.2482634802416685e-15,3.2755130527757902e-15,5.715222817774257e-16,9.449294274397756e-11,0.0,0.0
unitary_then_heisenberg_projection,3,2,0.0001,3,0.0001,10,1.0,1.0,1.0,1.0,1.0,0.0,0.0,0.0,1.0,2.2278037002818614e-05,3.9086190040990084e-05,5.715222817774257e-16,4.116013021200186e-05,0.0,0.0
unitary_then_heisenberg_projection,3,2,0.0001,3,0.0003,10,1.0,1.0,1.0,1.0,1.0,0.0,0.0,0.0,1.0,2.2278037002818614e-05,3.9086190040990084e-05,5.715222817774257e-16,4.116013021200186e-05,0.0,0.0
unitary_then_heisenberg_projection,3,2,0.0001,3,0.001,10,1.0,1.0,1.0,1.0,1.0,0.0,0.0,0.0,1.0,2.2278037002818614e-05,3.9086190040990084e-05,5.715222817774257e-16,4.116013021200186e-05,0.0,0.0
unitary_then_heisenberg_projection,3,2,0.0001,3,0.003,10,1.0,1.0,1.0,1.0,1.0,0.0,0.0,0.0,1.0,2.2278037002818614e-05,3.9086190040990084e-05,5.715222817774257e-16,4.116013021200186e-05,0.0,0.0
unitary_then_heisenberg_projection,3,2,0.0001,3,0.01,10,1.0,1.0,1.0,1.0,1.0,0.0,0.0,0.0,1.0,2.2278037002818614e-05,3.9086190040990084e-05,5.715222817774257e-16,4.116013021200186e-05,0.0,0.0
unitary_then_heisenberg_projection,3,2,0.0001,6,0.0001,10,1.0,1.0,1.0,1.0,1.0,0.0,0.0,0.0,1.0,2.2278037002818614e-05,3.9086190040990084e-05,5.715222817774257e-16,4.116013021200186e-05,0.0,0.0
unitary_then_heisenberg_projection,3,2,0.0001,6,0.0003,10,1.0,1.0,1.0,1.0,1.0,0.0,0.0,0.0,1.0,2.2278037002818614e-05,3.9086190040990084e-05,5.715222817774257e-16,4.116013021200186e-05,0.0,0.0
unitary_then_heisenberg_projection,3,2,0.0001,6,0.001,10,1.0,1.0,1.0,1.0,1.0,0.0,0.0,0.0,1.0,2.2278037002818614e-05,3.9086190040990084e-05,5.715222817774257e-16,4.116013021200186e-05,0.0,0.0
unitary_then_heisenberg_projection,3,2,0.0001,6,0.003,10,1.0,1.0,1.0,1.0,1.0,0.0,0.0,0.0,1.0,2.2278037002818614e-05,3.9086190040990084e-05,5.715222817774257e-16,4.116013021200186e-05,0.0,0.0
unitary_then_heisenberg_projection,3,2,0.0001,6,0.01,10,1.0,1.0,1.0,1.0,1.0,0.0,0.0,0.0,1.0,2.2278037002818614e-05,3.9086190040990084e-05,5.715222817774257e-16,4.116013021200186e-05,0.0,0.0
unitary_then_heisenberg_projection,3,2,0.0001,9,0.0001,10,1.0,1.0,1.0,1.0,1.0,1.0,0.0,0.0,0.0,2.2278037002818614e-05,3.9086190040990084e-05,5.715222817774257e-16,4.116013021200186e-05,0.0,0.0
unitary_then_heisenberg_projection,3,2,0.0001,9,0.0003,10,1.0,1.0,1.0,1.0,1.0,1.0,0.0,0.0,0.0,2.2278037002818614e-05,3.9086190040990084e-05,5.715222817774257e-16,4.116013021200186e-05,0.0,0.0
unitary_then_heisenberg_projection,3,2,0.0001,9,0.001,10,1.0,1.0,1.0,1.0,1.0,1.0,0.0,0.0,0.0,2.2278037002818614e-05,3.9086190040990084e-05,5.715222817774257e-16,4.116013021200186e-05,0.0,0.0
unitary_then_heisenberg_projection,3,2,0.0001,9,0.003,10,1.0,1.0,1.0,1.0,1.0,1.0,0.0,0.0,0.0,2.2278037002818614e-05,3.9086190040990084e-05,5.715222817774257e-16,4.116013021200186e-05,0.0,0.0
unitary_then_heisenberg_projection,3,2,0.0001,9,0.01,10,1.0,1.0,1.0,1.0,1.0,1.0,0.0,0.0,0.0,2.2278037002818614e-05,3.9086190040990084e-05,5.715222817774257e-16,4.116013021200186e-05,0.0,0.0
unitary_then_heisenberg_projection,3,2,0.0003,3,0.0001,10,1.0,1.0,1.0,1.0,1.0,0.0,0.0,0.0,1.0,6.683328665286132e-05,0.00011725401892208242,5.715222817774257e-16,0.00012348201777230303,0.0,0.0
unitary_then_heisenberg_projection,3,2,0.0003,3,0.0003,10,1.0,1.0,1.0,1.0,1.0,0.0,0.0,0.0,1.0,6.683328665286132e-05,0.00011725401892208242,5.715222817774257e-16,0.00012348201777230303,0.0,0.0
unitary_then_heisenberg_projection,3,2,0.0003,3,0.001,10,1.0,1.0,1.0,1.0,1.0,0.0,0.0,0.0,1.0,6.683328665286132e-05,0.00011725401892208242,5.715222817774257e-16,0.00012348201777230303,0.0,0.0
unitary_then_heisenberg_projection,3,2,0.0003,3,0.003,10,1.0,1.0,1.0,1.0,1.0,0.0,0.0,0.0,1.0,6.683328665286132e-05,0.00011725401892208242,5.715222817774257e-16,0.00012348201777230303,0.0,0.0
unitary_then_heisenberg_projection,3,2,0.0003,3,0.01,10,1.0,1.0,1.0,1.0,1.0,0.0,0.0,0.0,1.0,6.683328665286132e-05,0.00011725401892208242,5.715222817774257e-16,0.00012348201777230303,0.0,0.0
unitary_then_heisenberg_projection,3,2,0.0003,6,0.0001,10,1.0,1.0,1.0,1.0,1.0,0.0,0.0,0.0,1.0,6.683328665286132e-05,0.00011725401892208242,5.715222817774257e-16,0.00012348201777230303,0.0,0.0
unitary_then_heisenberg_projection,3,2,0.0003,6,0.0003,10,1.0,1.0,1.0,1.0,1.0,0.0,0.0,0.0,1.0,6.683328665286132e-05,0.00011725401892208242,5.715222817774257e-16,0.00012348201777230303,0.0,0.0
unitary_then_heisenberg_projection,3,2,0.0003,6,0.001,10,1.0,1.0,1.0,1.0,1.0,0.0,0.0,0.0,1.0,6.683328665286132e-05,0.00011725401892208242,5.715222817774257e-16,0.00012348201777230303,0.0,0.0
unitary_then_heisenberg_projection,3,2,0.0003,6,0.003,10,1.0,1.0,1.0,1.0,1.0,0.0,0.0,0.0,1.0,6.683328665286132e-05,0.00011725401892208242,5.715222817774257e-16,0.00012348201777230303,0.0,0.0
unitary_then_heisenberg_projection,3,2,0.0003,6,0.01,10,1.0,1.0,1.0,1.0,1.0,0.0,0.0,0.0,1.0,6.683328665286132e-05,0.00011725401892208242,5.715222817774257e-16,0.00012348201777230303,0.0,0.0
unitary_then_heisenberg_projection,3,2,0.0003,9,0.0001,10,1.0,1.0,1.0,1.0,1.0,1.0,0.0,0.0,0.0,6.683328665286132e-05,0.00011725401892208242,5.715222817774257e-16,0.00012348201777230303,0.0,0.0
unitary_then_heisenberg_projection,3,2,0.0003,9,0.0003,10,1.0,1.0,1.0,1.0,1.0,1.0,0.0,0.0,0.0,6.683328665286132e-05,0.00011725401892208242,5.715222817774257e-16,0.00012348201777230303,0.0,0.0
unitary_then_heisenberg_projection,3,2,0.0003,9,0.001,10,1.0,1.0,1.0,1.0,1.0,1.0,0.0,0.0,0.0,6.683328665286132e-05,0.00011725401892208242,5.715222817774257e-16,0.00012348201777230303,0.0,0.0
unitary_then_heisenberg_projection,3,2,0.0003,9,0.003,10,1.0,1.0,1.0,1.0,1.0,1.0,0.0,0.0,0.0,6.683328665286132e-05,0.00011725401892208242,5.715222817774257e-16,0.00012348201777230303,0.0,0.0
unitary_then_heisenberg_projection,3,2,0.0003,9,0.01,10,1.0,1.0,1.0,1.0,1.0,1.0,0.0,0.0,0.0,6.683328665286132e-05,0.00011725401892208242,5.715222817774257e-16,0.00012348201777230303,0.0,0.0
unitary_then_heisenberg_projection,3,2,0.001,3,0.0001,10,0.0,0.0,0.0,0.0,0.0,0.0,0.0,0.0,0.0,0.00022276828571163795,0.0003907955488401039,5.715222817774257e-16,0.00041169029778258286,0.0,0.0
unitary_then_heisenberg_projection,3,2,0.001,3,0.0003,10,1.0,0.0,1.0,1.0,1.0,0.0,0.0,0.0,1.0,0.00022276828571163795,0.0003907955488401039,5.715222817774257e-16,0.00041169029778258286,0.0,1.0
unitary_then_heisenberg_projection,3,2,0.001,3,0.001,10,1.0,0.0,1.0,1.0,1.0,0.0,0.0,0.0,1.0,0.00022276828571163795,0.0003907955488401039,5.715222817774257e-16,0.00041169029778258286,0.0,1.0
unitary_then_heisenberg_projection,3,2,0.001,3,0.003,10,1.0,0.0,1.0,1.0,1.0,0.0,0.0,0.0,1.0,0.00022276828571163795,0.0003907955488401039,5.715222817774257e-16,0.00041169029778258286,0.0,1.0
unitary_then_heisenberg_projection,3,2,0.001,3,0.01,10,1.0,0.0,1.0,1.0,1.0,0.0,0.0,0.0,1.0,0.00022276828571163795,0.0003907955488401039,5.715222817774257e-16,0.00041169029778258286,0.0,1.0
unitary_then_heisenberg_projection,3,2,0.001,6,0.0001,10,0.0,0.0,0.0,0.0,0.0,0.0,0.0,0.0,0.0,0.00022276828571163795,0.0003907955488401039,5.715222817774257e-16,0.00041169029778258286,0.0,0.0
unitary_then_heisenberg_projection,3,2,0.001,6,0.0003,10,1.0,0.0,1.0,1.0,1.0,0.0,0.0,0.0,1.0,0.00022276828571163795,0.0003907955488401039,5.715222817774257e-16,0.00041169029778258286,0.0,1.0
unitary_then_heisenberg_projection,3,2,0.001,6,0.001,10,1.0,0.0,1.0,1.0,1.0,0.0,0.0,0.0,1.0,0.00022276828571163795,0.0003907955488401039,5.715222817774257e-16,0.00041169029778258286,0.0,1.0
unitary_then_heisenberg_projection,3,2,0.001,6,0.003,10,1.0,0.0,1.0,1.0,1.0,0.0,0.0,0.0,1.0,0.00022276828571163795,0.0003907955488401039,5.715222817774257e-16,0.00041169029778258286,0.0,1.0
unitary_then_heisenberg_projection,3,2,0.001,6,0.01,10,1.0,0.0,1.0,1.0,1.0,0.0,0.0,0.0,1.0,0.00022276828571163795,0.0003907955488401039,5.715222817774257e-16,0.00041169029778258286,0.0,1.0
unitary_then_heisenberg_projection,3,2,0.001,9,0.0001,10,0.0,0.0,0.0,0.0,0.0,0.0,0.0,0.0,0.0,0.00022276828571163795,0.0003907955488401039,5.715222817774257e-16,0.00041169029778258286,0.0,0.0
unitary_then_heisenberg_projection,3,2,0.001,9,0.0003,10,1.0,0.0,1.0,1.0,1.0,1.0,0.0,0.0,0.0,0.00022276828571163795,0.0003907955488401039,5.715222817774257e-16,0.00041169029778258286,0.0,1.0
unitary_then_heisenberg_projection,3,2,0.001,9,0.001,10,1.0,0.0,1.0,1.0,1.0,1.0,0.0,0.0,0.0,0.00022276828571163795,0.0003907955488401039,5.715222817774257e-16,0.00041169029778258286,0.0,1.0
unitary_then_heisenberg_projection,3,2,0.001,9,0.003,10,1.0,0.0,1.0,1.0,1.0,1.0,0.0,0.0,0.0,0.00022276828571163795,0.0003907955488401039,5.715222817774257e-16,0.00041169029778258286,0.0,1.0
unitary_then_heisenberg_projection,3,2,0.001,9,0.01,10,1.0,0.0,1.0,1.0,1.0,1.0,0.0,0.0,0.0,0.00022276828571163795,0.0003907955488401039,5.715222817774257e-16,0.00041169029778258286,0.0,1.0
unitary_then_heisenberg_projection,3,2,0.003,3,0.0001,10,0.0,0.0,0.0,0.0,0.0,0.0,0.0,0.0,0.0,0.0006682320568231632,0.00117203200157413,5.715222817774257e-16,0.0012374450023130777,0.0,0.0
unitary_then_heisenberg_projection,3,2,0.003,3,0.0003,10,0.0,0.0,0.0,0.0,0.0,0.0,0.0,0.0,0.0,0.0006682320568231632,0.00117203200157413,5.715222817774257e-16,0.0012374450023130777,0.0,0.0
unitary_then_heisenberg_projection,3,2,0.003,3,0.001,10,1.0,0.0,1.0,1.0,1.0,0.0,0.0,0.0,1.0,0.0006682320568231632,0.00117203200157413,5.715222817774257e-16,0.0012374450023130777,0.0,1.0
unitary_then_heisenberg_projection,3,2,0.003,3,0.003,10,1.0,0.0,1.0,1.0,1.0,0.0,0.0,0.0,1.0,0.0006682320568231632,0.00117203200157413,5.715222817774257e-16,0.0012374450023130777,0.0,1.0
unitary_then_heisenberg_projection,3,2,0.003,3,0.01,10,1.0,0.0,1.0,1.0,1.0,0.0,0.0,0.0,1.0,0.0006682320568231632,0.00117203200157413,5.715222817774257e-16,0.0012374450023130777,0.0,1.0
unitary_then_heisenberg_projection,3,2,0.003,6,0.0001,10,0.0,0.0,0.0,0.0,0.0,0.0,0.0,0.0,0.0,0.0006682320568231632,0.00117203200157413,5.715222817774257e-16,0.0012374450023130777,0.0,0.0
unitary_then_heisenberg_projection,3,2,0.003,6,0.0003,10,0.0,0.0,0.0,0.0,0.0,0.0,0.0,0.0,0.0,0.0006682320568231632,0.00117203200157413,5.715222817774257e-16,0.0012374450023130777,0.0,0.0
unitary_then_heisenberg_projection,3,2,0.003,6,0.001,10,1.0,0.0,1.0,1.0,1.0,0.0,0.0,0.0,1.0,0.0006682320568231632,0.00117203200157413,5.715222817774257e-16,0.0012374450023130777,0.0,1.0
unitary_then_heisenberg_projection,3,2,0.003,6,0.003,10,1.0,0.0,1.0,1.0,1.0,0.0,0.0,0.0,1.0,0.0006682320568231632,0.00117203200157413,5.715222817774257e-16,0.0012374450023130777,0.0,1.0
unitary_then_heisenberg_projection,3,2,0.003,6,0.01,10,1.0,0.0,1.0,1.0,1.0,0.0,0.0,0.0,1.0,0.0006682320568231632,0.00117203200157413,5.715222817774257e-16,0.0012374450023130777,0.0,1.0
unitary_then_heisenberg_projection,3,2,0.003,9,0.0001,10,0.0,0.0,0.0,0.0,0.0,0.0,0.0,0.0,0.0,0.0006682320568231632,0.00117203200157413,5.715222817774257e-16,0.0012374450023130777,0.0,0.0
unitary_then_heisenberg_projection,3,2,0.003,9,0.0003,10,0.0,0.0,0.0,0.0,0.0,0.0,0.0,0.0,0.0,0.0006682320568231632,0.00117203200157413,5.715222817774257e-16,0.0012374450023130777,0.0,0.0
unitary_then_heisenberg_projection,3,2,0.003,9,0.001,10,1.0,0.0,1.0,1.0,1.0,1.0,0.0,0.0,0.0,0.0006682320568231632,0.00117203200157413,5.715222817774257e-16,0.0012374450023130777,0.0,1.0
unitary_then_heisenberg_projection,3,2,0.003,9,0.003,10,1.0,0.0,1.0,1.0,1.0,1.0,0.0,0.0,0.0,0.0006682320568231632,0.00117203200157413,5.715222817774257e-16,0.0012374450023130777,0.0,1.0
unitary_then_heisenberg_projection,3,2,0.003,9,0.01,10,1.0,0.0,1.0,1.0,1.0,1.0,0.0,0.0,0.0,0.0006682320568231632,0.00117203200157413,5.715222817774257e-16,0.0012374450023130777,0.0,1.0
unitary_then_heisenberg_projection,3,2,0.01,3,0.0001,10,0.0,0.0,0.0,0.0,0.0,0.0,0.0,0.0,0.0,0.002226871905099127,0.0039033180603747254,5.715222817774257e-16,0.004215737047894785,0.0,0.0
unitary_then_heisenberg_projection,3,2,0.01,3,0.0003,10,0.0,0.0,0.0,0.0,0.0,0.0,0.0,0.0,0.0,0.002226871905099127,0.0039033180603747254,5.715222817774257e-16,0.004215737047894785,0.0,0.0
unitary_then_heisenberg_projection,3,2,0.01,3,0.001,10,0.0,0.0,0.0,0.0,0.0,0.0,0.0,0.0,0.0,0.002226871905099127,0.0039033180603747254,5.715222817774257e-16,0.004215737047894785,0.0,0.0
unitary_then_heisenberg_projection,3,2,0.01,3,0.003,10,1.0,0.0,1.0,1.0,1.0,0.0,0.0,0.0,1.0,0.002226871905099127,0.0039033180603747254,5.715222817774257e-16,0.004215737047894785,0.0,1.0
unitary_then_heisenberg_projection,3,2,0.01,3,0.01,10,1.0,0.0,1.0,1.0,1.0,0.0,0.0,0.0,1.0,0.002226871905099127,0.0039033180603747254,5.715222817774257e-16,0.004215737047894785,0.0,1.0
unitary_then_heisenberg_projection,3,2,0.01,6,0.0001,10,0.0,0.0,0.0,0.0,0.0,0.0,0.0,0.0,0.0,0.002226871905099127,0.0039033180603747254,5.715222817774257e-16,0.004215737047894785,0.0,0.0
unitary_then_heisenberg_projection,3,2,0.01,6,0.0003,10,0.0,0.0,0.0,0.0,0.0,0.0,0.0,0.0,0.0,0.002226871905099127,0.0039033180603747254,5.715222817774257e-16,0.004215737047894785,0.0,0.0
unitary_then_heisenberg_projection,3,2,0.01,6,0.001,10,0.0,0.0,0.0,0.0,0.0,0.0,0.0,0.0,0.0,0.002226871905099127,0.0039033180603747254,5.715222817774257e-16,0.004215737047894785,0.0,0.0
unitary_then_heisenberg_projection,3,2,0.01,6,0.003,10,1.0,0.0,1.0,1.0,1.0,0.0,0.0,0.0,1.0,0.002226871905099127,0.0039033180603747254,5.715222817774257e-16,0.004215737047894785,0.0,1.0
unitary_then_heisenberg_projection,3,2,0.01,6,0.01,10,1.0,0.0,1.0,1.0,1.0,0.0,0.0,0.0,1.0,0.002226871905099127,0.0039033180603747254,5.715222817774257e-16,0.004215737047894785,0.0,1.0
unitary_then_heisenberg_projection,3,2,0.01,9,0.0001,10,0.0,0.0,0.0,0.0,0.0,0.0,0.0,0.0,0.0,0.002226871905099127,0.0039033180603747254,5.715222817774257e-16,0.004215737047894785,0.0,0.0
unitary_then_heisenberg_projection,3,2,0.01,9,0.0003,10,0.0,0.0,0.0,0.0,0.0,0.0,0.0,0.0,0.0,0.002226871905099127,0.0039033180603747254,5.715222817774257e-16,0.004215737047894785,0.0,0.0
unitary_then_heisenberg_projection,3,2,0.01,9,0.001,10,0.0,0.0,0.0,0.0,0.0,0.0,0.0,0.0,0.0,0.002226871905099127,0.0039033180603747254,5.715222817774257e-16,0.004215737047894785,0.0,0.0
unitary_then_heisenberg_projection,3,2,0.01,9,0.003,10,1.0,0.0,1.0,1.0,1.0,1.0,0.0,0.0,0.0,0.002226871905099127,0.0039033180603747254,5.715222817774257e-16,0.004215737047894785,0.0,1.0
unitary_then_heisenberg_projection,3,2,0.01,9,0.01,10,1.0,0.0,1.0,1.0,1.0,1.0,0.0,0.0,0.0,0.002226871905099127,0.0039033180603747254,5.715222817774257e-16,0.004215737047894785,0.0,1.0
unitary_then_heisenberg_projection,3,2,0.03,3,0.0001,10,0.0,0.0,0.0,0.0,0.0,0.0,0.0,0.0,0.0,0.00668296713033144,0.011697952281281957,5.715222817774257e-16,0.014809999486696293,0.0,0.0
unitary_then_heisenberg_projection,3,2,0.03,3,0.0003,10,0.0,0.0,0.0,0.0,0.0,0.0,0.0,0.0,0.0,0.00668296713033144,0.011697952281281957,5.715222817774257e-16,0.014809999486696293,0.0,0.0
unitary_then_heisenberg_projection,3,2,0.03,3,0.001,10,0.0,0.0,0.0,0.0,0.0,0.0,0.0,0.0,0.0,0.00668296713033144,0.011697952281281957,5.715222817774257e-16,0.014809999486696293,0.0,0.0
unitary_then_heisenberg_projection,3,2,0.03,3,0.003,10,0.0,0.0,0.0,0.0,0.0,0.0,0.0,0.0,0.0,0.00668296713033144,0.011697952281281957,5.715222817774257e-16,0.014809999486696293,0.0,0.0
unitary_then_heisenberg_projection,3,2,0.03,3,0.01,10,1.0,0.0,1.0,1.0,1.0,0.0,0.0,0.0,1.0,0.00668296713033144,0.011697952281281957,5.715222817774257e-16,0.014809999486696293,0.0,1.0
unitary_then_heisenberg_projection,3,2,0.03,6,0.0001,10,0.0,0.0,0.0,0.0,0.0,0.0,0.0,0.0,0.0,0.00668296713033144,0.011697952281281957,5.715222817774257e-16,0.014809999486696293,0.0,0.0
unitary_then_heisenberg_projection,3,2,0.03,6,0.0003,10,0.0,0.0,0.0,0.0,0.0,0.0,0.0,0.0,0.0,0.00668296713033144,0.011697952281281957,5.715222817774257e-16,0.014809999486696293,0.0,0.0
unitary_then_heisenberg_projection,3,2,0.03,6,0.001,10,0.0,0.0,0.0,0.0,0.0,0.0,0.0,0.0,0.0,0.00668296713033144,0.011697952281281957,5.715222817774257e-16,0.014809999486696293,0.0,0.0
unitary_then_heisenberg_projection,3,2,0.03,6,0.003,10,0.0,0.0,0.0,0.0,0.0,0.0,0.0,0.0,0.0,0.00668296713033144,0.011697952281281957,5.715222817774257e-16,0.014809999486696293,0.0,0.0
unitary_then_heisenberg_projection,3,2,0.03,6,0.01,10,1.0,0.0,1.0,1.0,1.0,0.0,0.0,0.0,1.0,0.00668296713033144,0.011697952281281957,5.715222817774257e-16,0.014809999486696293,0.0,1.0
unitary_then_heisenberg_projection,3,2,0.03,9,0.0001,10,0.0,0.0,0.0,0.0,0.0,0.0,0.0,0.0,0.0,0.00668296713033144,0.011697952281281957,5.715222817774257e-16,0.014809999486696293,0.0,0.0
unitary_then_heisenberg_projection,3,2,0.03,9,0.0003,10,0.0,0.0,0.0,0.0,0.0,0.0,0.0,0.0,0.0,0.00668296713033144,0.011697952281281957,5.715222817774257e-16,0.014809999486696293,0.0,0.0
unitary_then_heisenberg_projection,3,2,0.03,9,0.001,10,0.0,0.0,0.0,0.0,0.0,0.0,0.0,0.0,0.0,0.00668296713033144,0.011697952281281957,5.715222817774257e-16,0.014809999486696293,0.0,0.0
unitary_then_heisenberg_projection,3,2,0.03,9,0.003,10,0.0,0.0,0.0,0.0,0.0,0.0,0.0,0.0,0.0,0.00668296713033144,0.011697952281281957,5.715222817774257e-16,0.014809999486696293,0.0,0.0
unitary_then_heisenberg_projection,3,2,0.03,9,0.01,10,1.0,0.0,1.0,1.0,1.0,1.0,0.0,0.0,0.0,0.00668296713033144,0.011697952281281957,5.715222817774257e-16,0.014809999486696293,0.0,1.0
unitary_then_heisenberg_projection,3,2,0.05,3,0.0001,10,0.0,0.0,0.0,0.0,0.0,0.0,0.0,0.0,0.0,0.01115997177001199,0.01952022685639304,5.715222817774257e-16,0.030412004403691052,0.0,0.0
unitary_then_heisenberg_projection,3,2,0.05,3,0.0003,10,0.0,0.0,0.0,0.0,0.0,0.0,0.0,0.0,0.0,0.01115997177001199,0.01952022685639304,5.715222817774257e-16,0.030412004403691052,0.0,0.0
unitary_then_heisenberg_projection,3,2,0.05,3,0.001,10,0.0,0.0,0.0,0.0,0.0,0.0,0.0,0.0,0.0,0.01115997177001199,0.01952022685639304,5.715222817774257e-16,0.030412004403691052,0.0,0.0
unitary_then_heisenberg_projection,3,2,0.05,3,0.003,10,0.0,0.0,0.0,0.0,0.0,0.0,0.0,0.0,0.0,0.01115997177001199,0.01952022685639304,5.715222817774257e-16,0.030412004403691052,0.0,0.0
unitary_then_heisenberg_projection,3,2,0.05,3,0.01,10,0.1,0.0,0.1,0.1,0.1,0.0,0.0,0.0,0.1,0.01115997177001199,0.01952022685639304,5.715222817774257e-16,0.030412004403691052,0.0,0.1
unitary_then_heisenberg_projection,3,2,0.05,6,0.0001,10,0.0,0.0,0.0,0.0,0.0,0.0,0.0,0.0,0.0,0.01115997177001199,0.01952022685639304,5.715222817774257e-16,0.030412004403691052,0.0,0.0
unitary_then_heisenberg_projection,3,2,0.05,6,0.0003,10,0.0,0.0,0.0,0.0,0.0,0.0,0.0,0.0,0.0,0.01115997177001199,0.01952022685639304,5.715222817774257e-16,0.030412004403691052,0.0,0.0
unitary_then_heisenberg_projection,3,2,0.05,6,0.001,10,0.0,0.0,0.0,0.0,0.0,0.0,0.0,0.0,0.0,0.01115997177001199,0.01952022685639304,5.715222817774257e-16,0.030412004403691052,0.0,0.0
unitary_then_heisenberg_projection,3,2,0.05,6,0.003,10,0.0,0.0,0.0,0.0,0.0,0.0,0.0,0.0,0.0,0.01115997177001199,0.01952022685639304,5.715222817774257e-16,0.030412004403691052,0.0,0.0
unitary_then_heisenberg_projection,3,2,0.05,6,0.01,10,0.1,0.0,0.1,0.1,0.1,0.0,0.0,0.0,0.1,0.01115997177001199,0.01952022685639304,5.715222817774257e-16,0.030412004403691052,0.0,0.1
unitary_then_heisenberg_projection,3,2,0.05,9,0.0001,10,0.0,0.0,0.0,0.0,0.0,0.0,0.0,0.0,0.0,0.01115997177001199,0.01952022685639304,5.715222817774257e-16,0.030412004403691052,0.0,0.0
unitary_then_heisenberg_projection,3,2,0.05,9,0.0003,10,0.0,0.0,0.0,0.0,0.0,0.0,0.0,0.0,0.0,0.01115997177001199,0.01952022685639304,5.715222817774257e-16,0.030412004403691052,0.0,0.0
unitary_then_heisenberg_projection,3,2,0.05,9,0.001,10,0.0,0.0,0.0,0.0,0.0,0.0,0.0,0.0,0.0,0.01115997177001199,0.01952022685639304,5.715222817774257e-16,0.030412004403691052,0.0,0.0
unitary_then_heisenberg_projection,3,2,0.05,9,0.003,10,0.0,0.0,0.0,0.0,0.0,0.0,0.0,0.0,0.0,0.01115997177001199,0.01952022685639304,5.715222817774257e-16,0.030412004403691052,0.0,0.0
unitary_then_heisenberg_projection,3,2,0.05,9,0.01,10,0.1,0.0,0.1,0.1,0.1,0.1,0.0,0.0,0.0,0.01115997177001199,0.01952022685639304,5.715222817774257e-16,0.030412004403691052,0.0,0.1
