evidence_label,mode,corpus_seed,case_name,period,predicted_index,candidate_capacity,capacity_divisible_by_index,method,adapter_rank,branches,active_local_adapter_parameters,controlled_carrier_parameters,stored_carrier_bytes,parameter_multiplier_vs_shared_corpus,inference_multiplier,latency_ms_for_complete_test_tensor,estimated_peak_tensor_bytes,new_adapter_training,test_labels_used_before_logits_saved,projective_relation_residual,unitarity_residual,combined_structural_residual
controlled_on_real_features,confirmatory,0,period2_index2,2,2,1,False,ordinary_same_capacity,4,8,9296,0,64,1.0,8.0,3.922125091776252,320000,False,False,0.0,1.0,1.0
controlled_on_real_features,confirmatory,0,period2_index2,2,2,1,False,coherent_projective_lift,4,8,9296,0,64,1.0,8.0,4.266041098162532,320000,False,False,0.0,1.0,1.0
controlled_on_real_features,confirmatory,0,period2_index2,2,2,1,False,parameter_matched_generic_unitary,4,8,9296,0,64,1.0,8.0,1.0227910242974758,320000,False,False,0.0,1.0,1.0
controlled_on_real_features,confirmatory,0,period2_index2,2,2,1,False,random_branch_control,4,8,9296,0,64,1.0,8.0,0.9720830712467432,320000,False,False,0.0,1.0,1.0
controlled_on_real_features,confirmatory,0,period2_index2,2,2,1,False,wrong_cocycle_control,4,8,9296,0,64,1.0,8.0,0.9682499803602695,320000,False,False,0.0,1.0,1.0
controlled_on_real_features,confirmatory,0,period2_index2,2,2,1,False,wrong_projective_representation,4,8,9296,0,64,1.0,8.0,0.9608329273760319,320000,False,False,0.0,1.0,1.0
controlled_on_real_features,confirmatory,0,period2_index2,2,2,1,False,ensemble_upper_bound,4,8,9296,0,64,1.0,8.0,0.6965841166675091,320000,False,False,0.0,1.0,1.0
controlled_on_real_features,confirmatory,0,period2_index2,2,2,1,False,oracle_coherent_lift,4,8,9296,0,64,1.0,8.0,4.597916966304183,320000,False,False,0.0,1.0,1.0
controlled_on_real_features,confirmatory,0,period2_index2,2,2,2,True,ordinary_same_capacity,4,8,9296,0,256,1.0,8.0,1.4230411034077406,320000,False,False,6.181724643283815e-08,0.0,6.181724643283815e-08
controlled_on_real_features,confirmatory,0,period2_index2,2,2,2,True,coherent_projective_lift,4,8,9296,0,256,1.0,8.0,3.524000057950616,320000,False,False,6.181724643283815e-08,0.0,6.181724643283815e-08
controlled_on_real_features,confirmatory,0,period2_index2,2,2,2,True,parameter_matched_generic_unitary,4,8,9296,0,256,1.0,8.0,3.678208915516734,320000,False,False,6.181724643283815e-08,0.0,6.181724643283815e-08
controlled_on_real_features,confirmatory,0,period2_index2,2,2,2,True,random_branch_control,4,8,9296,0,256,1.0,8.0,3.423375077545643,320000,False,False,6.181724643283815e-08,0.0,6.181724643283815e-08
controlled_on_real_features,confirmatory,0,period2_index2,2,2,2,True,wrong_cocycle_control,4,8,9296,0,256,1.0,8.0,3.4135410096496344,320000,False,False,6.181724643283815e-08,0.0,6.181724643283815e-08
controlled_on_real_features,confirmatory,0,period2_index2,2,2,2,True,wrong_projective_representation,4,8,9296,0,256,1.0,8.0,3.448957810178399,320000,False,False,6.181724643283815e-08,0.0,6.181724643283815e-08
controlled_on_real_features,confirmatory,0,period2_index2,2,2,2,True,ensemble_upper_bound,4,8,9296,0,256,1.0,8.0,0.048083020374178886,320000,False,False,6.181724643283815e-08,0.0,6.181724643283815e-08
controlled_on_real_features,confirmatory,0,period2_index2,2,2,2,True,oracle_coherent_lift,4,8,9296,0,256,1.0,8.0,3.4687919542193413,320000,False,False,6.181724643283815e-08,0.0,6.181724643283815e-08
controlled_on_real_features,confirmatory,0,period2_index2,2,2,3,False,ordinary_same_capacity,4,8,9296,0,576,1.0,8.0,1.580249983817339,320000,False,False,5.047356665954794e-08,0.5773502588272095,0.5773502588272095
controlled_on_real_features,confirmatory,0,period2_index2,2,2,3,False,coherent_projective_lift,4,8,9296,0,576,1.0,8.0,4.166333004832268,320000,False,False,5.047356665954794e-08,0.5773502588272095,0.5773502588272095
controlled_on_real_features,confirmatory,0,period2_index2,2,2,3,False,parameter_matched_generic_unitary,4,8,9296,0,576,1.0,8.0,4.116666968911886,320000,False,False,5.047356665954794e-08,0.5773502588272095,0.5773502588272095
controlled_on_real_features,confirmatory,0,period2_index2,2,2,3,False,random_branch_control,4,8,9296,0,576,1.0,8.0,4.098000004887581,320000,False,False,5.047356665954794e-08,0.5773502588272095,0.5773502588272095
controlled_on_real_features,confirmatory,0,period2_index2,2,2,3,False,wrong_cocycle_control,4,8,9296,0,576,1.0,8.0,4.09337505698204,320000,False,False,5.047356665954794e-08,0.5773502588272095,0.5773502588272095
controlled_on_real_features,confirmatory,0,period2_index2,2,2,3,False,wrong_projective_representation,4,8,9296,0,576,1.0,8.0,4.084167070686817,320000,False,False,5.047356665954794e-08,0.5773502588272095,0.5773502588272095
controlled_on_real_features,confirmatory,0,period2_index2,2,2,3,False,ensemble_upper_bound,4,8,9296,0,576,1.0,8.0,0.05470891483128071,320000,False,False,5.047356665954794e-08,0.5773502588272095,0.5773502588272095
controlled_on_real_features,confirmatory,0,period2_index2,2,2,3,False,oracle_coherent_lift,4,8,9296,0,576,1.0,8.0,3.490749979391694,320000,False,False,5.047356665954794e-08,0.5773502588272095,0.5773502588272095
controlled_on_real_features,confirmatory,0,period2_index2,2,2,4,True,ordinary_same_capacity,4,8,9296,0,1024,1.0,8.0,1.8799160607159138,320000,False,False,4.371138828673793e-08,0.0,4.371138828673793e-08
controlled_on_real_features,confirmatory,0,period2_index2,2,2,4,True,coherent_projective_lift,4,8,9296,0,1024,1.0,8.0,4.206749843433499,320000,False,False,4.371138828673793e-08,0.0,4.371138828673793e-08
controlled_on_real_features,confirmatory,0,period2_index2,2,2,4,True,parameter_matched_generic_unitary,4,8,9296,0,1024,1.0,8.0,4.187458194792271,320000,False,False,4.371138828673793e-08,0.0,4.371138828673793e-08
controlled_on_real_features,confirmatory,0,period2_index2,2,2,4,True,random_branch_control,4,8,9296,0,1024,1.0,8.0,4.161708056926727,320000,False,False,4.371138828673793e-08,0.0,4.371138828673793e-08
controlled_on_real_features,confirmatory,0,period2_index2,2,2,4,True,wrong_cocycle_control,4,8,9296,0,1024,1.0,8.0,4.119915887713432,320000,False,False,4.371138828673793e-08,0.0,4.371138828673793e-08
controlled_on_real_features,confirmatory,0,period2_index2,2,2,4,True,wrong_projective_representation,4,8,9296,0,1024,1.0,8.0,4.1686249896883965,320000,False,False,4.371138828673793e-08,0.0,4.371138828673793e-08
controlled_on_real_features,confirmatory,0,period2_index2,2,2,4,True,ensemble_upper_bound,4,8,9296,0,1024,1.0,8.0,0.024624867364764214,320000,False,False,4.371138828673793e-08,0.0,4.371138828673793e-08
controlled_on_real_features,confirmatory,0,period2_index2,2,2,4,True,oracle_coherent_lift,4,8,9296,0,1024,1.0,8.0,3.414333099499345,320000,False,False,4.371138828673793e-08,0.0,4.371138828673793e-08
controlled_on_real_features,confirmatory,0,period2_index4,2,4,1,False,ordinary_same_capacity,4,8,9296,0,64,1.0,8.0,0.7709579076617956,320000,False,False,0.0,1.0,1.0
controlled_on_real_features,confirmatory,0,period2_index4,2,4,1,False,coherent_projective_lift,4,8,9296,0,64,1.0,8.0,0.9913749527186155,320000,False,False,0.0,1.0,1.0
controlled_on_real_features,confirmatory,0,period2_index4,2,4,1,False,parameter_matched_generic_unitary,4,8,9296,0,64,1.0,8.0,0.9726670105010271,320000,False,False,0.0,1.0,1.0
controlled_on_real_features,confirmatory,0,period2_index4,2,4,1,False,random_branch_control,4,8,9296,0,64,1.0,8.0,0.98958401940763,320000,False,False,0.0,1.0,1.0
controlled_on_real_features,confirmatory,0,period2_index4,2,4,1,False,wrong_cocycle_control,4,8,9296,0,64,1.0,8.0,0.9719589725136757,320000,False,False,0.0,1.0,1.0
controlled_on_real_features,confirmatory,0,period2_index4,2,4,1,False,wrong_projective_representation,4,8,9296,0,64,1.0,8.0,0.9713750332593918,320000,False,False,0.0,1.0,1.0
controlled_on_real_features,confirmatory,0,period2_index4,2,4,1,False,ensemble_upper_bound,4,8,9296,0,64,1.0,8.0,0.047708163037896156,320000,False,False,0.0,1.0,1.0
controlled_on_real_features,confirmatory,0,period2_index4,2,4,1,False,oracle_coherent_lift,4,8,9296,0,64,1.0,8.0,4.31145797483623,320000,False,False,0.0,1.0,1.0
controlled_on_real_features,confirmatory,0,period2_index4,2,4,2,False,ordinary_same_capacity,4,8,9296,0,256,1.0,8.0,1.3304159510880709,320000,False,False,6.181724643283815e-08,1.0,1.0
controlled_on_real_features,confirmatory,0,period2_index4,2,4,2,False,coherent_projective_lift,4,8,9296,0,256,1.0,8.0,3.4571660216897726,320000,False,False,6.181724643283815e-08,1.0,1.0
controlled_on_real_features,confirmatory,0,period2_index4,2,4,2,False,parameter_matched_generic_unitary,4,8,9296,0,256,1.0,8.0,3.467417089268565,320000,False,False,6.181724643283815e-08,1.0,1.0
controlled_on_real_features,confirmatory,0,period2_index4,2,4,2,False,random_branch_control,4,8,9296,0,256,1.0,8.0,3.431041957810521,320000,False,False,6.181724643283815e-08,1.0,1.0
controlled_on_real_features,confirmatory,0,period2_index4,2,4,2,False,wrong_cocycle_control,4,8,9296,0,256,1.0,8.0,3.4746250603348017,320000,False,False,6.181724643283815e-08,1.0,1.0
controlled_on_real_features,confirmatory,0,period2_index4,2,4,2,False,wrong_projective_representation,4,8,9296,0,256,1.0,8.0,3.464000066742301,320000,False,False,6.181724643283815e-08,1.0,1.0
controlled_on_real_features,confirmatory,0,period2_index4,2,4,2,False,ensemble_upper_bound,4,8,9296,0,256,1.0,8.0,0.050541944801807404,320000,False,False,6.181724643283815e-08,1.0,1.0
controlled_on_real_features,confirmatory,0,period2_index4,2,4,2,False,oracle_coherent_lift,4,8,9296,0,256,1.0,8.0,4.115374991670251,320000,False,False,6.181724643283815e-08,1.0,1.0
controlled_on_real_features,confirmatory,0,period2_index4,2,4,3,False,ordinary_same_capacity,4,8,9296,0,576,1.0,8.0,1.5689998399466276,320000,False,False,5.047356665954794e-08,0.8164966106414795,0.8164966106414795
controlled_on_real_features,confirmatory,0,period2_index4,2,4,3,False,coherent_projective_lift,4,8,9296,0,576,1.0,8.0,4.094166215509176,320000,False,False,5.047356665954794e-08,0.8164966106414795,0.8164966106414795
controlled_on_real_features,confirmatory,0,period2_index4,2,4,3,False,parameter_matched_generic_unitary,4,8,9296,0,576,1.0,8.0,4.087999928742647,320000,False,False,5.047356665954794e-08,0.8164966106414795,0.8164966106414795
controlled_on_real_features,confirmatory,0,period2_index4,2,4,3,False,random_branch_control,4,8,9296,0,576,1.0,8.0,4.070291994139552,320000,False,False,5.047356665954794e-08,0.8164966106414795,0.8164966106414795
controlled_on_real_features,confirmatory,0,period2_index4,2,4,3,False,wrong_cocycle_control,4,8,9296,0,576,1.0,8.0,4.029709147289395,320000,False,False,5.047356665954794e-08,0.8164966106414795,0.8164966106414795
controlled_on_real_features,confirmatory,0,period2_index4,2,4,3,False,wrong_projective_representation,4,8,9296,0,576,1.0,8.0,4.065208835527301,320000,False,False,5.047356665954794e-08,0.8164966106414795,0.8164966106414795
controlled_on_real_features,confirmatory,0,period2_index4,2,4,3,False,ensemble_upper_bound,4,8,9296,0,576,1.0,8.0,0.05462486296892166,320000,False,False,5.047356665954794e-08,0.8164966106414795,0.8164966106414795
controlled_on_real_features,confirmatory,0,period2_index4,2,4,3,False,oracle_coherent_lift,4,8,9296,0,576,1.0,8.0,4.093999974429607,320000,False,False,5.047356665954794e-08,0.8164966106414795,0.8164966106414795
controlled_on_real_features,confirmatory,0,period2_index4,2,4,4,True,ordinary_same_capacity,4,8,9296,0,1024,1.0,8.0,1.8915829714387655,320000,False,False,4.371138828673793e-08,0.0,4.371138828673793e-08
controlled_on_real_features,confirmatory,0,period2_index4,2,4,4,True,coherent_projective_lift,4,8,9296,0,1024,1.0,8.0,4.781458061188459,320000,False,False,4.371138828673793e-08,0.0,4.371138828673793e-08
controlled_on_real_features,confirmatory,0,period2_index4,2,4,4,True,parameter_matched_generic_unitary,4,8,9296,0,1024,1.0,8.0,4.833542043343186,320000,False,False,4.371138828673793e-08,0.0,4.371138828673793e-08
controlled_on_real_features,confirmatory,0,period2_index4,2,4,4,True,random_branch_control,4,8,9296,0,1024,1.0,8.0,4.502125084400177,320000,False,False,4.371138828673793e-08,0.0,4.371138828673793e-08
controlled_on_real_features,confirmatory,0,period2_index4,2,4,4,True,wrong_cocycle_control,4,8,9296,0,1024,1.0,8.0,4.57100011408329,320000,False,False,4.371138828673793e-08,0.0,4.371138828673793e-08
controlled_on_real_features,confirmatory,0,period2_index4,2,4,4,True,wrong_projective_representation,4,8,9296,0,1024,1.0,8.0,4.9178749322891235,320000,False,False,4.371138828673793e-08,0.0,4.371138828673793e-08
controlled_on_real_features,confirmatory,0,period2_index4,2,4,4,True,ensemble_upper_bound,4,8,9296,0,1024,1.0,8.0,0.041207997128367424,320000,False,False,4.371138828673793e-08,0.0,4.371138828673793e-08
controlled_on_real_features,confirmatory,0,period2_index4,2,4,4,True,oracle_coherent_lift,4,8,9296,0,1024,1.0,8.0,4.743708064779639,320000,False,False,4.371138828673793e-08,0.0,4.371138828673793e-08
controlled_on_real_features,confirmatory,0,period2_index4,2,4,6,False,ordinary_same_capacity,4,8,9296,0,2304,1.0,8.0,2.5148747954517603,320000,False,False,3.5690199240434595e-08,0.5773502588272095,0.5773502588272095
controlled_on_real_features,confirmatory,0,period2_index4,2,4,6,False,coherent_projective_lift,4,8,9296,0,2304,1.0,8.0,5.219125188887119,320000,False,False,3.5690199240434595e-08,0.5773502588272095,0.5773502588272095
controlled_on_real_features,confirmatory,0,period2_index4,2,4,6,False,parameter_matched_generic_unitary,4,8,9296,0,2304,1.0,8.0,5.39229204878211,320000,False,False,3.5690199240434595e-08,0.5773502588272095,0.5773502588272095
controlled_on_real_features,confirmatory,0,period2_index4,2,4,6,False,random_branch_control,4,8,9296,0,2304,1.0,8.0,5.248666042461991,320000,False,False,3.5690199240434595e-08,0.5773502588272095,0.5773502588272095
controlled_on_real_features,confirmatory,0,period2_index4,2,4,6,False,wrong_cocycle_control,4,8,9296,0,2304,1.0,8.0,5.182958906516433,320000,False,False,3.5690199240434595e-08,0.5773502588272095,0.5773502588272095
controlled_on_real_features,confirmatory,0,period2_index4,2,4,6,False,wrong_projective_representation,4,8,9296,0,2304,1.0,8.0,5.125041119754314,320000,False,False,3.5690199240434595e-08,0.5773502588272095,0.5773502588272095
controlled_on_real_features,confirmatory,0,period2_index4,2,4,6,False,ensemble_upper_bound,4,8,9296,0,2304,1.0,8.0,0.032207928597927094,320000,False,False,3.5690199240434595e-08,0.5773502588272095,0.5773502588272095
controlled_on_real_features,confirmatory,0,period2_index4,2,4,6,False,oracle_coherent_lift,4,8,9296,0,2304,1.0,8.0,4.8290828708559275,320000,False,False,3.5690199240434595e-08,0.5773502588272095,0.5773502588272095
controlled_on_real_features,confirmatory,0,period2_index4,2,4,8,True,ordinary_same_capacity,4,8,9296,0,4096,1.0,8.0,2.7095829136669636,320000,False,False,3.090862321641907e-08,0.0,3.090862321641907e-08
controlled_on_real_features,confirmatory,0,period2_index4,2,4,8,True,coherent_projective_lift,4,8,9296,0,4096,1.0,8.0,5.472165998071432,320000,False,False,3.090862321641907e-08,0.0,3.090862321641907e-08
controlled_on_real_features,confirmatory,0,period2_index4,2,4,8,True,parameter_matched_generic_unitary,4,8,9296,0,4096,1.0,8.0,5.347457947209477,320000,False,False,3.090862321641907e-08,0.0,3.090862321641907e-08
controlled_on_real_features,confirmatory,0,period2_index4,2,4,8,True,random_branch_control,4,8,9296,0,4096,1.0,8.0,5.2620419301092625,320000,False,False,3.090862321641907e-08,0.0,3.090862321641907e-08
controlled_on_real_features,confirmatory,0,period2_index4,2,4,8,True,wrong_cocycle_control,4,8,9296,0,4096,1.0,8.0,4.864375106990337,320000,False,False,3.090862321641907e-08,0.0,3.090862321641907e-08
controlled_on_real_features,confirmatory,0,period2_index4,2,4,8,True,wrong_projective_representation,4,8,9296,0,4096,1.0,8.0,5.2449998911470175,320000,False,False,3.090862321641907e-08,0.0,3.090862321641907e-08
controlled_on_real_features,confirmatory,0,period2_index4,2,4,8,True,ensemble_upper_bound,4,8,9296,0,4096,1.0,8.0,0.03087497316300869,320000,False,False,3.090862321641907e-08,0.0,3.090862321641907e-08
controlled_on_real_features,confirmatory,0,period2_index4,2,4,8,True,oracle_coherent_lift,4,8,9296,0,4096,1.0,8.0,4.891375079751015,320000,False,False,3.090862321641907e-08,0.0,3.090862321641907e-08
controlled_on_real_features,confirmatory,0,period3_index3,3,3,1,False,ordinary_same_capacity,4,8,9296,0,64,1.0,8.0,0.7481249049305916,320000,False,False,0.0,1.0,1.0
controlled_on_real_features,confirmatory,0,period3_index3,3,3,1,False,coherent_projective_lift,4,8,9296,0,64,1.0,8.0,0.9803748689591885,320000,False,False,0.0,1.0,1.0
controlled_on_real_features,confirmatory,0,period3_index3,3,3,1,False,parameter_matched_generic_unitary,4,8,9296,0,64,1.0,8.0,0.9765829890966415,320000,False,False,0.0,1.0,1.0
controlled_on_real_features,confirmatory,0,period3_index3,3,3,1,False,random_branch_control,4,8,9296,0,64,1.0,8.0,0.9685829281806946,320000,False,False,0.0,1.0,1.0
controlled_on_real_features,confirmatory,0,period3_index3,3,3,1,False,wrong_cocycle_control,4,8,9296,0,64,1.0,8.0,1.025250181555748,320000,False,False,0.0,1.0,1.0
controlled_on_real_features,confirmatory,0,period3_index3,3,3,1,False,wrong_projective_representation,4,8,9296,0,64,1.0,8.0,0.9914999827742577,320000,False,False,0.0,1.0,1.0
controlled_on_real_features,confirmatory,0,period3_index3,3,3,1,False,ensemble_upper_bound,4,8,9296,0,64,1.0,8.0,0.05020899698138237,320000,False,False,0.0,1.0,1.0
controlled_on_real_features,confirmatory,0,period3_index3,3,3,1,False,oracle_coherent_lift,4,8,9296,0,64,1.0,8.0,4.195624962449074,320000,False,False,0.0,1.0,1.0
controlled_on_real_features,confirmatory,0,period3_index3,3,3,2,False,ordinary_same_capacity,4,8,9296,0,256,1.0,8.0,1.3802079483866692,320000,False,False,0.0,1.0,1.0
controlled_on_real_features,confirmatory,0,period3_index3,3,3,2,False,coherent_projective_lift,4,8,9296,0,256,1.0,8.0,3.4904589410871267,320000,False,False,0.0,1.0,1.0
controlled_on_real_features,confirmatory,0,period3_index3,3,3,2,False,parameter_matched_generic_unitary,4,8,9296,0,256,1.0,8.0,3.4865830093622208,320000,False,False,0.0,1.0,1.0
controlled_on_real_features,confirmatory,0,period3_index3,3,3,2,False,random_branch_control,4,8,9296,0,256,1.0,8.0,3.505040891468525,320000,False,False,0.0,1.0,1.0
controlled_on_real_features,confirmatory,0,period3_index3,3,3,2,False,wrong_cocycle_control,4,8,9296,0,256,1.0,8.0,3.4719579853117466,320000,False,False,0.0,1.0,1.0
controlled_on_real_features,confirmatory,0,period3_index3,3,3,2,False,wrong_projective_representation,4,8,9296,0,256,1.0,8.0,3.469166113063693,320000,False,False,0.0,1.0,1.0
controlled_on_real_features,confirmatory,0,period3_index3,3,3,2,False,ensemble_upper_bound,4,8,9296,0,256,1.0,8.0,0.04516681656241417,320000,False,False,0.0,1.0,1.0
controlled_on_real_features,confirmatory,0,period3_index3,3,3,2,False,oracle_coherent_lift,4,8,9296,0,256,1.0,8.0,4.175707930698991,320000,False,False,0.0,1.0,1.0
controlled_on_real_features,confirmatory,0,period3_index3,3,3,3,True,ordinary_same_capacity,4,8,9296,0,576,1.0,8.0,1.6023330390453339,320000,False,False,5.960464477539063e-08,1.5389854013392323e-07,1.5389854013392323e-07
controlled_on_real_features,confirmatory,0,period3_index3,3,3,3,True,coherent_projective_lift,4,8,9296,0,576,1.0,8.0,4.136957926675677,320000,False,False,5.960464477539063e-08,1.5389854013392323e-07,1.5389854013392323e-07
controlled_on_real_features,confirmatory,0,period3_index3,3,3,3,True,parameter_matched_generic_unitary,4,8,9296,0,576,1.0,8.0,4.108291119337082,320000,False,False,5.960464477539063e-08,1.5389854013392323e-07,1.5389854013392323e-07
controlled_on_real_features,confirmatory,0,period3_index3,3,3,3,True,random_branch_control,4,8,9296,0,576,1.0,8.0,4.0731660556048155,320000,False,False,5.960464477539063e-08,1.5389854013392323e-07,1.5389854013392323e-07
controlled_on_real_features,confirmatory,0,period3_index3,3,3,3,True,wrong_cocycle_control,4,8,9296,0,576,1.0,8.0,4.0705830324441195,320000,False,False,5.960464477539063e-08,1.5389854013392323e-07,1.5389854013392323e-07
controlled_on_real_features,confirmatory,0,period3_index3,3,3,3,True,wrong_projective_representation,4,8,9296,0,576,1.0,8.0,4.131000023335218,320000,False,False,5.960464477539063e-08,1.5389854013392323e-07,1.5389854013392323e-07
controlled_on_real_features,confirmatory,0,period3_index3,3,3,3,True,ensemble_upper_bound,4,8,9296,0,576,1.0,8.0,0.05024997517466545,320000,False,False,5.960464477539063e-08,1.5389854013392323e-07,1.5389854013392323e-07
controlled_on_real_features,confirmatory,0,period3_index3,3,3,3,True,oracle_coherent_lift,4,8,9296,0,576,1.0,8.0,4.154792055487633,320000,False,False,5.960464477539063e-08,1.5389854013392323e-07,1.5389854013392323e-07
controlled_on_real_features,confirmatory,0,period3_index3,3,3,4,False,ordinary_same_capacity,4,8,9296,0,1024,1.0,8.0,1.934749772772193,320000,False,False,5.161913918527716e-08,0.5,0.5
controlled_on_real_features,confirmatory,0,period3_index3,3,3,4,False,coherent_projective_lift,4,8,9296,0,1024,1.0,8.0,4.170083208009601,320000,False,False,5.161913918527716e-08,0.5,0.5
controlled_on_real_features,confirmatory,0,period3_index3,3,3,4,False,parameter_matched_generic_unitary,4,8,9296,0,1024,1.0,8.0,4.1885829996317625,320000,False,False,5.161913918527716e-08,0.5,0.5
controlled_on_real_features,confirmatory,0,period3_index3,3,3,4,False,random_branch_control,4,8,9296,0,1024,1.0,8.0,4.145084181800485,320000,False,False,5.161913918527716e-08,0.5,0.5
controlled_on_real_features,confirmatory,0,period3_index3,3,3,4,False,wrong_cocycle_control,4,8,9296,0,1024,1.0,8.0,4.152124980464578,320000,False,False,5.161913918527716e-08,0.5,0.5
controlled_on_real_features,confirmatory,0,period3_index3,3,3,4,False,wrong_projective_representation,4,8,9296,0,1024,1.0,8.0,4.08591702580452,320000,False,False,5.161913918527716e-08,0.5,0.5
controlled_on_real_features,confirmatory,0,period3_index3,3,3,4,False,ensemble_upper_bound,4,8,9296,0,1024,1.0,8.0,0.026250025257468224,320000,False,False,5.161913918527716e-08,0.5,0.5
controlled_on_real_features,confirmatory,0,period3_index3,3,3,4,False,oracle_coherent_lift,4,8,9296,0,1024,1.0,8.0,4.126999992877245,320000,False,False,5.161913918527716e-08,0.5,0.5
controlled_on_real_features,confirmatory,0,period3_index3,3,3,6,True,ordinary_same_capacity,4,8,9296,0,2304,1.0,8.0,2.286541974171996,320000,False,False,4.2146844236867764e-08,1.5389852592306852e-07,1.5389852592306852e-07
controlled_on_real_features,confirmatory,0,period3_index3,3,3,6,True,coherent_projective_lift,4,8,9296,0,2304,1.0,8.0,4.683000035583973,320000,False,False,4.2146844236867764e-08,1.5389852592306852e-07,1.5389852592306852e-07
controlled_on_real_features,confirmatory,0,period3_index3,3,3,6,True,parameter_matched_generic_unitary,4,8,9296,0,2304,1.0,8.0,4.580499837175012,320000,False,False,4.2146844236867764e-08,1.5389852592306852e-07,1.5389852592306852e-07
controlled_on_real_features,confirmatory,0,period3_index3,3,3,6,True,random_branch_control,4,8,9296,0,2304,1.0,8.0,4.656667122617364,320000,False,False,4.2146844236867764e-08,1.5389852592306852e-07,1.5389852592306852e-07
controlled_on_real_features,confirmatory,0,period3_index3,3,3,6,True,wrong_cocycle_control,4,8,9296,0,2304,1.0,8.0,4.649790935218334,320000,False,False,4.2146844236867764e-08,1.5389852592306852e-07,1.5389852592306852e-07
controlled_on_real_features,confirmatory,0,period3_index3,3,3,6,True,wrong_projective_representation,4,8,9296,0,2304,1.0,8.0,4.644250031560659,320000,False,False,4.2146844236867764e-08,1.5389852592306852e-07,1.5389852592306852e-07
controlled_on_real_features,confirmatory,0,period3_index3,3,3,6,True,ensemble_upper_bound,4,8,9296,0,2304,1.0,8.0,0.022625084966421127,320000,False,False,4.2146844236867764e-08,1.5389852592306852e-07,1.5389852592306852e-07
controlled_on_real_features,confirmatory,0,period3_index3,3,3,6,True,oracle_coherent_lift,4,8,9296,0,2304,1.0,8.0,4.1095002088695765,320000,False,False,4.2146844236867764e-08,1.5389852592306852e-07,1.5389852592306852e-07
controlled_on_real_features,confirmatory,1,period2_index2,2,2,1,False,ordinary_same_capacity,4,8,9296,0,64,1.0,8.0,0.889332965016365,320000,False,False,0.0,1.0,1.0
controlled_on_real_features,confirmatory,1,period2_index2,2,2,1,False,coherent_projective_lift,4,8,9296,0,64,1.0,8.0,1.0383750777691603,320000,False,False,0.0,1.0,1.0
controlled_on_real_features,confirmatory,1,period2_index2,2,2,1,False,parameter_matched_generic_unitary,4,8,9296,0,64,1.0,8.0,1.0125420521944761,320000,False,False,0.0,1.0,1.0
controlled_on_real_features,confirmatory,1,period2_index2,2,2,1,False,random_branch_control,4,8,9296,0,64,1.0,8.0,0.9932499378919601,320000,False,False,0.0,1.0,1.0
controlled_on_real_features,confirmatory,1,period2_index2,2,2,1,False,wrong_cocycle_control,4,8,9296,0,64,1.0,8.0,0.9769159369170666,320000,False,False,0.0,1.0,1.0
controlled_on_real_features,confirmatory,1,period2_index2,2,2,1,False,wrong_projective_representation,4,8,9296,0,64,1.0,8.0,0.9839169215410948,320000,False,False,0.0,1.0,1.0
controlled_on_real_features,confirmatory,1,period2_index2,2,2,1,False,ensemble_upper_bound,4,8,9296,0,64,1.0,8.0,0.06708293221890926,320000,False,False,0.0,1.0,1.0
controlled_on_real_features,confirmatory,1,period2_index2,2,2,1,False,oracle_coherent_lift,4,8,9296,0,64,1.0,8.0,3.6433341447263956,320000,False,False,0.0,1.0,1.0
controlled_on_real_features,confirmatory,1,period2_index2,2,2,2,True,ordinary_same_capacity,4,8,9296,0,256,1.0,8.0,1.3654998037964106,320000,False,False,6.181724643283815e-08,0.0,6.181724643283815e-08
controlled_on_real_features,confirmatory,1,period2_index2,2,2,2,True,coherent_projective_lift,4,8,9296,0,256,1.0,8.0,3.4971251152455807,320000,False,False,6.181724643283815e-08,0.0,6.181724643283815e-08
controlled_on_real_features,confirmatory,1,period2_index2,2,2,2,True,parameter_matched_generic_unitary,4,8,9296,0,256,1.0,8.0,3.4536670427769423,320000,False,False,6.181724643283815e-08,0.0,6.181724643283815e-08
controlled_on_real_features,confirmatory,1,period2_index2,2,2,2,True,random_branch_control,4,8,9296,0,256,1.0,8.0,3.439874853938818,320000,False,False,6.181724643283815e-08,0.0,6.181724643283815e-08
controlled_on_real_features,confirmatory,1,period2_index2,2,2,2,True,wrong_cocycle_control,4,8,9296,0,256,1.0,8.0,3.4244158305227757,320000,False,False,6.181724643283815e-08,0.0,6.181724643283815e-08
controlled_on_real_features,confirmatory,1,period2_index2,2,2,2,True,wrong_projective_representation,4,8,9296,0,256,1.0,8.0,3.446167102083564,320000,False,False,6.181724643283815e-08,0.0,6.181724643283815e-08
controlled_on_real_features,confirmatory,1,period2_index2,2,2,2,True,ensemble_upper_bound,4,8,9296,0,256,1.0,8.0,0.054167117923498154,320000,False,False,6.181724643283815e-08,0.0,6.181724643283815e-08
controlled_on_real_features,confirmatory,1,period2_index2,2,2,2,True,oracle_coherent_lift,4,8,9296,0,256,1.0,8.0,3.4882500767707825,320000,False,False,6.181724643283815e-08,0.0,6.181724643283815e-08
controlled_on_real_features,confirmatory,1,period2_index2,2,2,3,False,ordinary_same_capacity,4,8,9296,0,576,1.0,8.0,1.6166658606380224,320000,False,False,5.047356665954794e-08,0.5773502588272095,0.5773502588272095
controlled_on_real_features,confirmatory,1,period2_index2,2,2,3,False,coherent_projective_lift,4,8,9296,0,576,1.0,8.0,4.189458908513188,320000,False,False,5.047356665954794e-08,0.5773502588272095,0.5773502588272095
controlled_on_real_features,confirmatory,1,period2_index2,2,2,3,False,parameter_matched_generic_unitary,4,8,9296,0,576,1.0,8.0,4.055708181113005,320000,False,False,5.047356665954794e-08,0.5773502588272095,0.5773502588272095
controlled_on_real_features,confirmatory,1,period2_index2,2,2,3,False,random_branch_control,4,8,9296,0,576,1.0,8.0,4.08299989067018,320000,False,False,5.047356665954794e-08,0.5773502588272095,0.5773502588272095
controlled_on_real_features,confirmatory,1,period2_index2,2,2,3,False,wrong_cocycle_control,4,8,9296,0,576,1.0,8.0,4.098166944459081,320000,False,False,5.047356665954794e-08,0.5773502588272095,0.5773502588272095
controlled_on_real_features,confirmatory,1,period2_index2,2,2,3,False,wrong_projective_representation,4,8,9296,0,576,1.0,8.0,4.106334177777171,320000,False,False,5.047356665954794e-08,0.5773502588272095,0.5773502588272095
controlled_on_real_features,confirmatory,1,period2_index2,2,2,3,False,ensemble_upper_bound,4,8,9296,0,576,1.0,8.0,0.04429207183420658,320000,False,False,5.047356665954794e-08,0.5773502588272095,0.5773502588272095
controlled_on_real_features,confirmatory,1,period2_index2,2,2,3,False,oracle_coherent_lift,4,8,9296,0,576,1.0,8.0,3.448291914537549,320000,False,False,5.047356665954794e-08,0.5773502588272095,0.5773502588272095
controlled_on_real_features,confirmatory,1,period2_index2,2,2,4,True,ordinary_same_capacity,4,8,9296,0,1024,1.0,8.0,1.9171671010553837,320000,False,False,4.371138828673793e-08,0.0,4.371138828673793e-08
controlled_on_real_features,confirmatory,1,period2_index2,2,2,4,True,coherent_projective_lift,4,8,9296,0,1024,1.0,8.0,4.1959998197853565,320000,False,False,4.371138828673793e-08,0.0,4.371138828673793e-08
controlled_on_real_features,confirmatory,1,period2_index2,2,2,4,True,parameter_matched_generic_unitary,4,8,9296,0,1024,1.0,8.0,4.168666899204254,320000,False,False,4.371138828673793e-08,0.0,4.371138828673793e-08
controlled_on_real_features,confirmatory,1,period2_index2,2,2,4,True,random_branch_control,4,8,9296,0,1024,1.0,8.0,4.157458897680044,320000,False,False,4.371138828673793e-08,0.0,4.371138828673793e-08
controlled_on_real_features,confirmatory,1,period2_index2,2,2,4,True,wrong_cocycle_control,4,8,9296,0,1024,1.0,8.0,4.185040947049856,320000,False,False,4.371138828673793e-08,0.0,4.371138828673793e-08
controlled_on_real_features,confirmatory,1,period2_index2,2,2,4,True,wrong_projective_representation,4,8,9296,0,1024,1.0,8.0,4.171041073277593,320000,False,False,4.371138828673793e-08,0.0,4.371138828673793e-08
controlled_on_real_features,confirmatory,1,period2_index2,2,2,4,True,ensemble_upper_bound,4,8,9296,0,1024,1.0,8.0,0.027999980375170708,320000,False,False,4.371138828673793e-08,0.0,4.371138828673793e-08
controlled_on_real_features,confirmatory,1,period2_index2,2,2,4,True,oracle_coherent_lift,4,8,9296,0,1024,1.0,8.0,3.4522078931331635,320000,False,False,4.371138828673793e-08,0.0,4.371138828673793e-08
controlled_on_real_features,confirmatory,1,period2_index4,2,4,1,False,ordinary_same_capacity,4,8,9296,0,64,1.0,8.0,0.7677089888602495,320000,False,False,0.0,1.0,1.0
controlled_on_real_features,confirmatory,1,period2_index4,2,4,1,False,coherent_projective_lift,4,8,9296,0,64,1.0,8.0,1.001874916255474,320000,False,False,0.0,1.0,1.0
controlled_on_real_features,confirmatory,1,period2_index4,2,4,1,False,parameter_matched_generic_unitary,4,8,9296,0,64,1.0,8.0,1.0033329017460346,320000,False,False,0.0,1.0,1.0
controlled_on_real_features,confirmatory,1,period2_index4,2,4,1,False,random_branch_control,4,8,9296,0,64,1.0,8.0,0.9739161469042301,320000,False,False,0.0,1.0,1.0
controlled_on_real_features,confirmatory,1,period2_index4,2,4,1,False,wrong_cocycle_control,4,8,9296,0,64,1.0,8.0,0.9883751627057791,320000,False,False,0.0,1.0,1.0
controlled_on_real_features,confirmatory,1,period2_index4,2,4,1,False,wrong_projective_representation,4,8,9296,0,64,1.0,8.0,0.9951249230653048,320000,False,False,0.0,1.0,1.0
controlled_on_real_features,confirmatory,1,period2_index4,2,4,1,False,ensemble_upper_bound,4,8,9296,0,64,1.0,8.0,0.04754099063575268,320000,False,False,0.0,1.0,1.0
controlled_on_real_features,confirmatory,1,period2_index4,2,4,1,False,oracle_coherent_lift,4,8,9296,0,64,1.0,8.0,4.189583007246256,320000,False,False,0.0,1.0,1.0
controlled_on_real_features,confirmatory,1,period2_index4,2,4,2,False,ordinary_same_capacity,4,8,9296,0,256,1.0,8.0,1.3383750338107347,320000,False,False,6.181724643283815e-08,1.0,1.0
controlled_on_real_features,confirmatory,1,period2_index4,2,4,2,False,coherent_projective_lift,4,8,9296,0,256,1.0,8.0,3.441625041887164,320000,False,False,6.181724643283815e-08,1.0,1.0
controlled_on_real_features,confirmatory,1,period2_index4,2,4,2,False,parameter_matched_generic_unitary,4,8,9296,0,256,1.0,8.0,3.460041945800185,320000,False,False,6.181724643283815e-08,1.0,1.0
controlled_on_real_features,confirmatory,1,period2_index4,2,4,2,False,random_branch_control,4,8,9296,0,256,1.0,8.0,3.470499999821186,320000,False,False,6.181724643283815e-08,1.0,1.0
controlled_on_real_features,confirmatory,1,period2_index4,2,4,2,False,wrong_cocycle_control,4,8,9296,0,256,1.0,8.0,3.466458059847355,320000,False,False,6.181724643283815e-08,1.0,1.0
controlled_on_real_features,confirmatory,1,period2_index4,2,4,2,False,wrong_projective_representation,4,8,9296,0,256,1.0,8.0,3.4797501284629107,320000,False,False,6.181724643283815e-08,1.0,1.0
controlled_on_real_features,confirmatory,1,period2_index4,2,4,2,False,ensemble_upper_bound,4,8,9296,0,256,1.0,8.0,0.0502921175211668,320000,False,False,6.181724643283815e-08,1.0,1.0
controlled_on_real_features,confirmatory,1,period2_index4,2,4,2,False,oracle_coherent_lift,4,8,9296,0,256,1.0,8.0,4.147040890529752,320000,False,False,6.181724643283815e-08,1.0,1.0
controlled_on_real_features,confirmatory,1,period2_index4,2,4,3,False,ordinary_same_capacity,4,8,9296,0,576,1.0,8.0,1.5760830137878656,320000,False,False,5.047356665954794e-08,0.8164966106414795,0.8164966106414795
controlled_on_real_features,confirmatory,1,period2_index4,2,4,3,False,coherent_projective_lift,4,8,9296,0,576,1.0,8.0,4.123958991840482,320000,False,False,5.047356665954794e-08,0.8164966106414795,0.8164966106414795
controlled_on_real_features,confirmatory,1,period2_index4,2,4,3,False,parameter_matched_generic_unitary,4,8,9296,0,576,1.0,8.0,4.127042135223746,320000,False,False,5.047356665954794e-08,0.8164966106414795,0.8164966106414795
controlled_on_real_features,confirmatory,1,period2_index4,2,4,3,False,random_branch_control,4,8,9296,0,576,1.0,8.0,4.116707947105169,320000,False,False,5.047356665954794e-08,0.8164966106414795,0.8164966106414795
controlled_on_real_features,confirmatory,1,period2_index4,2,4,3,False,wrong_cocycle_control,4,8,9296,0,576,1.0,8.0,4.0972919669002295,320000,False,False,5.047356665954794e-08,0.8164966106414795,0.8164966106414795
controlled_on_real_features,confirmatory,1,period2_index4,2,4,3,False,wrong_projective_representation,4,8,9296,0,576,1.0,8.0,4.1345409117639065,320000,False,False,5.047356665954794e-08,0.8164966106414795,0.8164966106414795
controlled_on_real_features,confirmatory,1,period2_index4,2,4,3,False,ensemble_upper_bound,4,8,9296,0,576,1.0,8.0,0.04937499761581421,320000,False,False,5.047356665954794e-08,0.8164966106414795,0.8164966106414795
controlled_on_real_features,confirmatory,1,period2_index4,2,4,3,False,oracle_coherent_lift,4,8,9296,0,576,1.0,8.0,4.107791930437088,320000,False,False,5.047356665954794e-08,0.8164966106414795,0.8164966106414795
controlled_on_real_features,confirmatory,1,period2_index4,2,4,4,True,ordinary_same_capacity,4,8,9296,0,1024,1.0,8.0,1.8195000011473894,320000,False,False,4.371138828673793e-08,0.0,4.371138828673793e-08
controlled_on_real_features,confirmatory,1,period2_index4,2,4,4,True,coherent_projective_lift,4,8,9296,0,1024,1.0,8.0,4.136208910495043,320000,False,False,4.371138828673793e-08,0.0,4.371138828673793e-08
controlled_on_real_features,confirmatory,1,period2_index4,2,4,4,True,parameter_matched_generic_unitary,4,8,9296,0,1024,1.0,8.0,4.1924999095499516,320000,False,False,4.371138828673793e-08,0.0,4.371138828673793e-08
controlled_on_real_features,confirmatory,1,period2_index4,2,4,4,True,random_branch_control,4,8,9296,0,1024,1.0,8.0,4.0577908512204885,320000,False,False,4.371138828673793e-08,0.0,4.371138828673793e-08
controlled_on_real_features,confirmatory,1,period2_index4,2,4,4,True,wrong_cocycle_control,4,8,9296,0,1024,1.0,8.0,4.07179188914597,320000,False,False,4.371138828673793e-08,0.0,4.371138828673793e-08
controlled_on_real_features,confirmatory,1,period2_index4,2,4,4,True,wrong_projective_representation,4,8,9296,0,1024,1.0,8.0,4.039874998852611,320000,False,False,4.371138828673793e-08,0.0,4.371138828673793e-08
controlled_on_real_features,confirmatory,1,period2_index4,2,4,4,True,ensemble_upper_bound,4,8,9296,0,1024,1.0,8.0,0.023042084649205208,320000,False,False,4.371138828673793e-08,0.0,4.371138828673793e-08
controlled_on_real_features,confirmatory,1,period2_index4,2,4,4,True,oracle_coherent_lift,4,8,9296,0,1024,1.0,8.0,4.792207852005959,320000,False,False,4.371138828673793e-08,0.0,4.371138828673793e-08
controlled_on_real_features,confirmatory,1,period2_index4,2,4,6,False,ordinary_same_capacity,4,8,9296,0,2304,1.0,8.0,2.4042080622166395,320000,False,False,3.5690199240434595e-08,0.5773502588272095,0.5773502588272095
controlled_on_real_features,confirmatory,1,period2_index4,2,4,6,False,coherent_projective_lift,4,8,9296,0,2304,1.0,8.0,5.117875058203936,320000,False,False,3.5690199240434595e-08,0.5773502588272095,0.5773502588272095
controlled_on_real_features,confirmatory,1,period2_index4,2,4,6,False,parameter_matched_generic_unitary,4,8,9296,0,2304,1.0,8.0,4.804000025615096,320000,False,False,3.5690199240434595e-08,0.5773502588272095,0.5773502588272095
controlled_on_real_features,confirmatory,1,period2_index4,2,4,6,False,random_branch_control,4,8,9296,0,2304,1.0,8.0,4.628041991963983,320000,False,False,3.5690199240434595e-08,0.5773502588272095,0.5773502588272095
controlled_on_real_features,confirmatory,1,period2_index4,2,4,6,False,wrong_cocycle_control,4,8,9296,0,2304,1.0,8.0,4.650708055123687,320000,False,False,3.5690199240434595e-08,0.5773502588272095,0.5773502588272095
controlled_on_real_features,confirmatory,1,period2_index4,2,4,6,False,wrong_projective_representation,4,8,9296,0,2304,1.0,8.0,4.6218750067055225,320000,False,False,3.5690199240434595e-08,0.5773502588272095,0.5773502588272095
controlled_on_real_features,confirmatory,1,period2_index4,2,4,6,False,ensemble_upper_bound,4,8,9296,0,2304,1.0,8.0,0.020834151655435562,320000,False,False,3.5690199240434595e-08,0.5773502588272095,0.5773502588272095
controlled_on_real_features,confirmatory,1,period2_index4,2,4,6,False,oracle_coherent_lift,4,8,9296,0,2304,1.0,8.0,4.0314579382538795,320000,False,False,3.5690199240434595e-08,0.5773502588272095,0.5773502588272095
controlled_on_real_features,confirmatory,1,period2_index4,2,4,8,True,ordinary_same_capacity,4,8,9296,0,4096,1.0,8.0,2.557541010901332,320000,False,False,3.090862321641907e-08,0.0,3.090862321641907e-08
controlled_on_real_features,confirmatory,1,period2_index4,2,4,8,True,coherent_projective_lift,4,8,9296,0,4096,1.0,8.0,4.985500127077103,320000,False,False,3.090862321641907e-08,0.0,3.090862321641907e-08
controlled_on_real_features,confirmatory,1,period2_index4,2,4,8,True,parameter_matched_generic_unitary,4,8,9296,0,4096,1.0,8.0,5.335125140845776,320000,False,False,3.090862321641907e-08,0.0,3.090862321641907e-08
controlled_on_real_features,confirmatory,1,period2_index4,2,4,8,True,random_branch_control,4,8,9296,0,4096,1.0,8.0,4.971667192876339,320000,False,False,3.090862321641907e-08,0.0,3.090862321641907e-08
controlled_on_real_features,confirmatory,1,period2_index4,2,4,8,True,wrong_cocycle_control,4,8,9296,0,4096,1.0,8.0,5.003249971196055,320000,False,False,3.090862321641907e-08,0.0,3.090862321641907e-08
controlled_on_real_features,confirmatory,1,period2_index4,2,4,8,True,wrong_projective_representation,4,8,9296,0,4096,1.0,8.0,4.915041150525212,320000,False,False,3.090862321641907e-08,0.0,3.090862321641907e-08
controlled_on_real_features,confirmatory,1,period2_index4,2,4,8,True,ensemble_upper_bound,4,8,9296,0,4096,1.0,8.0,0.019958941265940666,320000,False,False,3.090862321641907e-08,0.0,3.090862321641907e-08
controlled_on_real_features,confirmatory,1,period2_index4,2,4,8,True,oracle_coherent_lift,4,8,9296,0,4096,1.0,8.0,4.142749821767211,320000,False,False,3.090862321641907e-08,0.0,3.090862321641907e-08
controlled_on_real_features,confirmatory,1,period3_index3,3,3,1,False,ordinary_same_capacity,4,8,9296,0,64,1.0,8.0,0.7194590289145708,320000,False,False,0.0,1.0,1.0
controlled_on_real_features,confirmatory,1,period3_index3,3,3,1,False,coherent_projective_lift,4,8,9296,0,64,1.0,8.0,0.9614999871701002,320000,False,False,0.0,1.0,1.0
controlled_on_real_features,confirmatory,1,period3_index3,3,3,1,False,parameter_matched_generic_unitary,4,8,9296,0,64,1.0,8.0,0.9505839552730322,320000,False,False,0.0,1.0,1.0
controlled_on_real_features,confirmatory,1,period3_index3,3,3,1,False,random_branch_control,4,8,9296,0,64,1.0,8.0,0.9710830636322498,320000,False,False,0.0,1.0,1.0
controlled_on_real_features,confirmatory,1,period3_index3,3,3,1,False,wrong_cocycle_control,4,8,9296,0,64,1.0,8.0,0.997292110696435,320000,False,False,0.0,1.0,1.0
controlled_on_real_features,confirmatory,1,period3_index3,3,3,1,False,wrong_projective_representation,4,8,9296,0,64,1.0,8.0,1.014915993437171,320000,False,False,0.0,1.0,1.0
controlled_on_real_features,confirmatory,1,period3_index3,3,3,1,False,ensemble_upper_bound,4,8,9296,0,64,1.0,8.0,0.04941597580909729,320000,False,False,0.0,1.0,1.0
controlled_on_real_features,confirmatory,1,period3_index3,3,3,1,False,oracle_coherent_lift,4,8,9296,0,64,1.0,8.0,4.178208997473121,320000,False,False,0.0,1.0,1.0
controlled_on_real_features,confirmatory,1,period3_index3,3,3,2,False,ordinary_same_capacity,4,8,9296,0,256,1.0,8.0,1.3692080974578857,320000,False,False,0.0,1.0,1.0
controlled_on_real_features,confirmatory,1,period3_index3,3,3,2,False,coherent_projective_lift,4,8,9296,0,256,1.0,8.0,3.468040842562914,320000,False,False,0.0,1.0,1.0
controlled_on_real_features,confirmatory,1,period3_index3,3,3,2,False,parameter_matched_generic_unitary,4,8,9296,0,256,1.0,8.0,3.503250190988183,320000,False,False,0.0,1.0,1.0
controlled_on_real_features,confirmatory,1,period3_index3,3,3,2,False,random_branch_control,4,8,9296,0,256,1.0,8.0,3.453250043094158,320000,False,False,0.0,1.0,1.0
controlled_on_real_features,confirmatory,1,period3_index3,3,3,2,False,wrong_cocycle_control,4,8,9296,0,256,1.0,8.0,3.471332835033536,320000,False,False,0.0,1.0,1.0
controlled_on_real_features,confirmatory,1,period3_index3,3,3,2,False,wrong_projective_representation,4,8,9296,0,256,1.0,8.0,3.473500022664666,320000,False,False,0.0,1.0,1.0
controlled_on_real_features,confirmatory,1,period3_index3,3,3,2,False,ensemble_upper_bound,4,8,9296,0,256,1.0,8.0,0.050958944484591484,320000,False,False,0.0,1.0,1.0
controlled_on_real_features,confirmatory,1,period3_index3,3,3,2,False,oracle_coherent_lift,4,8,9296,0,256,1.0,8.0,4.162833094596863,320000,False,False,0.0,1.0,1.0
controlled_on_real_features,confirmatory,1,period3_index3,3,3,3,True,ordinary_same_capacity,4,8,9296,0,576,1.0,8.0,1.6095000319182873,320000,False,False,5.960464477539063e-08,1.5389854013392323e-07,1.5389854013392323e-07
controlled_on_real_features,confirmatory,1,period3_index3,3,3,3,True,coherent_projective_lift,4,8,9296,0,576,1.0,8.0,4.13804198615253,320000,False,False,5.960464477539063e-08,1.5389854013392323e-07,1.5389854013392323e-07
controlled_on_real_features,confirmatory,1,period3_index3,3,3,3,True,parameter_matched_generic_unitary,4,8,9296,0,576,1.0,8.0,4.125624895095825,320000,False,False,5.960464477539063e-08,1.5389854013392323e-07,1.5389854013392323e-07
controlled_on_real_features,confirmatory,1,period3_index3,3,3,3,True,random_branch_control,4,8,9296,0,576,1.0,8.0,4.126416984945536,320000,False,False,5.960464477539063e-08,1.5389854013392323e-07,1.5389854013392323e-07
controlled_on_real_features,confirmatory,1,period3_index3,3,3,3,True,wrong_cocycle_control,4,8,9296,0,576,1.0,8.0,4.145249957218766,320000,False,False,5.960464477539063e-08,1.5389854013392323e-07,1.5389854013392323e-07
controlled_on_real_features,confirmatory,1,period3_index3,3,3,3,True,wrong_projective_representation,4,8,9296,0,576,1.0,8.0,4.10874979570508,320000,False,False,5.960464477539063e-08,1.5389854013392323e-07,1.5389854013392323e-07
controlled_on_real_features,confirmatory,1,period3_index3,3,3,3,True,ensemble_upper_bound,4,8,9296,0,576,1.0,8.0,0.05383300594985485,320000,False,False,5.960464477539063e-08,1.5389854013392323e-07,1.5389854013392323e-07
controlled_on_real_features,confirmatory,1,period3_index3,3,3,3,True,oracle_coherent_lift,4,8,9296,0,576,1.0,8.0,4.197666887193918,320000,False,False,5.960464477539063e-08,1.5389854013392323e-07,1.5389854013392323e-07
controlled_on_real_features,confirmatory,1,period3_index3,3,3,4,False,ordinary_same_capacity,4,8,9296,0,1024,1.0,8.0,1.9221669062972069,320000,False,False,5.161913918527716e-08,0.5,0.5
controlled_on_real_features,confirmatory,1,period3_index3,3,3,4,False,coherent_projective_lift,4,8,9296,0,1024,1.0,8.0,4.214332904666662,320000,False,False,5.161913918527716e-08,0.5,0.5
controlled_on_real_features,confirmatory,1,period3_index3,3,3,4,False,parameter_matched_generic_unitary,4,8,9296,0,1024,1.0,8.0,4.187500104308128,320000,False,False,5.161913918527716e-08,0.5,0.5
controlled_on_real_features,confirmatory,1,period3_index3,3,3,4,False,random_branch_control,4,8,9296,0,1024,1.0,8.0,4.193624947220087,320000,False,False,5.161913918527716e-08,0.5,0.5
controlled_on_real_features,confirmatory,1,period3_index3,3,3,4,False,wrong_cocycle_control,4,8,9296,0,1024,1.0,8.0,4.163916921243072,320000,False,False,5.161913918527716e-08,0.5,0.5
controlled_on_real_features,confirmatory,1,period3_index3,3,3,4,False,wrong_projective_representation,4,8,9296,0,1024,1.0,8.0,4.047624999657273,320000,False,False,5.161913918527716e-08,0.5,0.5
controlled_on_real_features,confirmatory,1,period3_index3,3,3,4,False,ensemble_upper_bound,4,8,9296,0,1024,1.0,8.0,0.02191588282585144,320000,False,False,5.161913918527716e-08,0.5,0.5
controlled_on_real_features,confirmatory,1,period3_index3,3,3,4,False,oracle_coherent_lift,4,8,9296,0,1024,1.0,8.0,4.096291959285736,320000,False,False,5.161913918527716e-08,0.5,0.5
controlled_on_real_features,confirmatory,1,period3_index3,3,3,6,True,ordinary_same_capacity,4,8,9296,0,2304,1.0,8.0,2.3522081319242716,320000,False,False,4.2146844236867764e-08,1.5389852592306852e-07,1.5389852592306852e-07
controlled_on_real_features,confirmatory,1,period3_index3,3,3,6,True,coherent_projective_lift,4,8,9296,0,2304,1.0,8.0,4.732250003144145,320000,False,False,4.2146844236867764e-08,1.5389852592306852e-07,1.5389852592306852e-07
controlled_on_real_features,confirmatory,1,period3_index3,3,3,6,True,parameter_matched_generic_unitary,4,8,9296,0,2304,1.0,8.0,4.686333006247878,320000,False,False,4.2146844236867764e-08,1.5389852592306852e-07,1.5389852592306852e-07
controlled_on_real_features,confirmatory,1,period3_index3,3,3,6,True,random_branch_control,4,8,9296,0,2304,1.0,8.0,4.634999902918935,320000,False,False,4.2146844236867764e-08,1.5389852592306852e-07,1.5389852592306852e-07
controlled_on_real_features,confirmatory,1,period3_index3,3,3,6,True,wrong_cocycle_control,4,8,9296,0,2304,1.0,8.0,4.6398749109357595,320000,False,False,4.2146844236867764e-08,1.5389852592306852e-07,1.5389852592306852e-07
controlled_on_real_features,confirmatory,1,period3_index3,3,3,6,True,wrong_projective_representation,4,8,9296,0,2304,1.0,8.0,4.712417023256421,320000,False,False,4.2146844236867764e-08,1.5389852592306852e-07,1.5389852592306852e-07
controlled_on_real_features,confirmatory,1,period3_index3,3,3,6,True,ensemble_upper_bound,4,8,9296,0,2304,1.0,8.0,0.023208092898130417,320000,False,False,4.2146844236867764e-08,1.5389852592306852e-07,1.5389852592306852e-07
controlled_on_real_features,confirmatory,1,period3_index3,3,3,6,True,oracle_coherent_lift,4,8,9296,0,2304,1.0,8.0,4.142082994803786,320000,False,False,4.2146844236867764e-08,1.5389852592306852e-07,1.5389852592306852e-07
controlled_on_real_features,confirmatory,2,period2_index2,2,2,1,False,ordinary_same_capacity,4,8,9296,0,64,1.0,8.0,1.1699579190462828,320000,False,False,0.0,1.0,1.0
controlled_on_real_features,confirmatory,2,period2_index2,2,2,1,False,coherent_projective_lift,4,8,9296,0,64,1.0,8.0,1.2307078577578068,320000,False,False,0.0,1.0,1.0
controlled_on_real_features,confirmatory,2,period2_index2,2,2,1,False,parameter_matched_generic_unitary,4,8,9296,0,64,1.0,8.0,1.0891668498516083,320000,False,False,0.0,1.0,1.0
controlled_on_real_features,confirmatory,2,period2_index2,2,2,1,False,random_branch_control,4,8,9296,0,64,1.0,8.0,1.061457907781005,320000,False,False,0.0,1.0,1.0
controlled_on_real_features,confirmatory,2,period2_index2,2,2,1,False,wrong_cocycle_control,4,8,9296,0,64,1.0,8.0,1.0247088503092527,320000,False,False,0.0,1.0,1.0
controlled_on_real_features,confirmatory,2,period2_index2,2,2,1,False,wrong_projective_representation,4,8,9296,0,64,1.0,8.0,1.0391250252723694,320000,False,False,0.0,1.0,1.0
controlled_on_real_features,confirmatory,2,period2_index2,2,2,1,False,ensemble_upper_bound,4,8,9296,0,64,1.0,8.0,0.04537496715784073,320000,False,False,0.0,1.0,1.0
controlled_on_real_features,confirmatory,2,period2_index2,2,2,1,False,oracle_coherent_lift,4,8,9296,0,64,1.0,8.0,3.7795829121023417,320000,False,False,0.0,1.0,1.0
controlled_on_real_features,confirmatory,2,period2_index2,2,2,2,True,ordinary_same_capacity,4,8,9296,0,256,1.0,8.0,1.3486670795828104,320000,False,False,6.181724643283815e-08,0.0,6.181724643283815e-08
controlled_on_real_features,confirmatory,2,period2_index2,2,2,2,True,coherent_projective_lift,4,8,9296,0,256,1.0,8.0,3.5469590220600367,320000,False,False,6.181724643283815e-08,0.0,6.181724643283815e-08
controlled_on_real_features,confirmatory,2,period2_index2,2,2,2,True,parameter_matched_generic_unitary,4,8,9296,0,256,1.0,8.0,3.486541099846363,320000,False,False,6.181724643283815e-08,0.0,6.181724643283815e-08
controlled_on_real_features,confirmatory,2,period2_index2,2,2,2,True,random_branch_control,4,8,9296,0,256,1.0,8.0,3.4885830245912075,320000,False,False,6.181724643283815e-08,0.0,6.181724643283815e-08
controlled_on_real_features,confirmatory,2,period2_index2,2,2,2,True,wrong_cocycle_control,4,8,9296,0,256,1.0,8.0,3.4521659836173058,320000,False,False,6.181724643283815e-08,0.0,6.181724643283815e-08
controlled_on_real_features,confirmatory,2,period2_index2,2,2,2,True,wrong_projective_representation,4,8,9296,0,256,1.0,8.0,3.46054183319211,320000,False,False,6.181724643283815e-08,0.0,6.181724643283815e-08
controlled_on_real_features,confirmatory,2,period2_index2,2,2,2,True,ensemble_upper_bound,4,8,9296,0,256,1.0,8.0,0.027541769668459892,320000,False,False,6.181724643283815e-08,0.0,6.181724643283815e-08
controlled_on_real_features,confirmatory,2,period2_index2,2,2,2,True,oracle_coherent_lift,4,8,9296,0,256,1.0,8.0,3.514750162139535,320000,False,False,6.181724643283815e-08,0.0,6.181724643283815e-08
controlled_on_real_features,confirmatory,2,period2_index2,2,2,3,False,ordinary_same_capacity,4,8,9296,0,576,1.0,8.0,1.6222500707954168,320000,False,False,5.047356665954794e-08,0.5773502588272095,0.5773502588272095
controlled_on_real_features,confirmatory,2,period2_index2,2,2,3,False,coherent_projective_lift,4,8,9296,0,576,1.0,8.0,4.210874903947115,320000,False,False,5.047356665954794e-08,0.5773502588272095,0.5773502588272095
controlled_on_real_features,confirmatory,2,period2_index2,2,2,3,False,parameter_matched_generic_unitary,4,8,9296,0,576,1.0,8.0,4.105249885469675,320000,False,False,5.047356665954794e-08,0.5773502588272095,0.5773502588272095
controlled_on_real_features,confirmatory,2,period2_index2,2,2,3,False,random_branch_control,4,8,9296,0,576,1.0,8.0,4.129457985982299,320000,False,False,5.047356665954794e-08,0.5773502588272095,0.5773502588272095
controlled_on_real_features,confirmatory,2,period2_index2,2,2,3,False,wrong_cocycle_control,4,8,9296,0,576,1.0,8.0,4.15345816873014,320000,False,False,5.047356665954794e-08,0.5773502588272095,0.5773502588272095
controlled_on_real_features,confirmatory,2,period2_index2,2,2,3,False,wrong_projective_representation,4,8,9296,0,576,1.0,8.0,5.260041914880276,320000,False,False,5.047356665954794e-08,0.5773502588272095,0.5773502588272095
controlled_on_real_features,confirmatory,2,period2_index2,2,2,3,False,ensemble_upper_bound,4,8,9296,0,576,1.0,8.0,0.12395903468132019,320000,False,False,5.047356665954794e-08,0.5773502588272095,0.5773502588272095
controlled_on_real_features,confirmatory,2,period2_index2,2,2,3,False,oracle_coherent_lift,4,8,9296,0,576,1.0,8.0,4.086707951501012,320000,False,False,5.047356665954794e-08,0.5773502588272095,0.5773502588272095
controlled_on_real_features,confirmatory,2,period2_index2,2,2,4,True,ordinary_same_capacity,4,8,9296,0,1024,1.0,8.0,1.9905418157577515,320000,False,False,4.371138828673793e-08,0.0,4.371138828673793e-08
controlled_on_real_features,confirmatory,2,period2_index2,2,2,4,True,coherent_projective_lift,4,8,9296,0,1024,1.0,8.0,4.637083970010281,320000,False,False,4.371138828673793e-08,0.0,4.371138828673793e-08
controlled_on_real_features,confirmatory,2,period2_index2,2,2,4,True,parameter_matched_generic_unitary,4,8,9296,0,1024,1.0,8.0,4.9206658732146025,320000,False,False,4.371138828673793e-08,0.0,4.371138828673793e-08
controlled_on_real_features,confirmatory,2,period2_index2,2,2,4,True,random_branch_control,4,8,9296,0,1024,1.0,8.0,4.693916998803616,320000,False,False,4.371138828673793e-08,0.0,4.371138828673793e-08
controlled_on_real_features,confirmatory,2,period2_index2,2,2,4,True,wrong_cocycle_control,4,8,9296,0,1024,1.0,8.0,4.61208401247859,320000,False,False,4.371138828673793e-08,0.0,4.371138828673793e-08
controlled_on_real_features,confirmatory,2,period2_index2,2,2,4,True,wrong_projective_representation,4,8,9296,0,1024,1.0,8.0,4.703333135694265,320000,False,False,4.371138828673793e-08,0.0,4.371138828673793e-08
controlled_on_real_features,confirmatory,2,period2_index2,2,2,4,True,ensemble_upper_bound,4,8,9296,0,1024,1.0,8.0,0.033041927963495255,320000,False,False,4.371138828673793e-08,0.0,4.371138828673793e-08
controlled_on_real_features,confirmatory,2,period2_index2,2,2,4,True,oracle_coherent_lift,4,8,9296,0,1024,1.0,8.0,3.8737498689442873,320000,False,False,4.371138828673793e-08,0.0,4.371138828673793e-08
controlled_on_real_features,confirmatory,2,period2_index4,2,4,1,False,ordinary_same_capacity,4,8,9296,0,64,1.0,8.0,0.7747500203549862,320000,False,False,0.0,1.0,1.0
controlled_on_real_features,confirmatory,2,period2_index4,2,4,1,False,coherent_projective_lift,4,8,9296,0,64,1.0,8.0,1.0289580095559359,320000,False,False,0.0,1.0,1.0
controlled_on_real_features,confirmatory,2,period2_index4,2,4,1,False,parameter_matched_generic_unitary,4,8,9296,0,64,1.0,8.0,1.031458843499422,320000,False,False,0.0,1.0,1.0
controlled_on_real_features,confirmatory,2,period2_index4,2,4,1,False,random_branch_control,4,8,9296,0,64,1.0,8.0,1.0392081458121538,320000,False,False,0.0,1.0,1.0
controlled_on_real_features,confirmatory,2,period2_index4,2,4,1,False,wrong_cocycle_control,4,8,9296,0,64,1.0,8.0,1.0430840775370598,320000,False,False,0.0,1.0,1.0
controlled_on_real_features,confirmatory,2,period2_index4,2,4,1,False,wrong_projective_representation,4,8,9296,0,64,1.0,8.0,1.0037918109446764,320000,False,False,0.0,1.0,1.0
controlled_on_real_features,confirmatory,2,period2_index4,2,4,1,False,ensemble_upper_bound,4,8,9296,0,64,1.0,8.0,0.059208134189248085,320000,False,False,0.0,1.0,1.0
controlled_on_real_features,confirmatory,2,period2_index4,2,4,1,False,oracle_coherent_lift,4,8,9296,0,64,1.0,8.0,4.792833002284169,320000,False,False,0.0,1.0,1.0
controlled_on_real_features,confirmatory,2,period2_index4,2,4,2,False,ordinary_same_capacity,4,8,9296,0,256,1.0,8.0,1.4015829656273127,320000,False,False,6.181724643283815e-08,1.0,1.0
controlled_on_real_features,confirmatory,2,period2_index4,2,4,2,False,coherent_projective_lift,4,8,9296,0,256,1.0,8.0,3.665084019303322,320000,False,False,6.181724643283815e-08,1.0,1.0
controlled_on_real_features,confirmatory,2,period2_index4,2,4,2,False,parameter_matched_generic_unitary,4,8,9296,0,256,1.0,8.0,3.639583010226488,320000,False,False,6.181724643283815e-08,1.0,1.0
controlled_on_real_features,confirmatory,2,period2_index4,2,4,2,False,random_branch_control,4,8,9296,0,256,1.0,8.0,3.688666969537735,320000,False,False,6.181724643283815e-08,1.0,1.0
controlled_on_real_features,confirmatory,2,period2_index4,2,4,2,False,wrong_cocycle_control,4,8,9296,0,256,1.0,8.0,3.720416920259595,320000,False,False,6.181724643283815e-08,1.0,1.0
controlled_on_real_features,confirmatory,2,period2_index4,2,4,2,False,wrong_projective_representation,4,8,9296,0,256,1.0,8.0,3.666291944682598,320000,False,False,6.181724643283815e-08,1.0,1.0
controlled_on_real_features,confirmatory,2,period2_index4,2,4,2,False,ensemble_upper_bound,4,8,9296,0,256,1.0,8.0,0.08425000123679638,320000,False,False,6.181724643283815e-08,1.0,1.0
controlled_on_real_features,confirmatory,2,period2_index4,2,4,2,False,oracle_coherent_lift,4,8,9296,0,256,1.0,8.0,4.600417101755738,320000,False,False,6.181724643283815e-08,1.0,1.0
controlled_on_real_features,confirmatory,2,period2_index4,2,4,3,False,ordinary_same_capacity,4,8,9296,0,576,1.0,8.0,1.5855829697102308,320000,False,False,5.047356665954794e-08,0.8164966106414795,0.8164966106414795
controlled_on_real_features,confirmatory,2,period2_index4,2,4,3,False,coherent_projective_lift,4,8,9296,0,576,1.0,8.0,4.122624872252345,320000,False,False,5.047356665954794e-08,0.8164966106414795,0.8164966106414795
controlled_on_real_features,confirmatory,2,period2_index4,2,4,3,False,parameter_matched_generic_unitary,4,8,9296,0,576,1.0,8.0,4.121791105717421,320000,False,False,5.047356665954794e-08,0.8164966106414795,0.8164966106414795
controlled_on_real_features,confirmatory,2,period2_index4,2,4,3,False,random_branch_control,4,8,9296,0,576,1.0,8.0,4.124125000089407,320000,False,False,5.047356665954794e-08,0.8164966106414795,0.8164966106414795
controlled_on_real_features,confirmatory,2,period2_index4,2,4,3,False,wrong_cocycle_control,4,8,9296,0,576,1.0,8.0,4.123792052268982,320000,False,False,5.047356665954794e-08,0.8164966106414795,0.8164966106414795
controlled_on_real_features,confirmatory,2,period2_index4,2,4,3,False,wrong_projective_representation,4,8,9296,0,576,1.0,8.0,4.108542110770941,320000,False,False,5.047356665954794e-08,0.8164966106414795,0.8164966106414795
controlled_on_real_features,confirmatory,2,period2_index4,2,4,3,False,ensemble_upper_bound,4,8,9296,0,576,1.0,8.0,0.05425000563263893,320000,False,False,5.047356665954794e-08,0.8164966106414795,0.8164966106414795
controlled_on_real_features,confirmatory,2,period2_index4,2,4,3,False,oracle_coherent_lift,4,8,9296,0,576,1.0,8.0,4.22020792029798,320000,False,False,5.047356665954794e-08,0.8164966106414795,0.8164966106414795
controlled_on_real_features,confirmatory,2,period2_index4,2,4,4,True,ordinary_same_capacity,4,8,9296,0,1024,1.0,8.0,1.9669169560074806,320000,False,False,4.371138828673793e-08,0.0,4.371138828673793e-08
controlled_on_real_features,confirmatory,2,period2_index4,2,4,4,True,coherent_projective_lift,4,8,9296,0,1024,1.0,8.0,4.153250018134713,320000,False,False,4.371138828673793e-08,0.0,4.371138828673793e-08
controlled_on_real_features,confirmatory,2,period2_index4,2,4,4,True,parameter_matched_generic_unitary,4,8,9296,0,1024,1.0,8.0,4.189333179965615,320000,False,False,4.371138828673793e-08,0.0,4.371138828673793e-08
controlled_on_real_features,confirmatory,2,period2_index4,2,4,4,True,random_branch_control,4,8,9296,0,1024,1.0,8.0,4.179334035143256,320000,False,False,4.371138828673793e-08,0.0,4.371138828673793e-08
controlled_on_real_features,confirmatory,2,period2_index4,2,4,4,True,wrong_cocycle_control,4,8,9296,0,1024,1.0,8.0,4.141999874264002,320000,False,False,4.371138828673793e-08,0.0,4.371138828673793e-08
controlled_on_real_features,confirmatory,2,period2_index4,2,4,4,True,wrong_projective_representation,4,8,9296,0,1024,1.0,8.0,4.138000076636672,320000,False,False,4.371138828673793e-08,0.0,4.371138828673793e-08
controlled_on_real_features,confirmatory,2,period2_index4,2,4,4,True,ensemble_upper_bound,4,8,9296,0,1024,1.0,8.0,0.020415987819433212,320000,False,False,4.371138828673793e-08,0.0,4.371138828673793e-08
controlled_on_real_features,confirmatory,2,period2_index4,2,4,4,True,oracle_coherent_lift,4,8,9296,0,1024,1.0,8.0,4.170582862570882,320000,False,False,4.371138828673793e-08,0.0,4.371138828673793e-08
controlled_on_real_features,confirmatory,2,period2_index4,2,4,6,False,ordinary_same_capacity,4,8,9296,0,2304,1.0,8.0,2.3160409182310104,320000,False,False,3.5690199240434595e-08,0.5773502588272095,0.5773502588272095
controlled_on_real_features,confirmatory,2,period2_index4,2,4,6,False,coherent_projective_lift,4,8,9296,0,2304,1.0,8.0,4.8223750200122595,320000,False,False,3.5690199240434595e-08,0.5773502588272095,0.5773502588272095
controlled_on_real_features,confirmatory,2,period2_index4,2,4,6,False,parameter_matched_generic_unitary,4,8,9296,0,2304,1.0,8.0,4.702625097706914,320000,False,False,3.5690199240434595e-08,0.5773502588272095,0.5773502588272095
controlled_on_real_features,confirmatory,2,period2_index4,2,4,6,False,random_branch_control,4,8,9296,0,2304,1.0,8.0,4.680166952311993,320000,False,False,3.5690199240434595e-08,0.5773502588272095,0.5773502588272095
controlled_on_real_features,confirmatory,2,period2_index4,2,4,6,False,wrong_cocycle_control,4,8,9296,0,2304,1.0,8.0,4.752625012770295,320000,False,False,3.5690199240434595e-08,0.5773502588272095,0.5773502588272095
controlled_on_real_features,confirmatory,2,period2_index4,2,4,6,False,wrong_projective_representation,4,8,9296,0,2304,1.0,8.0,4.680542042478919,320000,False,False,3.5690199240434595e-08,0.5773502588272095,0.5773502588272095
controlled_on_real_features,confirmatory,2,period2_index4,2,4,6,False,ensemble_upper_bound,4,8,9296,0,2304,1.0,8.0,0.019416911527514458,320000,False,False,3.5690199240434595e-08,0.5773502588272095,0.5773502588272095
controlled_on_real_features,confirmatory,2,period2_index4,2,4,6,False,oracle_coherent_lift,4,8,9296,0,2304,1.0,8.0,4.129624925553799,320000,False,False,3.5690199240434595e-08,0.5773502588272095,0.5773502588272095
controlled_on_real_features,confirmatory,2,period2_index4,2,4,8,True,ordinary_same_capacity,4,8,9296,0,4096,1.0,8.0,2.6035408955067396,320000,False,False,3.090862321641907e-08,0.0,3.090862321641907e-08
controlled_on_real_features,confirmatory,2,period2_index4,2,4,8,True,coherent_projective_lift,4,8,9296,0,4096,1.0,8.0,5.16449986025691,320000,False,False,3.090862321641907e-08,0.0,3.090862321641907e-08
controlled_on_real_features,confirmatory,2,period2_index4,2,4,8,True,parameter_matched_generic_unitary,4,8,9296,0,4096,1.0,8.0,4.910833900794387,320000,False,False,3.090862321641907e-08,0.0,3.090862321641907e-08
controlled_on_real_features,confirmatory,2,period2_index4,2,4,8,True,random_branch_control,4,8,9296,0,4096,1.0,8.0,4.920792067423463,320000,False,False,3.090862321641907e-08,0.0,3.090862321641907e-08
controlled_on_real_features,confirmatory,2,period2_index4,2,4,8,True,wrong_cocycle_control,4,8,9296,0,4096,1.0,8.0,4.940708866342902,320000,False,False,3.090862321641907e-08,0.0,3.090862321641907e-08
controlled_on_real_features,confirmatory,2,period2_index4,2,4,8,True,wrong_projective_representation,4,8,9296,0,4096,1.0,8.0,4.9923749174922705,320000,False,False,3.090862321641907e-08,0.0,3.090862321641907e-08
controlled_on_real_features,confirmatory,2,period2_index4,2,4,8,True,ensemble_upper_bound,4,8,9296,0,4096,1.0,8.0,0.02058316022157669,320000,False,False,3.090862321641907e-08,0.0,3.090862321641907e-08
controlled_on_real_features,confirmatory,2,period2_index4,2,4,8,True,oracle_coherent_lift,4,8,9296,0,4096,1.0,8.0,4.1104580741375685,320000,False,False,3.090862321641907e-08,0.0,3.090862321641907e-08
controlled_on_real_features,confirmatory,2,period3_index3,3,3,1,False,ordinary_same_capacity,4,8,9296,0,64,1.0,8.0,0.761082861572504,320000,False,False,0.0,1.0,1.0
controlled_on_real_features,confirmatory,2,period3_index3,3,3,1,False,coherent_projective_lift,4,8,9296,0,64,1.0,8.0,0.9928331710398197,320000,False,False,0.0,1.0,1.0
controlled_on_real_features,confirmatory,2,period3_index3,3,3,1,False,parameter_matched_generic_unitary,4,8,9296,0,64,1.0,8.0,0.977459130808711,320000,False,False,0.0,1.0,1.0
controlled_on_real_features,confirmatory,2,period3_index3,3,3,1,False,random_branch_control,4,8,9296,0,64,1.0,8.0,0.9722081013023853,320000,False,False,0.0,1.0,1.0
controlled_on_real_features,confirmatory,2,period3_index3,3,3,1,False,wrong_cocycle_control,4,8,9296,0,64,1.0,8.0,1.020333031192422,320000,False,False,0.0,1.0,1.0
controlled_on_real_features,confirmatory,2,period3_index3,3,3,1,False,wrong_projective_representation,4,8,9296,0,64,1.0,8.0,0.9993328712880611,320000,False,False,0.0,1.0,1.0
controlled_on_real_features,confirmatory,2,period3_index3,3,3,1,False,ensemble_upper_bound,4,8,9296,0,64,1.0,8.0,0.05625002086162567,320000,False,False,0.0,1.0,1.0
controlled_on_real_features,confirmatory,2,period3_index3,3,3,1,False,oracle_coherent_lift,4,8,9296,0,64,1.0,8.0,4.165667109191418,320000,False,False,0.0,1.0,1.0
controlled_on_real_features,confirmatory,2,period3_index3,3,3,2,False,ordinary_same_capacity,4,8,9296,0,256,1.0,8.0,1.376833999529481,320000,False,False,0.0,1.0,1.0
controlled_on_real_features,confirmatory,2,period3_index3,3,3,2,False,coherent_projective_lift,4,8,9296,0,256,1.0,8.0,3.4769170451909304,320000,False,False,0.0,1.0,1.0
controlled_on_real_features,confirmatory,2,period3_index3,3,3,2,False,parameter_matched_generic_unitary,4,8,9296,0,256,1.0,8.0,3.4831250086426735,320000,False,False,0.0,1.0,1.0
controlled_on_real_features,confirmatory,2,period3_index3,3,3,2,False,random_branch_control,4,8,9296,0,256,1.0,8.0,3.495624987408519,320000,False,False,0.0,1.0,1.0
controlled_on_real_features,confirmatory,2,period3_index3,3,3,2,False,wrong_cocycle_control,4,8,9296,0,256,1.0,8.0,3.463375149294734,320000,False,False,0.0,1.0,1.0
controlled_on_real_features,confirmatory,2,period3_index3,3,3,2,False,wrong_projective_representation,4,8,9296,0,256,1.0,8.0,3.4805419854819775,320000,False,False,0.0,1.0,1.0
controlled_on_real_features,confirmatory,2,period3_index3,3,3,2,False,ensemble_upper_bound,4,8,9296,0,256,1.0,8.0,0.05929195322096348,320000,False,False,0.0,1.0,1.0
controlled_on_real_features,confirmatory,2,period3_index3,3,3,2,False,oracle_coherent_lift,4,8,9296,0,256,1.0,8.0,4.13187500089407,320000,False,False,0.0,1.0,1.0
controlled_on_real_features,confirmatory,2,period3_index3,3,3,3,True,ordinary_same_capacity,4,8,9296,0,576,1.0,8.0,1.614375039935112,320000,False,False,5.960464477539063e-08,1.5389854013392323e-07,1.5389854013392323e-07
controlled_on_real_features,confirmatory,2,period3_index3,3,3,3,True,coherent_projective_lift,4,8,9296,0,576,1.0,8.0,4.134999820962548,320000,False,False,5.960464477539063e-08,1.5389854013392323e-07,1.5389854013392323e-07
controlled_on_real_features,confirmatory,2,period3_index3,3,3,3,True,parameter_matched_generic_unitary,4,8,9296,0,576,1.0,8.0,4.083791980519891,320000,False,False,5.960464477539063e-08,1.5389854013392323e-07,1.5389854013392323e-07
controlled_on_real_features,confirmatory,2,period3_index3,3,3,3,True,random_branch_control,4,8,9296,0,576,1.0,8.0,4.081083927303553,320000,False,False,5.960464477539063e-08,1.5389854013392323e-07,1.5389854013392323e-07
controlled_on_real_features,confirmatory,2,period3_index3,3,3,3,True,wrong_cocycle_control,4,8,9296,0,576,1.0,8.0,4.109167028218508,320000,False,False,5.960464477539063e-08,1.5389854013392323e-07,1.5389854013392323e-07
controlled_on_real_features,confirmatory,2,period3_index3,3,3,3,True,wrong_projective_representation,4,8,9296,0,576,1.0,8.0,4.06537507660687,320000,False,False,5.960464477539063e-08,1.5389854013392323e-07,1.5389854013392323e-07
controlled_on_real_features,confirmatory,2,period3_index3,3,3,3,True,ensemble_upper_bound,4,8,9296,0,576,1.0,8.0,0.05237502045929432,320000,False,False,5.960464477539063e-08,1.5389854013392323e-07,1.5389854013392323e-07
controlled_on_real_features,confirmatory,2,period3_index3,3,3,3,True,oracle_coherent_lift,4,8,9296,0,576,1.0,8.0,4.101624945178628,320000,False,False,5.960464477539063e-08,1.5389854013392323e-07,1.5389854013392323e-07
controlled_on_real_features,confirmatory,2,period3_index3,3,3,4,False,ordinary_same_capacity,4,8,9296,0,1024,1.0,8.0,1.9190828315913677,320000,False,False,5.161913918527716e-08,0.5,0.5
controlled_on_real_features,confirmatory,2,period3_index3,3,3,4,False,coherent_projective_lift,4,8,9296,0,1024,1.0,8.0,4.206708166748285,320000,False,False,5.161913918527716e-08,0.5,0.5
controlled_on_real_features,confirmatory,2,period3_index3,3,3,4,False,parameter_matched_generic_unitary,4,8,9296,0,1024,1.0,8.0,4.17579198256135,320000,False,False,5.161913918527716e-08,0.5,0.5
controlled_on_real_features,confirmatory,2,period3_index3,3,3,4,False,random_branch_control,4,8,9296,0,1024,1.0,8.0,4.166333936154842,320000,False,False,5.161913918527716e-08,0.5,0.5
controlled_on_real_features,confirmatory,2,period3_index3,3,3,4,False,wrong_cocycle_control,4,8,9296,0,1024,1.0,8.0,4.138417076319456,320000,False,False,5.161913918527716e-08,0.5,0.5
controlled_on_real_features,confirmatory,2,period3_index3,3,3,4,False,wrong_projective_representation,4,8,9296,0,1024,1.0,8.0,4.105375148355961,320000,False,False,5.161913918527716e-08,0.5,0.5
controlled_on_real_features,confirmatory,2,period3_index3,3,3,4,False,ensemble_upper_bound,4,8,9296,0,1024,1.0,8.0,0.03341608680784702,320000,False,False,5.161913918527716e-08,0.5,0.5
controlled_on_real_features,confirmatory,2,period3_index3,3,3,4,False,oracle_coherent_lift,4,8,9296,0,1024,1.0,8.0,4.184874938800931,320000,False,False,5.161913918527716e-08,0.5,0.5
controlled_on_real_features,confirmatory,2,period3_index3,3,3,6,True,ordinary_same_capacity,4,8,9296,0,2304,1.0,8.0,2.3603751324117184,320000,False,False,4.2146844236867764e-08,1.5389852592306852e-07,1.5389852592306852e-07
controlled_on_real_features,confirmatory,2,period3_index3,3,3,6,True,coherent_projective_lift,4,8,9296,0,2304,1.0,8.0,4.701999947428703,320000,False,False,4.2146844236867764e-08,1.5389852592306852e-07,1.5389852592306852e-07
controlled_on_real_features,confirmatory,2,period3_index3,3,3,6,True,parameter_matched_generic_unitary,4,8,9296,0,2304,1.0,8.0,4.704833030700684,320000,False,False,4.2146844236867764e-08,1.5389852592306852e-07,1.5389852592306852e-07
controlled_on_real_features,confirmatory,2,period3_index3,3,3,6,True,random_branch_control,4,8,9296,0,2304,1.0,8.0,4.696750082075596,320000,False,False,4.2146844236867764e-08,1.5389852592306852e-07,1.5389852592306852e-07
controlled_on_real_features,confirmatory,2,period3_index3,3,3,6,True,wrong_cocycle_control,4,8,9296,0,2304,1.0,8.0,4.762125201523304,320000,False,False,4.2146844236867764e-08,1.5389852592306852e-07,1.5389852592306852e-07
controlled_on_real_features,confirmatory,2,period3_index3,3,3,6,True,wrong_projective_representation,4,8,9296,0,2304,1.0,8.0,4.679374862462282,320000,False,False,4.2146844236867764e-08,1.5389852592306852e-07,1.5389852592306852e-07
controlled_on_real_features,confirmatory,2,period3_index3,3,3,6,True,ensemble_upper_bound,4,8,9296,0,2304,1.0,8.0,0.02791709266602993,320000,False,False,4.2146844236867764e-08,1.5389852592306852e-07,1.5389852592306852e-07
controlled_on_real_features,confirmatory,2,period3_index3,3,3,6,True,oracle_coherent_lift,4,8,9296,0,2304,1.0,8.0,4.094792064279318,320000,False,False,4.2146844236867764e-08,1.5389852592306852e-07,1.5389852592306852e-07
controlled_on_real_features,confirmatory,3,period2_index2,2,2,1,False,ordinary_same_capacity,4,8,9296,0,64,1.0,8.0,0.9155001025646925,320000,False,False,0.0,1.0,1.0
controlled_on_real_features,confirmatory,3,period2_index2,2,2,1,False,coherent_projective_lift,4,8,9296,0,64,1.0,8.0,1.0411248076707125,320000,False,False,0.0,1.0,1.0
controlled_on_real_features,confirmatory,3,period2_index2,2,2,1,False,parameter_matched_generic_unitary,4,8,9296,0,64,1.0,8.0,0.9983750060200691,320000,False,False,0.0,1.0,1.0
controlled_on_real_features,confirmatory,3,period2_index2,2,2,1,False,random_branch_control,4,8,9296,0,64,1.0,8.0,1.0173339396715164,320000,False,False,0.0,1.0,1.0
controlled_on_real_features,confirmatory,3,period2_index2,2,2,1,False,wrong_cocycle_control,4,8,9296,0,64,1.0,8.0,0.994041794911027,320000,False,False,0.0,1.0,1.0
controlled_on_real_features,confirmatory,3,period2_index2,2,2,1,False,wrong_projective_representation,4,8,9296,0,64,1.0,8.0,0.9737089276313782,320000,False,False,0.0,1.0,1.0
controlled_on_real_features,confirmatory,3,period2_index2,2,2,1,False,ensemble_upper_bound,4,8,9296,0,64,1.0,8.0,0.05104183219373226,320000,False,False,0.0,1.0,1.0
controlled_on_real_features,confirmatory,3,period2_index2,2,2,1,False,oracle_coherent_lift,4,8,9296,0,64,1.0,8.0,3.5632499493658543,320000,False,False,0.0,1.0,1.0
controlled_on_real_features,confirmatory,3,period2_index2,2,2,2,True,ordinary_same_capacity,4,8,9296,0,256,1.0,8.0,1.4174580574035645,320000,False,False,6.181724643283815e-08,0.0,6.181724643283815e-08
controlled_on_real_features,confirmatory,3,period2_index2,2,2,2,True,coherent_projective_lift,4,8,9296,0,256,1.0,8.0,3.5292499233037233,320000,False,False,6.181724643283815e-08,0.0,6.181724643283815e-08
controlled_on_real_features,confirmatory,3,period2_index2,2,2,2,True,parameter_matched_generic_unitary,4,8,9296,0,256,1.0,8.0,3.4678748343139887,320000,False,False,6.181724643283815e-08,0.0,6.181724643283815e-08
controlled_on_real_features,confirmatory,3,period2_index2,2,2,2,True,random_branch_control,4,8,9296,0,256,1.0,8.0,3.4610831644386053,320000,False,False,6.181724643283815e-08,0.0,6.181724643283815e-08
controlled_on_real_features,confirmatory,3,period2_index2,2,2,2,True,wrong_cocycle_control,4,8,9296,0,256,1.0,8.0,3.4755419474095106,320000,False,False,6.181724643283815e-08,0.0,6.181724643283815e-08
controlled_on_real_features,confirmatory,3,period2_index2,2,2,2,True,wrong_projective_representation,4,8,9296,0,256,1.0,8.0,3.4652501344680786,320000,False,False,6.181724643283815e-08,0.0,6.181724643283815e-08
controlled_on_real_features,confirmatory,3,period2_index2,2,2,2,True,ensemble_upper_bound,4,8,9296,0,256,1.0,8.0,0.030792085453867912,320000,False,False,6.181724643283815e-08,0.0,6.181724643283815e-08
controlled_on_real_features,confirmatory,3,period2_index2,2,2,2,True,oracle_coherent_lift,4,8,9296,0,256,1.0,8.0,3.6129162181168795,320000,False,False,6.181724643283815e-08,0.0,6.181724643283815e-08
controlled_on_real_features,confirmatory,3,period2_index2,2,2,3,False,ordinary_same_capacity,4,8,9296,0,576,1.0,8.0,1.6207080334424973,320000,False,False,5.047356665954794e-08,0.5773502588272095,0.5773502588272095
controlled_on_real_features,confirmatory,3,period2_index2,2,2,3,False,coherent_projective_lift,4,8,9296,0,576,1.0,8.0,4.115584073588252,320000,False,False,5.047356665954794e-08,0.5773502588272095,0.5773502588272095
controlled_on_real_features,confirmatory,3,period2_index2,2,2,3,False,parameter_matched_generic_unitary,4,8,9296,0,576,1.0,8.0,4.077665973454714,320000,False,False,5.047356665954794e-08,0.5773502588272095,0.5773502588272095
controlled_on_real_features,confirmatory,3,period2_index2,2,2,3,False,random_branch_control,4,8,9296,0,576,1.0,8.0,4.073667107149959,320000,False,False,5.047356665954794e-08,0.5773502588272095,0.5773502588272095
controlled_on_real_features,confirmatory,3,period2_index2,2,2,3,False,wrong_cocycle_control,4,8,9296,0,576,1.0,8.0,4.030667012557387,320000,False,False,5.047356665954794e-08,0.5773502588272095,0.5773502588272095
controlled_on_real_features,confirmatory,3,period2_index2,2,2,3,False,wrong_projective_representation,4,8,9296,0,576,1.0,8.0,4.064125008881092,320000,False,False,5.047356665954794e-08,0.5773502588272095,0.5773502588272095
controlled_on_real_features,confirmatory,3,period2_index2,2,2,3,False,ensemble_upper_bound,4,8,9296,0,576,1.0,8.0,0.05679205060005188,320000,False,False,5.047356665954794e-08,0.5773502588272095,0.5773502588272095
controlled_on_real_features,confirmatory,3,period2_index2,2,2,3,False,oracle_coherent_lift,4,8,9296,0,576,1.0,8.0,3.468374954536557,320000,False,False,5.047356665954794e-08,0.5773502588272095,0.5773502588272095
controlled_on_real_features,confirmatory,3,period2_index2,2,2,4,True,ordinary_same_capacity,4,8,9296,0,1024,1.0,8.0,1.9662079866975546,320000,False,False,4.371138828673793e-08,0.0,4.371138828673793e-08
controlled_on_real_features,confirmatory,3,period2_index2,2,2,4,True,coherent_projective_lift,4,8,9296,0,1024,1.0,8.0,4.216457949951291,320000,False,False,4.371138828673793e-08,0.0,4.371138828673793e-08
controlled_on_real_features,confirmatory,3,period2_index2,2,2,4,True,parameter_matched_generic_unitary,4,8,9296,0,1024,1.0,8.0,4.171499982476234,320000,False,False,4.371138828673793e-08,0.0,4.371138828673793e-08
controlled_on_real_features,confirmatory,3,period2_index2,2,2,4,True,random_branch_control,4,8,9296,0,1024,1.0,8.0,4.1508749127388,320000,False,False,4.371138828673793e-08,0.0,4.371138828673793e-08
controlled_on_real_features,confirmatory,3,period2_index2,2,2,4,True,wrong_cocycle_control,4,8,9296,0,1024,1.0,8.0,4.176625050604343,320000,False,False,4.371138828673793e-08,0.0,4.371138828673793e-08
controlled_on_real_features,confirmatory,3,period2_index2,2,2,4,True,wrong_projective_representation,4,8,9296,0,1024,1.0,8.0,4.115750081837177,320000,False,False,4.371138828673793e-08,0.0,4.371138828673793e-08
controlled_on_real_features,confirmatory,3,period2_index2,2,2,4,True,ensemble_upper_bound,4,8,9296,0,1024,1.0,8.0,0.02787495031952858,320000,False,False,4.371138828673793e-08,0.0,4.371138828673793e-08
controlled_on_real_features,confirmatory,3,period2_index2,2,2,4,True,oracle_coherent_lift,4,8,9296,0,1024,1.0,8.0,3.4453750122338533,320000,False,False,4.371138828673793e-08,0.0,4.371138828673793e-08
controlled_on_real_features,confirmatory,3,period2_index4,2,4,1,False,ordinary_same_capacity,4,8,9296,0,64,1.0,8.0,0.7624172139912844,320000,False,False,0.0,1.0,1.0
controlled_on_real_features,confirmatory,3,period2_index4,2,4,1,False,coherent_projective_lift,4,8,9296,0,64,1.0,8.0,0.9984590578824282,320000,False,False,0.0,1.0,1.0
controlled_on_real_features,confirmatory,3,period2_index4,2,4,1,False,parameter_matched_generic_unitary,4,8,9296,0,64,1.0,8.0,1.0029170662164688,320000,False,False,0.0,1.0,1.0
controlled_on_real_features,confirmatory,3,period2_index4,2,4,1,False,random_branch_control,4,8,9296,0,64,1.0,8.0,0.9929169900715351,320000,False,False,0.0,1.0,1.0
controlled_on_real_features,confirmatory,3,period2_index4,2,4,1,False,wrong_cocycle_control,4,8,9296,0,64,1.0,8.0,0.9875420946627855,320000,False,False,0.0,1.0,1.0
controlled_on_real_features,confirmatory,3,period2_index4,2,4,1,False,wrong_projective_representation,4,8,9296,0,64,1.0,8.0,0.9647919796407223,320000,False,False,0.0,1.0,1.0
controlled_on_real_features,confirmatory,3,period2_index4,2,4,1,False,ensemble_upper_bound,4,8,9296,0,64,1.0,8.0,0.028499867767095566,320000,False,False,0.0,1.0,1.0
controlled_on_real_features,confirmatory,3,period2_index4,2,4,1,False,oracle_coherent_lift,4,8,9296,0,64,1.0,8.0,4.148749867454171,320000,False,False,0.0,1.0,1.0
controlled_on_real_features,confirmatory,3,period2_index4,2,4,2,False,ordinary_same_capacity,4,8,9296,0,256,1.0,8.0,1.337291905656457,320000,False,False,6.181724643283815e-08,1.0,1.0
controlled_on_real_features,confirmatory,3,period2_index4,2,4,2,False,coherent_projective_lift,4,8,9296,0,256,1.0,8.0,3.462874796241522,320000,False,False,6.181724643283815e-08,1.0,1.0
controlled_on_real_features,confirmatory,3,period2_index4,2,4,2,False,parameter_matched_generic_unitary,4,8,9296,0,256,1.0,8.0,3.4631250891834497,320000,False,False,6.181724643283815e-08,1.0,1.0
controlled_on_real_features,confirmatory,3,period2_index4,2,4,2,False,random_branch_control,4,8,9296,0,256,1.0,8.0,3.469625022262335,320000,False,False,6.181724643283815e-08,1.0,1.0
controlled_on_real_features,confirmatory,3,period2_index4,2,4,2,False,wrong_cocycle_control,4,8,9296,0,256,1.0,8.0,3.446333110332489,320000,False,False,6.181724643283815e-08,1.0,1.0
controlled_on_real_features,confirmatory,3,period2_index4,2,4,2,False,wrong_projective_representation,4,8,9296,0,256,1.0,8.0,3.4563748631626368,320000,False,False,6.181724643283815e-08,1.0,1.0
controlled_on_real_features,confirmatory,3,period2_index4,2,4,2,False,ensemble_upper_bound,4,8,9296,0,256,1.0,8.0,0.048916786909103394,320000,False,False,6.181724643283815e-08,1.0,1.0
controlled_on_real_features,confirmatory,3,period2_index4,2,4,2,False,oracle_coherent_lift,4,8,9296,0,256,1.0,8.0,4.808916011825204,320000,False,False,6.181724643283815e-08,1.0,1.0
controlled_on_real_features,confirmatory,3,period2_index4,2,4,3,False,ordinary_same_capacity,4,8,9296,0,576,1.0,8.0,1.6445419751107693,320000,False,False,5.047356665954794e-08,0.8164966106414795,0.8164966106414795
controlled_on_real_features,confirmatory,3,period2_index4,2,4,3,False,coherent_projective_lift,4,8,9296,0,576,1.0,8.0,4.098832840099931,320000,False,False,5.047356665954794e-08,0.8164966106414795,0.8164966106414795
controlled_on_real_features,confirmatory,3,period2_index4,2,4,3,False,parameter_matched_generic_unitary,4,8,9296,0,576,1.0,8.0,4.128958098590374,320000,False,False,5.047356665954794e-08,0.8164966106414795,0.8164966106414795
controlled_on_real_features,confirmatory,3,period2_index4,2,4,3,False,random_branch_control,4,8,9296,0,576,1.0,8.0,4.110333044081926,320000,False,False,5.047356665954794e-08,0.8164966106414795,0.8164966106414795
controlled_on_real_features,confirmatory,3,period2_index4,2,4,3,False,wrong_cocycle_control,4,8,9296,0,576,1.0,8.0,4.100667079910636,320000,False,False,5.047356665954794e-08,0.8164966106414795,0.8164966106414795
controlled_on_real_features,confirmatory,3,period2_index4,2,4,3,False,wrong_projective_representation,4,8,9296,0,576,1.0,8.0,4.110000096261501,320000,False,False,5.047356665954794e-08,0.8164966106414795,0.8164966106414795
controlled_on_real_features,confirmatory,3,period2_index4,2,4,3,False,ensemble_upper_bound,4,8,9296,0,576,1.0,8.0,0.05445792339742184,320000,False,False,5.047356665954794e-08,0.8164966106414795,0.8164966106414795
controlled_on_real_features,confirmatory,3,period2_index4,2,4,3,False,oracle_coherent_lift,4,8,9296,0,576,1.0,8.0,4.2078751139342785,320000,False,False,5.047356665954794e-08,0.8164966106414795,0.8164966106414795
controlled_on_real_features,confirmatory,3,period2_index4,2,4,4,True,ordinary_same_capacity,4,8,9296,0,1024,1.0,8.0,1.9059590995311737,320000,False,False,4.371138828673793e-08,0.0,4.371138828673793e-08
controlled_on_real_features,confirmatory,3,period2_index4,2,4,4,True,coherent_projective_lift,4,8,9296,0,1024,1.0,8.0,4.212667001411319,320000,False,False,4.371138828673793e-08,0.0,4.371138828673793e-08
controlled_on_real_features,confirmatory,3,period2_index4,2,4,4,True,parameter_matched_generic_unitary,4,8,9296,0,1024,1.0,8.0,4.132541827857494,320000,False,False,4.371138828673793e-08,0.0,4.371138828673793e-08
controlled_on_real_features,confirmatory,3,period2_index4,2,4,4,True,random_branch_control,4,8,9296,0,1024,1.0,8.0,4.1291669476777315,320000,False,False,4.371138828673793e-08,0.0,4.371138828673793e-08
controlled_on_real_features,confirmatory,3,period2_index4,2,4,4,True,wrong_cocycle_control,4,8,9296,0,1024,1.0,8.0,4.085292108356953,320000,False,False,4.371138828673793e-08,0.0,4.371138828673793e-08
controlled_on_real_features,confirmatory,3,period2_index4,2,4,4,True,wrong_projective_representation,4,8,9296,0,1024,1.0,8.0,4.114917013794184,320000,False,False,4.371138828673793e-08,0.0,4.371138828673793e-08
controlled_on_real_features,confirmatory,3,period2_index4,2,4,4,True,ensemble_upper_bound,4,8,9296,0,1024,1.0,8.0,0.02337503246963024,320000,False,False,4.371138828673793e-08,0.0,4.371138828673793e-08
controlled_on_real_features,confirmatory,3,period2_index4,2,4,4,True,oracle_coherent_lift,4,8,9296,0,1024,1.0,8.0,4.168999847024679,320000,False,False,4.371138828673793e-08,0.0,4.371138828673793e-08
controlled_on_real_features,confirmatory,3,period2_index4,2,4,6,False,ordinary_same_capacity,4,8,9296,0,2304,1.0,8.0,2.3146250750869513,320000,False,False,3.5690199240434595e-08,0.5773502588272095,0.5773502588272095
controlled_on_real_features,confirmatory,3,period2_index4,2,4,6,False,coherent_projective_lift,4,8,9296,0,2304,1.0,8.0,4.668874898925424,320000,False,False,3.5690199240434595e-08,0.5773502588272095,0.5773502588272095
controlled_on_real_features,confirmatory,3,period2_index4,2,4,6,False,parameter_matched_generic_unitary,4,8,9296,0,2304,1.0,8.0,4.657292040064931,320000,False,False,3.5690199240434595e-08,0.5773502588272095,0.5773502588272095
controlled_on_real_features,confirmatory,3,period2_index4,2,4,6,False,random_branch_control,4,8,9296,0,2304,1.0,8.0,4.868541145697236,320000,False,False,3.5690199240434595e-08,0.5773502588272095,0.5773502588272095
controlled_on_real_features,confirmatory,3,period2_index4,2,4,6,False,wrong_cocycle_control,4,8,9296,0,2304,1.0,8.0,4.838875029236078,320000,False,False,3.5690199240434595e-08,0.5773502588272095,0.5773502588272095
controlled_on_real_features,confirmatory,3,period2_index4,2,4,6,False,wrong_projective_representation,4,8,9296,0,2304,1.0,8.0,4.6969999093562365,320000,False,False,3.5690199240434595e-08,0.5773502588272095,0.5773502588272095
controlled_on_real_features,confirmatory,3,period2_index4,2,4,6,False,ensemble_upper_bound,4,8,9296,0,2304,1.0,8.0,0.020290957763791084,320000,False,False,3.5690199240434595e-08,0.5773502588272095,0.5773502588272095
controlled_on_real_features,confirmatory,3,period2_index4,2,4,6,False,oracle_coherent_lift,4,8,9296,0,2304,1.0,8.0,4.1647921316325665,320000,False,False,3.5690199240434595e-08,0.5773502588272095,0.5773502588272095
controlled_on_real_features,confirmatory,3,period2_index4,2,4,8,True,ordinary_same_capacity,4,8,9296,0,4096,1.0,8.0,2.5528750848025084,320000,False,False,3.090862321641907e-08,0.0,3.090862321641907e-08
controlled_on_real_features,confirmatory,3,period2_index4,2,4,8,True,coherent_projective_lift,4,8,9296,0,4096,1.0,8.0,4.9602920189499855,320000,False,False,3.090862321641907e-08,0.0,3.090862321641907e-08
controlled_on_real_features,confirmatory,3,period2_index4,2,4,8,True,parameter_matched_generic_unitary,4,8,9296,0,4096,1.0,8.0,4.979666089639068,320000,False,False,3.090862321641907e-08,0.0,3.090862321641907e-08
controlled_on_real_features,confirmatory,3,period2_index4,2,4,8,True,random_branch_control,4,8,9296,0,4096,1.0,8.0,4.943457897752523,320000,False,False,3.090862321641907e-08,0.0,3.090862321641907e-08
controlled_on_real_features,confirmatory,3,period2_index4,2,4,8,True,wrong_cocycle_control,4,8,9296,0,4096,1.0,8.0,4.769582999870181,320000,False,False,3.090862321641907e-08,0.0,3.090862321641907e-08
controlled_on_real_features,confirmatory,3,period2_index4,2,4,8,True,wrong_projective_representation,4,8,9296,0,4096,1.0,8.0,4.892332945019007,320000,False,False,3.090862321641907e-08,0.0,3.090862321641907e-08
controlled_on_real_features,confirmatory,3,period2_index4,2,4,8,True,ensemble_upper_bound,4,8,9296,0,4096,1.0,8.0,0.02391589805483818,320000,False,False,3.090862321641907e-08,0.0,3.090862321641907e-08
controlled_on_real_features,confirmatory,3,period2_index4,2,4,8,True,oracle_coherent_lift,4,8,9296,0,4096,1.0,8.0,4.123250022530556,320000,False,False,3.090862321641907e-08,0.0,3.090862321641907e-08
controlled_on_real_features,confirmatory,3,period3_index3,3,3,1,False,ordinary_same_capacity,4,8,9296,0,64,1.0,8.0,0.7296248804777861,320000,False,False,0.0,1.0,1.0
controlled_on_real_features,confirmatory,3,period3_index3,3,3,1,False,coherent_projective_lift,4,8,9296,0,64,1.0,8.0,1.0097080375999212,320000,False,False,0.0,1.0,1.0
controlled_on_real_features,confirmatory,3,period3_index3,3,3,1,False,parameter_matched_generic_unitary,4,8,9296,0,64,1.0,8.0,0.9851250797510147,320000,False,False,0.0,1.0,1.0
controlled_on_real_features,confirmatory,3,period3_index3,3,3,1,False,random_branch_control,4,8,9296,0,64,1.0,8.0,0.9669158607721329,320000,False,False,0.0,1.0,1.0
controlled_on_real_features,confirmatory,3,period3_index3,3,3,1,False,wrong_cocycle_control,4,8,9296,0,64,1.0,8.0,0.9995829313993454,320000,False,False,0.0,1.0,1.0
controlled_on_real_features,confirmatory,3,period3_index3,3,3,1,False,wrong_projective_representation,4,8,9296,0,64,1.0,8.0,1.0105420369654894,320000,False,False,0.0,1.0,1.0
controlled_on_real_features,confirmatory,3,period3_index3,3,3,1,False,ensemble_upper_bound,4,8,9296,0,64,1.0,8.0,0.05037500523030758,320000,False,False,0.0,1.0,1.0
controlled_on_real_features,confirmatory,3,period3_index3,3,3,1,False,oracle_coherent_lift,4,8,9296,0,64,1.0,8.0,4.193249857053161,320000,False,False,0.0,1.0,1.0
controlled_on_real_features,confirmatory,3,period3_index3,3,3,2,False,ordinary_same_capacity,4,8,9296,0,256,1.0,8.0,1.3681668788194656,320000,False,False,0.0,1.0,1.0
controlled_on_real_features,confirmatory,3,period3_index3,3,3,2,False,coherent_projective_lift,4,8,9296,0,256,1.0,8.0,3.5000420175492764,320000,False,False,0.0,1.0,1.0
controlled_on_real_features,confirmatory,3,period3_index3,3,3,2,False,parameter_matched_generic_unitary,4,8,9296,0,256,1.0,8.0,3.4668331500142813,320000,False,False,0.0,1.0,1.0
controlled_on_real_features,confirmatory,3,period3_index3,3,3,2,False,random_branch_control,4,8,9296,0,256,1.0,8.0,3.490000031888485,320000,False,False,0.0,1.0,1.0
controlled_on_real_features,confirmatory,3,period3_index3,3,3,2,False,wrong_cocycle_control,4,8,9296,0,256,1.0,8.0,3.445874899625778,320000,False,False,0.0,1.0,1.0
controlled_on_real_features,confirmatory,3,period3_index3,3,3,2,False,wrong_projective_representation,4,8,9296,0,256,1.0,8.0,3.44641599804163,320000,False,False,0.0,1.0,1.0
controlled_on_real_features,confirmatory,3,period3_index3,3,3,2,False,ensemble_upper_bound,4,8,9296,0,256,1.0,8.0,0.049208058044314384,320000,False,False,0.0,1.0,1.0
controlled_on_real_features,confirmatory,3,period3_index3,3,3,2,False,oracle_coherent_lift,4,8,9296,0,256,1.0,8.0,4.172250162810087,320000,False,False,0.0,1.0,1.0
controlled_on_real_features,confirmatory,3,period3_index3,3,3,3,True,ordinary_same_capacity,4,8,9296,0,576,1.0,8.0,1.591166015714407,320000,False,False,5.960464477539063e-08,1.5389854013392323e-07,1.5389854013392323e-07
controlled_on_real_features,confirmatory,3,period3_index3,3,3,3,True,coherent_projective_lift,4,8,9296,0,576,1.0,8.0,4.116874886676669,320000,False,False,5.960464477539063e-08,1.5389854013392323e-07,1.5389854013392323e-07
controlled_on_real_features,confirmatory,3,period3_index3,3,3,3,True,parameter_matched_generic_unitary,4,8,9296,0,576,1.0,8.0,4.145791055634618,320000,False,False,5.960464477539063e-08,1.5389854013392323e-07,1.5389854013392323e-07
controlled_on_real_features,confirmatory,3,period3_index3,3,3,3,True,random_branch_control,4,8,9296,0,576,1.0,8.0,4.107082961127162,320000,False,False,5.960464477539063e-08,1.5389854013392323e-07,1.5389854013392323e-07
controlled_on_real_features,confirmatory,3,period3_index3,3,3,3,True,wrong_cocycle_control,4,8,9296,0,576,1.0,8.0,4.12366702221334,320000,False,False,5.960464477539063e-08,1.5389854013392323e-07,1.5389854013392323e-07
controlled_on_real_features,confirmatory,3,period3_index3,3,3,3,True,wrong_projective_representation,4,8,9296,0,576,1.0,8.0,4.120375029742718,320000,False,False,5.960464477539063e-08,1.5389854013392323e-07,1.5389854013392323e-07
controlled_on_real_features,confirmatory,3,period3_index3,3,3,3,True,ensemble_upper_bound,4,8,9296,0,576,1.0,8.0,0.05341600626707077,320000,False,False,5.960464477539063e-08,1.5389854013392323e-07,1.5389854013392323e-07
controlled_on_real_features,confirmatory,3,period3_index3,3,3,3,True,oracle_coherent_lift,4,8,9296,0,576,1.0,8.0,4.115917021408677,320000,False,False,5.960464477539063e-08,1.5389854013392323e-07,1.5389854013392323e-07
controlled_on_real_features,confirmatory,3,period3_index3,3,3,4,False,ordinary_same_capacity,4,8,9296,0,1024,1.0,8.0,1.9452499691396952,320000,False,False,5.161913918527716e-08,0.5,0.5
controlled_on_real_features,confirmatory,3,period3_index3,3,3,4,False,coherent_projective_lift,4,8,9296,0,1024,1.0,8.0,4.191915970295668,320000,False,False,5.161913918527716e-08,0.5,0.5
controlled_on_real_features,confirmatory,3,period3_index3,3,3,4,False,parameter_matched_generic_unitary,4,8,9296,0,1024,1.0,8.0,4.187457961961627,320000,False,False,5.161913918527716e-08,0.5,0.5
controlled_on_real_features,confirmatory,3,period3_index3,3,3,4,False,random_branch_control,4,8,9296,0,1024,1.0,8.0,4.140249919146299,320000,False,False,5.161913918527716e-08,0.5,0.5
controlled_on_real_features,confirmatory,3,period3_index3,3,3,4,False,wrong_cocycle_control,4,8,9296,0,1024,1.0,8.0,4.157917108386755,320000,False,False,5.161913918527716e-08,0.5,0.5
controlled_on_real_features,confirmatory,3,period3_index3,3,3,4,False,wrong_projective_representation,4,8,9296,0,1024,1.0,8.0,4.175165900960565,320000,False,False,5.161913918527716e-08,0.5,0.5
controlled_on_real_features,confirmatory,3,period3_index3,3,3,4,False,ensemble_upper_bound,4,8,9296,0,1024,1.0,8.0,0.019165920093655586,320000,False,False,5.161913918527716e-08,0.5,0.5
controlled_on_real_features,confirmatory,3,period3_index3,3,3,4,False,oracle_coherent_lift,4,8,9296,0,1024,1.0,8.0,4.122874932363629,320000,False,False,5.161913918527716e-08,0.5,0.5
controlled_on_real_features,confirmatory,3,period3_index3,3,3,6,True,ordinary_same_capacity,4,8,9296,0,2304,1.0,8.0,2.3287502117455006,320000,False,False,4.2146844236867764e-08,1.5389852592306852e-07,1.5389852592306852e-07
controlled_on_real_features,confirmatory,3,period3_index3,3,3,6,True,coherent_projective_lift,4,8,9296,0,2304,1.0,8.0,4.763250006362796,320000,False,False,4.2146844236867764e-08,1.5389852592306852e-07,1.5389852592306852e-07
controlled_on_real_features,confirmatory,3,period3_index3,3,3,6,True,parameter_matched_generic_unitary,4,8,9296,0,2304,1.0,8.0,4.758208058774471,320000,False,False,4.2146844236867764e-08,1.5389852592306852e-07,1.5389852592306852e-07
controlled_on_real_features,confirmatory,3,period3_index3,3,3,6,True,random_branch_control,4,8,9296,0,2304,1.0,8.0,4.7430419363081455,320000,False,False,4.2146844236867764e-08,1.5389852592306852e-07,1.5389852592306852e-07
controlled_on_real_features,confirmatory,3,period3_index3,3,3,6,True,wrong_cocycle_control,4,8,9296,0,2304,1.0,8.0,4.740042146295309,320000,False,False,4.2146844236867764e-08,1.5389852592306852e-07,1.5389852592306852e-07
controlled_on_real_features,confirmatory,3,period3_index3,3,3,6,True,wrong_projective_representation,4,8,9296,0,2304,1.0,8.0,4.740583011880517,320000,False,False,4.2146844236867764e-08,1.5389852592306852e-07,1.5389852592306852e-07
controlled_on_real_features,confirmatory,3,period3_index3,3,3,6,True,ensemble_upper_bound,4,8,9296,0,2304,1.0,8.0,0.02008303999900818,320000,False,False,4.2146844236867764e-08,1.5389852592306852e-07,1.5389852592306852e-07
controlled_on_real_features,confirmatory,3,period3_index3,3,3,6,True,oracle_coherent_lift,4,8,9296,0,2304,1.0,8.0,4.099040990695357,320000,False,False,4.2146844236867764e-08,1.5389852592306852e-07,1.5389852592306852e-07
controlled_on_real_features,confirmatory,4,period2_index2,2,2,1,False,ordinary_same_capacity,4,8,9296,0,64,1.0,8.0,0.8885420393198729,320000,False,False,0.0,1.0,1.0
controlled_on_real_features,confirmatory,4,period2_index2,2,2,1,False,coherent_projective_lift,4,8,9296,0,64,1.0,8.0,1.0448340326547623,320000,False,False,0.0,1.0,1.0
controlled_on_real_features,confirmatory,4,period2_index2,2,2,1,False,parameter_matched_generic_unitary,4,8,9296,0,64,1.0,8.0,0.9923339821398258,320000,False,False,0.0,1.0,1.0
controlled_on_real_features,confirmatory,4,period2_index2,2,2,1,False,random_branch_control,4,8,9296,0,64,1.0,8.0,1.0019161272794008,320000,False,False,0.0,1.0,1.0
controlled_on_real_features,confirmatory,4,period2_index2,2,2,1,False,wrong_cocycle_control,4,8,9296,0,64,1.0,8.0,1.0009589605033398,320000,False,False,0.0,1.0,1.0
controlled_on_real_features,confirmatory,4,period2_index2,2,2,1,False,wrong_projective_representation,4,8,9296,0,64,1.0,8.0,1.0197500232607126,320000,False,False,0.0,1.0,1.0
controlled_on_real_features,confirmatory,4,period2_index2,2,2,1,False,ensemble_upper_bound,4,8,9296,0,64,1.0,8.0,0.03691599704325199,320000,False,False,0.0,1.0,1.0
controlled_on_real_features,confirmatory,4,period2_index2,2,2,1,False,oracle_coherent_lift,4,8,9296,0,64,1.0,8.0,3.6347501445561647,320000,False,False,0.0,1.0,1.0
controlled_on_real_features,confirmatory,4,period2_index2,2,2,2,True,ordinary_same_capacity,4,8,9296,0,256,1.0,8.0,1.3552499003708363,320000,False,False,6.181724643283815e-08,0.0,6.181724643283815e-08
controlled_on_real_features,confirmatory,4,period2_index2,2,2,2,True,coherent_projective_lift,4,8,9296,0,256,1.0,8.0,3.534875111654401,320000,False,False,6.181724643283815e-08,0.0,6.181724643283815e-08
controlled_on_real_features,confirmatory,4,period2_index2,2,2,2,True,parameter_matched_generic_unitary,4,8,9296,0,256,1.0,8.0,3.4962501376867294,320000,False,False,6.181724643283815e-08,0.0,6.181724643283815e-08
controlled_on_real_features,confirmatory,4,period2_index2,2,2,2,True,random_branch_control,4,8,9296,0,256,1.0,8.0,3.461542073637247,320000,False,False,6.181724643283815e-08,0.0,6.181724643283815e-08
controlled_on_real_features,confirmatory,4,period2_index2,2,2,2,True,wrong_cocycle_control,4,8,9296,0,256,1.0,8.0,3.4671251196414232,320000,False,False,6.181724643283815e-08,0.0,6.181724643283815e-08
controlled_on_real_features,confirmatory,4,period2_index2,2,2,2,True,wrong_projective_representation,4,8,9296,0,256,1.0,8.0,3.4748329780995846,320000,False,False,6.181724643283815e-08,0.0,6.181724643283815e-08
controlled_on_real_features,confirmatory,4,period2_index2,2,2,2,True,ensemble_upper_bound,4,8,9296,0,256,1.0,8.0,0.026582973077893257,320000,False,False,6.181724643283815e-08,0.0,6.181724643283815e-08
controlled_on_real_features,confirmatory,4,period2_index2,2,2,2,True,oracle_coherent_lift,4,8,9296,0,256,1.0,8.0,3.494874807074666,320000,False,False,6.181724643283815e-08,0.0,6.181724643283815e-08
controlled_on_real_features,confirmatory,4,period2_index2,2,2,3,False,ordinary_same_capacity,4,8,9296,0,576,1.0,8.0,1.6177499201148748,320000,False,False,5.047356665954794e-08,0.5773502588272095,0.5773502588272095
controlled_on_real_features,confirmatory,4,period2_index2,2,2,3,False,coherent_projective_lift,4,8,9296,0,576,1.0,8.0,4.174541914835572,320000,False,False,5.047356665954794e-08,0.5773502588272095,0.5773502588272095
controlled_on_real_features,confirmatory,4,period2_index2,2,2,3,False,parameter_matched_generic_unitary,4,8,9296,0,576,1.0,8.0,4.115416901186109,320000,False,False,5.047356665954794e-08,0.5773502588272095,0.5773502588272095
controlled_on_real_features,confirmatory,4,period2_index2,2,2,3,False,random_branch_control,4,8,9296,0,576,1.0,8.0,4.163667093962431,320000,False,False,5.047356665954794e-08,0.5773502588272095,0.5773502588272095
controlled_on_real_features,confirmatory,4,period2_index2,2,2,3,False,wrong_cocycle_control,4,8,9296,0,576,1.0,8.0,4.0962910279631615,320000,False,False,5.047356665954794e-08,0.5773502588272095,0.5773502588272095
controlled_on_real_features,confirmatory,4,period2_index2,2,2,3,False,wrong_projective_representation,4,8,9296,0,576,1.0,8.0,4.103999817743897,320000,False,False,5.047356665954794e-08,0.5773502588272095,0.5773502588272095
controlled_on_real_features,confirmatory,4,period2_index2,2,2,3,False,ensemble_upper_bound,4,8,9296,0,576,1.0,8.0,0.02654106356203556,320000,False,False,5.047356665954794e-08,0.5773502588272095,0.5773502588272095
controlled_on_real_features,confirmatory,4,period2_index2,2,2,3,False,oracle_coherent_lift,4,8,9296,0,576,1.0,8.0,3.441917011514306,320000,False,False,5.047356665954794e-08,0.5773502588272095,0.5773502588272095
controlled_on_real_features,confirmatory,4,period2_index2,2,2,4,True,ordinary_same_capacity,4,8,9296,0,1024,1.0,8.0,1.9345839973539114,320000,False,False,4.371138828673793e-08,0.0,4.371138828673793e-08
controlled_on_real_features,confirmatory,4,period2_index2,2,2,4,True,coherent_projective_lift,4,8,9296,0,1024,1.0,8.0,4.246333846822381,320000,False,False,4.371138828673793e-08,0.0,4.371138828673793e-08
controlled_on_real_features,confirmatory,4,period2_index2,2,2,4,True,parameter_matched_generic_unitary,4,8,9296,0,1024,1.0,8.0,4.164624959230423,320000,False,False,4.371138828673793e-08,0.0,4.371138828673793e-08
controlled_on_real_features,confirmatory,4,period2_index2,2,2,4,True,random_branch_control,4,8,9296,0,1024,1.0,8.0,4.166540922597051,320000,False,False,4.371138828673793e-08,0.0,4.371138828673793e-08
controlled_on_real_features,confirmatory,4,period2_index2,2,2,4,True,wrong_cocycle_control,4,8,9296,0,1024,1.0,8.0,4.112583119422197,320000,False,False,4.371138828673793e-08,0.0,4.371138828673793e-08
controlled_on_real_features,confirmatory,4,period2_index2,2,2,4,True,wrong_projective_representation,4,8,9296,0,1024,1.0,8.0,4.152290988713503,320000,False,False,4.371138828673793e-08,0.0,4.371138828673793e-08
controlled_on_real_features,confirmatory,4,period2_index2,2,2,4,True,ensemble_upper_bound,4,8,9296,0,1024,1.0,8.0,0.019416911527514458,320000,False,False,4.371138828673793e-08,0.0,4.371138828673793e-08
controlled_on_real_features,confirmatory,4,period2_index2,2,2,4,True,oracle_coherent_lift,4,8,9296,0,1024,1.0,8.0,3.481833962723613,320000,False,False,4.371138828673793e-08,0.0,4.371138828673793e-08
controlled_on_real_features,confirmatory,4,period2_index4,2,4,1,False,ordinary_same_capacity,4,8,9296,0,64,1.0,8.0,0.75683300383389,320000,False,False,0.0,1.0,1.0
controlled_on_real_features,confirmatory,4,period2_index4,2,4,1,False,coherent_projective_lift,4,8,9296,0,64,1.0,8.0,1.0108330752700567,320000,False,False,0.0,1.0,1.0
controlled_on_real_features,confirmatory,4,period2_index4,2,4,1,False,parameter_matched_generic_unitary,4,8,9296,0,64,1.0,8.0,0.9989161044359207,320000,False,False,0.0,1.0,1.0
controlled_on_real_features,confirmatory,4,period2_index4,2,4,1,False,random_branch_control,4,8,9296,0,64,1.0,8.0,0.9925409685820341,320000,False,False,0.0,1.0,1.0
controlled_on_real_features,confirmatory,4,period2_index4,2,4,1,False,wrong_cocycle_control,4,8,9296,0,64,1.0,8.0,0.9955421555787325,320000,False,False,0.0,1.0,1.0
controlled_on_real_features,confirmatory,4,period2_index4,2,4,1,False,wrong_projective_representation,4,8,9296,0,64,1.0,8.0,0.9813331998884678,320000,False,False,0.0,1.0,1.0
controlled_on_real_features,confirmatory,4,period2_index4,2,4,1,False,ensemble_upper_bound,4,8,9296,0,64,1.0,8.0,0.0227498821914196,320000,False,False,0.0,1.0,1.0
controlled_on_real_features,confirmatory,4,period2_index4,2,4,1,False,oracle_coherent_lift,4,8,9296,0,64,1.0,8.0,4.143500002101064,320000,False,False,0.0,1.0,1.0
controlled_on_real_features,confirmatory,4,period2_index4,2,4,2,False,ordinary_same_capacity,4,8,9296,0,256,1.0,8.0,1.3422081246972084,320000,False,False,6.181724643283815e-08,1.0,1.0
controlled_on_real_features,confirmatory,4,period2_index4,2,4,2,False,coherent_projective_lift,4,8,9296,0,256,1.0,8.0,3.4473331179469824,320000,False,False,6.181724643283815e-08,1.0,1.0
controlled_on_real_features,confirmatory,4,period2_index4,2,4,2,False,parameter_matched_generic_unitary,4,8,9296,0,256,1.0,8.0,3.4491249825805426,320000,False,False,6.181724643283815e-08,1.0,1.0
controlled_on_real_features,confirmatory,4,period2_index4,2,4,2,False,random_branch_control,4,8,9296,0,256,1.0,8.0,3.457041922956705,320000,False,False,6.181724643283815e-08,1.0,1.0
controlled_on_real_features,confirmatory,4,period2_index4,2,4,2,False,wrong_cocycle_control,4,8,9296,0,256,1.0,8.0,3.485791850835085,320000,False,False,6.181724643283815e-08,1.0,1.0
controlled_on_real_features,confirmatory,4,period2_index4,2,4,2,False,wrong_projective_representation,4,8,9296,0,256,1.0,8.0,3.507165936753154,320000,False,False,6.181724643283815e-08,1.0,1.0
controlled_on_real_features,confirmatory,4,period2_index4,2,4,2,False,ensemble_upper_bound,4,8,9296,0,256,1.0,8.0,0.05400017835199833,320000,False,False,6.181724643283815e-08,1.0,1.0
controlled_on_real_features,confirmatory,4,period2_index4,2,4,2,False,oracle_coherent_lift,4,8,9296,0,256,1.0,8.0,4.147500032559037,320000,False,False,6.181724643283815e-08,1.0,1.0
controlled_on_real_features,confirmatory,4,period2_index4,2,4,3,False,ordinary_same_capacity,4,8,9296,0,576,1.0,8.0,1.5765840653330088,320000,False,False,5.047356665954794e-08,0.8164966106414795,0.8164966106414795
controlled_on_real_features,confirmatory,4,period2_index4,2,4,3,False,coherent_projective_lift,4,8,9296,0,576,1.0,8.0,4.100749967619777,320000,False,False,5.047356665954794e-08,0.8164966106414795,0.8164966106414795
controlled_on_real_features,confirmatory,4,period2_index4,2,4,3,False,parameter_matched_generic_unitary,4,8,9296,0,576,1.0,8.0,4.1252919472754,320000,False,False,5.047356665954794e-08,0.8164966106414795,0.8164966106414795
controlled_on_real_features,confirmatory,4,period2_index4,2,4,3,False,random_branch_control,4,8,9296,0,576,1.0,8.0,4.0593750309199095,320000,False,False,5.047356665954794e-08,0.8164966106414795,0.8164966106414795
controlled_on_real_features,confirmatory,4,period2_index4,2,4,3,False,wrong_cocycle_control,4,8,9296,0,576,1.0,8.0,4.112415947020054,320000,False,False,5.047356665954794e-08,0.8164966106414795,0.8164966106414795
controlled_on_real_features,confirmatory,4,period2_index4,2,4,3,False,wrong_projective_representation,4,8,9296,0,576,1.0,8.0,4.111666930839419,320000,False,False,5.047356665954794e-08,0.8164966106414795,0.8164966106414795
controlled_on_real_features,confirmatory,4,period2_index4,2,4,3,False,ensemble_upper_bound,4,8,9296,0,576,1.0,8.0,0.052042072638869286,320000,False,False,5.047356665954794e-08,0.8164966106414795,0.8164966106414795
controlled_on_real_features,confirmatory,4,period2_index4,2,4,3,False,oracle_coherent_lift,4,8,9296,0,576,1.0,8.0,4.239208064973354,320000,False,False,5.047356665954794e-08,0.8164966106414795,0.8164966106414795
controlled_on_real_features,confirmatory,4,period2_index4,2,4,4,True,ordinary_same_capacity,4,8,9296,0,1024,1.0,8.0,1.9096669275313616,320000,False,False,4.371138828673793e-08,0.0,4.371138828673793e-08
controlled_on_real_features,confirmatory,4,period2_index4,2,4,4,True,coherent_projective_lift,4,8,9296,0,1024,1.0,8.0,4.221792099997401,320000,False,False,4.371138828673793e-08,0.0,4.371138828673793e-08
controlled_on_real_features,confirmatory,4,period2_index4,2,4,4,True,parameter_matched_generic_unitary,4,8,9296,0,1024,1.0,8.0,4.152790876105428,320000,False,False,4.371138828673793e-08,0.0,4.371138828673793e-08
controlled_on_real_features,confirmatory,4,period2_index4,2,4,4,True,random_branch_control,4,8,9296,0,1024,1.0,8.0,4.17262502014637,320000,False,False,4.371138828673793e-08,0.0,4.371138828673793e-08
controlled_on_real_features,confirmatory,4,period2_index4,2,4,4,True,wrong_cocycle_control,4,8,9296,0,1024,1.0,8.0,4.127542022615671,320000,False,False,4.371138828673793e-08,0.0,4.371138828673793e-08
controlled_on_real_features,confirmatory,4,period2_index4,2,4,4,True,wrong_projective_representation,4,8,9296,0,1024,1.0,8.0,4.135082941502333,320000,False,False,4.371138828673793e-08,0.0,4.371138828673793e-08
controlled_on_real_features,confirmatory,4,period2_index4,2,4,4,True,ensemble_upper_bound,4,8,9296,0,1024,1.0,8.0,0.020083971321582794,320000,False,False,4.371138828673793e-08,0.0,4.371138828673793e-08
controlled_on_real_features,confirmatory,4,period2_index4,2,4,4,True,oracle_coherent_lift,4,8,9296,0,1024,1.0,8.0,4.162374883890152,320000,False,False,4.371138828673793e-08,0.0,4.371138828673793e-08
controlled_on_real_features,confirmatory,4,period2_index4,2,4,6,False,ordinary_same_capacity,4,8,9296,0,2304,1.0,8.0,2.301833126693964,320000,False,False,3.5690199240434595e-08,0.5773502588272095,0.5773502588272095
controlled_on_real_features,confirmatory,4,period2_index4,2,4,6,False,coherent_projective_lift,4,8,9296,0,2304,1.0,8.0,4.802957875654101,320000,False,False,3.5690199240434595e-08,0.5773502588272095,0.5773502588272095
controlled_on_real_features,confirmatory,4,period2_index4,2,4,6,False,parameter_matched_generic_unitary,4,8,9296,0,2304,1.0,8.0,4.837875021621585,320000,False,False,3.5690199240434595e-08,0.5773502588272095,0.5773502588272095
controlled_on_real_features,confirmatory,4,period2_index4,2,4,6,False,random_branch_control,4,8,9296,0,2304,1.0,8.0,4.965083906427026,320000,False,False,3.5690199240434595e-08,0.5773502588272095,0.5773502588272095
controlled_on_real_features,confirmatory,4,period2_index4,2,4,6,False,wrong_cocycle_control,4,8,9296,0,2304,1.0,8.0,5.230417009443045,320000,False,False,3.5690199240434595e-08,0.5773502588272095,0.5773502588272095
controlled_on_real_features,confirmatory,4,period2_index4,2,4,6,False,wrong_projective_representation,4,8,9296,0,2304,1.0,8.0,4.819374997168779,320000,False,False,3.5690199240434595e-08,0.5773502588272095,0.5773502588272095
controlled_on_real_features,confirmatory,4,period2_index4,2,4,6,False,ensemble_upper_bound,4,8,9296,0,2304,1.0,8.0,0.02537504769861698,320000,False,False,3.5690199240434595e-08,0.5773502588272095,0.5773502588272095
controlled_on_real_features,confirmatory,4,period2_index4,2,4,6,False,oracle_coherent_lift,4,8,9296,0,2304,1.0,8.0,4.3023747857660055,320000,False,False,3.5690199240434595e-08,0.5773502588272095,0.5773502588272095
controlled_on_real_features,confirmatory,4,period2_index4,2,4,8,True,ordinary_same_capacity,4,8,9296,0,4096,1.0,8.0,2.5844168849289417,320000,False,False,3.090862321641907e-08,0.0,3.090862321641907e-08
controlled_on_real_features,confirmatory,4,period2_index4,2,4,8,True,coherent_projective_lift,4,8,9296,0,4096,1.0,8.0,5.358499940484762,320000,False,False,3.090862321641907e-08,0.0,3.090862321641907e-08
controlled_on_real_features,confirmatory,4,period2_index4,2,4,8,True,parameter_matched_generic_unitary,4,8,9296,0,4096,1.0,8.0,5.270292051136494,320000,False,False,3.090862321641907e-08,0.0,3.090862321641907e-08
controlled_on_real_features,confirmatory,4,period2_index4,2,4,8,True,random_branch_control,4,8,9296,0,4096,1.0,8.0,5.13891689479351,320000,False,False,3.090862321641907e-08,0.0,3.090862321641907e-08
controlled_on_real_features,confirmatory,4,period2_index4,2,4,8,True,wrong_cocycle_control,4,8,9296,0,4096,1.0,8.0,5.215333076193929,320000,False,False,3.090862321641907e-08,0.0,3.090862321641907e-08
controlled_on_real_features,confirmatory,4,period2_index4,2,4,8,True,wrong_projective_representation,4,8,9296,0,4096,1.0,8.0,5.150792188942432,320000,False,False,3.090862321641907e-08,0.0,3.090862321641907e-08
controlled_on_real_features,confirmatory,4,period2_index4,2,4,8,True,ensemble_upper_bound,4,8,9296,0,4096,1.0,8.0,0.0200001522898674,320000,False,False,3.090862321641907e-08,0.0,3.090862321641907e-08
controlled_on_real_features,confirmatory,4,period2_index4,2,4,8,True,oracle_coherent_lift,4,8,9296,0,4096,1.0,8.0,4.2046671733260155,320000,False,False,3.090862321641907e-08,0.0,3.090862321641907e-08
controlled_on_real_features,confirmatory,4,period3_index3,3,3,1,False,ordinary_same_capacity,4,8,9296,0,64,1.0,8.0,0.7696659304201603,320000,False,False,0.0,1.0,1.0
controlled_on_real_features,confirmatory,4,period3_index3,3,3,1,False,coherent_projective_lift,4,8,9296,0,64,1.0,8.0,0.9972080588340759,320000,False,False,0.0,1.0,1.0
controlled_on_real_features,confirmatory,4,period3_index3,3,3,1,False,parameter_matched_generic_unitary,4,8,9296,0,64,1.0,8.0,0.9966660290956497,320000,False,False,0.0,1.0,1.0
controlled_on_real_features,confirmatory,4,period3_index3,3,3,1,False,random_branch_control,4,8,9296,0,64,1.0,8.0,1.009166007861495,320000,False,False,0.0,1.0,1.0
controlled_on_real_features,confirmatory,4,period3_index3,3,3,1,False,wrong_cocycle_control,4,8,9296,0,64,1.0,8.0,1.0175409261137247,320000,False,False,0.0,1.0,1.0
controlled_on_real_features,confirmatory,4,period3_index3,3,3,1,False,wrong_projective_representation,4,8,9296,0,64,1.0,8.0,1.0134170297533274,320000,False,False,0.0,1.0,1.0
controlled_on_real_features,confirmatory,4,period3_index3,3,3,1,False,ensemble_upper_bound,4,8,9296,0,64,1.0,8.0,0.05287490785121918,320000,False,False,0.0,1.0,1.0
controlled_on_real_features,confirmatory,4,period3_index3,3,3,1,False,oracle_coherent_lift,4,8,9296,0,64,1.0,8.0,4.33037499897182,320000,False,False,0.0,1.0,1.0
controlled_on_real_features,confirmatory,4,period3_index3,3,3,2,False,ordinary_same_capacity,4,8,9296,0,256,1.0,8.0,1.4056249056011438,320000,False,False,0.0,1.0,1.0
controlled_on_real_features,confirmatory,4,period3_index3,3,3,2,False,coherent_projective_lift,4,8,9296,0,256,1.0,8.0,3.6757090128958225,320000,False,False,0.0,1.0,1.0
controlled_on_real_features,confirmatory,4,period3_index3,3,3,2,False,parameter_matched_generic_unitary,4,8,9296,0,256,1.0,8.0,3.657208988443017,320000,False,False,0.0,1.0,1.0
controlled_on_real_features,confirmatory,4,period3_index3,3,3,2,False,random_branch_control,4,8,9296,0,256,1.0,8.0,3.650000086054206,320000,False,False,0.0,1.0,1.0
controlled_on_real_features,confirmatory,4,period3_index3,3,3,2,False,wrong_cocycle_control,4,8,9296,0,256,1.0,8.0,3.639375092461705,320000,False,False,0.0,1.0,1.0
controlled_on_real_features,confirmatory,4,period3_index3,3,3,2,False,wrong_projective_representation,4,8,9296,0,256,1.0,8.0,3.6435420624911785,320000,False,False,0.0,1.0,1.0
controlled_on_real_features,confirmatory,4,period3_index3,3,3,2,False,ensemble_upper_bound,4,8,9296,0,256,1.0,8.0,0.05345814861357212,320000,False,False,0.0,1.0,1.0
controlled_on_real_features,confirmatory,4,period3_index3,3,3,2,False,oracle_coherent_lift,4,8,9296,0,256,1.0,8.0,4.363666987046599,320000,False,False,0.0,1.0,1.0
controlled_on_real_features,confirmatory,4,period3_index3,3,3,3,True,ordinary_same_capacity,4,8,9296,0,576,1.0,8.0,1.6482498031109571,320000,False,False,5.960464477539063e-08,1.5389854013392323e-07,1.5389854013392323e-07
controlled_on_real_features,confirmatory,4,period3_index3,3,3,3,True,coherent_projective_lift,4,8,9296,0,576,1.0,8.0,4.302541958168149,320000,False,False,5.960464477539063e-08,1.5389854013392323e-07,1.5389854013392323e-07
controlled_on_real_features,confirmatory,4,period3_index3,3,3,3,True,parameter_matched_generic_unitary,4,8,9296,0,576,1.0,8.0,4.2471659835428,320000,False,False,5.960464477539063e-08,1.5389854013392323e-07,1.5389854013392323e-07
controlled_on_real_features,confirmatory,4,period3_index3,3,3,3,True,random_branch_control,4,8,9296,0,576,1.0,8.0,4.3036669958382845,320000,False,False,5.960464477539063e-08,1.5389854013392323e-07,1.5389854013392323e-07
controlled_on_real_features,confirmatory,4,period3_index3,3,3,3,True,wrong_cocycle_control,4,8,9296,0,576,1.0,8.0,4.297165898606181,320000,False,False,5.960464477539063e-08,1.5389854013392323e-07,1.5389854013392323e-07
controlled_on_real_features,confirmatory,4,period3_index3,3,3,3,True,wrong_projective_representation,4,8,9296,0,576,1.0,8.0,4.315458005294204,320000,False,False,5.960464477539063e-08,1.5389854013392323e-07,1.5389854013392323e-07
controlled_on_real_features,confirmatory,4,period3_index3,3,3,3,True,ensemble_upper_bound,4,8,9296,0,576,1.0,8.0,0.05733314901590347,320000,False,False,5.960464477539063e-08,1.5389854013392323e-07,1.5389854013392323e-07
controlled_on_real_features,confirmatory,4,period3_index3,3,3,3,True,oracle_coherent_lift,4,8,9296,0,576,1.0,8.0,4.35075000859797,320000,False,False,5.960464477539063e-08,1.5389854013392323e-07,1.5389854013392323e-07
controlled_on_real_features,confirmatory,4,period3_index3,3,3,4,False,ordinary_same_capacity,4,8,9296,0,1024,1.0,8.0,1.9172080792486668,320000,False,False,5.161913918527716e-08,0.5,0.5
controlled_on_real_features,confirmatory,4,period3_index3,3,3,4,False,coherent_projective_lift,4,8,9296,0,1024,1.0,8.0,4.302334040403366,320000,False,False,5.161913918527716e-08,0.5,0.5
controlled_on_real_features,confirmatory,4,period3_index3,3,3,4,False,parameter_matched_generic_unitary,4,8,9296,0,1024,1.0,8.0,4.249083809554577,320000,False,False,5.161913918527716e-08,0.5,0.5
controlled_on_real_features,confirmatory,4,period3_index3,3,3,4,False,random_branch_control,4,8,9296,0,1024,1.0,8.0,4.21558297239244,320000,False,False,5.161913918527716e-08,0.5,0.5
controlled_on_real_features,confirmatory,4,period3_index3,3,3,4,False,wrong_cocycle_control,4,8,9296,0,1024,1.0,8.0,4.208958940580487,320000,False,False,5.161913918527716e-08,0.5,0.5
controlled_on_real_features,confirmatory,4,period3_index3,3,3,4,False,wrong_projective_representation,4,8,9296,0,1024,1.0,8.0,4.178999923169613,320000,False,False,5.161913918527716e-08,0.5,0.5
controlled_on_real_features,confirmatory,4,period3_index3,3,3,4,False,ensemble_upper_bound,4,8,9296,0,1024,1.0,8.0,0.026166904717683792,320000,False,False,5.161913918527716e-08,0.5,0.5
controlled_on_real_features,confirmatory,4,period3_index3,3,3,4,False,oracle_coherent_lift,4,8,9296,0,1024,1.0,8.0,4.259875044226646,320000,False,False,5.161913918527716e-08,0.5,0.5
controlled_on_real_features,confirmatory,4,period3_index3,3,3,6,True,ordinary_same_capacity,4,8,9296,0,2304,1.0,8.0,2.2945411037653685,320000,False,False,4.2146844236867764e-08,1.5389852592306852e-07,1.5389852592306852e-07
controlled_on_real_features,confirmatory,4,period3_index3,3,3,6,True,coherent_projective_lift,4,8,9296,0,2304,1.0,8.0,4.739499883726239,320000,False,False,4.2146844236867764e-08,1.5389852592306852e-07,1.5389852592306852e-07
controlled_on_real_features,confirmatory,4,period3_index3,3,3,6,True,parameter_matched_generic_unitary,4,8,9296,0,2304,1.0,8.0,4.709166008979082,320000,False,False,4.2146844236867764e-08,1.5389852592306852e-07,1.5389852592306852e-07
controlled_on_real_features,confirmatory,4,period3_index3,3,3,6,True,random_branch_control,4,8,9296,0,2304,1.0,8.0,4.689958179369569,320000,False,False,4.2146844236867764e-08,1.5389852592306852e-07,1.5389852592306852e-07
controlled_on_real_features,confirmatory,4,period3_index3,3,3,6,True,wrong_cocycle_control,4,8,9296,0,2304,1.0,8.0,4.691124893724918,320000,False,False,4.2146844236867764e-08,1.5389852592306852e-07,1.5389852592306852e-07
controlled_on_real_features,confirmatory,4,period3_index3,3,3,6,True,wrong_projective_representation,4,8,9296,0,2304,1.0,8.0,4.6788330655545,320000,False,False,4.2146844236867764e-08,1.5389852592306852e-07,1.5389852592306852e-07
controlled_on_real_features,confirmatory,4,period3_index3,3,3,6,True,ensemble_upper_bound,4,8,9296,0,2304,1.0,8.0,0.022083986550569534,320000,False,False,4.2146844236867764e-08,1.5389852592306852e-07,1.5389852592306852e-07
controlled_on_real_features,confirmatory,4,period3_index3,3,3,6,True,oracle_coherent_lift,4,8,9296,0,2304,1.0,8.0,4.321333020925522,320000,False,False,4.2146844236867764e-08,1.5389852592306852e-07,1.5389852592306852e-07
