evidence_label,mode,corpus_seed,case_name,period,predicted_index,candidate_capacity,capacity_divisible_by_index,method,adapter_rank,branches,active_local_adapter_parameters,controlled_carrier_parameters,stored_carrier_bytes,parameter_multiplier_vs_shared_corpus,inference_multiplier,latency_ms_for_complete_test_tensor,estimated_peak_tensor_bytes,new_adapter_training,test_labels_used_before_logits_saved,projective_relation_residual,unitarity_residual,combined_structural_residual,classification_accuracy,average_branch_accuracy,worst_branch_accuracy,nll,brier,ece,prediction_consistency,test_logits_path,test_logits_sha256,test_logits_content_sha256,execution_commit,accuracy_gap_from_ensemble,structural_gate_passed,task_gate_passed,coherent_application_success
controlled_on_real_features,confirmatory,0,period2_index2,2,2,1,False,ordinary_same_capacity,4,8,9296,0,64,1.0,8.0,3.922125091776252,320000,False,False,0.0,1.0,1.0,0.6850000023841858,0.23262499831616879,0.10000000149011612,1.4943737983703613,0.6710986495018005,0.4230282880598679,0.7738749980926514,/Users/tinggong/Documents/Codex/2026-07-19/holonomy-applications/work/TwistedMerge-holonomy-applications/reports/tmp/holonomy_applications/application_C_confirmatory/candidate_logits_seed_0.npz,e66a85c7666dd04221594c3752c9051a195a2306e562c212a36b896ac4b530d8,6707bfe96c59ab59a5dc4d6211bd1f1440bcdd0a41ff1d3cddefb7c7149353c4,18efda786f0debf2b351d2c0fa026f93618ea341,-0.0040000081062316895,False,True,False
controlled_on_real_features,confirmatory,0,period2_index2,2,2,1,False,coherent_projective_lift,4,8,9296,0,64,1.0,8.0,4.266041098162532,320000,False,False,0.0,1.0,1.0,0.6850000023841858,0.23262499831616879,0.10000000149011612,1.4943737983703613,0.6710986495018005,0.4230282880598679,0.7738749980926514,/Users/tinggong/Documents/Codex/2026-07-19/holonomy-applications/work/TwistedMerge-holonomy-applications/reports/tmp/holonomy_applications/application_C_confirmatory/candidate_logits_seed_0.npz,e66a85c7666dd04221594c3752c9051a195a2306e562c212a36b896ac4b530d8,6707bfe96c59ab59a5dc4d6211bd1f1440bcdd0a41ff1d3cddefb7c7149353c4,18efda786f0debf2b351d2c0fa026f93618ea341,-0.0040000081062316895,False,True,False
controlled_on_real_features,confirmatory,0,period2_index2,2,2,1,False,parameter_matched_generic_unitary,4,8,9296,0,64,1.0,8.0,1.0227910242974758,320000,False,False,0.0,1.0,1.0,0.6890000104904175,0.6081250011920929,0.5590000152587891,0.8812068700790405,0.43153077363967896,0.06920740008354187,0.753125011920929,/Users/tinggong/Documents/Codex/2026-07-19/holonomy-applications/work/TwistedMerge-holonomy-applications/reports/tmp/holonomy_applications/application_C_confirmatory/candidate_logits_seed_0.npz,e66a85c7666dd04221594c3752c9051a195a2306e562c212a36b896ac4b530d8,6707bfe96c59ab59a5dc4d6211bd1f1440bcdd0a41ff1d3cddefb7c7149353c4,18efda786f0debf2b351d2c0fa026f93618ea341,0.0,False,True,False
controlled_on_real_features,confirmatory,0,period2_index2,2,2,1,False,random_branch_control,4,8,9296,0,64,1.0,8.0,0.9720830712467432,320000,False,False,0.0,1.0,1.0,0.6669999957084656,0.1708750007674098,0.10000000149011612,1.8059406280517578,0.7752330303192139,0.4869799269363284,0.8867499828338623,/Users/tinggong/Documents/Codex/2026-07-19/holonomy-applications/work/TwistedMerge-holonomy-applications/reports/tmp/holonomy_applications/application_C_confirmatory/candidate_logits_seed_0.npz,e66a85c7666dd04221594c3752c9051a195a2306e562c212a36b896ac4b530d8,6707bfe96c59ab59a5dc4d6211bd1f1440bcdd0a41ff1d3cddefb7c7149353c4,18efda786f0debf2b351d2c0fa026f93618ea341,-0.022000014781951904,False,False,False
controlled_on_real_features,confirmatory,0,period2_index2,2,2,1,False,wrong_cocycle_control,4,8,9296,0,64,1.0,8.0,0.9682499803602695,320000,False,False,0.0,1.0,1.0,0.10000000149011612,0.10000000149011612,0.10000000149011612,2.3025851249694824,0.8999997973442078,1.4901161193847656e-08,1.0,/Users/tinggong/Documents/Codex/2026-07-19/holonomy-applications/work/TwistedMerge-holonomy-applications/reports/tmp/holonomy_applications/application_C_confirmatory/candidate_logits_seed_0.npz,e66a85c7666dd04221594c3752c9051a195a2306e562c212a36b896ac4b530d8,6707bfe96c59ab59a5dc4d6211bd1f1440bcdd0a41ff1d3cddefb7c7149353c4,18efda786f0debf2b351d2c0fa026f93618ea341,-0.5890000090003014,False,False,False
controlled_on_real_features,confirmatory,0,period2_index2,2,2,1,False,wrong_projective_representation,4,8,9296,0,64,1.0,8.0,0.9608329273760319,320000,False,False,0.0,1.0,1.0,0.6850000023841858,0.23262499831616879,0.10000000149011612,1.4943737983703613,0.6710986495018005,0.4230282880598679,0.7738749980926514,/Users/tinggong/Documents/Codex/2026-07-19/holonomy-applications/work/TwistedMerge-holonomy-applications/reports/tmp/holonomy_applications/application_C_confirmatory/candidate_logits_seed_0.npz,e66a85c7666dd04221594c3752c9051a195a2306e562c212a36b896ac4b530d8,6707bfe96c59ab59a5dc4d6211bd1f1440bcdd0a41ff1d3cddefb7c7149353c4,18efda786f0debf2b351d2c0fa026f93618ea341,-0.0040000081062316895,False,True,False
controlled_on_real_features,confirmatory,0,period2_index2,2,2,1,False,ensemble_upper_bound,4,8,9296,0,64,1.0,8.0,0.6965841166675091,320000,False,False,0.0,1.0,1.0,0.6890000104904175,0.6081250011920929,0.5590000152587891,0.8812068700790405,0.43153077363967896,0.06920739635825157,0.753125011920929,/Users/tinggong/Documents/Codex/2026-07-19/holonomy-applications/work/TwistedMerge-holonomy-applications/reports/tmp/holonomy_applications/application_C_confirmatory/candidate_logits_seed_0.npz,e66a85c7666dd04221594c3752c9051a195a2306e562c212a36b896ac4b530d8,6707bfe96c59ab59a5dc4d6211bd1f1440bcdd0a41ff1d3cddefb7c7149353c4,18efda786f0debf2b351d2c0fa026f93618ea341,0.0,False,True,False
controlled_on_real_features,confirmatory,0,period2_index2,2,2,1,False,oracle_coherent_lift,4,8,9296,0,64,1.0,8.0,4.597916966304183,320000,False,False,0.0,1.0,1.0,0.6890000104904175,0.6081250011920929,0.5590000152587891,0.8812068700790405,0.43153077363967896,0.0692073991522193,0.753125011920929,/Users/tinggong/Documents/Codex/2026-07-19/holonomy-applications/work/TwistedMerge-holonomy-applications/reports/tmp/holonomy_applications/application_C_confirmatory/candidate_logits_seed_0.npz,e66a85c7666dd04221594c3752c9051a195a2306e562c212a36b896ac4b530d8,6707bfe96c59ab59a5dc4d6211bd1f1440bcdd0a41ff1d3cddefb7c7149353c4,18efda786f0debf2b351d2c0fa026f93618ea341,0.0,False,True,False
controlled_on_real_features,confirmatory,0,period2_index2,2,2,2,True,ordinary_same_capacity,4,8,9296,0,256,1.0,8.0,1.4230411034077406,320000,False,False,6.181724643283815e-08,0.0,6.181724643283815e-08,0.20999999344348907,0.23187500002677552,0.0020000000949949026,2.2095518112182617,0.8794905543327332,0.05474740534555167,0.33012500405311584,/Users/tinggong/Documents/Codex/2026-07-19/holonomy-applications/work/TwistedMerge-holonomy-applications/reports/tmp/holonomy_applications/application_C_confirmatory/candidate_logits_seed_0.npz,e66a85c7666dd04221594c3752c9051a195a2306e562c212a36b896ac4b530d8,6707bfe96c59ab59a5dc4d6211bd1f1440bcdd0a41ff1d3cddefb7c7149353c4,18efda786f0debf2b351d2c0fa026f93618ea341,-0.4790000170469284,True,False,False
controlled_on_real_features,confirmatory,0,period2_index2,2,2,2,True,coherent_projective_lift,4,8,9296,0,256,1.0,8.0,3.524000057950616,320000,False,False,6.181724643283815e-08,0.0,6.181724643283815e-08,0.6890000104904175,0.6081250011920929,0.5590000152587891,0.8812068104743958,0.4315307140350342,0.06920739216729999,0.753125011920929,/Users/tinggong/Documents/Codex/2026-07-19/holonomy-applications/work/TwistedMerge-holonomy-applications/reports/tmp/holonomy_applications/application_C_confirmatory/candidate_logits_seed_0.npz,e66a85c7666dd04221594c3752c9051a195a2306e562c212a36b896ac4b530d8,6707bfe96c59ab59a5dc4d6211bd1f1440bcdd0a41ff1d3cddefb7c7149353c4,18efda786f0debf2b351d2c0fa026f93618ea341,0.0,True,True,True
controlled_on_real_features,confirmatory,0,period2_index2,2,2,2,True,parameter_matched_generic_unitary,4,8,9296,0,256,1.0,8.0,3.678208915516734,320000,False,False,6.181724643283815e-08,0.0,6.181724643283815e-08,0.6890000104904175,0.6081250011920929,0.5590000152587891,0.8812068104743958,0.43153074383735657,0.06920740334317088,0.753125011920929,/Users/tinggong/Documents/Codex/2026-07-19/holonomy-applications/work/TwistedMerge-holonomy-applications/reports/tmp/holonomy_applications/application_C_confirmatory/candidate_logits_seed_0.npz,e66a85c7666dd04221594c3752c9051a195a2306e562c212a36b896ac4b530d8,6707bfe96c59ab59a5dc4d6211bd1f1440bcdd0a41ff1d3cddefb7c7149353c4,18efda786f0debf2b351d2c0fa026f93618ea341,0.0,True,True,False
controlled_on_real_features,confirmatory,0,period2_index2,2,2,2,True,random_branch_control,4,8,9296,0,256,1.0,8.0,3.423375077545643,320000,False,False,6.181724643283815e-08,0.0,6.181724643283815e-08,0.03700000047683716,0.1911250034463592,0.003000000026077032,2.893036365509033,0.9918279647827148,0.16041913523804396,0.3644999861717224,/Users/tinggong/Documents/Codex/2026-07-19/holonomy-applications/work/TwistedMerge-holonomy-applications/reports/tmp/holonomy_applications/application_C_confirmatory/candidate_logits_seed_0.npz,e66a85c7666dd04221594c3752c9051a195a2306e562c212a36b896ac4b530d8,6707bfe96c59ab59a5dc4d6211bd1f1440bcdd0a41ff1d3cddefb7c7149353c4,18efda786f0debf2b351d2c0fa026f93618ea341,-0.6520000100135803,True,False,False
controlled_on_real_features,confirmatory,0,period2_index2,2,2,2,True,wrong_cocycle_control,4,8,9296,0,256,1.0,8.0,3.4135410096496344,320000,False,False,6.181724643283815e-08,0.0,6.181724643283815e-08,0.0020000000949949026,0.0028750000783475116,0.0010000000474974513,8.029411315917969,1.3321467638015747,0.473058754883823,0.593375027179718,/Users/tinggong/Documents/Codex/2026-07-19/holonomy-applications/work/TwistedMerge-holonomy-applications/reports/tmp/holonomy_applications/application_C_confirmatory/candidate_logits_seed_0.npz,e66a85c7666dd04221594c3752c9051a195a2306e562c212a36b896ac4b530d8,6707bfe96c59ab59a5dc4d6211bd1f1440bcdd0a41ff1d3cddefb7c7149353c4,18efda786f0debf2b351d2c0fa026f93618ea341,-0.6870000103954226,True,False,False
controlled_on_real_features,confirmatory,0,period2_index2,2,2,2,True,wrong_projective_representation,4,8,9296,0,256,1.0,8.0,3.448957810178399,320000,False,False,6.181724643283815e-08,0.0,6.181724643283815e-08,0.5759999752044678,0.3051250029238872,0.003000000026077032,1.5790127515792847,0.6998611092567444,0.3209181404672563,0.42124998569488525,/Users/tinggong/Documents/Codex/2026-07-19/holonomy-applications/work/TwistedMerge-holonomy-applications/reports/tmp/holonomy_applications/application_C_confirmatory/candidate_logits_seed_0.npz,e66a85c7666dd04221594c3752c9051a195a2306e562c212a36b896ac4b530d8,6707bfe96c59ab59a5dc4d6211bd1f1440bcdd0a41ff1d3cddefb7c7149353c4,18efda786f0debf2b351d2c0fa026f93618ea341,-0.11300003528594971,True,False,False
controlled_on_real_features,confirmatory,0,period2_index2,2,2,2,True,ensemble_upper_bound,4,8,9296,0,256,1.0,8.0,0.048083020374178886,320000,False,False,6.181724643283815e-08,0.0,6.181724643283815e-08,0.6890000104904175,0.6081250011920929,0.5590000152587891,0.8812068700790405,0.43153077363967896,0.06920739635825157,0.753125011920929,/Users/tinggong/Documents/Codex/2026-07-19/holonomy-applications/work/TwistedMerge-holonomy-applications/reports/tmp/holonomy_applications/application_C_confirmatory/candidate_logits_seed_0.npz,e66a85c7666dd04221594c3752c9051a195a2306e562c212a36b896ac4b530d8,6707bfe96c59ab59a5dc4d6211bd1f1440bcdd0a41ff1d3cddefb7c7149353c4,18efda786f0debf2b351d2c0fa026f93618ea341,0.0,True,True,False
controlled_on_real_features,confirmatory,0,period2_index2,2,2,2,True,oracle_coherent_lift,4,8,9296,0,256,1.0,8.0,3.4687919542193413,320000,False,False,6.181724643283815e-08,0.0,6.181724643283815e-08,0.6890000104904175,0.6081250011920929,0.5590000152587891,0.8812068700790405,0.43153077363967896,0.0692073991522193,0.753125011920929,/Users/tinggong/Documents/Codex/2026-07-19/holonomy-applications/work/TwistedMerge-holonomy-applications/reports/tmp/holonomy_applications/application_C_confirmatory/candidate_logits_seed_0.npz,e66a85c7666dd04221594c3752c9051a195a2306e562c212a36b896ac4b530d8,6707bfe96c59ab59a5dc4d6211bd1f1440bcdd0a41ff1d3cddefb7c7149353c4,18efda786f0debf2b351d2c0fa026f93618ea341,0.0,True,True,False
controlled_on_real_features,confirmatory,0,period2_index2,2,2,3,False,ordinary_same_capacity,4,8,9296,0,576,1.0,8.0,1.580249983817339,320000,False,False,5.047356665954794e-08,0.5773502588272095,0.5773502588272095,0.4399999976158142,0.26399999993736856,0.0020000000949949026,1.9550557136535645,0.8158000707626343,0.26767684254446067,0.3425000011920929,/Users/tinggong/Documents/Codex/2026-07-19/holonomy-applications/work/TwistedMerge-holonomy-applications/reports/tmp/holonomy_applications/application_C_confirmatory/candidate_logits_seed_0.npz,e66a85c7666dd04221594c3752c9051a195a2306e562c212a36b896ac4b530d8,6707bfe96c59ab59a5dc4d6211bd1f1440bcdd0a41ff1d3cddefb7c7149353c4,18efda786f0debf2b351d2c0fa026f93618ea341,-0.24900001287460327,False,False,False
controlled_on_real_features,confirmatory,0,period2_index2,2,2,3,False,coherent_projective_lift,4,8,9296,0,576,1.0,8.0,4.166333004832268,320000,False,False,5.047356665954794e-08,0.5773502588272095,0.5773502588272095,0.625,0.5412500016391277,0.47099998593330383,0.9998082518577576,0.4953463077545166,0.0640052677190397,0.7281249761581421,/Users/tinggong/Documents/Codex/2026-07-19/holonomy-applications/work/TwistedMerge-holonomy-applications/reports/tmp/holonomy_applications/application_C_confirmatory/candidate_logits_seed_0.npz,e66a85c7666dd04221594c3752c9051a195a2306e562c212a36b896ac4b530d8,6707bfe96c59ab59a5dc4d6211bd1f1440bcdd0a41ff1d3cddefb7c7149353c4,18efda786f0debf2b351d2c0fa026f93618ea341,-0.06400001049041748,False,False,False
controlled_on_real_features,confirmatory,0,period2_index2,2,2,3,False,parameter_matched_generic_unitary,4,8,9296,0,576,1.0,8.0,4.116666968911886,320000,False,False,5.047356665954794e-08,0.5773502588272095,0.5773502588272095,0.6890000104904175,0.6081250011920929,0.5590000152587891,0.8812068104743958,0.43153074383735657,0.06920739402994514,0.753125011920929,/Users/tinggong/Documents/Codex/2026-07-19/holonomy-applications/work/TwistedMerge-holonomy-applications/reports/tmp/holonomy_applications/application_C_confirmatory/candidate_logits_seed_0.npz,e66a85c7666dd04221594c3752c9051a195a2306e562c212a36b896ac4b530d8,6707bfe96c59ab59a5dc4d6211bd1f1440bcdd0a41ff1d3cddefb7c7149353c4,18efda786f0debf2b351d2c0fa026f93618ea341,0.0,False,True,False
controlled_on_real_features,confirmatory,0,period2_index2,2,2,3,False,random_branch_control,4,8,9296,0,576,1.0,8.0,4.098000004887581,320000,False,False,5.047356665954794e-08,0.5773502588272095,0.5773502588272095,0.0,0.16300000001501758,0.0010000000474974513,3.389737606048584,1.0572880506515503,0.23378123866859823,0.38962501287460327,/Users/tinggong/Documents/Codex/2026-07-19/holonomy-applications/work/TwistedMerge-holonomy-applications/reports/tmp/holonomy_applications/application_C_confirmatory/candidate_logits_seed_0.npz,e66a85c7666dd04221594c3752c9051a195a2306e562c212a36b896ac4b530d8,6707bfe96c59ab59a5dc4d6211bd1f1440bcdd0a41ff1d3cddefb7c7149353c4,18efda786f0debf2b351d2c0fa026f93618ea341,-0.6890000104904175,False,False,False
controlled_on_real_features,confirmatory,0,period2_index2,2,2,3,False,wrong_cocycle_control,4,8,9296,0,576,1.0,8.0,4.09337505698204,320000,False,False,5.047356665954794e-08,0.5773502588272095,0.5773502588272095,0.0010000000474974513,0.002875000107451342,0.0010000000474974513,6.235599040985107,1.278863787651062,0.4344966299831867,0.640999972820282,/Users/tinggong/Documents/Codex/2026-07-19/holonomy-applications/work/TwistedMerge-holonomy-applications/reports/tmp/holonomy_applications/application_C_confirmatory/candidate_logits_seed_0.npz,e66a85c7666dd04221594c3752c9051a195a2306e562c212a36b896ac4b530d8,6707bfe96c59ab59a5dc4d6211bd1f1440bcdd0a41ff1d3cddefb7c7149353c4,18efda786f0debf2b351d2c0fa026f93618ea341,-0.68800001044292,False,False,False
controlled_on_real_features,confirmatory,0,period2_index2,2,2,3,False,wrong_projective_representation,4,8,9296,0,576,1.0,8.0,4.084167070686817,320000,False,False,5.047356665954794e-08,0.5773502588272095,0.5773502588272095,0.6100000143051147,0.3743749979767017,0.003000000026077032,1.4954161643981934,0.6650509238243103,0.3289371812279569,0.46799999475479126,/Users/tinggong/Documents/Codex/2026-07-19/holonomy-applications/work/TwistedMerge-holonomy-applications/reports/tmp/holonomy_applications/application_C_confirmatory/candidate_logits_seed_0.npz,e66a85c7666dd04221594c3752c9051a195a2306e562c212a36b896ac4b530d8,6707bfe96c59ab59a5dc4d6211bd1f1440bcdd0a41ff1d3cddefb7c7149353c4,18efda786f0debf2b351d2c0fa026f93618ea341,-0.07899999618530273,False,False,False
controlled_on_real_features,confirmatory,0,period2_index2,2,2,3,False,ensemble_upper_bound,4,8,9296,0,576,1.0,8.0,0.05470891483128071,320000,False,False,5.047356665954794e-08,0.5773502588272095,0.5773502588272095,0.6890000104904175,0.6081250011920929,0.5590000152587891,0.8812068700790405,0.43153077363967896,0.06920739635825157,0.753125011920929,/Users/tinggong/Documents/Codex/2026-07-19/holonomy-applications/work/TwistedMerge-holonomy-applications/reports/tmp/holonomy_applications/application_C_confirmatory/candidate_logits_seed_0.npz,e66a85c7666dd04221594c3752c9051a195a2306e562c212a36b896ac4b530d8,6707bfe96c59ab59a5dc4d6211bd1f1440bcdd0a41ff1d3cddefb7c7149353c4,18efda786f0debf2b351d2c0fa026f93618ea341,0.0,False,True,False
controlled_on_real_features,confirmatory,0,period2_index2,2,2,3,False,oracle_coherent_lift,4,8,9296,0,576,1.0,8.0,3.490749979391694,320000,False,False,5.047356665954794e-08,0.5773502588272095,0.5773502588272095,0.6890000104904175,0.6081250011920929,0.5590000152587891,0.8812068700790405,0.43153077363967896,0.0692073991522193,0.753125011920929,/Users/tinggong/Documents/Codex/2026-07-19/holonomy-applications/work/TwistedMerge-holonomy-applications/reports/tmp/holonomy_applications/application_C_confirmatory/candidate_logits_seed_0.npz,e66a85c7666dd04221594c3752c9051a195a2306e562c212a36b896ac4b530d8,6707bfe96c59ab59a5dc4d6211bd1f1440bcdd0a41ff1d3cddefb7c7149353c4,18efda786f0debf2b351d2c0fa026f93618ea341,0.0,False,True,False
controlled_on_real_features,confirmatory,0,period2_index2,2,2,4,True,ordinary_same_capacity,4,8,9296,0,1024,1.0,8.0,1.8799160607159138,320000,False,False,4.371138828673793e-08,0.0,4.371138828673793e-08,0.20200000703334808,0.22612499582464807,0.0020000000949949026,2.2092230319976807,0.8791342377662659,0.04999619931913912,0.35112500190734863,/Users/tinggong/Documents/Codex/2026-07-19/holonomy-applications/work/TwistedMerge-holonomy-applications/reports/tmp/holonomy_applications/application_C_confirmatory/candidate_logits_seed_0.npz,e66a85c7666dd04221594c3752c9051a195a2306e562c212a36b896ac4b530d8,6707bfe96c59ab59a5dc4d6211bd1f1440bcdd0a41ff1d3cddefb7c7149353c4,18efda786f0debf2b351d2c0fa026f93618ea341,-0.4870000034570694,True,False,False
controlled_on_real_features,confirmatory,0,period2_index2,2,2,4,True,coherent_projective_lift,4,8,9296,0,1024,1.0,8.0,4.206749843433499,320000,False,False,4.371138828673793e-08,0.0,4.371138828673793e-08,0.6890000104904175,0.6081250011920929,0.5590000152587891,0.8812068700790405,0.43153074383735657,0.06920740939676762,0.753125011920929,/Users/tinggong/Documents/Codex/2026-07-19/holonomy-applications/work/TwistedMerge-holonomy-applications/reports/tmp/holonomy_applications/application_C_confirmatory/candidate_logits_seed_0.npz,e66a85c7666dd04221594c3752c9051a195a2306e562c212a36b896ac4b530d8,6707bfe96c59ab59a5dc4d6211bd1f1440bcdd0a41ff1d3cddefb7c7149353c4,18efda786f0debf2b351d2c0fa026f93618ea341,0.0,True,True,True
controlled_on_real_features,confirmatory,0,period2_index2,2,2,4,True,parameter_matched_generic_unitary,4,8,9296,0,1024,1.0,8.0,4.187458194792271,320000,False,False,4.371138828673793e-08,0.0,4.371138828673793e-08,0.6890000104904175,0.6081250011920929,0.5590000152587891,0.8812068700790405,0.43153077363967896,0.06920738285407424,0.753125011920929,/Users/tinggong/Documents/Codex/2026-07-19/holonomy-applications/work/TwistedMerge-holonomy-applications/reports/tmp/holonomy_applications/application_C_confirmatory/candidate_logits_seed_0.npz,e66a85c7666dd04221594c3752c9051a195a2306e562c212a36b896ac4b530d8,6707bfe96c59ab59a5dc4d6211bd1f1440bcdd0a41ff1d3cddefb7c7149353c4,18efda786f0debf2b351d2c0fa026f93618ea341,0.0,True,True,False
controlled_on_real_features,confirmatory,0,period2_index2,2,2,4,True,random_branch_control,4,8,9296,0,1024,1.0,8.0,4.161708056926727,320000,False,False,4.371138828673793e-08,0.0,4.371138828673793e-08,0.0820000022649765,0.24300000059884042,0.004000000189989805,2.389310598373413,0.9172112941741943,0.06887162977363914,0.38225001096725464,/Users/tinggong/Documents/Codex/2026-07-19/holonomy-applications/work/TwistedMerge-holonomy-applications/reports/tmp/holonomy_applications/application_C_confirmatory/candidate_logits_seed_0.npz,e66a85c7666dd04221594c3752c9051a195a2306e562c212a36b896ac4b530d8,6707bfe96c59ab59a5dc4d6211bd1f1440bcdd0a41ff1d3cddefb7c7149353c4,18efda786f0debf2b351d2c0fa026f93618ea341,-0.607000008225441,True,False,False
controlled_on_real_features,confirmatory,0,period2_index2,2,2,4,True,wrong_cocycle_control,4,8,9296,0,1024,1.0,8.0,4.119915887713432,320000,False,False,4.371138828673793e-08,0.0,4.371138828673793e-08,0.0020000000949949026,0.0028750000783475116,0.0010000000474974513,8.029410362243652,1.3321467638015747,0.47305878841143567,0.593375027179718,/Users/tinggong/Documents/Codex/2026-07-19/holonomy-applications/work/TwistedMerge-holonomy-applications/reports/tmp/holonomy_applications/application_C_confirmatory/candidate_logits_seed_0.npz,e66a85c7666dd04221594c3752c9051a195a2306e562c212a36b896ac4b530d8,6707bfe96c59ab59a5dc4d6211bd1f1440bcdd0a41ff1d3cddefb7c7149353c4,18efda786f0debf2b351d2c0fa026f93618ea341,-0.6870000103954226,True,False,False
controlled_on_real_features,confirmatory,0,period2_index2,2,2,4,True,wrong_projective_representation,4,8,9296,0,1024,1.0,8.0,4.1686249896883965,320000,False,False,4.371138828673793e-08,0.0,4.371138828673793e-08,0.5879999995231628,0.33987500332295895,0.09700000286102295,1.5618534088134766,0.6897520422935486,0.320559220330324,0.42512500286102295,/Users/tinggong/Documents/Codex/2026-07-19/holonomy-applications/work/TwistedMerge-holonomy-applications/reports/tmp/holonomy_applications/application_C_confirmatory/candidate_logits_seed_0.npz,e66a85c7666dd04221594c3752c9051a195a2306e562c212a36b896ac4b530d8,6707bfe96c59ab59a5dc4d6211bd1f1440bcdd0a41ff1d3cddefb7c7149353c4,18efda786f0debf2b351d2c0fa026f93618ea341,-0.10100001096725464,True,False,False
controlled_on_real_features,confirmatory,0,period2_index2,2,2,4,True,ensemble_upper_bound,4,8,9296,0,1024,1.0,8.0,0.024624867364764214,320000,False,False,4.371138828673793e-08,0.0,4.371138828673793e-08,0.6890000104904175,0.6081250011920929,0.5590000152587891,0.8812068700790405,0.43153077363967896,0.06920739635825157,0.753125011920929,/Users/tinggong/Documents/Codex/2026-07-19/holonomy-applications/work/TwistedMerge-holonomy-applications/reports/tmp/holonomy_applications/application_C_confirmatory/candidate_logits_seed_0.npz,e66a85c7666dd04221594c3752c9051a195a2306e562c212a36b896ac4b530d8,6707bfe96c59ab59a5dc4d6211bd1f1440bcdd0a41ff1d3cddefb7c7149353c4,18efda786f0debf2b351d2c0fa026f93618ea341,0.0,True,True,False
controlled_on_real_features,confirmatory,0,period2_index2,2,2,4,True,oracle_coherent_lift,4,8,9296,0,1024,1.0,8.0,3.414333099499345,320000,False,False,4.371138828673793e-08,0.0,4.371138828673793e-08,0.6890000104904175,0.6081250011920929,0.5590000152587891,0.8812068700790405,0.43153077363967896,0.0692073991522193,0.753125011920929,/Users/tinggong/Documents/Codex/2026-07-19/holonomy-applications/work/TwistedMerge-holonomy-applications/reports/tmp/holonomy_applications/application_C_confirmatory/candidate_logits_seed_0.npz,e66a85c7666dd04221594c3752c9051a195a2306e562c212a36b896ac4b530d8,6707bfe96c59ab59a5dc4d6211bd1f1440bcdd0a41ff1d3cddefb7c7149353c4,18efda786f0debf2b351d2c0fa026f93618ea341,0.0,True,True,False
controlled_on_real_features,confirmatory,0,period2_index4,2,4,1,False,ordinary_same_capacity,4,8,9296,0,64,1.0,8.0,0.7709579076617956,320000,False,False,0.0,1.0,1.0,0.7009999752044678,0.3043750012293458,0.10000000149011612,1.2235372066497803,0.5621423125267029,0.33446130849188194,0.6617500185966492,/Users/tinggong/Documents/Codex/2026-07-19/holonomy-applications/work/TwistedMerge-holonomy-applications/reports/tmp/holonomy_applications/application_C_confirmatory/candidate_logits_seed_0.npz,e66a85c7666dd04221594c3752c9051a195a2306e562c212a36b896ac4b530d8,6707bfe96c59ab59a5dc4d6211bd1f1440bcdd0a41ff1d3cddefb7c7149353c4,18efda786f0debf2b351d2c0fa026f93618ea341,0.011999964714050293,False,True,False
controlled_on_real_features,confirmatory,0,period2_index4,2,4,1,False,coherent_projective_lift,4,8,9296,0,64,1.0,8.0,0.9913749527186155,320000,False,False,0.0,1.0,1.0,0.7009999752044678,0.3043750012293458,0.10000000149011612,1.2235372066497803,0.5621423125267029,0.33446130849188194,0.6617500185966492,/Users/tinggong/Documents/Codex/2026-07-19/holonomy-applications/work/TwistedMerge-holonomy-applications/reports/tmp/holonomy_applications/application_C_confirmatory/candidate_logits_seed_0.npz,e66a85c7666dd04221594c3752c9051a195a2306e562c212a36b896ac4b530d8,6707bfe96c59ab59a5dc4d6211bd1f1440bcdd0a41ff1d3cddefb7c7149353c4,18efda786f0debf2b351d2c0fa026f93618ea341,0.011999964714050293,False,True,False
controlled_on_real_features,confirmatory,0,period2_index4,2,4,1,False,parameter_matched_generic_unitary,4,8,9296,0,64,1.0,8.0,0.9726670105010271,320000,False,False,0.0,1.0,1.0,0.6890000104904175,0.6081250011920929,0.5590000152587891,0.8812068700790405,0.43153077363967896,0.06920740054920316,0.753125011920929,/Users/tinggong/Documents/Codex/2026-07-19/holonomy-applications/work/TwistedMerge-holonomy-applications/reports/tmp/holonomy_applications/application_C_confirmatory/candidate_logits_seed_0.npz,e66a85c7666dd04221594c3752c9051a195a2306e562c212a36b896ac4b530d8,6707bfe96c59ab59a5dc4d6211bd1f1440bcdd0a41ff1d3cddefb7c7149353c4,18efda786f0debf2b351d2c0fa026f93618ea341,0.0,False,True,False
controlled_on_real_features,confirmatory,0,period2_index4,2,4,1,False,random_branch_control,4,8,9296,0,64,1.0,8.0,0.98958401940763,320000,False,False,0.0,1.0,1.0,0.6669999957084656,0.1708750007674098,0.10000000149011612,1.8059406280517578,0.7752330303192139,0.4869799269363284,0.8867499828338623,/Users/tinggong/Documents/Codex/2026-07-19/holonomy-applications/work/TwistedMerge-holonomy-applications/reports/tmp/holonomy_applications/application_C_confirmatory/candidate_logits_seed_0.npz,e66a85c7666dd04221594c3752c9051a195a2306e562c212a36b896ac4b530d8,6707bfe96c59ab59a5dc4d6211bd1f1440bcdd0a41ff1d3cddefb7c7149353c4,18efda786f0debf2b351d2c0fa026f93618ea341,-0.022000014781951904,False,False,False
controlled_on_real_features,confirmatory,0,period2_index4,2,4,1,False,wrong_cocycle_control,4,8,9296,0,64,1.0,8.0,0.9719589725136757,320000,False,False,0.0,1.0,1.0,0.10000000149011612,0.10000000149011612,0.10000000149011612,2.3025851249694824,0.8999997973442078,1.4901161193847656e-08,1.0,/Users/tinggong/Documents/Codex/2026-07-19/holonomy-applications/work/TwistedMerge-holonomy-applications/reports/tmp/holonomy_applications/application_C_confirmatory/candidate_logits_seed_0.npz,e66a85c7666dd04221594c3752c9051a195a2306e562c212a36b896ac4b530d8,6707bfe96c59ab59a5dc4d6211bd1f1440bcdd0a41ff1d3cddefb7c7149353c4,18efda786f0debf2b351d2c0fa026f93618ea341,-0.5890000090003014,False,False,False
controlled_on_real_features,confirmatory,0,period2_index4,2,4,1,False,wrong_projective_representation,4,8,9296,0,64,1.0,8.0,0.9713750332593918,320000,False,False,0.0,1.0,1.0,0.6850000023841858,0.23262499831616879,0.10000000149011612,1.4943737983703613,0.6710986495018005,0.4230283029610291,0.7738749980926514,/Users/tinggong/Documents/Codex/2026-07-19/holonomy-applications/work/TwistedMerge-holonomy-applications/reports/tmp/holonomy_applications/application_C_confirmatory/candidate_logits_seed_0.npz,e66a85c7666dd04221594c3752c9051a195a2306e562c212a36b896ac4b530d8,6707bfe96c59ab59a5dc4d6211bd1f1440bcdd0a41ff1d3cddefb7c7149353c4,18efda786f0debf2b351d2c0fa026f93618ea341,-0.0040000081062316895,False,True,False
controlled_on_real_features,confirmatory,0,period2_index4,2,4,1,False,ensemble_upper_bound,4,8,9296,0,64,1.0,8.0,0.047708163037896156,320000,False,False,0.0,1.0,1.0,0.6890000104904175,0.6081250011920929,0.5590000152587891,0.8812068700790405,0.43153077363967896,0.06920739635825157,0.753125011920929,/Users/tinggong/Documents/Codex/2026-07-19/holonomy-applications/work/TwistedMerge-holonomy-applications/reports/tmp/holonomy_applications/application_C_confirmatory/candidate_logits_seed_0.npz,e66a85c7666dd04221594c3752c9051a195a2306e562c212a36b896ac4b530d8,6707bfe96c59ab59a5dc4d6211bd1f1440bcdd0a41ff1d3cddefb7c7149353c4,18efda786f0debf2b351d2c0fa026f93618ea341,0.0,False,True,False
controlled_on_real_features,confirmatory,0,period2_index4,2,4,1,False,oracle_coherent_lift,4,8,9296,0,64,1.0,8.0,4.31145797483623,320000,False,False,0.0,1.0,1.0,0.6890000104904175,0.6081250011920929,0.5590000152587891,0.8812068700790405,0.43153077363967896,0.06920738378539681,0.753125011920929,/Users/tinggong/Documents/Codex/2026-07-19/holonomy-applications/work/TwistedMerge-holonomy-applications/reports/tmp/holonomy_applications/application_C_confirmatory/candidate_logits_seed_0.npz,e66a85c7666dd04221594c3752c9051a195a2306e562c212a36b896ac4b530d8,6707bfe96c59ab59a5dc4d6211bd1f1440bcdd0a41ff1d3cddefb7c7149353c4,18efda786f0debf2b351d2c0fa026f93618ea341,0.0,False,True,False
controlled_on_real_features,confirmatory,0,period2_index4,2,4,2,False,ordinary_same_capacity,4,8,9296,0,256,1.0,8.0,1.3304159510880709,320000,False,False,6.181724643283815e-08,1.0,1.0,0.5220000147819519,0.27337499987334013,0.10000000149011612,1.5460004806518555,0.6806879639625549,0.22208122297888622,0.45625001192092896,/Users/tinggong/Documents/Codex/2026-07-19/holonomy-applications/work/TwistedMerge-holonomy-applications/reports/tmp/holonomy_applications/application_C_confirmatory/candidate_logits_seed_0.npz,e66a85c7666dd04221594c3752c9051a195a2306e562c212a36b896ac4b530d8,6707bfe96c59ab59a5dc4d6211bd1f1440bcdd0a41ff1d3cddefb7c7149353c4,18efda786f0debf2b351d2c0fa026f93618ea341,-0.16699999570846558,False,False,False
controlled_on_real_features,confirmatory,0,period2_index4,2,4,2,False,coherent_projective_lift,4,8,9296,0,256,1.0,8.0,3.4571660216897726,320000,False,False,6.181724643283815e-08,1.0,1.0,0.6909999847412109,0.42549999710172415,0.10000000149011612,1.0025663375854492,0.4739573299884796,0.1960848530579824,0.5452499985694885,/Users/tinggong/Documents/Codex/2026-07-19/holonomy-applications/work/TwistedMerge-holonomy-applications/reports/tmp/holonomy_applications/application_C_confirmatory/candidate_logits_seed_0.npz,e66a85c7666dd04221594c3752c9051a195a2306e562c212a36b896ac4b530d8,6707bfe96c59ab59a5dc4d6211bd1f1440bcdd0a41ff1d3cddefb7c7149353c4,18efda786f0debf2b351d2c0fa026f93618ea341,0.001999974250793457,False,True,False
controlled_on_real_features,confirmatory,0,period2_index4,2,4,2,False,parameter_matched_generic_unitary,4,8,9296,0,256,1.0,8.0,3.467417089268565,320000,False,False,6.181724643283815e-08,1.0,1.0,0.6890000104904175,0.6081250011920929,0.5590000152587891,0.8812068104743958,0.43153077363967896,0.06920738285407424,0.753125011920929,/Users/tinggong/Documents/Codex/2026-07-19/holonomy-applications/work/TwistedMerge-holonomy-applications/reports/tmp/holonomy_applications/application_C_confirmatory/candidate_logits_seed_0.npz,e66a85c7666dd04221594c3752c9051a195a2306e562c212a36b896ac4b530d8,6707bfe96c59ab59a5dc4d6211bd1f1440bcdd0a41ff1d3cddefb7c7149353c4,18efda786f0debf2b351d2c0fa026f93618ea341,0.0,False,True,False
controlled_on_real_features,confirmatory,0,period2_index4,2,4,2,False,random_branch_control,4,8,9296,0,256,1.0,8.0,3.431041957810521,320000,False,False,6.181724643283815e-08,1.0,1.0,0.3700000047683716,0.18412500154227018,0.10000000149011612,1.9402626752853394,0.8091362118721008,0.17364309247932397,0.6579999923706055,/Users/tinggong/Documents/Codex/2026-07-19/holonomy-applications/work/TwistedMerge-holonomy-applications/reports/tmp/holonomy_applications/application_C_confirmatory/candidate_logits_seed_0.npz,e66a85c7666dd04221594c3752c9051a195a2306e562c212a36b896ac4b530d8,6707bfe96c59ab59a5dc4d6211bd1f1440bcdd0a41ff1d3cddefb7c7149353c4,18efda786f0debf2b351d2c0fa026f93618ea341,-0.3190000057220459,False,False,False
controlled_on_real_features,confirmatory,0,period2_index4,2,4,2,False,wrong_cocycle_control,4,8,9296,0,256,1.0,8.0,3.4746250603348017,320000,False,False,6.181724643283815e-08,1.0,1.0,0.11500000208616257,0.10412500146776438,0.10000000149011612,2.3025851249694824,0.8999997973442078,0.010999985039234161,0.7708749771118164,/Users/tinggong/Documents/Codex/2026-07-19/holonomy-applications/work/TwistedMerge-holonomy-applications/reports/tmp/holonomy_applications/application_C_confirmatory/candidate_logits_seed_0.npz,e66a85c7666dd04221594c3752c9051a195a2306e562c212a36b896ac4b530d8,6707bfe96c59ab59a5dc4d6211bd1f1440bcdd0a41ff1d3cddefb7c7149353c4,18efda786f0debf2b351d2c0fa026f93618ea341,-0.5740000084042549,False,False,False
controlled_on_real_features,confirmatory,0,period2_index4,2,4,2,False,wrong_projective_representation,4,8,9296,0,256,1.0,8.0,3.464000066742301,320000,False,False,6.181724643283815e-08,1.0,1.0,0.46700000762939453,0.2405000003054738,0.10000000149011612,1.8223682641983032,0.7575469017028809,0.22713106995797716,0.47862499952316284,/Users/tinggong/Documents/Codex/2026-07-19/holonomy-applications/work/TwistedMerge-holonomy-applications/reports/tmp/holonomy_applications/application_C_confirmatory/candidate_logits_seed_0.npz,e66a85c7666dd04221594c3752c9051a195a2306e562c212a36b896ac4b530d8,6707bfe96c59ab59a5dc4d6211bd1f1440bcdd0a41ff1d3cddefb7c7149353c4,18efda786f0debf2b351d2c0fa026f93618ea341,-0.22200000286102295,False,False,False
controlled_on_real_features,confirmatory,0,period2_index4,2,4,2,False,ensemble_upper_bound,4,8,9296,0,256,1.0,8.0,0.050541944801807404,320000,False,False,6.181724643283815e-08,1.0,1.0,0.6890000104904175,0.6081250011920929,0.5590000152587891,0.8812068700790405,0.43153077363967896,0.06920739635825157,0.753125011920929,/Users/tinggong/Documents/Codex/2026-07-19/holonomy-applications/work/TwistedMerge-holonomy-applications/reports/tmp/holonomy_applications/application_C_confirmatory/candidate_logits_seed_0.npz,e66a85c7666dd04221594c3752c9051a195a2306e562c212a36b896ac4b530d8,6707bfe96c59ab59a5dc4d6211bd1f1440bcdd0a41ff1d3cddefb7c7149353c4,18efda786f0debf2b351d2c0fa026f93618ea341,0.0,False,True,False
controlled_on_real_features,confirmatory,0,period2_index4,2,4,2,False,oracle_coherent_lift,4,8,9296,0,256,1.0,8.0,4.115374991670251,320000,False,False,6.181724643283815e-08,1.0,1.0,0.6890000104904175,0.6081250011920929,0.5590000152587891,0.8812068700790405,0.43153077363967896,0.06920738378539681,0.753125011920929,/Users/tinggong/Documents/Codex/2026-07-19/holonomy-applications/work/TwistedMerge-holonomy-applications/reports/tmp/holonomy_applications/application_C_confirmatory/candidate_logits_seed_0.npz,e66a85c7666dd04221594c3752c9051a195a2306e562c212a36b896ac4b530d8,6707bfe96c59ab59a5dc4d6211bd1f1440bcdd0a41ff1d3cddefb7c7149353c4,18efda786f0debf2b351d2c0fa026f93618ea341,0.0,False,True,False
controlled_on_real_features,confirmatory,0,period2_index4,2,4,3,False,ordinary_same_capacity,4,8,9296,0,576,1.0,8.0,1.5689998399466276,320000,False,False,5.047356665954794e-08,0.8164966106414795,0.8164966106414795,0.4970000088214874,0.27624999755062163,0.014000000432133675,1.6880619525909424,0.7378267645835876,0.2355501004931284,0.3736250102519989,/Users/tinggong/Documents/Codex/2026-07-19/holonomy-applications/work/TwistedMerge-holonomy-applications/reports/tmp/holonomy_applications/application_C_confirmatory/candidate_logits_seed_0.npz,e66a85c7666dd04221594c3752c9051a195a2306e562c212a36b896ac4b530d8,6707bfe96c59ab59a5dc4d6211bd1f1440bcdd0a41ff1d3cddefb7c7149353c4,18efda786f0debf2b351d2c0fa026f93618ea341,-0.19200000166893005,False,False,False
controlled_on_real_features,confirmatory,0,period2_index4,2,4,3,False,coherent_projective_lift,4,8,9296,0,576,1.0,8.0,4.094166215509176,320000,False,False,5.047356665954794e-08,0.8164966106414795,0.8164966106414795,0.6869999766349792,0.5303750038146973,0.37700000405311584,0.9368200898170471,0.4519234299659729,0.13220788998296484,0.6488749980926514,/Users/tinggong/Documents/Codex/2026-07-19/holonomy-applications/work/TwistedMerge-holonomy-applications/reports/tmp/holonomy_applications/application_C_confirmatory/candidate_logits_seed_0.npz,e66a85c7666dd04221594c3752c9051a195a2306e562c212a36b896ac4b530d8,6707bfe96c59ab59a5dc4d6211bd1f1440bcdd0a41ff1d3cddefb7c7149353c4,18efda786f0debf2b351d2c0fa026f93618ea341,-0.0020000338554382324,False,True,False
controlled_on_real_features,confirmatory,0,period2_index4,2,4,3,False,parameter_matched_generic_unitary,4,8,9296,0,576,1.0,8.0,4.087999928742647,320000,False,False,5.047356665954794e-08,0.8164966106414795,0.8164966106414795,0.6890000104904175,0.6081250011920929,0.5590000152587891,0.8812068700790405,0.43153074383735657,0.06920737447217107,0.753125011920929,/Users/tinggong/Documents/Codex/2026-07-19/holonomy-applications/work/TwistedMerge-holonomy-applications/reports/tmp/holonomy_applications/application_C_confirmatory/candidate_logits_seed_0.npz,e66a85c7666dd04221594c3752c9051a195a2306e562c212a36b896ac4b530d8,6707bfe96c59ab59a5dc4d6211bd1f1440bcdd0a41ff1d3cddefb7c7149353c4,18efda786f0debf2b351d2c0fa026f93618ea341,0.0,False,True,False
controlled_on_real_features,confirmatory,0,period2_index4,2,4,3,False,random_branch_control,4,8,9296,0,576,1.0,8.0,4.070291994139552,320000,False,False,5.047356665954794e-08,0.8164966106414795,0.8164966106414795,0.38199999928474426,0.21512500126846135,0.014000000432133675,2.0869526863098145,0.8431004881858826,0.21123204054310918,0.34712499380111694,/Users/tinggong/Documents/Codex/2026-07-19/holonomy-applications/work/TwistedMerge-holonomy-applications/reports/tmp/holonomy_applications/application_C_confirmatory/candidate_logits_seed_0.npz,e66a85c7666dd04221594c3752c9051a195a2306e562c212a36b896ac4b530d8,6707bfe96c59ab59a5dc4d6211bd1f1440bcdd0a41ff1d3cddefb7c7149353c4,18efda786f0debf2b351d2c0fa026f93618ea341,-0.3070000112056732,False,False,False
controlled_on_real_features,confirmatory,0,period2_index4,2,4,3,False,wrong_cocycle_control,4,8,9296,0,576,1.0,8.0,4.029709147289395,320000,False,False,5.047356665954794e-08,0.8164966106414795,0.8164966106414795,0.1809999942779541,0.20362500101327896,0.10999999940395355,2.319368362426758,0.8963896632194519,0.03109368123114109,0.41587498784065247,/Users/tinggong/Documents/Codex/2026-07-19/holonomy-applications/work/TwistedMerge-holonomy-applications/reports/tmp/holonomy_applications/application_C_confirmatory/candidate_logits_seed_0.npz,e66a85c7666dd04221594c3752c9051a195a2306e562c212a36b896ac4b530d8,6707bfe96c59ab59a5dc4d6211bd1f1440bcdd0a41ff1d3cddefb7c7149353c4,18efda786f0debf2b351d2c0fa026f93618ea341,-0.5080000162124634,False,False,False
controlled_on_real_features,confirmatory,0,period2_index4,2,4,3,False,wrong_projective_representation,4,8,9296,0,576,1.0,8.0,4.065208835527301,320000,False,False,5.047356665954794e-08,0.8164966106414795,0.8164966106414795,0.4059999883174896,0.22700000181794167,0.03700000047683716,2.0180845260620117,0.8279942274093628,0.22451256320346147,0.34037500619888306,/Users/tinggong/Documents/Codex/2026-07-19/holonomy-applications/work/TwistedMerge-holonomy-applications/reports/tmp/holonomy_applications/application_C_confirmatory/candidate_logits_seed_0.npz,e66a85c7666dd04221594c3752c9051a195a2306e562c212a36b896ac4b530d8,6707bfe96c59ab59a5dc4d6211bd1f1440bcdd0a41ff1d3cddefb7c7149353c4,18efda786f0debf2b351d2c0fa026f93618ea341,-0.28300002217292786,False,False,False
controlled_on_real_features,confirmatory,0,period2_index4,2,4,3,False,ensemble_upper_bound,4,8,9296,0,576,1.0,8.0,0.05462486296892166,320000,False,False,5.047356665954794e-08,0.8164966106414795,0.8164966106414795,0.6890000104904175,0.6081250011920929,0.5590000152587891,0.8812068700790405,0.43153077363967896,0.06920739635825157,0.753125011920929,/Users/tinggong/Documents/Codex/2026-07-19/holonomy-applications/work/TwistedMerge-holonomy-applications/reports/tmp/holonomy_applications/application_C_confirmatory/candidate_logits_seed_0.npz,e66a85c7666dd04221594c3752c9051a195a2306e562c212a36b896ac4b530d8,6707bfe96c59ab59a5dc4d6211bd1f1440bcdd0a41ff1d3cddefb7c7149353c4,18efda786f0debf2b351d2c0fa026f93618ea341,0.0,False,True,False
controlled_on_real_features,confirmatory,0,period2_index4,2,4,3,False,oracle_coherent_lift,4,8,9296,0,576,1.0,8.0,4.093999974429607,320000,False,False,5.047356665954794e-08,0.8164966106414795,0.8164966106414795,0.6890000104904175,0.6081250011920929,0.5590000152587891,0.8812068700790405,0.43153077363967896,0.06920738378539681,0.753125011920929,/Users/tinggong/Documents/Codex/2026-07-19/holonomy-applications/work/TwistedMerge-holonomy-applications/reports/tmp/holonomy_applications/application_C_confirmatory/candidate_logits_seed_0.npz,e66a85c7666dd04221594c3752c9051a195a2306e562c212a36b896ac4b530d8,6707bfe96c59ab59a5dc4d6211bd1f1440bcdd0a41ff1d3cddefb7c7149353c4,18efda786f0debf2b351d2c0fa026f93618ea341,0.0,False,True,False
controlled_on_real_features,confirmatory,0,period2_index4,2,4,4,True,ordinary_same_capacity,4,8,9296,0,1024,1.0,8.0,1.8915829714387655,320000,False,False,4.371138828673793e-08,0.0,4.371138828673793e-08,0.43799999356269836,0.2888750024139881,0.11599999666213989,1.9059516191482544,0.7858200669288635,0.20207417105848435,0.3894999921321869,/Users/tinggong/Documents/Codex/2026-07-19/holonomy-applications/work/TwistedMerge-holonomy-applications/reports/tmp/holonomy_applications/application_C_confirmatory/candidate_logits_seed_0.npz,e66a85c7666dd04221594c3752c9051a195a2306e562c212a36b896ac4b530d8,6707bfe96c59ab59a5dc4d6211bd1f1440bcdd0a41ff1d3cddefb7c7149353c4,18efda786f0debf2b351d2c0fa026f93618ea341,-0.2510000169277191,True,False,False
controlled_on_real_features,confirmatory,0,period2_index4,2,4,4,True,coherent_projective_lift,4,8,9296,0,1024,1.0,8.0,4.781458061188459,320000,False,False,4.371138828673793e-08,0.0,4.371138828673793e-08,0.6890000104904175,0.6081250011920929,0.5590000152587891,0.8812068104743958,0.43153077363967896,0.06920739216729999,0.753125011920929,/Users/tinggong/Documents/Codex/2026-07-19/holonomy-applications/work/TwistedMerge-holonomy-applications/reports/tmp/holonomy_applications/application_C_confirmatory/candidate_logits_seed_0.npz,e66a85c7666dd04221594c3752c9051a195a2306e562c212a36b896ac4b530d8,6707bfe96c59ab59a5dc4d6211bd1f1440bcdd0a41ff1d3cddefb7c7149353c4,18efda786f0debf2b351d2c0fa026f93618ea341,0.0,True,True,True
controlled_on_real_features,confirmatory,0,period2_index4,2,4,4,True,parameter_matched_generic_unitary,4,8,9296,0,1024,1.0,8.0,4.833542043343186,320000,False,False,4.371138828673793e-08,0.0,4.371138828673793e-08,0.6890000104904175,0.6081250011920929,0.5590000152587891,0.8812068104743958,0.43153074383735657,0.06920740054920316,0.753125011920929,/Users/tinggong/Documents/Codex/2026-07-19/holonomy-applications/work/TwistedMerge-holonomy-applications/reports/tmp/holonomy_applications/application_C_confirmatory/candidate_logits_seed_0.npz,e66a85c7666dd04221594c3752c9051a195a2306e562c212a36b896ac4b530d8,6707bfe96c59ab59a5dc4d6211bd1f1440bcdd0a41ff1d3cddefb7c7149353c4,18efda786f0debf2b351d2c0fa026f93618ea341,0.0,True,True,False
controlled_on_real_features,confirmatory,0,period2_index4,2,4,4,True,random_branch_control,4,8,9296,0,1024,1.0,8.0,4.502125084400177,320000,False,False,4.371138828673793e-08,0.0,4.371138828673793e-08,0.5789999961853027,0.342125004157424,0.07400000095367432,1.617943286895752,0.7116620540618896,0.32667449361179024,0.4293749928474426,/Users/tinggong/Documents/Codex/2026-07-19/holonomy-applications/work/TwistedMerge-holonomy-applications/reports/tmp/holonomy_applications/application_C_confirmatory/candidate_logits_seed_0.npz,e66a85c7666dd04221594c3752c9051a195a2306e562c212a36b896ac4b530d8,6707bfe96c59ab59a5dc4d6211bd1f1440bcdd0a41ff1d3cddefb7c7149353c4,18efda786f0debf2b351d2c0fa026f93618ea341,-0.11000001430511475,True,False,False
controlled_on_real_features,confirmatory,0,period2_index4,2,4,4,True,wrong_cocycle_control,4,8,9296,0,1024,1.0,8.0,4.57100011408329,320000,False,False,4.371138828673793e-08,0.0,4.371138828673793e-08,0.19200000166893005,0.23450000025331974,0.15000000596046448,2.438342571258545,0.8944013714790344,0.07179952302249148,0.37062498927116394,/Users/tinggong/Documents/Codex/2026-07-19/holonomy-applications/work/TwistedMerge-holonomy-applications/reports/tmp/holonomy_applications/application_C_confirmatory/candidate_logits_seed_0.npz,e66a85c7666dd04221594c3752c9051a195a2306e562c212a36b896ac4b530d8,6707bfe96c59ab59a5dc4d6211bd1f1440bcdd0a41ff1d3cddefb7c7149353c4,18efda786f0debf2b351d2c0fa026f93618ea341,-0.4970000088214874,True,False,False
controlled_on_real_features,confirmatory,0,period2_index4,2,4,4,True,wrong_projective_representation,4,8,9296,0,1024,1.0,8.0,4.9178749322891235,320000,False,False,4.371138828673793e-08,0.0,4.371138828673793e-08,0.4410000145435333,0.2868750006891787,0.04899999871850014,1.8521709442138672,0.7774333357810974,0.22844997863285244,0.38475000858306885,/Users/tinggong/Documents/Codex/2026-07-19/holonomy-applications/work/TwistedMerge-holonomy-applications/reports/tmp/holonomy_applications/application_C_confirmatory/candidate_logits_seed_0.npz,e66a85c7666dd04221594c3752c9051a195a2306e562c212a36b896ac4b530d8,6707bfe96c59ab59a5dc4d6211bd1f1440bcdd0a41ff1d3cddefb7c7149353c4,18efda786f0debf2b351d2c0fa026f93618ea341,-0.24799999594688416,True,False,False
controlled_on_real_features,confirmatory,0,period2_index4,2,4,4,True,ensemble_upper_bound,4,8,9296,0,1024,1.0,8.0,0.041207997128367424,320000,False,False,4.371138828673793e-08,0.0,4.371138828673793e-08,0.6890000104904175,0.6081250011920929,0.5590000152587891,0.8812068700790405,0.43153077363967896,0.06920739635825157,0.753125011920929,/Users/tinggong/Documents/Codex/2026-07-19/holonomy-applications/work/TwistedMerge-holonomy-applications/reports/tmp/holonomy_applications/application_C_confirmatory/candidate_logits_seed_0.npz,e66a85c7666dd04221594c3752c9051a195a2306e562c212a36b896ac4b530d8,6707bfe96c59ab59a5dc4d6211bd1f1440bcdd0a41ff1d3cddefb7c7149353c4,18efda786f0debf2b351d2c0fa026f93618ea341,0.0,True,True,False
controlled_on_real_features,confirmatory,0,period2_index4,2,4,4,True,oracle_coherent_lift,4,8,9296,0,1024,1.0,8.0,4.743708064779639,320000,False,False,4.371138828673793e-08,0.0,4.371138828673793e-08,0.6890000104904175,0.6081250011920929,0.5590000152587891,0.8812068700790405,0.43153077363967896,0.06920738378539681,0.753125011920929,/Users/tinggong/Documents/Codex/2026-07-19/holonomy-applications/work/TwistedMerge-holonomy-applications/reports/tmp/holonomy_applications/application_C_confirmatory/candidate_logits_seed_0.npz,e66a85c7666dd04221594c3752c9051a195a2306e562c212a36b896ac4b530d8,6707bfe96c59ab59a5dc4d6211bd1f1440bcdd0a41ff1d3cddefb7c7149353c4,18efda786f0debf2b351d2c0fa026f93618ea341,0.0,True,True,False
controlled_on_real_features,confirmatory,0,period2_index4,2,4,6,False,ordinary_same_capacity,4,8,9296,0,2304,1.0,8.0,2.5148747954517603,320000,False,False,3.5690199240434595e-08,0.5773502588272095,0.5773502588272095,0.5509999990463257,0.2842499983962625,0.029999999329447746,1.7761896848678589,0.7670028209686279,0.3506840826012194,0.36662501096725464,/Users/tinggong/Documents/Codex/2026-07-19/holonomy-applications/work/TwistedMerge-holonomy-applications/reports/tmp/holonomy_applications/application_C_confirmatory/candidate_logits_seed_0.npz,e66a85c7666dd04221594c3752c9051a195a2306e562c212a36b896ac4b530d8,6707bfe96c59ab59a5dc4d6211bd1f1440bcdd0a41ff1d3cddefb7c7149353c4,18efda786f0debf2b351d2c0fa026f93618ea341,-0.1380000114440918,False,False,False
controlled_on_real_features,confirmatory,0,period2_index4,2,4,6,False,coherent_projective_lift,4,8,9296,0,2304,1.0,8.0,5.219125188887119,320000,False,False,3.5690199240434595e-08,0.5773502588272095,0.5773502588272095,0.6859999895095825,0.5892499908804893,0.5289999842643738,0.9089993238449097,0.4435143768787384,0.0936320215696469,0.7365000247955322,/Users/tinggong/Documents/Codex/2026-07-19/holonomy-applications/work/TwistedMerge-holonomy-applications/reports/tmp/holonomy_applications/application_C_confirmatory/candidate_logits_seed_0.npz,e66a85c7666dd04221594c3752c9051a195a2306e562c212a36b896ac4b530d8,6707bfe96c59ab59a5dc4d6211bd1f1440bcdd0a41ff1d3cddefb7c7149353c4,18efda786f0debf2b351d2c0fa026f93618ea341,-0.003000020980834961,False,True,False
controlled_on_real_features,confirmatory,0,period2_index4,2,4,6,False,parameter_matched_generic_unitary,4,8,9296,0,2304,1.0,8.0,5.39229204878211,320000,False,False,3.5690199240434595e-08,0.5773502588272095,0.5773502588272095,0.6890000104904175,0.6081250011920929,0.5590000152587891,0.8812068104743958,0.43153077363967896,0.06920739216729999,0.753125011920929,/Users/tinggong/Documents/Codex/2026-07-19/holonomy-applications/work/TwistedMerge-holonomy-applications/reports/tmp/holonomy_applications/application_C_confirmatory/candidate_logits_seed_0.npz,e66a85c7666dd04221594c3752c9051a195a2306e562c212a36b896ac4b530d8,6707bfe96c59ab59a5dc4d6211bd1f1440bcdd0a41ff1d3cddefb7c7149353c4,18efda786f0debf2b351d2c0fa026f93618ea341,0.0,False,True,False
controlled_on_real_features,confirmatory,0,period2_index4,2,4,6,False,random_branch_control,4,8,9296,0,2304,1.0,8.0,5.248666042461991,320000,False,False,3.5690199240434595e-08,0.5773502588272095,0.5773502588272095,0.2590000033378601,0.1863749995827675,0.03700000047683716,2.3068137168884277,0.886570930480957,0.09418874292168766,0.34687501192092896,/Users/tinggong/Documents/Codex/2026-07-19/holonomy-applications/work/TwistedMerge-holonomy-applications/reports/tmp/holonomy_applications/application_C_confirmatory/candidate_logits_seed_0.npz,e66a85c7666dd04221594c3752c9051a195a2306e562c212a36b896ac4b530d8,6707bfe96c59ab59a5dc4d6211bd1f1440bcdd0a41ff1d3cddefb7c7149353c4,18efda786f0debf2b351d2c0fa026f93618ea341,-0.4300000071525574,False,False,False
controlled_on_real_features,confirmatory,0,period2_index4,2,4,6,False,wrong_cocycle_control,4,8,9296,0,2304,1.0,8.0,5.182958906516433,320000,False,False,3.5690199240434595e-08,0.5773502588272095,0.5773502588272095,0.18700000643730164,0.167624999769032,0.06700000166893005,2.405121088027954,0.9086909890174866,0.0809382819570601,0.40962499380111694,/Users/tinggong/Documents/Codex/2026-07-19/holonomy-applications/work/TwistedMerge-holonomy-applications/reports/tmp/holonomy_applications/application_C_confirmatory/candidate_logits_seed_0.npz,e66a85c7666dd04221594c3752c9051a195a2306e562c212a36b896ac4b530d8,6707bfe96c59ab59a5dc4d6211bd1f1440bcdd0a41ff1d3cddefb7c7149353c4,18efda786f0debf2b351d2c0fa026f93618ea341,-0.5020000040531158,False,False,False
controlled_on_real_features,confirmatory,0,period2_index4,2,4,6,False,wrong_projective_representation,4,8,9296,0,2304,1.0,8.0,5.125041119754314,320000,False,False,3.5690199240434595e-08,0.5773502588272095,0.5773502588272095,0.34299999475479126,0.25037500029429793,0.019999999552965164,1.9684078693389893,0.8121104836463928,0.14401332545094192,0.36375001072883606,/Users/tinggong/Documents/Codex/2026-07-19/holonomy-applications/work/TwistedMerge-holonomy-applications/reports/tmp/holonomy_applications/application_C_confirmatory/candidate_logits_seed_0.npz,e66a85c7666dd04221594c3752c9051a195a2306e562c212a36b896ac4b530d8,6707bfe96c59ab59a5dc4d6211bd1f1440bcdd0a41ff1d3cddefb7c7149353c4,18efda786f0debf2b351d2c0fa026f93618ea341,-0.3460000157356262,False,False,False
controlled_on_real_features,confirmatory,0,period2_index4,2,4,6,False,ensemble_upper_bound,4,8,9296,0,2304,1.0,8.0,0.032207928597927094,320000,False,False,3.5690199240434595e-08,0.5773502588272095,0.5773502588272095,0.6890000104904175,0.6081250011920929,0.5590000152587891,0.8812068700790405,0.43153077363967896,0.06920739635825157,0.753125011920929,/Users/tinggong/Documents/Codex/2026-07-19/holonomy-applications/work/TwistedMerge-holonomy-applications/reports/tmp/holonomy_applications/application_C_confirmatory/candidate_logits_seed_0.npz,e66a85c7666dd04221594c3752c9051a195a2306e562c212a36b896ac4b530d8,6707bfe96c59ab59a5dc4d6211bd1f1440bcdd0a41ff1d3cddefb7c7149353c4,18efda786f0debf2b351d2c0fa026f93618ea341,0.0,False,True,False
controlled_on_real_features,confirmatory,0,period2_index4,2,4,6,False,oracle_coherent_lift,4,8,9296,0,2304,1.0,8.0,4.8290828708559275,320000,False,False,3.5690199240434595e-08,0.5773502588272095,0.5773502588272095,0.6890000104904175,0.6081250011920929,0.5590000152587891,0.8812068700790405,0.43153077363967896,0.06920738378539681,0.753125011920929,/Users/tinggong/Documents/Codex/2026-07-19/holonomy-applications/work/TwistedMerge-holonomy-applications/reports/tmp/holonomy_applications/application_C_confirmatory/candidate_logits_seed_0.npz,e66a85c7666dd04221594c3752c9051a195a2306e562c212a36b896ac4b530d8,6707bfe96c59ab59a5dc4d6211bd1f1440bcdd0a41ff1d3cddefb7c7149353c4,18efda786f0debf2b351d2c0fa026f93618ea341,0.0,False,True,False
controlled_on_real_features,confirmatory,0,period2_index4,2,4,8,True,ordinary_same_capacity,4,8,9296,0,4096,1.0,8.0,2.7095829136669636,320000,False,False,3.090862321641907e-08,0.0,3.090862321641907e-08,0.5649999976158142,0.294749996624887,0.11400000005960464,1.7092771530151367,0.7414740324020386,0.3428617079916876,0.3959999978542328,/Users/tinggong/Documents/Codex/2026-07-19/holonomy-applications/work/TwistedMerge-holonomy-applications/reports/tmp/holonomy_applications/application_C_confirmatory/candidate_logits_seed_0.npz,e66a85c7666dd04221594c3752c9051a195a2306e562c212a36b896ac4b530d8,6707bfe96c59ab59a5dc4d6211bd1f1440bcdd0a41ff1d3cddefb7c7149353c4,18efda786f0debf2b351d2c0fa026f93618ea341,-0.12400001287460327,True,False,False
controlled_on_real_features,confirmatory,0,period2_index4,2,4,8,True,coherent_projective_lift,4,8,9296,0,4096,1.0,8.0,5.472165998071432,320000,False,False,3.090862321641907e-08,0.0,3.090862321641907e-08,0.6890000104904175,0.6081250011920929,0.5590000152587891,0.8812068700790405,0.43153077363967896,0.06920740427449346,0.753125011920929,/Users/tinggong/Documents/Codex/2026-07-19/holonomy-applications/work/TwistedMerge-holonomy-applications/reports/tmp/holonomy_applications/application_C_confirmatory/candidate_logits_seed_0.npz,e66a85c7666dd04221594c3752c9051a195a2306e562c212a36b896ac4b530d8,6707bfe96c59ab59a5dc4d6211bd1f1440bcdd0a41ff1d3cddefb7c7149353c4,18efda786f0debf2b351d2c0fa026f93618ea341,0.0,True,True,True
controlled_on_real_features,confirmatory,0,period2_index4,2,4,8,True,parameter_matched_generic_unitary,4,8,9296,0,4096,1.0,8.0,5.347457947209477,320000,False,False,3.090862321641907e-08,0.0,3.090862321641907e-08,0.6890000104904175,0.6081250011920929,0.5590000152587891,0.8812068104743958,0.43153074383735657,0.06920739216729999,0.753125011920929,/Users/tinggong/Documents/Codex/2026-07-19/holonomy-applications/work/TwistedMerge-holonomy-applications/reports/tmp/holonomy_applications/application_C_confirmatory/candidate_logits_seed_0.npz,e66a85c7666dd04221594c3752c9051a195a2306e562c212a36b896ac4b530d8,6707bfe96c59ab59a5dc4d6211bd1f1440bcdd0a41ff1d3cddefb7c7149353c4,18efda786f0debf2b351d2c0fa026f93618ea341,0.0,True,True,False
controlled_on_real_features,confirmatory,0,period2_index4,2,4,8,True,random_branch_control,4,8,9296,0,4096,1.0,8.0,5.2620419301092625,320000,False,False,3.090862321641907e-08,0.0,3.090862321641907e-08,0.014999999664723873,0.16925000119954348,0.07400000095367432,2.4376652240753174,0.9247549772262573,0.10826677083969116,0.3151249885559082,/Users/tinggong/Documents/Codex/2026-07-19/holonomy-applications/work/TwistedMerge-holonomy-applications/reports/tmp/holonomy_applications/application_C_confirmatory/candidate_logits_seed_0.npz,e66a85c7666dd04221594c3752c9051a195a2306e562c212a36b896ac4b530d8,6707bfe96c59ab59a5dc4d6211bd1f1440bcdd0a41ff1d3cddefb7c7149353c4,18efda786f0debf2b351d2c0fa026f93618ea341,-0.6740000108256936,True,False,False
controlled_on_real_features,confirmatory,0,period2_index4,2,4,8,True,wrong_cocycle_control,4,8,9296,0,4096,1.0,8.0,4.864375106990337,320000,False,False,3.090862321641907e-08,0.0,3.090862321641907e-08,0.41200000047683716,0.25212499871850014,0.15399999916553497,2.090242624282837,0.8440173864364624,0.24946777243167162,0.382750004529953,/Users/tinggong/Documents/Codex/2026-07-19/holonomy-applications/work/TwistedMerge-holonomy-applications/reports/tmp/holonomy_applications/application_C_confirmatory/candidate_logits_seed_0.npz,e66a85c7666dd04221594c3752c9051a195a2306e562c212a36b896ac4b530d8,6707bfe96c59ab59a5dc4d6211bd1f1440bcdd0a41ff1d3cddefb7c7149353c4,18efda786f0debf2b351d2c0fa026f93618ea341,-0.2770000100135803,True,False,False
controlled_on_real_features,confirmatory,0,period2_index4,2,4,8,True,wrong_projective_representation,4,8,9296,0,4096,1.0,8.0,5.2449998911470175,320000,False,False,3.090862321641907e-08,0.0,3.090862321641907e-08,0.5419999957084656,0.28512499714270234,0.05700000002980232,1.7839763164520264,0.7652787566184998,0.3382483691093512,0.39762499928474426,/Users/tinggong/Documents/Codex/2026-07-19/holonomy-applications/work/TwistedMerge-holonomy-applications/reports/tmp/holonomy_applications/application_C_confirmatory/candidate_logits_seed_0.npz,e66a85c7666dd04221594c3752c9051a195a2306e562c212a36b896ac4b530d8,6707bfe96c59ab59a5dc4d6211bd1f1440bcdd0a41ff1d3cddefb7c7149353c4,18efda786f0debf2b351d2c0fa026f93618ea341,-0.1470000147819519,True,False,False
controlled_on_real_features,confirmatory,0,period2_index4,2,4,8,True,ensemble_upper_bound,4,8,9296,0,4096,1.0,8.0,0.03087497316300869,320000,False,False,3.090862321641907e-08,0.0,3.090862321641907e-08,0.6890000104904175,0.6081250011920929,0.5590000152587891,0.8812068700790405,0.43153077363967896,0.06920739635825157,0.753125011920929,/Users/tinggong/Documents/Codex/2026-07-19/holonomy-applications/work/TwistedMerge-holonomy-applications/reports/tmp/holonomy_applications/application_C_confirmatory/candidate_logits_seed_0.npz,e66a85c7666dd04221594c3752c9051a195a2306e562c212a36b896ac4b530d8,6707bfe96c59ab59a5dc4d6211bd1f1440bcdd0a41ff1d3cddefb7c7149353c4,18efda786f0debf2b351d2c0fa026f93618ea341,0.0,True,True,False
controlled_on_real_features,confirmatory,0,period2_index4,2,4,8,True,oracle_coherent_lift,4,8,9296,0,4096,1.0,8.0,4.891375079751015,320000,False,False,3.090862321641907e-08,0.0,3.090862321641907e-08,0.6890000104904175,0.6081250011920929,0.5590000152587891,0.8812068700790405,0.43153077363967896,0.06920738378539681,0.753125011920929,/Users/tinggong/Documents/Codex/2026-07-19/holonomy-applications/work/TwistedMerge-holonomy-applications/reports/tmp/holonomy_applications/application_C_confirmatory/candidate_logits_seed_0.npz,e66a85c7666dd04221594c3752c9051a195a2306e562c212a36b896ac4b530d8,6707bfe96c59ab59a5dc4d6211bd1f1440bcdd0a41ff1d3cddefb7c7149353c4,18efda786f0debf2b351d2c0fa026f93618ea341,0.0,True,True,False
controlled_on_real_features,confirmatory,0,period3_index3,3,3,1,False,ordinary_same_capacity,4,8,9296,0,64,1.0,8.0,0.7481249049305916,320000,False,False,0.0,1.0,1.0,0.6740000247955322,0.2900000000372529,0.10000000149011612,1.286754846572876,0.5915712714195251,0.33184202533448115,0.6623749732971191,/Users/tinggong/Documents/Codex/2026-07-19/holonomy-applications/work/TwistedMerge-holonomy-applications/reports/tmp/holonomy_applications/application_C_confirmatory/candidate_logits_seed_0.npz,e66a85c7666dd04221594c3752c9051a195a2306e562c212a36b896ac4b530d8,6707bfe96c59ab59a5dc4d6211bd1f1440bcdd0a41ff1d3cddefb7c7149353c4,18efda786f0debf2b351d2c0fa026f93618ea341,-0.014999985694885254,False,False,False
controlled_on_real_features,confirmatory,0,period3_index3,3,3,1,False,coherent_projective_lift,4,8,9296,0,64,1.0,8.0,0.9803748689591885,320000,False,False,0.0,1.0,1.0,0.6740000247955322,0.2900000000372529,0.10000000149011612,1.286754846572876,0.5915712714195251,0.33184202533448115,0.6623749732971191,/Users/tinggong/Documents/Codex/2026-07-19/holonomy-applications/work/TwistedMerge-holonomy-applications/reports/tmp/holonomy_applications/application_C_confirmatory/candidate_logits_seed_0.npz,e66a85c7666dd04221594c3752c9051a195a2306e562c212a36b896ac4b530d8,6707bfe96c59ab59a5dc4d6211bd1f1440bcdd0a41ff1d3cddefb7c7149353c4,18efda786f0debf2b351d2c0fa026f93618ea341,-0.014999985694885254,False,False,False
controlled_on_real_features,confirmatory,0,period3_index3,3,3,1,False,parameter_matched_generic_unitary,4,8,9296,0,64,1.0,8.0,0.9765829890966415,320000,False,False,0.0,1.0,1.0,0.6890000104904175,0.6081250011920929,0.5590000152587891,0.8812069296836853,0.43153074383735657,0.06920738285407424,0.753125011920929,/Users/tinggong/Documents/Codex/2026-07-19/holonomy-applications/work/TwistedMerge-holonomy-applications/reports/tmp/holonomy_applications/application_C_confirmatory/candidate_logits_seed_0.npz,e66a85c7666dd04221594c3752c9051a195a2306e562c212a36b896ac4b530d8,6707bfe96c59ab59a5dc4d6211bd1f1440bcdd0a41ff1d3cddefb7c7149353c4,18efda786f0debf2b351d2c0fa026f93618ea341,0.0,False,True,False
controlled_on_real_features,confirmatory,0,period3_index3,3,3,1,False,random_branch_control,4,8,9296,0,64,1.0,8.0,0.9685829281806946,320000,False,False,0.0,1.0,1.0,0.6850000023841858,0.23262499831616879,0.10000000149011612,1.4943737983703613,0.6710986495018005,0.4230282955686562,0.7738749980926514,/Users/tinggong/Documents/Codex/2026-07-19/holonomy-applications/work/TwistedMerge-holonomy-applications/reports/tmp/holonomy_applications/application_C_confirmatory/candidate_logits_seed_0.npz,e66a85c7666dd04221594c3752c9051a195a2306e562c212a36b896ac4b530d8,6707bfe96c59ab59a5dc4d6211bd1f1440bcdd0a41ff1d3cddefb7c7149353c4,18efda786f0debf2b351d2c0fa026f93618ea341,-0.0040000081062316895,False,True,False
controlled_on_real_features,confirmatory,0,period3_index3,3,3,1,False,wrong_cocycle_control,4,8,9296,0,64,1.0,8.0,1.025250181555748,320000,False,False,0.0,1.0,1.0,0.6129999756813049,0.21912500075995922,0.10000000149011612,1.582532525062561,0.706332266330719,0.3695353530347347,0.7756249904632568,/Users/tinggong/Documents/Codex/2026-07-19/holonomy-applications/work/TwistedMerge-holonomy-applications/reports/tmp/holonomy_applications/application_C_confirmatory/candidate_logits_seed_0.npz,e66a85c7666dd04221594c3752c9051a195a2306e562c212a36b896ac4b530d8,6707bfe96c59ab59a5dc4d6211bd1f1440bcdd0a41ff1d3cddefb7c7149353c4,18efda786f0debf2b351d2c0fa026f93618ea341,-0.07600003480911255,False,False,False
controlled_on_real_features,confirmatory,0,period3_index3,3,3,1,False,wrong_projective_representation,4,8,9296,0,64,1.0,8.0,0.9914999827742577,320000,False,False,0.0,1.0,1.0,0.6850000023841858,0.23262499831616879,0.10000000149011612,1.4943737983703613,0.6710986495018005,0.4230282955686562,0.7738749980926514,/Users/tinggong/Documents/Codex/2026-07-19/holonomy-applications/work/TwistedMerge-holonomy-applications/reports/tmp/holonomy_applications/application_C_confirmatory/candidate_logits_seed_0.npz,e66a85c7666dd04221594c3752c9051a195a2306e562c212a36b896ac4b530d8,6707bfe96c59ab59a5dc4d6211bd1f1440bcdd0a41ff1d3cddefb7c7149353c4,18efda786f0debf2b351d2c0fa026f93618ea341,-0.0040000081062316895,False,True,False
controlled_on_real_features,confirmatory,0,period3_index3,3,3,1,False,ensemble_upper_bound,4,8,9296,0,64,1.0,8.0,0.05020899698138237,320000,False,False,0.0,1.0,1.0,0.6890000104904175,0.6081250011920929,0.5590000152587891,0.8812068700790405,0.43153077363967896,0.06920739635825157,0.753125011920929,/Users/tinggong/Documents/Codex/2026-07-19/holonomy-applications/work/TwistedMerge-holonomy-applications/reports/tmp/holonomy_applications/application_C_confirmatory/candidate_logits_seed_0.npz,e66a85c7666dd04221594c3752c9051a195a2306e562c212a36b896ac4b530d8,6707bfe96c59ab59a5dc4d6211bd1f1440bcdd0a41ff1d3cddefb7c7149353c4,18efda786f0debf2b351d2c0fa026f93618ea341,0.0,False,True,False
controlled_on_real_features,confirmatory,0,period3_index3,3,3,1,False,oracle_coherent_lift,4,8,9296,0,64,1.0,8.0,4.195624962449074,320000,False,False,0.0,1.0,1.0,0.6890000104904175,0.6081250011920929,0.5590000152587891,0.8812068700790405,0.43153077363967896,0.06920739216729999,0.753125011920929,/Users/tinggong/Documents/Codex/2026-07-19/holonomy-applications/work/TwistedMerge-holonomy-applications/reports/tmp/holonomy_applications/application_C_confirmatory/candidate_logits_seed_0.npz,e66a85c7666dd04221594c3752c9051a195a2306e562c212a36b896ac4b530d8,6707bfe96c59ab59a5dc4d6211bd1f1440bcdd0a41ff1d3cddefb7c7149353c4,18efda786f0debf2b351d2c0fa026f93618ea341,0.0,False,True,False
controlled_on_real_features,confirmatory,0,period3_index3,3,3,2,False,ordinary_same_capacity,4,8,9296,0,256,1.0,8.0,1.3802079483866692,320000,False,False,0.0,1.0,1.0,0.48899999260902405,0.26812499947845936,0.10000000149011612,1.704118013381958,0.727522611618042,0.21914085559546947,0.42787501215934753,/Users/tinggong/Documents/Codex/2026-07-19/holonomy-applications/work/TwistedMerge-holonomy-applications/reports/tmp/holonomy_applications/application_C_confirmatory/candidate_logits_seed_0.npz,e66a85c7666dd04221594c3752c9051a195a2306e562c212a36b896ac4b530d8,6707bfe96c59ab59a5dc4d6211bd1f1440bcdd0a41ff1d3cddefb7c7149353c4,18efda786f0debf2b351d2c0fa026f93618ea341,-0.20000001788139343,False,False,False
controlled_on_real_features,confirmatory,0,period3_index3,3,3,2,False,coherent_projective_lift,4,8,9296,0,256,1.0,8.0,3.4904589410871267,320000,False,False,0.0,1.0,1.0,0.6359999775886536,0.4137500021606684,0.10000000149011612,1.1312628984451294,0.5366128087043762,0.18431524524930865,0.5662500262260437,/Users/tinggong/Documents/Codex/2026-07-19/holonomy-applications/work/TwistedMerge-holonomy-applications/reports/tmp/holonomy_applications/application_C_confirmatory/candidate_logits_seed_0.npz,e66a85c7666dd04221594c3752c9051a195a2306e562c212a36b896ac4b530d8,6707bfe96c59ab59a5dc4d6211bd1f1440bcdd0a41ff1d3cddefb7c7149353c4,18efda786f0debf2b351d2c0fa026f93618ea341,-0.053000032901763916,False,False,False
controlled_on_real_features,confirmatory,0,period3_index3,3,3,2,False,parameter_matched_generic_unitary,4,8,9296,0,256,1.0,8.0,3.4865830093622208,320000,False,False,0.0,1.0,1.0,0.6890000104904175,0.6081250011920929,0.5590000152587891,0.8812069296836853,0.43153074383735657,0.06920738983899355,0.753125011920929,/Users/tinggong/Documents/Codex/2026-07-19/holonomy-applications/work/TwistedMerge-holonomy-applications/reports/tmp/holonomy_applications/application_C_confirmatory/candidate_logits_seed_0.npz,e66a85c7666dd04221594c3752c9051a195a2306e562c212a36b896ac4b530d8,6707bfe96c59ab59a5dc4d6211bd1f1440bcdd0a41ff1d3cddefb7c7149353c4,18efda786f0debf2b351d2c0fa026f93618ea341,0.0,False,True,False
controlled_on_real_features,confirmatory,0,period3_index3,3,3,2,False,random_branch_control,4,8,9296,0,256,1.0,8.0,3.505040891468525,320000,False,False,0.0,1.0,1.0,0.5180000066757202,0.26137500535696745,0.10000000149011612,1.6551631689071655,0.7253066301345825,0.27143465500557795,0.47862499952316284,/Users/tinggong/Documents/Codex/2026-07-19/holonomy-applications/work/TwistedMerge-holonomy-applications/reports/tmp/holonomy_applications/application_C_confirmatory/candidate_logits_seed_0.npz,e66a85c7666dd04221594c3752c9051a195a2306e562c212a36b896ac4b530d8,6707bfe96c59ab59a5dc4d6211bd1f1440bcdd0a41ff1d3cddefb7c7149353c4,18efda786f0debf2b351d2c0fa026f93618ea341,-0.17100000381469727,False,False,False
controlled_on_real_features,confirmatory,0,period3_index3,3,3,2,False,wrong_cocycle_control,4,8,9296,0,256,1.0,8.0,3.4719579853117466,320000,False,False,0.0,1.0,1.0,0.3880000114440918,0.18074999935925007,0.10000000149011612,2.1185176372528076,0.8460851907730103,0.21373582899104804,0.5759999752044678,/Users/tinggong/Documents/Codex/2026-07-19/holonomy-applications/work/TwistedMerge-holonomy-applications/reports/tmp/holonomy_applications/application_C_confirmatory/candidate_logits_seed_0.npz,e66a85c7666dd04221594c3752c9051a195a2306e562c212a36b896ac4b530d8,6707bfe96c59ab59a5dc4d6211bd1f1440bcdd0a41ff1d3cddefb7c7149353c4,18efda786f0debf2b351d2c0fa026f93618ea341,-0.3009999990463257,False,False,False
controlled_on_real_features,confirmatory,0,period3_index3,3,3,2,False,wrong_projective_representation,4,8,9296,0,256,1.0,8.0,3.469166113063693,320000,False,False,0.0,1.0,1.0,0.6129999756813049,0.30250000482192263,0.004000000189989805,1.5433942079544067,0.6878396272659302,0.34925409115385264,0.4413749873638153,/Users/tinggong/Documents/Codex/2026-07-19/holonomy-applications/work/TwistedMerge-holonomy-applications/reports/tmp/holonomy_applications/application_C_confirmatory/candidate_logits_seed_0.npz,e66a85c7666dd04221594c3752c9051a195a2306e562c212a36b896ac4b530d8,6707bfe96c59ab59a5dc4d6211bd1f1440bcdd0a41ff1d3cddefb7c7149353c4,18efda786f0debf2b351d2c0fa026f93618ea341,-0.07600003480911255,False,False,False
controlled_on_real_features,confirmatory,0,period3_index3,3,3,2,False,ensemble_upper_bound,4,8,9296,0,256,1.0,8.0,0.04516681656241417,320000,False,False,0.0,1.0,1.0,0.6890000104904175,0.6081250011920929,0.5590000152587891,0.8812068700790405,0.43153077363967896,0.06920739635825157,0.753125011920929,/Users/tinggong/Documents/Codex/2026-07-19/holonomy-applications/work/TwistedMerge-holonomy-applications/reports/tmp/holonomy_applications/application_C_confirmatory/candidate_logits_seed_0.npz,e66a85c7666dd04221594c3752c9051a195a2306e562c212a36b896ac4b530d8,6707bfe96c59ab59a5dc4d6211bd1f1440bcdd0a41ff1d3cddefb7c7149353c4,18efda786f0debf2b351d2c0fa026f93618ea341,0.0,False,True,False
controlled_on_real_features,confirmatory,0,period3_index3,3,3,2,False,oracle_coherent_lift,4,8,9296,0,256,1.0,8.0,4.175707930698991,320000,False,False,0.0,1.0,1.0,0.6890000104904175,0.6081250011920929,0.5590000152587891,0.8812068700790405,0.43153077363967896,0.06920739216729999,0.753125011920929,/Users/tinggong/Documents/Codex/2026-07-19/holonomy-applications/work/TwistedMerge-holonomy-applications/reports/tmp/holonomy_applications/application_C_confirmatory/candidate_logits_seed_0.npz,e66a85c7666dd04221594c3752c9051a195a2306e562c212a36b896ac4b530d8,6707bfe96c59ab59a5dc4d6211bd1f1440bcdd0a41ff1d3cddefb7c7149353c4,18efda786f0debf2b351d2c0fa026f93618ea341,0.0,False,True,False
controlled_on_real_features,confirmatory,0,period3_index3,3,3,3,True,ordinary_same_capacity,4,8,9296,0,576,1.0,8.0,1.6023330390453339,320000,False,False,5.960464477539063e-08,1.5389854013392323e-07,1.5389854013392323e-07,0.42800000309944153,0.27087500132620335,0.18299999833106995,1.8130803108215332,0.7558753490447998,0.1728828070918098,0.43174999952316284,/Users/tinggong/Documents/Codex/2026-07-19/holonomy-applications/work/TwistedMerge-holonomy-applications/reports/tmp/holonomy_applications/application_C_confirmatory/candidate_logits_seed_0.npz,e66a85c7666dd04221594c3752c9051a195a2306e562c212a36b896ac4b530d8,6707bfe96c59ab59a5dc4d6211bd1f1440bcdd0a41ff1d3cddefb7c7149353c4,18efda786f0debf2b351d2c0fa026f93618ea341,-0.26100000739097595,True,False,False
controlled_on_real_features,confirmatory,0,period3_index3,3,3,3,True,coherent_projective_lift,4,8,9296,0,576,1.0,8.0,4.136957926675677,320000,False,False,5.960464477539063e-08,1.5389854013392323e-07,1.5389854013392323e-07,0.6890000104904175,0.6081250011920929,0.5590000152587891,0.8812068700790405,0.43153077363967896,0.06920739216729999,0.753125011920929,/Users/tinggong/Documents/Codex/2026-07-19/holonomy-applications/work/TwistedMerge-holonomy-applications/reports/tmp/holonomy_applications/application_C_confirmatory/candidate_logits_seed_0.npz,e66a85c7666dd04221594c3752c9051a195a2306e562c212a36b896ac4b530d8,6707bfe96c59ab59a5dc4d6211bd1f1440bcdd0a41ff1d3cddefb7c7149353c4,18efda786f0debf2b351d2c0fa026f93618ea341,0.0,True,True,True
controlled_on_real_features,confirmatory,0,period3_index3,3,3,3,True,parameter_matched_generic_unitary,4,8,9296,0,576,1.0,8.0,4.108291119337082,320000,False,False,5.960464477539063e-08,1.5389854013392323e-07,1.5389854013392323e-07,0.6890000104904175,0.6081250011920929,0.5590000152587891,0.8812068700790405,0.43153077363967896,0.06920739216729999,0.753125011920929,/Users/tinggong/Documents/Codex/2026-07-19/holonomy-applications/work/TwistedMerge-holonomy-applications/reports/tmp/holonomy_applications/application_C_confirmatory/candidate_logits_seed_0.npz,e66a85c7666dd04221594c3752c9051a195a2306e562c212a36b896ac4b530d8,6707bfe96c59ab59a5dc4d6211bd1f1440bcdd0a41ff1d3cddefb7c7149353c4,18efda786f0debf2b351d2c0fa026f93618ea341,0.0,True,True,False
controlled_on_real_features,confirmatory,0,period3_index3,3,3,3,True,random_branch_control,4,8,9296,0,576,1.0,8.0,4.0731660556048155,320000,False,False,5.960464477539063e-08,1.5389854013392323e-07,1.5389854013392323e-07,0.13600000739097595,0.17450000159442425,0.0989999994635582,2.4390313625335693,0.9081567525863647,0.09298730490263551,0.3816249966621399,/Users/tinggong/Documents/Codex/2026-07-19/holonomy-applications/work/TwistedMerge-holonomy-applications/reports/tmp/holonomy_applications/application_C_confirmatory/candidate_logits_seed_0.npz,e66a85c7666dd04221594c3752c9051a195a2306e562c212a36b896ac4b530d8,6707bfe96c59ab59a5dc4d6211bd1f1440bcdd0a41ff1d3cddefb7c7149353c4,18efda786f0debf2b351d2c0fa026f93618ea341,-0.5530000030994415,True,False,False
controlled_on_real_features,confirmatory,0,period3_index3,3,3,3,True,wrong_cocycle_control,4,8,9296,0,576,1.0,8.0,4.0705830324441195,320000,False,False,5.960464477539063e-08,1.5389854013392323e-07,1.5389854013392323e-07,0.23600000143051147,0.2142500001937151,0.18299999833106995,2.3137381076812744,0.8845593929290771,0.04764774820068851,0.37837499380111694,/Users/tinggong/Documents/Codex/2026-07-19/holonomy-applications/work/TwistedMerge-holonomy-applications/reports/tmp/holonomy_applications/application_C_confirmatory/candidate_logits_seed_0.npz,e66a85c7666dd04221594c3752c9051a195a2306e562c212a36b896ac4b530d8,6707bfe96c59ab59a5dc4d6211bd1f1440bcdd0a41ff1d3cddefb7c7149353c4,18efda786f0debf2b351d2c0fa026f93618ea341,-0.453000009059906,True,False,False
controlled_on_real_features,confirmatory,0,period3_index3,3,3,3,True,wrong_projective_representation,4,8,9296,0,576,1.0,8.0,4.131000023335218,320000,False,False,5.960464477539063e-08,1.5389854013392323e-07,1.5389854013392323e-07,0.6000000238418579,0.36662500140664633,0.0010000000474974513,1.492784023284912,0.6670724153518677,0.3147244564606808,0.4637500047683716,/Users/tinggong/Documents/Codex/2026-07-19/holonomy-applications/work/TwistedMerge-holonomy-applications/reports/tmp/holonomy_applications/application_C_confirmatory/candidate_logits_seed_0.npz,e66a85c7666dd04221594c3752c9051a195a2306e562c212a36b896ac4b530d8,6707bfe96c59ab59a5dc4d6211bd1f1440bcdd0a41ff1d3cddefb7c7149353c4,18efda786f0debf2b351d2c0fa026f93618ea341,-0.08899998664855957,True,False,False
controlled_on_real_features,confirmatory,0,period3_index3,3,3,3,True,ensemble_upper_bound,4,8,9296,0,576,1.0,8.0,0.05024997517466545,320000,False,False,5.960464477539063e-08,1.5389854013392323e-07,1.5389854013392323e-07,0.6890000104904175,0.6081250011920929,0.5590000152587891,0.8812068700790405,0.43153077363967896,0.06920739635825157,0.753125011920929,/Users/tinggong/Documents/Codex/2026-07-19/holonomy-applications/work/TwistedMerge-holonomy-applications/reports/tmp/holonomy_applications/application_C_confirmatory/candidate_logits_seed_0.npz,e66a85c7666dd04221594c3752c9051a195a2306e562c212a36b896ac4b530d8,6707bfe96c59ab59a5dc4d6211bd1f1440bcdd0a41ff1d3cddefb7c7149353c4,18efda786f0debf2b351d2c0fa026f93618ea341,0.0,True,True,False
controlled_on_real_features,confirmatory,0,period3_index3,3,3,3,True,oracle_coherent_lift,4,8,9296,0,576,1.0,8.0,4.154792055487633,320000,False,False,5.960464477539063e-08,1.5389854013392323e-07,1.5389854013392323e-07,0.6890000104904175,0.6081250011920929,0.5590000152587891,0.8812068700790405,0.43153077363967896,0.06920739216729999,0.753125011920929,/Users/tinggong/Documents/Codex/2026-07-19/holonomy-applications/work/TwistedMerge-holonomy-applications/reports/tmp/holonomy_applications/application_C_confirmatory/candidate_logits_seed_0.npz,e66a85c7666dd04221594c3752c9051a195a2306e562c212a36b896ac4b530d8,6707bfe96c59ab59a5dc4d6211bd1f1440bcdd0a41ff1d3cddefb7c7149353c4,18efda786f0debf2b351d2c0fa026f93618ea341,0.0,True,True,False
controlled_on_real_features,confirmatory,0,period3_index3,3,3,4,False,ordinary_same_capacity,4,8,9296,0,1024,1.0,8.0,1.934749772772193,320000,False,False,5.161913918527716e-08,0.5,0.5,0.43700000643730164,0.2566250003874302,0.15800000727176666,1.7728697061538696,0.7560253739356995,0.1975697427697014,0.36912500858306885,/Users/tinggong/Documents/Codex/2026-07-19/holonomy-applications/work/TwistedMerge-holonomy-applications/reports/tmp/holonomy_applications/application_C_confirmatory/candidate_logits_seed_0.npz,e66a85c7666dd04221594c3752c9051a195a2306e562c212a36b896ac4b530d8,6707bfe96c59ab59a5dc4d6211bd1f1440bcdd0a41ff1d3cddefb7c7149353c4,18efda786f0debf2b351d2c0fa026f93618ea341,-0.25200000405311584,False,False,False
controlled_on_real_features,confirmatory,0,period3_index3,3,3,4,False,coherent_projective_lift,4,8,9296,0,1024,1.0,8.0,4.170083208009601,320000,False,False,5.161913918527716e-08,0.5,0.5,0.6330000162124634,0.5632499977946281,0.515999972820282,1.00019371509552,0.49618080258369446,0.041673474304843694,0.7326250076293945,/Users/tinggong/Documents/Codex/2026-07-19/holonomy-applications/work/TwistedMerge-holonomy-applications/reports/tmp/holonomy_applications/application_C_confirmatory/candidate_logits_seed_0.npz,e66a85c7666dd04221594c3752c9051a195a2306e562c212a36b896ac4b530d8,6707bfe96c59ab59a5dc4d6211bd1f1440bcdd0a41ff1d3cddefb7c7149353c4,18efda786f0debf2b351d2c0fa026f93618ea341,-0.0559999942779541,False,False,False
controlled_on_real_features,confirmatory,0,period3_index3,3,3,4,False,parameter_matched_generic_unitary,4,8,9296,0,1024,1.0,8.0,4.1885829996317625,320000,False,False,5.161913918527716e-08,0.5,0.5,0.6890000104904175,0.6081250011920929,0.5590000152587891,0.8812068700790405,0.4315307140350342,0.06920738145709038,0.753125011920929,/Users/tinggong/Documents/Codex/2026-07-19/holonomy-applications/work/TwistedMerge-holonomy-applications/reports/tmp/holonomy_applications/application_C_confirmatory/candidate_logits_seed_0.npz,e66a85c7666dd04221594c3752c9051a195a2306e562c212a36b896ac4b530d8,6707bfe96c59ab59a5dc4d6211bd1f1440bcdd0a41ff1d3cddefb7c7149353c4,18efda786f0debf2b351d2c0fa026f93618ea341,0.0,False,True,False
controlled_on_real_features,confirmatory,0,period3_index3,3,3,4,False,random_branch_control,4,8,9296,0,1024,1.0,8.0,4.145084181800485,320000,False,False,5.161913918527716e-08,0.5,0.5,0.5189999938011169,0.3058749968186021,0.12099999934434891,1.5780428647994995,0.7002734541893005,0.22324873768957332,0.4116249978542328,/Users/tinggong/Documents/Codex/2026-07-19/holonomy-applications/work/TwistedMerge-holonomy-applications/reports/tmp/holonomy_applications/application_C_confirmatory/candidate_logits_seed_0.npz,e66a85c7666dd04221594c3752c9051a195a2306e562c212a36b896ac4b530d8,6707bfe96c59ab59a5dc4d6211bd1f1440bcdd0a41ff1d3cddefb7c7149353c4,18efda786f0debf2b351d2c0fa026f93618ea341,-0.17000001668930054,False,False,False
controlled_on_real_features,confirmatory,0,period3_index3,3,3,4,False,wrong_cocycle_control,4,8,9296,0,1024,1.0,8.0,4.152124980464578,320000,False,False,5.161913918527716e-08,0.5,0.5,0.25699999928474426,0.20749999955296516,0.15700000524520874,2.2215280532836914,0.8652863502502441,0.0760665275156498,0.3957499861717224,/Users/tinggong/Documents/Codex/2026-07-19/holonomy-applications/work/TwistedMerge-holonomy-applications/reports/tmp/holonomy_applications/application_C_confirmatory/candidate_logits_seed_0.npz,e66a85c7666dd04221594c3752c9051a195a2306e562c212a36b896ac4b530d8,6707bfe96c59ab59a5dc4d6211bd1f1440bcdd0a41ff1d3cddefb7c7149353c4,18efda786f0debf2b351d2c0fa026f93618ea341,-0.4320000112056732,False,False,False
controlled_on_real_features,confirmatory,0,period3_index3,3,3,4,False,wrong_projective_representation,4,8,9296,0,1024,1.0,8.0,4.08591702580452,320000,False,False,5.161913918527716e-08,0.5,0.5,0.5220000147819519,0.30950000043958426,0.0989999994635582,1.6655995845794678,0.724123477935791,0.2646938316174783,0.40537500381469727,/Users/tinggong/Documents/Codex/2026-07-19/holonomy-applications/work/TwistedMerge-holonomy-applications/reports/tmp/holonomy_applications/application_C_confirmatory/candidate_logits_seed_0.npz,e66a85c7666dd04221594c3752c9051a195a2306e562c212a36b896ac4b530d8,6707bfe96c59ab59a5dc4d6211bd1f1440bcdd0a41ff1d3cddefb7c7149353c4,18efda786f0debf2b351d2c0fa026f93618ea341,-0.16699999570846558,False,False,False
controlled_on_real_features,confirmatory,0,period3_index3,3,3,4,False,ensemble_upper_bound,4,8,9296,0,1024,1.0,8.0,0.026250025257468224,320000,False,False,5.161913918527716e-08,0.5,0.5,0.6890000104904175,0.6081250011920929,0.5590000152587891,0.8812068700790405,0.43153077363967896,0.06920739635825157,0.753125011920929,/Users/tinggong/Documents/Codex/2026-07-19/holonomy-applications/work/TwistedMerge-holonomy-applications/reports/tmp/holonomy_applications/application_C_confirmatory/candidate_logits_seed_0.npz,e66a85c7666dd04221594c3752c9051a195a2306e562c212a36b896ac4b530d8,6707bfe96c59ab59a5dc4d6211bd1f1440bcdd0a41ff1d3cddefb7c7149353c4,18efda786f0debf2b351d2c0fa026f93618ea341,0.0,False,True,False
controlled_on_real_features,confirmatory,0,period3_index3,3,3,4,False,oracle_coherent_lift,4,8,9296,0,1024,1.0,8.0,4.126999992877245,320000,False,False,5.161913918527716e-08,0.5,0.5,0.6890000104904175,0.6081250011920929,0.5590000152587891,0.8812068700790405,0.43153077363967896,0.06920739216729999,0.753125011920929,/Users/tinggong/Documents/Codex/2026-07-19/holonomy-applications/work/TwistedMerge-holonomy-applications/reports/tmp/holonomy_applications/application_C_confirmatory/candidate_logits_seed_0.npz,e66a85c7666dd04221594c3752c9051a195a2306e562c212a36b896ac4b530d8,6707bfe96c59ab59a5dc4d6211bd1f1440bcdd0a41ff1d3cddefb7c7149353c4,18efda786f0debf2b351d2c0fa026f93618ea341,0.0,False,True,False
controlled_on_real_features,confirmatory,0,period3_index3,3,3,6,True,ordinary_same_capacity,4,8,9296,0,2304,1.0,8.0,2.286541974171996,320000,False,False,4.2146844236867764e-08,1.5389852592306852e-07,1.5389852592306852e-07,0.45899999141693115,0.23262500204145908,0.1340000033378601,1.8642759323120117,0.7836186289787292,0.25859597967064474,0.3527500033378601,/Users/tinggong/Documents/Codex/2026-07-19/holonomy-applications/work/TwistedMerge-holonomy-applications/reports/tmp/holonomy_applications/application_C_confirmatory/candidate_logits_seed_0.npz,e66a85c7666dd04221594c3752c9051a195a2306e562c212a36b896ac4b530d8,6707bfe96c59ab59a5dc4d6211bd1f1440bcdd0a41ff1d3cddefb7c7149353c4,18efda786f0debf2b351d2c0fa026f93618ea341,-0.23000001907348633,True,False,False
controlled_on_real_features,confirmatory,0,period3_index3,3,3,6,True,coherent_projective_lift,4,8,9296,0,2304,1.0,8.0,4.683000035583973,320000,False,False,4.2146844236867764e-08,1.5389852592306852e-07,1.5389852592306852e-07,0.6890000104904175,0.6081250011920929,0.5590000152587891,0.8812069296836853,0.43153074383735657,0.06920738564804196,0.753125011920929,/Users/tinggong/Documents/Codex/2026-07-19/holonomy-applications/work/TwistedMerge-holonomy-applications/reports/tmp/holonomy_applications/application_C_confirmatory/candidate_logits_seed_0.npz,e66a85c7666dd04221594c3752c9051a195a2306e562c212a36b896ac4b530d8,6707bfe96c59ab59a5dc4d6211bd1f1440bcdd0a41ff1d3cddefb7c7149353c4,18efda786f0debf2b351d2c0fa026f93618ea341,0.0,True,True,True
controlled_on_real_features,confirmatory,0,period3_index3,3,3,6,True,parameter_matched_generic_unitary,4,8,9296,0,2304,1.0,8.0,4.580499837175012,320000,False,False,4.2146844236867764e-08,1.5389852592306852e-07,1.5389852592306852e-07,0.6890000104904175,0.6081250011920929,0.5590000152587891,0.8812069296836853,0.43153077363967896,0.06920740334317088,0.753125011920929,/Users/tinggong/Documents/Codex/2026-07-19/holonomy-applications/work/TwistedMerge-holonomy-applications/reports/tmp/holonomy_applications/application_C_confirmatory/candidate_logits_seed_0.npz,e66a85c7666dd04221594c3752c9051a195a2306e562c212a36b896ac4b530d8,6707bfe96c59ab59a5dc4d6211bd1f1440bcdd0a41ff1d3cddefb7c7149353c4,18efda786f0debf2b351d2c0fa026f93618ea341,0.0,True,True,False
controlled_on_real_features,confirmatory,0,period3_index3,3,3,6,True,random_branch_control,4,8,9296,0,2304,1.0,8.0,4.656667122617364,320000,False,False,4.2146844236867764e-08,1.5389852592306852e-07,1.5389852592306852e-07,0.21799999475479126,0.18424999713897705,0.13300000131130219,2.3501346111297607,0.9032699465751648,0.07842733385041356,0.38487499952316284,/Users/tinggong/Documents/Codex/2026-07-19/holonomy-applications/work/TwistedMerge-holonomy-applications/reports/tmp/holonomy_applications/application_C_confirmatory/candidate_logits_seed_0.npz,e66a85c7666dd04221594c3752c9051a195a2306e562c212a36b896ac4b530d8,6707bfe96c59ab59a5dc4d6211bd1f1440bcdd0a41ff1d3cddefb7c7149353c4,18efda786f0debf2b351d2c0fa026f93618ea341,-0.4710000157356262,True,False,False
controlled_on_real_features,confirmatory,0,period3_index3,3,3,6,True,wrong_cocycle_control,4,8,9296,0,2304,1.0,8.0,4.649790935218334,320000,False,False,4.2146844236867764e-08,1.5389852592306852e-07,1.5389852592306852e-07,0.16899999976158142,0.19125000201165676,0.1420000046491623,2.4489686489105225,0.9136565327644348,0.0217130770906806,0.4293749928474426,/Users/tinggong/Documents/Codex/2026-07-19/holonomy-applications/work/TwistedMerge-holonomy-applications/reports/tmp/holonomy_applications/application_C_confirmatory/candidate_logits_seed_0.npz,e66a85c7666dd04221594c3752c9051a195a2306e562c212a36b896ac4b530d8,6707bfe96c59ab59a5dc4d6211bd1f1440bcdd0a41ff1d3cddefb7c7149353c4,18efda786f0debf2b351d2c0fa026f93618ea341,-0.5200000107288361,True,False,False
controlled_on_real_features,confirmatory,0,period3_index3,3,3,6,True,wrong_projective_representation,4,8,9296,0,2304,1.0,8.0,4.644250031560659,320000,False,False,4.2146844236867764e-08,1.5389852592306852e-07,1.5389852592306852e-07,0.5649999976158142,0.3427500035613775,0.10400000214576721,1.5916792154312134,0.6990296244621277,0.3010227690683678,0.4253750145435333,/Users/tinggong/Documents/Codex/2026-07-19/holonomy-applications/work/TwistedMerge-holonomy-applications/reports/tmp/holonomy_applications/application_C_confirmatory/candidate_logits_seed_0.npz,e66a85c7666dd04221594c3752c9051a195a2306e562c212a36b896ac4b530d8,6707bfe96c59ab59a5dc4d6211bd1f1440bcdd0a41ff1d3cddefb7c7149353c4,18efda786f0debf2b351d2c0fa026f93618ea341,-0.12400001287460327,True,False,False
controlled_on_real_features,confirmatory,0,period3_index3,3,3,6,True,ensemble_upper_bound,4,8,9296,0,2304,1.0,8.0,0.022625084966421127,320000,False,False,4.2146844236867764e-08,1.5389852592306852e-07,1.5389852592306852e-07,0.6890000104904175,0.6081250011920929,0.5590000152587891,0.8812068700790405,0.43153077363967896,0.06920739635825157,0.753125011920929,/Users/tinggong/Documents/Codex/2026-07-19/holonomy-applications/work/TwistedMerge-holonomy-applications/reports/tmp/holonomy_applications/application_C_confirmatory/candidate_logits_seed_0.npz,e66a85c7666dd04221594c3752c9051a195a2306e562c212a36b896ac4b530d8,6707bfe96c59ab59a5dc4d6211bd1f1440bcdd0a41ff1d3cddefb7c7149353c4,18efda786f0debf2b351d2c0fa026f93618ea341,0.0,True,True,False
controlled_on_real_features,confirmatory,0,period3_index3,3,3,6,True,oracle_coherent_lift,4,8,9296,0,2304,1.0,8.0,4.1095002088695765,320000,False,False,4.2146844236867764e-08,1.5389852592306852e-07,1.5389852592306852e-07,0.6890000104904175,0.6081250011920929,0.5590000152587891,0.8812068700790405,0.43153077363967896,0.06920739216729999,0.753125011920929,/Users/tinggong/Documents/Codex/2026-07-19/holonomy-applications/work/TwistedMerge-holonomy-applications/reports/tmp/holonomy_applications/application_C_confirmatory/candidate_logits_seed_0.npz,e66a85c7666dd04221594c3752c9051a195a2306e562c212a36b896ac4b530d8,6707bfe96c59ab59a5dc4d6211bd1f1440bcdd0a41ff1d3cddefb7c7149353c4,18efda786f0debf2b351d2c0fa026f93618ea341,0.0,True,True,False
controlled_on_real_features,confirmatory,1,period2_index2,2,2,1,False,ordinary_same_capacity,4,8,9296,0,64,1.0,8.0,0.889332965016365,320000,False,False,0.0,1.0,1.0,0.6790000200271606,0.2324999999254942,0.10000000149011612,1.4876331090927124,0.6689648628234863,0.4159153216460254,0.7741249799728394,/Users/tinggong/Documents/Codex/2026-07-19/holonomy-applications/work/TwistedMerge-holonomy-applications/reports/tmp/holonomy_applications/application_C_confirmatory/candidate_logits_seed_1.npz,7e1c9f0b4566bd5c3ddb5b9e5f5f6a5df9516cf6e2eba5f174a990421fc504ea,59878600e9c161ad9b63590216429d9aaef241ac5e9f62f00b1c5bbb7b6c2bbc,18efda786f0debf2b351d2c0fa026f93618ea341,-0.006999969482421875,False,False,False
controlled_on_real_features,confirmatory,1,period2_index2,2,2,1,False,coherent_projective_lift,4,8,9296,0,64,1.0,8.0,1.0383750777691603,320000,False,False,0.0,1.0,1.0,0.6790000200271606,0.2324999999254942,0.10000000149011612,1.4876331090927124,0.6689648628234863,0.4159153216460254,0.7741249799728394,/Users/tinggong/Documents/Codex/2026-07-19/holonomy-applications/work/TwistedMerge-holonomy-applications/reports/tmp/holonomy_applications/application_C_confirmatory/candidate_logits_seed_1.npz,7e1c9f0b4566bd5c3ddb5b9e5f5f6a5df9516cf6e2eba5f174a990421fc504ea,59878600e9c161ad9b63590216429d9aaef241ac5e9f62f00b1c5bbb7b6c2bbc,18efda786f0debf2b351d2c0fa026f93618ea341,-0.006999969482421875,False,False,False
controlled_on_real_features,confirmatory,1,period2_index2,2,2,1,False,parameter_matched_generic_unitary,4,8,9296,0,64,1.0,8.0,1.0125420521944761,320000,False,False,0.0,1.0,1.0,0.6859999895095825,0.6059999912977219,0.5600000023841858,0.8799155950546265,0.4306049644947052,0.06655838200822473,0.7528749704360962,/Users/tinggong/Documents/Codex/2026-07-19/holonomy-applications/work/TwistedMerge-holonomy-applications/reports/tmp/holonomy_applications/application_C_confirmatory/candidate_logits_seed_1.npz,7e1c9f0b4566bd5c3ddb5b9e5f5f6a5df9516cf6e2eba5f174a990421fc504ea,59878600e9c161ad9b63590216429d9aaef241ac5e9f62f00b1c5bbb7b6c2bbc,18efda786f0debf2b351d2c0fa026f93618ea341,0.0,False,True,False
controlled_on_real_features,confirmatory,1,period2_index2,2,2,1,False,random_branch_control,4,8,9296,0,64,1.0,8.0,0.9932499378919601,320000,False,False,0.0,1.0,1.0,0.5920000076293945,0.16150000225752592,0.10000000149011612,1.8830397129058838,0.8001835346221924,0.4242558544501662,0.8865000009536743,/Users/tinggong/Documents/Codex/2026-07-19/holonomy-applications/work/TwistedMerge-holonomy-applications/reports/tmp/holonomy_applications/application_C_confirmatory/candidate_logits_seed_1.npz,7e1c9f0b4566bd5c3ddb5b9e5f5f6a5df9516cf6e2eba5f174a990421fc504ea,59878600e9c161ad9b63590216429d9aaef241ac5e9f62f00b1c5bbb7b6c2bbc,18efda786f0debf2b351d2c0fa026f93618ea341,-0.09399998188018799,False,False,False
controlled_on_real_features,confirmatory,1,period2_index2,2,2,1,False,wrong_cocycle_control,4,8,9296,0,64,1.0,8.0,0.9769159369170666,320000,False,False,0.0,1.0,1.0,0.10000000149011612,0.10000000149011612,0.10000000149011612,2.3025851249694824,0.8999997973442078,1.4901161193847656e-08,1.0,/Users/tinggong/Documents/Codex/2026-07-19/holonomy-applications/work/TwistedMerge-holonomy-applications/reports/tmp/holonomy_applications/application_C_confirmatory/candidate_logits_seed_1.npz,7e1c9f0b4566bd5c3ddb5b9e5f5f6a5df9516cf6e2eba5f174a990421fc504ea,59878600e9c161ad9b63590216429d9aaef241ac5e9f62f00b1c5bbb7b6c2bbc,18efda786f0debf2b351d2c0fa026f93618ea341,-0.5859999880194664,False,False,False
controlled_on_real_features,confirmatory,1,period2_index2,2,2,1,False,wrong_projective_representation,4,8,9296,0,64,1.0,8.0,0.9839169215410948,320000,False,False,0.0,1.0,1.0,0.6790000200271606,0.2324999999254942,0.10000000149011612,1.4876331090927124,0.6689648628234863,0.4159153216460254,0.7741249799728394,/Users/tinggong/Documents/Codex/2026-07-19/holonomy-applications/work/TwistedMerge-holonomy-applications/reports/tmp/holonomy_applications/application_C_confirmatory/candidate_logits_seed_1.npz,7e1c9f0b4566bd5c3ddb5b9e5f5f6a5df9516cf6e2eba5f174a990421fc504ea,59878600e9c161ad9b63590216429d9aaef241ac5e9f62f00b1c5bbb7b6c2bbc,18efda786f0debf2b351d2c0fa026f93618ea341,-0.006999969482421875,False,False,False
controlled_on_real_features,confirmatory,1,period2_index2,2,2,1,False,ensemble_upper_bound,4,8,9296,0,64,1.0,8.0,0.06708293221890926,320000,False,False,0.0,1.0,1.0,0.6859999895095825,0.6059999912977219,0.5600000023841858,0.8799155354499817,0.4306049644947052,0.06655839318409562,0.7528749704360962,/Users/tinggong/Documents/Codex/2026-07-19/holonomy-applications/work/TwistedMerge-holonomy-applications/reports/tmp/holonomy_applications/application_C_confirmatory/candidate_logits_seed_1.npz,7e1c9f0b4566bd5c3ddb5b9e5f5f6a5df9516cf6e2eba5f174a990421fc504ea,59878600e9c161ad9b63590216429d9aaef241ac5e9f62f00b1c5bbb7b6c2bbc,18efda786f0debf2b351d2c0fa026f93618ea341,0.0,False,True,False
controlled_on_real_features,confirmatory,1,period2_index2,2,2,1,False,oracle_coherent_lift,4,8,9296,0,64,1.0,8.0,3.6433341447263956,320000,False,False,0.0,1.0,1.0,0.6859999895095825,0.6059999912977219,0.5600000023841858,0.8799155354499817,0.4306049644947052,0.06655837735161185,0.7528749704360962,/Users/tinggong/Documents/Codex/2026-07-19/holonomy-applications/work/TwistedMerge-holonomy-applications/reports/tmp/holonomy_applications/application_C_confirmatory/candidate_logits_seed_1.npz,7e1c9f0b4566bd5c3ddb5b9e5f5f6a5df9516cf6e2eba5f174a990421fc504ea,59878600e9c161ad9b63590216429d9aaef241ac5e9f62f00b1c5bbb7b6c2bbc,18efda786f0debf2b351d2c0fa026f93618ea341,0.0,False,True,False
controlled_on_real_features,confirmatory,1,period2_index2,2,2,2,True,ordinary_same_capacity,4,8,9296,0,256,1.0,8.0,1.3654998037964106,320000,False,False,6.181724643283815e-08,0.0,6.181724643283815e-08,0.22100000083446503,0.23387499476666562,0.0020000000949949026,2.188063859939575,0.8752664923667908,0.06260507728438824,0.3296250104904175,/Users/tinggong/Documents/Codex/2026-07-19/holonomy-applications/work/TwistedMerge-holonomy-applications/reports/tmp/holonomy_applications/application_C_confirmatory/candidate_logits_seed_1.npz,7e1c9f0b4566bd5c3ddb5b9e5f5f6a5df9516cf6e2eba5f174a990421fc504ea,59878600e9c161ad9b63590216429d9aaef241ac5e9f62f00b1c5bbb7b6c2bbc,18efda786f0debf2b351d2c0fa026f93618ea341,-0.4649999886751175,True,False,False
controlled_on_real_features,confirmatory,1,period2_index2,2,2,2,True,coherent_projective_lift,4,8,9296,0,256,1.0,8.0,3.4971251152455807,320000,False,False,6.181724643283815e-08,0.0,6.181724643283815e-08,0.6859999895095825,0.6059999912977219,0.5600000023841858,0.8799155354499817,0.4306049644947052,0.06655837222933769,0.7528749704360962,/Users/tinggong/Documents/Codex/2026-07-19/holonomy-applications/work/TwistedMerge-holonomy-applications/reports/tmp/holonomy_applications/application_C_confirmatory/candidate_logits_seed_1.npz,7e1c9f0b4566bd5c3ddb5b9e5f5f6a5df9516cf6e2eba5f174a990421fc504ea,59878600e9c161ad9b63590216429d9aaef241ac5e9f62f00b1c5bbb7b6c2bbc,18efda786f0debf2b351d2c0fa026f93618ea341,0.0,True,True,True
controlled_on_real_features,confirmatory,1,period2_index2,2,2,2,True,parameter_matched_generic_unitary,4,8,9296,0,256,1.0,8.0,3.4536670427769423,320000,False,False,6.181724643283815e-08,0.0,6.181724643283815e-08,0.6859999895095825,0.6059999912977219,0.5600000023841858,0.8799155354499817,0.4306049644947052,0.06655836291611195,0.7528749704360962,/Users/tinggong/Documents/Codex/2026-07-19/holonomy-applications/work/TwistedMerge-holonomy-applications/reports/tmp/holonomy_applications/application_C_confirmatory/candidate_logits_seed_1.npz,7e1c9f0b4566bd5c3ddb5b9e5f5f6a5df9516cf6e2eba5f174a990421fc504ea,59878600e9c161ad9b63590216429d9aaef241ac5e9f62f00b1c5bbb7b6c2bbc,18efda786f0debf2b351d2c0fa026f93618ea341,0.0,True,True,False
controlled_on_real_features,confirmatory,1,period2_index2,2,2,2,True,random_branch_control,4,8,9296,0,256,1.0,8.0,3.439874853938818,320000,False,False,6.181724643283815e-08,0.0,6.181724643283815e-08,0.003000000026077032,0.17499999812571332,0.003000000026077032,3.0653207302093506,1.0164974927902222,0.19900954165495932,0.3558749854564667,/Users/tinggong/Documents/Codex/2026-07-19/holonomy-applications/work/TwistedMerge-holonomy-applications/reports/tmp/holonomy_applications/application_C_confirmatory/candidate_logits_seed_1.npz,7e1c9f0b4566bd5c3ddb5b9e5f5f6a5df9516cf6e2eba5f174a990421fc504ea,59878600e9c161ad9b63590216429d9aaef241ac5e9f62f00b1c5bbb7b6c2bbc,18efda786f0debf2b351d2c0fa026f93618ea341,-0.6829999894835055,True,False,False
controlled_on_real_features,confirmatory,1,period2_index2,2,2,2,True,wrong_cocycle_control,4,8,9296,0,256,1.0,8.0,3.4244158305227757,320000,False,False,6.181724643283815e-08,0.0,6.181724643283815e-08,0.0020000000949949026,0.0030000000697327778,0.0010000000474974513,7.920366287231445,1.3225429058074951,0.46312187844887376,0.5822499990463257,/Users/tinggong/Documents/Codex/2026-07-19/holonomy-applications/work/TwistedMerge-holonomy-applications/reports/tmp/holonomy_applications/application_C_confirmatory/candidate_logits_seed_1.npz,7e1c9f0b4566bd5c3ddb5b9e5f5f6a5df9516cf6e2eba5f174a990421fc504ea,59878600e9c161ad9b63590216429d9aaef241ac5e9f62f00b1c5bbb7b6c2bbc,18efda786f0debf2b351d2c0fa026f93618ea341,-0.6839999894145876,True,False,False
controlled_on_real_features,confirmatory,1,period2_index2,2,2,2,True,wrong_projective_representation,4,8,9296,0,256,1.0,8.0,3.446167102083564,320000,False,False,6.181724643283815e-08,0.0,6.181724643283815e-08,0.5370000004768372,0.30737499421229586,0.004000000189989805,1.5190081596374512,0.6817274689674377,0.2490059999981895,0.4517500102519989,/Users/tinggong/Documents/Codex/2026-07-19/holonomy-applications/work/TwistedMerge-holonomy-applications/reports/tmp/holonomy_applications/application_C_confirmatory/candidate_logits_seed_1.npz,7e1c9f0b4566bd5c3ddb5b9e5f5f6a5df9516cf6e2eba5f174a990421fc504ea,59878600e9c161ad9b63590216429d9aaef241ac5e9f62f00b1c5bbb7b6c2bbc,18efda786f0debf2b351d2c0fa026f93618ea341,-0.14899998903274536,True,False,False
controlled_on_real_features,confirmatory,1,period2_index2,2,2,2,True,ensemble_upper_bound,4,8,9296,0,256,1.0,8.0,0.054167117923498154,320000,False,False,6.181724643283815e-08,0.0,6.181724643283815e-08,0.6859999895095825,0.6059999912977219,0.5600000023841858,0.8799155354499817,0.4306049644947052,0.06655839318409562,0.7528749704360962,/Users/tinggong/Documents/Codex/2026-07-19/holonomy-applications/work/TwistedMerge-holonomy-applications/reports/tmp/holonomy_applications/application_C_confirmatory/candidate_logits_seed_1.npz,7e1c9f0b4566bd5c3ddb5b9e5f5f6a5df9516cf6e2eba5f174a990421fc504ea,59878600e9c161ad9b63590216429d9aaef241ac5e9f62f00b1c5bbb7b6c2bbc,18efda786f0debf2b351d2c0fa026f93618ea341,0.0,True,True,False
controlled_on_real_features,confirmatory,1,period2_index2,2,2,2,True,oracle_coherent_lift,4,8,9296,0,256,1.0,8.0,3.4882500767707825,320000,False,False,6.181724643283815e-08,0.0,6.181724643283815e-08,0.6859999895095825,0.6059999912977219,0.5600000023841858,0.8799155354499817,0.4306049644947052,0.06655837735161185,0.7528749704360962,/Users/tinggong/Documents/Codex/2026-07-19/holonomy-applications/work/TwistedMerge-holonomy-applications/reports/tmp/holonomy_applications/application_C_confirmatory/candidate_logits_seed_1.npz,7e1c9f0b4566bd5c3ddb5b9e5f5f6a5df9516cf6e2eba5f174a990421fc504ea,59878600e9c161ad9b63590216429d9aaef241ac5e9f62f00b1c5bbb7b6c2bbc,18efda786f0debf2b351d2c0fa026f93618ea341,0.0,True,True,False
controlled_on_real_features,confirmatory,1,period2_index2,2,2,3,False,ordinary_same_capacity,4,8,9296,0,576,1.0,8.0,1.6166658606380224,320000,False,False,5.047356665954794e-08,0.5773502588272095,0.5773502588272095,0.5320000052452087,0.24737499977345578,0.0020000000949949026,1.8097758293151855,0.7734731435775757,0.3381994980154559,0.36500000953674316,/Users/tinggong/Documents/Codex/2026-07-19/holonomy-applications/work/TwistedMerge-holonomy-applications/reports/tmp/holonomy_applications/application_C_confirmatory/candidate_logits_seed_1.npz,7e1c9f0b4566bd5c3ddb5b9e5f5f6a5df9516cf6e2eba5f174a990421fc504ea,59878600e9c161ad9b63590216429d9aaef241ac5e9f62f00b1c5bbb7b6c2bbc,18efda786f0debf2b351d2c0fa026f93618ea341,-0.15399998426437378,False,False,False
controlled_on_real_features,confirmatory,1,period2_index2,2,2,3,False,coherent_projective_lift,4,8,9296,0,576,1.0,8.0,4.189458908513188,320000,False,False,5.047356665954794e-08,0.5773502588272095,0.5773502588272095,0.6320000290870667,0.5152500011026859,0.4560000002384186,1.0816597938537598,0.5232492089271545,0.11897412419784814,0.71875,/Users/tinggong/Documents/Codex/2026-07-19/holonomy-applications/work/TwistedMerge-holonomy-applications/reports/tmp/holonomy_applications/application_C_confirmatory/candidate_logits_seed_1.npz,7e1c9f0b4566bd5c3ddb5b9e5f5f6a5df9516cf6e2eba5f174a990421fc504ea,59878600e9c161ad9b63590216429d9aaef241ac5e9f62f00b1c5bbb7b6c2bbc,18efda786f0debf2b351d2c0fa026f93618ea341,-0.05399996042251587,False,False,False
controlled_on_real_features,confirmatory,1,period2_index2,2,2,3,False,parameter_matched_generic_unitary,4,8,9296,0,576,1.0,8.0,4.055708181113005,320000,False,False,5.047356665954794e-08,0.5773502588272095,0.5773502588272095,0.6859999895095825,0.6059999912977219,0.5600000023841858,0.8799155354499817,0.4306049644947052,0.06655837269499898,0.7528749704360962,/Users/tinggong/Documents/Codex/2026-07-19/holonomy-applications/work/TwistedMerge-holonomy-applications/reports/tmp/holonomy_applications/application_C_confirmatory/candidate_logits_seed_1.npz,7e1c9f0b4566bd5c3ddb5b9e5f5f6a5df9516cf6e2eba5f174a990421fc504ea,59878600e9c161ad9b63590216429d9aaef241ac5e9f62f00b1c5bbb7b6c2bbc,18efda786f0debf2b351d2c0fa026f93618ea341,0.0,False,True,False
controlled_on_real_features,confirmatory,1,period2_index2,2,2,3,False,random_branch_control,4,8,9296,0,576,1.0,8.0,4.08299989067018,320000,False,False,5.047356665954794e-08,0.5773502588272095,0.5773502588272095,0.25699999928474426,0.20962500150199048,0.0020000000949949026,2.1743667125701904,0.8655151128768921,0.14306631416548043,0.3709999918937683,/Users/tinggong/Documents/Codex/2026-07-19/holonomy-applications/work/TwistedMerge-holonomy-applications/reports/tmp/holonomy_applications/application_C_confirmatory/candidate_logits_seed_1.npz,7e1c9f0b4566bd5c3ddb5b9e5f5f6a5df9516cf6e2eba5f174a990421fc504ea,59878600e9c161ad9b63590216429d9aaef241ac5e9f62f00b1c5bbb7b6c2bbc,18efda786f0debf2b351d2c0fa026f93618ea341,-0.42899999022483826,False,False,False
controlled_on_real_features,confirmatory,1,period2_index2,2,2,3,False,wrong_cocycle_control,4,8,9296,0,576,1.0,8.0,4.098166944459081,320000,False,False,5.047356665954794e-08,0.5773502588272095,0.5773502588272095,0.0020000000949949026,0.0027500000869622454,0.0010000000474974513,5.045208930969238,1.242451786994934,0.40843569580465555,0.6953750252723694,/Users/tinggong/Documents/Codex/2026-07-19/holonomy-applications/work/TwistedMerge-holonomy-applications/reports/tmp/holonomy_applications/application_C_confirmatory/candidate_logits_seed_1.npz,7e1c9f0b4566bd5c3ddb5b9e5f5f6a5df9516cf6e2eba5f174a990421fc504ea,59878600e9c161ad9b63590216429d9aaef241ac5e9f62f00b1c5bbb7b6c2bbc,18efda786f0debf2b351d2c0fa026f93618ea341,-0.6839999894145876,False,False,False
controlled_on_real_features,confirmatory,1,period2_index2,2,2,3,False,wrong_projective_representation,4,8,9296,0,576,1.0,8.0,4.106334177777171,320000,False,False,5.047356665954794e-08,0.5773502588272095,0.5773502588272095,0.5509999990463257,0.3001249944209121,0.004000000189989805,1.6581640243530273,0.722245991230011,0.3045056438058964,0.44212499260902405,/Users/tinggong/Documents/Codex/2026-07-19/holonomy-applications/work/TwistedMerge-holonomy-applications/reports/tmp/holonomy_applications/application_C_confirmatory/candidate_logits_seed_1.npz,7e1c9f0b4566bd5c3ddb5b9e5f5f6a5df9516cf6e2eba5f174a990421fc504ea,59878600e9c161ad9b63590216429d9aaef241ac5e9f62f00b1c5bbb7b6c2bbc,18efda786f0debf2b351d2c0fa026f93618ea341,-0.13499999046325684,False,False,False
controlled_on_real_features,confirmatory,1,period2_index2,2,2,3,False,ensemble_upper_bound,4,8,9296,0,576,1.0,8.0,0.04429207183420658,320000,False,False,5.047356665954794e-08,0.5773502588272095,0.5773502588272095,0.6859999895095825,0.6059999912977219,0.5600000023841858,0.8799155354499817,0.4306049644947052,0.06655839318409562,0.7528749704360962,/Users/tinggong/Documents/Codex/2026-07-19/holonomy-applications/work/TwistedMerge-holonomy-applications/reports/tmp/holonomy_applications/application_C_confirmatory/candidate_logits_seed_1.npz,7e1c9f0b4566bd5c3ddb5b9e5f5f6a5df9516cf6e2eba5f174a990421fc504ea,59878600e9c161ad9b63590216429d9aaef241ac5e9f62f00b1c5bbb7b6c2bbc,18efda786f0debf2b351d2c0fa026f93618ea341,0.0,False,True,False
controlled_on_real_features,confirmatory,1,period2_index2,2,2,3,False,oracle_coherent_lift,4,8,9296,0,576,1.0,8.0,3.448291914537549,320000,False,False,5.047356665954794e-08,0.5773502588272095,0.5773502588272095,0.6859999895095825,0.6059999912977219,0.5600000023841858,0.8799155354499817,0.4306049644947052,0.06655837735161185,0.7528749704360962,/Users/tinggong/Documents/Codex/2026-07-19/holonomy-applications/work/TwistedMerge-holonomy-applications/reports/tmp/holonomy_applications/application_C_confirmatory/candidate_logits_seed_1.npz,7e1c9f0b4566bd5c3ddb5b9e5f5f6a5df9516cf6e2eba5f174a990421fc504ea,59878600e9c161ad9b63590216429d9aaef241ac5e9f62f00b1c5bbb7b6c2bbc,18efda786f0debf2b351d2c0fa026f93618ea341,0.0,False,True,False
controlled_on_real_features,confirmatory,1,period2_index2,2,2,4,True,ordinary_same_capacity,4,8,9296,0,1024,1.0,8.0,1.9171671010553837,320000,False,False,4.371138828673793e-08,0.0,4.371138828673793e-08,0.22100000083446503,0.23925000193412416,0.0020000000949949026,2.191128730773926,0.8754568099975586,0.07092990633100271,0.35362499952316284,/Users/tinggong/Documents/Codex/2026-07-19/holonomy-applications/work/TwistedMerge-holonomy-applications/reports/tmp/holonomy_applications/application_C_confirmatory/candidate_logits_seed_1.npz,7e1c9f0b4566bd5c3ddb5b9e5f5f6a5df9516cf6e2eba5f174a990421fc504ea,59878600e9c161ad9b63590216429d9aaef241ac5e9f62f00b1c5bbb7b6c2bbc,18efda786f0debf2b351d2c0fa026f93618ea341,-0.4649999886751175,True,False,False
controlled_on_real_features,confirmatory,1,period2_index2,2,2,4,True,coherent_projective_lift,4,8,9296,0,1024,1.0,8.0,4.1959998197853565,320000,False,False,4.371138828673793e-08,0.0,4.371138828673793e-08,0.6859999895095825,0.6059999912977219,0.5600000023841858,0.8799155354499817,0.4306049644947052,0.06655837129801512,0.7528749704360962,/Users/tinggong/Documents/Codex/2026-07-19/holonomy-applications/work/TwistedMerge-holonomy-applications/reports/tmp/holonomy_applications/application_C_confirmatory/candidate_logits_seed_1.npz,7e1c9f0b4566bd5c3ddb5b9e5f5f6a5df9516cf6e2eba5f174a990421fc504ea,59878600e9c161ad9b63590216429d9aaef241ac5e9f62f00b1c5bbb7b6c2bbc,18efda786f0debf2b351d2c0fa026f93618ea341,0.0,True,True,True
controlled_on_real_features,confirmatory,1,period2_index2,2,2,4,True,parameter_matched_generic_unitary,4,8,9296,0,1024,1.0,8.0,4.168666899204254,320000,False,False,4.371138828673793e-08,0.0,4.371138828673793e-08,0.6859999895095825,0.6059999912977219,0.5600000023841858,0.8799155354499817,0.4306049644947052,0.06655834335833788,0.7528749704360962,/Users/tinggong/Documents/Codex/2026-07-19/holonomy-applications/work/TwistedMerge-holonomy-applications/reports/tmp/holonomy_applications/application_C_confirmatory/candidate_logits_seed_1.npz,7e1c9f0b4566bd5c3ddb5b9e5f5f6a5df9516cf6e2eba5f174a990421fc504ea,59878600e9c161ad9b63590216429d9aaef241ac5e9f62f00b1c5bbb7b6c2bbc,18efda786f0debf2b351d2c0fa026f93618ea341,0.0,True,True,False
controlled_on_real_features,confirmatory,1,period2_index2,2,2,4,True,random_branch_control,4,8,9296,0,1024,1.0,8.0,4.157458897680044,320000,False,False,4.371138828673793e-08,0.0,4.371138828673793e-08,0.10499999672174454,0.19562499970197678,0.12700000405311584,2.3309311866760254,0.9051644206047058,0.020266147024813108,0.3252499997615814,/Users/tinggong/Documents/Codex/2026-07-19/holonomy-applications/work/TwistedMerge-holonomy-applications/reports/tmp/holonomy_applications/application_C_confirmatory/candidate_logits_seed_1.npz,7e1c9f0b4566bd5c3ddb5b9e5f5f6a5df9516cf6e2eba5f174a990421fc504ea,59878600e9c161ad9b63590216429d9aaef241ac5e9f62f00b1c5bbb7b6c2bbc,18efda786f0debf2b351d2c0fa026f93618ea341,-0.580999992787838,True,False,False
controlled_on_real_features,confirmatory,1,period2_index2,2,2,4,True,wrong_cocycle_control,4,8,9296,0,1024,1.0,8.0,4.185040947049856,320000,False,False,4.371138828673793e-08,0.0,4.371138828673793e-08,0.0020000000949949026,0.0030000000697327778,0.0010000000474974513,7.920366287231445,1.3225429058074951,0.4631218526046723,0.5822499990463257,/Users/tinggong/Documents/Codex/2026-07-19/holonomy-applications/work/TwistedMerge-holonomy-applications/reports/tmp/holonomy_applications/application_C_confirmatory/candidate_logits_seed_1.npz,7e1c9f0b4566bd5c3ddb5b9e5f5f6a5df9516cf6e2eba5f174a990421fc504ea,59878600e9c161ad9b63590216429d9aaef241ac5e9f62f00b1c5bbb7b6c2bbc,18efda786f0debf2b351d2c0fa026f93618ea341,-0.6839999894145876,True,False,False
controlled_on_real_features,confirmatory,1,period2_index2,2,2,4,True,wrong_projective_representation,4,8,9296,0,1024,1.0,8.0,4.171041073277593,320000,False,False,4.371138828673793e-08,0.0,4.371138828673793e-08,0.5479999780654907,0.3094999957829714,0.13600000739097595,1.661367416381836,0.7266446352005005,0.3112859957036562,0.4076249897480011,/Users/tinggong/Documents/Codex/2026-07-19/holonomy-applications/work/TwistedMerge-holonomy-applications/reports/tmp/holonomy_applications/application_C_confirmatory/candidate_logits_seed_1.npz,7e1c9f0b4566bd5c3ddb5b9e5f5f6a5df9516cf6e2eba5f174a990421fc504ea,59878600e9c161ad9b63590216429d9aaef241ac5e9f62f00b1c5bbb7b6c2bbc,18efda786f0debf2b351d2c0fa026f93618ea341,-0.1380000114440918,True,False,False
controlled_on_real_features,confirmatory,1,period2_index2,2,2,4,True,ensemble_upper_bound,4,8,9296,0,1024,1.0,8.0,0.027999980375170708,320000,False,False,4.371138828673793e-08,0.0,4.371138828673793e-08,0.6859999895095825,0.6059999912977219,0.5600000023841858,0.8799155354499817,0.4306049644947052,0.06655839318409562,0.7528749704360962,/Users/tinggong/Documents/Codex/2026-07-19/holonomy-applications/work/TwistedMerge-holonomy-applications/reports/tmp/holonomy_applications/application_C_confirmatory/candidate_logits_seed_1.npz,7e1c9f0b4566bd5c3ddb5b9e5f5f6a5df9516cf6e2eba5f174a990421fc504ea,59878600e9c161ad9b63590216429d9aaef241ac5e9f62f00b1c5bbb7b6c2bbc,18efda786f0debf2b351d2c0fa026f93618ea341,0.0,True,True,False
controlled_on_real_features,confirmatory,1,period2_index2,2,2,4,True,oracle_coherent_lift,4,8,9296,0,1024,1.0,8.0,3.4522078931331635,320000,False,False,4.371138828673793e-08,0.0,4.371138828673793e-08,0.6859999895095825,0.6059999912977219,0.5600000023841858,0.8799155354499817,0.4306049644947052,0.06655837735161185,0.7528749704360962,/Users/tinggong/Documents/Codex/2026-07-19/holonomy-applications/work/TwistedMerge-holonomy-applications/reports/tmp/holonomy_applications/application_C_confirmatory/candidate_logits_seed_1.npz,7e1c9f0b4566bd5c3ddb5b9e5f5f6a5df9516cf6e2eba5f174a990421fc504ea,59878600e9c161ad9b63590216429d9aaef241ac5e9f62f00b1c5bbb7b6c2bbc,18efda786f0debf2b351d2c0fa026f93618ea341,0.0,True,True,False
controlled_on_real_features,confirmatory,1,period2_index4,2,4,1,False,ordinary_same_capacity,4,8,9296,0,64,1.0,8.0,0.7677089888602495,320000,False,False,0.0,1.0,1.0,0.7070000171661377,0.30500000063329935,0.10000000149011612,1.2280158996582031,0.5643790364265442,0.34460454824147746,0.6626250147819519,/Users/tinggong/Documents/Codex/2026-07-19/holonomy-applications/work/TwistedMerge-holonomy-applications/reports/tmp/holonomy_applications/application_C_confirmatory/candidate_logits_seed_1.npz,7e1c9f0b4566bd5c3ddb5b9e5f5f6a5df9516cf6e2eba5f174a990421fc504ea,59878600e9c161ad9b63590216429d9aaef241ac5e9f62f00b1c5bbb7b6c2bbc,18efda786f0debf2b351d2c0fa026f93618ea341,0.021000027656555176,False,True,False
controlled_on_real_features,confirmatory,1,period2_index4,2,4,1,False,coherent_projective_lift,4,8,9296,0,64,1.0,8.0,1.001874916255474,320000,False,False,0.0,1.0,1.0,0.7070000171661377,0.30500000063329935,0.10000000149011612,1.2280158996582031,0.5643790364265442,0.34460454824147746,0.6626250147819519,/Users/tinggong/Documents/Codex/2026-07-19/holonomy-applications/work/TwistedMerge-holonomy-applications/reports/tmp/holonomy_applications/application_C_confirmatory/candidate_logits_seed_1.npz,7e1c9f0b4566bd5c3ddb5b9e5f5f6a5df9516cf6e2eba5f174a990421fc504ea,59878600e9c161ad9b63590216429d9aaef241ac5e9f62f00b1c5bbb7b6c2bbc,18efda786f0debf2b351d2c0fa026f93618ea341,0.021000027656555176,False,True,False
controlled_on_real_features,confirmatory,1,period2_index4,2,4,1,False,parameter_matched_generic_unitary,4,8,9296,0,64,1.0,8.0,1.0033329017460346,320000,False,False,0.0,1.0,1.0,0.6859999895095825,0.6059999912977219,0.5600000023841858,0.8799155354499817,0.4306049048900604,0.06655837269499898,0.7528749704360962,/Users/tinggong/Documents/Codex/2026-07-19/holonomy-applications/work/TwistedMerge-holonomy-applications/reports/tmp/holonomy_applications/application_C_confirmatory/candidate_logits_seed_1.npz,7e1c9f0b4566bd5c3ddb5b9e5f5f6a5df9516cf6e2eba5f174a990421fc504ea,59878600e9c161ad9b63590216429d9aaef241ac5e9f62f00b1c5bbb7b6c2bbc,18efda786f0debf2b351d2c0fa026f93618ea341,0.0,False,True,False
controlled_on_real_features,confirmatory,1,period2_index4,2,4,1,False,random_branch_control,4,8,9296,0,64,1.0,8.0,0.9739161469042301,320000,False,False,0.0,1.0,1.0,0.6850000023841858,0.23400000296533108,0.10000000149011612,1.5013610124588013,0.6733478903770447,0.4258416671073064,0.7749999761581421,/Users/tinggong/Documents/Codex/2026-07-19/holonomy-applications/work/TwistedMerge-holonomy-applications/reports/tmp/holonomy_applications/application_C_confirmatory/candidate_logits_seed_1.npz,7e1c9f0b4566bd5c3ddb5b9e5f5f6a5df9516cf6e2eba5f174a990421fc504ea,59878600e9c161ad9b63590216429d9aaef241ac5e9f62f00b1c5bbb7b6c2bbc,18efda786f0debf2b351d2c0fa026f93618ea341,-0.0009999871253967285,False,True,False
controlled_on_real_features,confirmatory,1,period2_index4,2,4,1,False,wrong_cocycle_control,4,8,9296,0,64,1.0,8.0,0.9883751627057791,320000,False,False,0.0,1.0,1.0,0.10000000149011612,0.10000000149011612,0.10000000149011612,2.3025851249694824,0.8999997973442078,1.4901161193847656e-08,1.0,/Users/tinggong/Documents/Codex/2026-07-19/holonomy-applications/work/TwistedMerge-holonomy-applications/reports/tmp/holonomy_applications/application_C_confirmatory/candidate_logits_seed_1.npz,7e1c9f0b4566bd5c3ddb5b9e5f5f6a5df9516cf6e2eba5f174a990421fc504ea,59878600e9c161ad9b63590216429d9aaef241ac5e9f62f00b1c5bbb7b6c2bbc,18efda786f0debf2b351d2c0fa026f93618ea341,-0.5859999880194664,False,False,False
controlled_on_real_features,confirmatory,1,period2_index4,2,4,1,False,wrong_projective_representation,4,8,9296,0,64,1.0,8.0,0.9951249230653048,320000,False,False,0.0,1.0,1.0,0.6790000200271606,0.2324999999254942,0.10000000149011612,1.4876331090927124,0.6689648628234863,0.41591530115692876,0.7741249799728394,/Users/tinggong/Documents/Codex/2026-07-19/holonomy-applications/work/TwistedMerge-holonomy-applications/reports/tmp/holonomy_applications/application_C_confirmatory/candidate_logits_seed_1.npz,7e1c9f0b4566bd5c3ddb5b9e5f5f6a5df9516cf6e2eba5f174a990421fc504ea,59878600e9c161ad9b63590216429d9aaef241ac5e9f62f00b1c5bbb7b6c2bbc,18efda786f0debf2b351d2c0fa026f93618ea341,-0.006999969482421875,False,False,False
controlled_on_real_features,confirmatory,1,period2_index4,2,4,1,False,ensemble_upper_bound,4,8,9296,0,64,1.0,8.0,0.04754099063575268,320000,False,False,0.0,1.0,1.0,0.6859999895095825,0.6059999912977219,0.5600000023841858,0.8799155354499817,0.4306049644947052,0.06655839318409562,0.7528749704360962,/Users/tinggong/Documents/Codex/2026-07-19/holonomy-applications/work/TwistedMerge-holonomy-applications/reports/tmp/holonomy_applications/application_C_confirmatory/candidate_logits_seed_1.npz,7e1c9f0b4566bd5c3ddb5b9e5f5f6a5df9516cf6e2eba5f174a990421fc504ea,59878600e9c161ad9b63590216429d9aaef241ac5e9f62f00b1c5bbb7b6c2bbc,18efda786f0debf2b351d2c0fa026f93618ea341,0.0,False,True,False
controlled_on_real_features,confirmatory,1,period2_index4,2,4,1,False,oracle_coherent_lift,4,8,9296,0,64,1.0,8.0,4.189583007246256,320000,False,False,0.0,1.0,1.0,0.6859999895095825,0.6059999912977219,0.5600000023841858,0.8799156546592712,0.4306049644947052,0.06655836943536997,0.7528749704360962,/Users/tinggong/Documents/Codex/2026-07-19/holonomy-applications/work/TwistedMerge-holonomy-applications/reports/tmp/holonomy_applications/application_C_confirmatory/candidate_logits_seed_1.npz,7e1c9f0b4566bd5c3ddb5b9e5f5f6a5df9516cf6e2eba5f174a990421fc504ea,59878600e9c161ad9b63590216429d9aaef241ac5e9f62f00b1c5bbb7b6c2bbc,18efda786f0debf2b351d2c0fa026f93618ea341,0.0,False,True,False
controlled_on_real_features,confirmatory,1,period2_index4,2,4,2,False,ordinary_same_capacity,4,8,9296,0,256,1.0,8.0,1.3383750338107347,320000,False,False,6.181724643283815e-08,1.0,1.0,0.5839999914169312,0.3248749999329448,0.10000000149011612,1.4233543872833252,0.6452874541282654,0.2735618958249688,0.4650000035762787,/Users/tinggong/Documents/Codex/2026-07-19/holonomy-applications/work/TwistedMerge-holonomy-applications/reports/tmp/holonomy_applications/application_C_confirmatory/candidate_logits_seed_1.npz,7e1c9f0b4566bd5c3ddb5b9e5f5f6a5df9516cf6e2eba5f174a990421fc504ea,59878600e9c161ad9b63590216429d9aaef241ac5e9f62f00b1c5bbb7b6c2bbc,18efda786f0debf2b351d2c0fa026f93618ea341,-0.10199999809265137,False,False,False
controlled_on_real_features,confirmatory,1,period2_index4,2,4,2,False,coherent_projective_lift,4,8,9296,0,256,1.0,8.0,3.441625041887164,320000,False,False,6.181724643283815e-08,1.0,1.0,0.6890000104904175,0.4249999960884452,0.10000000149011612,1.002930998802185,0.4744153320789337,0.19674963597208261,0.5460000038146973,/Users/tinggong/Documents/Codex/2026-07-19/holonomy-applications/work/TwistedMerge-holonomy-applications/reports/tmp/holonomy_applications/application_C_confirmatory/candidate_logits_seed_1.npz,7e1c9f0b4566bd5c3ddb5b9e5f5f6a5df9516cf6e2eba5f174a990421fc504ea,59878600e9c161ad9b63590216429d9aaef241ac5e9f62f00b1c5bbb7b6c2bbc,18efda786f0debf2b351d2c0fa026f93618ea341,0.003000020980834961,False,True,False
controlled_on_real_features,confirmatory,1,period2_index4,2,4,2,False,parameter_matched_generic_unitary,4,8,9296,0,256,1.0,8.0,3.460041945800185,320000,False,False,6.181724643283815e-08,1.0,1.0,0.6859999895095825,0.6059999912977219,0.5600000023841858,0.8799155950546265,0.4306049644947052,0.0665583717636764,0.7528749704360962,/Users/tinggong/Documents/Codex/2026-07-19/holonomy-applications/work/TwistedMerge-holonomy-applications/reports/tmp/holonomy_applications/application_C_confirmatory/candidate_logits_seed_1.npz,7e1c9f0b4566bd5c3ddb5b9e5f5f6a5df9516cf6e2eba5f174a990421fc504ea,59878600e9c161ad9b63590216429d9aaef241ac5e9f62f00b1c5bbb7b6c2bbc,18efda786f0debf2b351d2c0fa026f93618ea341,0.0,False,True,False
controlled_on_real_features,confirmatory,1,period2_index4,2,4,2,False,random_branch_control,4,8,9296,0,256,1.0,8.0,3.470499999821186,320000,False,False,6.181724643283815e-08,1.0,1.0,0.3400000035762787,0.20875000301748514,0.10000000149011612,2.217430591583252,0.879928469657898,0.2074296164792031,0.6471250057220459,/Users/tinggong/Documents/Codex/2026-07-19/holonomy-applications/work/TwistedMerge-holonomy-applications/reports/tmp/holonomy_applications/application_C_confirmatory/candidate_logits_seed_1.npz,7e1c9f0b4566bd5c3ddb5b9e5f5f6a5df9516cf6e2eba5f174a990421fc504ea,59878600e9c161ad9b63590216429d9aaef241ac5e9f62f00b1c5bbb7b6c2bbc,18efda786f0debf2b351d2c0fa026f93618ea341,-0.34599998593330383,False,False,False
controlled_on_real_features,confirmatory,1,period2_index4,2,4,2,False,wrong_cocycle_control,4,8,9296,0,256,1.0,8.0,3.466458059847355,320000,False,False,6.181724643283815e-08,1.0,1.0,0.4410000145435333,0.1740000005811453,0.10000000149011612,2.3025851249694824,0.8999997973442078,0.19199997186660767,0.7551249861717224,/Users/tinggong/Documents/Codex/2026-07-19/holonomy-applications/work/TwistedMerge-holonomy-applications/reports/tmp/holonomy_applications/application_C_confirmatory/candidate_logits_seed_1.npz,7e1c9f0b4566bd5c3ddb5b9e5f5f6a5df9516cf6e2eba5f174a990421fc504ea,59878600e9c161ad9b63590216429d9aaef241ac5e9f62f00b1c5bbb7b6c2bbc,18efda786f0debf2b351d2c0fa026f93618ea341,-0.2449999749660492,False,False,False
controlled_on_real_features,confirmatory,1,period2_index4,2,4,2,False,wrong_projective_representation,4,8,9296,0,256,1.0,8.0,3.4797501284629107,320000,False,False,6.181724643283815e-08,1.0,1.0,0.5040000081062317,0.24412500020116568,0.10000000149011612,1.7085775136947632,0.7394049167633057,0.2640959190175636,0.4662500023841858,/Users/tinggong/Documents/Codex/2026-07-19/holonomy-applications/work/TwistedMerge-holonomy-applications/reports/tmp/holonomy_applications/application_C_confirmatory/candidate_logits_seed_1.npz,7e1c9f0b4566bd5c3ddb5b9e5f5f6a5df9516cf6e2eba5f174a990421fc504ea,59878600e9c161ad9b63590216429d9aaef241ac5e9f62f00b1c5bbb7b6c2bbc,18efda786f0debf2b351d2c0fa026f93618ea341,-0.18199998140335083,False,False,False
controlled_on_real_features,confirmatory,1,period2_index4,2,4,2,False,ensemble_upper_bound,4,8,9296,0,256,1.0,8.0,0.0502921175211668,320000,False,False,6.181724643283815e-08,1.0,1.0,0.6859999895095825,0.6059999912977219,0.5600000023841858,0.8799155354499817,0.4306049644947052,0.06655839318409562,0.7528749704360962,/Users/tinggong/Documents/Codex/2026-07-19/holonomy-applications/work/TwistedMerge-holonomy-applications/reports/tmp/holonomy_applications/application_C_confirmatory/candidate_logits_seed_1.npz,7e1c9f0b4566bd5c3ddb5b9e5f5f6a5df9516cf6e2eba5f174a990421fc504ea,59878600e9c161ad9b63590216429d9aaef241ac5e9f62f00b1c5bbb7b6c2bbc,18efda786f0debf2b351d2c0fa026f93618ea341,0.0,False,True,False
controlled_on_real_features,confirmatory,1,period2_index4,2,4,2,False,oracle_coherent_lift,4,8,9296,0,256,1.0,8.0,4.147040890529752,320000,False,False,6.181724643283815e-08,1.0,1.0,0.6859999895095825,0.6059999912977219,0.5600000023841858,0.8799156546592712,0.4306049644947052,0.06655836943536997,0.7528749704360962,/Users/tinggong/Documents/Codex/2026-07-19/holonomy-applications/work/TwistedMerge-holonomy-applications/reports/tmp/holonomy_applications/application_C_confirmatory/candidate_logits_seed_1.npz,7e1c9f0b4566bd5c3ddb5b9e5f5f6a5df9516cf6e2eba5f174a990421fc504ea,59878600e9c161ad9b63590216429d9aaef241ac5e9f62f00b1c5bbb7b6c2bbc,18efda786f0debf2b351d2c0fa026f93618ea341,0.0,False,True,False
controlled_on_real_features,confirmatory,1,period2_index4,2,4,3,False,ordinary_same_capacity,4,8,9296,0,576,1.0,8.0,1.5760830137878656,320000,False,False,5.047356665954794e-08,0.8164966106414795,0.8164966106414795,0.5490000247955322,0.3199999984353781,0.10400000214576721,1.5337895154953003,0.6863542199134827,0.25985018674691673,0.4050000011920929,/Users/tinggong/Documents/Codex/2026-07-19/holonomy-applications/work/TwistedMerge-holonomy-applications/reports/tmp/holonomy_applications/application_C_confirmatory/candidate_logits_seed_1.npz,7e1c9f0b4566bd5c3ddb5b9e5f5f6a5df9516cf6e2eba5f174a990421fc504ea,59878600e9c161ad9b63590216429d9aaef241ac5e9f62f00b1c5bbb7b6c2bbc,18efda786f0debf2b351d2c0fa026f93618ea341,-0.1369999647140503,False,False,False
controlled_on_real_features,confirmatory,1,period2_index4,2,4,3,False,coherent_projective_lift,4,8,9296,0,576,1.0,8.0,4.123958991840482,320000,False,False,5.047356665954794e-08,0.8164966106414795,0.8164966106414795,0.671999990940094,0.5323750004172325,0.4169999957084656,0.9535982012748718,0.46215197443962097,0.12841843371279538,0.6537500023841858,/Users/tinggong/Documents/Codex/2026-07-19/holonomy-applications/work/TwistedMerge-holonomy-applications/reports/tmp/holonomy_applications/application_C_confirmatory/candidate_logits_seed_1.npz,7e1c9f0b4566bd5c3ddb5b9e5f5f6a5df9516cf6e2eba5f174a990421fc504ea,59878600e9c161ad9b63590216429d9aaef241ac5e9f62f00b1c5bbb7b6c2bbc,18efda786f0debf2b351d2c0fa026f93618ea341,-0.013999998569488525,False,False,False
controlled_on_real_features,confirmatory,1,period2_index4,2,4,3,False,parameter_matched_generic_unitary,4,8,9296,0,576,1.0,8.0,4.127042135223746,320000,False,False,5.047356665954794e-08,0.8164966106414795,0.8164966106414795,0.6859999895095825,0.6059999912977219,0.5600000023841858,0.8799155950546265,0.4306049644947052,0.06655837316066027,0.7528749704360962,/Users/tinggong/Documents/Codex/2026-07-19/holonomy-applications/work/TwistedMerge-holonomy-applications/reports/tmp/holonomy_applications/application_C_confirmatory/candidate_logits_seed_1.npz,7e1c9f0b4566bd5c3ddb5b9e5f5f6a5df9516cf6e2eba5f174a990421fc504ea,59878600e9c161ad9b63590216429d9aaef241ac5e9f62f00b1c5bbb7b6c2bbc,18efda786f0debf2b351d2c0fa026f93618ea341,0.0,False,True,False
controlled_on_real_features,confirmatory,1,period2_index4,2,4,3,False,random_branch_control,4,8,9296,0,576,1.0,8.0,4.116707947105169,320000,False,False,5.047356665954794e-08,0.8164966106414795,0.8164966106414795,0.2240000069141388,0.16700000036507845,0.08799999952316284,2.393872022628784,0.8914148807525635,0.021582518820650876,0.38062500953674316,/Users/tinggong/Documents/Codex/2026-07-19/holonomy-applications/work/TwistedMerge-holonomy-applications/reports/tmp/holonomy_applications/application_C_confirmatory/candidate_logits_seed_1.npz,7e1c9f0b4566bd5c3ddb5b9e5f5f6a5df9516cf6e2eba5f174a990421fc504ea,59878600e9c161ad9b63590216429d9aaef241ac5e9f62f00b1c5bbb7b6c2bbc,18efda786f0debf2b351d2c0fa026f93618ea341,-0.4619999825954437,False,False,False
controlled_on_real_features,confirmatory,1,period2_index4,2,4,3,False,wrong_cocycle_control,4,8,9296,0,576,1.0,8.0,4.0972919669002295,320000,False,False,5.047356665954794e-08,0.8164966106414795,0.8164966106414795,0.08500000089406967,0.14137500058859587,0.09700000286102295,2.7190990447998047,0.9588693380355835,0.09415776707464829,0.44462499022483826,/Users/tinggong/Documents/Codex/2026-07-19/holonomy-applications/work/TwistedMerge-holonomy-applications/reports/tmp/holonomy_applications/application_C_confirmatory/candidate_logits_seed_1.npz,7e1c9f0b4566bd5c3ddb5b9e5f5f6a5df9516cf6e2eba5f174a990421fc504ea,59878600e9c161ad9b63590216429d9aaef241ac5e9f62f00b1c5bbb7b6c2bbc,18efda786f0debf2b351d2c0fa026f93618ea341,-0.6009999886155128,False,False,False
controlled_on_real_features,confirmatory,1,period2_index4,2,4,3,False,wrong_projective_representation,4,8,9296,0,576,1.0,8.0,4.1345409117639065,320000,False,False,5.047356665954794e-08,0.8164966106414795,0.8164966106414795,0.46399998664855957,0.2644999981857836,0.05400000140070915,1.8324826955795288,0.7767174243927002,0.24407050176523626,0.3617500066757202,/Users/tinggong/Documents/Codex/2026-07-19/holonomy-applications/work/TwistedMerge-holonomy-applications/reports/tmp/holonomy_applications/application_C_confirmatory/candidate_logits_seed_1.npz,7e1c9f0b4566bd5c3ddb5b9e5f5f6a5df9516cf6e2eba5f174a990421fc504ea,59878600e9c161ad9b63590216429d9aaef241ac5e9f62f00b1c5bbb7b6c2bbc,18efda786f0debf2b351d2c0fa026f93618ea341,-0.22200000286102295,False,False,False
controlled_on_real_features,confirmatory,1,period2_index4,2,4,3,False,ensemble_upper_bound,4,8,9296,0,576,1.0,8.0,0.04937499761581421,320000,False,False,5.047356665954794e-08,0.8164966106414795,0.8164966106414795,0.6859999895095825,0.6059999912977219,0.5600000023841858,0.8799155354499817,0.4306049644947052,0.06655839318409562,0.7528749704360962,/Users/tinggong/Documents/Codex/2026-07-19/holonomy-applications/work/TwistedMerge-holonomy-applications/reports/tmp/holonomy_applications/application_C_confirmatory/candidate_logits_seed_1.npz,7e1c9f0b4566bd5c3ddb5b9e5f5f6a5df9516cf6e2eba5f174a990421fc504ea,59878600e9c161ad9b63590216429d9aaef241ac5e9f62f00b1c5bbb7b6c2bbc,18efda786f0debf2b351d2c0fa026f93618ea341,0.0,False,True,False
controlled_on_real_features,confirmatory,1,period2_index4,2,4,3,False,oracle_coherent_lift,4,8,9296,0,576,1.0,8.0,4.107791930437088,320000,False,False,5.047356665954794e-08,0.8164966106414795,0.8164966106414795,0.6859999895095825,0.6059999912977219,0.5600000023841858,0.8799156546592712,0.4306049644947052,0.06655836943536997,0.7528749704360962,/Users/tinggong/Documents/Codex/2026-07-19/holonomy-applications/work/TwistedMerge-holonomy-applications/reports/tmp/holonomy_applications/application_C_confirmatory/candidate_logits_seed_1.npz,7e1c9f0b4566bd5c3ddb5b9e5f5f6a5df9516cf6e2eba5f174a990421fc504ea,59878600e9c161ad9b63590216429d9aaef241ac5e9f62f00b1c5bbb7b6c2bbc,18efda786f0debf2b351d2c0fa026f93618ea341,0.0,False,True,False
controlled_on_real_features,confirmatory,1,period2_index4,2,4,4,True,ordinary_same_capacity,4,8,9296,0,1024,1.0,8.0,1.8195000011473894,320000,False,False,4.371138828673793e-08,0.0,4.371138828673793e-08,0.4950000047683716,0.2737499978393316,0.15299999713897705,1.7632094621658325,0.757887065410614,0.2823163132998161,0.38612499833106995,/Users/tinggong/Documents/Codex/2026-07-19/holonomy-applications/work/TwistedMerge-holonomy-applications/reports/tmp/holonomy_applications/application_C_confirmatory/candidate_logits_seed_1.npz,7e1c9f0b4566bd5c3ddb5b9e5f5f6a5df9516cf6e2eba5f174a990421fc504ea,59878600e9c161ad9b63590216429d9aaef241ac5e9f62f00b1c5bbb7b6c2bbc,18efda786f0debf2b351d2c0fa026f93618ea341,-0.19099998474121094,True,False,False
controlled_on_real_features,confirmatory,1,period2_index4,2,4,4,True,coherent_projective_lift,4,8,9296,0,1024,1.0,8.0,4.136208910495043,320000,False,False,4.371138828673793e-08,0.0,4.371138828673793e-08,0.6859999895095825,0.6059999912977219,0.5600000023841858,0.8799155354499817,0.4306049644947052,0.06655838061124086,0.7528749704360962,/Users/tinggong/Documents/Codex/2026-07-19/holonomy-applications/work/TwistedMerge-holonomy-applications/reports/tmp/holonomy_applications/application_C_confirmatory/candidate_logits_seed_1.npz,7e1c9f0b4566bd5c3ddb5b9e5f5f6a5df9516cf6e2eba5f174a990421fc504ea,59878600e9c161ad9b63590216429d9aaef241ac5e9f62f00b1c5bbb7b6c2bbc,18efda786f0debf2b351d2c0fa026f93618ea341,0.0,True,True,True
controlled_on_real_features,confirmatory,1,period2_index4,2,4,4,True,parameter_matched_generic_unitary,4,8,9296,0,1024,1.0,8.0,4.1924999095499516,320000,False,False,4.371138828673793e-08,0.0,4.371138828673793e-08,0.6859999895095825,0.6059999912977219,0.5600000023841858,0.8799155354499817,0.4306049644947052,0.06655837269499898,0.7528749704360962,/Users/tinggong/Documents/Codex/2026-07-19/holonomy-applications/work/TwistedMerge-holonomy-applications/reports/tmp/holonomy_applications/application_C_confirmatory/candidate_logits_seed_1.npz,7e1c9f0b4566bd5c3ddb5b9e5f5f6a5df9516cf6e2eba5f174a990421fc504ea,59878600e9c161ad9b63590216429d9aaef241ac5e9f62f00b1c5bbb7b6c2bbc,18efda786f0debf2b351d2c0fa026f93618ea341,0.0,True,True,False
controlled_on_real_features,confirmatory,1,period2_index4,2,4,4,True,random_branch_control,4,8,9296,0,1024,1.0,8.0,4.0577908512204885,320000,False,False,4.371138828673793e-08,0.0,4.371138828673793e-08,0.1979999989271164,0.21100000105798244,0.1550000011920929,2.3581230640411377,0.8918713331222534,0.023454763053450733,0.40049999952316284,/Users/tinggong/Documents/Codex/2026-07-19/holonomy-applications/work/TwistedMerge-holonomy-applications/reports/tmp/holonomy_applications/application_C_confirmatory/candidate_logits_seed_1.npz,7e1c9f0b4566bd5c3ddb5b9e5f5f6a5df9516cf6e2eba5f174a990421fc504ea,59878600e9c161ad9b63590216429d9aaef241ac5e9f62f00b1c5bbb7b6c2bbc,18efda786f0debf2b351d2c0fa026f93618ea341,-0.4879999905824661,True,False,False
controlled_on_real_features,confirmatory,1,period2_index4,2,4,4,True,wrong_cocycle_control,4,8,9296,0,1024,1.0,8.0,4.07179188914597,320000,False,False,4.371138828673793e-08,0.0,4.371138828673793e-08,0.2879999876022339,0.18650000309571624,0.05400000140070915,2.2203667163848877,0.8635900616645813,0.11300154868513346,0.38874998688697815,/Users/tinggong/Documents/Codex/2026-07-19/holonomy-applications/work/TwistedMerge-holonomy-applications/reports/tmp/holonomy_applications/application_C_confirmatory/candidate_logits_seed_1.npz,7e1c9f0b4566bd5c3ddb5b9e5f5f6a5df9516cf6e2eba5f174a990421fc504ea,59878600e9c161ad9b63590216429d9aaef241ac5e9f62f00b1c5bbb7b6c2bbc,18efda786f0debf2b351d2c0fa026f93618ea341,-0.39800000190734863,True,False,False
controlled_on_real_features,confirmatory,1,period2_index4,2,4,4,True,wrong_projective_representation,4,8,9296,0,1024,1.0,8.0,4.039874998852611,320000,False,False,4.371138828673793e-08,0.0,4.371138828673793e-08,0.3529999852180481,0.22362499963492155,0.03999999910593033,2.118243455886841,0.8372213244438171,0.14062749728327617,0.38212499022483826,/Users/tinggong/Documents/Codex/2026-07-19/holonomy-applications/work/TwistedMerge-holonomy-applications/reports/tmp/holonomy_applications/application_C_confirmatory/candidate_logits_seed_1.npz,7e1c9f0b4566bd5c3ddb5b9e5f5f6a5df9516cf6e2eba5f174a990421fc504ea,59878600e9c161ad9b63590216429d9aaef241ac5e9f62f00b1c5bbb7b6c2bbc,18efda786f0debf2b351d2c0fa026f93618ea341,-0.3330000042915344,True,False,False
controlled_on_real_features,confirmatory,1,period2_index4,2,4,4,True,ensemble_upper_bound,4,8,9296,0,1024,1.0,8.0,0.023042084649205208,320000,False,False,4.371138828673793e-08,0.0,4.371138828673793e-08,0.6859999895095825,0.6059999912977219,0.5600000023841858,0.8799155354499817,0.4306049644947052,0.06655839318409562,0.7528749704360962,/Users/tinggong/Documents/Codex/2026-07-19/holonomy-applications/work/TwistedMerge-holonomy-applications/reports/tmp/holonomy_applications/application_C_confirmatory/candidate_logits_seed_1.npz,7e1c9f0b4566bd5c3ddb5b9e5f5f6a5df9516cf6e2eba5f174a990421fc504ea,59878600e9c161ad9b63590216429d9aaef241ac5e9f62f00b1c5bbb7b6c2bbc,18efda786f0debf2b351d2c0fa026f93618ea341,0.0,True,True,False
controlled_on_real_features,confirmatory,1,period2_index4,2,4,4,True,oracle_coherent_lift,4,8,9296,0,1024,1.0,8.0,4.792207852005959,320000,False,False,4.371138828673793e-08,0.0,4.371138828673793e-08,0.6859999895095825,0.6059999912977219,0.5600000023841858,0.8799156546592712,0.4306049644947052,0.06655836943536997,0.7528749704360962,/Users/tinggong/Documents/Codex/2026-07-19/holonomy-applications/work/TwistedMerge-holonomy-applications/reports/tmp/holonomy_applications/application_C_confirmatory/candidate_logits_seed_1.npz,7e1c9f0b4566bd5c3ddb5b9e5f5f6a5df9516cf6e2eba5f174a990421fc504ea,59878600e9c161ad9b63590216429d9aaef241ac5e9f62f00b1c5bbb7b6c2bbc,18efda786f0debf2b351d2c0fa026f93618ea341,0.0,True,True,False
controlled_on_real_features,confirmatory,1,period2_index4,2,4,6,False,ordinary_same_capacity,4,8,9296,0,2304,1.0,8.0,2.4042080622166395,320000,False,False,3.5690199240434595e-08,0.5773502588272095,0.5773502588272095,0.4970000088214874,0.2717500012367964,0.15800000727176666,1.7298927307128906,0.7455343008041382,0.25812783814035356,0.37962499260902405,/Users/tinggong/Documents/Codex/2026-07-19/holonomy-applications/work/TwistedMerge-holonomy-applications/reports/tmp/holonomy_applications/application_C_confirmatory/candidate_logits_seed_1.npz,7e1c9f0b4566bd5c3ddb5b9e5f5f6a5df9516cf6e2eba5f174a990421fc504ea,59878600e9c161ad9b63590216429d9aaef241ac5e9f62f00b1c5bbb7b6c2bbc,18efda786f0debf2b351d2c0fa026f93618ea341,-0.1889999806880951,False,False,False
controlled_on_real_features,confirmatory,1,period2_index4,2,4,6,False,coherent_projective_lift,4,8,9296,0,2304,1.0,8.0,5.117875058203936,320000,False,False,3.5690199240434595e-08,0.5773502588272095,0.5773502588272095,0.675000011920929,0.5843749940395355,0.5109999775886536,0.9055755734443665,0.44258707761764526,0.07387479787576012,0.7288749814033508,/Users/tinggong/Documents/Codex/2026-07-19/holonomy-applications/work/TwistedMerge-holonomy-applications/reports/tmp/holonomy_applications/application_C_confirmatory/candidate_logits_seed_1.npz,7e1c9f0b4566bd5c3ddb5b9e5f5f6a5df9516cf6e2eba5f174a990421fc504ea,59878600e9c161ad9b63590216429d9aaef241ac5e9f62f00b1c5bbb7b6c2bbc,18efda786f0debf2b351d2c0fa026f93618ea341,-0.010999977588653564,False,False,False
controlled_on_real_features,confirmatory,1,period2_index4,2,4,6,False,parameter_matched_generic_unitary,4,8,9296,0,2304,1.0,8.0,4.804000025615096,320000,False,False,3.5690199240434595e-08,0.5773502588272095,0.5773502588272095,0.6859999895095825,0.6059999912977219,0.5600000023841858,0.8799155354499817,0.4306049644947052,0.06655837269499898,0.7528749704360962,/Users/tinggong/Documents/Codex/2026-07-19/holonomy-applications/work/TwistedMerge-holonomy-applications/reports/tmp/holonomy_applications/application_C_confirmatory/candidate_logits_seed_1.npz,7e1c9f0b4566bd5c3ddb5b9e5f5f6a5df9516cf6e2eba5f174a990421fc504ea,59878600e9c161ad9b63590216429d9aaef241ac5e9f62f00b1c5bbb7b6c2bbc,18efda786f0debf2b351d2c0fa026f93618ea341,0.0,False,True,False
controlled_on_real_features,confirmatory,1,period2_index4,2,4,6,False,random_branch_control,4,8,9296,0,2304,1.0,8.0,4.628041991963983,320000,False,False,3.5690199240434595e-08,0.5773502588272095,0.5773502588272095,0.5099999904632568,0.3150000013411045,0.15600000321865082,1.5761433839797974,0.6947504281997681,0.20566072527435608,0.453000009059906,/Users/tinggong/Documents/Codex/2026-07-19/holonomy-applications/work/TwistedMerge-holonomy-applications/reports/tmp/holonomy_applications/application_C_confirmatory/candidate_logits_seed_1.npz,7e1c9f0b4566bd5c3ddb5b9e5f5f6a5df9516cf6e2eba5f174a990421fc504ea,59878600e9c161ad9b63590216429d9aaef241ac5e9f62f00b1c5bbb7b6c2bbc,18efda786f0debf2b351d2c0fa026f93618ea341,-0.17599999904632568,False,False,False
controlled_on_real_features,confirmatory,1,period2_index4,2,4,6,False,wrong_cocycle_control,4,8,9296,0,2304,1.0,8.0,4.650708055123687,320000,False,False,3.5690199240434595e-08,0.5773502588272095,0.5773502588272095,0.18299999833106995,0.21687499806284904,0.16899999976158142,2.4176766872406006,0.907252311706543,0.031248665996827185,0.42225000262260437,/Users/tinggong/Documents/Codex/2026-07-19/holonomy-applications/work/TwistedMerge-holonomy-applications/reports/tmp/holonomy_applications/application_C_confirmatory/candidate_logits_seed_1.npz,7e1c9f0b4566bd5c3ddb5b9e5f5f6a5df9516cf6e2eba5f174a990421fc504ea,59878600e9c161ad9b63590216429d9aaef241ac5e9f62f00b1c5bbb7b6c2bbc,18efda786f0debf2b351d2c0fa026f93618ea341,-0.5029999911785126,False,False,False
controlled_on_real_features,confirmatory,1,period2_index4,2,4,6,False,wrong_projective_representation,4,8,9296,0,2304,1.0,8.0,4.6218750067055225,320000,False,False,3.5690199240434595e-08,0.5773502588272095,0.5773502588272095,0.5839999914169312,0.27624999545514584,0.1509999930858612,1.6933202743530273,0.7360373139381409,0.3645798281941097,0.3707500100135803,/Users/tinggong/Documents/Codex/2026-07-19/holonomy-applications/work/TwistedMerge-holonomy-applications/reports/tmp/holonomy_applications/application_C_confirmatory/candidate_logits_seed_1.npz,7e1c9f0b4566bd5c3ddb5b9e5f5f6a5df9516cf6e2eba5f174a990421fc504ea,59878600e9c161ad9b63590216429d9aaef241ac5e9f62f00b1c5bbb7b6c2bbc,18efda786f0debf2b351d2c0fa026f93618ea341,-0.10199999809265137,False,False,False
controlled_on_real_features,confirmatory,1,period2_index4,2,4,6,False,ensemble_upper_bound,4,8,9296,0,2304,1.0,8.0,0.020834151655435562,320000,False,False,3.5690199240434595e-08,0.5773502588272095,0.5773502588272095,0.6859999895095825,0.6059999912977219,0.5600000023841858,0.8799155354499817,0.4306049644947052,0.06655839318409562,0.7528749704360962,/Users/tinggong/Documents/Codex/2026-07-19/holonomy-applications/work/TwistedMerge-holonomy-applications/reports/tmp/holonomy_applications/application_C_confirmatory/candidate_logits_seed_1.npz,7e1c9f0b4566bd5c3ddb5b9e5f5f6a5df9516cf6e2eba5f174a990421fc504ea,59878600e9c161ad9b63590216429d9aaef241ac5e9f62f00b1c5bbb7b6c2bbc,18efda786f0debf2b351d2c0fa026f93618ea341,0.0,False,True,False
controlled_on_real_features,confirmatory,1,period2_index4,2,4,6,False,oracle_coherent_lift,4,8,9296,0,2304,1.0,8.0,4.0314579382538795,320000,False,False,3.5690199240434595e-08,0.5773502588272095,0.5773502588272095,0.6859999895095825,0.6059999912977219,0.5600000023841858,0.8799156546592712,0.4306049644947052,0.06655836943536997,0.7528749704360962,/Users/tinggong/Documents/Codex/2026-07-19/holonomy-applications/work/TwistedMerge-holonomy-applications/reports/tmp/holonomy_applications/application_C_confirmatory/candidate_logits_seed_1.npz,7e1c9f0b4566bd5c3ddb5b9e5f5f6a5df9516cf6e2eba5f174a990421fc504ea,59878600e9c161ad9b63590216429d9aaef241ac5e9f62f00b1c5bbb7b6c2bbc,18efda786f0debf2b351d2c0fa026f93618ea341,0.0,False,True,False
controlled_on_real_features,confirmatory,1,period2_index4,2,4,8,True,ordinary_same_capacity,4,8,9296,0,4096,1.0,8.0,2.557541010901332,320000,False,False,3.090862321641907e-08,0.0,3.090862321641907e-08,0.46799999475479126,0.24699999764561653,0.10899999737739563,1.7974165678024292,0.7597149610519409,0.2434467373532243,0.35749998688697815,/Users/tinggong/Documents/Codex/2026-07-19/holonomy-applications/work/TwistedMerge-holonomy-applications/reports/tmp/holonomy_applications/application_C_confirmatory/candidate_logits_seed_1.npz,7e1c9f0b4566bd5c3ddb5b9e5f5f6a5df9516cf6e2eba5f174a990421fc504ea,59878600e9c161ad9b63590216429d9aaef241ac5e9f62f00b1c5bbb7b6c2bbc,18efda786f0debf2b351d2c0fa026f93618ea341,-0.21799999475479126,True,False,False
controlled_on_real_features,confirmatory,1,period2_index4,2,4,8,True,coherent_projective_lift,4,8,9296,0,4096,1.0,8.0,4.985500127077103,320000,False,False,3.090862321641907e-08,0.0,3.090862321641907e-08,0.6859999895095825,0.6059999912977219,0.5600000023841858,0.8799155354499817,0.4306049048900604,0.06655839178711176,0.7528749704360962,/Users/tinggong/Documents/Codex/2026-07-19/holonomy-applications/work/TwistedMerge-holonomy-applications/reports/tmp/holonomy_applications/application_C_confirmatory/candidate_logits_seed_1.npz,7e1c9f0b4566bd5c3ddb5b9e5f5f6a5df9516cf6e2eba5f174a990421fc504ea,59878600e9c161ad9b63590216429d9aaef241ac5e9f62f00b1c5bbb7b6c2bbc,18efda786f0debf2b351d2c0fa026f93618ea341,0.0,True,True,True
controlled_on_real_features,confirmatory,1,period2_index4,2,4,8,True,parameter_matched_generic_unitary,4,8,9296,0,4096,1.0,8.0,5.335125140845776,320000,False,False,3.090862321641907e-08,0.0,3.090862321641907e-08,0.6859999895095825,0.6059999912977219,0.5600000023841858,0.8799155354499817,0.4306049644947052,0.06655836338177323,0.7528749704360962,/Users/tinggong/Documents/Codex/2026-07-19/holonomy-applications/work/TwistedMerge-holonomy-applications/reports/tmp/holonomy_applications/application_C_confirmatory/candidate_logits_seed_1.npz,7e1c9f0b4566bd5c3ddb5b9e5f5f6a5df9516cf6e2eba5f174a990421fc504ea,59878600e9c161ad9b63590216429d9aaef241ac5e9f62f00b1c5bbb7b6c2bbc,18efda786f0debf2b351d2c0fa026f93618ea341,0.0,True,True,False
controlled_on_real_features,confirmatory,1,period2_index4,2,4,8,True,random_branch_control,4,8,9296,0,4096,1.0,8.0,4.971667192876339,320000,False,False,3.090862321641907e-08,0.0,3.090862321641907e-08,0.5450000166893005,0.23812499921768904,0.09000000357627869,1.766313910484314,0.7582084536552429,0.3399451207369566,0.3453750014305115,/Users/tinggong/Documents/Codex/2026-07-19/holonomy-applications/work/TwistedMerge-holonomy-applications/reports/tmp/holonomy_applications/application_C_confirmatory/candidate_logits_seed_1.npz,7e1c9f0b4566bd5c3ddb5b9e5f5f6a5df9516cf6e2eba5f174a990421fc504ea,59878600e9c161ad9b63590216429d9aaef241ac5e9f62f00b1c5bbb7b6c2bbc,18efda786f0debf2b351d2c0fa026f93618ea341,-0.14099997282028198,True,False,False
controlled_on_real_features,confirmatory,1,period2_index4,2,4,8,True,wrong_cocycle_control,4,8,9296,0,4096,1.0,8.0,5.003249971196055,320000,False,False,3.090862321641907e-08,0.0,3.090862321641907e-08,0.19300000369548798,0.14974999893456697,0.08799999952316284,2.3647236824035645,0.8940020799636841,0.04483030523988418,0.41100001335144043,/Users/tinggong/Documents/Codex/2026-07-19/holonomy-applications/work/TwistedMerge-holonomy-applications/reports/tmp/holonomy_applications/application_C_confirmatory/candidate_logits_seed_1.npz,7e1c9f0b4566bd5c3ddb5b9e5f5f6a5df9516cf6e2eba5f174a990421fc504ea,59878600e9c161ad9b63590216429d9aaef241ac5e9f62f00b1c5bbb7b6c2bbc,18efda786f0debf2b351d2c0fa026f93618ea341,-0.49299998581409454,True,False,False
controlled_on_real_features,confirmatory,1,period2_index4,2,4,8,True,wrong_projective_representation,4,8,9296,0,4096,1.0,8.0,4.915041150525212,320000,False,False,3.090862321641907e-08,0.0,3.090862321641907e-08,0.45500001311302185,0.23737499583512545,0.09399999678134918,1.887261152267456,0.7929929494857788,0.264502031262964,0.35600000619888306,/Users/tinggong/Documents/Codex/2026-07-19/holonomy-applications/work/TwistedMerge-holonomy-applications/reports/tmp/holonomy_applications/application_C_confirmatory/candidate_logits_seed_1.npz,7e1c9f0b4566bd5c3ddb5b9e5f5f6a5df9516cf6e2eba5f174a990421fc504ea,59878600e9c161ad9b63590216429d9aaef241ac5e9f62f00b1c5bbb7b6c2bbc,18efda786f0debf2b351d2c0fa026f93618ea341,-0.23099997639656067,True,False,False
controlled_on_real_features,confirmatory,1,period2_index4,2,4,8,True,ensemble_upper_bound,4,8,9296,0,4096,1.0,8.0,0.019958941265940666,320000,False,False,3.090862321641907e-08,0.0,3.090862321641907e-08,0.6859999895095825,0.6059999912977219,0.5600000023841858,0.8799155354499817,0.4306049644947052,0.06655839318409562,0.7528749704360962,/Users/tinggong/Documents/Codex/2026-07-19/holonomy-applications/work/TwistedMerge-holonomy-applications/reports/tmp/holonomy_applications/application_C_confirmatory/candidate_logits_seed_1.npz,7e1c9f0b4566bd5c3ddb5b9e5f5f6a5df9516cf6e2eba5f174a990421fc504ea,59878600e9c161ad9b63590216429d9aaef241ac5e9f62f00b1c5bbb7b6c2bbc,18efda786f0debf2b351d2c0fa026f93618ea341,0.0,True,True,False
controlled_on_real_features,confirmatory,1,period2_index4,2,4,8,True,oracle_coherent_lift,4,8,9296,0,4096,1.0,8.0,4.142749821767211,320000,False,False,3.090862321641907e-08,0.0,3.090862321641907e-08,0.6859999895095825,0.6059999912977219,0.5600000023841858,0.8799156546592712,0.4306049644947052,0.06655836943536997,0.7528749704360962,/Users/tinggong/Documents/Codex/2026-07-19/holonomy-applications/work/TwistedMerge-holonomy-applications/reports/tmp/holonomy_applications/application_C_confirmatory/candidate_logits_seed_1.npz,7e1c9f0b4566bd5c3ddb5b9e5f5f6a5df9516cf6e2eba5f174a990421fc504ea,59878600e9c161ad9b63590216429d9aaef241ac5e9f62f00b1c5bbb7b6c2bbc,18efda786f0debf2b351d2c0fa026f93618ea341,0.0,True,True,False
controlled_on_real_features,confirmatory,1,period3_index3,3,3,1,False,ordinary_same_capacity,4,8,9296,0,64,1.0,8.0,0.7194590289145708,320000,False,False,0.0,1.0,1.0,0.6769999861717224,0.2900000000372529,0.10000000149011612,1.2810606956481934,0.5893562436103821,0.33332028560107574,0.6616250276565552,/Users/tinggong/Documents/Codex/2026-07-19/holonomy-applications/work/TwistedMerge-holonomy-applications/reports/tmp/holonomy_applications/application_C_confirmatory/candidate_logits_seed_1.npz,7e1c9f0b4566bd5c3ddb5b9e5f5f6a5df9516cf6e2eba5f174a990421fc504ea,59878600e9c161ad9b63590216429d9aaef241ac5e9f62f00b1c5bbb7b6c2bbc,18efda786f0debf2b351d2c0fa026f93618ea341,-0.009000003337860107,False,False,False
controlled_on_real_features,confirmatory,1,period3_index3,3,3,1,False,coherent_projective_lift,4,8,9296,0,64,1.0,8.0,0.9614999871701002,320000,False,False,0.0,1.0,1.0,0.6769999861717224,0.2900000000372529,0.10000000149011612,1.2810606956481934,0.5893562436103821,0.33332028560107574,0.6616250276565552,/Users/tinggong/Documents/Codex/2026-07-19/holonomy-applications/work/TwistedMerge-holonomy-applications/reports/tmp/holonomy_applications/application_C_confirmatory/candidate_logits_seed_1.npz,7e1c9f0b4566bd5c3ddb5b9e5f5f6a5df9516cf6e2eba5f174a990421fc504ea,59878600e9c161ad9b63590216429d9aaef241ac5e9f62f00b1c5bbb7b6c2bbc,18efda786f0debf2b351d2c0fa026f93618ea341,-0.009000003337860107,False,False,False
controlled_on_real_features,confirmatory,1,period3_index3,3,3,1,False,parameter_matched_generic_unitary,4,8,9296,0,64,1.0,8.0,0.9505839552730322,320000,False,False,0.0,1.0,1.0,0.6859999895095825,0.6059999912977219,0.5600000023841858,0.8799155354499817,0.4306049644947052,0.06655836384743452,0.7528749704360962,/Users/tinggong/Documents/Codex/2026-07-19/holonomy-applications/work/TwistedMerge-holonomy-applications/reports/tmp/holonomy_applications/application_C_confirmatory/candidate_logits_seed_1.npz,7e1c9f0b4566bd5c3ddb5b9e5f5f6a5df9516cf6e2eba5f174a990421fc504ea,59878600e9c161ad9b63590216429d9aaef241ac5e9f62f00b1c5bbb7b6c2bbc,18efda786f0debf2b351d2c0fa026f93618ea341,0.0,False,True,False
controlled_on_real_features,confirmatory,1,period3_index3,3,3,1,False,random_branch_control,4,8,9296,0,64,1.0,8.0,0.9710830636322498,320000,False,False,0.0,1.0,1.0,0.6790000200271606,0.2324999999254942,0.10000000149011612,1.4876329898834229,0.6689648628234863,0.4159152906795498,0.7741249799728394,/Users/tinggong/Documents/Codex/2026-07-19/holonomy-applications/work/TwistedMerge-holonomy-applications/reports/tmp/holonomy_applications/application_C_confirmatory/candidate_logits_seed_1.npz,7e1c9f0b4566bd5c3ddb5b9e5f5f6a5df9516cf6e2eba5f174a990421fc504ea,59878600e9c161ad9b63590216429d9aaef241ac5e9f62f00b1c5bbb7b6c2bbc,18efda786f0debf2b351d2c0fa026f93618ea341,-0.006999969482421875,False,False,False
controlled_on_real_features,confirmatory,1,period3_index3,3,3,1,False,wrong_cocycle_control,4,8,9296,0,64,1.0,8.0,0.997292110696435,320000,False,False,0.0,1.0,1.0,0.6129999756813049,0.21900000236928463,0.10000000149011612,1.5834953784942627,0.7064219117164612,0.36954887968022376,0.7739999890327454,/Users/tinggong/Documents/Codex/2026-07-19/holonomy-applications/work/TwistedMerge-holonomy-applications/reports/tmp/holonomy_applications/application_C_confirmatory/candidate_logits_seed_1.npz,7e1c9f0b4566bd5c3ddb5b9e5f5f6a5df9516cf6e2eba5f174a990421fc504ea,59878600e9c161ad9b63590216429d9aaef241ac5e9f62f00b1c5bbb7b6c2bbc,18efda786f0debf2b351d2c0fa026f93618ea341,-0.07300001382827759,False,False,False
controlled_on_real_features,confirmatory,1,period3_index3,3,3,1,False,wrong_projective_representation,4,8,9296,0,64,1.0,8.0,1.014915993437171,320000,False,False,0.0,1.0,1.0,0.6790000200271606,0.2324999999254942,0.10000000149011612,1.4876329898834229,0.6689648628234863,0.4159152906795498,0.7741249799728394,/Users/tinggong/Documents/Codex/2026-07-19/holonomy-applications/work/TwistedMerge-holonomy-applications/reports/tmp/holonomy_applications/application_C_confirmatory/candidate_logits_seed_1.npz,7e1c9f0b4566bd5c3ddb5b9e5f5f6a5df9516cf6e2eba5f174a990421fc504ea,59878600e9c161ad9b63590216429d9aaef241ac5e9f62f00b1c5bbb7b6c2bbc,18efda786f0debf2b351d2c0fa026f93618ea341,-0.006999969482421875,False,False,False
controlled_on_real_features,confirmatory,1,period3_index3,3,3,1,False,ensemble_upper_bound,4,8,9296,0,64,1.0,8.0,0.04941597580909729,320000,False,False,0.0,1.0,1.0,0.6859999895095825,0.6059999912977219,0.5600000023841858,0.8799155354499817,0.4306049644947052,0.06655839318409562,0.7528749704360962,/Users/tinggong/Documents/Codex/2026-07-19/holonomy-applications/work/TwistedMerge-holonomy-applications/reports/tmp/holonomy_applications/application_C_confirmatory/candidate_logits_seed_1.npz,7e1c9f0b4566bd5c3ddb5b9e5f5f6a5df9516cf6e2eba5f174a990421fc504ea,59878600e9c161ad9b63590216429d9aaef241ac5e9f62f00b1c5bbb7b6c2bbc,18efda786f0debf2b351d2c0fa026f93618ea341,0.0,False,True,False
controlled_on_real_features,confirmatory,1,period3_index3,3,3,1,False,oracle_coherent_lift,4,8,9296,0,64,1.0,8.0,4.178208997473121,320000,False,False,0.0,1.0,1.0,0.6859999895095825,0.6059999912977219,0.5600000023841858,0.8799155354499817,0.4306049644947052,0.06655836524441838,0.7528749704360962,/Users/tinggong/Documents/Codex/2026-07-19/holonomy-applications/work/TwistedMerge-holonomy-applications/reports/tmp/holonomy_applications/application_C_confirmatory/candidate_logits_seed_1.npz,7e1c9f0b4566bd5c3ddb5b9e5f5f6a5df9516cf6e2eba5f174a990421fc504ea,59878600e9c161ad9b63590216429d9aaef241ac5e9f62f00b1c5bbb7b6c2bbc,18efda786f0debf2b351d2c0fa026f93618ea341,0.0,False,True,False
controlled_on_real_features,confirmatory,1,period3_index3,3,3,2,False,ordinary_same_capacity,4,8,9296,0,256,1.0,8.0,1.3692080974578857,320000,False,False,0.0,1.0,1.0,0.4300000071525574,0.2698749992996454,0.10000000149011612,1.8371182680130005,0.7667933106422424,0.14966804604046047,0.5413749814033508,/Users/tinggong/Documents/Codex/2026-07-19/holonomy-applications/work/TwistedMerge-holonomy-applications/reports/tmp/holonomy_applications/application_C_confirmatory/candidate_logits_seed_1.npz,7e1c9f0b4566bd5c3ddb5b9e5f5f6a5df9516cf6e2eba5f174a990421fc504ea,59878600e9c161ad9b63590216429d9aaef241ac5e9f62f00b1c5bbb7b6c2bbc,18efda786f0debf2b351d2c0fa026f93618ea341,-0.25599998235702515,False,False,False
controlled_on_real_features,confirmatory,1,period3_index3,3,3,2,False,coherent_projective_lift,4,8,9296,0,256,1.0,8.0,3.468040842562914,320000,False,False,0.0,1.0,1.0,0.6179999709129333,0.4053749982267618,0.10000000149011612,1.170928716659546,0.5543078780174255,0.18221714202081785,0.5738750100135803,/Users/tinggong/Documents/Codex/2026-07-19/holonomy-applications/work/TwistedMerge-holonomy-applications/reports/tmp/holonomy_applications/application_C_confirmatory/candidate_logits_seed_1.npz,7e1c9f0b4566bd5c3ddb5b9e5f5f6a5df9516cf6e2eba5f174a990421fc504ea,59878600e9c161ad9b63590216429d9aaef241ac5e9f62f00b1c5bbb7b6c2bbc,18efda786f0debf2b351d2c0fa026f93618ea341,-0.06800001859664917,False,False,False
controlled_on_real_features,confirmatory,1,period3_index3,3,3,2,False,parameter_matched_generic_unitary,4,8,9296,0,256,1.0,8.0,3.503250190988183,320000,False,False,0.0,1.0,1.0,0.6859999895095825,0.6059999912977219,0.5600000023841858,0.8799155354499817,0.4306049644947052,0.06655836058780551,0.7528749704360962,/Users/tinggong/Documents/Codex/2026-07-19/holonomy-applications/work/TwistedMerge-holonomy-applications/reports/tmp/holonomy_applications/application_C_confirmatory/candidate_logits_seed_1.npz,7e1c9f0b4566bd5c3ddb5b9e5f5f6a5df9516cf6e2eba5f174a990421fc504ea,59878600e9c161ad9b63590216429d9aaef241ac5e9f62f00b1c5bbb7b6c2bbc,18efda786f0debf2b351d2c0fa026f93618ea341,0.0,False,True,False
controlled_on_real_features,confirmatory,1,period3_index3,3,3,2,False,random_branch_control,4,8,9296,0,256,1.0,8.0,3.453250043094158,320000,False,False,0.0,1.0,1.0,0.24300000071525574,0.16762500256299973,0.08100000023841858,2.2710893154144287,0.8925414681434631,0.12383322417736053,0.5631250143051147,/Users/tinggong/Documents/Codex/2026-07-19/holonomy-applications/work/TwistedMerge-holonomy-applications/reports/tmp/holonomy_applications/application_C_confirmatory/candidate_logits_seed_1.npz,7e1c9f0b4566bd5c3ddb5b9e5f5f6a5df9516cf6e2eba5f174a990421fc504ea,59878600e9c161ad9b63590216429d9aaef241ac5e9f62f00b1c5bbb7b6c2bbc,18efda786f0debf2b351d2c0fa026f93618ea341,-0.4429999887943268,False,False,False
controlled_on_real_features,confirmatory,1,period3_index3,3,3,2,False,wrong_cocycle_control,4,8,9296,0,256,1.0,8.0,3.471332835033536,320000,False,False,0.0,1.0,1.0,0.2709999978542328,0.17475000023841858,0.10000000149011612,2.3211729526519775,0.8831702470779419,0.08545173401944339,0.6200000047683716,/Users/tinggong/Documents/Codex/2026-07-19/holonomy-applications/work/TwistedMerge-holonomy-applications/reports/tmp/holonomy_applications/application_C_confirmatory/candidate_logits_seed_1.npz,7e1c9f0b4566bd5c3ddb5b9e5f5f6a5df9516cf6e2eba5f174a990421fc504ea,59878600e9c161ad9b63590216429d9aaef241ac5e9f62f00b1c5bbb7b6c2bbc,18efda786f0debf2b351d2c0fa026f93618ea341,-0.41499999165534973,False,False,False
controlled_on_real_features,confirmatory,1,period3_index3,3,3,2,False,wrong_projective_representation,4,8,9296,0,256,1.0,8.0,3.473500022664666,320000,False,False,0.0,1.0,1.0,0.5910000205039978,0.29312499723164365,0.003000000026077032,1.6093409061431885,0.7124998569488525,0.3550526776816696,0.47350001335144043,/Users/tinggong/Documents/Codex/2026-07-19/holonomy-applications/work/TwistedMerge-holonomy-applications/reports/tmp/holonomy_applications/application_C_confirmatory/candidate_logits_seed_1.npz,7e1c9f0b4566bd5c3ddb5b9e5f5f6a5df9516cf6e2eba5f174a990421fc504ea,59878600e9c161ad9b63590216429d9aaef241ac5e9f62f00b1c5bbb7b6c2bbc,18efda786f0debf2b351d2c0fa026f93618ea341,-0.09499996900558472,False,False,False
controlled_on_real_features,confirmatory,1,period3_index3,3,3,2,False,ensemble_upper_bound,4,8,9296,0,256,1.0,8.0,0.050958944484591484,320000,False,False,0.0,1.0,1.0,0.6859999895095825,0.6059999912977219,0.5600000023841858,0.8799155354499817,0.4306049644947052,0.06655839318409562,0.7528749704360962,/Users/tinggong/Documents/Codex/2026-07-19/holonomy-applications/work/TwistedMerge-holonomy-applications/reports/tmp/holonomy_applications/application_C_confirmatory/candidate_logits_seed_1.npz,7e1c9f0b4566bd5c3ddb5b9e5f5f6a5df9516cf6e2eba5f174a990421fc504ea,59878600e9c161ad9b63590216429d9aaef241ac5e9f62f00b1c5bbb7b6c2bbc,18efda786f0debf2b351d2c0fa026f93618ea341,0.0,False,True,False
controlled_on_real_features,confirmatory,1,period3_index3,3,3,2,False,oracle_coherent_lift,4,8,9296,0,256,1.0,8.0,4.162833094596863,320000,False,False,0.0,1.0,1.0,0.6859999895095825,0.6059999912977219,0.5600000023841858,0.8799155354499817,0.4306049644947052,0.06655836524441838,0.7528749704360962,/Users/tinggong/Documents/Codex/2026-07-19/holonomy-applications/work/TwistedMerge-holonomy-applications/reports/tmp/holonomy_applications/application_C_confirmatory/candidate_logits_seed_1.npz,7e1c9f0b4566bd5c3ddb5b9e5f5f6a5df9516cf6e2eba5f174a990421fc504ea,59878600e9c161ad9b63590216429d9aaef241ac5e9f62f00b1c5bbb7b6c2bbc,18efda786f0debf2b351d2c0fa026f93618ea341,0.0,False,True,False
controlled_on_real_features,confirmatory,1,period3_index3,3,3,3,True,ordinary_same_capacity,4,8,9296,0,576,1.0,8.0,1.6095000319182873,320000,False,False,5.960464477539063e-08,1.5389854013392323e-07,1.5389854013392323e-07,0.5270000100135803,0.30937499552965164,0.14300000667572021,1.6522784233093262,0.7088145613670349,0.24582119481055997,0.42625001072883606,/Users/tinggong/Documents/Codex/2026-07-19/holonomy-applications/work/TwistedMerge-holonomy-applications/reports/tmp/holonomy_applications/application_C_confirmatory/candidate_logits_seed_1.npz,7e1c9f0b4566bd5c3ddb5b9e5f5f6a5df9516cf6e2eba5f174a990421fc504ea,59878600e9c161ad9b63590216429d9aaef241ac5e9f62f00b1c5bbb7b6c2bbc,18efda786f0debf2b351d2c0fa026f93618ea341,-0.1589999794960022,True,False,False
controlled_on_real_features,confirmatory,1,period3_index3,3,3,3,True,coherent_projective_lift,4,8,9296,0,576,1.0,8.0,4.13804198615253,320000,False,False,5.960464477539063e-08,1.5389854013392323e-07,1.5389854013392323e-07,0.6859999895095825,0.6059999912977219,0.5600000023841858,0.8799155354499817,0.4306049644947052,0.06655838852748275,0.7528749704360962,/Users/tinggong/Documents/Codex/2026-07-19/holonomy-applications/work/TwistedMerge-holonomy-applications/reports/tmp/holonomy_applications/application_C_confirmatory/candidate_logits_seed_1.npz,7e1c9f0b4566bd5c3ddb5b9e5f5f6a5df9516cf6e2eba5f174a990421fc504ea,59878600e9c161ad9b63590216429d9aaef241ac5e9f62f00b1c5bbb7b6c2bbc,18efda786f0debf2b351d2c0fa026f93618ea341,0.0,True,True,True
controlled_on_real_features,confirmatory,1,period3_index3,3,3,3,True,parameter_matched_generic_unitary,4,8,9296,0,576,1.0,8.0,4.125624895095825,320000,False,False,5.960464477539063e-08,1.5389854013392323e-07,1.5389854013392323e-07,0.6859999895095825,0.6059999912977219,0.5600000023841858,0.8799155354499817,0.4306049644947052,0.0665583717636764,0.7528749704360962,/Users/tinggong/Documents/Codex/2026-07-19/holonomy-applications/work/TwistedMerge-holonomy-applications/reports/tmp/holonomy_applications/application_C_confirmatory/candidate_logits_seed_1.npz,7e1c9f0b4566bd5c3ddb5b9e5f5f6a5df9516cf6e2eba5f174a990421fc504ea,59878600e9c161ad9b63590216429d9aaef241ac5e9f62f00b1c5bbb7b6c2bbc,18efda786f0debf2b351d2c0fa026f93618ea341,0.0,True,True,False
controlled_on_real_features,confirmatory,1,period3_index3,3,3,3,True,random_branch_control,4,8,9296,0,576,1.0,8.0,4.126416984945536,320000,False,False,5.960464477539063e-08,1.5389854013392323e-07,1.5389854013392323e-07,0.2669999897480011,0.20487500392482616,0.0020000000949949026,2.332876682281494,0.8795775175094604,0.06295731733553112,0.48487499356269836,/Users/tinggong/Documents/Codex/2026-07-19/holonomy-applications/work/TwistedMerge-holonomy-applications/reports/tmp/holonomy_applications/application_C_confirmatory/candidate_logits_seed_1.npz,7e1c9f0b4566bd5c3ddb5b9e5f5f6a5df9516cf6e2eba5f174a990421fc504ea,59878600e9c161ad9b63590216429d9aaef241ac5e9f62f00b1c5bbb7b6c2bbc,18efda786f0debf2b351d2c0fa026f93618ea341,-0.4189999997615814,True,False,False
controlled_on_real_features,confirmatory,1,period3_index3,3,3,3,True,wrong_cocycle_control,4,8,9296,0,576,1.0,8.0,4.145249957218766,320000,False,False,5.960464477539063e-08,1.5389854013392323e-07,1.5389854013392323e-07,0.3190000057220459,0.23074999824166298,0.14000000059604645,2.140559673309326,0.8367621898651123,0.08690139188547619,0.4466249942779541,/Users/tinggong/Documents/Codex/2026-07-19/holonomy-applications/work/TwistedMerge-holonomy-applications/reports/tmp/holonomy_applications/application_C_confirmatory/candidate_logits_seed_1.npz,7e1c9f0b4566bd5c3ddb5b9e5f5f6a5df9516cf6e2eba5f174a990421fc504ea,59878600e9c161ad9b63590216429d9aaef241ac5e9f62f00b1c5bbb7b6c2bbc,18efda786f0debf2b351d2c0fa026f93618ea341,-0.3669999837875366,True,False,False
controlled_on_real_features,confirmatory,1,period3_index3,3,3,3,True,wrong_projective_representation,4,8,9296,0,576,1.0,8.0,4.10874979570508,320000,False,False,5.960464477539063e-08,1.5389854013392323e-07,1.5389854013392323e-07,0.6549999713897705,0.36674999649403617,0.003000000026077032,1.4691473245620728,0.6633791327476501,0.37863709032535553,0.45762500166893005,/Users/tinggong/Documents/Codex/2026-07-19/holonomy-applications/work/TwistedMerge-holonomy-applications/reports/tmp/holonomy_applications/application_C_confirmatory/candidate_logits_seed_1.npz,7e1c9f0b4566bd5c3ddb5b9e5f5f6a5df9516cf6e2eba5f174a990421fc504ea,59878600e9c161ad9b63590216429d9aaef241ac5e9f62f00b1c5bbb7b6c2bbc,18efda786f0debf2b351d2c0fa026f93618ea341,-0.03100001811981201,True,False,False
controlled_on_real_features,confirmatory,1,period3_index3,3,3,3,True,ensemble_upper_bound,4,8,9296,0,576,1.0,8.0,0.05383300594985485,320000,False,False,5.960464477539063e-08,1.5389854013392323e-07,1.5389854013392323e-07,0.6859999895095825,0.6059999912977219,0.5600000023841858,0.8799155354499817,0.4306049644947052,0.06655839318409562,0.7528749704360962,/Users/tinggong/Documents/Codex/2026-07-19/holonomy-applications/work/TwistedMerge-holonomy-applications/reports/tmp/holonomy_applications/application_C_confirmatory/candidate_logits_seed_1.npz,7e1c9f0b4566bd5c3ddb5b9e5f5f6a5df9516cf6e2eba5f174a990421fc504ea,59878600e9c161ad9b63590216429d9aaef241ac5e9f62f00b1c5bbb7b6c2bbc,18efda786f0debf2b351d2c0fa026f93618ea341,0.0,True,True,False
controlled_on_real_features,confirmatory,1,period3_index3,3,3,3,True,oracle_coherent_lift,4,8,9296,0,576,1.0,8.0,4.197666887193918,320000,False,False,5.960464477539063e-08,1.5389854013392323e-07,1.5389854013392323e-07,0.6859999895095825,0.6059999912977219,0.5600000023841858,0.8799155354499817,0.4306049644947052,0.06655836524441838,0.7528749704360962,/Users/tinggong/Documents/Codex/2026-07-19/holonomy-applications/work/TwistedMerge-holonomy-applications/reports/tmp/holonomy_applications/application_C_confirmatory/candidate_logits_seed_1.npz,7e1c9f0b4566bd5c3ddb5b9e5f5f6a5df9516cf6e2eba5f174a990421fc504ea,59878600e9c161ad9b63590216429d9aaef241ac5e9f62f00b1c5bbb7b6c2bbc,18efda786f0debf2b351d2c0fa026f93618ea341,0.0,True,True,False
controlled_on_real_features,confirmatory,1,period3_index3,3,3,4,False,ordinary_same_capacity,4,8,9296,0,1024,1.0,8.0,1.9221669062972069,320000,False,False,5.161913918527716e-08,0.5,0.5,0.48500001430511475,0.2429999988526106,0.041999999433755875,1.7968250513076782,0.7617537379264832,0.2513789388467558,0.36412501335144043,/Users/tinggong/Documents/Codex/2026-07-19/holonomy-applications/work/TwistedMerge-holonomy-applications/reports/tmp/holonomy_applications/application_C_confirmatory/candidate_logits_seed_1.npz,7e1c9f0b4566bd5c3ddb5b9e5f5f6a5df9516cf6e2eba5f174a990421fc504ea,59878600e9c161ad9b63590216429d9aaef241ac5e9f62f00b1c5bbb7b6c2bbc,18efda786f0debf2b351d2c0fa026f93618ea341,-0.20099997520446777,False,False,False
controlled_on_real_features,confirmatory,1,period3_index3,3,3,4,False,coherent_projective_lift,4,8,9296,0,1024,1.0,8.0,4.214332904666662,320000,False,False,5.161913918527716e-08,0.5,0.5,0.671999990940094,0.5746250003576279,0.5130000114440918,0.9248300194740295,0.4543232023715973,0.0848997576686088,0.7226250171661377,/Users/tinggong/Documents/Codex/2026-07-19/holonomy-applications/work/TwistedMerge-holonomy-applications/reports/tmp/holonomy_applications/application_C_confirmatory/candidate_logits_seed_1.npz,7e1c9f0b4566bd5c3ddb5b9e5f5f6a5df9516cf6e2eba5f174a990421fc504ea,59878600e9c161ad9b63590216429d9aaef241ac5e9f62f00b1c5bbb7b6c2bbc,18efda786f0debf2b351d2c0fa026f93618ea341,-0.013999998569488525,False,False,False
controlled_on_real_features,confirmatory,1,period3_index3,3,3,4,False,parameter_matched_generic_unitary,4,8,9296,0,1024,1.0,8.0,4.187500104308128,320000,False,False,5.161913918527716e-08,0.5,0.5,0.6859999895095825,0.6059999912977219,0.5600000023841858,0.8799155950546265,0.4306049048900604,0.06655838061124086,0.7528749704360962,/Users/tinggong/Documents/Codex/2026-07-19/holonomy-applications/work/TwistedMerge-holonomy-applications/reports/tmp/holonomy_applications/application_C_confirmatory/candidate_logits_seed_1.npz,7e1c9f0b4566bd5c3ddb5b9e5f5f6a5df9516cf6e2eba5f174a990421fc504ea,59878600e9c161ad9b63590216429d9aaef241ac5e9f62f00b1c5bbb7b6c2bbc,18efda786f0debf2b351d2c0fa026f93618ea341,0.0,False,True,False
controlled_on_real_features,confirmatory,1,period3_index3,3,3,4,False,random_branch_control,4,8,9296,0,1024,1.0,8.0,4.193624947220087,320000,False,False,5.161913918527716e-08,0.5,0.5,0.20900000631809235,0.16725000040605664,0.041999999433755875,2.3837571144104004,0.9059800505638123,0.059186626225709915,0.3400000035762787,/Users/tinggong/Documents/Codex/2026-07-19/holonomy-applications/work/TwistedMerge-holonomy-applications/reports/tmp/holonomy_applications/application_C_confirmatory/candidate_logits_seed_1.npz,7e1c9f0b4566bd5c3ddb5b9e5f5f6a5df9516cf6e2eba5f174a990421fc504ea,59878600e9c161ad9b63590216429d9aaef241ac5e9f62f00b1c5bbb7b6c2bbc,18efda786f0debf2b351d2c0fa026f93618ea341,-0.4769999831914902,False,False,False
controlled_on_real_features,confirmatory,1,period3_index3,3,3,4,False,wrong_cocycle_control,4,8,9296,0,1024,1.0,8.0,4.163916921243072,320000,False,False,5.161913918527716e-08,0.5,0.5,0.1599999964237213,0.12712500104680657,0.0560000017285347,2.6108641624450684,0.9370856881141663,0.04614431381924078,0.42112499475479126,/Users/tinggong/Documents/Codex/2026-07-19/holonomy-applications/work/TwistedMerge-holonomy-applications/reports/tmp/holonomy_applications/application_C_confirmatory/candidate_logits_seed_1.npz,7e1c9f0b4566bd5c3ddb5b9e5f5f6a5df9516cf6e2eba5f174a990421fc504ea,59878600e9c161ad9b63590216429d9aaef241ac5e9f62f00b1c5bbb7b6c2bbc,18efda786f0debf2b351d2c0fa026f93618ea341,-0.5259999930858612,False,False,False
controlled_on_real_features,confirmatory,1,period3_index3,3,3,4,False,wrong_projective_representation,4,8,9296,0,1024,1.0,8.0,4.047624999657273,320000,False,False,5.161913918527716e-08,0.5,0.5,0.597000002861023,0.3546249959617853,0.18700000643730164,1.471286654472351,0.659572184085846,0.3046268784964923,0.4533750116825104,/Users/tinggong/Documents/Codex/2026-07-19/holonomy-applications/work/TwistedMerge-holonomy-applications/reports/tmp/holonomy_applications/application_C_confirmatory/candidate_logits_seed_1.npz,7e1c9f0b4566bd5c3ddb5b9e5f5f6a5df9516cf6e2eba5f174a990421fc504ea,59878600e9c161ad9b63590216429d9aaef241ac5e9f62f00b1c5bbb7b6c2bbc,18efda786f0debf2b351d2c0fa026f93618ea341,-0.08899998664855957,False,False,False
controlled_on_real_features,confirmatory,1,period3_index3,3,3,4,False,ensemble_upper_bound,4,8,9296,0,1024,1.0,8.0,0.02191588282585144,320000,False,False,5.161913918527716e-08,0.5,0.5,0.6859999895095825,0.6059999912977219,0.5600000023841858,0.8799155354499817,0.4306049644947052,0.06655839318409562,0.7528749704360962,/Users/tinggong/Documents/Codex/2026-07-19/holonomy-applications/work/TwistedMerge-holonomy-applications/reports/tmp/holonomy_applications/application_C_confirmatory/candidate_logits_seed_1.npz,7e1c9f0b4566bd5c3ddb5b9e5f5f6a5df9516cf6e2eba5f174a990421fc504ea,59878600e9c161ad9b63590216429d9aaef241ac5e9f62f00b1c5bbb7b6c2bbc,18efda786f0debf2b351d2c0fa026f93618ea341,0.0,False,True,False
controlled_on_real_features,confirmatory,1,period3_index3,3,3,4,False,oracle_coherent_lift,4,8,9296,0,1024,1.0,8.0,4.096291959285736,320000,False,False,5.161913918527716e-08,0.5,0.5,0.6859999895095825,0.6059999912977219,0.5600000023841858,0.8799155354499817,0.4306049644947052,0.06655836524441838,0.7528749704360962,/Users/tinggong/Documents/Codex/2026-07-19/holonomy-applications/work/TwistedMerge-holonomy-applications/reports/tmp/holonomy_applications/application_C_confirmatory/candidate_logits_seed_1.npz,7e1c9f0b4566bd5c3ddb5b9e5f5f6a5df9516cf6e2eba5f174a990421fc504ea,59878600e9c161ad9b63590216429d9aaef241ac5e9f62f00b1c5bbb7b6c2bbc,18efda786f0debf2b351d2c0fa026f93618ea341,0.0,False,True,False
controlled_on_real_features,confirmatory,1,period3_index3,3,3,6,True,ordinary_same_capacity,4,8,9296,0,2304,1.0,8.0,2.3522081319242716,320000,False,False,4.2146844236867764e-08,1.5389852592306852e-07,1.5389852592306852e-07,0.39100000262260437,0.19799999774841126,0.0010000000474974513,1.9775761365890503,0.815371036529541,0.20920153975021094,0.38075000047683716,/Users/tinggong/Documents/Codex/2026-07-19/holonomy-applications/work/TwistedMerge-holonomy-applications/reports/tmp/holonomy_applications/application_C_confirmatory/candidate_logits_seed_1.npz,7e1c9f0b4566bd5c3ddb5b9e5f5f6a5df9516cf6e2eba5f174a990421fc504ea,59878600e9c161ad9b63590216429d9aaef241ac5e9f62f00b1c5bbb7b6c2bbc,18efda786f0debf2b351d2c0fa026f93618ea341,-0.29499998688697815,True,False,False
controlled_on_real_features,confirmatory,1,period3_index3,3,3,6,True,coherent_projective_lift,4,8,9296,0,2304,1.0,8.0,4.732250003144145,320000,False,False,4.2146844236867764e-08,1.5389852592306852e-07,1.5389852592306852e-07,0.6859999895095825,0.6059999912977219,0.5600000023841858,0.8799155354499817,0.4306049644947052,0.06655838200822473,0.7528749704360962,/Users/tinggong/Documents/Codex/2026-07-19/holonomy-applications/work/TwistedMerge-holonomy-applications/reports/tmp/holonomy_applications/application_C_confirmatory/candidate_logits_seed_1.npz,7e1c9f0b4566bd5c3ddb5b9e5f5f6a5df9516cf6e2eba5f174a990421fc504ea,59878600e9c161ad9b63590216429d9aaef241ac5e9f62f00b1c5bbb7b6c2bbc,18efda786f0debf2b351d2c0fa026f93618ea341,0.0,True,True,True
controlled_on_real_features,confirmatory,1,period3_index3,3,3,6,True,parameter_matched_generic_unitary,4,8,9296,0,2304,1.0,8.0,4.686333006247878,320000,False,False,4.2146844236867764e-08,1.5389852592306852e-07,1.5389852592306852e-07,0.6859999895095825,0.6059999912977219,0.5600000023841858,0.8799155354499817,0.4306049644947052,0.06655839318409562,0.7528749704360962,/Users/tinggong/Documents/Codex/2026-07-19/holonomy-applications/work/TwistedMerge-holonomy-applications/reports/tmp/holonomy_applications/application_C_confirmatory/candidate_logits_seed_1.npz,7e1c9f0b4566bd5c3ddb5b9e5f5f6a5df9516cf6e2eba5f174a990421fc504ea,59878600e9c161ad9b63590216429d9aaef241ac5e9f62f00b1c5bbb7b6c2bbc,18efda786f0debf2b351d2c0fa026f93618ea341,0.0,True,True,False
controlled_on_real_features,confirmatory,1,period3_index3,3,3,6,True,random_branch_control,4,8,9296,0,2304,1.0,8.0,4.634999902918935,320000,False,False,4.2146844236867764e-08,1.5389852592306852e-07,1.5389852592306852e-07,0.6359999775886536,0.28412499905971345,0.0010000000474974513,1.6031410694122314,0.71027672290802,0.4008245240256656,0.37424999475479126,/Users/tinggong/Documents/Codex/2026-07-19/holonomy-applications/work/TwistedMerge-holonomy-applications/reports/tmp/holonomy_applications/application_C_confirmatory/candidate_logits_seed_1.npz,7e1c9f0b4566bd5c3ddb5b9e5f5f6a5df9516cf6e2eba5f174a990421fc504ea,59878600e9c161ad9b63590216429d9aaef241ac5e9f62f00b1c5bbb7b6c2bbc,18efda786f0debf2b351d2c0fa026f93618ea341,-0.050000011920928955,True,False,False
controlled_on_real_features,confirmatory,1,period3_index3,3,3,6,True,wrong_cocycle_control,4,8,9296,0,2304,1.0,8.0,4.6398749109357595,320000,False,False,4.2146844236867764e-08,1.5389852592306852e-07,1.5389852592306852e-07,0.08799999952316284,0.1517500013433164,0.0010000000474974513,2.5622198581695557,0.9375760555267334,0.0781011504586786,0.36537501215934753,/Users/tinggong/Documents/Codex/2026-07-19/holonomy-applications/work/TwistedMerge-holonomy-applications/reports/tmp/holonomy_applications/application_C_confirmatory/candidate_logits_seed_1.npz,7e1c9f0b4566bd5c3ddb5b9e5f5f6a5df9516cf6e2eba5f174a990421fc504ea,59878600e9c161ad9b63590216429d9aaef241ac5e9f62f00b1c5bbb7b6c2bbc,18efda786f0debf2b351d2c0fa026f93618ea341,-0.5979999899864197,True,False,False
controlled_on_real_features,confirmatory,1,period3_index3,3,3,6,True,wrong_projective_representation,4,8,9296,0,2304,1.0,8.0,4.712417023256421,320000,False,False,4.2146844236867764e-08,1.5389852592306852e-07,1.5389852592306852e-07,0.6480000019073486,0.3766249967738986,0.09200000017881393,1.4057344198226929,0.6370790004730225,0.34700648351281416,0.48750001192092896,/Users/tinggong/Documents/Codex/2026-07-19/holonomy-applications/work/TwistedMerge-holonomy-applications/reports/tmp/holonomy_applications/application_C_confirmatory/candidate_logits_seed_1.npz,7e1c9f0b4566bd5c3ddb5b9e5f5f6a5df9516cf6e2eba5f174a990421fc504ea,59878600e9c161ad9b63590216429d9aaef241ac5e9f62f00b1c5bbb7b6c2bbc,18efda786f0debf2b351d2c0fa026f93618ea341,-0.03799998760223389,True,False,False
controlled_on_real_features,confirmatory,1,period3_index3,3,3,6,True,ensemble_upper_bound,4,8,9296,0,2304,1.0,8.0,0.023208092898130417,320000,False,False,4.2146844236867764e-08,1.5389852592306852e-07,1.5389852592306852e-07,0.6859999895095825,0.6059999912977219,0.5600000023841858,0.8799155354499817,0.4306049644947052,0.06655839318409562,0.7528749704360962,/Users/tinggong/Documents/Codex/2026-07-19/holonomy-applications/work/TwistedMerge-holonomy-applications/reports/tmp/holonomy_applications/application_C_confirmatory/candidate_logits_seed_1.npz,7e1c9f0b4566bd5c3ddb5b9e5f5f6a5df9516cf6e2eba5f174a990421fc504ea,59878600e9c161ad9b63590216429d9aaef241ac5e9f62f00b1c5bbb7b6c2bbc,18efda786f0debf2b351d2c0fa026f93618ea341,0.0,True,True,False
controlled_on_real_features,confirmatory,1,period3_index3,3,3,6,True,oracle_coherent_lift,4,8,9296,0,2304,1.0,8.0,4.142082994803786,320000,False,False,4.2146844236867764e-08,1.5389852592306852e-07,1.5389852592306852e-07,0.6859999895095825,0.6059999912977219,0.5600000023841858,0.8799155354499817,0.4306049644947052,0.06655836524441838,0.7528749704360962,/Users/tinggong/Documents/Codex/2026-07-19/holonomy-applications/work/TwistedMerge-holonomy-applications/reports/tmp/holonomy_applications/application_C_confirmatory/candidate_logits_seed_1.npz,7e1c9f0b4566bd5c3ddb5b9e5f5f6a5df9516cf6e2eba5f174a990421fc504ea,59878600e9c161ad9b63590216429d9aaef241ac5e9f62f00b1c5bbb7b6c2bbc,18efda786f0debf2b351d2c0fa026f93618ea341,0.0,True,True,False
controlled_on_real_features,confirmatory,2,period2_index2,2,2,1,False,ordinary_same_capacity,4,8,9296,0,64,1.0,8.0,1.1699579190462828,320000,False,False,0.0,1.0,1.0,0.671999990940094,0.2310000043362379,0.10000000149011612,1.5015469789505005,0.6738647222518921,0.4127855823317077,0.7747499942779541,/Users/tinggong/Documents/Codex/2026-07-19/holonomy-applications/work/TwistedMerge-holonomy-applications/reports/tmp/holonomy_applications/application_C_confirmatory/candidate_logits_seed_2.npz,660146c2696737376d99162f9d435e57e1b3746539c12b01586627fc7727ccd7,903bb30f1f45c005abefb9ec2912e65bbb35d1d63e6ba9602a8e85d590ee9d1b,18efda786f0debf2b351d2c0fa026f93618ea341,-0.022000014781951904,False,False,False
controlled_on_real_features,confirmatory,2,period2_index2,2,2,1,False,coherent_projective_lift,4,8,9296,0,64,1.0,8.0,1.2307078577578068,320000,False,False,0.0,1.0,1.0,0.671999990940094,0.2310000043362379,0.10000000149011612,1.5015469789505005,0.6738647222518921,0.4127855823317077,0.7747499942779541,/Users/tinggong/Documents/Codex/2026-07-19/holonomy-applications/work/TwistedMerge-holonomy-applications/reports/tmp/holonomy_applications/application_C_confirmatory/candidate_logits_seed_2.npz,660146c2696737376d99162f9d435e57e1b3746539c12b01586627fc7727ccd7,903bb30f1f45c005abefb9ec2912e65bbb35d1d63e6ba9602a8e85d590ee9d1b,18efda786f0debf2b351d2c0fa026f93618ea341,-0.022000014781951904,False,False,False
controlled_on_real_features,confirmatory,2,period2_index2,2,2,1,False,parameter_matched_generic_unitary,4,8,9296,0,64,1.0,8.0,1.0891668498516083,320000,False,False,0.0,1.0,1.0,0.6940000057220459,0.6046250090003014,0.5540000200271606,0.8824877142906189,0.4318854510784149,0.07238514465279877,0.7482500076293945,/Users/tinggong/Documents/Codex/2026-07-19/holonomy-applications/work/TwistedMerge-holonomy-applications/reports/tmp/holonomy_applications/application_C_confirmatory/candidate_logits_seed_2.npz,660146c2696737376d99162f9d435e57e1b3746539c12b01586627fc7727ccd7,903bb30f1f45c005abefb9ec2912e65bbb35d1d63e6ba9602a8e85d590ee9d1b,18efda786f0debf2b351d2c0fa026f93618ea341,0.0,False,True,False
controlled_on_real_features,confirmatory,2,period2_index2,2,2,1,False,random_branch_control,4,8,9296,0,64,1.0,8.0,1.061457907781005,320000,False,False,0.0,1.0,1.0,0.10000000149011612,0.10000000149011612,0.10000000149011612,2.3025851249694824,0.8999997973442078,1.4901161193847656e-08,1.0,/Users/tinggong/Documents/Codex/2026-07-19/holonomy-applications/work/TwistedMerge-holonomy-applications/reports/tmp/holonomy_applications/application_C_confirmatory/candidate_logits_seed_2.npz,660146c2696737376d99162f9d435e57e1b3746539c12b01586627fc7727ccd7,903bb30f1f45c005abefb9ec2912e65bbb35d1d63e6ba9602a8e85d590ee9d1b,18efda786f0debf2b351d2c0fa026f93618ea341,-0.5940000042319298,False,False,False
controlled_on_real_features,confirmatory,2,period2_index2,2,2,1,False,wrong_cocycle_control,4,8,9296,0,64,1.0,8.0,1.0247088503092527,320000,False,False,0.0,1.0,1.0,0.10000000149011612,0.10000000149011612,0.10000000149011612,2.3025851249694824,0.8999997973442078,1.4901161193847656e-08,1.0,/Users/tinggong/Documents/Codex/2026-07-19/holonomy-applications/work/TwistedMerge-holonomy-applications/reports/tmp/holonomy_applications/application_C_confirmatory/candidate_logits_seed_2.npz,660146c2696737376d99162f9d435e57e1b3746539c12b01586627fc7727ccd7,903bb30f1f45c005abefb9ec2912e65bbb35d1d63e6ba9602a8e85d590ee9d1b,18efda786f0debf2b351d2c0fa026f93618ea341,-0.5940000042319298,False,False,False
controlled_on_real_features,confirmatory,2,period2_index2,2,2,1,False,wrong_projective_representation,4,8,9296,0,64,1.0,8.0,1.0391250252723694,320000,False,False,0.0,1.0,1.0,0.671999990940094,0.2310000043362379,0.10000000149011612,1.5015469789505005,0.6738647222518921,0.4127855823317077,0.7747499942779541,/Users/tinggong/Documents/Codex/2026-07-19/holonomy-applications/work/TwistedMerge-holonomy-applications/reports/tmp/holonomy_applications/application_C_confirmatory/candidate_logits_seed_2.npz,660146c2696737376d99162f9d435e57e1b3746539c12b01586627fc7727ccd7,903bb30f1f45c005abefb9ec2912e65bbb35d1d63e6ba9602a8e85d590ee9d1b,18efda786f0debf2b351d2c0fa026f93618ea341,-0.022000014781951904,False,False,False
controlled_on_real_features,confirmatory,2,period2_index2,2,2,1,False,ensemble_upper_bound,4,8,9296,0,64,1.0,8.0,0.04537496715784073,320000,False,False,0.0,1.0,1.0,0.6940000057220459,0.6046250090003014,0.5540000200271606,0.8824877142906189,0.4318854510784149,0.0723851474467665,0.7482500076293945,/Users/tinggong/Documents/Codex/2026-07-19/holonomy-applications/work/TwistedMerge-holonomy-applications/reports/tmp/holonomy_applications/application_C_confirmatory/candidate_logits_seed_2.npz,660146c2696737376d99162f9d435e57e1b3746539c12b01586627fc7727ccd7,903bb30f1f45c005abefb9ec2912e65bbb35d1d63e6ba9602a8e85d590ee9d1b,18efda786f0debf2b351d2c0fa026f93618ea341,0.0,False,True,False
controlled_on_real_features,confirmatory,2,period2_index2,2,2,1,False,oracle_coherent_lift,4,8,9296,0,64,1.0,8.0,3.7795829121023417,320000,False,False,0.0,1.0,1.0,0.6940000057220459,0.6046250090003014,0.5540000200271606,0.8824877142906189,0.4318854808807373,0.07238514604978263,0.7482500076293945,/Users/tinggong/Documents/Codex/2026-07-19/holonomy-applications/work/TwistedMerge-holonomy-applications/reports/tmp/holonomy_applications/application_C_confirmatory/candidate_logits_seed_2.npz,660146c2696737376d99162f9d435e57e1b3746539c12b01586627fc7727ccd7,903bb30f1f45c005abefb9ec2912e65bbb35d1d63e6ba9602a8e85d590ee9d1b,18efda786f0debf2b351d2c0fa026f93618ea341,0.0,False,True,False
controlled_on_real_features,confirmatory,2,period2_index2,2,2,2,True,ordinary_same_capacity,4,8,9296,0,256,1.0,8.0,1.3486670795828104,320000,False,False,6.181724643283815e-08,0.0,6.181724643283815e-08,0.1459999978542328,0.22937500214902684,0.003000000026077032,2.2438430786132812,0.8876748085021973,0.01521608023904264,0.3318749964237213,/Users/tinggong/Documents/Codex/2026-07-19/holonomy-applications/work/TwistedMerge-holonomy-applications/reports/tmp/holonomy_applications/application_C_confirmatory/candidate_logits_seed_2.npz,660146c2696737376d99162f9d435e57e1b3746539c12b01586627fc7727ccd7,903bb30f1f45c005abefb9ec2912e65bbb35d1d63e6ba9602a8e85d590ee9d1b,18efda786f0debf2b351d2c0fa026f93618ea341,-0.5480000078678131,True,False,False
controlled_on_real_features,confirmatory,2,period2_index2,2,2,2,True,coherent_projective_lift,4,8,9296,0,256,1.0,8.0,3.5469590220600367,320000,False,False,6.181724643283815e-08,0.0,6.181724643283815e-08,0.6940000057220459,0.6046250090003014,0.5540000200271606,0.8824877142906189,0.4318854510784149,0.07238514604978263,0.7482500076293945,/Users/tinggong/Documents/Codex/2026-07-19/holonomy-applications/work/TwistedMerge-holonomy-applications/reports/tmp/holonomy_applications/application_C_confirmatory/candidate_logits_seed_2.npz,660146c2696737376d99162f9d435e57e1b3746539c12b01586627fc7727ccd7,903bb30f1f45c005abefb9ec2912e65bbb35d1d63e6ba9602a8e85d590ee9d1b,18efda786f0debf2b351d2c0fa026f93618ea341,0.0,True,True,True
controlled_on_real_features,confirmatory,2,period2_index2,2,2,2,True,parameter_matched_generic_unitary,4,8,9296,0,256,1.0,8.0,3.486541099846363,320000,False,False,6.181724643283815e-08,0.0,6.181724643283815e-08,0.6940000057220459,0.6046250090003014,0.5540000200271606,0.8824877142906189,0.4318854510784149,0.07238513766787946,0.7482500076293945,/Users/tinggong/Documents/Codex/2026-07-19/holonomy-applications/work/TwistedMerge-holonomy-applications/reports/tmp/holonomy_applications/application_C_confirmatory/candidate_logits_seed_2.npz,660146c2696737376d99162f9d435e57e1b3746539c12b01586627fc7727ccd7,903bb30f1f45c005abefb9ec2912e65bbb35d1d63e6ba9602a8e85d590ee9d1b,18efda786f0debf2b351d2c0fa026f93618ea341,0.0,True,True,False
controlled_on_real_features,confirmatory,2,period2_index2,2,2,2,True,random_branch_control,4,8,9296,0,256,1.0,8.0,3.4885830245912075,320000,False,False,6.181724643283815e-08,0.0,6.181724643283815e-08,0.0020000000949949026,0.1608750023005996,0.0020000000949949026,3.5704545974731445,1.0674407482147217,0.21370359766297042,0.33787500858306885,/Users/tinggong/Documents/Codex/2026-07-19/holonomy-applications/work/TwistedMerge-holonomy-applications/reports/tmp/holonomy_applications/application_C_confirmatory/candidate_logits_seed_2.npz,660146c2696737376d99162f9d435e57e1b3746539c12b01586627fc7727ccd7,903bb30f1f45c005abefb9ec2912e65bbb35d1d63e6ba9602a8e85d590ee9d1b,18efda786f0debf2b351d2c0fa026f93618ea341,-0.692000005627051,True,False,False
controlled_on_real_features,confirmatory,2,period2_index2,2,2,2,True,wrong_cocycle_control,4,8,9296,0,256,1.0,8.0,3.4521659836173058,320000,False,False,6.181724643283815e-08,0.0,6.181724643283815e-08,0.0020000000949949026,0.0036250000848667696,0.0010000000474974513,7.843041896820068,1.3195483684539795,0.46062982780858874,0.5768749713897705,/Users/tinggong/Documents/Codex/2026-07-19/holonomy-applications/work/TwistedMerge-holonomy-applications/reports/tmp/holonomy_applications/application_C_confirmatory/candidate_logits_seed_2.npz,660146c2696737376d99162f9d435e57e1b3746539c12b01586627fc7727ccd7,903bb30f1f45c005abefb9ec2912e65bbb35d1d63e6ba9602a8e85d590ee9d1b,18efda786f0debf2b351d2c0fa026f93618ea341,-0.692000005627051,True,False,False
controlled_on_real_features,confirmatory,2,period2_index2,2,2,2,True,wrong_projective_representation,4,8,9296,0,256,1.0,8.0,3.46054183319211,320000,False,False,6.181724643283815e-08,0.0,6.181724643283815e-08,0.5770000219345093,0.2871249999734573,0.003000000026077032,1.615593671798706,0.7130231857299805,0.3324041825544555,0.4036250114440918,/Users/tinggong/Documents/Codex/2026-07-19/holonomy-applications/work/TwistedMerge-holonomy-applications/reports/tmp/holonomy_applications/application_C_confirmatory/candidate_logits_seed_2.npz,660146c2696737376d99162f9d435e57e1b3746539c12b01586627fc7727ccd7,903bb30f1f45c005abefb9ec2912e65bbb35d1d63e6ba9602a8e85d590ee9d1b,18efda786f0debf2b351d2c0fa026f93618ea341,-0.11699998378753662,True,False,False
controlled_on_real_features,confirmatory,2,period2_index2,2,2,2,True,ensemble_upper_bound,4,8,9296,0,256,1.0,8.0,0.027541769668459892,320000,False,False,6.181724643283815e-08,0.0,6.181724643283815e-08,0.6940000057220459,0.6046250090003014,0.5540000200271606,0.8824877142906189,0.4318854510784149,0.0723851474467665,0.7482500076293945,/Users/tinggong/Documents/Codex/2026-07-19/holonomy-applications/work/TwistedMerge-holonomy-applications/reports/tmp/holonomy_applications/application_C_confirmatory/candidate_logits_seed_2.npz,660146c2696737376d99162f9d435e57e1b3746539c12b01586627fc7727ccd7,903bb30f1f45c005abefb9ec2912e65bbb35d1d63e6ba9602a8e85d590ee9d1b,18efda786f0debf2b351d2c0fa026f93618ea341,0.0,True,True,False
controlled_on_real_features,confirmatory,2,period2_index2,2,2,2,True,oracle_coherent_lift,4,8,9296,0,256,1.0,8.0,3.514750162139535,320000,False,False,6.181724643283815e-08,0.0,6.181724643283815e-08,0.6940000057220459,0.6046250090003014,0.5540000200271606,0.8824877142906189,0.4318854808807373,0.07238514604978263,0.7482500076293945,/Users/tinggong/Documents/Codex/2026-07-19/holonomy-applications/work/TwistedMerge-holonomy-applications/reports/tmp/holonomy_applications/application_C_confirmatory/candidate_logits_seed_2.npz,660146c2696737376d99162f9d435e57e1b3746539c12b01586627fc7727ccd7,903bb30f1f45c005abefb9ec2912e65bbb35d1d63e6ba9602a8e85d590ee9d1b,18efda786f0debf2b351d2c0fa026f93618ea341,0.0,True,True,False
controlled_on_real_features,confirmatory,2,period2_index2,2,2,3,False,ordinary_same_capacity,4,8,9296,0,576,1.0,8.0,1.6222500707954168,320000,False,False,5.047356665954794e-08,0.5773502588272095,0.5773502588272095,0.453000009059906,0.25550000014482066,0.003000000026077032,1.9684820175170898,0.8176257610321045,0.28249862586380914,0.34837499260902405,/Users/tinggong/Documents/Codex/2026-07-19/holonomy-applications/work/TwistedMerge-holonomy-applications/reports/tmp/holonomy_applications/application_C_confirmatory/candidate_logits_seed_2.npz,660146c2696737376d99162f9d435e57e1b3746539c12b01586627fc7727ccd7,903bb30f1f45c005abefb9ec2912e65bbb35d1d63e6ba9602a8e85d590ee9d1b,18efda786f0debf2b351d2c0fa026f93618ea341,-0.2409999966621399,False,False,False
controlled_on_real_features,confirmatory,2,period2_index2,2,2,3,False,coherent_projective_lift,4,8,9296,0,576,1.0,8.0,4.210874903947115,320000,False,False,5.047356665954794e-08,0.5773502588272095,0.5773502588272095,0.6100000143051147,0.5220000073313713,0.453000009059906,1.0309045314788818,0.5101830363273621,0.05655807181028649,0.7285000085830688,/Users/tinggong/Documents/Codex/2026-07-19/holonomy-applications/work/TwistedMerge-holonomy-applications/reports/tmp/holonomy_applications/application_C_confirmatory/candidate_logits_seed_2.npz,660146c2696737376d99162f9d435e57e1b3746539c12b01586627fc7727ccd7,903bb30f1f45c005abefb9ec2912e65bbb35d1d63e6ba9602a8e85d590ee9d1b,18efda786f0debf2b351d2c0fa026f93618ea341,-0.08399999141693115,False,False,False
controlled_on_real_features,confirmatory,2,period2_index2,2,2,3,False,parameter_matched_generic_unitary,4,8,9296,0,576,1.0,8.0,4.105249885469675,320000,False,False,5.047356665954794e-08,0.5773502588272095,0.5773502588272095,0.6940000057220459,0.6046250090003014,0.5540000200271606,0.8824876546859741,0.4318854510784149,0.07238512695766985,0.7482500076293945,/Users/tinggong/Documents/Codex/2026-07-19/holonomy-applications/work/TwistedMerge-holonomy-applications/reports/tmp/holonomy_applications/application_C_confirmatory/candidate_logits_seed_2.npz,660146c2696737376d99162f9d435e57e1b3746539c12b01586627fc7727ccd7,903bb30f1f45c005abefb9ec2912e65bbb35d1d63e6ba9602a8e85d590ee9d1b,18efda786f0debf2b351d2c0fa026f93618ea341,0.0,False,True,False
controlled_on_real_features,confirmatory,2,period2_index2,2,2,3,False,random_branch_control,4,8,9296,0,576,1.0,8.0,4.129457985982299,320000,False,False,5.047356665954794e-08,0.5773502588272095,0.5773502588272095,0.32199999690055847,0.22125000145751983,0.007000000216066837,2.1355321407318115,0.8487481474876404,0.14039559941738844,0.40012499690055847,/Users/tinggong/Documents/Codex/2026-07-19/holonomy-applications/work/TwistedMerge-holonomy-applications/reports/tmp/holonomy_applications/application_C_confirmatory/candidate_logits_seed_2.npz,660146c2696737376d99162f9d435e57e1b3746539c12b01586627fc7727ccd7,903bb30f1f45c005abefb9ec2912e65bbb35d1d63e6ba9602a8e85d590ee9d1b,18efda786f0debf2b351d2c0fa026f93618ea341,-0.3720000088214874,False,False,False
controlled_on_real_features,confirmatory,2,period2_index2,2,2,3,False,wrong_cocycle_control,4,8,9296,0,576,1.0,8.0,4.15345816873014,320000,False,False,5.047356665954794e-08,0.5773502588272095,0.5773502588272095,0.003000000026077032,0.003750000090803951,0.003000000026077032,6.003918647766113,1.2557622194290161,0.4078552756109275,0.6146249771118164,/Users/tinggong/Documents/Codex/2026-07-19/holonomy-applications/work/TwistedMerge-holonomy-applications/reports/tmp/holonomy_applications/application_C_confirmatory/candidate_logits_seed_2.npz,660146c2696737376d99162f9d435e57e1b3746539c12b01586627fc7727ccd7,903bb30f1f45c005abefb9ec2912e65bbb35d1d63e6ba9602a8e85d590ee9d1b,18efda786f0debf2b351d2c0fa026f93618ea341,-0.6910000056959689,False,False,False
controlled_on_real_features,confirmatory,2,period2_index2,2,2,3,False,wrong_projective_representation,4,8,9296,0,576,1.0,8.0,5.260041914880276,320000,False,False,5.047356665954794e-08,0.5773502588272095,0.5773502588272095,0.6000000238418579,0.3333749996381812,0.003000000026077032,1.5683060884475708,0.697441041469574,0.3438081663334742,0.44062501192092896,/Users/tinggong/Documents/Codex/2026-07-19/holonomy-applications/work/TwistedMerge-holonomy-applications/reports/tmp/holonomy_applications/application_C_confirmatory/candidate_logits_seed_2.npz,660146c2696737376d99162f9d435e57e1b3746539c12b01586627fc7727ccd7,903bb30f1f45c005abefb9ec2912e65bbb35d1d63e6ba9602a8e85d590ee9d1b,18efda786f0debf2b351d2c0fa026f93618ea341,-0.09399998188018799,False,False,False
controlled_on_real_features,confirmatory,2,period2_index2,2,2,3,False,ensemble_upper_bound,4,8,9296,0,576,1.0,8.0,0.12395903468132019,320000,False,False,5.047356665954794e-08,0.5773502588272095,0.5773502588272095,0.6940000057220459,0.6046250090003014,0.5540000200271606,0.8824877142906189,0.4318854510784149,0.0723851474467665,0.7482500076293945,/Users/tinggong/Documents/Codex/2026-07-19/holonomy-applications/work/TwistedMerge-holonomy-applications/reports/tmp/holonomy_applications/application_C_confirmatory/candidate_logits_seed_2.npz,660146c2696737376d99162f9d435e57e1b3746539c12b01586627fc7727ccd7,903bb30f1f45c005abefb9ec2912e65bbb35d1d63e6ba9602a8e85d590ee9d1b,18efda786f0debf2b351d2c0fa026f93618ea341,0.0,False,True,False
controlled_on_real_features,confirmatory,2,period2_index2,2,2,3,False,oracle_coherent_lift,4,8,9296,0,576,1.0,8.0,4.086707951501012,320000,False,False,5.047356665954794e-08,0.5773502588272095,0.5773502588272095,0.6940000057220459,0.6046250090003014,0.5540000200271606,0.8824877142906189,0.4318854808807373,0.07238514604978263,0.7482500076293945,/Users/tinggong/Documents/Codex/2026-07-19/holonomy-applications/work/TwistedMerge-holonomy-applications/reports/tmp/holonomy_applications/application_C_confirmatory/candidate_logits_seed_2.npz,660146c2696737376d99162f9d435e57e1b3746539c12b01586627fc7727ccd7,903bb30f1f45c005abefb9ec2912e65bbb35d1d63e6ba9602a8e85d590ee9d1b,18efda786f0debf2b351d2c0fa026f93618ea341,0.0,False,True,False
controlled_on_real_features,confirmatory,2,period2_index2,2,2,4,True,ordinary_same_capacity,4,8,9296,0,1024,1.0,8.0,1.9905418157577515,320000,False,False,4.371138828673793e-08,0.0,4.371138828673793e-08,0.1770000010728836,0.23162500484613702,0.003000000026077032,2.2475504875183105,0.8879463076591492,0.027279908303171396,0.3372499942779541,/Users/tinggong/Documents/Codex/2026-07-19/holonomy-applications/work/TwistedMerge-holonomy-applications/reports/tmp/holonomy_applications/application_C_confirmatory/candidate_logits_seed_2.npz,660146c2696737376d99162f9d435e57e1b3746539c12b01586627fc7727ccd7,903bb30f1f45c005abefb9ec2912e65bbb35d1d63e6ba9602a8e85d590ee9d1b,18efda786f0debf2b351d2c0fa026f93618ea341,-0.5170000046491623,True,False,False
controlled_on_real_features,confirmatory,2,period2_index2,2,2,4,True,coherent_projective_lift,4,8,9296,0,1024,1.0,8.0,4.637083970010281,320000,False,False,4.371138828673793e-08,0.0,4.371138828673793e-08,0.6940000057220459,0.6046250090003014,0.5540000200271606,0.8824877142906189,0.4318855106830597,0.0723851544316858,0.7482500076293945,/Users/tinggong/Documents/Codex/2026-07-19/holonomy-applications/work/TwistedMerge-holonomy-applications/reports/tmp/holonomy_applications/application_C_confirmatory/candidate_logits_seed_2.npz,660146c2696737376d99162f9d435e57e1b3746539c12b01586627fc7727ccd7,903bb30f1f45c005abefb9ec2912e65bbb35d1d63e6ba9602a8e85d590ee9d1b,18efda786f0debf2b351d2c0fa026f93618ea341,0.0,True,True,True
controlled_on_real_features,confirmatory,2,period2_index2,2,2,4,True,parameter_matched_generic_unitary,4,8,9296,0,1024,1.0,8.0,4.9206658732146025,320000,False,False,4.371138828673793e-08,0.0,4.371138828673793e-08,0.6940000057220459,0.6046250090003014,0.5540000200271606,0.8824877142906189,0.4318854510784149,0.07238513673655689,0.7482500076293945,/Users/tinggong/Documents/Codex/2026-07-19/holonomy-applications/work/TwistedMerge-holonomy-applications/reports/tmp/holonomy_applications/application_C_confirmatory/candidate_logits_seed_2.npz,660146c2696737376d99162f9d435e57e1b3746539c12b01586627fc7727ccd7,903bb30f1f45c005abefb9ec2912e65bbb35d1d63e6ba9602a8e85d590ee9d1b,18efda786f0debf2b351d2c0fa026f93618ea341,0.0,True,True,False
controlled_on_real_features,confirmatory,2,period2_index2,2,2,4,True,random_branch_control,4,8,9296,0,1024,1.0,8.0,4.693916998803616,320000,False,False,4.371138828673793e-08,0.0,4.371138828673793e-08,0.3310000002384186,0.20687500340864062,0.05400000140070915,2.0495471954345703,0.8282582759857178,0.13828587686293758,0.38737499713897705,/Users/tinggong/Documents/Codex/2026-07-19/holonomy-applications/work/TwistedMerge-holonomy-applications/reports/tmp/holonomy_applications/application_C_confirmatory/candidate_logits_seed_2.npz,660146c2696737376d99162f9d435e57e1b3746539c12b01586627fc7727ccd7,903bb30f1f45c005abefb9ec2912e65bbb35d1d63e6ba9602a8e85d590ee9d1b,18efda786f0debf2b351d2c0fa026f93618ea341,-0.3630000054836273,True,False,False
controlled_on_real_features,confirmatory,2,period2_index2,2,2,4,True,wrong_cocycle_control,4,8,9296,0,1024,1.0,8.0,4.61208401247859,320000,False,False,4.371138828673793e-08,0.0,4.371138828673793e-08,0.0020000000949949026,0.0036250000848667696,0.0010000000474974513,7.843041896820068,1.3195483684539795,0.4606298445723951,0.5768749713897705,/Users/tinggong/Documents/Codex/2026-07-19/holonomy-applications/work/TwistedMerge-holonomy-applications/reports/tmp/holonomy_applications/application_C_confirmatory/candidate_logits_seed_2.npz,660146c2696737376d99162f9d435e57e1b3746539c12b01586627fc7727ccd7,903bb30f1f45c005abefb9ec2912e65bbb35d1d63e6ba9602a8e85d590ee9d1b,18efda786f0debf2b351d2c0fa026f93618ea341,-0.692000005627051,True,False,False
controlled_on_real_features,confirmatory,2,period2_index2,2,2,4,True,wrong_projective_representation,4,8,9296,0,1024,1.0,8.0,4.703333135694265,320000,False,False,4.371138828673793e-08,0.0,4.371138828673793e-08,0.6129999756813049,0.37137500010430813,0.09700000286102295,1.5220081806182861,0.6734377145767212,0.3374934768798994,0.4690000116825104,/Users/tinggong/Documents/Codex/2026-07-19/holonomy-applications/work/TwistedMerge-holonomy-applications/reports/tmp/holonomy_applications/application_C_confirmatory/candidate_logits_seed_2.npz,660146c2696737376d99162f9d435e57e1b3746539c12b01586627fc7727ccd7,903bb30f1f45c005abefb9ec2912e65bbb35d1d63e6ba9602a8e85d590ee9d1b,18efda786f0debf2b351d2c0fa026f93618ea341,-0.08100003004074097,True,False,False
controlled_on_real_features,confirmatory,2,period2_index2,2,2,4,True,ensemble_upper_bound,4,8,9296,0,1024,1.0,8.0,0.033041927963495255,320000,False,False,4.371138828673793e-08,0.0,4.371138828673793e-08,0.6940000057220459,0.6046250090003014,0.5540000200271606,0.8824877142906189,0.4318854510784149,0.0723851474467665,0.7482500076293945,/Users/tinggong/Documents/Codex/2026-07-19/holonomy-applications/work/TwistedMerge-holonomy-applications/reports/tmp/holonomy_applications/application_C_confirmatory/candidate_logits_seed_2.npz,660146c2696737376d99162f9d435e57e1b3746539c12b01586627fc7727ccd7,903bb30f1f45c005abefb9ec2912e65bbb35d1d63e6ba9602a8e85d590ee9d1b,18efda786f0debf2b351d2c0fa026f93618ea341,0.0,True,True,False
controlled_on_real_features,confirmatory,2,period2_index2,2,2,4,True,oracle_coherent_lift,4,8,9296,0,1024,1.0,8.0,3.8737498689442873,320000,False,False,4.371138828673793e-08,0.0,4.371138828673793e-08,0.6940000057220459,0.6046250090003014,0.5540000200271606,0.8824877142906189,0.4318854808807373,0.07238514604978263,0.7482500076293945,/Users/tinggong/Documents/Codex/2026-07-19/holonomy-applications/work/TwistedMerge-holonomy-applications/reports/tmp/holonomy_applications/application_C_confirmatory/candidate_logits_seed_2.npz,660146c2696737376d99162f9d435e57e1b3746539c12b01586627fc7727ccd7,903bb30f1f45c005abefb9ec2912e65bbb35d1d63e6ba9602a8e85d590ee9d1b,18efda786f0debf2b351d2c0fa026f93618ea341,0.0,True,True,False
controlled_on_real_features,confirmatory,2,period2_index4,2,4,1,False,ordinary_same_capacity,4,8,9296,0,64,1.0,8.0,0.7747500203549862,320000,False,False,0.0,1.0,1.0,0.7059999704360962,0.3028750056400895,0.10000000149011612,1.2289751768112183,0.5646626353263855,0.3434975379204843,0.6635000109672546,/Users/tinggong/Documents/Codex/2026-07-19/holonomy-applications/work/TwistedMerge-holonomy-applications/reports/tmp/holonomy_applications/application_C_confirmatory/candidate_logits_seed_2.npz,660146c2696737376d99162f9d435e57e1b3746539c12b01586627fc7727ccd7,903bb30f1f45c005abefb9ec2912e65bbb35d1d63e6ba9602a8e85d590ee9d1b,18efda786f0debf2b351d2c0fa026f93618ea341,0.011999964714050293,False,True,False
controlled_on_real_features,confirmatory,2,period2_index4,2,4,1,False,coherent_projective_lift,4,8,9296,0,64,1.0,8.0,1.0289580095559359,320000,False,False,0.0,1.0,1.0,0.7059999704360962,0.3028750056400895,0.10000000149011612,1.2289751768112183,0.5646626353263855,0.3434975379204843,0.6635000109672546,/Users/tinggong/Documents/Codex/2026-07-19/holonomy-applications/work/TwistedMerge-holonomy-applications/reports/tmp/holonomy_applications/application_C_confirmatory/candidate_logits_seed_2.npz,660146c2696737376d99162f9d435e57e1b3746539c12b01586627fc7727ccd7,903bb30f1f45c005abefb9ec2912e65bbb35d1d63e6ba9602a8e85d590ee9d1b,18efda786f0debf2b351d2c0fa026f93618ea341,0.011999964714050293,False,True,False
controlled_on_real_features,confirmatory,2,period2_index4,2,4,1,False,parameter_matched_generic_unitary,4,8,9296,0,64,1.0,8.0,1.031458843499422,320000,False,False,0.0,1.0,1.0,0.6940000057220459,0.6046250090003014,0.5540000200271606,0.8824877142906189,0.4318854510784149,0.07238514604978263,0.7482500076293945,/Users/tinggong/Documents/Codex/2026-07-19/holonomy-applications/work/TwistedMerge-holonomy-applications/reports/tmp/holonomy_applications/application_C_confirmatory/candidate_logits_seed_2.npz,660146c2696737376d99162f9d435e57e1b3746539c12b01586627fc7727ccd7,903bb30f1f45c005abefb9ec2912e65bbb35d1d63e6ba9602a8e85d590ee9d1b,18efda786f0debf2b351d2c0fa026f93618ea341,0.0,False,True,False
controlled_on_real_features,confirmatory,2,period2_index4,2,4,1,False,random_branch_control,4,8,9296,0,64,1.0,8.0,1.0392081458121538,320000,False,False,0.0,1.0,1.0,0.6570000052452087,0.1696250019595027,0.10000000149011612,1.8258355855941772,0.7811206579208374,0.48137065349146724,0.887499988079071,/Users/tinggong/Documents/Codex/2026-07-19/holonomy-applications/work/TwistedMerge-holonomy-applications/reports/tmp/holonomy_applications/application_C_confirmatory/candidate_logits_seed_2.npz,660146c2696737376d99162f9d435e57e1b3746539c12b01586627fc7727ccd7,903bb30f1f45c005abefb9ec2912e65bbb35d1d63e6ba9602a8e85d590ee9d1b,18efda786f0debf2b351d2c0fa026f93618ea341,-0.03700000047683716,False,False,False
controlled_on_real_features,confirmatory,2,period2_index4,2,4,1,False,wrong_cocycle_control,4,8,9296,0,64,1.0,8.0,1.0430840775370598,320000,False,False,0.0,1.0,1.0,0.10000000149011612,0.10000000149011612,0.10000000149011612,2.3025851249694824,0.8999997973442078,1.4901161193847656e-08,1.0,/Users/tinggong/Documents/Codex/2026-07-19/holonomy-applications/work/TwistedMerge-holonomy-applications/reports/tmp/holonomy_applications/application_C_confirmatory/candidate_logits_seed_2.npz,660146c2696737376d99162f9d435e57e1b3746539c12b01586627fc7727ccd7,903bb30f1f45c005abefb9ec2912e65bbb35d1d63e6ba9602a8e85d590ee9d1b,18efda786f0debf2b351d2c0fa026f93618ea341,-0.5940000042319298,False,False,False
controlled_on_real_features,confirmatory,2,period2_index4,2,4,1,False,wrong_projective_representation,4,8,9296,0,64,1.0,8.0,1.0037918109446764,320000,False,False,0.0,1.0,1.0,0.671999990940094,0.2310000043362379,0.10000000149011612,1.5015469789505005,0.6738647222518921,0.41278557109762914,0.7747499942779541,/Users/tinggong/Documents/Codex/2026-07-19/holonomy-applications/work/TwistedMerge-holonomy-applications/reports/tmp/holonomy_applications/application_C_confirmatory/candidate_logits_seed_2.npz,660146c2696737376d99162f9d435e57e1b3746539c12b01586627fc7727ccd7,903bb30f1f45c005abefb9ec2912e65bbb35d1d63e6ba9602a8e85d590ee9d1b,18efda786f0debf2b351d2c0fa026f93618ea341,-0.022000014781951904,False,False,False
controlled_on_real_features,confirmatory,2,period2_index4,2,4,1,False,ensemble_upper_bound,4,8,9296,0,64,1.0,8.0,0.059208134189248085,320000,False,False,0.0,1.0,1.0,0.6940000057220459,0.6046250090003014,0.5540000200271606,0.8824877142906189,0.4318854510784149,0.0723851474467665,0.7482500076293945,/Users/tinggong/Documents/Codex/2026-07-19/holonomy-applications/work/TwistedMerge-holonomy-applications/reports/tmp/holonomy_applications/application_C_confirmatory/candidate_logits_seed_2.npz,660146c2696737376d99162f9d435e57e1b3746539c12b01586627fc7727ccd7,903bb30f1f45c005abefb9ec2912e65bbb35d1d63e6ba9602a8e85d590ee9d1b,18efda786f0debf2b351d2c0fa026f93618ea341,0.0,False,True,False
controlled_on_real_features,confirmatory,2,period2_index4,2,4,1,False,oracle_coherent_lift,4,8,9296,0,64,1.0,8.0,4.792833002284169,320000,False,False,0.0,1.0,1.0,0.6940000057220459,0.6046250090003014,0.5540000200271606,0.8824877142906189,0.4318854510784149,0.07238514604978263,0.7482500076293945,/Users/tinggong/Documents/Codex/2026-07-19/holonomy-applications/work/TwistedMerge-holonomy-applications/reports/tmp/holonomy_applications/application_C_confirmatory/candidate_logits_seed_2.npz,660146c2696737376d99162f9d435e57e1b3746539c12b01586627fc7727ccd7,903bb30f1f45c005abefb9ec2912e65bbb35d1d63e6ba9602a8e85d590ee9d1b,18efda786f0debf2b351d2c0fa026f93618ea341,0.0,False,True,False
controlled_on_real_features,confirmatory,2,period2_index4,2,4,2,False,ordinary_same_capacity,4,8,9296,0,256,1.0,8.0,1.4015829656273127,320000,False,False,6.181724643283815e-08,1.0,1.0,0.531000018119812,0.27550000604242086,0.09000000357627869,1.5071132183074951,0.6777223944664001,0.2258230703882873,0.42362499237060547,/Users/tinggong/Documents/Codex/2026-07-19/holonomy-applications/work/TwistedMerge-holonomy-applications/reports/tmp/holonomy_applications/application_C_confirmatory/candidate_logits_seed_2.npz,660146c2696737376d99162f9d435e57e1b3746539c12b01586627fc7727ccd7,903bb30f1f45c005abefb9ec2912e65bbb35d1d63e6ba9602a8e85d590ee9d1b,18efda786f0debf2b351d2c0fa026f93618ea341,-0.1629999876022339,False,False,False
controlled_on_real_features,confirmatory,2,period2_index4,2,4,2,False,coherent_projective_lift,4,8,9296,0,256,1.0,8.0,3.665084019303322,320000,False,False,6.181724643283815e-08,1.0,1.0,0.6959999799728394,0.42387501057237387,0.10000000149011612,1.0117446184158325,0.4781036078929901,0.20950683419505367,0.5435000061988831,/Users/tinggong/Documents/Codex/2026-07-19/holonomy-applications/work/TwistedMerge-holonomy-applications/reports/tmp/holonomy_applications/application_C_confirmatory/candidate_logits_seed_2.npz,660146c2696737376d99162f9d435e57e1b3746539c12b01586627fc7727ccd7,903bb30f1f45c005abefb9ec2912e65bbb35d1d63e6ba9602a8e85d590ee9d1b,18efda786f0debf2b351d2c0fa026f93618ea341,0.001999974250793457,False,True,False
controlled_on_real_features,confirmatory,2,period2_index4,2,4,2,False,parameter_matched_generic_unitary,4,8,9296,0,256,1.0,8.0,3.639583010226488,320000,False,False,6.181724643283815e-08,1.0,1.0,0.6940000057220459,0.6046250090003014,0.5540000200271606,0.8824877142906189,0.4318854510784149,0.07238513766787946,0.7482500076293945,/Users/tinggong/Documents/Codex/2026-07-19/holonomy-applications/work/TwistedMerge-holonomy-applications/reports/tmp/holonomy_applications/application_C_confirmatory/candidate_logits_seed_2.npz,660146c2696737376d99162f9d435e57e1b3746539c12b01586627fc7727ccd7,903bb30f1f45c005abefb9ec2912e65bbb35d1d63e6ba9602a8e85d590ee9d1b,18efda786f0debf2b351d2c0fa026f93618ea341,0.0,False,True,False
controlled_on_real_features,confirmatory,2,period2_index4,2,4,2,False,random_branch_control,4,8,9296,0,256,1.0,8.0,3.688666969537735,320000,False,False,6.181724643283815e-08,1.0,1.0,0.3619999885559082,0.18575000297278166,0.10000000149011612,1.9800037145614624,0.8130095601081848,0.15603362012188882,0.643750011920929,/Users/tinggong/Documents/Codex/2026-07-19/holonomy-applications/work/TwistedMerge-holonomy-applications/reports/tmp/holonomy_applications/application_C_confirmatory/candidate_logits_seed_2.npz,660146c2696737376d99162f9d435e57e1b3746539c12b01586627fc7727ccd7,903bb30f1f45c005abefb9ec2912e65bbb35d1d63e6ba9602a8e85d590ee9d1b,18efda786f0debf2b351d2c0fa026f93618ea341,-0.3320000171661377,False,False,False
controlled_on_real_features,confirmatory,2,period2_index4,2,4,2,False,wrong_cocycle_control,4,8,9296,0,256,1.0,8.0,3.720416920259595,320000,False,False,6.181724643283815e-08,1.0,1.0,0.09200000017881393,0.10037500131875277,0.09000000357627869,2.3025851249694824,0.8999997973442078,0.04900001734495163,0.777999997138977,/Users/tinggong/Documents/Codex/2026-07-19/holonomy-applications/work/TwistedMerge-holonomy-applications/reports/tmp/holonomy_applications/application_C_confirmatory/candidate_logits_seed_2.npz,660146c2696737376d99162f9d435e57e1b3746539c12b01586627fc7727ccd7,903bb30f1f45c005abefb9ec2912e65bbb35d1d63e6ba9602a8e85d590ee9d1b,18efda786f0debf2b351d2c0fa026f93618ea341,-0.602000005543232,False,False,False
controlled_on_real_features,confirmatory,2,period2_index4,2,4,2,False,wrong_projective_representation,4,8,9296,0,256,1.0,8.0,3.666291944682598,320000,False,False,6.181724643283815e-08,1.0,1.0,0.49799999594688416,0.24125000182539225,0.10000000149011612,1.8037508726119995,0.768121600151062,0.274709454504773,0.40162500739097595,/Users/tinggong/Documents/Codex/2026-07-19/holonomy-applications/work/TwistedMerge-holonomy-applications/reports/tmp/holonomy_applications/application_C_confirmatory/candidate_logits_seed_2.npz,660146c2696737376d99162f9d435e57e1b3746539c12b01586627fc7727ccd7,903bb30f1f45c005abefb9ec2912e65bbb35d1d63e6ba9602a8e85d590ee9d1b,18efda786f0debf2b351d2c0fa026f93618ea341,-0.19600000977516174,False,False,False
controlled_on_real_features,confirmatory,2,period2_index4,2,4,2,False,ensemble_upper_bound,4,8,9296,0,256,1.0,8.0,0.08425000123679638,320000,False,False,6.181724643283815e-08,1.0,1.0,0.6940000057220459,0.6046250090003014,0.5540000200271606,0.8824877142906189,0.4318854510784149,0.0723851474467665,0.7482500076293945,/Users/tinggong/Documents/Codex/2026-07-19/holonomy-applications/work/TwistedMerge-holonomy-applications/reports/tmp/holonomy_applications/application_C_confirmatory/candidate_logits_seed_2.npz,660146c2696737376d99162f9d435e57e1b3746539c12b01586627fc7727ccd7,903bb30f1f45c005abefb9ec2912e65bbb35d1d63e6ba9602a8e85d590ee9d1b,18efda786f0debf2b351d2c0fa026f93618ea341,0.0,False,True,False
controlled_on_real_features,confirmatory,2,period2_index4,2,4,2,False,oracle_coherent_lift,4,8,9296,0,256,1.0,8.0,4.600417101755738,320000,False,False,6.181724643283815e-08,1.0,1.0,0.6940000057220459,0.6046250090003014,0.5540000200271606,0.8824877142906189,0.4318854510784149,0.07238514604978263,0.7482500076293945,/Users/tinggong/Documents/Codex/2026-07-19/holonomy-applications/work/TwistedMerge-holonomy-applications/reports/tmp/holonomy_applications/application_C_confirmatory/candidate_logits_seed_2.npz,660146c2696737376d99162f9d435e57e1b3746539c12b01586627fc7727ccd7,903bb30f1f45c005abefb9ec2912e65bbb35d1d63e6ba9602a8e85d590ee9d1b,18efda786f0debf2b351d2c0fa026f93618ea341,0.0,False,True,False
controlled_on_real_features,confirmatory,2,period2_index4,2,4,3,False,ordinary_same_capacity,4,8,9296,0,576,1.0,8.0,1.5855829697102308,320000,False,False,5.047356665954794e-08,0.8164966106414795,0.8164966106414795,0.5429999828338623,0.28687499929219484,0.0729999989271164,1.612717866897583,0.7044116258621216,0.28496258208178915,0.3790000081062317,/Users/tinggong/Documents/Codex/2026-07-19/holonomy-applications/work/TwistedMerge-holonomy-applications/reports/tmp/holonomy_applications/application_C_confirmatory/candidate_logits_seed_2.npz,660146c2696737376d99162f9d435e57e1b3746539c12b01586627fc7727ccd7,903bb30f1f45c005abefb9ec2912e65bbb35d1d63e6ba9602a8e85d590ee9d1b,18efda786f0debf2b351d2c0fa026f93618ea341,-0.1510000228881836,False,False,False
controlled_on_real_features,confirmatory,2,period2_index4,2,4,3,False,coherent_projective_lift,4,8,9296,0,576,1.0,8.0,4.122624872252345,320000,False,False,5.047356665954794e-08,0.8164966106414795,0.8164966106414795,0.6959999799728394,0.5381250083446503,0.42100000381469727,0.9431290626525879,0.45240360498428345,0.1548379833693616,0.656624972820282,/Users/tinggong/Documents/Codex/2026-07-19/holonomy-applications/work/TwistedMerge-holonomy-applications/reports/tmp/holonomy_applications/application_C_confirmatory/candidate_logits_seed_2.npz,660146c2696737376d99162f9d435e57e1b3746539c12b01586627fc7727ccd7,903bb30f1f45c005abefb9ec2912e65bbb35d1d63e6ba9602a8e85d590ee9d1b,18efda786f0debf2b351d2c0fa026f93618ea341,0.001999974250793457,False,True,False
controlled_on_real_features,confirmatory,2,period2_index4,2,4,3,False,parameter_matched_generic_unitary,4,8,9296,0,576,1.0,8.0,4.121791105717421,320000,False,False,5.047356665954794e-08,0.8164966106414795,0.8164966106414795,0.6940000057220459,0.6046250090003014,0.5540000200271606,0.8824877142906189,0.4318854510784149,0.07238513533957303,0.7482500076293945,/Users/tinggong/Documents/Codex/2026-07-19/holonomy-applications/work/TwistedMerge-holonomy-applications/reports/tmp/holonomy_applications/application_C_confirmatory/candidate_logits_seed_2.npz,660146c2696737376d99162f9d435e57e1b3746539c12b01586627fc7727ccd7,903bb30f1f45c005abefb9ec2912e65bbb35d1d63e6ba9602a8e85d590ee9d1b,18efda786f0debf2b351d2c0fa026f93618ea341,0.0,False,True,False
controlled_on_real_features,confirmatory,2,period2_index4,2,4,3,False,random_branch_control,4,8,9296,0,576,1.0,8.0,4.124125000089407,320000,False,False,5.047356665954794e-08,0.8164966106414795,0.8164966106414795,0.40700000524520874,0.2480000015348196,0.09799999743700027,1.9380017518997192,0.8052201867103577,0.22781044858857058,0.3395000100135803,/Users/tinggong/Documents/Codex/2026-07-19/holonomy-applications/work/TwistedMerge-holonomy-applications/reports/tmp/holonomy_applications/application_C_confirmatory/candidate_logits_seed_2.npz,660146c2696737376d99162f9d435e57e1b3746539c12b01586627fc7727ccd7,903bb30f1f45c005abefb9ec2912e65bbb35d1d63e6ba9602a8e85d590ee9d1b,18efda786f0debf2b351d2c0fa026f93618ea341,-0.28700000047683716,False,False,False
controlled_on_real_features,confirmatory,2,period2_index4,2,4,3,False,wrong_cocycle_control,4,8,9296,0,576,1.0,8.0,4.123792052268982,320000,False,False,5.047356665954794e-08,0.8164966106414795,0.8164966106414795,0.0430000014603138,0.09712499985471368,0.04100000113248825,2.6033332347869873,0.948250412940979,0.12250202032737434,0.4348750114440918,/Users/tinggong/Documents/Codex/2026-07-19/holonomy-applications/work/TwistedMerge-holonomy-applications/reports/tmp/holonomy_applications/application_C_confirmatory/candidate_logits_seed_2.npz,660146c2696737376d99162f9d435e57e1b3746539c12b01586627fc7727ccd7,903bb30f1f45c005abefb9ec2912e65bbb35d1d63e6ba9602a8e85d590ee9d1b,18efda786f0debf2b351d2c0fa026f93618ea341,-0.6510000042617321,False,False,False
controlled_on_real_features,confirmatory,2,period2_index4,2,4,3,False,wrong_projective_representation,4,8,9296,0,576,1.0,8.0,4.108542110770941,320000,False,False,5.047356665954794e-08,0.8164966106414795,0.8164966106414795,0.41499999165534973,0.2206249995797407,0.0020000000949949026,2.0026533603668213,0.8254901170730591,0.24807905475609004,0.3071250021457672,/Users/tinggong/Documents/Codex/2026-07-19/holonomy-applications/work/TwistedMerge-holonomy-applications/reports/tmp/holonomy_applications/application_C_confirmatory/candidate_logits_seed_2.npz,660146c2696737376d99162f9d435e57e1b3746539c12b01586627fc7727ccd7,903bb30f1f45c005abefb9ec2912e65bbb35d1d63e6ba9602a8e85d590ee9d1b,18efda786f0debf2b351d2c0fa026f93618ea341,-0.27900001406669617,False,False,False
controlled_on_real_features,confirmatory,2,period2_index4,2,4,3,False,ensemble_upper_bound,4,8,9296,0,576,1.0,8.0,0.05425000563263893,320000,False,False,5.047356665954794e-08,0.8164966106414795,0.8164966106414795,0.6940000057220459,0.6046250090003014,0.5540000200271606,0.8824877142906189,0.4318854510784149,0.0723851474467665,0.7482500076293945,/Users/tinggong/Documents/Codex/2026-07-19/holonomy-applications/work/TwistedMerge-holonomy-applications/reports/tmp/holonomy_applications/application_C_confirmatory/candidate_logits_seed_2.npz,660146c2696737376d99162f9d435e57e1b3746539c12b01586627fc7727ccd7,903bb30f1f45c005abefb9ec2912e65bbb35d1d63e6ba9602a8e85d590ee9d1b,18efda786f0debf2b351d2c0fa026f93618ea341,0.0,False,True,False
controlled_on_real_features,confirmatory,2,period2_index4,2,4,3,False,oracle_coherent_lift,4,8,9296,0,576,1.0,8.0,4.22020792029798,320000,False,False,5.047356665954794e-08,0.8164966106414795,0.8164966106414795,0.6940000057220459,0.6046250090003014,0.5540000200271606,0.8824877142906189,0.4318854510784149,0.07238514604978263,0.7482500076293945,/Users/tinggong/Documents/Codex/2026-07-19/holonomy-applications/work/TwistedMerge-holonomy-applications/reports/tmp/holonomy_applications/application_C_confirmatory/candidate_logits_seed_2.npz,660146c2696737376d99162f9d435e57e1b3746539c12b01586627fc7727ccd7,903bb30f1f45c005abefb9ec2912e65bbb35d1d63e6ba9602a8e85d590ee9d1b,18efda786f0debf2b351d2c0fa026f93618ea341,0.0,False,True,False
controlled_on_real_features,confirmatory,2,period2_index4,2,4,4,True,ordinary_same_capacity,4,8,9296,0,1024,1.0,8.0,1.9669169560074806,320000,False,False,4.371138828673793e-08,0.0,4.371138828673793e-08,0.328000009059906,0.22025000024586916,0.09799999743700027,2.0458028316497803,0.8211971521377563,0.10831846110522747,0.35350000858306885,/Users/tinggong/Documents/Codex/2026-07-19/holonomy-applications/work/TwistedMerge-holonomy-applications/reports/tmp/holonomy_applications/application_C_confirmatory/candidate_logits_seed_2.npz,660146c2696737376d99162f9d435e57e1b3746539c12b01586627fc7727ccd7,903bb30f1f45c005abefb9ec2912e65bbb35d1d63e6ba9602a8e85d590ee9d1b,18efda786f0debf2b351d2c0fa026f93618ea341,-0.3659999966621399,True,False,False
controlled_on_real_features,confirmatory,2,period2_index4,2,4,4,True,coherent_projective_lift,4,8,9296,0,1024,1.0,8.0,4.153250018134713,320000,False,False,4.371138828673793e-08,0.0,4.371138828673793e-08,0.6940000057220459,0.6046250090003014,0.5540000200271606,0.8824877142906189,0.4318855106830597,0.07238514698110521,0.7482500076293945,/Users/tinggong/Documents/Codex/2026-07-19/holonomy-applications/work/TwistedMerge-holonomy-applications/reports/tmp/holonomy_applications/application_C_confirmatory/candidate_logits_seed_2.npz,660146c2696737376d99162f9d435e57e1b3746539c12b01586627fc7727ccd7,903bb30f1f45c005abefb9ec2912e65bbb35d1d63e6ba9602a8e85d590ee9d1b,18efda786f0debf2b351d2c0fa026f93618ea341,0.0,True,True,True
controlled_on_real_features,confirmatory,2,period2_index4,2,4,4,True,parameter_matched_generic_unitary,4,8,9296,0,1024,1.0,8.0,4.189333179965615,320000,False,False,4.371138828673793e-08,0.0,4.371138828673793e-08,0.6940000057220459,0.6046250090003014,0.5540000200271606,0.8824877142906189,0.4318854510784149,0.07238515536300838,0.7482500076293945,/Users/tinggong/Documents/Codex/2026-07-19/holonomy-applications/work/TwistedMerge-holonomy-applications/reports/tmp/holonomy_applications/application_C_confirmatory/candidate_logits_seed_2.npz,660146c2696737376d99162f9d435e57e1b3746539c12b01586627fc7727ccd7,903bb30f1f45c005abefb9ec2912e65bbb35d1d63e6ba9602a8e85d590ee9d1b,18efda786f0debf2b351d2c0fa026f93618ea341,0.0,True,True,False
controlled_on_real_features,confirmatory,2,period2_index4,2,4,4,True,random_branch_control,4,8,9296,0,1024,1.0,8.0,4.179334035143256,320000,False,False,4.371138828673793e-08,0.0,4.371138828673793e-08,0.35199999809265137,0.23087500128895044,0.09799999743700027,2.0173656940460205,0.81902015209198,0.1427079471759498,0.35600000619888306,/Users/tinggong/Documents/Codex/2026-07-19/holonomy-applications/work/TwistedMerge-holonomy-applications/reports/tmp/holonomy_applications/application_C_confirmatory/candidate_logits_seed_2.npz,660146c2696737376d99162f9d435e57e1b3746539c12b01586627fc7727ccd7,903bb30f1f45c005abefb9ec2912e65bbb35d1d63e6ba9602a8e85d590ee9d1b,18efda786f0debf2b351d2c0fa026f93618ea341,-0.34200000762939453,True,False,False
controlled_on_real_features,confirmatory,2,period2_index4,2,4,4,True,wrong_cocycle_control,4,8,9296,0,1024,1.0,8.0,4.141999874264002,320000,False,False,4.371138828673793e-08,0.0,4.371138828673793e-08,0.05400000140070915,0.10124999936670065,0.07800000160932541,2.5817410945892334,0.9426384568214417,0.10354243777692318,0.38999998569488525,/Users/tinggong/Documents/Codex/2026-07-19/holonomy-applications/work/TwistedMerge-holonomy-applications/reports/tmp/holonomy_applications/application_C_confirmatory/candidate_logits_seed_2.npz,660146c2696737376d99162f9d435e57e1b3746539c12b01586627fc7727ccd7,903bb30f1f45c005abefb9ec2912e65bbb35d1d63e6ba9602a8e85d590ee9d1b,18efda786f0debf2b351d2c0fa026f93618ea341,-0.6400000043213367,True,False,False
controlled_on_real_features,confirmatory,2,period2_index4,2,4,4,True,wrong_projective_representation,4,8,9296,0,1024,1.0,8.0,4.138000076636672,320000,False,False,4.371138828673793e-08,0.0,4.371138828673793e-08,0.3790000081062317,0.24712500162422657,0.10199999809265137,1.9479243755340576,0.8047212362289429,0.18007041575037874,0.3461250066757202,/Users/tinggong/Documents/Codex/2026-07-19/holonomy-applications/work/TwistedMerge-holonomy-applications/reports/tmp/holonomy_applications/application_C_confirmatory/candidate_logits_seed_2.npz,660146c2696737376d99162f9d435e57e1b3746539c12b01586627fc7727ccd7,903bb30f1f45c005abefb9ec2912e65bbb35d1d63e6ba9602a8e85d590ee9d1b,18efda786f0debf2b351d2c0fa026f93618ea341,-0.3149999976158142,True,False,False
controlled_on_real_features,confirmatory,2,period2_index4,2,4,4,True,ensemble_upper_bound,4,8,9296,0,1024,1.0,8.0,0.020415987819433212,320000,False,False,4.371138828673793e-08,0.0,4.371138828673793e-08,0.6940000057220459,0.6046250090003014,0.5540000200271606,0.8824877142906189,0.4318854510784149,0.0723851474467665,0.7482500076293945,/Users/tinggong/Documents/Codex/2026-07-19/holonomy-applications/work/TwistedMerge-holonomy-applications/reports/tmp/holonomy_applications/application_C_confirmatory/candidate_logits_seed_2.npz,660146c2696737376d99162f9d435e57e1b3746539c12b01586627fc7727ccd7,903bb30f1f45c005abefb9ec2912e65bbb35d1d63e6ba9602a8e85d590ee9d1b,18efda786f0debf2b351d2c0fa026f93618ea341,0.0,True,True,False
controlled_on_real_features,confirmatory,2,period2_index4,2,4,4,True,oracle_coherent_lift,4,8,9296,0,1024,1.0,8.0,4.170582862570882,320000,False,False,4.371138828673793e-08,0.0,4.371138828673793e-08,0.6940000057220459,0.6046250090003014,0.5540000200271606,0.8824877142906189,0.4318854510784149,0.07238514604978263,0.7482500076293945,/Users/tinggong/Documents/Codex/2026-07-19/holonomy-applications/work/TwistedMerge-holonomy-applications/reports/tmp/holonomy_applications/application_C_confirmatory/candidate_logits_seed_2.npz,660146c2696737376d99162f9d435e57e1b3746539c12b01586627fc7727ccd7,903bb30f1f45c005abefb9ec2912e65bbb35d1d63e6ba9602a8e85d590ee9d1b,18efda786f0debf2b351d2c0fa026f93618ea341,0.0,True,True,False
controlled_on_real_features,confirmatory,2,period2_index4,2,4,6,False,ordinary_same_capacity,4,8,9296,0,2304,1.0,8.0,2.3160409182310104,320000,False,False,3.5690199240434595e-08,0.5773502588272095,0.5773502588272095,0.5789999961853027,0.26024999748915434,0.041999999433755875,1.664254903793335,0.7275463342666626,0.3527188718726393,0.38475000858306885,/Users/tinggong/Documents/Codex/2026-07-19/holonomy-applications/work/TwistedMerge-holonomy-applications/reports/tmp/holonomy_applications/application_C_confirmatory/candidate_logits_seed_2.npz,660146c2696737376d99162f9d435e57e1b3746539c12b01586627fc7727ccd7,903bb30f1f45c005abefb9ec2912e65bbb35d1d63e6ba9602a8e85d590ee9d1b,18efda786f0debf2b351d2c0fa026f93618ea341,-0.11500000953674316,False,False,False
controlled_on_real_features,confirmatory,2,period2_index4,2,4,6,False,coherent_projective_lift,4,8,9296,0,2304,1.0,8.0,4.8223750200122595,320000,False,False,3.5690199240434595e-08,0.5773502588272095,0.5773502588272095,0.6869999766349792,0.5940000116825104,0.5379999876022339,0.9110933542251587,0.44175517559051514,0.10601786826737225,0.7400000095367432,/Users/tinggong/Documents/Codex/2026-07-19/holonomy-applications/work/TwistedMerge-holonomy-applications/reports/tmp/holonomy_applications/application_C_confirmatory/candidate_logits_seed_2.npz,660146c2696737376d99162f9d435e57e1b3746539c12b01586627fc7727ccd7,903bb30f1f45c005abefb9ec2912e65bbb35d1d63e6ba9602a8e85d590ee9d1b,18efda786f0debf2b351d2c0fa026f93618ea341,-0.00700002908706665,False,False,False
controlled_on_real_features,confirmatory,2,period2_index4,2,4,6,False,parameter_matched_generic_unitary,4,8,9296,0,2304,1.0,8.0,4.702625097706914,320000,False,False,3.5690199240434595e-08,0.5773502588272095,0.5773502588272095,0.6940000057220459,0.6046250090003014,0.5540000200271606,0.8824877142906189,0.4318854510784149,0.07238512695766985,0.7482500076293945,/Users/tinggong/Documents/Codex/2026-07-19/holonomy-applications/work/TwistedMerge-holonomy-applications/reports/tmp/holonomy_applications/application_C_confirmatory/candidate_logits_seed_2.npz,660146c2696737376d99162f9d435e57e1b3746539c12b01586627fc7727ccd7,903bb30f1f45c005abefb9ec2912e65bbb35d1d63e6ba9602a8e85d590ee9d1b,18efda786f0debf2b351d2c0fa026f93618ea341,0.0,False,True,False
controlled_on_real_features,confirmatory,2,period2_index4,2,4,6,False,random_branch_control,4,8,9296,0,2304,1.0,8.0,4.680166952311993,320000,False,False,3.5690199240434595e-08,0.5773502588272095,0.5773502588272095,0.6480000019073486,0.3105000043287873,0.04699999839067459,1.5443376302719116,0.6894481182098389,0.3989791548810899,0.4404999911785126,/Users/tinggong/Documents/Codex/2026-07-19/holonomy-applications/work/TwistedMerge-holonomy-applications/reports/tmp/holonomy_applications/application_C_confirmatory/candidate_logits_seed_2.npz,660146c2696737376d99162f9d435e57e1b3746539c12b01586627fc7727ccd7,903bb30f1f45c005abefb9ec2912e65bbb35d1d63e6ba9602a8e85d590ee9d1b,18efda786f0debf2b351d2c0fa026f93618ea341,-0.046000003814697266,False,False,False
controlled_on_real_features,confirmatory,2,period2_index4,2,4,6,False,wrong_cocycle_control,4,8,9296,0,2304,1.0,8.0,4.752625012770295,320000,False,False,3.5690199240434595e-08,0.5773502588272095,0.5773502588272095,0.4180000126361847,0.24937500106170774,0.05299999937415123,2.0805704593658447,0.8458428978919983,0.26678802527021617,0.37837499380111694,/Users/tinggong/Documents/Codex/2026-07-19/holonomy-applications/work/TwistedMerge-holonomy-applications/reports/tmp/holonomy_applications/application_C_confirmatory/candidate_logits_seed_2.npz,660146c2696737376d99162f9d435e57e1b3746539c12b01586627fc7727ccd7,903bb30f1f45c005abefb9ec2912e65bbb35d1d63e6ba9602a8e85d590ee9d1b,18efda786f0debf2b351d2c0fa026f93618ea341,-0.2759999930858612,False,False,False
controlled_on_real_features,confirmatory,2,period2_index4,2,4,6,False,wrong_projective_representation,4,8,9296,0,2304,1.0,8.0,4.680542042478919,320000,False,False,3.5690199240434595e-08,0.5773502588272095,0.5773502588272095,0.47099998593330383,0.24812500411644578,0.05000000074505806,1.9083936214447021,0.7929784059524536,0.26677574214409105,0.38187500834465027,/Users/tinggong/Documents/Codex/2026-07-19/holonomy-applications/work/TwistedMerge-holonomy-applications/reports/tmp/holonomy_applications/application_C_confirmatory/candidate_logits_seed_2.npz,660146c2696737376d99162f9d435e57e1b3746539c12b01586627fc7727ccd7,903bb30f1f45c005abefb9ec2912e65bbb35d1d63e6ba9602a8e85d590ee9d1b,18efda786f0debf2b351d2c0fa026f93618ea341,-0.22300001978874207,False,False,False
controlled_on_real_features,confirmatory,2,period2_index4,2,4,6,False,ensemble_upper_bound,4,8,9296,0,2304,1.0,8.0,0.019416911527514458,320000,False,False,3.5690199240434595e-08,0.5773502588272095,0.5773502588272095,0.6940000057220459,0.6046250090003014,0.5540000200271606,0.8824877142906189,0.4318854510784149,0.0723851474467665,0.7482500076293945,/Users/tinggong/Documents/Codex/2026-07-19/holonomy-applications/work/TwistedMerge-holonomy-applications/reports/tmp/holonomy_applications/application_C_confirmatory/candidate_logits_seed_2.npz,660146c2696737376d99162f9d435e57e1b3746539c12b01586627fc7727ccd7,903bb30f1f45c005abefb9ec2912e65bbb35d1d63e6ba9602a8e85d590ee9d1b,18efda786f0debf2b351d2c0fa026f93618ea341,0.0,False,True,False
controlled_on_real_features,confirmatory,2,period2_index4,2,4,6,False,oracle_coherent_lift,4,8,9296,0,2304,1.0,8.0,4.129624925553799,320000,False,False,3.5690199240434595e-08,0.5773502588272095,0.5773502588272095,0.6940000057220459,0.6046250090003014,0.5540000200271606,0.8824877142906189,0.4318854510784149,0.07238514604978263,0.7482500076293945,/Users/tinggong/Documents/Codex/2026-07-19/holonomy-applications/work/TwistedMerge-holonomy-applications/reports/tmp/holonomy_applications/application_C_confirmatory/candidate_logits_seed_2.npz,660146c2696737376d99162f9d435e57e1b3746539c12b01586627fc7727ccd7,903bb30f1f45c005abefb9ec2912e65bbb35d1d63e6ba9602a8e85d590ee9d1b,18efda786f0debf2b351d2c0fa026f93618ea341,0.0,False,True,False
controlled_on_real_features,confirmatory,2,period2_index4,2,4,8,True,ordinary_same_capacity,4,8,9296,0,4096,1.0,8.0,2.6035408955067396,320000,False,False,3.090862321641907e-08,0.0,3.090862321641907e-08,0.4740000069141388,0.2575000002980232,0.10899999737739563,1.850624918937683,0.7842178344726562,0.27924431348219514,0.3618749976158142,/Users/tinggong/Documents/Codex/2026-07-19/holonomy-applications/work/TwistedMerge-holonomy-applications/reports/tmp/holonomy_applications/application_C_confirmatory/candidate_logits_seed_2.npz,660146c2696737376d99162f9d435e57e1b3746539c12b01586627fc7727ccd7,903bb30f1f45c005abefb9ec2912e65bbb35d1d63e6ba9602a8e85d590ee9d1b,18efda786f0debf2b351d2c0fa026f93618ea341,-0.2199999988079071,True,False,False
controlled_on_real_features,confirmatory,2,period2_index4,2,4,8,True,coherent_projective_lift,4,8,9296,0,4096,1.0,8.0,5.16449986025691,320000,False,False,3.090862321641907e-08,0.0,3.090862321641907e-08,0.6940000057220459,0.6046250090003014,0.5540000200271606,0.8824877142906189,0.4318854510784149,0.07238516653887928,0.7482500076293945,/Users/tinggong/Documents/Codex/2026-07-19/holonomy-applications/work/TwistedMerge-holonomy-applications/reports/tmp/holonomy_applications/application_C_confirmatory/candidate_logits_seed_2.npz,660146c2696737376d99162f9d435e57e1b3746539c12b01586627fc7727ccd7,903bb30f1f45c005abefb9ec2912e65bbb35d1d63e6ba9602a8e85d590ee9d1b,18efda786f0debf2b351d2c0fa026f93618ea341,0.0,True,True,True
controlled_on_real_features,confirmatory,2,period2_index4,2,4,8,True,parameter_matched_generic_unitary,4,8,9296,0,4096,1.0,8.0,4.910833900794387,320000,False,False,3.090862321641907e-08,0.0,3.090862321641907e-08,0.6940000057220459,0.6046250090003014,0.5540000200271606,0.8824877142906189,0.4318854510784149,0.07238514698110521,0.7482500076293945,/Users/tinggong/Documents/Codex/2026-07-19/holonomy-applications/work/TwistedMerge-holonomy-applications/reports/tmp/holonomy_applications/application_C_confirmatory/candidate_logits_seed_2.npz,660146c2696737376d99162f9d435e57e1b3746539c12b01586627fc7727ccd7,903bb30f1f45c005abefb9ec2912e65bbb35d1d63e6ba9602a8e85d590ee9d1b,18efda786f0debf2b351d2c0fa026f93618ea341,0.0,True,True,False
controlled_on_real_features,confirmatory,2,period2_index4,2,4,8,True,random_branch_control,4,8,9296,0,4096,1.0,8.0,4.920792067423463,320000,False,False,3.090862321641907e-08,0.0,3.090862321641907e-08,0.41200000047683716,0.2260000016540289,0.1469999998807907,1.9757095575332642,0.8226588368415833,0.2441826411522925,0.3696250021457672,/Users/tinggong/Documents/Codex/2026-07-19/holonomy-applications/work/TwistedMerge-holonomy-applications/reports/tmp/holonomy_applications/application_C_confirmatory/candidate_logits_seed_2.npz,660146c2696737376d99162f9d435e57e1b3746539c12b01586627fc7727ccd7,903bb30f1f45c005abefb9ec2912e65bbb35d1d63e6ba9602a8e85d590ee9d1b,18efda786f0debf2b351d2c0fa026f93618ea341,-0.28200000524520874,True,False,False
controlled_on_real_features,confirmatory,2,period2_index4,2,4,8,True,wrong_cocycle_control,4,8,9296,0,4096,1.0,8.0,4.940708866342902,320000,False,False,3.090862321641907e-08,0.0,3.090862321641907e-08,0.2840000092983246,0.22024999931454659,0.17599999904632568,2.255154609680176,0.8735402226448059,0.1091474189888686,0.4128749966621399,/Users/tinggong/Documents/Codex/2026-07-19/holonomy-applications/work/TwistedMerge-holonomy-applications/reports/tmp/holonomy_applications/application_C_confirmatory/candidate_logits_seed_2.npz,660146c2696737376d99162f9d435e57e1b3746539c12b01586627fc7727ccd7,903bb30f1f45c005abefb9ec2912e65bbb35d1d63e6ba9602a8e85d590ee9d1b,18efda786f0debf2b351d2c0fa026f93618ea341,-0.4099999964237213,True,False,False
controlled_on_real_features,confirmatory,2,period2_index4,2,4,8,True,wrong_projective_representation,4,8,9296,0,4096,1.0,8.0,4.9923749174922705,320000,False,False,3.090862321641907e-08,0.0,3.090862321641907e-08,0.5149999856948853,0.2498750016093254,0.0820000022649765,1.8483513593673706,0.7818920612335205,0.324206192366546,0.3555000126361847,/Users/tinggong/Documents/Codex/2026-07-19/holonomy-applications/work/TwistedMerge-holonomy-applications/reports/tmp/holonomy_applications/application_C_confirmatory/candidate_logits_seed_2.npz,660146c2696737376d99162f9d435e57e1b3746539c12b01586627fc7727ccd7,903bb30f1f45c005abefb9ec2912e65bbb35d1d63e6ba9602a8e85d590ee9d1b,18efda786f0debf2b351d2c0fa026f93618ea341,-0.17900002002716064,True,False,False
controlled_on_real_features,confirmatory,2,period2_index4,2,4,8,True,ensemble_upper_bound,4,8,9296,0,4096,1.0,8.0,0.02058316022157669,320000,False,False,3.090862321641907e-08,0.0,3.090862321641907e-08,0.6940000057220459,0.6046250090003014,0.5540000200271606,0.8824877142906189,0.4318854510784149,0.0723851474467665,0.7482500076293945,/Users/tinggong/Documents/Codex/2026-07-19/holonomy-applications/work/TwistedMerge-holonomy-applications/reports/tmp/holonomy_applications/application_C_confirmatory/candidate_logits_seed_2.npz,660146c2696737376d99162f9d435e57e1b3746539c12b01586627fc7727ccd7,903bb30f1f45c005abefb9ec2912e65bbb35d1d63e6ba9602a8e85d590ee9d1b,18efda786f0debf2b351d2c0fa026f93618ea341,0.0,True,True,False
controlled_on_real_features,confirmatory,2,period2_index4,2,4,8,True,oracle_coherent_lift,4,8,9296,0,4096,1.0,8.0,4.1104580741375685,320000,False,False,3.090862321641907e-08,0.0,3.090862321641907e-08,0.6940000057220459,0.6046250090003014,0.5540000200271606,0.8824877142906189,0.4318854510784149,0.07238514604978263,0.7482500076293945,/Users/tinggong/Documents/Codex/2026-07-19/holonomy-applications/work/TwistedMerge-holonomy-applications/reports/tmp/holonomy_applications/application_C_confirmatory/candidate_logits_seed_2.npz,660146c2696737376d99162f9d435e57e1b3746539c12b01586627fc7727ccd7,903bb30f1f45c005abefb9ec2912e65bbb35d1d63e6ba9602a8e85d590ee9d1b,18efda786f0debf2b351d2c0fa026f93618ea341,0.0,True,True,False
controlled_on_real_features,confirmatory,2,period3_index3,3,3,1,False,ordinary_same_capacity,4,8,9296,0,64,1.0,8.0,0.761082861572504,320000,False,False,0.0,1.0,1.0,0.6710000038146973,0.2877500066533685,0.10000000149011612,1.2932673692703247,0.5944215059280396,0.3323070713231573,0.6637499928474426,/Users/tinggong/Documents/Codex/2026-07-19/holonomy-applications/work/TwistedMerge-holonomy-applications/reports/tmp/holonomy_applications/application_C_confirmatory/candidate_logits_seed_2.npz,660146c2696737376d99162f9d435e57e1b3746539c12b01586627fc7727ccd7,903bb30f1f45c005abefb9ec2912e65bbb35d1d63e6ba9602a8e85d590ee9d1b,18efda786f0debf2b351d2c0fa026f93618ea341,-0.023000001907348633,False,False,False
controlled_on_real_features,confirmatory,2,period3_index3,3,3,1,False,coherent_projective_lift,4,8,9296,0,64,1.0,8.0,0.9928331710398197,320000,False,False,0.0,1.0,1.0,0.6710000038146973,0.2877500066533685,0.10000000149011612,1.2932673692703247,0.5944215059280396,0.3323070713231573,0.6637499928474426,/Users/tinggong/Documents/Codex/2026-07-19/holonomy-applications/work/TwistedMerge-holonomy-applications/reports/tmp/holonomy_applications/application_C_confirmatory/candidate_logits_seed_2.npz,660146c2696737376d99162f9d435e57e1b3746539c12b01586627fc7727ccd7,903bb30f1f45c005abefb9ec2912e65bbb35d1d63e6ba9602a8e85d590ee9d1b,18efda786f0debf2b351d2c0fa026f93618ea341,-0.023000001907348633,False,False,False
controlled_on_real_features,confirmatory,2,period3_index3,3,3,1,False,parameter_matched_generic_unitary,4,8,9296,0,64,1.0,8.0,0.977459130808711,320000,False,False,0.0,1.0,1.0,0.6940000057220459,0.6046250090003014,0.5540000200271606,0.8824877142906189,0.4318855106830597,0.07238514465279877,0.7482500076293945,/Users/tinggong/Documents/Codex/2026-07-19/holonomy-applications/work/TwistedMerge-holonomy-applications/reports/tmp/holonomy_applications/application_C_confirmatory/candidate_logits_seed_2.npz,660146c2696737376d99162f9d435e57e1b3746539c12b01586627fc7727ccd7,903bb30f1f45c005abefb9ec2912e65bbb35d1d63e6ba9602a8e85d590ee9d1b,18efda786f0debf2b351d2c0fa026f93618ea341,0.0,False,True,False
controlled_on_real_features,confirmatory,2,period3_index3,3,3,1,False,random_branch_control,4,8,9296,0,64,1.0,8.0,0.9722081013023853,320000,False,False,0.0,1.0,1.0,0.5540000200271606,0.15675000380724669,0.10000000149011612,1.9091393947601318,0.8072749376296997,0.389683797955513,0.8889999985694885,/Users/tinggong/Documents/Codex/2026-07-19/holonomy-applications/work/TwistedMerge-holonomy-applications/reports/tmp/holonomy_applications/application_C_confirmatory/candidate_logits_seed_2.npz,660146c2696737376d99162f9d435e57e1b3746539c12b01586627fc7727ccd7,903bb30f1f45c005abefb9ec2912e65bbb35d1d63e6ba9602a8e85d590ee9d1b,18efda786f0debf2b351d2c0fa026f93618ea341,-0.13999998569488525,False,False,False
controlled_on_real_features,confirmatory,2,period3_index3,3,3,1,False,wrong_cocycle_control,4,8,9296,0,64,1.0,8.0,1.020333031192422,320000,False,False,0.0,1.0,1.0,0.6159999966621399,0.2181250061839819,0.10000000149011612,1.5788061618804932,0.7052409648895264,0.3716780417598784,0.7762500047683716,/Users/tinggong/Documents/Codex/2026-07-19/holonomy-applications/work/TwistedMerge-holonomy-applications/reports/tmp/holonomy_applications/application_C_confirmatory/candidate_logits_seed_2.npz,660146c2696737376d99162f9d435e57e1b3746539c12b01586627fc7727ccd7,903bb30f1f45c005abefb9ec2912e65bbb35d1d63e6ba9602a8e85d590ee9d1b,18efda786f0debf2b351d2c0fa026f93618ea341,-0.078000009059906,False,False,False
controlled_on_real_features,confirmatory,2,period3_index3,3,3,1,False,wrong_projective_representation,4,8,9296,0,64,1.0,8.0,0.9993328712880611,320000,False,False,0.0,1.0,1.0,0.671999990940094,0.2310000043362379,0.10000000149011612,1.5015469789505005,0.6738647222518921,0.4127855711558368,0.7747499942779541,/Users/tinggong/Documents/Codex/2026-07-19/holonomy-applications/work/TwistedMerge-holonomy-applications/reports/tmp/holonomy_applications/application_C_confirmatory/candidate_logits_seed_2.npz,660146c2696737376d99162f9d435e57e1b3746539c12b01586627fc7727ccd7,903bb30f1f45c005abefb9ec2912e65bbb35d1d63e6ba9602a8e85d590ee9d1b,18efda786f0debf2b351d2c0fa026f93618ea341,-0.022000014781951904,False,False,False
controlled_on_real_features,confirmatory,2,period3_index3,3,3,1,False,ensemble_upper_bound,4,8,9296,0,64,1.0,8.0,0.05625002086162567,320000,False,False,0.0,1.0,1.0,0.6940000057220459,0.6046250090003014,0.5540000200271606,0.8824877142906189,0.4318854510784149,0.0723851474467665,0.7482500076293945,/Users/tinggong/Documents/Codex/2026-07-19/holonomy-applications/work/TwistedMerge-holonomy-applications/reports/tmp/holonomy_applications/application_C_confirmatory/candidate_logits_seed_2.npz,660146c2696737376d99162f9d435e57e1b3746539c12b01586627fc7727ccd7,903bb30f1f45c005abefb9ec2912e65bbb35d1d63e6ba9602a8e85d590ee9d1b,18efda786f0debf2b351d2c0fa026f93618ea341,0.0,False,True,False
controlled_on_real_features,confirmatory,2,period3_index3,3,3,1,False,oracle_coherent_lift,4,8,9296,0,64,1.0,8.0,4.165667109191418,320000,False,False,0.0,1.0,1.0,0.6940000057220459,0.6046250090003014,0.5540000200271606,0.8824877142906189,0.4318855106830597,0.07238514604978263,0.7482500076293945,/Users/tinggong/Documents/Codex/2026-07-19/holonomy-applications/work/TwistedMerge-holonomy-applications/reports/tmp/holonomy_applications/application_C_confirmatory/candidate_logits_seed_2.npz,660146c2696737376d99162f9d435e57e1b3746539c12b01586627fc7727ccd7,903bb30f1f45c005abefb9ec2912e65bbb35d1d63e6ba9602a8e85d590ee9d1b,18efda786f0debf2b351d2c0fa026f93618ea341,0.0,False,True,False
controlled_on_real_features,confirmatory,2,period3_index3,3,3,2,False,ordinary_same_capacity,4,8,9296,0,256,1.0,8.0,1.376833999529481,320000,False,False,0.0,1.0,1.0,0.3799999952316284,0.21200000122189522,0.10000000149011612,1.9173749685287476,0.7976632118225098,0.15327753889141604,0.4244999885559082,/Users/tinggong/Documents/Codex/2026-07-19/holonomy-applications/work/TwistedMerge-holonomy-applications/reports/tmp/holonomy_applications/application_C_confirmatory/candidate_logits_seed_2.npz,660146c2696737376d99162f9d435e57e1b3746539c12b01586627fc7727ccd7,903bb30f1f45c005abefb9ec2912e65bbb35d1d63e6ba9602a8e85d590ee9d1b,18efda786f0debf2b351d2c0fa026f93618ea341,-0.3140000104904175,False,False,False
controlled_on_real_features,confirmatory,2,period3_index3,3,3,2,False,coherent_projective_lift,4,8,9296,0,256,1.0,8.0,3.4769170451909304,320000,False,False,0.0,1.0,1.0,0.6399999856948853,0.4040000084787607,0.10000000149011612,1.176048755645752,0.5528521537780762,0.21386971639003605,0.5226250290870667,/Users/tinggong/Documents/Codex/2026-07-19/holonomy-applications/work/TwistedMerge-holonomy-applications/reports/tmp/holonomy_applications/application_C_confirmatory/candidate_logits_seed_2.npz,660146c2696737376d99162f9d435e57e1b3746539c12b01586627fc7727ccd7,903bb30f1f45c005abefb9ec2912e65bbb35d1d63e6ba9602a8e85d590ee9d1b,18efda786f0debf2b351d2c0fa026f93618ea341,-0.054000020027160645,False,False,False
controlled_on_real_features,confirmatory,2,period3_index3,3,3,2,False,parameter_matched_generic_unitary,4,8,9296,0,256,1.0,8.0,3.4831250086426735,320000,False,False,0.0,1.0,1.0,0.6940000057220459,0.6046250090003014,0.5540000200271606,0.8824877142906189,0.4318854510784149,0.07238514604978263,0.7482500076293945,/Users/tinggong/Documents/Codex/2026-07-19/holonomy-applications/work/TwistedMerge-holonomy-applications/reports/tmp/holonomy_applications/application_C_confirmatory/candidate_logits_seed_2.npz,660146c2696737376d99162f9d435e57e1b3746539c12b01586627fc7727ccd7,903bb30f1f45c005abefb9ec2912e65bbb35d1d63e6ba9602a8e85d590ee9d1b,18efda786f0debf2b351d2c0fa026f93618ea341,0.0,False,True,False
controlled_on_real_features,confirmatory,2,period3_index3,3,3,2,False,random_branch_control,4,8,9296,0,256,1.0,8.0,3.495624987408519,320000,False,False,0.0,1.0,1.0,0.2549999952316284,0.2001250023022294,0.10000000149011612,2.1673083305358887,0.8567700386047363,0.07286392388050444,0.4633750021457672,/Users/tinggong/Documents/Codex/2026-07-19/holonomy-applications/work/TwistedMerge-holonomy-applications/reports/tmp/holonomy_applications/application_C_confirmatory/candidate_logits_seed_2.npz,660146c2696737376d99162f9d435e57e1b3746539c12b01586627fc7727ccd7,903bb30f1f45c005abefb9ec2912e65bbb35d1d63e6ba9602a8e85d590ee9d1b,18efda786f0debf2b351d2c0fa026f93618ea341,-0.4390000104904175,False,False,False
controlled_on_real_features,confirmatory,2,period3_index3,3,3,2,False,wrong_cocycle_control,4,8,9296,0,256,1.0,8.0,3.463375149294734,320000,False,False,0.0,1.0,1.0,0.16599999368190765,0.14025000110268593,0.10000000149011612,2.3709843158721924,0.9002176523208618,0.05585742587572895,0.5601249933242798,/Users/tinggong/Documents/Codex/2026-07-19/holonomy-applications/work/TwistedMerge-holonomy-applications/reports/tmp/holonomy_applications/application_C_confirmatory/candidate_logits_seed_2.npz,660146c2696737376d99162f9d435e57e1b3746539c12b01586627fc7727ccd7,903bb30f1f45c005abefb9ec2912e65bbb35d1d63e6ba9602a8e85d590ee9d1b,18efda786f0debf2b351d2c0fa026f93618ea341,-0.5280000120401382,False,False,False
controlled_on_real_features,confirmatory,2,period3_index3,3,3,2,False,wrong_projective_representation,4,8,9296,0,256,1.0,8.0,3.4805419854819775,320000,False,False,0.0,1.0,1.0,0.5920000076293945,0.3102499989181524,0.0010000000474974513,1.5999420881271362,0.7027104496955872,0.3425944056652952,0.41487500071525574,/Users/tinggong/Documents/Codex/2026-07-19/holonomy-applications/work/TwistedMerge-holonomy-applications/reports/tmp/holonomy_applications/application_C_confirmatory/candidate_logits_seed_2.npz,660146c2696737376d99162f9d435e57e1b3746539c12b01586627fc7727ccd7,903bb30f1f45c005abefb9ec2912e65bbb35d1d63e6ba9602a8e85d590ee9d1b,18efda786f0debf2b351d2c0fa026f93618ea341,-0.10199999809265137,False,False,False
controlled_on_real_features,confirmatory,2,period3_index3,3,3,2,False,ensemble_upper_bound,4,8,9296,0,256,1.0,8.0,0.05929195322096348,320000,False,False,0.0,1.0,1.0,0.6940000057220459,0.6046250090003014,0.5540000200271606,0.8824877142906189,0.4318854510784149,0.0723851474467665,0.7482500076293945,/Users/tinggong/Documents/Codex/2026-07-19/holonomy-applications/work/TwistedMerge-holonomy-applications/reports/tmp/holonomy_applications/application_C_confirmatory/candidate_logits_seed_2.npz,660146c2696737376d99162f9d435e57e1b3746539c12b01586627fc7727ccd7,903bb30f1f45c005abefb9ec2912e65bbb35d1d63e6ba9602a8e85d590ee9d1b,18efda786f0debf2b351d2c0fa026f93618ea341,0.0,False,True,False
controlled_on_real_features,confirmatory,2,period3_index3,3,3,2,False,oracle_coherent_lift,4,8,9296,0,256,1.0,8.0,4.13187500089407,320000,False,False,0.0,1.0,1.0,0.6940000057220459,0.6046250090003014,0.5540000200271606,0.8824877142906189,0.4318855106830597,0.07238514604978263,0.7482500076293945,/Users/tinggong/Documents/Codex/2026-07-19/holonomy-applications/work/TwistedMerge-holonomy-applications/reports/tmp/holonomy_applications/application_C_confirmatory/candidate_logits_seed_2.npz,660146c2696737376d99162f9d435e57e1b3746539c12b01586627fc7727ccd7,903bb30f1f45c005abefb9ec2912e65bbb35d1d63e6ba9602a8e85d590ee9d1b,18efda786f0debf2b351d2c0fa026f93618ea341,0.0,False,True,False
controlled_on_real_features,confirmatory,2,period3_index3,3,3,3,True,ordinary_same_capacity,4,8,9296,0,576,1.0,8.0,1.614375039935112,320000,False,False,5.960464477539063e-08,1.5389854013392323e-07,1.5389854013392323e-07,0.35899999737739563,0.25537500201608054,0.0020000000949949026,1.949135661125183,0.7799354791641235,0.11829441295412835,0.3922500014305115,/Users/tinggong/Documents/Codex/2026-07-19/holonomy-applications/work/TwistedMerge-holonomy-applications/reports/tmp/holonomy_applications/application_C_confirmatory/candidate_logits_seed_2.npz,660146c2696737376d99162f9d435e57e1b3746539c12b01586627fc7727ccd7,903bb30f1f45c005abefb9ec2912e65bbb35d1d63e6ba9602a8e85d590ee9d1b,18efda786f0debf2b351d2c0fa026f93618ea341,-0.33500000834465027,True,False,False
controlled_on_real_features,confirmatory,2,period3_index3,3,3,3,True,coherent_projective_lift,4,8,9296,0,576,1.0,8.0,4.134999820962548,320000,False,False,5.960464477539063e-08,1.5389854013392323e-07,1.5389854013392323e-07,0.6940000057220459,0.6046250090003014,0.5540000200271606,0.8824877142906189,0.4318854510784149,0.07238516607321799,0.7482500076293945,/Users/tinggong/Documents/Codex/2026-07-19/holonomy-applications/work/TwistedMerge-holonomy-applications/reports/tmp/holonomy_applications/application_C_confirmatory/candidate_logits_seed_2.npz,660146c2696737376d99162f9d435e57e1b3746539c12b01586627fc7727ccd7,903bb30f1f45c005abefb9ec2912e65bbb35d1d63e6ba9602a8e85d590ee9d1b,18efda786f0debf2b351d2c0fa026f93618ea341,0.0,True,True,True
controlled_on_real_features,confirmatory,2,period3_index3,3,3,3,True,parameter_matched_generic_unitary,4,8,9296,0,576,1.0,8.0,4.083791980519891,320000,False,False,5.960464477539063e-08,1.5389854013392323e-07,1.5389854013392323e-07,0.6940000057220459,0.6046250090003014,0.5540000200271606,0.8824877142906189,0.4318854510784149,0.07238514604978263,0.7482500076293945,/Users/tinggong/Documents/Codex/2026-07-19/holonomy-applications/work/TwistedMerge-holonomy-applications/reports/tmp/holonomy_applications/application_C_confirmatory/candidate_logits_seed_2.npz,660146c2696737376d99162f9d435e57e1b3746539c12b01586627fc7727ccd7,903bb30f1f45c005abefb9ec2912e65bbb35d1d63e6ba9602a8e85d590ee9d1b,18efda786f0debf2b351d2c0fa026f93618ea341,0.0,True,True,False
controlled_on_real_features,confirmatory,2,period3_index3,3,3,3,True,random_branch_control,4,8,9296,0,576,1.0,8.0,4.081083927303553,320000,False,False,5.960464477539063e-08,1.5389854013392323e-07,1.5389854013392323e-07,0.44999998807907104,0.2601249972358346,0.004999999888241291,1.8122045993804932,0.7609449625015259,0.2125747320242226,0.37812501192092896,/Users/tinggong/Documents/Codex/2026-07-19/holonomy-applications/work/TwistedMerge-holonomy-applications/reports/tmp/holonomy_applications/application_C_confirmatory/candidate_logits_seed_2.npz,660146c2696737376d99162f9d435e57e1b3746539c12b01586627fc7727ccd7,903bb30f1f45c005abefb9ec2912e65bbb35d1d63e6ba9602a8e85d590ee9d1b,18efda786f0debf2b351d2c0fa026f93618ea341,-0.24400001764297485,True,False,False
controlled_on_real_features,confirmatory,2,period3_index3,3,3,3,True,wrong_cocycle_control,4,8,9296,0,576,1.0,8.0,4.109167028218508,320000,False,False,5.960464477539063e-08,1.5389854013392323e-07,1.5389854013392323e-07,0.10700000077486038,0.15849999577039853,0.003000000026077032,2.6539549827575684,0.942221462726593,0.11421238339244155,0.4465000033378601,/Users/tinggong/Documents/Codex/2026-07-19/holonomy-applications/work/TwistedMerge-holonomy-applications/reports/tmp/holonomy_applications/application_C_confirmatory/candidate_logits_seed_2.npz,660146c2696737376d99162f9d435e57e1b3746539c12b01586627fc7727ccd7,903bb30f1f45c005abefb9ec2912e65bbb35d1d63e6ba9602a8e85d590ee9d1b,18efda786f0debf2b351d2c0fa026f93618ea341,-0.5870000049471855,True,False,False
controlled_on_real_features,confirmatory,2,period3_index3,3,3,3,True,wrong_projective_representation,4,8,9296,0,576,1.0,8.0,4.06537507660687,320000,False,False,5.960464477539063e-08,1.5389854013392323e-07,1.5389854013392323e-07,0.6039999723434448,0.36450000590411946,0.003000000026077032,1.532168984413147,0.6793391108512878,0.3370159627520479,0.4659999907016754,/Users/tinggong/Documents/Codex/2026-07-19/holonomy-applications/work/TwistedMerge-holonomy-applications/reports/tmp/holonomy_applications/application_C_confirmatory/candidate_logits_seed_2.npz,660146c2696737376d99162f9d435e57e1b3746539c12b01586627fc7727ccd7,903bb30f1f45c005abefb9ec2912e65bbb35d1d63e6ba9602a8e85d590ee9d1b,18efda786f0debf2b351d2c0fa026f93618ea341,-0.09000003337860107,True,False,False
controlled_on_real_features,confirmatory,2,period3_index3,3,3,3,True,ensemble_upper_bound,4,8,9296,0,576,1.0,8.0,0.05237502045929432,320000,False,False,5.960464477539063e-08,1.5389854013392323e-07,1.5389854013392323e-07,0.6940000057220459,0.6046250090003014,0.5540000200271606,0.8824877142906189,0.4318854510784149,0.0723851474467665,0.7482500076293945,/Users/tinggong/Documents/Codex/2026-07-19/holonomy-applications/work/TwistedMerge-holonomy-applications/reports/tmp/holonomy_applications/application_C_confirmatory/candidate_logits_seed_2.npz,660146c2696737376d99162f9d435e57e1b3746539c12b01586627fc7727ccd7,903bb30f1f45c005abefb9ec2912e65bbb35d1d63e6ba9602a8e85d590ee9d1b,18efda786f0debf2b351d2c0fa026f93618ea341,0.0,True,True,False
controlled_on_real_features,confirmatory,2,period3_index3,3,3,3,True,oracle_coherent_lift,4,8,9296,0,576,1.0,8.0,4.101624945178628,320000,False,False,5.960464477539063e-08,1.5389854013392323e-07,1.5389854013392323e-07,0.6940000057220459,0.6046250090003014,0.5540000200271606,0.8824877142906189,0.4318855106830597,0.07238514604978263,0.7482500076293945,/Users/tinggong/Documents/Codex/2026-07-19/holonomy-applications/work/TwistedMerge-holonomy-applications/reports/tmp/holonomy_applications/application_C_confirmatory/candidate_logits_seed_2.npz,660146c2696737376d99162f9d435e57e1b3746539c12b01586627fc7727ccd7,903bb30f1f45c005abefb9ec2912e65bbb35d1d63e6ba9602a8e85d590ee9d1b,18efda786f0debf2b351d2c0fa026f93618ea341,0.0,True,True,False
controlled_on_real_features,confirmatory,2,period3_index3,3,3,4,False,ordinary_same_capacity,4,8,9296,0,1024,1.0,8.0,1.9190828315913677,320000,False,False,5.161913918527716e-08,0.5,0.5,0.4950000047683716,0.23749999841675162,0.009999999776482582,1.8196568489074707,0.7700622081756592,0.27622348931618035,0.37687501311302185,/Users/tinggong/Documents/Codex/2026-07-19/holonomy-applications/work/TwistedMerge-holonomy-applications/reports/tmp/holonomy_applications/application_C_confirmatory/candidate_logits_seed_2.npz,660146c2696737376d99162f9d435e57e1b3746539c12b01586627fc7727ccd7,903bb30f1f45c005abefb9ec2912e65bbb35d1d63e6ba9602a8e85d590ee9d1b,18efda786f0debf2b351d2c0fa026f93618ea341,-0.19900000095367432,False,False,False
controlled_on_real_features,confirmatory,2,period3_index3,3,3,4,False,coherent_projective_lift,4,8,9296,0,1024,1.0,8.0,4.206708166748285,320000,False,False,5.161913918527716e-08,0.5,0.5,0.675000011920929,0.5781250074505806,0.5370000004768372,0.9529497027397156,0.46412041783332825,0.11531439865939319,0.734000027179718,/Users/tinggong/Documents/Codex/2026-07-19/holonomy-applications/work/TwistedMerge-holonomy-applications/reports/tmp/holonomy_applications/application_C_confirmatory/candidate_logits_seed_2.npz,660146c2696737376d99162f9d435e57e1b3746539c12b01586627fc7727ccd7,903bb30f1f45c005abefb9ec2912e65bbb35d1d63e6ba9602a8e85d590ee9d1b,18efda786f0debf2b351d2c0fa026f93618ea341,-0.018999993801116943,False,False,False
controlled_on_real_features,confirmatory,2,period3_index3,3,3,4,False,parameter_matched_generic_unitary,4,8,9296,0,1024,1.0,8.0,4.17579198256135,320000,False,False,5.161913918527716e-08,0.5,0.5,0.6940000057220459,0.6046250090003014,0.5540000200271606,0.8824877142906189,0.4318854510784149,0.07238512835465372,0.7482500076293945,/Users/tinggong/Documents/Codex/2026-07-19/holonomy-applications/work/TwistedMerge-holonomy-applications/reports/tmp/holonomy_applications/application_C_confirmatory/candidate_logits_seed_2.npz,660146c2696737376d99162f9d435e57e1b3746539c12b01586627fc7727ccd7,903bb30f1f45c005abefb9ec2912e65bbb35d1d63e6ba9602a8e85d590ee9d1b,18efda786f0debf2b351d2c0fa026f93618ea341,0.0,False,True,False
controlled_on_real_features,confirmatory,2,period3_index3,3,3,4,False,random_branch_control,4,8,9296,0,1024,1.0,8.0,4.166333936154842,320000,False,False,5.161913918527716e-08,0.5,0.5,0.2800000011920929,0.18612500303424895,0.009999999776482582,2.065141201019287,0.8412619829177856,0.07743359461892396,0.36774998903274536,/Users/tinggong/Documents/Codex/2026-07-19/holonomy-applications/work/TwistedMerge-holonomy-applications/reports/tmp/holonomy_applications/application_C_confirmatory/candidate_logits_seed_2.npz,660146c2696737376d99162f9d435e57e1b3746539c12b01586627fc7727ccd7,903bb30f1f45c005abefb9ec2912e65bbb35d1d63e6ba9602a8e85d590ee9d1b,18efda786f0debf2b351d2c0fa026f93618ea341,-0.414000004529953,False,False,False
controlled_on_real_features,confirmatory,2,period3_index3,3,3,4,False,wrong_cocycle_control,4,8,9296,0,1024,1.0,8.0,4.138417076319456,320000,False,False,5.161913918527716e-08,0.5,0.5,0.2770000100135803,0.2317500002682209,0.12700000405311584,2.2000651359558105,0.8620427846908569,0.09254769678227603,0.4059999883174896,/Users/tinggong/Documents/Codex/2026-07-19/holonomy-applications/work/TwistedMerge-holonomy-applications/reports/tmp/holonomy_applications/application_C_confirmatory/candidate_logits_seed_2.npz,660146c2696737376d99162f9d435e57e1b3746539c12b01586627fc7727ccd7,903bb30f1f45c005abefb9ec2912e65bbb35d1d63e6ba9602a8e85d590ee9d1b,18efda786f0debf2b351d2c0fa026f93618ea341,-0.4169999957084656,False,False,False
controlled_on_real_features,confirmatory,2,period3_index3,3,3,4,False,wrong_projective_representation,4,8,9296,0,1024,1.0,8.0,4.105375148355961,320000,False,False,5.161913918527716e-08,0.5,0.5,0.5550000071525574,0.3148749992251396,0.06700000166893005,1.6348880529403687,0.7196480631828308,0.30990667597507127,0.4256249964237213,/Users/tinggong/Documents/Codex/2026-07-19/holonomy-applications/work/TwistedMerge-holonomy-applications/reports/tmp/holonomy_applications/application_C_confirmatory/candidate_logits_seed_2.npz,660146c2696737376d99162f9d435e57e1b3746539c12b01586627fc7727ccd7,903bb30f1f45c005abefb9ec2912e65bbb35d1d63e6ba9602a8e85d590ee9d1b,18efda786f0debf2b351d2c0fa026f93618ea341,-0.13899999856948853,False,False,False
controlled_on_real_features,confirmatory,2,period3_index3,3,3,4,False,ensemble_upper_bound,4,8,9296,0,1024,1.0,8.0,0.03341608680784702,320000,False,False,5.161913918527716e-08,0.5,0.5,0.6940000057220459,0.6046250090003014,0.5540000200271606,0.8824877142906189,0.4318854510784149,0.0723851474467665,0.7482500076293945,/Users/tinggong/Documents/Codex/2026-07-19/holonomy-applications/work/TwistedMerge-holonomy-applications/reports/tmp/holonomy_applications/application_C_confirmatory/candidate_logits_seed_2.npz,660146c2696737376d99162f9d435e57e1b3746539c12b01586627fc7727ccd7,903bb30f1f45c005abefb9ec2912e65bbb35d1d63e6ba9602a8e85d590ee9d1b,18efda786f0debf2b351d2c0fa026f93618ea341,0.0,False,True,False
controlled_on_real_features,confirmatory,2,period3_index3,3,3,4,False,oracle_coherent_lift,4,8,9296,0,1024,1.0,8.0,4.184874938800931,320000,False,False,5.161913918527716e-08,0.5,0.5,0.6940000057220459,0.6046250090003014,0.5540000200271606,0.8824877142906189,0.4318855106830597,0.07238514604978263,0.7482500076293945,/Users/tinggong/Documents/Codex/2026-07-19/holonomy-applications/work/TwistedMerge-holonomy-applications/reports/tmp/holonomy_applications/application_C_confirmatory/candidate_logits_seed_2.npz,660146c2696737376d99162f9d435e57e1b3746539c12b01586627fc7727ccd7,903bb30f1f45c005abefb9ec2912e65bbb35d1d63e6ba9602a8e85d590ee9d1b,18efda786f0debf2b351d2c0fa026f93618ea341,0.0,False,True,False
controlled_on_real_features,confirmatory,2,period3_index3,3,3,6,True,ordinary_same_capacity,4,8,9296,0,2304,1.0,8.0,2.3603751324117184,320000,False,False,4.2146844236867764e-08,1.5389852592306852e-07,1.5389852592306852e-07,0.44999998807907104,0.22925000125542283,0.05700000002980232,1.866859793663025,0.7825974225997925,0.24344305222621188,0.3773750066757202,/Users/tinggong/Documents/Codex/2026-07-19/holonomy-applications/work/TwistedMerge-holonomy-applications/reports/tmp/holonomy_applications/application_C_confirmatory/candidate_logits_seed_2.npz,660146c2696737376d99162f9d435e57e1b3746539c12b01586627fc7727ccd7,903bb30f1f45c005abefb9ec2912e65bbb35d1d63e6ba9602a8e85d590ee9d1b,18efda786f0debf2b351d2c0fa026f93618ea341,-0.24400001764297485,True,False,False
controlled_on_real_features,confirmatory,2,period3_index3,3,3,6,True,coherent_projective_lift,4,8,9296,0,2304,1.0,8.0,4.701999947428703,320000,False,False,4.2146844236867764e-08,1.5389852592306852e-07,1.5389852592306852e-07,0.6940000057220459,0.6046250090003014,0.5540000200271606,0.8824877142906189,0.4318855106830597,0.07238514604978263,0.7482500076293945,/Users/tinggong/Documents/Codex/2026-07-19/holonomy-applications/work/TwistedMerge-holonomy-applications/reports/tmp/holonomy_applications/application_C_confirmatory/candidate_logits_seed_2.npz,660146c2696737376d99162f9d435e57e1b3746539c12b01586627fc7727ccd7,903bb30f1f45c005abefb9ec2912e65bbb35d1d63e6ba9602a8e85d590ee9d1b,18efda786f0debf2b351d2c0fa026f93618ea341,0.0,True,True,True
controlled_on_real_features,confirmatory,2,period3_index3,3,3,6,True,parameter_matched_generic_unitary,4,8,9296,0,2304,1.0,8.0,4.704833030700684,320000,False,False,4.2146844236867764e-08,1.5389852592306852e-07,1.5389852592306852e-07,0.6940000057220459,0.6046250090003014,0.5540000200271606,0.8824877142906189,0.4318854510784149,0.07238512835465372,0.7482500076293945,/Users/tinggong/Documents/Codex/2026-07-19/holonomy-applications/work/TwistedMerge-holonomy-applications/reports/tmp/holonomy_applications/application_C_confirmatory/candidate_logits_seed_2.npz,660146c2696737376d99162f9d435e57e1b3746539c12b01586627fc7727ccd7,903bb30f1f45c005abefb9ec2912e65bbb35d1d63e6ba9602a8e85d590ee9d1b,18efda786f0debf2b351d2c0fa026f93618ea341,0.0,True,True,False
controlled_on_real_features,confirmatory,2,period3_index3,3,3,6,True,random_branch_control,4,8,9296,0,2304,1.0,8.0,4.696750082075596,320000,False,False,4.2146844236867764e-08,1.5389852592306852e-07,1.5389852592306852e-07,0.42899999022483826,0.2287499993108213,0.05700000002980232,1.7251595258712769,0.7408323884010315,0.16163879877422005,0.476375013589859,/Users/tinggong/Documents/Codex/2026-07-19/holonomy-applications/work/TwistedMerge-holonomy-applications/reports/tmp/holonomy_applications/application_C_confirmatory/candidate_logits_seed_2.npz,660146c2696737376d99162f9d435e57e1b3746539c12b01586627fc7727ccd7,903bb30f1f45c005abefb9ec2912e65bbb35d1d63e6ba9602a8e85d590ee9d1b,18efda786f0debf2b351d2c0fa026f93618ea341,-0.26500001549720764,True,False,False
controlled_on_real_features,confirmatory,2,period3_index3,3,3,6,True,wrong_cocycle_control,4,8,9296,0,2304,1.0,8.0,4.762125201523304,320000,False,False,4.2146844236867764e-08,1.5389852592306852e-07,1.5389852592306852e-07,0.10599999874830246,0.13375000096857548,0.04399999976158142,2.514045000076294,0.9322209358215332,0.052927006443496794,0.41612499952316284,/Users/tinggong/Documents/Codex/2026-07-19/holonomy-applications/work/TwistedMerge-holonomy-applications/reports/tmp/holonomy_applications/application_C_confirmatory/candidate_logits_seed_2.npz,660146c2696737376d99162f9d435e57e1b3746539c12b01586627fc7727ccd7,903bb30f1f45c005abefb9ec2912e65bbb35d1d63e6ba9602a8e85d590ee9d1b,18efda786f0debf2b351d2c0fa026f93618ea341,-0.5880000069737434,True,False,False
controlled_on_real_features,confirmatory,2,period3_index3,3,3,6,True,wrong_projective_representation,4,8,9296,0,2304,1.0,8.0,4.679374862462282,320000,False,False,4.2146844236867764e-08,1.5389852592306852e-07,1.5389852592306852e-07,0.6610000133514404,0.3620000006631017,0.07699999958276749,1.4960983991622925,0.6690155863761902,0.394000559579581,0.46262499690055847,/Users/tinggong/Documents/Codex/2026-07-19/holonomy-applications/work/TwistedMerge-holonomy-applications/reports/tmp/holonomy_applications/application_C_confirmatory/candidate_logits_seed_2.npz,660146c2696737376d99162f9d435e57e1b3746539c12b01586627fc7727ccd7,903bb30f1f45c005abefb9ec2912e65bbb35d1d63e6ba9602a8e85d590ee9d1b,18efda786f0debf2b351d2c0fa026f93618ea341,-0.03299999237060547,True,False,False
controlled_on_real_features,confirmatory,2,period3_index3,3,3,6,True,ensemble_upper_bound,4,8,9296,0,2304,1.0,8.0,0.02791709266602993,320000,False,False,4.2146844236867764e-08,1.5389852592306852e-07,1.5389852592306852e-07,0.6940000057220459,0.6046250090003014,0.5540000200271606,0.8824877142906189,0.4318854510784149,0.0723851474467665,0.7482500076293945,/Users/tinggong/Documents/Codex/2026-07-19/holonomy-applications/work/TwistedMerge-holonomy-applications/reports/tmp/holonomy_applications/application_C_confirmatory/candidate_logits_seed_2.npz,660146c2696737376d99162f9d435e57e1b3746539c12b01586627fc7727ccd7,903bb30f1f45c005abefb9ec2912e65bbb35d1d63e6ba9602a8e85d590ee9d1b,18efda786f0debf2b351d2c0fa026f93618ea341,0.0,True,True,False
controlled_on_real_features,confirmatory,2,period3_index3,3,3,6,True,oracle_coherent_lift,4,8,9296,0,2304,1.0,8.0,4.094792064279318,320000,False,False,4.2146844236867764e-08,1.5389852592306852e-07,1.5389852592306852e-07,0.6940000057220459,0.6046250090003014,0.5540000200271606,0.8824877142906189,0.4318855106830597,0.07238514604978263,0.7482500076293945,/Users/tinggong/Documents/Codex/2026-07-19/holonomy-applications/work/TwistedMerge-holonomy-applications/reports/tmp/holonomy_applications/application_C_confirmatory/candidate_logits_seed_2.npz,660146c2696737376d99162f9d435e57e1b3746539c12b01586627fc7727ccd7,903bb30f1f45c005abefb9ec2912e65bbb35d1d63e6ba9602a8e85d590ee9d1b,18efda786f0debf2b351d2c0fa026f93618ea341,0.0,True,True,False
controlled_on_real_features,confirmatory,3,period2_index2,2,2,1,False,ordinary_same_capacity,4,8,9296,0,64,1.0,8.0,0.9155001025646925,320000,False,False,0.0,1.0,1.0,0.6779999732971191,0.2337499987334013,0.10000000149011612,1.4991679191589355,0.6726552844047546,0.4182477142603602,0.7741249799728394,/Users/tinggong/Documents/Codex/2026-07-19/holonomy-applications/work/TwistedMerge-holonomy-applications/reports/tmp/holonomy_applications/application_C_confirmatory/candidate_logits_seed_3.npz,8b05eb62854ec201bc2d1351e31c9e608cb08a7d96690d3ae658e67003fa469e,da26faa203386b91d4f226afd1dbdb6af66078e512929f9ed62d687383f260a9,18efda786f0debf2b351d2c0fa026f93618ea341,-0.00700002908706665,False,False,False
controlled_on_real_features,confirmatory,3,period2_index2,2,2,1,False,coherent_projective_lift,4,8,9296,0,64,1.0,8.0,1.0411248076707125,320000,False,False,0.0,1.0,1.0,0.6779999732971191,0.2337499987334013,0.10000000149011612,1.4991679191589355,0.6726552844047546,0.4182477142603602,0.7741249799728394,/Users/tinggong/Documents/Codex/2026-07-19/holonomy-applications/work/TwistedMerge-holonomy-applications/reports/tmp/holonomy_applications/application_C_confirmatory/candidate_logits_seed_3.npz,8b05eb62854ec201bc2d1351e31c9e608cb08a7d96690d3ae658e67003fa469e,da26faa203386b91d4f226afd1dbdb6af66078e512929f9ed62d687383f260a9,18efda786f0debf2b351d2c0fa026f93618ea341,-0.00700002908706665,False,False,False
controlled_on_real_features,confirmatory,3,period2_index2,2,2,1,False,parameter_matched_generic_unitary,4,8,9296,0,64,1.0,8.0,0.9983750060200691,320000,False,False,0.0,1.0,1.0,0.6850000023841858,0.6077499985694885,0.5590000152587891,0.8774382472038269,0.4297342598438263,0.06386923091486096,0.7538750171661377,/Users/tinggong/Documents/Codex/2026-07-19/holonomy-applications/work/TwistedMerge-holonomy-applications/reports/tmp/holonomy_applications/application_C_confirmatory/candidate_logits_seed_3.npz,8b05eb62854ec201bc2d1351e31c9e608cb08a7d96690d3ae658e67003fa469e,da26faa203386b91d4f226afd1dbdb6af66078e512929f9ed62d687383f260a9,18efda786f0debf2b351d2c0fa026f93618ea341,0.0,False,True,False
controlled_on_real_features,confirmatory,3,period2_index2,2,2,1,False,random_branch_control,4,8,9296,0,64,1.0,8.0,1.0173339396715164,320000,False,False,0.0,1.0,1.0,0.10000000149011612,0.10000000149011612,0.10000000149011612,2.3025851249694824,0.8999997973442078,1.4901161193847656e-08,1.0,/Users/tinggong/Documents/Codex/2026-07-19/holonomy-applications/work/TwistedMerge-holonomy-applications/reports/tmp/holonomy_applications/application_C_confirmatory/candidate_logits_seed_3.npz,8b05eb62854ec201bc2d1351e31c9e608cb08a7d96690d3ae658e67003fa469e,da26faa203386b91d4f226afd1dbdb6af66078e512929f9ed62d687383f260a9,18efda786f0debf2b351d2c0fa026f93618ea341,-0.5850000008940697,False,False,False
controlled_on_real_features,confirmatory,3,period2_index2,2,2,1,False,wrong_cocycle_control,4,8,9296,0,64,1.0,8.0,0.994041794911027,320000,False,False,0.0,1.0,1.0,0.10000000149011612,0.10000000149011612,0.10000000149011612,2.3025851249694824,0.8999997973442078,1.4901161193847656e-08,1.0,/Users/tinggong/Documents/Codex/2026-07-19/holonomy-applications/work/TwistedMerge-holonomy-applications/reports/tmp/holonomy_applications/application_C_confirmatory/candidate_logits_seed_3.npz,8b05eb62854ec201bc2d1351e31c9e608cb08a7d96690d3ae658e67003fa469e,da26faa203386b91d4f226afd1dbdb6af66078e512929f9ed62d687383f260a9,18efda786f0debf2b351d2c0fa026f93618ea341,-0.5850000008940697,False,False,False
controlled_on_real_features,confirmatory,3,period2_index2,2,2,1,False,wrong_projective_representation,4,8,9296,0,64,1.0,8.0,0.9737089276313782,320000,False,False,0.0,1.0,1.0,0.6779999732971191,0.2337499987334013,0.10000000149011612,1.4991679191589355,0.6726552844047546,0.4182477142603602,0.7741249799728394,/Users/tinggong/Documents/Codex/2026-07-19/holonomy-applications/work/TwistedMerge-holonomy-applications/reports/tmp/holonomy_applications/application_C_confirmatory/candidate_logits_seed_3.npz,8b05eb62854ec201bc2d1351e31c9e608cb08a7d96690d3ae658e67003fa469e,da26faa203386b91d4f226afd1dbdb6af66078e512929f9ed62d687383f260a9,18efda786f0debf2b351d2c0fa026f93618ea341,-0.00700002908706665,False,False,False
controlled_on_real_features,confirmatory,3,period2_index2,2,2,1,False,ensemble_upper_bound,4,8,9296,0,64,1.0,8.0,0.05104183219373226,320000,False,False,0.0,1.0,1.0,0.6850000023841858,0.6077499985694885,0.5590000152587891,0.8774382472038269,0.4297342896461487,0.06386924581602216,0.7538750171661377,/Users/tinggong/Documents/Codex/2026-07-19/holonomy-applications/work/TwistedMerge-holonomy-applications/reports/tmp/holonomy_applications/application_C_confirmatory/candidate_logits_seed_3.npz,8b05eb62854ec201bc2d1351e31c9e608cb08a7d96690d3ae658e67003fa469e,da26faa203386b91d4f226afd1dbdb6af66078e512929f9ed62d687383f260a9,18efda786f0debf2b351d2c0fa026f93618ea341,0.0,False,True,False
controlled_on_real_features,confirmatory,3,period2_index2,2,2,1,False,oracle_coherent_lift,4,8,9296,0,64,1.0,8.0,3.5632499493658543,320000,False,False,0.0,1.0,1.0,0.6850000023841858,0.6077499985694885,0.5590000152587891,0.8774382472038269,0.42973431944847107,0.06386923091486096,0.7538750171661377,/Users/tinggong/Documents/Codex/2026-07-19/holonomy-applications/work/TwistedMerge-holonomy-applications/reports/tmp/holonomy_applications/application_C_confirmatory/candidate_logits_seed_3.npz,8b05eb62854ec201bc2d1351e31c9e608cb08a7d96690d3ae658e67003fa469e,da26faa203386b91d4f226afd1dbdb6af66078e512929f9ed62d687383f260a9,18efda786f0debf2b351d2c0fa026f93618ea341,0.0,False,True,False
controlled_on_real_features,confirmatory,3,period2_index2,2,2,2,True,ordinary_same_capacity,4,8,9296,0,256,1.0,8.0,1.4174580574035645,320000,False,False,6.181724643283815e-08,0.0,6.181724643283815e-08,0.18000000715255737,0.24024999837274663,0.0020000000949949026,2.2198500633239746,0.8822285532951355,0.023632946889847517,0.3253749907016754,/Users/tinggong/Documents/Codex/2026-07-19/holonomy-applications/work/TwistedMerge-holonomy-applications/reports/tmp/holonomy_applications/application_C_confirmatory/candidate_logits_seed_3.npz,8b05eb62854ec201bc2d1351e31c9e608cb08a7d96690d3ae658e67003fa469e,da26faa203386b91d4f226afd1dbdb6af66078e512929f9ed62d687383f260a9,18efda786f0debf2b351d2c0fa026f93618ea341,-0.5049999952316284,True,False,False
controlled_on_real_features,confirmatory,3,period2_index2,2,2,2,True,coherent_projective_lift,4,8,9296,0,256,1.0,8.0,3.5292499233037233,320000,False,False,6.181724643283815e-08,0.0,6.181724643283815e-08,0.6850000023841858,0.6077499985694885,0.5590000152587891,0.8774382472038269,0.4297342896461487,0.06386923836544156,0.7538750171661377,/Users/tinggong/Documents/Codex/2026-07-19/holonomy-applications/work/TwistedMerge-holonomy-applications/reports/tmp/holonomy_applications/application_C_confirmatory/candidate_logits_seed_3.npz,8b05eb62854ec201bc2d1351e31c9e608cb08a7d96690d3ae658e67003fa469e,da26faa203386b91d4f226afd1dbdb6af66078e512929f9ed62d687383f260a9,18efda786f0debf2b351d2c0fa026f93618ea341,0.0,True,True,True
controlled_on_real_features,confirmatory,3,period2_index2,2,2,2,True,parameter_matched_generic_unitary,4,8,9296,0,256,1.0,8.0,3.4678748343139887,320000,False,False,6.181724643283815e-08,0.0,6.181724643283815e-08,0.6850000023841858,0.6077499985694885,0.5590000152587891,0.8774382472038269,0.4297342896461487,0.063869240693748,0.7538750171661377,/Users/tinggong/Documents/Codex/2026-07-19/holonomy-applications/work/TwistedMerge-holonomy-applications/reports/tmp/holonomy_applications/application_C_confirmatory/candidate_logits_seed_3.npz,8b05eb62854ec201bc2d1351e31c9e608cb08a7d96690d3ae658e67003fa469e,da26faa203386b91d4f226afd1dbdb6af66078e512929f9ed62d687383f260a9,18efda786f0debf2b351d2c0fa026f93618ea341,0.0,True,True,False
controlled_on_real_features,confirmatory,3,period2_index2,2,2,2,True,random_branch_control,4,8,9296,0,256,1.0,8.0,3.4610831644386053,320000,False,False,6.181724643283815e-08,0.0,6.181724643283815e-08,0.009999999776482582,0.2166249989240896,0.0020000000949949026,2.7856147289276123,0.9821493625640869,0.18168457644060254,0.37174999713897705,/Users/tinggong/Documents/Codex/2026-07-19/holonomy-applications/work/TwistedMerge-holonomy-applications/reports/tmp/holonomy_applications/application_C_confirmatory/candidate_logits_seed_3.npz,8b05eb62854ec201bc2d1351e31c9e608cb08a7d96690d3ae658e67003fa469e,da26faa203386b91d4f226afd1dbdb6af66078e512929f9ed62d687383f260a9,18efda786f0debf2b351d2c0fa026f93618ea341,-0.6750000026077032,True,False,False
controlled_on_real_features,confirmatory,3,period2_index2,2,2,2,True,wrong_cocycle_control,4,8,9296,0,256,1.0,8.0,3.4755419474095106,320000,False,False,6.181724643283815e-08,0.0,6.181724643283815e-08,0.0020000000949949026,0.002625000081025064,0.0020000000949949026,7.902328968048096,1.3222320079803467,0.4621459753252566,0.5799999833106995,/Users/tinggong/Documents/Codex/2026-07-19/holonomy-applications/work/TwistedMerge-holonomy-applications/reports/tmp/holonomy_applications/application_C_confirmatory/candidate_logits_seed_3.npz,8b05eb62854ec201bc2d1351e31c9e608cb08a7d96690d3ae658e67003fa469e,da26faa203386b91d4f226afd1dbdb6af66078e512929f9ed62d687383f260a9,18efda786f0debf2b351d2c0fa026f93618ea341,-0.6830000022891909,True,False,False
controlled_on_real_features,confirmatory,3,period2_index2,2,2,2,True,wrong_projective_representation,4,8,9296,0,256,1.0,8.0,3.4652501344680786,320000,False,False,6.181724643283815e-08,0.0,6.181724643283815e-08,0.5889999866485596,0.3242500007036142,0.003000000026077032,1.557606816291809,0.6939876675605774,0.32914834216353483,0.45262500643730164,/Users/tinggong/Documents/Codex/2026-07-19/holonomy-applications/work/TwistedMerge-holonomy-applications/reports/tmp/holonomy_applications/application_C_confirmatory/candidate_logits_seed_3.npz,8b05eb62854ec201bc2d1351e31c9e608cb08a7d96690d3ae658e67003fa469e,da26faa203386b91d4f226afd1dbdb6af66078e512929f9ed62d687383f260a9,18efda786f0debf2b351d2c0fa026f93618ea341,-0.09600001573562622,True,False,False
controlled_on_real_features,confirmatory,3,period2_index2,2,2,2,True,ensemble_upper_bound,4,8,9296,0,256,1.0,8.0,0.030792085453867912,320000,False,False,6.181724643283815e-08,0.0,6.181724643283815e-08,0.6850000023841858,0.6077499985694885,0.5590000152587891,0.8774382472038269,0.4297342896461487,0.06386924581602216,0.7538750171661377,/Users/tinggong/Documents/Codex/2026-07-19/holonomy-applications/work/TwistedMerge-holonomy-applications/reports/tmp/holonomy_applications/application_C_confirmatory/candidate_logits_seed_3.npz,8b05eb62854ec201bc2d1351e31c9e608cb08a7d96690d3ae658e67003fa469e,da26faa203386b91d4f226afd1dbdb6af66078e512929f9ed62d687383f260a9,18efda786f0debf2b351d2c0fa026f93618ea341,0.0,True,True,False
controlled_on_real_features,confirmatory,3,period2_index2,2,2,2,True,oracle_coherent_lift,4,8,9296,0,256,1.0,8.0,3.6129162181168795,320000,False,False,6.181724643283815e-08,0.0,6.181724643283815e-08,0.6850000023841858,0.6077499985694885,0.5590000152587891,0.8774382472038269,0.42973431944847107,0.06386923091486096,0.7538750171661377,/Users/tinggong/Documents/Codex/2026-07-19/holonomy-applications/work/TwistedMerge-holonomy-applications/reports/tmp/holonomy_applications/application_C_confirmatory/candidate_logits_seed_3.npz,8b05eb62854ec201bc2d1351e31c9e608cb08a7d96690d3ae658e67003fa469e,da26faa203386b91d4f226afd1dbdb6af66078e512929f9ed62d687383f260a9,18efda786f0debf2b351d2c0fa026f93618ea341,0.0,True,True,False
controlled_on_real_features,confirmatory,3,period2_index2,2,2,3,False,ordinary_same_capacity,4,8,9296,0,576,1.0,8.0,1.6207080334424973,320000,False,False,5.047356665954794e-08,0.5773502588272095,0.5773502588272095,0.4429999887943268,0.2574999970092904,0.0020000000949949026,1.9548684358596802,0.8156607747077942,0.26886935951188207,0.351375013589859,/Users/tinggong/Documents/Codex/2026-07-19/holonomy-applications/work/TwistedMerge-holonomy-applications/reports/tmp/holonomy_applications/application_C_confirmatory/candidate_logits_seed_3.npz,8b05eb62854ec201bc2d1351e31c9e608cb08a7d96690d3ae658e67003fa469e,da26faa203386b91d4f226afd1dbdb6af66078e512929f9ed62d687383f260a9,18efda786f0debf2b351d2c0fa026f93618ea341,-0.242000013589859,False,False,False
controlled_on_real_features,confirmatory,3,period2_index2,2,2,3,False,coherent_projective_lift,4,8,9296,0,576,1.0,8.0,4.115584073588252,320000,False,False,5.047356665954794e-08,0.5773502588272095,0.5773502588272095,0.6449999809265137,0.560249999165535,0.5049999952316284,0.988114058971405,0.47882166504859924,0.0868132829782553,0.7338749766349792,/Users/tinggong/Documents/Codex/2026-07-19/holonomy-applications/work/TwistedMerge-holonomy-applications/reports/tmp/holonomy_applications/application_C_confirmatory/candidate_logits_seed_3.npz,8b05eb62854ec201bc2d1351e31c9e608cb08a7d96690d3ae658e67003fa469e,da26faa203386b91d4f226afd1dbdb6af66078e512929f9ed62d687383f260a9,18efda786f0debf2b351d2c0fa026f93618ea341,-0.04000002145767212,False,False,False
controlled_on_real_features,confirmatory,3,period2_index2,2,2,3,False,parameter_matched_generic_unitary,4,8,9296,0,576,1.0,8.0,4.077665973454714,320000,False,False,5.047356665954794e-08,0.5773502588272095,0.5773502588272095,0.6850000023841858,0.6077499985694885,0.5590000152587891,0.8774382472038269,0.4297342896461487,0.0638692369684577,0.7538750171661377,/Users/tinggong/Documents/Codex/2026-07-19/holonomy-applications/work/TwistedMerge-holonomy-applications/reports/tmp/holonomy_applications/application_C_confirmatory/candidate_logits_seed_3.npz,8b05eb62854ec201bc2d1351e31c9e608cb08a7d96690d3ae658e67003fa469e,da26faa203386b91d4f226afd1dbdb6af66078e512929f9ed62d687383f260a9,18efda786f0debf2b351d2c0fa026f93618ea341,0.0,False,True,False
controlled_on_real_features,confirmatory,3,period2_index2,2,2,3,False,random_branch_control,4,8,9296,0,576,1.0,8.0,4.073667107149959,320000,False,False,5.047356665954794e-08,0.5773502588272095,0.5773502588272095,0.5,0.21700000017881393,0.08699999749660492,1.9019304513931274,0.798043966293335,0.3168284872081131,0.36037498712539673,/Users/tinggong/Documents/Codex/2026-07-19/holonomy-applications/work/TwistedMerge-holonomy-applications/reports/tmp/holonomy_applications/application_C_confirmatory/candidate_logits_seed_3.npz,8b05eb62854ec201bc2d1351e31c9e608cb08a7d96690d3ae658e67003fa469e,da26faa203386b91d4f226afd1dbdb6af66078e512929f9ed62d687383f260a9,18efda786f0debf2b351d2c0fa026f93618ea341,-0.1850000023841858,False,False,False
controlled_on_real_features,confirmatory,3,period2_index2,2,2,3,False,wrong_cocycle_control,4,8,9296,0,576,1.0,8.0,4.030667012557387,320000,False,False,5.047356665954794e-08,0.5773502588272095,0.5773502588272095,0.0010000000474974513,0.002500000031432137,0.0010000000474974513,6.107453346252441,1.2728619575500488,0.42857363214716315,0.6381250023841858,/Users/tinggong/Documents/Codex/2026-07-19/holonomy-applications/work/TwistedMerge-holonomy-applications/reports/tmp/holonomy_applications/application_C_confirmatory/candidate_logits_seed_3.npz,8b05eb62854ec201bc2d1351e31c9e608cb08a7d96690d3ae658e67003fa469e,da26faa203386b91d4f226afd1dbdb6af66078e512929f9ed62d687383f260a9,18efda786f0debf2b351d2c0fa026f93618ea341,-0.6840000023366883,False,False,False
controlled_on_real_features,confirmatory,3,period2_index2,2,2,3,False,wrong_projective_representation,4,8,9296,0,576,1.0,8.0,4.064125008881092,320000,False,False,5.047356665954794e-08,0.5773502588272095,0.5773502588272095,0.652999997138977,0.3812500018393621,0.006000000052154064,1.4346520900726318,0.6444154977798462,0.36186905205249786,0.48124998807907104,/Users/tinggong/Documents/Codex/2026-07-19/holonomy-applications/work/TwistedMerge-holonomy-applications/reports/tmp/holonomy_applications/application_C_confirmatory/candidate_logits_seed_3.npz,8b05eb62854ec201bc2d1351e31c9e608cb08a7d96690d3ae658e67003fa469e,da26faa203386b91d4f226afd1dbdb6af66078e512929f9ed62d687383f260a9,18efda786f0debf2b351d2c0fa026f93618ea341,-0.03200000524520874,False,False,False
controlled_on_real_features,confirmatory,3,period2_index2,2,2,3,False,ensemble_upper_bound,4,8,9296,0,576,1.0,8.0,0.05679205060005188,320000,False,False,5.047356665954794e-08,0.5773502588272095,0.5773502588272095,0.6850000023841858,0.6077499985694885,0.5590000152587891,0.8774382472038269,0.4297342896461487,0.06386924581602216,0.7538750171661377,/Users/tinggong/Documents/Codex/2026-07-19/holonomy-applications/work/TwistedMerge-holonomy-applications/reports/tmp/holonomy_applications/application_C_confirmatory/candidate_logits_seed_3.npz,8b05eb62854ec201bc2d1351e31c9e608cb08a7d96690d3ae658e67003fa469e,da26faa203386b91d4f226afd1dbdb6af66078e512929f9ed62d687383f260a9,18efda786f0debf2b351d2c0fa026f93618ea341,0.0,False,True,False
controlled_on_real_features,confirmatory,3,period2_index2,2,2,3,False,oracle_coherent_lift,4,8,9296,0,576,1.0,8.0,3.468374954536557,320000,False,False,5.047356665954794e-08,0.5773502588272095,0.5773502588272095,0.6850000023841858,0.6077499985694885,0.5590000152587891,0.8774382472038269,0.42973431944847107,0.06386923091486096,0.7538750171661377,/Users/tinggong/Documents/Codex/2026-07-19/holonomy-applications/work/TwistedMerge-holonomy-applications/reports/tmp/holonomy_applications/application_C_confirmatory/candidate_logits_seed_3.npz,8b05eb62854ec201bc2d1351e31c9e608cb08a7d96690d3ae658e67003fa469e,da26faa203386b91d4f226afd1dbdb6af66078e512929f9ed62d687383f260a9,18efda786f0debf2b351d2c0fa026f93618ea341,0.0,False,True,False
controlled_on_real_features,confirmatory,3,period2_index2,2,2,4,True,ordinary_same_capacity,4,8,9296,0,1024,1.0,8.0,1.9662079866975546,320000,False,False,4.371138828673793e-08,0.0,4.371138828673793e-08,0.19699999690055847,0.2468749996914994,0.0020000000949949026,2.204681634902954,0.8784884214401245,0.044700231053866446,0.351500004529953,/Users/tinggong/Documents/Codex/2026-07-19/holonomy-applications/work/TwistedMerge-holonomy-applications/reports/tmp/holonomy_applications/application_C_confirmatory/candidate_logits_seed_3.npz,8b05eb62854ec201bc2d1351e31c9e608cb08a7d96690d3ae658e67003fa469e,da26faa203386b91d4f226afd1dbdb6af66078e512929f9ed62d687383f260a9,18efda786f0debf2b351d2c0fa026f93618ea341,-0.4880000054836273,True,False,False
controlled_on_real_features,confirmatory,3,period2_index2,2,2,4,True,coherent_projective_lift,4,8,9296,0,1024,1.0,8.0,4.216457949951291,320000,False,False,4.371138828673793e-08,0.0,4.371138828673793e-08,0.6850000023841858,0.6077499985694885,0.5590000152587891,0.8774382472038269,0.42973431944847107,0.06386921647936106,0.7538750171661377,/Users/tinggong/Documents/Codex/2026-07-19/holonomy-applications/work/TwistedMerge-holonomy-applications/reports/tmp/holonomy_applications/application_C_confirmatory/candidate_logits_seed_3.npz,8b05eb62854ec201bc2d1351e31c9e608cb08a7d96690d3ae658e67003fa469e,da26faa203386b91d4f226afd1dbdb6af66078e512929f9ed62d687383f260a9,18efda786f0debf2b351d2c0fa026f93618ea341,0.0,True,True,True
controlled_on_real_features,confirmatory,3,period2_index2,2,2,4,True,parameter_matched_generic_unitary,4,8,9296,0,1024,1.0,8.0,4.171499982476234,320000,False,False,4.371138828673793e-08,0.0,4.371138828673793e-08,0.6850000023841858,0.6077499985694885,0.5590000152587891,0.8774382472038269,0.42973431944847107,0.06386921927332878,0.7538750171661377,/Users/tinggong/Documents/Codex/2026-07-19/holonomy-applications/work/TwistedMerge-holonomy-applications/reports/tmp/holonomy_applications/application_C_confirmatory/candidate_logits_seed_3.npz,8b05eb62854ec201bc2d1351e31c9e608cb08a7d96690d3ae658e67003fa469e,da26faa203386b91d4f226afd1dbdb6af66078e512929f9ed62d687383f260a9,18efda786f0debf2b351d2c0fa026f93618ea341,0.0,True,True,False
controlled_on_real_features,confirmatory,3,period2_index2,2,2,4,True,random_branch_control,4,8,9296,0,1024,1.0,8.0,4.1508749127388,320000,False,False,4.371138828673793e-08,0.0,4.371138828673793e-08,0.006000000052154064,0.16999999943072908,0.0020000000949949026,2.8919119834899902,0.9966232180595398,0.17168570461217314,0.3553749918937683,/Users/tinggong/Documents/Codex/2026-07-19/holonomy-applications/work/TwistedMerge-holonomy-applications/reports/tmp/holonomy_applications/application_C_confirmatory/candidate_logits_seed_3.npz,8b05eb62854ec201bc2d1351e31c9e608cb08a7d96690d3ae658e67003fa469e,da26faa203386b91d4f226afd1dbdb6af66078e512929f9ed62d687383f260a9,18efda786f0debf2b351d2c0fa026f93618ea341,-0.6790000023320317,True,False,False
controlled_on_real_features,confirmatory,3,period2_index2,2,2,4,True,wrong_cocycle_control,4,8,9296,0,1024,1.0,8.0,4.176625050604343,320000,False,False,4.371138828673793e-08,0.0,4.371138828673793e-08,0.0020000000949949026,0.002625000081025064,0.0020000000949949026,7.902328968048096,1.3222321271896362,0.46214598836377263,0.5799999833106995,/Users/tinggong/Documents/Codex/2026-07-19/holonomy-applications/work/TwistedMerge-holonomy-applications/reports/tmp/holonomy_applications/application_C_confirmatory/candidate_logits_seed_3.npz,8b05eb62854ec201bc2d1351e31c9e608cb08a7d96690d3ae658e67003fa469e,da26faa203386b91d4f226afd1dbdb6af66078e512929f9ed62d687383f260a9,18efda786f0debf2b351d2c0fa026f93618ea341,-0.6830000022891909,True,False,False
controlled_on_real_features,confirmatory,3,period2_index2,2,2,4,True,wrong_projective_representation,4,8,9296,0,1024,1.0,8.0,4.115750081837177,320000,False,False,4.371138828673793e-08,0.0,4.371138828673793e-08,0.6489999890327454,0.33312499849125743,0.05400000140070915,1.5690319538116455,0.6954189538955688,0.4039620558032766,0.4104999899864197,/Users/tinggong/Documents/Codex/2026-07-19/holonomy-applications/work/TwistedMerge-holonomy-applications/reports/tmp/holonomy_applications/application_C_confirmatory/candidate_logits_seed_3.npz,8b05eb62854ec201bc2d1351e31c9e608cb08a7d96690d3ae658e67003fa469e,da26faa203386b91d4f226afd1dbdb6af66078e512929f9ed62d687383f260a9,18efda786f0debf2b351d2c0fa026f93618ea341,-0.03600001335144043,True,False,False
controlled_on_real_features,confirmatory,3,period2_index2,2,2,4,True,ensemble_upper_bound,4,8,9296,0,1024,1.0,8.0,0.02787495031952858,320000,False,False,4.371138828673793e-08,0.0,4.371138828673793e-08,0.6850000023841858,0.6077499985694885,0.5590000152587891,0.8774382472038269,0.4297342896461487,0.06386924581602216,0.7538750171661377,/Users/tinggong/Documents/Codex/2026-07-19/holonomy-applications/work/TwistedMerge-holonomy-applications/reports/tmp/holonomy_applications/application_C_confirmatory/candidate_logits_seed_3.npz,8b05eb62854ec201bc2d1351e31c9e608cb08a7d96690d3ae658e67003fa469e,da26faa203386b91d4f226afd1dbdb6af66078e512929f9ed62d687383f260a9,18efda786f0debf2b351d2c0fa026f93618ea341,0.0,True,True,False
controlled_on_real_features,confirmatory,3,period2_index2,2,2,4,True,oracle_coherent_lift,4,8,9296,0,1024,1.0,8.0,3.4453750122338533,320000,False,False,4.371138828673793e-08,0.0,4.371138828673793e-08,0.6850000023841858,0.6077499985694885,0.5590000152587891,0.8774382472038269,0.42973431944847107,0.06386923091486096,0.7538750171661377,/Users/tinggong/Documents/Codex/2026-07-19/holonomy-applications/work/TwistedMerge-holonomy-applications/reports/tmp/holonomy_applications/application_C_confirmatory/candidate_logits_seed_3.npz,8b05eb62854ec201bc2d1351e31c9e608cb08a7d96690d3ae658e67003fa469e,da26faa203386b91d4f226afd1dbdb6af66078e512929f9ed62d687383f260a9,18efda786f0debf2b351d2c0fa026f93618ea341,0.0,True,True,False
controlled_on_real_features,confirmatory,3,period2_index4,2,4,1,False,ordinary_same_capacity,4,8,9296,0,64,1.0,8.0,0.7624172139912844,320000,False,False,0.0,1.0,1.0,0.7049999833106995,0.3058749968186021,0.10000000149011612,1.2357594966888428,0.5670990347862244,0.34539960444089957,0.6622499823570251,/Users/tinggong/Documents/Codex/2026-07-19/holonomy-applications/work/TwistedMerge-holonomy-applications/reports/tmp/holonomy_applications/application_C_confirmatory/candidate_logits_seed_3.npz,8b05eb62854ec201bc2d1351e31c9e608cb08a7d96690d3ae658e67003fa469e,da26faa203386b91d4f226afd1dbdb6af66078e512929f9ed62d687383f260a9,18efda786f0debf2b351d2c0fa026f93618ea341,0.019999980926513672,False,True,False
controlled_on_real_features,confirmatory,3,period2_index4,2,4,1,False,coherent_projective_lift,4,8,9296,0,64,1.0,8.0,0.9984590578824282,320000,False,False,0.0,1.0,1.0,0.7049999833106995,0.3058749968186021,0.10000000149011612,1.2357594966888428,0.5670990347862244,0.34539960444089957,0.6622499823570251,/Users/tinggong/Documents/Codex/2026-07-19/holonomy-applications/work/TwistedMerge-holonomy-applications/reports/tmp/holonomy_applications/application_C_confirmatory/candidate_logits_seed_3.npz,8b05eb62854ec201bc2d1351e31c9e608cb08a7d96690d3ae658e67003fa469e,da26faa203386b91d4f226afd1dbdb6af66078e512929f9ed62d687383f260a9,18efda786f0debf2b351d2c0fa026f93618ea341,0.019999980926513672,False,True,False
controlled_on_real_features,confirmatory,3,period2_index4,2,4,1,False,parameter_matched_generic_unitary,4,8,9296,0,64,1.0,8.0,1.0029170662164688,320000,False,False,0.0,1.0,1.0,0.6850000023841858,0.6077499985694885,0.5590000152587891,0.8774382472038269,0.42973431944847107,0.06386925047263503,0.7538750171661377,/Users/tinggong/Documents/Codex/2026-07-19/holonomy-applications/work/TwistedMerge-holonomy-applications/reports/tmp/holonomy_applications/application_C_confirmatory/candidate_logits_seed_3.npz,8b05eb62854ec201bc2d1351e31c9e608cb08a7d96690d3ae658e67003fa469e,da26faa203386b91d4f226afd1dbdb6af66078e512929f9ed62d687383f260a9,18efda786f0debf2b351d2c0fa026f93618ea341,0.0,False,True,False
controlled_on_real_features,confirmatory,3,period2_index4,2,4,1,False,random_branch_control,4,8,9296,0,64,1.0,8.0,0.9929169900715351,320000,False,False,0.0,1.0,1.0,0.6769999861717224,0.1721249995753169,0.10000000149011612,1.8098633289337158,0.7764983177185059,0.4983563609421253,0.8881250023841858,/Users/tinggong/Documents/Codex/2026-07-19/holonomy-applications/work/TwistedMerge-holonomy-applications/reports/tmp/holonomy_applications/application_C_confirmatory/candidate_logits_seed_3.npz,8b05eb62854ec201bc2d1351e31c9e608cb08a7d96690d3ae658e67003fa469e,da26faa203386b91d4f226afd1dbdb6af66078e512929f9ed62d687383f260a9,18efda786f0debf2b351d2c0fa026f93618ea341,-0.008000016212463379,False,False,False
controlled_on_real_features,confirmatory,3,period2_index4,2,4,1,False,wrong_cocycle_control,4,8,9296,0,64,1.0,8.0,0.9875420946627855,320000,False,False,0.0,1.0,1.0,0.10000000149011612,0.10000000149011612,0.10000000149011612,2.3025851249694824,0.8999997973442078,1.4901161193847656e-08,1.0,/Users/tinggong/Documents/Codex/2026-07-19/holonomy-applications/work/TwistedMerge-holonomy-applications/reports/tmp/holonomy_applications/application_C_confirmatory/candidate_logits_seed_3.npz,8b05eb62854ec201bc2d1351e31c9e608cb08a7d96690d3ae658e67003fa469e,da26faa203386b91d4f226afd1dbdb6af66078e512929f9ed62d687383f260a9,18efda786f0debf2b351d2c0fa026f93618ea341,-0.5850000008940697,False,False,False
controlled_on_real_features,confirmatory,3,period2_index4,2,4,1,False,wrong_projective_representation,4,8,9296,0,64,1.0,8.0,0.9647919796407223,320000,False,False,0.0,1.0,1.0,0.6779999732971191,0.2337499987334013,0.10000000149011612,1.499167799949646,0.6726552844047546,0.41824774400447495,0.7741249799728394,/Users/tinggong/Documents/Codex/2026-07-19/holonomy-applications/work/TwistedMerge-holonomy-applications/reports/tmp/holonomy_applications/application_C_confirmatory/candidate_logits_seed_3.npz,8b05eb62854ec201bc2d1351e31c9e608cb08a7d96690d3ae658e67003fa469e,da26faa203386b91d4f226afd1dbdb6af66078e512929f9ed62d687383f260a9,18efda786f0debf2b351d2c0fa026f93618ea341,-0.00700002908706665,False,False,False
controlled_on_real_features,confirmatory,3,period2_index4,2,4,1,False,ensemble_upper_bound,4,8,9296,0,64,1.0,8.0,0.028499867767095566,320000,False,False,0.0,1.0,1.0,0.6850000023841858,0.6077499985694885,0.5590000152587891,0.8774382472038269,0.4297342896461487,0.06386924581602216,0.7538750171661377,/Users/tinggong/Documents/Codex/2026-07-19/holonomy-applications/work/TwistedMerge-holonomy-applications/reports/tmp/holonomy_applications/application_C_confirmatory/candidate_logits_seed_3.npz,8b05eb62854ec201bc2d1351e31c9e608cb08a7d96690d3ae658e67003fa469e,da26faa203386b91d4f226afd1dbdb6af66078e512929f9ed62d687383f260a9,18efda786f0debf2b351d2c0fa026f93618ea341,0.0,False,True,False
controlled_on_real_features,confirmatory,3,period2_index4,2,4,1,False,oracle_coherent_lift,4,8,9296,0,64,1.0,8.0,4.148749867454171,320000,False,False,0.0,1.0,1.0,0.6850000023841858,0.6077499985694885,0.5590000152587891,0.8774382472038269,0.4297342896461487,0.06386923883110285,0.7538750171661377,/Users/tinggong/Documents/Codex/2026-07-19/holonomy-applications/work/TwistedMerge-holonomy-applications/reports/tmp/holonomy_applications/application_C_confirmatory/candidate_logits_seed_3.npz,8b05eb62854ec201bc2d1351e31c9e608cb08a7d96690d3ae658e67003fa469e,da26faa203386b91d4f226afd1dbdb6af66078e512929f9ed62d687383f260a9,18efda786f0debf2b351d2c0fa026f93618ea341,0.0,False,True,False
controlled_on_real_features,confirmatory,3,period2_index4,2,4,2,False,ordinary_same_capacity,4,8,9296,0,256,1.0,8.0,1.337291905656457,320000,False,False,6.181724643283815e-08,1.0,1.0,0.5709999799728394,0.28012499678879976,0.10000000149011612,1.5220506191253662,0.6720008254051208,0.27404838519578334,0.4556249976158142,/Users/tinggong/Documents/Codex/2026-07-19/holonomy-applications/work/TwistedMerge-holonomy-applications/reports/tmp/holonomy_applications/application_C_confirmatory/candidate_logits_seed_3.npz,8b05eb62854ec201bc2d1351e31c9e608cb08a7d96690d3ae658e67003fa469e,da26faa203386b91d4f226afd1dbdb6af66078e512929f9ed62d687383f260a9,18efda786f0debf2b351d2c0fa026f93618ea341,-0.11400002241134644,False,False,False
controlled_on_real_features,confirmatory,3,period2_index4,2,4,2,False,coherent_projective_lift,4,8,9296,0,256,1.0,8.0,3.462874796241522,320000,False,False,6.181724643283815e-08,1.0,1.0,0.6949999928474426,0.42699999269098043,0.10000000149011612,1.006100058555603,0.4752146005630493,0.20514686463866383,0.547124981880188,/Users/tinggong/Documents/Codex/2026-07-19/holonomy-applications/work/TwistedMerge-holonomy-applications/reports/tmp/holonomy_applications/application_C_confirmatory/candidate_logits_seed_3.npz,8b05eb62854ec201bc2d1351e31c9e608cb08a7d96690d3ae658e67003fa469e,da26faa203386b91d4f226afd1dbdb6af66078e512929f9ed62d687383f260a9,18efda786f0debf2b351d2c0fa026f93618ea341,0.009999990463256836,False,True,False
controlled_on_real_features,confirmatory,3,period2_index4,2,4,2,False,parameter_matched_generic_unitary,4,8,9296,0,256,1.0,8.0,3.4631250891834497,320000,False,False,6.181724643283815e-08,1.0,1.0,0.6850000023841858,0.6077499985694885,0.5590000152587891,0.8774382472038269,0.42973431944847107,0.06386921741068363,0.7538750171661377,/Users/tinggong/Documents/Codex/2026-07-19/holonomy-applications/work/TwistedMerge-holonomy-applications/reports/tmp/holonomy_applications/application_C_confirmatory/candidate_logits_seed_3.npz,8b05eb62854ec201bc2d1351e31c9e608cb08a7d96690d3ae658e67003fa469e,da26faa203386b91d4f226afd1dbdb6af66078e512929f9ed62d687383f260a9,18efda786f0debf2b351d2c0fa026f93618ea341,0.0,False,True,False
controlled_on_real_features,confirmatory,3,period2_index4,2,4,2,False,random_branch_control,4,8,9296,0,256,1.0,8.0,3.469625022262335,320000,False,False,6.181724643283815e-08,1.0,1.0,0.29499998688697815,0.14100000075995922,0.10000000149011612,2.3659231662750244,0.8912525773048401,0.11565193627029657,0.7919999957084656,/Users/tinggong/Documents/Codex/2026-07-19/holonomy-applications/work/TwistedMerge-holonomy-applications/reports/tmp/holonomy_applications/application_C_confirmatory/candidate_logits_seed_3.npz,8b05eb62854ec201bc2d1351e31c9e608cb08a7d96690d3ae658e67003fa469e,da26faa203386b91d4f226afd1dbdb6af66078e512929f9ed62d687383f260a9,18efda786f0debf2b351d2c0fa026f93618ea341,-0.39000001549720764,False,False,False
controlled_on_real_features,confirmatory,3,period2_index4,2,4,2,False,wrong_cocycle_control,4,8,9296,0,256,1.0,8.0,3.446333110332489,320000,False,False,6.181724643283815e-08,1.0,1.0,0.2070000022649765,0.12387499958276749,0.10000000149011612,2.3025851249694824,0.8999997973442078,0.018999986350536346,0.7630000114440918,/Users/tinggong/Documents/Codex/2026-07-19/holonomy-applications/work/TwistedMerge-holonomy-applications/reports/tmp/holonomy_applications/application_C_confirmatory/candidate_logits_seed_3.npz,8b05eb62854ec201bc2d1351e31c9e608cb08a7d96690d3ae658e67003fa469e,da26faa203386b91d4f226afd1dbdb6af66078e512929f9ed62d687383f260a9,18efda786f0debf2b351d2c0fa026f93618ea341,-0.4780000001192093,False,False,False
controlled_on_real_features,confirmatory,3,period2_index4,2,4,2,False,wrong_projective_representation,4,8,9296,0,256,1.0,8.0,3.4563748631626368,320000,False,False,6.181724643283815e-08,1.0,1.0,0.4480000138282776,0.2358750021085143,0.10000000149011612,1.8293676376342773,0.7696881294250488,0.22873614166746847,0.4858750104904175,/Users/tinggong/Documents/Codex/2026-07-19/holonomy-applications/work/TwistedMerge-holonomy-applications/reports/tmp/holonomy_applications/application_C_confirmatory/candidate_logits_seed_3.npz,8b05eb62854ec201bc2d1351e31c9e608cb08a7d96690d3ae658e67003fa469e,da26faa203386b91d4f226afd1dbdb6af66078e512929f9ed62d687383f260a9,18efda786f0debf2b351d2c0fa026f93618ea341,-0.2369999885559082,False,False,False
controlled_on_real_features,confirmatory,3,period2_index4,2,4,2,False,ensemble_upper_bound,4,8,9296,0,256,1.0,8.0,0.048916786909103394,320000,False,False,6.181724643283815e-08,1.0,1.0,0.6850000023841858,0.6077499985694885,0.5590000152587891,0.8774382472038269,0.4297342896461487,0.06386924581602216,0.7538750171661377,/Users/tinggong/Documents/Codex/2026-07-19/holonomy-applications/work/TwistedMerge-holonomy-applications/reports/tmp/holonomy_applications/application_C_confirmatory/candidate_logits_seed_3.npz,8b05eb62854ec201bc2d1351e31c9e608cb08a7d96690d3ae658e67003fa469e,da26faa203386b91d4f226afd1dbdb6af66078e512929f9ed62d687383f260a9,18efda786f0debf2b351d2c0fa026f93618ea341,0.0,False,True,False
controlled_on_real_features,confirmatory,3,period2_index4,2,4,2,False,oracle_coherent_lift,4,8,9296,0,256,1.0,8.0,4.808916011825204,320000,False,False,6.181724643283815e-08,1.0,1.0,0.6850000023841858,0.6077499985694885,0.5590000152587891,0.8774382472038269,0.4297342896461487,0.06386923883110285,0.7538750171661377,/Users/tinggong/Documents/Codex/2026-07-19/holonomy-applications/work/TwistedMerge-holonomy-applications/reports/tmp/holonomy_applications/application_C_confirmatory/candidate_logits_seed_3.npz,8b05eb62854ec201bc2d1351e31c9e608cb08a7d96690d3ae658e67003fa469e,da26faa203386b91d4f226afd1dbdb6af66078e512929f9ed62d687383f260a9,18efda786f0debf2b351d2c0fa026f93618ea341,0.0,False,True,False
controlled_on_real_features,confirmatory,3,period2_index4,2,4,3,False,ordinary_same_capacity,4,8,9296,0,576,1.0,8.0,1.6445419751107693,320000,False,False,5.047356665954794e-08,0.8164966106414795,0.8164966106414795,0.6349999904632568,0.3251249995082617,0.14900000393390656,1.56263267993927,0.6916365027427673,0.38176578227285063,0.41062501072883606,/Users/tinggong/Documents/Codex/2026-07-19/holonomy-applications/work/TwistedMerge-holonomy-applications/reports/tmp/holonomy_applications/application_C_confirmatory/candidate_logits_seed_3.npz,8b05eb62854ec201bc2d1351e31c9e608cb08a7d96690d3ae658e67003fa469e,da26faa203386b91d4f226afd1dbdb6af66078e512929f9ed62d687383f260a9,18efda786f0debf2b351d2c0fa026f93618ea341,-0.050000011920928955,False,False,False
controlled_on_real_features,confirmatory,3,period2_index4,2,4,3,False,coherent_projective_lift,4,8,9296,0,576,1.0,8.0,4.098832840099931,320000,False,False,5.047356665954794e-08,0.8164966106414795,0.8164966106414795,0.6930000185966492,0.5421249903738499,0.41200000047683716,0.9501534700393677,0.4569908678531647,0.15670400334056467,0.6573749780654907,/Users/tinggong/Documents/Codex/2026-07-19/holonomy-applications/work/TwistedMerge-holonomy-applications/reports/tmp/holonomy_applications/application_C_confirmatory/candidate_logits_seed_3.npz,8b05eb62854ec201bc2d1351e31c9e608cb08a7d96690d3ae658e67003fa469e,da26faa203386b91d4f226afd1dbdb6af66078e512929f9ed62d687383f260a9,18efda786f0debf2b351d2c0fa026f93618ea341,0.008000016212463379,False,True,False
controlled_on_real_features,confirmatory,3,period2_index4,2,4,3,False,parameter_matched_generic_unitary,4,8,9296,0,576,1.0,8.0,4.128958098590374,320000,False,False,5.047356665954794e-08,0.8164966106414795,0.8164966106414795,0.6850000023841858,0.6077499985694885,0.5590000152587891,0.8774382472038269,0.42973431944847107,0.06386922765523195,0.7538750171661377,/Users/tinggong/Documents/Codex/2026-07-19/holonomy-applications/work/TwistedMerge-holonomy-applications/reports/tmp/holonomy_applications/application_C_confirmatory/candidate_logits_seed_3.npz,8b05eb62854ec201bc2d1351e31c9e608cb08a7d96690d3ae658e67003fa469e,da26faa203386b91d4f226afd1dbdb6af66078e512929f9ed62d687383f260a9,18efda786f0debf2b351d2c0fa026f93618ea341,0.0,False,True,False
controlled_on_real_features,confirmatory,3,period2_index4,2,4,3,False,random_branch_control,4,8,9296,0,576,1.0,8.0,4.110333044081926,320000,False,False,5.047356665954794e-08,0.8164966106414795,0.8164966106414795,0.48100000619888306,0.22500000050058588,0.004000000189989805,1.8761329650878906,0.7903615832328796,0.2934158557909541,0.382625013589859,/Users/tinggong/Documents/Codex/2026-07-19/holonomy-applications/work/TwistedMerge-holonomy-applications/reports/tmp/holonomy_applications/application_C_confirmatory/candidate_logits_seed_3.npz,8b05eb62854ec201bc2d1351e31c9e608cb08a7d96690d3ae658e67003fa469e,da26faa203386b91d4f226afd1dbdb6af66078e512929f9ed62d687383f260a9,18efda786f0debf2b351d2c0fa026f93618ea341,-0.20399999618530273,False,False,False
controlled_on_real_features,confirmatory,3,period2_index4,2,4,3,False,wrong_cocycle_control,4,8,9296,0,576,1.0,8.0,4.100667079910636,320000,False,False,5.047356665954794e-08,0.8164966106414795,0.8164966106414795,0.019999999552965164,0.14749999926425517,0.012000000104308128,2.631030797958374,0.9547499418258667,0.1334785334765911,0.39774999022483826,/Users/tinggong/Documents/Codex/2026-07-19/holonomy-applications/work/TwistedMerge-holonomy-applications/reports/tmp/holonomy_applications/application_C_confirmatory/candidate_logits_seed_3.npz,8b05eb62854ec201bc2d1351e31c9e608cb08a7d96690d3ae658e67003fa469e,da26faa203386b91d4f226afd1dbdb6af66078e512929f9ed62d687383f260a9,18efda786f0debf2b351d2c0fa026f93618ea341,-0.6650000028312206,False,False,False
controlled_on_real_features,confirmatory,3,period2_index4,2,4,3,False,wrong_projective_representation,4,8,9296,0,576,1.0,8.0,4.110000096261501,320000,False,False,5.047356665954794e-08,0.8164966106414795,0.8164966106414795,0.44200000166893005,0.23662500077625737,0.004000000189989805,1.9641557931900024,0.8165296912193298,0.2667735447175801,0.32074999809265137,/Users/tinggong/Documents/Codex/2026-07-19/holonomy-applications/work/TwistedMerge-holonomy-applications/reports/tmp/holonomy_applications/application_C_confirmatory/candidate_logits_seed_3.npz,8b05eb62854ec201bc2d1351e31c9e608cb08a7d96690d3ae658e67003fa469e,da26faa203386b91d4f226afd1dbdb6af66078e512929f9ed62d687383f260a9,18efda786f0debf2b351d2c0fa026f93618ea341,-0.24300000071525574,False,False,False
controlled_on_real_features,confirmatory,3,period2_index4,2,4,3,False,ensemble_upper_bound,4,8,9296,0,576,1.0,8.0,0.05445792339742184,320000,False,False,5.047356665954794e-08,0.8164966106414795,0.8164966106414795,0.6850000023841858,0.6077499985694885,0.5590000152587891,0.8774382472038269,0.4297342896461487,0.06386924581602216,0.7538750171661377,/Users/tinggong/Documents/Codex/2026-07-19/holonomy-applications/work/TwistedMerge-holonomy-applications/reports/tmp/holonomy_applications/application_C_confirmatory/candidate_logits_seed_3.npz,8b05eb62854ec201bc2d1351e31c9e608cb08a7d96690d3ae658e67003fa469e,da26faa203386b91d4f226afd1dbdb6af66078e512929f9ed62d687383f260a9,18efda786f0debf2b351d2c0fa026f93618ea341,0.0,False,True,False
controlled_on_real_features,confirmatory,3,period2_index4,2,4,3,False,oracle_coherent_lift,4,8,9296,0,576,1.0,8.0,4.2078751139342785,320000,False,False,5.047356665954794e-08,0.8164966106414795,0.8164966106414795,0.6850000023841858,0.6077499985694885,0.5590000152587891,0.8774382472038269,0.4297342896461487,0.06386923883110285,0.7538750171661377,/Users/tinggong/Documents/Codex/2026-07-19/holonomy-applications/work/TwistedMerge-holonomy-applications/reports/tmp/holonomy_applications/application_C_confirmatory/candidate_logits_seed_3.npz,8b05eb62854ec201bc2d1351e31c9e608cb08a7d96690d3ae658e67003fa469e,da26faa203386b91d4f226afd1dbdb6af66078e512929f9ed62d687383f260a9,18efda786f0debf2b351d2c0fa026f93618ea341,0.0,False,True,False
controlled_on_real_features,confirmatory,3,period2_index4,2,4,4,True,ordinary_same_capacity,4,8,9296,0,1024,1.0,8.0,1.9059590995311737,320000,False,False,4.371138828673793e-08,0.0,4.371138828673793e-08,0.5249999761581421,0.26450000423938036,0.07100000232458115,1.7364921569824219,0.7467107772827148,0.29867520098923706,0.35600000619888306,/Users/tinggong/Documents/Codex/2026-07-19/holonomy-applications/work/TwistedMerge-holonomy-applications/reports/tmp/holonomy_applications/application_C_confirmatory/candidate_logits_seed_3.npz,8b05eb62854ec201bc2d1351e31c9e608cb08a7d96690d3ae658e67003fa469e,da26faa203386b91d4f226afd1dbdb6af66078e512929f9ed62d687383f260a9,18efda786f0debf2b351d2c0fa026f93618ea341,-0.1600000262260437,True,False,False
controlled_on_real_features,confirmatory,3,period2_index4,2,4,4,True,coherent_projective_lift,4,8,9296,0,1024,1.0,8.0,4.212667001411319,320000,False,False,4.371138828673793e-08,0.0,4.371138828673793e-08,0.6850000023841858,0.6077499985694885,0.5590000152587891,0.8774382472038269,0.42973431944847107,0.06386923138052225,0.7538750171661377,/Users/tinggong/Documents/Codex/2026-07-19/holonomy-applications/work/TwistedMerge-holonomy-applications/reports/tmp/holonomy_applications/application_C_confirmatory/candidate_logits_seed_3.npz,8b05eb62854ec201bc2d1351e31c9e608cb08a7d96690d3ae658e67003fa469e,da26faa203386b91d4f226afd1dbdb6af66078e512929f9ed62d687383f260a9,18efda786f0debf2b351d2c0fa026f93618ea341,0.0,True,True,True
controlled_on_real_features,confirmatory,3,period2_index4,2,4,4,True,parameter_matched_generic_unitary,4,8,9296,0,1024,1.0,8.0,4.132541827857494,320000,False,False,4.371138828673793e-08,0.0,4.371138828673793e-08,0.6850000023841858,0.6077499985694885,0.5590000152587891,0.8774382472038269,0.42973431944847107,0.06386921647936106,0.7538750171661377,/Users/tinggong/Documents/Codex/2026-07-19/holonomy-applications/work/TwistedMerge-holonomy-applications/reports/tmp/holonomy_applications/application_C_confirmatory/candidate_logits_seed_3.npz,8b05eb62854ec201bc2d1351e31c9e608cb08a7d96690d3ae658e67003fa469e,da26faa203386b91d4f226afd1dbdb6af66078e512929f9ed62d687383f260a9,18efda786f0debf2b351d2c0fa026f93618ea341,0.0,True,True,False
controlled_on_real_features,confirmatory,3,period2_index4,2,4,4,True,random_branch_control,4,8,9296,0,1024,1.0,8.0,4.1291669476777315,320000,False,False,4.371138828673793e-08,0.0,4.371138828673793e-08,0.22200000286102295,0.24649999849498272,0.06499999761581421,2.308622360229492,0.8974547386169434,0.0862247315235436,0.3617500066757202,/Users/tinggong/Documents/Codex/2026-07-19/holonomy-applications/work/TwistedMerge-holonomy-applications/reports/tmp/holonomy_applications/application_C_confirmatory/candidate_logits_seed_3.npz,8b05eb62854ec201bc2d1351e31c9e608cb08a7d96690d3ae658e67003fa469e,da26faa203386b91d4f226afd1dbdb6af66078e512929f9ed62d687383f260a9,18efda786f0debf2b351d2c0fa026f93618ea341,-0.46299999952316284,True,False,False
controlled_on_real_features,confirmatory,3,period2_index4,2,4,4,True,wrong_cocycle_control,4,8,9296,0,1024,1.0,8.0,4.085292108356953,320000,False,False,4.371138828673793e-08,0.0,4.371138828673793e-08,0.1770000010728836,0.13012500014156103,0.057999998331069946,2.5360143184661865,0.9270349144935608,0.009752089972607791,0.4350000023841858,/Users/tinggong/Documents/Codex/2026-07-19/holonomy-applications/work/TwistedMerge-holonomy-applications/reports/tmp/holonomy_applications/application_C_confirmatory/candidate_logits_seed_3.npz,8b05eb62854ec201bc2d1351e31c9e608cb08a7d96690d3ae658e67003fa469e,da26faa203386b91d4f226afd1dbdb6af66078e512929f9ed62d687383f260a9,18efda786f0debf2b351d2c0fa026f93618ea341,-0.5080000013113022,True,False,False
controlled_on_real_features,confirmatory,3,period2_index4,2,4,4,True,wrong_projective_representation,4,8,9296,0,1024,1.0,8.0,4.114917013794184,320000,False,False,4.371138828673793e-08,0.0,4.371138828673793e-08,0.414000004529953,0.27637500036507845,0.11500000208616257,1.7768672704696655,0.7571841478347778,0.17127770940714981,0.37312498688697815,/Users/tinggong/Documents/Codex/2026-07-19/holonomy-applications/work/TwistedMerge-holonomy-applications/reports/tmp/holonomy_applications/application_C_confirmatory/candidate_logits_seed_3.npz,8b05eb62854ec201bc2d1351e31c9e608cb08a7d96690d3ae658e67003fa469e,da26faa203386b91d4f226afd1dbdb6af66078e512929f9ed62d687383f260a9,18efda786f0debf2b351d2c0fa026f93618ea341,-0.2709999978542328,True,False,False
controlled_on_real_features,confirmatory,3,period2_index4,2,4,4,True,ensemble_upper_bound,4,8,9296,0,1024,1.0,8.0,0.02337503246963024,320000,False,False,4.371138828673793e-08,0.0,4.371138828673793e-08,0.6850000023841858,0.6077499985694885,0.5590000152587891,0.8774382472038269,0.4297342896461487,0.06386924581602216,0.7538750171661377,/Users/tinggong/Documents/Codex/2026-07-19/holonomy-applications/work/TwistedMerge-holonomy-applications/reports/tmp/holonomy_applications/application_C_confirmatory/candidate_logits_seed_3.npz,8b05eb62854ec201bc2d1351e31c9e608cb08a7d96690d3ae658e67003fa469e,da26faa203386b91d4f226afd1dbdb6af66078e512929f9ed62d687383f260a9,18efda786f0debf2b351d2c0fa026f93618ea341,0.0,True,True,False
controlled_on_real_features,confirmatory,3,period2_index4,2,4,4,True,oracle_coherent_lift,4,8,9296,0,1024,1.0,8.0,4.168999847024679,320000,False,False,4.371138828673793e-08,0.0,4.371138828673793e-08,0.6850000023841858,0.6077499985694885,0.5590000152587891,0.8774382472038269,0.4297342896461487,0.06386923883110285,0.7538750171661377,/Users/tinggong/Documents/Codex/2026-07-19/holonomy-applications/work/TwistedMerge-holonomy-applications/reports/tmp/holonomy_applications/application_C_confirmatory/candidate_logits_seed_3.npz,8b05eb62854ec201bc2d1351e31c9e608cb08a7d96690d3ae658e67003fa469e,da26faa203386b91d4f226afd1dbdb6af66078e512929f9ed62d687383f260a9,18efda786f0debf2b351d2c0fa026f93618ea341,0.0,True,True,False
controlled_on_real_features,confirmatory,3,period2_index4,2,4,6,False,ordinary_same_capacity,4,8,9296,0,2304,1.0,8.0,2.3146250750869513,320000,False,False,3.5690199240434595e-08,0.5773502588272095,0.5773502588272095,0.5509999990463257,0.3564999997615814,0.22499999403953552,1.5821754932403564,0.703298807144165,0.28520195247256197,0.44624999165534973,/Users/tinggong/Documents/Codex/2026-07-19/holonomy-applications/work/TwistedMerge-holonomy-applications/reports/tmp/holonomy_applications/application_C_confirmatory/candidate_logits_seed_3.npz,8b05eb62854ec201bc2d1351e31c9e608cb08a7d96690d3ae658e67003fa469e,da26faa203386b91d4f226afd1dbdb6af66078e512929f9ed62d687383f260a9,18efda786f0debf2b351d2c0fa026f93618ea341,-0.1340000033378601,False,False,False
controlled_on_real_features,confirmatory,3,period2_index4,2,4,6,False,coherent_projective_lift,4,8,9296,0,2304,1.0,8.0,4.668874898925424,320000,False,False,3.5690199240434595e-08,0.5773502588272095,0.5773502588272095,0.6890000104904175,0.5901249945163727,0.5170000195503235,0.9102266430854797,0.44320598244667053,0.10059977957280353,0.7352499961853027,/Users/tinggong/Documents/Codex/2026-07-19/holonomy-applications/work/TwistedMerge-holonomy-applications/reports/tmp/holonomy_applications/application_C_confirmatory/candidate_logits_seed_3.npz,8b05eb62854ec201bc2d1351e31c9e608cb08a7d96690d3ae658e67003fa469e,da26faa203386b91d4f226afd1dbdb6af66078e512929f9ed62d687383f260a9,18efda786f0debf2b351d2c0fa026f93618ea341,0.0040000081062316895,False,True,False
controlled_on_real_features,confirmatory,3,period2_index4,2,4,6,False,parameter_matched_generic_unitary,4,8,9296,0,2304,1.0,8.0,4.657292040064931,320000,False,False,3.5690199240434595e-08,0.5773502588272095,0.5773502588272095,0.6850000023841858,0.6077499985694885,0.5590000152587891,0.8774382472038269,0.42973431944847107,0.06386921927332878,0.7538750171661377,/Users/tinggong/Documents/Codex/2026-07-19/holonomy-applications/work/TwistedMerge-holonomy-applications/reports/tmp/holonomy_applications/application_C_confirmatory/candidate_logits_seed_3.npz,8b05eb62854ec201bc2d1351e31c9e608cb08a7d96690d3ae658e67003fa469e,da26faa203386b91d4f226afd1dbdb6af66078e512929f9ed62d687383f260a9,18efda786f0debf2b351d2c0fa026f93618ea341,0.0,False,True,False
controlled_on_real_features,confirmatory,3,period2_index4,2,4,6,False,random_branch_control,4,8,9296,0,2304,1.0,8.0,4.868541145697236,320000,False,False,3.5690199240434595e-08,0.5773502588272095,0.5773502588272095,0.24899999797344208,0.2466249968856573,0.15000000596046448,2.3088324069976807,0.8980841040611267,0.12264007329940796,0.3932499885559082,/Users/tinggong/Documents/Codex/2026-07-19/holonomy-applications/work/TwistedMerge-holonomy-applications/reports/tmp/holonomy_applications/application_C_confirmatory/candidate_logits_seed_3.npz,8b05eb62854ec201bc2d1351e31c9e608cb08a7d96690d3ae658e67003fa469e,da26faa203386b91d4f226afd1dbdb6af66078e512929f9ed62d687383f260a9,18efda786f0debf2b351d2c0fa026f93618ea341,-0.4360000044107437,False,False,False
controlled_on_real_features,confirmatory,3,period2_index4,2,4,6,False,wrong_cocycle_control,4,8,9296,0,2304,1.0,8.0,4.838875029236078,320000,False,False,3.5690199240434595e-08,0.5773502588272095,0.5773502588272095,0.22499999403953552,0.22475000005215406,0.12099999934434891,2.3371527194976807,0.9006146192550659,0.08596005034632981,0.3382500112056732,/Users/tinggong/Documents/Codex/2026-07-19/holonomy-applications/work/TwistedMerge-holonomy-applications/reports/tmp/holonomy_applications/application_C_confirmatory/candidate_logits_seed_3.npz,8b05eb62854ec201bc2d1351e31c9e608cb08a7d96690d3ae658e67003fa469e,da26faa203386b91d4f226afd1dbdb6af66078e512929f9ed62d687383f260a9,18efda786f0debf2b351d2c0fa026f93618ea341,-0.46000000834465027,False,False,False
controlled_on_real_features,confirmatory,3,period2_index4,2,4,6,False,wrong_projective_representation,4,8,9296,0,2304,1.0,8.0,4.6969999093562365,320000,False,False,3.5690199240434595e-08,0.5773502588272095,0.5773502588272095,0.46299999952316284,0.2522500017657876,0.09300000220537186,1.8630627393722534,0.788166344165802,0.26162124559050426,0.3752500116825104,/Users/tinggong/Documents/Codex/2026-07-19/holonomy-applications/work/TwistedMerge-holonomy-applications/reports/tmp/holonomy_applications/application_C_confirmatory/candidate_logits_seed_3.npz,8b05eb62854ec201bc2d1351e31c9e608cb08a7d96690d3ae658e67003fa469e,da26faa203386b91d4f226afd1dbdb6af66078e512929f9ed62d687383f260a9,18efda786f0debf2b351d2c0fa026f93618ea341,-0.22200000286102295,False,False,False
controlled_on_real_features,confirmatory,3,period2_index4,2,4,6,False,ensemble_upper_bound,4,8,9296,0,2304,1.0,8.0,0.020290957763791084,320000,False,False,3.5690199240434595e-08,0.5773502588272095,0.5773502588272095,0.6850000023841858,0.6077499985694885,0.5590000152587891,0.8774382472038269,0.4297342896461487,0.06386924581602216,0.7538750171661377,/Users/tinggong/Documents/Codex/2026-07-19/holonomy-applications/work/TwistedMerge-holonomy-applications/reports/tmp/holonomy_applications/application_C_confirmatory/candidate_logits_seed_3.npz,8b05eb62854ec201bc2d1351e31c9e608cb08a7d96690d3ae658e67003fa469e,da26faa203386b91d4f226afd1dbdb6af66078e512929f9ed62d687383f260a9,18efda786f0debf2b351d2c0fa026f93618ea341,0.0,False,True,False
controlled_on_real_features,confirmatory,3,period2_index4,2,4,6,False,oracle_coherent_lift,4,8,9296,0,2304,1.0,8.0,4.1647921316325665,320000,False,False,3.5690199240434595e-08,0.5773502588272095,0.5773502588272095,0.6850000023841858,0.6077499985694885,0.5590000152587891,0.8774382472038269,0.4297342896461487,0.06386923883110285,0.7538750171661377,/Users/tinggong/Documents/Codex/2026-07-19/holonomy-applications/work/TwistedMerge-holonomy-applications/reports/tmp/holonomy_applications/application_C_confirmatory/candidate_logits_seed_3.npz,8b05eb62854ec201bc2d1351e31c9e608cb08a7d96690d3ae658e67003fa469e,da26faa203386b91d4f226afd1dbdb6af66078e512929f9ed62d687383f260a9,18efda786f0debf2b351d2c0fa026f93618ea341,0.0,False,True,False
controlled_on_real_features,confirmatory,3,period2_index4,2,4,8,True,ordinary_same_capacity,4,8,9296,0,4096,1.0,8.0,2.5528750848025084,320000,False,False,3.090862321641907e-08,0.0,3.090862321641907e-08,0.49300000071525574,0.25162500282749534,0.04600000008940697,1.8716869354248047,0.7894085645675659,0.2993321444373578,0.3973749876022339,/Users/tinggong/Documents/Codex/2026-07-19/holonomy-applications/work/TwistedMerge-holonomy-applications/reports/tmp/holonomy_applications/application_C_confirmatory/candidate_logits_seed_3.npz,8b05eb62854ec201bc2d1351e31c9e608cb08a7d96690d3ae658e67003fa469e,da26faa203386b91d4f226afd1dbdb6af66078e512929f9ed62d687383f260a9,18efda786f0debf2b351d2c0fa026f93618ea341,-0.19200000166893005,True,False,False
controlled_on_real_features,confirmatory,3,period2_index4,2,4,8,True,coherent_projective_lift,4,8,9296,0,4096,1.0,8.0,4.9602920189499855,320000,False,False,3.090862321641907e-08,0.0,3.090862321641907e-08,0.6850000023841858,0.6077499985694885,0.5590000152587891,0.8774382472038269,0.42973431944847107,0.06386922532692552,0.7538750171661377,/Users/tinggong/Documents/Codex/2026-07-19/holonomy-applications/work/TwistedMerge-holonomy-applications/reports/tmp/holonomy_applications/application_C_confirmatory/candidate_logits_seed_3.npz,8b05eb62854ec201bc2d1351e31c9e608cb08a7d96690d3ae658e67003fa469e,da26faa203386b91d4f226afd1dbdb6af66078e512929f9ed62d687383f260a9,18efda786f0debf2b351d2c0fa026f93618ea341,0.0,True,True,True
controlled_on_real_features,confirmatory,3,period2_index4,2,4,8,True,parameter_matched_generic_unitary,4,8,9296,0,4096,1.0,8.0,4.979666089639068,320000,False,False,3.090862321641907e-08,0.0,3.090862321641907e-08,0.6850000023841858,0.6077499985694885,0.5590000152587891,0.8774382472038269,0.42973431944847107,0.06386923138052225,0.7538750171661377,/Users/tinggong/Documents/Codex/2026-07-19/holonomy-applications/work/TwistedMerge-holonomy-applications/reports/tmp/holonomy_applications/application_C_confirmatory/candidate_logits_seed_3.npz,8b05eb62854ec201bc2d1351e31c9e608cb08a7d96690d3ae658e67003fa469e,da26faa203386b91d4f226afd1dbdb6af66078e512929f9ed62d687383f260a9,18efda786f0debf2b351d2c0fa026f93618ea341,0.0,True,True,False
controlled_on_real_features,confirmatory,3,period2_index4,2,4,8,True,random_branch_control,4,8,9296,0,4096,1.0,8.0,4.943457897752523,320000,False,False,3.090862321641907e-08,0.0,3.090862321641907e-08,0.09700000286102295,0.18675000313669443,0.10300000011920929,2.3367011547088623,0.9064357280731201,0.015786252915859222,0.33799999952316284,/Users/tinggong/Documents/Codex/2026-07-19/holonomy-applications/work/TwistedMerge-holonomy-applications/reports/tmp/holonomy_applications/application_C_confirmatory/candidate_logits_seed_3.npz,8b05eb62854ec201bc2d1351e31c9e608cb08a7d96690d3ae658e67003fa469e,da26faa203386b91d4f226afd1dbdb6af66078e512929f9ed62d687383f260a9,18efda786f0debf2b351d2c0fa026f93618ea341,-0.5879999995231628,True,False,False
controlled_on_real_features,confirmatory,3,period2_index4,2,4,8,True,wrong_cocycle_control,4,8,9296,0,4096,1.0,8.0,4.769582999870181,320000,False,False,3.090862321641907e-08,0.0,3.090862321641907e-08,0.1469999998807907,0.1752500031143427,0.11100000143051147,2.4140100479125977,0.9151596426963806,0.008339229389093816,0.3843750059604645,/Users/tinggong/Documents/Codex/2026-07-19/holonomy-applications/work/TwistedMerge-holonomy-applications/reports/tmp/holonomy_applications/application_C_confirmatory/candidate_logits_seed_3.npz,8b05eb62854ec201bc2d1351e31c9e608cb08a7d96690d3ae658e67003fa469e,da26faa203386b91d4f226afd1dbdb6af66078e512929f9ed62d687383f260a9,18efda786f0debf2b351d2c0fa026f93618ea341,-0.5380000025033951,True,False,False
controlled_on_real_features,confirmatory,3,period2_index4,2,4,8,True,wrong_projective_representation,4,8,9296,0,4096,1.0,8.0,4.892332945019007,320000,False,False,3.090862321641907e-08,0.0,3.090862321641907e-08,0.5830000042915344,0.2965000020340085,0.10700000077486038,1.7095186710357666,0.7439340949058533,0.3700238550081849,0.3919999897480011,/Users/tinggong/Documents/Codex/2026-07-19/holonomy-applications/work/TwistedMerge-holonomy-applications/reports/tmp/holonomy_applications/application_C_confirmatory/candidate_logits_seed_3.npz,8b05eb62854ec201bc2d1351e31c9e608cb08a7d96690d3ae658e67003fa469e,da26faa203386b91d4f226afd1dbdb6af66078e512929f9ed62d687383f260a9,18efda786f0debf2b351d2c0fa026f93618ea341,-0.10199999809265137,True,False,False
controlled_on_real_features,confirmatory,3,period2_index4,2,4,8,True,ensemble_upper_bound,4,8,9296,0,4096,1.0,8.0,0.02391589805483818,320000,False,False,3.090862321641907e-08,0.0,3.090862321641907e-08,0.6850000023841858,0.6077499985694885,0.5590000152587891,0.8774382472038269,0.4297342896461487,0.06386924581602216,0.7538750171661377,/Users/tinggong/Documents/Codex/2026-07-19/holonomy-applications/work/TwistedMerge-holonomy-applications/reports/tmp/holonomy_applications/application_C_confirmatory/candidate_logits_seed_3.npz,8b05eb62854ec201bc2d1351e31c9e608cb08a7d96690d3ae658e67003fa469e,da26faa203386b91d4f226afd1dbdb6af66078e512929f9ed62d687383f260a9,18efda786f0debf2b351d2c0fa026f93618ea341,0.0,True,True,False
controlled_on_real_features,confirmatory,3,period2_index4,2,4,8,True,oracle_coherent_lift,4,8,9296,0,4096,1.0,8.0,4.123250022530556,320000,False,False,3.090862321641907e-08,0.0,3.090862321641907e-08,0.6850000023841858,0.6077499985694885,0.5590000152587891,0.8774382472038269,0.4297342896461487,0.06386923883110285,0.7538750171661377,/Users/tinggong/Documents/Codex/2026-07-19/holonomy-applications/work/TwistedMerge-holonomy-applications/reports/tmp/holonomy_applications/application_C_confirmatory/candidate_logits_seed_3.npz,8b05eb62854ec201bc2d1351e31c9e608cb08a7d96690d3ae658e67003fa469e,da26faa203386b91d4f226afd1dbdb6af66078e512929f9ed62d687383f260a9,18efda786f0debf2b351d2c0fa026f93618ea341,0.0,True,True,False
controlled_on_real_features,confirmatory,3,period3_index3,3,3,1,False,ordinary_same_capacity,4,8,9296,0,64,1.0,8.0,0.7296248804777861,320000,False,False,0.0,1.0,1.0,0.6769999861717224,0.2911250004544854,0.10000000149011612,1.2878581285476685,0.5918423533439636,0.3364510729443282,0.6623749732971191,/Users/tinggong/Documents/Codex/2026-07-19/holonomy-applications/work/TwistedMerge-holonomy-applications/reports/tmp/holonomy_applications/application_C_confirmatory/candidate_logits_seed_3.npz,8b05eb62854ec201bc2d1351e31c9e608cb08a7d96690d3ae658e67003fa469e,da26faa203386b91d4f226afd1dbdb6af66078e512929f9ed62d687383f260a9,18efda786f0debf2b351d2c0fa026f93618ea341,-0.008000016212463379,False,False,False
controlled_on_real_features,confirmatory,3,period3_index3,3,3,1,False,coherent_projective_lift,4,8,9296,0,64,1.0,8.0,1.0097080375999212,320000,False,False,0.0,1.0,1.0,0.6769999861717224,0.2911250004544854,0.10000000149011612,1.2878581285476685,0.5918423533439636,0.3364510729443282,0.6623749732971191,/Users/tinggong/Documents/Codex/2026-07-19/holonomy-applications/work/TwistedMerge-holonomy-applications/reports/tmp/holonomy_applications/application_C_confirmatory/candidate_logits_seed_3.npz,8b05eb62854ec201bc2d1351e31c9e608cb08a7d96690d3ae658e67003fa469e,da26faa203386b91d4f226afd1dbdb6af66078e512929f9ed62d687383f260a9,18efda786f0debf2b351d2c0fa026f93618ea341,-0.008000016212463379,False,False,False
controlled_on_real_features,confirmatory,3,period3_index3,3,3,1,False,parameter_matched_generic_unitary,4,8,9296,0,64,1.0,8.0,0.9851250797510147,320000,False,False,0.0,1.0,1.0,0.6850000023841858,0.6077499985694885,0.5590000152587891,0.8774382472038269,0.4297342896461487,0.06386922160163522,0.7538750171661377,/Users/tinggong/Documents/Codex/2026-07-19/holonomy-applications/work/TwistedMerge-holonomy-applications/reports/tmp/holonomy_applications/application_C_confirmatory/candidate_logits_seed_3.npz,8b05eb62854ec201bc2d1351e31c9e608cb08a7d96690d3ae658e67003fa469e,da26faa203386b91d4f226afd1dbdb6af66078e512929f9ed62d687383f260a9,18efda786f0debf2b351d2c0fa026f93618ea341,0.0,False,True,False
controlled_on_real_features,confirmatory,3,period3_index3,3,3,1,False,random_branch_control,4,8,9296,0,64,1.0,8.0,0.9669158607721329,320000,False,False,0.0,1.0,1.0,0.5899999737739563,0.16124999802559614,0.10000000149011612,1.903032660484314,0.8054015040397644,0.42629227391444147,0.8867499828338623,/Users/tinggong/Documents/Codex/2026-07-19/holonomy-applications/work/TwistedMerge-holonomy-applications/reports/tmp/holonomy_applications/application_C_confirmatory/candidate_logits_seed_3.npz,8b05eb62854ec201bc2d1351e31c9e608cb08a7d96690d3ae658e67003fa469e,da26faa203386b91d4f226afd1dbdb6af66078e512929f9ed62d687383f260a9,18efda786f0debf2b351d2c0fa026f93618ea341,-0.09500002861022949,False,False,False
controlled_on_real_features,confirmatory,3,period3_index3,3,3,1,False,wrong_cocycle_control,4,8,9296,0,64,1.0,8.0,0.9995829313993454,320000,False,False,0.0,1.0,1.0,0.6150000095367432,0.21862499974668026,0.10000000149011612,1.5954357385635376,0.7104187607765198,0.37559493992011994,0.7749999761581421,/Users/tinggong/Documents/Codex/2026-07-19/holonomy-applications/work/TwistedMerge-holonomy-applications/reports/tmp/holonomy_applications/application_C_confirmatory/candidate_logits_seed_3.npz,8b05eb62854ec201bc2d1351e31c9e608cb08a7d96690d3ae658e67003fa469e,da26faa203386b91d4f226afd1dbdb6af66078e512929f9ed62d687383f260a9,18efda786f0debf2b351d2c0fa026f93618ea341,-0.06999999284744263,False,False,False
controlled_on_real_features,confirmatory,3,period3_index3,3,3,1,False,wrong_projective_representation,4,8,9296,0,64,1.0,8.0,1.0105420369654894,320000,False,False,0.0,1.0,1.0,0.6779999732971191,0.2337499987334013,0.10000000149011612,1.499167799949646,0.6726552844047546,0.4182477435970213,0.7741249799728394,/Users/tinggong/Documents/Codex/2026-07-19/holonomy-applications/work/TwistedMerge-holonomy-applications/reports/tmp/holonomy_applications/application_C_confirmatory/candidate_logits_seed_3.npz,8b05eb62854ec201bc2d1351e31c9e608cb08a7d96690d3ae658e67003fa469e,da26faa203386b91d4f226afd1dbdb6af66078e512929f9ed62d687383f260a9,18efda786f0debf2b351d2c0fa026f93618ea341,-0.00700002908706665,False,False,False
controlled_on_real_features,confirmatory,3,period3_index3,3,3,1,False,ensemble_upper_bound,4,8,9296,0,64,1.0,8.0,0.05037500523030758,320000,False,False,0.0,1.0,1.0,0.6850000023841858,0.6077499985694885,0.5590000152587891,0.8774382472038269,0.4297342896461487,0.06386924581602216,0.7538750171661377,/Users/tinggong/Documents/Codex/2026-07-19/holonomy-applications/work/TwistedMerge-holonomy-applications/reports/tmp/holonomy_applications/application_C_confirmatory/candidate_logits_seed_3.npz,8b05eb62854ec201bc2d1351e31c9e608cb08a7d96690d3ae658e67003fa469e,da26faa203386b91d4f226afd1dbdb6af66078e512929f9ed62d687383f260a9,18efda786f0debf2b351d2c0fa026f93618ea341,0.0,False,True,False
controlled_on_real_features,confirmatory,3,period3_index3,3,3,1,False,oracle_coherent_lift,4,8,9296,0,64,1.0,8.0,4.193249857053161,320000,False,False,0.0,1.0,1.0,0.6850000023841858,0.6077499985694885,0.5590000152587891,0.8774382472038269,0.42973431944847107,0.06386923510581255,0.7538750171661377,/Users/tinggong/Documents/Codex/2026-07-19/holonomy-applications/work/TwistedMerge-holonomy-applications/reports/tmp/holonomy_applications/application_C_confirmatory/candidate_logits_seed_3.npz,8b05eb62854ec201bc2d1351e31c9e608cb08a7d96690d3ae658e67003fa469e,da26faa203386b91d4f226afd1dbdb6af66078e512929f9ed62d687383f260a9,18efda786f0debf2b351d2c0fa026f93618ea341,0.0,False,True,False
controlled_on_real_features,confirmatory,3,period3_index3,3,3,2,False,ordinary_same_capacity,4,8,9296,0,256,1.0,8.0,1.3681668788194656,320000,False,False,0.0,1.0,1.0,0.45399999618530273,0.2553750015795231,0.10000000149011612,1.6881836652755737,0.7306265830993652,0.19213127886177972,0.41324999928474426,/Users/tinggong/Documents/Codex/2026-07-19/holonomy-applications/work/TwistedMerge-holonomy-applications/reports/tmp/holonomy_applications/application_C_confirmatory/candidate_logits_seed_3.npz,8b05eb62854ec201bc2d1351e31c9e608cb08a7d96690d3ae658e67003fa469e,da26faa203386b91d4f226afd1dbdb6af66078e512929f9ed62d687383f260a9,18efda786f0debf2b351d2c0fa026f93618ea341,-0.23100000619888306,False,False,False
controlled_on_real_features,confirmatory,3,period3_index3,3,3,2,False,coherent_projective_lift,4,8,9296,0,256,1.0,8.0,3.5000420175492764,320000,False,False,0.0,1.0,1.0,0.6309999823570251,0.4162499960511923,0.10000000149011612,1.120854139328003,0.5380547046661377,0.16795630269916728,0.5659999847412109,/Users/tinggong/Documents/Codex/2026-07-19/holonomy-applications/work/TwistedMerge-holonomy-applications/reports/tmp/holonomy_applications/application_C_confirmatory/candidate_logits_seed_3.npz,8b05eb62854ec201bc2d1351e31c9e608cb08a7d96690d3ae658e67003fa469e,da26faa203386b91d4f226afd1dbdb6af66078e512929f9ed62d687383f260a9,18efda786f0debf2b351d2c0fa026f93618ea341,-0.054000020027160645,False,False,False
controlled_on_real_features,confirmatory,3,period3_index3,3,3,2,False,parameter_matched_generic_unitary,4,8,9296,0,256,1.0,8.0,3.4668331500142813,320000,False,False,0.0,1.0,1.0,0.6850000023841858,0.6077499985694885,0.5590000152587891,0.8774382472038269,0.42973431944847107,0.06386924954131246,0.7538750171661377,/Users/tinggong/Documents/Codex/2026-07-19/holonomy-applications/work/TwistedMerge-holonomy-applications/reports/tmp/holonomy_applications/application_C_confirmatory/candidate_logits_seed_3.npz,8b05eb62854ec201bc2d1351e31c9e608cb08a7d96690d3ae658e67003fa469e,da26faa203386b91d4f226afd1dbdb6af66078e512929f9ed62d687383f260a9,18efda786f0debf2b351d2c0fa026f93618ea341,0.0,False,True,False
controlled_on_real_features,confirmatory,3,period3_index3,3,3,2,False,random_branch_control,4,8,9296,0,256,1.0,8.0,3.490000031888485,320000,False,False,0.0,1.0,1.0,0.3310000002384186,0.1685000006109476,0.10000000149011612,2.2028696537017822,0.8723694086074829,0.18651771545410156,0.5377500057220459,/Users/tinggong/Documents/Codex/2026-07-19/holonomy-applications/work/TwistedMerge-holonomy-applications/reports/tmp/holonomy_applications/application_C_confirmatory/candidate_logits_seed_3.npz,8b05eb62854ec201bc2d1351e31c9e608cb08a7d96690d3ae658e67003fa469e,da26faa203386b91d4f226afd1dbdb6af66078e512929f9ed62d687383f260a9,18efda786f0debf2b351d2c0fa026f93618ea341,-0.3540000021457672,False,False,False
controlled_on_real_features,confirmatory,3,period3_index3,3,3,2,False,wrong_cocycle_control,4,8,9296,0,256,1.0,8.0,3.445874899625778,320000,False,False,0.0,1.0,1.0,0.35100001096725464,0.1743750013411045,0.10000000149011612,2.1189327239990234,0.8462116122245789,0.1716535757877864,0.5648750066757202,/Users/tinggong/Documents/Codex/2026-07-19/holonomy-applications/work/TwistedMerge-holonomy-applications/reports/tmp/holonomy_applications/application_C_confirmatory/candidate_logits_seed_3.npz,8b05eb62854ec201bc2d1351e31c9e608cb08a7d96690d3ae658e67003fa469e,da26faa203386b91d4f226afd1dbdb6af66078e512929f9ed62d687383f260a9,18efda786f0debf2b351d2c0fa026f93618ea341,-0.33399999141693115,False,False,False
controlled_on_real_features,confirmatory,3,period3_index3,3,3,2,False,wrong_projective_representation,4,8,9296,0,256,1.0,8.0,3.44641599804163,320000,False,False,0.0,1.0,1.0,0.6060000061988831,0.30875000258674845,0.004000000189989805,1.5135159492492676,0.6784034371376038,0.3214508432429284,0.4556249976158142,/Users/tinggong/Documents/Codex/2026-07-19/holonomy-applications/work/TwistedMerge-holonomy-applications/reports/tmp/holonomy_applications/application_C_confirmatory/candidate_logits_seed_3.npz,8b05eb62854ec201bc2d1351e31c9e608cb08a7d96690d3ae658e67003fa469e,da26faa203386b91d4f226afd1dbdb6af66078e512929f9ed62d687383f260a9,18efda786f0debf2b351d2c0fa026f93618ea341,-0.07899999618530273,False,False,False
controlled_on_real_features,confirmatory,3,period3_index3,3,3,2,False,ensemble_upper_bound,4,8,9296,0,256,1.0,8.0,0.049208058044314384,320000,False,False,0.0,1.0,1.0,0.6850000023841858,0.6077499985694885,0.5590000152587891,0.8774382472038269,0.4297342896461487,0.06386924581602216,0.7538750171661377,/Users/tinggong/Documents/Codex/2026-07-19/holonomy-applications/work/TwistedMerge-holonomy-applications/reports/tmp/holonomy_applications/application_C_confirmatory/candidate_logits_seed_3.npz,8b05eb62854ec201bc2d1351e31c9e608cb08a7d96690d3ae658e67003fa469e,da26faa203386b91d4f226afd1dbdb6af66078e512929f9ed62d687383f260a9,18efda786f0debf2b351d2c0fa026f93618ea341,0.0,False,True,False
controlled_on_real_features,confirmatory,3,period3_index3,3,3,2,False,oracle_coherent_lift,4,8,9296,0,256,1.0,8.0,4.172250162810087,320000,False,False,0.0,1.0,1.0,0.6850000023841858,0.6077499985694885,0.5590000152587891,0.8774382472038269,0.42973431944847107,0.06386923510581255,0.7538750171661377,/Users/tinggong/Documents/Codex/2026-07-19/holonomy-applications/work/TwistedMerge-holonomy-applications/reports/tmp/holonomy_applications/application_C_confirmatory/candidate_logits_seed_3.npz,8b05eb62854ec201bc2d1351e31c9e608cb08a7d96690d3ae658e67003fa469e,da26faa203386b91d4f226afd1dbdb6af66078e512929f9ed62d687383f260a9,18efda786f0debf2b351d2c0fa026f93618ea341,0.0,False,True,False
controlled_on_real_features,confirmatory,3,period3_index3,3,3,3,True,ordinary_same_capacity,4,8,9296,0,576,1.0,8.0,1.591166015714407,320000,False,False,5.960464477539063e-08,1.5389854013392323e-07,1.5389854013392323e-07,0.47099998593330383,0.2482500048354268,0.09200000017881393,1.8392482995986938,0.7792736291885376,0.2516760641010478,0.3687500059604645,/Users/tinggong/Documents/Codex/2026-07-19/holonomy-applications/work/TwistedMerge-holonomy-applications/reports/tmp/holonomy_applications/application_C_confirmatory/candidate_logits_seed_3.npz,8b05eb62854ec201bc2d1351e31c9e608cb08a7d96690d3ae658e67003fa469e,da26faa203386b91d4f226afd1dbdb6af66078e512929f9ed62d687383f260a9,18efda786f0debf2b351d2c0fa026f93618ea341,-0.21400001645088196,True,False,False
controlled_on_real_features,confirmatory,3,period3_index3,3,3,3,True,coherent_projective_lift,4,8,9296,0,576,1.0,8.0,4.116874886676669,320000,False,False,5.960464477539063e-08,1.5389854013392323e-07,1.5389854013392323e-07,0.6850000023841858,0.6077499985694885,0.5590000152587891,0.8774382472038269,0.42973431944847107,0.06386923976242542,0.7538750171661377,/Users/tinggong/Documents/Codex/2026-07-19/holonomy-applications/work/TwistedMerge-holonomy-applications/reports/tmp/holonomy_applications/application_C_confirmatory/candidate_logits_seed_3.npz,8b05eb62854ec201bc2d1351e31c9e608cb08a7d96690d3ae658e67003fa469e,da26faa203386b91d4f226afd1dbdb6af66078e512929f9ed62d687383f260a9,18efda786f0debf2b351d2c0fa026f93618ea341,0.0,True,True,True
controlled_on_real_features,confirmatory,3,period3_index3,3,3,3,True,parameter_matched_generic_unitary,4,8,9296,0,576,1.0,8.0,4.145791055634618,320000,False,False,5.960464477539063e-08,1.5389854013392323e-07,1.5389854013392323e-07,0.6850000023841858,0.6077499985694885,0.5590000152587891,0.8774382472038269,0.42973431944847107,0.06386919831857085,0.7538750171661377,/Users/tinggong/Documents/Codex/2026-07-19/holonomy-applications/work/TwistedMerge-holonomy-applications/reports/tmp/holonomy_applications/application_C_confirmatory/candidate_logits_seed_3.npz,8b05eb62854ec201bc2d1351e31c9e608cb08a7d96690d3ae658e67003fa469e,da26faa203386b91d4f226afd1dbdb6af66078e512929f9ed62d687383f260a9,18efda786f0debf2b351d2c0fa026f93618ea341,0.0,True,True,False
controlled_on_real_features,confirmatory,3,period3_index3,3,3,3,True,random_branch_control,4,8,9296,0,576,1.0,8.0,4.107082961127162,320000,False,False,5.960464477539063e-08,1.5389854013392323e-07,1.5389854013392323e-07,0.4429999887943268,0.24200000148266554,0.054999999701976776,1.859042763710022,0.7873005867004395,0.23472512743319385,0.3752500116825104,/Users/tinggong/Documents/Codex/2026-07-19/holonomy-applications/work/TwistedMerge-holonomy-applications/reports/tmp/holonomy_applications/application_C_confirmatory/candidate_logits_seed_3.npz,8b05eb62854ec201bc2d1351e31c9e608cb08a7d96690d3ae658e67003fa469e,da26faa203386b91d4f226afd1dbdb6af66078e512929f9ed62d687383f260a9,18efda786f0debf2b351d2c0fa026f93618ea341,-0.242000013589859,True,False,False
controlled_on_real_features,confirmatory,3,period3_index3,3,3,3,True,wrong_cocycle_control,4,8,9296,0,576,1.0,8.0,4.12366702221334,320000,False,False,5.960464477539063e-08,1.5389854013392323e-07,1.5389854013392323e-07,0.3230000138282776,0.24762500450015068,0.15600000321865082,2.1758134365081787,0.8512193560600281,0.12330772163113579,0.4339999854564667,/Users/tinggong/Documents/Codex/2026-07-19/holonomy-applications/work/TwistedMerge-holonomy-applications/reports/tmp/holonomy_applications/application_C_confirmatory/candidate_logits_seed_3.npz,8b05eb62854ec201bc2d1351e31c9e608cb08a7d96690d3ae658e67003fa469e,da26faa203386b91d4f226afd1dbdb6af66078e512929f9ed62d687383f260a9,18efda786f0debf2b351d2c0fa026f93618ea341,-0.3619999885559082,True,False,False
controlled_on_real_features,confirmatory,3,period3_index3,3,3,3,True,wrong_projective_representation,4,8,9296,0,576,1.0,8.0,4.120375029742718,320000,False,False,5.960464477539063e-08,1.5389854013392323e-07,1.5389854013392323e-07,0.5509999990463257,0.3521250013145618,0.003000000026077032,1.5879098176956177,0.7021304965019226,0.2857284470992454,0.47062501311302185,/Users/tinggong/Documents/Codex/2026-07-19/holonomy-applications/work/TwistedMerge-holonomy-applications/reports/tmp/holonomy_applications/application_C_confirmatory/candidate_logits_seed_3.npz,8b05eb62854ec201bc2d1351e31c9e608cb08a7d96690d3ae658e67003fa469e,da26faa203386b91d4f226afd1dbdb6af66078e512929f9ed62d687383f260a9,18efda786f0debf2b351d2c0fa026f93618ea341,-0.1340000033378601,True,False,False
controlled_on_real_features,confirmatory,3,period3_index3,3,3,3,True,ensemble_upper_bound,4,8,9296,0,576,1.0,8.0,0.05341600626707077,320000,False,False,5.960464477539063e-08,1.5389854013392323e-07,1.5389854013392323e-07,0.6850000023841858,0.6077499985694885,0.5590000152587891,0.8774382472038269,0.4297342896461487,0.06386924581602216,0.7538750171661377,/Users/tinggong/Documents/Codex/2026-07-19/holonomy-applications/work/TwistedMerge-holonomy-applications/reports/tmp/holonomy_applications/application_C_confirmatory/candidate_logits_seed_3.npz,8b05eb62854ec201bc2d1351e31c9e608cb08a7d96690d3ae658e67003fa469e,da26faa203386b91d4f226afd1dbdb6af66078e512929f9ed62d687383f260a9,18efda786f0debf2b351d2c0fa026f93618ea341,0.0,True,True,False
controlled_on_real_features,confirmatory,3,period3_index3,3,3,3,True,oracle_coherent_lift,4,8,9296,0,576,1.0,8.0,4.115917021408677,320000,False,False,5.960464477539063e-08,1.5389854013392323e-07,1.5389854013392323e-07,0.6850000023841858,0.6077499985694885,0.5590000152587891,0.8774382472038269,0.42973431944847107,0.06386923510581255,0.7538750171661377,/Users/tinggong/Documents/Codex/2026-07-19/holonomy-applications/work/TwistedMerge-holonomy-applications/reports/tmp/holonomy_applications/application_C_confirmatory/candidate_logits_seed_3.npz,8b05eb62854ec201bc2d1351e31c9e608cb08a7d96690d3ae658e67003fa469e,da26faa203386b91d4f226afd1dbdb6af66078e512929f9ed62d687383f260a9,18efda786f0debf2b351d2c0fa026f93618ea341,0.0,True,True,False
controlled_on_real_features,confirmatory,3,period3_index3,3,3,4,False,ordinary_same_capacity,4,8,9296,0,1024,1.0,8.0,1.9452499691396952,320000,False,False,5.161913918527716e-08,0.5,0.5,0.6119999885559082,0.33125000074505806,0.17000000178813934,1.4803506135940552,0.6673056483268738,0.33004598166735377,0.41999998688697815,/Users/tinggong/Documents/Codex/2026-07-19/holonomy-applications/work/TwistedMerge-holonomy-applications/reports/tmp/holonomy_applications/application_C_confirmatory/candidate_logits_seed_3.npz,8b05eb62854ec201bc2d1351e31c9e608cb08a7d96690d3ae658e67003fa469e,da26faa203386b91d4f226afd1dbdb6af66078e512929f9ed62d687383f260a9,18efda786f0debf2b351d2c0fa026f93618ea341,-0.07300001382827759,False,False,False
controlled_on_real_features,confirmatory,3,period3_index3,3,3,4,False,coherent_projective_lift,4,8,9296,0,1024,1.0,8.0,4.191915970295668,320000,False,False,5.161913918527716e-08,0.5,0.5,0.652999997138977,0.5555000007152557,0.5040000081062317,0.9645313620567322,0.47395384311676025,0.06919046526309103,0.7296249866485596,/Users/tinggong/Documents/Codex/2026-07-19/holonomy-applications/work/TwistedMerge-holonomy-applications/reports/tmp/holonomy_applications/application_C_confirmatory/candidate_logits_seed_3.npz,8b05eb62854ec201bc2d1351e31c9e608cb08a7d96690d3ae658e67003fa469e,da26faa203386b91d4f226afd1dbdb6af66078e512929f9ed62d687383f260a9,18efda786f0debf2b351d2c0fa026f93618ea341,-0.03200000524520874,False,False,False
controlled_on_real_features,confirmatory,3,period3_index3,3,3,4,False,parameter_matched_generic_unitary,4,8,9296,0,1024,1.0,8.0,4.187457961961627,320000,False,False,5.161913918527716e-08,0.5,0.5,0.6850000023841858,0.6077499985694885,0.5590000152587891,0.8774382472038269,0.42973431944847107,0.06386923510581255,0.7538750171661377,/Users/tinggong/Documents/Codex/2026-07-19/holonomy-applications/work/TwistedMerge-holonomy-applications/reports/tmp/holonomy_applications/application_C_confirmatory/candidate_logits_seed_3.npz,8b05eb62854ec201bc2d1351e31c9e608cb08a7d96690d3ae658e67003fa469e,da26faa203386b91d4f226afd1dbdb6af66078e512929f9ed62d687383f260a9,18efda786f0debf2b351d2c0fa026f93618ea341,0.0,False,True,False
controlled_on_real_features,confirmatory,3,period3_index3,3,3,4,False,random_branch_control,4,8,9296,0,1024,1.0,8.0,4.140249919146299,320000,False,False,5.161913918527716e-08,0.5,0.5,0.43799999356269836,0.257874995470047,0.16699999570846558,2.001296043395996,0.8232930302619934,0.25972880321205594,0.3852500021457672,/Users/tinggong/Documents/Codex/2026-07-19/holonomy-applications/work/TwistedMerge-holonomy-applications/reports/tmp/holonomy_applications/application_C_confirmatory/candidate_logits_seed_3.npz,8b05eb62854ec201bc2d1351e31c9e608cb08a7d96690d3ae658e67003fa469e,da26faa203386b91d4f226afd1dbdb6af66078e512929f9ed62d687383f260a9,18efda786f0debf2b351d2c0fa026f93618ea341,-0.24700000882148743,False,False,False
controlled_on_real_features,confirmatory,3,period3_index3,3,3,4,False,wrong_cocycle_control,4,8,9296,0,1024,1.0,8.0,4.157917108386755,320000,False,False,5.161913918527716e-08,0.5,0.5,0.5009999871253967,0.2908749971538782,0.17399999499320984,1.7901746034622192,0.7680934071540833,0.2943878013174981,0.4137499928474426,/Users/tinggong/Documents/Codex/2026-07-19/holonomy-applications/work/TwistedMerge-holonomy-applications/reports/tmp/holonomy_applications/application_C_confirmatory/candidate_logits_seed_3.npz,8b05eb62854ec201bc2d1351e31c9e608cb08a7d96690d3ae658e67003fa469e,da26faa203386b91d4f226afd1dbdb6af66078e512929f9ed62d687383f260a9,18efda786f0debf2b351d2c0fa026f93618ea341,-0.18400001525878906,False,False,False
controlled_on_real_features,confirmatory,3,period3_index3,3,3,4,False,wrong_projective_representation,4,8,9296,0,1024,1.0,8.0,4.175165900960565,320000,False,False,5.161913918527716e-08,0.5,0.5,0.6140000224113464,0.33375000208616257,0.0949999988079071,1.5367072820663452,0.6799852252006531,0.3481585331901442,0.42625001072883606,/Users/tinggong/Documents/Codex/2026-07-19/holonomy-applications/work/TwistedMerge-holonomy-applications/reports/tmp/holonomy_applications/application_C_confirmatory/candidate_logits_seed_3.npz,8b05eb62854ec201bc2d1351e31c9e608cb08a7d96690d3ae658e67003fa469e,da26faa203386b91d4f226afd1dbdb6af66078e512929f9ed62d687383f260a9,18efda786f0debf2b351d2c0fa026f93618ea341,-0.07099997997283936,False,False,False
controlled_on_real_features,confirmatory,3,period3_index3,3,3,4,False,ensemble_upper_bound,4,8,9296,0,1024,1.0,8.0,0.019165920093655586,320000,False,False,5.161913918527716e-08,0.5,0.5,0.6850000023841858,0.6077499985694885,0.5590000152587891,0.8774382472038269,0.4297342896461487,0.06386924581602216,0.7538750171661377,/Users/tinggong/Documents/Codex/2026-07-19/holonomy-applications/work/TwistedMerge-holonomy-applications/reports/tmp/holonomy_applications/application_C_confirmatory/candidate_logits_seed_3.npz,8b05eb62854ec201bc2d1351e31c9e608cb08a7d96690d3ae658e67003fa469e,da26faa203386b91d4f226afd1dbdb6af66078e512929f9ed62d687383f260a9,18efda786f0debf2b351d2c0fa026f93618ea341,0.0,False,True,False
controlled_on_real_features,confirmatory,3,period3_index3,3,3,4,False,oracle_coherent_lift,4,8,9296,0,1024,1.0,8.0,4.122874932363629,320000,False,False,5.161913918527716e-08,0.5,0.5,0.6850000023841858,0.6077499985694885,0.5590000152587891,0.8774382472038269,0.42973431944847107,0.06386923510581255,0.7538750171661377,/Users/tinggong/Documents/Codex/2026-07-19/holonomy-applications/work/TwistedMerge-holonomy-applications/reports/tmp/holonomy_applications/application_C_confirmatory/candidate_logits_seed_3.npz,8b05eb62854ec201bc2d1351e31c9e608cb08a7d96690d3ae658e67003fa469e,da26faa203386b91d4f226afd1dbdb6af66078e512929f9ed62d687383f260a9,18efda786f0debf2b351d2c0fa026f93618ea341,0.0,False,True,False
controlled_on_real_features,confirmatory,3,period3_index3,3,3,6,True,ordinary_same_capacity,4,8,9296,0,2304,1.0,8.0,2.3287502117455006,320000,False,False,4.2146844236867764e-08,1.5389852592306852e-07,1.5389852592306852e-07,0.4490000009536743,0.2209999996703118,0.01600000075995922,1.868544578552246,0.7864006161689758,0.2354532857425511,0.3621250092983246,/Users/tinggong/Documents/Codex/2026-07-19/holonomy-applications/work/TwistedMerge-holonomy-applications/reports/tmp/holonomy_applications/application_C_confirmatory/candidate_logits_seed_3.npz,8b05eb62854ec201bc2d1351e31c9e608cb08a7d96690d3ae658e67003fa469e,da26faa203386b91d4f226afd1dbdb6af66078e512929f9ed62d687383f260a9,18efda786f0debf2b351d2c0fa026f93618ea341,-0.23600000143051147,True,False,False
controlled_on_real_features,confirmatory,3,period3_index3,3,3,6,True,coherent_projective_lift,4,8,9296,0,2304,1.0,8.0,4.763250006362796,320000,False,False,4.2146844236867764e-08,1.5389852592306852e-07,1.5389852592306852e-07,0.6850000023841858,0.6077499985694885,0.5590000152587891,0.8774382472038269,0.42973431944847107,0.06386923836544156,0.7538750171661377,/Users/tinggong/Documents/Codex/2026-07-19/holonomy-applications/work/TwistedMerge-holonomy-applications/reports/tmp/holonomy_applications/application_C_confirmatory/candidate_logits_seed_3.npz,8b05eb62854ec201bc2d1351e31c9e608cb08a7d96690d3ae658e67003fa469e,da26faa203386b91d4f226afd1dbdb6af66078e512929f9ed62d687383f260a9,18efda786f0debf2b351d2c0fa026f93618ea341,0.0,True,True,True
controlled_on_real_features,confirmatory,3,period3_index3,3,3,6,True,parameter_matched_generic_unitary,4,8,9296,0,2304,1.0,8.0,4.758208058774471,320000,False,False,4.2146844236867764e-08,1.5389852592306852e-07,1.5389852592306852e-07,0.6850000023841858,0.6077499985694885,0.5590000152587891,0.8774382472038269,0.42973431944847107,0.06386921857483685,0.7538750171661377,/Users/tinggong/Documents/Codex/2026-07-19/holonomy-applications/work/TwistedMerge-holonomy-applications/reports/tmp/holonomy_applications/application_C_confirmatory/candidate_logits_seed_3.npz,8b05eb62854ec201bc2d1351e31c9e608cb08a7d96690d3ae658e67003fa469e,da26faa203386b91d4f226afd1dbdb6af66078e512929f9ed62d687383f260a9,18efda786f0debf2b351d2c0fa026f93618ea341,0.0,True,True,False
controlled_on_real_features,confirmatory,3,period3_index3,3,3,6,True,random_branch_control,4,8,9296,0,2304,1.0,8.0,4.7430419363081455,320000,False,False,4.2146844236867764e-08,1.5389852592306852e-07,1.5389852592306852e-07,0.04500000178813934,0.10674999898765236,0.007000000216066837,2.54909348487854,0.9410578608512878,0.10334880949812941,0.36887499690055847,/Users/tinggong/Documents/Codex/2026-07-19/holonomy-applications/work/TwistedMerge-holonomy-applications/reports/tmp/holonomy_applications/application_C_confirmatory/candidate_logits_seed_3.npz,8b05eb62854ec201bc2d1351e31c9e608cb08a7d96690d3ae658e67003fa469e,da26faa203386b91d4f226afd1dbdb6af66078e512929f9ed62d687383f260a9,18efda786f0debf2b351d2c0fa026f93618ea341,-0.6400000005960464,True,False,False
controlled_on_real_features,confirmatory,3,period3_index3,3,3,6,True,wrong_cocycle_control,4,8,9296,0,2304,1.0,8.0,4.740042146295309,320000,False,False,4.2146844236867764e-08,1.5389852592306852e-07,1.5389852592306852e-07,0.26600000262260437,0.1840000004740432,0.007000000216066837,2.260240316390991,0.8838636875152588,0.11827062163501978,0.35112500190734863,/Users/tinggong/Documents/Codex/2026-07-19/holonomy-applications/work/TwistedMerge-holonomy-applications/reports/tmp/holonomy_applications/application_C_confirmatory/candidate_logits_seed_3.npz,8b05eb62854ec201bc2d1351e31c9e608cb08a7d96690d3ae658e67003fa469e,da26faa203386b91d4f226afd1dbdb6af66078e512929f9ed62d687383f260a9,18efda786f0debf2b351d2c0fa026f93618ea341,-0.4189999997615814,True,False,False
controlled_on_real_features,confirmatory,3,period3_index3,3,3,6,True,wrong_projective_representation,4,8,9296,0,2304,1.0,8.0,4.740583011880517,320000,False,False,4.2146844236867764e-08,1.5389852592306852e-07,1.5389852592306852e-07,0.6399999856948853,0.3546250017825514,0.020999999716877937,1.5139105319976807,0.6722082495689392,0.37367490414180793,0.4307500123977661,/Users/tinggong/Documents/Codex/2026-07-19/holonomy-applications/work/TwistedMerge-holonomy-applications/reports/tmp/holonomy_applications/application_C_confirmatory/candidate_logits_seed_3.npz,8b05eb62854ec201bc2d1351e31c9e608cb08a7d96690d3ae658e67003fa469e,da26faa203386b91d4f226afd1dbdb6af66078e512929f9ed62d687383f260a9,18efda786f0debf2b351d2c0fa026f93618ea341,-0.04500001668930054,True,False,False
controlled_on_real_features,confirmatory,3,period3_index3,3,3,6,True,ensemble_upper_bound,4,8,9296,0,2304,1.0,8.0,0.02008303999900818,320000,False,False,4.2146844236867764e-08,1.5389852592306852e-07,1.5389852592306852e-07,0.6850000023841858,0.6077499985694885,0.5590000152587891,0.8774382472038269,0.4297342896461487,0.06386924581602216,0.7538750171661377,/Users/tinggong/Documents/Codex/2026-07-19/holonomy-applications/work/TwistedMerge-holonomy-applications/reports/tmp/holonomy_applications/application_C_confirmatory/candidate_logits_seed_3.npz,8b05eb62854ec201bc2d1351e31c9e608cb08a7d96690d3ae658e67003fa469e,da26faa203386b91d4f226afd1dbdb6af66078e512929f9ed62d687383f260a9,18efda786f0debf2b351d2c0fa026f93618ea341,0.0,True,True,False
controlled_on_real_features,confirmatory,3,period3_index3,3,3,6,True,oracle_coherent_lift,4,8,9296,0,2304,1.0,8.0,4.099040990695357,320000,False,False,4.2146844236867764e-08,1.5389852592306852e-07,1.5389852592306852e-07,0.6850000023841858,0.6077499985694885,0.5590000152587891,0.8774382472038269,0.42973431944847107,0.06386923510581255,0.7538750171661377,/Users/tinggong/Documents/Codex/2026-07-19/holonomy-applications/work/TwistedMerge-holonomy-applications/reports/tmp/holonomy_applications/application_C_confirmatory/candidate_logits_seed_3.npz,8b05eb62854ec201bc2d1351e31c9e608cb08a7d96690d3ae658e67003fa469e,da26faa203386b91d4f226afd1dbdb6af66078e512929f9ed62d687383f260a9,18efda786f0debf2b351d2c0fa026f93618ea341,0.0,True,True,False
controlled_on_real_features,confirmatory,4,period2_index2,2,2,1,False,ordinary_same_capacity,4,8,9296,0,64,1.0,8.0,0.8885420393198729,320000,False,False,0.0,1.0,1.0,0.6740000247955322,0.23175000213086605,0.10000000149011612,1.4972681999206543,0.6720860600471497,0.41329502005828544,0.7733749747276306,/Users/tinggong/Documents/Codex/2026-07-19/holonomy-applications/work/TwistedMerge-holonomy-applications/reports/tmp/holonomy_applications/application_C_confirmatory/candidate_logits_seed_4.npz,ec9bbf3d5bafb04ed708528c5afac08ebabe926bd919a36c9ba2fada08c8e78a,17a34bddebb5859fe5d97cdf10327f3707c8952f107ec1b5a8749811ac1ef191,18efda786f0debf2b351d2c0fa026f93618ea341,-0.014999985694885254,False,False,False
controlled_on_real_features,confirmatory,4,period2_index2,2,2,1,False,coherent_projective_lift,4,8,9296,0,64,1.0,8.0,1.0448340326547623,320000,False,False,0.0,1.0,1.0,0.6740000247955322,0.23175000213086605,0.10000000149011612,1.4972681999206543,0.6720860600471497,0.41329502005828544,0.7733749747276306,/Users/tinggong/Documents/Codex/2026-07-19/holonomy-applications/work/TwistedMerge-holonomy-applications/reports/tmp/holonomy_applications/application_C_confirmatory/candidate_logits_seed_4.npz,ec9bbf3d5bafb04ed708528c5afac08ebabe926bd919a36c9ba2fada08c8e78a,17a34bddebb5859fe5d97cdf10327f3707c8952f107ec1b5a8749811ac1ef191,18efda786f0debf2b351d2c0fa026f93618ea341,-0.014999985694885254,False,False,False
controlled_on_real_features,confirmatory,4,period2_index2,2,2,1,False,parameter_matched_generic_unitary,4,8,9296,0,64,1.0,8.0,0.9923339821398258,320000,False,False,0.0,1.0,1.0,0.6890000104904175,0.6053749993443489,0.5540000200271606,0.8756832480430603,0.4299789071083069,0.06192049166565994,0.753125011920929,/Users/tinggong/Documents/Codex/2026-07-19/holonomy-applications/work/TwistedMerge-holonomy-applications/reports/tmp/holonomy_applications/application_C_confirmatory/candidate_logits_seed_4.npz,ec9bbf3d5bafb04ed708528c5afac08ebabe926bd919a36c9ba2fada08c8e78a,17a34bddebb5859fe5d97cdf10327f3707c8952f107ec1b5a8749811ac1ef191,18efda786f0debf2b351d2c0fa026f93618ea341,0.0,False,True,False
controlled_on_real_features,confirmatory,4,period2_index2,2,2,1,False,random_branch_control,4,8,9296,0,64,1.0,8.0,1.0019161272794008,320000,False,False,0.0,1.0,1.0,0.10000000149011612,0.10000000149011612,0.10000000149011612,2.3025851249694824,0.8999997973442078,1.4901161193847656e-08,1.0,/Users/tinggong/Documents/Codex/2026-07-19/holonomy-applications/work/TwistedMerge-holonomy-applications/reports/tmp/holonomy_applications/application_C_confirmatory/candidate_logits_seed_4.npz,ec9bbf3d5bafb04ed708528c5afac08ebabe926bd919a36c9ba2fada08c8e78a,17a34bddebb5859fe5d97cdf10327f3707c8952f107ec1b5a8749811ac1ef191,18efda786f0debf2b351d2c0fa026f93618ea341,-0.5890000090003014,False,False,False
controlled_on_real_features,confirmatory,4,period2_index2,2,2,1,False,wrong_cocycle_control,4,8,9296,0,64,1.0,8.0,1.0009589605033398,320000,False,False,0.0,1.0,1.0,0.10000000149011612,0.10000000149011612,0.10000000149011612,2.3025851249694824,0.8999997973442078,1.4901161193847656e-08,1.0,/Users/tinggong/Documents/Codex/2026-07-19/holonomy-applications/work/TwistedMerge-holonomy-applications/reports/tmp/holonomy_applications/application_C_confirmatory/candidate_logits_seed_4.npz,ec9bbf3d5bafb04ed708528c5afac08ebabe926bd919a36c9ba2fada08c8e78a,17a34bddebb5859fe5d97cdf10327f3707c8952f107ec1b5a8749811ac1ef191,18efda786f0debf2b351d2c0fa026f93618ea341,-0.5890000090003014,False,False,False
controlled_on_real_features,confirmatory,4,period2_index2,2,2,1,False,wrong_projective_representation,4,8,9296,0,64,1.0,8.0,1.0197500232607126,320000,False,False,0.0,1.0,1.0,0.6740000247955322,0.23175000213086605,0.10000000149011612,1.4972681999206543,0.6720860600471497,0.41329502005828544,0.7733749747276306,/Users/tinggong/Documents/Codex/2026-07-19/holonomy-applications/work/TwistedMerge-holonomy-applications/reports/tmp/holonomy_applications/application_C_confirmatory/candidate_logits_seed_4.npz,ec9bbf3d5bafb04ed708528c5afac08ebabe926bd919a36c9ba2fada08c8e78a,17a34bddebb5859fe5d97cdf10327f3707c8952f107ec1b5a8749811ac1ef191,18efda786f0debf2b351d2c0fa026f93618ea341,-0.014999985694885254,False,False,False
controlled_on_real_features,confirmatory,4,period2_index2,2,2,1,False,ensemble_upper_bound,4,8,9296,0,64,1.0,8.0,0.03691599704325199,320000,False,False,0.0,1.0,1.0,0.6890000104904175,0.6053749993443489,0.5540000200271606,0.8756832480430603,0.4299789071083069,0.06192048594675725,0.753125011920929,/Users/tinggong/Documents/Codex/2026-07-19/holonomy-applications/work/TwistedMerge-holonomy-applications/reports/tmp/holonomy_applications/application_C_confirmatory/candidate_logits_seed_4.npz,ec9bbf3d5bafb04ed708528c5afac08ebabe926bd919a36c9ba2fada08c8e78a,17a34bddebb5859fe5d97cdf10327f3707c8952f107ec1b5a8749811ac1ef191,18efda786f0debf2b351d2c0fa026f93618ea341,0.0,False,True,False
controlled_on_real_features,confirmatory,4,period2_index2,2,2,1,False,oracle_coherent_lift,4,8,9296,0,64,1.0,8.0,3.6347501445561647,320000,False,False,0.0,1.0,1.0,0.6890000104904175,0.6053749993443489,0.5540000200271606,0.8756832480430603,0.4299789071083069,0.06192051285324851,0.753125011920929,/Users/tinggong/Documents/Codex/2026-07-19/holonomy-applications/work/TwistedMerge-holonomy-applications/reports/tmp/holonomy_applications/application_C_confirmatory/candidate_logits_seed_4.npz,ec9bbf3d5bafb04ed708528c5afac08ebabe926bd919a36c9ba2fada08c8e78a,17a34bddebb5859fe5d97cdf10327f3707c8952f107ec1b5a8749811ac1ef191,18efda786f0debf2b351d2c0fa026f93618ea341,0.0,False,True,False
controlled_on_real_features,confirmatory,4,period2_index2,2,2,2,True,ordinary_same_capacity,4,8,9296,0,256,1.0,8.0,1.3552499003708363,320000,False,False,6.181724643283815e-08,0.0,6.181724643283815e-08,0.18400000035762787,0.2336249998479616,0.0020000000949949026,2.218137502670288,0.8809174299240112,0.02364177512936294,0.3082500100135803,/Users/tinggong/Documents/Codex/2026-07-19/holonomy-applications/work/TwistedMerge-holonomy-applications/reports/tmp/holonomy_applications/application_C_confirmatory/candidate_logits_seed_4.npz,ec9bbf3d5bafb04ed708528c5afac08ebabe926bd919a36c9ba2fada08c8e78a,17a34bddebb5859fe5d97cdf10327f3707c8952f107ec1b5a8749811ac1ef191,18efda786f0debf2b351d2c0fa026f93618ea341,-0.5050000101327896,True,False,False
controlled_on_real_features,confirmatory,4,period2_index2,2,2,2,True,coherent_projective_lift,4,8,9296,0,256,1.0,8.0,3.534875111654401,320000,False,False,6.181724643283815e-08,0.0,6.181724643283815e-08,0.6890000104904175,0.6053749993443489,0.5540000200271606,0.8756832480430603,0.4299789071083069,0.06192048594675725,0.753125011920929,/Users/tinggong/Documents/Codex/2026-07-19/holonomy-applications/work/TwistedMerge-holonomy-applications/reports/tmp/holonomy_applications/application_C_confirmatory/candidate_logits_seed_4.npz,ec9bbf3d5bafb04ed708528c5afac08ebabe926bd919a36c9ba2fada08c8e78a,17a34bddebb5859fe5d97cdf10327f3707c8952f107ec1b5a8749811ac1ef191,18efda786f0debf2b351d2c0fa026f93618ea341,0.0,True,True,True
controlled_on_real_features,confirmatory,4,period2_index2,2,2,2,True,parameter_matched_generic_unitary,4,8,9296,0,256,1.0,8.0,3.4962501376867294,320000,False,False,6.181724643283815e-08,0.0,6.181724643283815e-08,0.6890000104904175,0.6053749993443489,0.5540000200271606,0.8756832480430603,0.4299789071083069,0.06192048175580567,0.753125011920929,/Users/tinggong/Documents/Codex/2026-07-19/holonomy-applications/work/TwistedMerge-holonomy-applications/reports/tmp/holonomy_applications/application_C_confirmatory/candidate_logits_seed_4.npz,ec9bbf3d5bafb04ed708528c5afac08ebabe926bd919a36c9ba2fada08c8e78a,17a34bddebb5859fe5d97cdf10327f3707c8952f107ec1b5a8749811ac1ef191,18efda786f0debf2b351d2c0fa026f93618ea341,0.0,True,True,False
controlled_on_real_features,confirmatory,4,period2_index2,2,2,2,True,random_branch_control,4,8,9296,0,256,1.0,8.0,3.461542073637247,320000,False,False,6.181724643283815e-08,0.0,6.181724643283815e-08,0.03999999910593033,0.15550000121584162,0.004000000189989805,3.2024781703948975,1.0262058973312378,0.21493098977953196,0.3918749988079071,/Users/tinggong/Documents/Codex/2026-07-19/holonomy-applications/work/TwistedMerge-holonomy-applications/reports/tmp/holonomy_applications/application_C_confirmatory/candidate_logits_seed_4.npz,ec9bbf3d5bafb04ed708528c5afac08ebabe926bd919a36c9ba2fada08c8e78a,17a34bddebb5859fe5d97cdf10327f3707c8952f107ec1b5a8749811ac1ef191,18efda786f0debf2b351d2c0fa026f93618ea341,-0.6490000113844872,True,False,False
controlled_on_real_features,confirmatory,4,period2_index2,2,2,2,True,wrong_cocycle_control,4,8,9296,0,256,1.0,8.0,3.4671251196414232,320000,False,False,6.181724643283815e-08,0.0,6.181724643283815e-08,0.0010000000474974513,0.002875000092899427,0.0020000000949949026,7.925199508666992,1.323825716972351,0.46513546258211136,0.5767499804496765,/Users/tinggong/Documents/Codex/2026-07-19/holonomy-applications/work/TwistedMerge-holonomy-applications/reports/tmp/holonomy_applications/application_C_confirmatory/candidate_logits_seed_4.npz,ec9bbf3d5bafb04ed708528c5afac08ebabe926bd919a36c9ba2fada08c8e78a,17a34bddebb5859fe5d97cdf10327f3707c8952f107ec1b5a8749811ac1ef191,18efda786f0debf2b351d2c0fa026f93618ea341,-0.68800001044292,True,False,False
controlled_on_real_features,confirmatory,4,period2_index2,2,2,2,True,wrong_projective_representation,4,8,9296,0,256,1.0,8.0,3.4748329780995846,320000,False,False,6.181724643283815e-08,0.0,6.181724643283815e-08,0.574999988079071,0.31875000236323103,0.004000000189989805,1.5122257471084595,0.6701605319976807,0.2849514708359493,0.45787501335144043,/Users/tinggong/Documents/Codex/2026-07-19/holonomy-applications/work/TwistedMerge-holonomy-applications/reports/tmp/holonomy_applications/application_C_confirmatory/candidate_logits_seed_4.npz,ec9bbf3d5bafb04ed708528c5afac08ebabe926bd919a36c9ba2fada08c8e78a,17a34bddebb5859fe5d97cdf10327f3707c8952f107ec1b5a8749811ac1ef191,18efda786f0debf2b351d2c0fa026f93618ea341,-0.11400002241134644,True,False,False
controlled_on_real_features,confirmatory,4,period2_index2,2,2,2,True,ensemble_upper_bound,4,8,9296,0,256,1.0,8.0,0.026582973077893257,320000,False,False,6.181724643283815e-08,0.0,6.181724643283815e-08,0.6890000104904175,0.6053749993443489,0.5540000200271606,0.8756832480430603,0.4299789071083069,0.06192048594675725,0.753125011920929,/Users/tinggong/Documents/Codex/2026-07-19/holonomy-applications/work/TwistedMerge-holonomy-applications/reports/tmp/holonomy_applications/application_C_confirmatory/candidate_logits_seed_4.npz,ec9bbf3d5bafb04ed708528c5afac08ebabe926bd919a36c9ba2fada08c8e78a,17a34bddebb5859fe5d97cdf10327f3707c8952f107ec1b5a8749811ac1ef191,18efda786f0debf2b351d2c0fa026f93618ea341,0.0,True,True,False
controlled_on_real_features,confirmatory,4,period2_index2,2,2,2,True,oracle_coherent_lift,4,8,9296,0,256,1.0,8.0,3.494874807074666,320000,False,False,6.181724643283815e-08,0.0,6.181724643283815e-08,0.6890000104904175,0.6053749993443489,0.5540000200271606,0.8756832480430603,0.4299789071083069,0.06192051285324851,0.753125011920929,/Users/tinggong/Documents/Codex/2026-07-19/holonomy-applications/work/TwistedMerge-holonomy-applications/reports/tmp/holonomy_applications/application_C_confirmatory/candidate_logits_seed_4.npz,ec9bbf3d5bafb04ed708528c5afac08ebabe926bd919a36c9ba2fada08c8e78a,17a34bddebb5859fe5d97cdf10327f3707c8952f107ec1b5a8749811ac1ef191,18efda786f0debf2b351d2c0fa026f93618ea341,0.0,True,True,False
controlled_on_real_features,confirmatory,4,period2_index2,2,2,3,False,ordinary_same_capacity,4,8,9296,0,576,1.0,8.0,1.6177499201148748,320000,False,False,5.047356665954794e-08,0.5773502588272095,0.5773502588272095,0.4449999928474426,0.26012499927310273,0.003000000026077032,1.9343336820602417,0.8110223412513733,0.2731553035264369,0.3330000042915344,/Users/tinggong/Documents/Codex/2026-07-19/holonomy-applications/work/TwistedMerge-holonomy-applications/reports/tmp/holonomy_applications/application_C_confirmatory/candidate_logits_seed_4.npz,ec9bbf3d5bafb04ed708528c5afac08ebabe926bd919a36c9ba2fada08c8e78a,17a34bddebb5859fe5d97cdf10327f3707c8952f107ec1b5a8749811ac1ef191,18efda786f0debf2b351d2c0fa026f93618ea341,-0.24400001764297485,False,False,False
controlled_on_real_features,confirmatory,4,period2_index2,2,2,3,False,coherent_projective_lift,4,8,9296,0,576,1.0,8.0,4.174541914835572,320000,False,False,5.047356665954794e-08,0.5773502588272095,0.5773502588272095,0.6480000019073486,0.5581250041723251,0.5040000081062317,0.9941688776016235,0.481315940618515,0.10007015662267804,0.7268750071525574,/Users/tinggong/Documents/Codex/2026-07-19/holonomy-applications/work/TwistedMerge-holonomy-applications/reports/tmp/holonomy_applications/application_C_confirmatory/candidate_logits_seed_4.npz,ec9bbf3d5bafb04ed708528c5afac08ebabe926bd919a36c9ba2fada08c8e78a,17a34bddebb5859fe5d97cdf10327f3707c8952f107ec1b5a8749811ac1ef191,18efda786f0debf2b351d2c0fa026f93618ea341,-0.04100000858306885,False,False,False
controlled_on_real_features,confirmatory,4,period2_index2,2,2,3,False,parameter_matched_generic_unitary,4,8,9296,0,576,1.0,8.0,4.115416901186109,320000,False,False,5.047356665954794e-08,0.5773502588272095,0.5773502588272095,0.6890000104904175,0.6053749993443489,0.5540000200271606,0.8756832480430603,0.4299789071083069,0.06192049166565994,0.753125011920929,/Users/tinggong/Documents/Codex/2026-07-19/holonomy-applications/work/TwistedMerge-holonomy-applications/reports/tmp/holonomy_applications/application_C_confirmatory/candidate_logits_seed_4.npz,ec9bbf3d5bafb04ed708528c5afac08ebabe926bd919a36c9ba2fada08c8e78a,17a34bddebb5859fe5d97cdf10327f3707c8952f107ec1b5a8749811ac1ef191,18efda786f0debf2b351d2c0fa026f93618ea341,0.0,False,True,False
controlled_on_real_features,confirmatory,4,period2_index2,2,2,3,False,random_branch_control,4,8,9296,0,576,1.0,8.0,4.163667093962431,320000,False,False,5.047356665954794e-08,0.5773502588272095,0.5773502588272095,0.16099999845027924,0.22325000184355304,0.003000000026077032,2.253542184829712,0.889837384223938,0.02294600976165384,0.34187498688697815,/Users/tinggong/Documents/Codex/2026-07-19/holonomy-applications/work/TwistedMerge-holonomy-applications/reports/tmp/holonomy_applications/application_C_confirmatory/candidate_logits_seed_4.npz,ec9bbf3d5bafb04ed708528c5afac08ebabe926bd919a36c9ba2fada08c8e78a,17a34bddebb5859fe5d97cdf10327f3707c8952f107ec1b5a8749811ac1ef191,18efda786f0debf2b351d2c0fa026f93618ea341,-0.5280000120401382,False,False,False
controlled_on_real_features,confirmatory,4,period2_index2,2,2,3,False,wrong_cocycle_control,4,8,9296,0,576,1.0,8.0,4.0962910279631615,320000,False,False,5.047356665954794e-08,0.5773502588272095,0.5773502588272095,0.0020000000949949026,0.0028750000201398507,0.0010000000474974513,5.896669864654541,1.258947491645813,0.4155196772189811,0.6331250071525574,/Users/tinggong/Documents/Codex/2026-07-19/holonomy-applications/work/TwistedMerge-holonomy-applications/reports/tmp/holonomy_applications/application_C_confirmatory/candidate_logits_seed_4.npz,ec9bbf3d5bafb04ed708528c5afac08ebabe926bd919a36c9ba2fada08c8e78a,17a34bddebb5859fe5d97cdf10327f3707c8952f107ec1b5a8749811ac1ef191,18efda786f0debf2b351d2c0fa026f93618ea341,-0.6870000103954226,False,False,False
controlled_on_real_features,confirmatory,4,period2_index2,2,2,3,False,wrong_projective_representation,4,8,9296,0,576,1.0,8.0,4.103999817743897,320000,False,False,5.047356665954794e-08,0.5773502588272095,0.5773502588272095,0.6230000257492065,0.35499999969033524,0.003000000026077032,1.5328673124313354,0.6821701526641846,0.357744547072798,0.45237499475479126,/Users/tinggong/Documents/Codex/2026-07-19/holonomy-applications/work/TwistedMerge-holonomy-applications/reports/tmp/holonomy_applications/application_C_confirmatory/candidate_logits_seed_4.npz,ec9bbf3d5bafb04ed708528c5afac08ebabe926bd919a36c9ba2fada08c8e78a,17a34bddebb5859fe5d97cdf10327f3707c8952f107ec1b5a8749811ac1ef191,18efda786f0debf2b351d2c0fa026f93618ea341,-0.06599998474121094,False,False,False
controlled_on_real_features,confirmatory,4,period2_index2,2,2,3,False,ensemble_upper_bound,4,8,9296,0,576,1.0,8.0,0.02654106356203556,320000,False,False,5.047356665954794e-08,0.5773502588272095,0.5773502588272095,0.6890000104904175,0.6053749993443489,0.5540000200271606,0.8756832480430603,0.4299789071083069,0.06192048594675725,0.753125011920929,/Users/tinggong/Documents/Codex/2026-07-19/holonomy-applications/work/TwistedMerge-holonomy-applications/reports/tmp/holonomy_applications/application_C_confirmatory/candidate_logits_seed_4.npz,ec9bbf3d5bafb04ed708528c5afac08ebabe926bd919a36c9ba2fada08c8e78a,17a34bddebb5859fe5d97cdf10327f3707c8952f107ec1b5a8749811ac1ef191,18efda786f0debf2b351d2c0fa026f93618ea341,0.0,False,True,False
controlled_on_real_features,confirmatory,4,period2_index2,2,2,3,False,oracle_coherent_lift,4,8,9296,0,576,1.0,8.0,3.441917011514306,320000,False,False,5.047356665954794e-08,0.5773502588272095,0.5773502588272095,0.6890000104904175,0.6053749993443489,0.5540000200271606,0.8756832480430603,0.4299789071083069,0.06192051285324851,0.753125011920929,/Users/tinggong/Documents/Codex/2026-07-19/holonomy-applications/work/TwistedMerge-holonomy-applications/reports/tmp/holonomy_applications/application_C_confirmatory/candidate_logits_seed_4.npz,ec9bbf3d5bafb04ed708528c5afac08ebabe926bd919a36c9ba2fada08c8e78a,17a34bddebb5859fe5d97cdf10327f3707c8952f107ec1b5a8749811ac1ef191,18efda786f0debf2b351d2c0fa026f93618ea341,0.0,False,True,False
controlled_on_real_features,confirmatory,4,period2_index2,2,2,4,True,ordinary_same_capacity,4,8,9296,0,1024,1.0,8.0,1.9345839973539114,320000,False,False,4.371138828673793e-08,0.0,4.371138828673793e-08,0.18000000715255737,0.2314999992668163,0.0020000000949949026,2.212435483932495,0.8806819915771484,0.02779339160770178,0.35475000739097595,/Users/tinggong/Documents/Codex/2026-07-19/holonomy-applications/work/TwistedMerge-holonomy-applications/reports/tmp/holonomy_applications/application_C_confirmatory/candidate_logits_seed_4.npz,ec9bbf3d5bafb04ed708528c5afac08ebabe926bd919a36c9ba2fada08c8e78a,17a34bddebb5859fe5d97cdf10327f3707c8952f107ec1b5a8749811ac1ef191,18efda786f0debf2b351d2c0fa026f93618ea341,-0.5090000033378601,True,False,False
controlled_on_real_features,confirmatory,4,period2_index2,2,2,4,True,coherent_projective_lift,4,8,9296,0,1024,1.0,8.0,4.246333846822381,320000,False,False,4.371138828673793e-08,0.0,4.371138828673793e-08,0.6890000104904175,0.6053749993443489,0.5540000200271606,0.8756832480430603,0.4299789071083069,0.06192049456149107,0.753125011920929,/Users/tinggong/Documents/Codex/2026-07-19/holonomy-applications/work/TwistedMerge-holonomy-applications/reports/tmp/holonomy_applications/application_C_confirmatory/candidate_logits_seed_4.npz,ec9bbf3d5bafb04ed708528c5afac08ebabe926bd919a36c9ba2fada08c8e78a,17a34bddebb5859fe5d97cdf10327f3707c8952f107ec1b5a8749811ac1ef191,18efda786f0debf2b351d2c0fa026f93618ea341,0.0,True,True,True
controlled_on_real_features,confirmatory,4,period2_index2,2,2,4,True,parameter_matched_generic_unitary,4,8,9296,0,1024,1.0,8.0,4.164624959230423,320000,False,False,4.371138828673793e-08,0.0,4.371138828673793e-08,0.6890000104904175,0.6053749993443489,0.5540000200271606,0.8756832480430603,0.4299789071083069,0.06192049456149107,0.753125011920929,/Users/tinggong/Documents/Codex/2026-07-19/holonomy-applications/work/TwistedMerge-holonomy-applications/reports/tmp/holonomy_applications/application_C_confirmatory/candidate_logits_seed_4.npz,ec9bbf3d5bafb04ed708528c5afac08ebabe926bd919a36c9ba2fada08c8e78a,17a34bddebb5859fe5d97cdf10327f3707c8952f107ec1b5a8749811ac1ef191,18efda786f0debf2b351d2c0fa026f93618ea341,0.0,True,True,False
controlled_on_real_features,confirmatory,4,period2_index2,2,2,4,True,random_branch_control,4,8,9296,0,1024,1.0,8.0,4.166540922597051,320000,False,False,4.371138828673793e-08,0.0,4.371138828673793e-08,0.3869999945163727,0.26425000416929834,0.0020000000949949026,1.9527430534362793,0.8126311898231506,0.18824283796129748,0.3762499988079071,/Users/tinggong/Documents/Codex/2026-07-19/holonomy-applications/work/TwistedMerge-holonomy-applications/reports/tmp/holonomy_applications/application_C_confirmatory/candidate_logits_seed_4.npz,ec9bbf3d5bafb04ed708528c5afac08ebabe926bd919a36c9ba2fada08c8e78a,17a34bddebb5859fe5d97cdf10327f3707c8952f107ec1b5a8749811ac1ef191,18efda786f0debf2b351d2c0fa026f93618ea341,-0.3020000159740448,True,False,False
controlled_on_real_features,confirmatory,4,period2_index2,2,2,4,True,wrong_cocycle_control,4,8,9296,0,1024,1.0,8.0,4.112583119422197,320000,False,False,4.371138828673793e-08,0.0,4.371138828673793e-08,0.0010000000474974513,0.002875000092899427,0.0020000000949949026,7.925199508666992,1.323825716972351,0.46513547003269196,0.5767499804496765,/Users/tinggong/Documents/Codex/2026-07-19/holonomy-applications/work/TwistedMerge-holonomy-applications/reports/tmp/holonomy_applications/application_C_confirmatory/candidate_logits_seed_4.npz,ec9bbf3d5bafb04ed708528c5afac08ebabe926bd919a36c9ba2fada08c8e78a,17a34bddebb5859fe5d97cdf10327f3707c8952f107ec1b5a8749811ac1ef191,18efda786f0debf2b351d2c0fa026f93618ea341,-0.68800001044292,True,False,False
controlled_on_real_features,confirmatory,4,period2_index2,2,2,4,True,wrong_projective_representation,4,8,9296,0,1024,1.0,8.0,4.152290988713503,320000,False,False,4.371138828673793e-08,0.0,4.371138828673793e-08,0.6259999871253967,0.3286249949596822,0.05999999865889549,1.5157206058502197,0.6771847009658813,0.35784158429305535,0.4165000021457672,/Users/tinggong/Documents/Codex/2026-07-19/holonomy-applications/work/TwistedMerge-holonomy-applications/reports/tmp/holonomy_applications/application_C_confirmatory/candidate_logits_seed_4.npz,ec9bbf3d5bafb04ed708528c5afac08ebabe926bd919a36c9ba2fada08c8e78a,17a34bddebb5859fe5d97cdf10327f3707c8952f107ec1b5a8749811ac1ef191,18efda786f0debf2b351d2c0fa026f93618ea341,-0.06300002336502075,True,False,False
controlled_on_real_features,confirmatory,4,period2_index2,2,2,4,True,ensemble_upper_bound,4,8,9296,0,1024,1.0,8.0,0.019416911527514458,320000,False,False,4.371138828673793e-08,0.0,4.371138828673793e-08,0.6890000104904175,0.6053749993443489,0.5540000200271606,0.8756832480430603,0.4299789071083069,0.06192048594675725,0.753125011920929,/Users/tinggong/Documents/Codex/2026-07-19/holonomy-applications/work/TwistedMerge-holonomy-applications/reports/tmp/holonomy_applications/application_C_confirmatory/candidate_logits_seed_4.npz,ec9bbf3d5bafb04ed708528c5afac08ebabe926bd919a36c9ba2fada08c8e78a,17a34bddebb5859fe5d97cdf10327f3707c8952f107ec1b5a8749811ac1ef191,18efda786f0debf2b351d2c0fa026f93618ea341,0.0,True,True,False
controlled_on_real_features,confirmatory,4,period2_index2,2,2,4,True,oracle_coherent_lift,4,8,9296,0,1024,1.0,8.0,3.481833962723613,320000,False,False,4.371138828673793e-08,0.0,4.371138828673793e-08,0.6890000104904175,0.6053749993443489,0.5540000200271606,0.8756832480430603,0.4299789071083069,0.06192051285324851,0.753125011920929,/Users/tinggong/Documents/Codex/2026-07-19/holonomy-applications/work/TwistedMerge-holonomy-applications/reports/tmp/holonomy_applications/application_C_confirmatory/candidate_logits_seed_4.npz,ec9bbf3d5bafb04ed708528c5afac08ebabe926bd919a36c9ba2fada08c8e78a,17a34bddebb5859fe5d97cdf10327f3707c8952f107ec1b5a8749811ac1ef191,18efda786f0debf2b351d2c0fa026f93618ea341,0.0,True,True,False
controlled_on_real_features,confirmatory,4,period2_index4,2,4,1,False,ordinary_same_capacity,4,8,9296,0,64,1.0,8.0,0.75683300383389,320000,False,False,0.0,1.0,1.0,0.7099999785423279,0.30512499902397394,0.10000000149011612,1.2218170166015625,0.5612276792526245,0.3435649047023617,0.6613749861717224,/Users/tinggong/Documents/Codex/2026-07-19/holonomy-applications/work/TwistedMerge-holonomy-applications/reports/tmp/holonomy_applications/application_C_confirmatory/candidate_logits_seed_4.npz,ec9bbf3d5bafb04ed708528c5afac08ebabe926bd919a36c9ba2fada08c8e78a,17a34bddebb5859fe5d97cdf10327f3707c8952f107ec1b5a8749811ac1ef191,18efda786f0debf2b351d2c0fa026f93618ea341,0.0209999680519104,False,True,False
controlled_on_real_features,confirmatory,4,period2_index4,2,4,1,False,coherent_projective_lift,4,8,9296,0,64,1.0,8.0,1.0108330752700567,320000,False,False,0.0,1.0,1.0,0.7099999785423279,0.30512499902397394,0.10000000149011612,1.2218170166015625,0.5612276792526245,0.3435649047023617,0.6613749861717224,/Users/tinggong/Documents/Codex/2026-07-19/holonomy-applications/work/TwistedMerge-holonomy-applications/reports/tmp/holonomy_applications/application_C_confirmatory/candidate_logits_seed_4.npz,ec9bbf3d5bafb04ed708528c5afac08ebabe926bd919a36c9ba2fada08c8e78a,17a34bddebb5859fe5d97cdf10327f3707c8952f107ec1b5a8749811ac1ef191,18efda786f0debf2b351d2c0fa026f93618ea341,0.0209999680519104,False,True,False
controlled_on_real_features,confirmatory,4,period2_index4,2,4,1,False,parameter_matched_generic_unitary,4,8,9296,0,64,1.0,8.0,0.9989161044359207,320000,False,False,0.0,1.0,1.0,0.6890000104904175,0.6053749993443489,0.5540000200271606,0.8756832480430603,0.4299789071083069,0.06192049166565994,0.753125011920929,/Users/tinggong/Documents/Codex/2026-07-19/holonomy-applications/work/TwistedMerge-holonomy-applications/reports/tmp/holonomy_applications/application_C_confirmatory/candidate_logits_seed_4.npz,ec9bbf3d5bafb04ed708528c5afac08ebabe926bd919a36c9ba2fada08c8e78a,17a34bddebb5859fe5d97cdf10327f3707c8952f107ec1b5a8749811ac1ef191,18efda786f0debf2b351d2c0fa026f93618ea341,0.0,False,True,False
controlled_on_real_features,confirmatory,4,period2_index4,2,4,1,False,random_branch_control,4,8,9296,0,64,1.0,8.0,0.9925409685820341,320000,False,False,0.0,1.0,1.0,0.5870000123977661,0.16087500285357237,0.10000000149011612,1.8887971639633179,0.801722526550293,0.4205848549026996,0.8867499828338623,/Users/tinggong/Documents/Codex/2026-07-19/holonomy-applications/work/TwistedMerge-holonomy-applications/reports/tmp/holonomy_applications/application_C_confirmatory/candidate_logits_seed_4.npz,ec9bbf3d5bafb04ed708528c5afac08ebabe926bd919a36c9ba2fada08c8e78a,17a34bddebb5859fe5d97cdf10327f3707c8952f107ec1b5a8749811ac1ef191,18efda786f0debf2b351d2c0fa026f93618ea341,-0.10199999809265137,False,False,False
controlled_on_real_features,confirmatory,4,period2_index4,2,4,1,False,wrong_cocycle_control,4,8,9296,0,64,1.0,8.0,0.9955421555787325,320000,False,False,0.0,1.0,1.0,0.10000000149011612,0.10000000149011612,0.10000000149011612,2.3025851249694824,0.8999997973442078,1.4901161193847656e-08,1.0,/Users/tinggong/Documents/Codex/2026-07-19/holonomy-applications/work/TwistedMerge-holonomy-applications/reports/tmp/holonomy_applications/application_C_confirmatory/candidate_logits_seed_4.npz,ec9bbf3d5bafb04ed708528c5afac08ebabe926bd919a36c9ba2fada08c8e78a,17a34bddebb5859fe5d97cdf10327f3707c8952f107ec1b5a8749811ac1ef191,18efda786f0debf2b351d2c0fa026f93618ea341,-0.5890000090003014,False,False,False
controlled_on_real_features,confirmatory,4,period2_index4,2,4,1,False,wrong_projective_representation,4,8,9296,0,64,1.0,8.0,0.9813331998884678,320000,False,False,0.0,1.0,1.0,0.6740000247955322,0.23175000213086605,0.10000000149011612,1.4972680807113647,0.6720860600471497,0.4132950042258017,0.7733749747276306,/Users/tinggong/Documents/Codex/2026-07-19/holonomy-applications/work/TwistedMerge-holonomy-applications/reports/tmp/holonomy_applications/application_C_confirmatory/candidate_logits_seed_4.npz,ec9bbf3d5bafb04ed708528c5afac08ebabe926bd919a36c9ba2fada08c8e78a,17a34bddebb5859fe5d97cdf10327f3707c8952f107ec1b5a8749811ac1ef191,18efda786f0debf2b351d2c0fa026f93618ea341,-0.014999985694885254,False,False,False
controlled_on_real_features,confirmatory,4,period2_index4,2,4,1,False,ensemble_upper_bound,4,8,9296,0,64,1.0,8.0,0.0227498821914196,320000,False,False,0.0,1.0,1.0,0.6890000104904175,0.6053749993443489,0.5540000200271606,0.8756832480430603,0.4299789071083069,0.06192048594675725,0.753125011920929,/Users/tinggong/Documents/Codex/2026-07-19/holonomy-applications/work/TwistedMerge-holonomy-applications/reports/tmp/holonomy_applications/application_C_confirmatory/candidate_logits_seed_4.npz,ec9bbf3d5bafb04ed708528c5afac08ebabe926bd919a36c9ba2fada08c8e78a,17a34bddebb5859fe5d97cdf10327f3707c8952f107ec1b5a8749811ac1ef191,18efda786f0debf2b351d2c0fa026f93618ea341,0.0,False,True,False
controlled_on_real_features,confirmatory,4,period2_index4,2,4,1,False,oracle_coherent_lift,4,8,9296,0,64,1.0,8.0,4.143500002101064,320000,False,False,0.0,1.0,1.0,0.6890000104904175,0.6053749993443489,0.5540000200271606,0.8756832480430603,0.4299789071083069,0.06192048594675725,0.753125011920929,/Users/tinggong/Documents/Codex/2026-07-19/holonomy-applications/work/TwistedMerge-holonomy-applications/reports/tmp/holonomy_applications/application_C_confirmatory/candidate_logits_seed_4.npz,ec9bbf3d5bafb04ed708528c5afac08ebabe926bd919a36c9ba2fada08c8e78a,17a34bddebb5859fe5d97cdf10327f3707c8952f107ec1b5a8749811ac1ef191,18efda786f0debf2b351d2c0fa026f93618ea341,0.0,False,True,False
controlled_on_real_features,confirmatory,4,period2_index4,2,4,2,False,ordinary_same_capacity,4,8,9296,0,256,1.0,8.0,1.3422081246972084,320000,False,False,6.181724643283815e-08,1.0,1.0,0.5659999847412109,0.27225000131875277,0.10000000149011612,1.5296564102172852,0.6759597063064575,0.27623171498999,0.4387499988079071,/Users/tinggong/Documents/Codex/2026-07-19/holonomy-applications/work/TwistedMerge-holonomy-applications/reports/tmp/holonomy_applications/application_C_confirmatory/candidate_logits_seed_4.npz,ec9bbf3d5bafb04ed708528c5afac08ebabe926bd919a36c9ba2fada08c8e78a,17a34bddebb5859fe5d97cdf10327f3707c8952f107ec1b5a8749811ac1ef191,18efda786f0debf2b351d2c0fa026f93618ea341,-0.12300002574920654,False,False,False
controlled_on_real_features,confirmatory,4,period2_index4,2,4,2,False,coherent_projective_lift,4,8,9296,0,256,1.0,8.0,3.4473331179469824,320000,False,False,6.181724643283815e-08,1.0,1.0,0.6940000057220459,0.42400000151246786,0.10000000149011612,0.9956726431846619,0.47160574793815613,0.19674428639700636,0.5447499752044678,/Users/tinggong/Documents/Codex/2026-07-19/holonomy-applications/work/TwistedMerge-holonomy-applications/reports/tmp/holonomy_applications/application_C_confirmatory/candidate_logits_seed_4.npz,ec9bbf3d5bafb04ed708528c5afac08ebabe926bd919a36c9ba2fada08c8e78a,17a34bddebb5859fe5d97cdf10327f3707c8952f107ec1b5a8749811ac1ef191,18efda786f0debf2b351d2c0fa026f93618ea341,0.004999995231628418,False,True,False
controlled_on_real_features,confirmatory,4,period2_index4,2,4,2,False,parameter_matched_generic_unitary,4,8,9296,0,256,1.0,8.0,3.4491249825805426,320000,False,False,6.181724643283815e-08,1.0,1.0,0.6890000104904175,0.6053749993443489,0.5540000200271606,0.8756832480430603,0.4299789071083069,0.061920495856611524,0.753125011920929,/Users/tinggong/Documents/Codex/2026-07-19/holonomy-applications/work/TwistedMerge-holonomy-applications/reports/tmp/holonomy_applications/application_C_confirmatory/candidate_logits_seed_4.npz,ec9bbf3d5bafb04ed708528c5afac08ebabe926bd919a36c9ba2fada08c8e78a,17a34bddebb5859fe5d97cdf10327f3707c8952f107ec1b5a8749811ac1ef191,18efda786f0debf2b351d2c0fa026f93618ea341,0.0,False,True,False
controlled_on_real_features,confirmatory,4,period2_index4,2,4,2,False,random_branch_control,4,8,9296,0,256,1.0,8.0,3.457041922956705,320000,False,False,6.181724643283815e-08,1.0,1.0,0.24500000476837158,0.13237500190734863,0.10000000149011612,2.3025851249694824,0.8999997973442078,0.0020000189542770386,0.8206250071525574,/Users/tinggong/Documents/Codex/2026-07-19/holonomy-applications/work/TwistedMerge-holonomy-applications/reports/tmp/holonomy_applications/application_C_confirmatory/candidate_logits_seed_4.npz,ec9bbf3d5bafb04ed708528c5afac08ebabe926bd919a36c9ba2fada08c8e78a,17a34bddebb5859fe5d97cdf10327f3707c8952f107ec1b5a8749811ac1ef191,18efda786f0debf2b351d2c0fa026f93618ea341,-0.4440000057220459,False,False,False
controlled_on_real_features,confirmatory,4,period2_index4,2,4,2,False,wrong_cocycle_control,4,8,9296,0,256,1.0,8.0,3.485791850835085,320000,False,False,6.181724643283815e-08,1.0,1.0,0.23899999260902405,0.1290000006556511,0.10000000149011612,2.3025851249694824,0.8999997973442078,0.015000015497207642,0.8193749785423279,/Users/tinggong/Documents/Codex/2026-07-19/holonomy-applications/work/TwistedMerge-holonomy-applications/reports/tmp/holonomy_applications/application_C_confirmatory/candidate_logits_seed_4.npz,ec9bbf3d5bafb04ed708528c5afac08ebabe926bd919a36c9ba2fada08c8e78a,17a34bddebb5859fe5d97cdf10327f3707c8952f107ec1b5a8749811ac1ef191,18efda786f0debf2b351d2c0fa026f93618ea341,-0.45000001788139343,False,False,False
controlled_on_real_features,confirmatory,4,period2_index4,2,4,2,False,wrong_projective_representation,4,8,9296,0,256,1.0,8.0,3.507165936753154,320000,False,False,6.181724643283815e-08,1.0,1.0,0.47600001096725464,0.22724999766796827,0.10000000149011612,1.8240456581115723,0.7707558870315552,0.2654679073020816,0.3871249854564667,/Users/tinggong/Documents/Codex/2026-07-19/holonomy-applications/work/TwistedMerge-holonomy-applications/reports/tmp/holonomy_applications/application_C_confirmatory/candidate_logits_seed_4.npz,ec9bbf3d5bafb04ed708528c5afac08ebabe926bd919a36c9ba2fada08c8e78a,17a34bddebb5859fe5d97cdf10327f3707c8952f107ec1b5a8749811ac1ef191,18efda786f0debf2b351d2c0fa026f93618ea341,-0.21299999952316284,False,False,False
controlled_on_real_features,confirmatory,4,period2_index4,2,4,2,False,ensemble_upper_bound,4,8,9296,0,256,1.0,8.0,0.05400017835199833,320000,False,False,6.181724643283815e-08,1.0,1.0,0.6890000104904175,0.6053749993443489,0.5540000200271606,0.8756832480430603,0.4299789071083069,0.06192048594675725,0.753125011920929,/Users/tinggong/Documents/Codex/2026-07-19/holonomy-applications/work/TwistedMerge-holonomy-applications/reports/tmp/holonomy_applications/application_C_confirmatory/candidate_logits_seed_4.npz,ec9bbf3d5bafb04ed708528c5afac08ebabe926bd919a36c9ba2fada08c8e78a,17a34bddebb5859fe5d97cdf10327f3707c8952f107ec1b5a8749811ac1ef191,18efda786f0debf2b351d2c0fa026f93618ea341,0.0,False,True,False
controlled_on_real_features,confirmatory,4,period2_index4,2,4,2,False,oracle_coherent_lift,4,8,9296,0,256,1.0,8.0,4.147500032559037,320000,False,False,6.181724643283815e-08,1.0,1.0,0.6890000104904175,0.6053749993443489,0.5540000200271606,0.8756832480430603,0.4299789071083069,0.06192048594675725,0.753125011920929,/Users/tinggong/Documents/Codex/2026-07-19/holonomy-applications/work/TwistedMerge-holonomy-applications/reports/tmp/holonomy_applications/application_C_confirmatory/candidate_logits_seed_4.npz,ec9bbf3d5bafb04ed708528c5afac08ebabe926bd919a36c9ba2fada08c8e78a,17a34bddebb5859fe5d97cdf10327f3707c8952f107ec1b5a8749811ac1ef191,18efda786f0debf2b351d2c0fa026f93618ea341,0.0,False,True,False
controlled_on_real_features,confirmatory,4,period2_index4,2,4,3,False,ordinary_same_capacity,4,8,9296,0,576,1.0,8.0,1.5765840653330088,320000,False,False,5.047356665954794e-08,0.8164966106414795,0.8164966106414795,0.5690000057220459,0.3417500015348196,0.13300000131130219,1.5209801197052002,0.6767098307609558,0.28107535153685603,0.4338749945163727,/Users/tinggong/Documents/Codex/2026-07-19/holonomy-applications/work/TwistedMerge-holonomy-applications/reports/tmp/holonomy_applications/application_C_confirmatory/candidate_logits_seed_4.npz,ec9bbf3d5bafb04ed708528c5afac08ebabe926bd919a36c9ba2fada08c8e78a,17a34bddebb5859fe5d97cdf10327f3707c8952f107ec1b5a8749811ac1ef191,18efda786f0debf2b351d2c0fa026f93618ea341,-0.12000000476837158,False,False,False
controlled_on_real_features,confirmatory,4,period2_index4,2,4,3,False,coherent_projective_lift,4,8,9296,0,576,1.0,8.0,4.100749967619777,320000,False,False,5.047356665954794e-08,0.8164966106414795,0.8164966106414795,0.6899999976158142,0.5498750023543835,0.43799999356269836,0.9295324683189392,0.4487370550632477,0.1318497867177939,0.6713749766349792,/Users/tinggong/Documents/Codex/2026-07-19/holonomy-applications/work/TwistedMerge-holonomy-applications/reports/tmp/holonomy_applications/application_C_confirmatory/candidate_logits_seed_4.npz,ec9bbf3d5bafb04ed708528c5afac08ebabe926bd919a36c9ba2fada08c8e78a,17a34bddebb5859fe5d97cdf10327f3707c8952f107ec1b5a8749811ac1ef191,18efda786f0debf2b351d2c0fa026f93618ea341,0.0009999871253967285,False,True,False
controlled_on_real_features,confirmatory,4,period2_index4,2,4,3,False,parameter_matched_generic_unitary,4,8,9296,0,576,1.0,8.0,4.1252919472754,320000,False,False,5.047356665954794e-08,0.8164966106414795,0.8164966106414795,0.6890000104904175,0.6053749993443489,0.5540000200271606,0.8756832480430603,0.4299789071083069,0.06192049166565994,0.753125011920929,/Users/tinggong/Documents/Codex/2026-07-19/holonomy-applications/work/TwistedMerge-holonomy-applications/reports/tmp/holonomy_applications/application_C_confirmatory/candidate_logits_seed_4.npz,ec9bbf3d5bafb04ed708528c5afac08ebabe926bd919a36c9ba2fada08c8e78a,17a34bddebb5859fe5d97cdf10327f3707c8952f107ec1b5a8749811ac1ef191,18efda786f0debf2b351d2c0fa026f93618ea341,0.0,False,True,False
controlled_on_real_features,confirmatory,4,period2_index4,2,4,3,False,random_branch_control,4,8,9296,0,576,1.0,8.0,4.0593750309199095,320000,False,False,5.047356665954794e-08,0.8164966106414795,0.8164966106414795,0.47099998593330383,0.3208750020712614,0.11100000143051147,1.665007472038269,0.7223021388053894,0.19081630319124088,0.4358749985694885,/Users/tinggong/Documents/Codex/2026-07-19/holonomy-applications/work/TwistedMerge-holonomy-applications/reports/tmp/holonomy_applications/application_C_confirmatory/candidate_logits_seed_4.npz,ec9bbf3d5bafb04ed708528c5afac08ebabe926bd919a36c9ba2fada08c8e78a,17a34bddebb5859fe5d97cdf10327f3707c8952f107ec1b5a8749811ac1ef191,18efda786f0debf2b351d2c0fa026f93618ea341,-0.21800002455711365,False,False,False
controlled_on_real_features,confirmatory,4,period2_index4,2,4,3,False,wrong_cocycle_control,4,8,9296,0,576,1.0,8.0,4.112415947020054,320000,False,False,5.047356665954794e-08,0.8164966106414795,0.8164966106414795,0.19599999487400055,0.2256250036880374,0.06400000303983688,2.4016237258911133,0.9127203226089478,0.07141845906153321,0.45350000262260437,/Users/tinggong/Documents/Codex/2026-07-19/holonomy-applications/work/TwistedMerge-holonomy-applications/reports/tmp/holonomy_applications/application_C_confirmatory/candidate_logits_seed_4.npz,ec9bbf3d5bafb04ed708528c5afac08ebabe926bd919a36c9ba2fada08c8e78a,17a34bddebb5859fe5d97cdf10327f3707c8952f107ec1b5a8749811ac1ef191,18efda786f0debf2b351d2c0fa026f93618ea341,-0.49300001561641693,False,False,False
controlled_on_real_features,confirmatory,4,period2_index4,2,4,3,False,wrong_projective_representation,4,8,9296,0,576,1.0,8.0,4.111666930839419,320000,False,False,5.047356665954794e-08,0.8164966106414795,0.8164966106414795,0.4020000100135803,0.2390000019222498,0.10000000149011612,1.9161639213562012,0.7965765595436096,0.20776792053948157,0.33662500977516174,/Users/tinggong/Documents/Codex/2026-07-19/holonomy-applications/work/TwistedMerge-holonomy-applications/reports/tmp/holonomy_applications/application_C_confirmatory/candidate_logits_seed_4.npz,ec9bbf3d5bafb04ed708528c5afac08ebabe926bd919a36c9ba2fada08c8e78a,17a34bddebb5859fe5d97cdf10327f3707c8952f107ec1b5a8749811ac1ef191,18efda786f0debf2b351d2c0fa026f93618ea341,-0.28700000047683716,False,False,False
controlled_on_real_features,confirmatory,4,period2_index4,2,4,3,False,ensemble_upper_bound,4,8,9296,0,576,1.0,8.0,0.052042072638869286,320000,False,False,5.047356665954794e-08,0.8164966106414795,0.8164966106414795,0.6890000104904175,0.6053749993443489,0.5540000200271606,0.8756832480430603,0.4299789071083069,0.06192048594675725,0.753125011920929,/Users/tinggong/Documents/Codex/2026-07-19/holonomy-applications/work/TwistedMerge-holonomy-applications/reports/tmp/holonomy_applications/application_C_confirmatory/candidate_logits_seed_4.npz,ec9bbf3d5bafb04ed708528c5afac08ebabe926bd919a36c9ba2fada08c8e78a,17a34bddebb5859fe5d97cdf10327f3707c8952f107ec1b5a8749811ac1ef191,18efda786f0debf2b351d2c0fa026f93618ea341,0.0,False,True,False
controlled_on_real_features,confirmatory,4,period2_index4,2,4,3,False,oracle_coherent_lift,4,8,9296,0,576,1.0,8.0,4.239208064973354,320000,False,False,5.047356665954794e-08,0.8164966106414795,0.8164966106414795,0.6890000104904175,0.6053749993443489,0.5540000200271606,0.8756832480430603,0.4299789071083069,0.06192048594675725,0.753125011920929,/Users/tinggong/Documents/Codex/2026-07-19/holonomy-applications/work/TwistedMerge-holonomy-applications/reports/tmp/holonomy_applications/application_C_confirmatory/candidate_logits_seed_4.npz,ec9bbf3d5bafb04ed708528c5afac08ebabe926bd919a36c9ba2fada08c8e78a,17a34bddebb5859fe5d97cdf10327f3707c8952f107ec1b5a8749811ac1ef191,18efda786f0debf2b351d2c0fa026f93618ea341,0.0,False,True,False
controlled_on_real_features,confirmatory,4,period2_index4,2,4,4,True,ordinary_same_capacity,4,8,9296,0,1024,1.0,8.0,1.9096669275313616,320000,False,False,4.371138828673793e-08,0.0,4.371138828673793e-08,0.3779999911785126,0.24775000009685755,0.09399999678134918,1.9917317628860474,0.806214451789856,0.14431473251897842,0.3776249885559082,/Users/tinggong/Documents/Codex/2026-07-19/holonomy-applications/work/TwistedMerge-holonomy-applications/reports/tmp/holonomy_applications/application_C_confirmatory/candidate_logits_seed_4.npz,ec9bbf3d5bafb04ed708528c5afac08ebabe926bd919a36c9ba2fada08c8e78a,17a34bddebb5859fe5d97cdf10327f3707c8952f107ec1b5a8749811ac1ef191,18efda786f0debf2b351d2c0fa026f93618ea341,-0.3110000193119049,True,False,False
controlled_on_real_features,confirmatory,4,period2_index4,2,4,4,True,coherent_projective_lift,4,8,9296,0,1024,1.0,8.0,4.221792099997401,320000,False,False,4.371138828673793e-08,0.0,4.371138828673793e-08,0.6890000104904175,0.6053749993443489,0.5540000200271606,0.8756832480430603,0.4299789071083069,0.06192050004756311,0.753125011920929,/Users/tinggong/Documents/Codex/2026-07-19/holonomy-applications/work/TwistedMerge-holonomy-applications/reports/tmp/holonomy_applications/application_C_confirmatory/candidate_logits_seed_4.npz,ec9bbf3d5bafb04ed708528c5afac08ebabe926bd919a36c9ba2fada08c8e78a,17a34bddebb5859fe5d97cdf10327f3707c8952f107ec1b5a8749811ac1ef191,18efda786f0debf2b351d2c0fa026f93618ea341,0.0,True,True,True
controlled_on_real_features,confirmatory,4,period2_index4,2,4,4,True,parameter_matched_generic_unitary,4,8,9296,0,1024,1.0,8.0,4.152790876105428,320000,False,False,4.371138828673793e-08,0.0,4.371138828673793e-08,0.6890000104904175,0.6053749993443489,0.5540000200271606,0.8756832480430603,0.4299789071083069,0.06192049166565994,0.753125011920929,/Users/tinggong/Documents/Codex/2026-07-19/holonomy-applications/work/TwistedMerge-holonomy-applications/reports/tmp/holonomy_applications/application_C_confirmatory/candidate_logits_seed_4.npz,ec9bbf3d5bafb04ed708528c5afac08ebabe926bd919a36c9ba2fada08c8e78a,17a34bddebb5859fe5d97cdf10327f3707c8952f107ec1b5a8749811ac1ef191,18efda786f0debf2b351d2c0fa026f93618ea341,0.0,True,True,False
controlled_on_real_features,confirmatory,4,period2_index4,2,4,4,True,random_branch_control,4,8,9296,0,1024,1.0,8.0,4.17262502014637,320000,False,False,4.371138828673793e-08,0.0,4.371138828673793e-08,0.43799999356269836,0.28987500071525574,0.1379999965429306,1.7192877531051636,0.7415616512298584,0.16301389766158536,0.4168750047683716,/Users/tinggong/Documents/Codex/2026-07-19/holonomy-applications/work/TwistedMerge-holonomy-applications/reports/tmp/holonomy_applications/application_C_confirmatory/candidate_logits_seed_4.npz,ec9bbf3d5bafb04ed708528c5afac08ebabe926bd919a36c9ba2fada08c8e78a,17a34bddebb5859fe5d97cdf10327f3707c8952f107ec1b5a8749811ac1ef191,18efda786f0debf2b351d2c0fa026f93618ea341,-0.2510000169277191,True,False,False
controlled_on_real_features,confirmatory,4,period2_index4,2,4,4,True,wrong_cocycle_control,4,8,9296,0,1024,1.0,8.0,4.127542022615671,320000,False,False,4.371138828673793e-08,0.0,4.371138828673793e-08,0.30799999833106995,0.21837500110268593,0.11800000071525574,2.2752609252929688,0.875625491142273,0.12540385022293776,0.4191249907016754,/Users/tinggong/Documents/Codex/2026-07-19/holonomy-applications/work/TwistedMerge-holonomy-applications/reports/tmp/holonomy_applications/application_C_confirmatory/candidate_logits_seed_4.npz,ec9bbf3d5bafb04ed708528c5afac08ebabe926bd919a36c9ba2fada08c8e78a,17a34bddebb5859fe5d97cdf10327f3707c8952f107ec1b5a8749811ac1ef191,18efda786f0debf2b351d2c0fa026f93618ea341,-0.38100001215934753,True,False,False
controlled_on_real_features,confirmatory,4,period2_index4,2,4,4,True,wrong_projective_representation,4,8,9296,0,1024,1.0,8.0,4.135082941502333,320000,False,False,4.371138828673793e-08,0.0,4.371138828673793e-08,0.5040000081062317,0.27949999924749136,0.10300000011920929,1.8032342195510864,0.7684823274612427,0.29076112812617794,0.3630000054836273,/Users/tinggong/Documents/Codex/2026-07-19/holonomy-applications/work/TwistedMerge-holonomy-applications/reports/tmp/holonomy_applications/application_C_confirmatory/candidate_logits_seed_4.npz,ec9bbf3d5bafb04ed708528c5afac08ebabe926bd919a36c9ba2fada08c8e78a,17a34bddebb5859fe5d97cdf10327f3707c8952f107ec1b5a8749811ac1ef191,18efda786f0debf2b351d2c0fa026f93618ea341,-0.1850000023841858,True,False,False
controlled_on_real_features,confirmatory,4,period2_index4,2,4,4,True,ensemble_upper_bound,4,8,9296,0,1024,1.0,8.0,0.020083971321582794,320000,False,False,4.371138828673793e-08,0.0,4.371138828673793e-08,0.6890000104904175,0.6053749993443489,0.5540000200271606,0.8756832480430603,0.4299789071083069,0.06192048594675725,0.753125011920929,/Users/tinggong/Documents/Codex/2026-07-19/holonomy-applications/work/TwistedMerge-holonomy-applications/reports/tmp/holonomy_applications/application_C_confirmatory/candidate_logits_seed_4.npz,ec9bbf3d5bafb04ed708528c5afac08ebabe926bd919a36c9ba2fada08c8e78a,17a34bddebb5859fe5d97cdf10327f3707c8952f107ec1b5a8749811ac1ef191,18efda786f0debf2b351d2c0fa026f93618ea341,0.0,True,True,False
controlled_on_real_features,confirmatory,4,period2_index4,2,4,4,True,oracle_coherent_lift,4,8,9296,0,1024,1.0,8.0,4.162374883890152,320000,False,False,4.371138828673793e-08,0.0,4.371138828673793e-08,0.6890000104904175,0.6053749993443489,0.5540000200271606,0.8756832480430603,0.4299789071083069,0.06192048594675725,0.753125011920929,/Users/tinggong/Documents/Codex/2026-07-19/holonomy-applications/work/TwistedMerge-holonomy-applications/reports/tmp/holonomy_applications/application_C_confirmatory/candidate_logits_seed_4.npz,ec9bbf3d5bafb04ed708528c5afac08ebabe926bd919a36c9ba2fada08c8e78a,17a34bddebb5859fe5d97cdf10327f3707c8952f107ec1b5a8749811ac1ef191,18efda786f0debf2b351d2c0fa026f93618ea341,0.0,True,True,False
controlled_on_real_features,confirmatory,4,period2_index4,2,4,6,False,ordinary_same_capacity,4,8,9296,0,2304,1.0,8.0,2.301833126693964,320000,False,False,3.5690199240434595e-08,0.5773502588272095,0.5773502588272095,0.4269999861717224,0.2823750004172325,0.14499999582767487,1.7558740377426147,0.7490554451942444,0.17361811315640807,0.367000013589859,/Users/tinggong/Documents/Codex/2026-07-19/holonomy-applications/work/TwistedMerge-holonomy-applications/reports/tmp/holonomy_applications/application_C_confirmatory/candidate_logits_seed_4.npz,ec9bbf3d5bafb04ed708528c5afac08ebabe926bd919a36c9ba2fada08c8e78a,17a34bddebb5859fe5d97cdf10327f3707c8952f107ec1b5a8749811ac1ef191,18efda786f0debf2b351d2c0fa026f93618ea341,-0.26200002431869507,False,False,False
controlled_on_real_features,confirmatory,4,period2_index4,2,4,6,False,coherent_projective_lift,4,8,9296,0,2304,1.0,8.0,4.802957875654101,320000,False,False,3.5690199240434595e-08,0.5773502588272095,0.5773502588272095,0.6790000200271606,0.5771249979734421,0.5040000081062317,0.905905544757843,0.4431641101837158,0.08979565592017025,0.7174999713897705,/Users/tinggong/Documents/Codex/2026-07-19/holonomy-applications/work/TwistedMerge-holonomy-applications/reports/tmp/holonomy_applications/application_C_confirmatory/candidate_logits_seed_4.npz,ec9bbf3d5bafb04ed708528c5afac08ebabe926bd919a36c9ba2fada08c8e78a,17a34bddebb5859fe5d97cdf10327f3707c8952f107ec1b5a8749811ac1ef191,18efda786f0debf2b351d2c0fa026f93618ea341,-0.009999990463256836,False,False,False
controlled_on_real_features,confirmatory,4,period2_index4,2,4,6,False,parameter_matched_generic_unitary,4,8,9296,0,2304,1.0,8.0,4.837875021621585,320000,False,False,3.5690199240434595e-08,0.5773502588272095,0.5773502588272095,0.6890000104904175,0.6053749993443489,0.5540000200271606,0.8756832480430603,0.4299789071083069,0.061920494328660425,0.753125011920929,/Users/tinggong/Documents/Codex/2026-07-19/holonomy-applications/work/TwistedMerge-holonomy-applications/reports/tmp/holonomy_applications/application_C_confirmatory/candidate_logits_seed_4.npz,ec9bbf3d5bafb04ed708528c5afac08ebabe926bd919a36c9ba2fada08c8e78a,17a34bddebb5859fe5d97cdf10327f3707c8952f107ec1b5a8749811ac1ef191,18efda786f0debf2b351d2c0fa026f93618ea341,0.0,False,True,False
controlled_on_real_features,confirmatory,4,period2_index4,2,4,6,False,random_branch_control,4,8,9296,0,2304,1.0,8.0,4.965083906427026,320000,False,False,3.5690199240434595e-08,0.5773502588272095,0.5773502588272095,0.11500000208616257,0.18362500239163637,0.08399999886751175,2.4578113555908203,0.9229916334152222,0.043763762285379926,0.35462498664855957,/Users/tinggong/Documents/Codex/2026-07-19/holonomy-applications/work/TwistedMerge-holonomy-applications/reports/tmp/holonomy_applications/application_C_confirmatory/candidate_logits_seed_4.npz,ec9bbf3d5bafb04ed708528c5afac08ebabe926bd919a36c9ba2fada08c8e78a,17a34bddebb5859fe5d97cdf10327f3707c8952f107ec1b5a8749811ac1ef191,18efda786f0debf2b351d2c0fa026f93618ea341,-0.5740000084042549,False,False,False
controlled_on_real_features,confirmatory,4,period2_index4,2,4,6,False,wrong_cocycle_control,4,8,9296,0,2304,1.0,8.0,5.230417009443045,320000,False,False,3.5690199240434595e-08,0.5773502588272095,0.5773502588272095,0.3009999990463257,0.2633750047534704,0.13500000536441803,2.1938610076904297,0.8646694421768188,0.1374838913907297,0.43412500619888306,/Users/tinggong/Documents/Codex/2026-07-19/holonomy-applications/work/TwistedMerge-holonomy-applications/reports/tmp/holonomy_applications/application_C_confirmatory/candidate_logits_seed_4.npz,ec9bbf3d5bafb04ed708528c5afac08ebabe926bd919a36c9ba2fada08c8e78a,17a34bddebb5859fe5d97cdf10327f3707c8952f107ec1b5a8749811ac1ef191,18efda786f0debf2b351d2c0fa026f93618ea341,-0.3880000114440918,False,False,False
controlled_on_real_features,confirmatory,4,period2_index4,2,4,6,False,wrong_projective_representation,4,8,9296,0,2304,1.0,8.0,4.819374997168779,320000,False,False,3.5690199240434595e-08,0.5773502588272095,0.5773502588272095,0.4189999997615814,0.21462499909102917,0.08399999886751175,1.985563039779663,0.8160190582275391,0.22332994631142356,0.34587499499320984,/Users/tinggong/Documents/Codex/2026-07-19/holonomy-applications/work/TwistedMerge-holonomy-applications/reports/tmp/holonomy_applications/application_C_confirmatory/candidate_logits_seed_4.npz,ec9bbf3d5bafb04ed708528c5afac08ebabe926bd919a36c9ba2fada08c8e78a,17a34bddebb5859fe5d97cdf10327f3707c8952f107ec1b5a8749811ac1ef191,18efda786f0debf2b351d2c0fa026f93618ea341,-0.27000001072883606,False,False,False
controlled_on_real_features,confirmatory,4,period2_index4,2,4,6,False,ensemble_upper_bound,4,8,9296,0,2304,1.0,8.0,0.02537504769861698,320000,False,False,3.5690199240434595e-08,0.5773502588272095,0.5773502588272095,0.6890000104904175,0.6053749993443489,0.5540000200271606,0.8756832480430603,0.4299789071083069,0.06192048594675725,0.753125011920929,/Users/tinggong/Documents/Codex/2026-07-19/holonomy-applications/work/TwistedMerge-holonomy-applications/reports/tmp/holonomy_applications/application_C_confirmatory/candidate_logits_seed_4.npz,ec9bbf3d5bafb04ed708528c5afac08ebabe926bd919a36c9ba2fada08c8e78a,17a34bddebb5859fe5d97cdf10327f3707c8952f107ec1b5a8749811ac1ef191,18efda786f0debf2b351d2c0fa026f93618ea341,0.0,False,True,False
controlled_on_real_features,confirmatory,4,period2_index4,2,4,6,False,oracle_coherent_lift,4,8,9296,0,2304,1.0,8.0,4.3023747857660055,320000,False,False,3.5690199240434595e-08,0.5773502588272095,0.5773502588272095,0.6890000104904175,0.6053749993443489,0.5540000200271606,0.8756832480430603,0.4299789071083069,0.06192048594675725,0.753125011920929,/Users/tinggong/Documents/Codex/2026-07-19/holonomy-applications/work/TwistedMerge-holonomy-applications/reports/tmp/holonomy_applications/application_C_confirmatory/candidate_logits_seed_4.npz,ec9bbf3d5bafb04ed708528c5afac08ebabe926bd919a36c9ba2fada08c8e78a,17a34bddebb5859fe5d97cdf10327f3707c8952f107ec1b5a8749811ac1ef191,18efda786f0debf2b351d2c0fa026f93618ea341,0.0,False,True,False
controlled_on_real_features,confirmatory,4,period2_index4,2,4,8,True,ordinary_same_capacity,4,8,9296,0,4096,1.0,8.0,2.5844168849289417,320000,False,False,3.090862321641907e-08,0.0,3.090862321641907e-08,0.5220000147819519,0.23074999963864684,0.05999999865889549,1.8761502504348755,0.792494535446167,0.3354548916686326,0.36012500524520874,/Users/tinggong/Documents/Codex/2026-07-19/holonomy-applications/work/TwistedMerge-holonomy-applications/reports/tmp/holonomy_applications/application_C_confirmatory/candidate_logits_seed_4.npz,ec9bbf3d5bafb04ed708528c5afac08ebabe926bd919a36c9ba2fada08c8e78a,17a34bddebb5859fe5d97cdf10327f3707c8952f107ec1b5a8749811ac1ef191,18efda786f0debf2b351d2c0fa026f93618ea341,-0.16699999570846558,True,False,False
controlled_on_real_features,confirmatory,4,period2_index4,2,4,8,True,coherent_projective_lift,4,8,9296,0,4096,1.0,8.0,5.358499940484762,320000,False,False,3.090862321641907e-08,0.0,3.090862321641907e-08,0.6890000104904175,0.6053749993443489,0.5540000200271606,0.8756832480430603,0.4299789071083069,0.06192051132529741,0.753125011920929,/Users/tinggong/Documents/Codex/2026-07-19/holonomy-applications/work/TwistedMerge-holonomy-applications/reports/tmp/holonomy_applications/application_C_confirmatory/candidate_logits_seed_4.npz,ec9bbf3d5bafb04ed708528c5afac08ebabe926bd919a36c9ba2fada08c8e78a,17a34bddebb5859fe5d97cdf10327f3707c8952f107ec1b5a8749811ac1ef191,18efda786f0debf2b351d2c0fa026f93618ea341,0.0,True,True,True
controlled_on_real_features,confirmatory,4,period2_index4,2,4,8,True,parameter_matched_generic_unitary,4,8,9296,0,4096,1.0,8.0,5.270292051136494,320000,False,False,3.090862321641907e-08,0.0,3.090862321641907e-08,0.6890000104904175,0.6053749993443489,0.5540000200271606,0.8756832480430603,0.4299789071083069,0.06192050294339424,0.753125011920929,/Users/tinggong/Documents/Codex/2026-07-19/holonomy-applications/work/TwistedMerge-holonomy-applications/reports/tmp/holonomy_applications/application_C_confirmatory/candidate_logits_seed_4.npz,ec9bbf3d5bafb04ed708528c5afac08ebabe926bd919a36c9ba2fada08c8e78a,17a34bddebb5859fe5d97cdf10327f3707c8952f107ec1b5a8749811ac1ef191,18efda786f0debf2b351d2c0fa026f93618ea341,0.0,True,True,False
controlled_on_real_features,confirmatory,4,period2_index4,2,4,8,True,random_branch_control,4,8,9296,0,4096,1.0,8.0,5.13891689479351,320000,False,False,3.090862321641907e-08,0.0,3.090862321641907e-08,0.11999999731779099,0.16874999646097422,0.07199999690055847,2.4504024982452393,0.9234323501586914,0.02170074440073222,0.3395000100135803,/Users/tinggong/Documents/Codex/2026-07-19/holonomy-applications/work/TwistedMerge-holonomy-applications/reports/tmp/holonomy_applications/application_C_confirmatory/candidate_logits_seed_4.npz,ec9bbf3d5bafb04ed708528c5afac08ebabe926bd919a36c9ba2fada08c8e78a,17a34bddebb5859fe5d97cdf10327f3707c8952f107ec1b5a8749811ac1ef191,18efda786f0debf2b351d2c0fa026f93618ea341,-0.5690000131726265,True,False,False
controlled_on_real_features,confirmatory,4,period2_index4,2,4,8,True,wrong_cocycle_control,4,8,9296,0,4096,1.0,8.0,5.215333076193929,320000,False,False,3.090862321641907e-08,0.0,3.090862321641907e-08,0.08699999749660492,0.14549999730661511,0.05999999865889549,2.4435925483703613,0.9232736825942993,0.05161349172703922,0.3622500002384186,/Users/tinggong/Documents/Codex/2026-07-19/holonomy-applications/work/TwistedMerge-holonomy-applications/reports/tmp/holonomy_applications/application_C_confirmatory/candidate_logits_seed_4.npz,ec9bbf3d5bafb04ed708528c5afac08ebabe926bd919a36c9ba2fada08c8e78a,17a34bddebb5859fe5d97cdf10327f3707c8952f107ec1b5a8749811ac1ef191,18efda786f0debf2b351d2c0fa026f93618ea341,-0.6020000129938126,True,False,False
controlled_on_real_features,confirmatory,4,period2_index4,2,4,8,True,wrong_projective_representation,4,8,9296,0,4096,1.0,8.0,5.150792188942432,320000,False,False,3.090862321641907e-08,0.0,3.090862321641907e-08,0.5600000023841858,0.3164999997243285,0.07599999755620956,1.6748926639556885,0.7333794236183167,0.32916244020452723,0.3961249887943268,/Users/tinggong/Documents/Codex/2026-07-19/holonomy-applications/work/TwistedMerge-holonomy-applications/reports/tmp/holonomy_applications/application_C_confirmatory/candidate_logits_seed_4.npz,ec9bbf3d5bafb04ed708528c5afac08ebabe926bd919a36c9ba2fada08c8e78a,17a34bddebb5859fe5d97cdf10327f3707c8952f107ec1b5a8749811ac1ef191,18efda786f0debf2b351d2c0fa026f93618ea341,-0.1290000081062317,True,False,False
controlled_on_real_features,confirmatory,4,period2_index4,2,4,8,True,ensemble_upper_bound,4,8,9296,0,4096,1.0,8.0,0.0200001522898674,320000,False,False,3.090862321641907e-08,0.0,3.090862321641907e-08,0.6890000104904175,0.6053749993443489,0.5540000200271606,0.8756832480430603,0.4299789071083069,0.06192048594675725,0.753125011920929,/Users/tinggong/Documents/Codex/2026-07-19/holonomy-applications/work/TwistedMerge-holonomy-applications/reports/tmp/holonomy_applications/application_C_confirmatory/candidate_logits_seed_4.npz,ec9bbf3d5bafb04ed708528c5afac08ebabe926bd919a36c9ba2fada08c8e78a,17a34bddebb5859fe5d97cdf10327f3707c8952f107ec1b5a8749811ac1ef191,18efda786f0debf2b351d2c0fa026f93618ea341,0.0,True,True,False
controlled_on_real_features,confirmatory,4,period2_index4,2,4,8,True,oracle_coherent_lift,4,8,9296,0,4096,1.0,8.0,4.2046671733260155,320000,False,False,3.090862321641907e-08,0.0,3.090862321641907e-08,0.6890000104904175,0.6053749993443489,0.5540000200271606,0.8756832480430603,0.4299789071083069,0.06192048594675725,0.753125011920929,/Users/tinggong/Documents/Codex/2026-07-19/holonomy-applications/work/TwistedMerge-holonomy-applications/reports/tmp/holonomy_applications/application_C_confirmatory/candidate_logits_seed_4.npz,ec9bbf3d5bafb04ed708528c5afac08ebabe926bd919a36c9ba2fada08c8e78a,17a34bddebb5859fe5d97cdf10327f3707c8952f107ec1b5a8749811ac1ef191,18efda786f0debf2b351d2c0fa026f93618ea341,0.0,True,True,False
controlled_on_real_features,confirmatory,4,period3_index3,3,3,1,False,ordinary_same_capacity,4,8,9296,0,64,1.0,8.0,0.7696659304201603,320000,False,False,0.0,1.0,1.0,0.6769999861717224,0.2885000044479966,0.10000000149011612,1.301501989364624,0.5970777869224548,0.3419332403282169,0.6617500185966492,/Users/tinggong/Documents/Codex/2026-07-19/holonomy-applications/work/TwistedMerge-holonomy-applications/reports/tmp/holonomy_applications/application_C_confirmatory/candidate_logits_seed_4.npz,ec9bbf3d5bafb04ed708528c5afac08ebabe926bd919a36c9ba2fada08c8e78a,17a34bddebb5859fe5d97cdf10327f3707c8952f107ec1b5a8749811ac1ef191,18efda786f0debf2b351d2c0fa026f93618ea341,-0.012000024318695068,False,False,False
controlled_on_real_features,confirmatory,4,period3_index3,3,3,1,False,coherent_projective_lift,4,8,9296,0,64,1.0,8.0,0.9972080588340759,320000,False,False,0.0,1.0,1.0,0.6769999861717224,0.2885000044479966,0.10000000149011612,1.301501989364624,0.5970777869224548,0.3419332403282169,0.6617500185966492,/Users/tinggong/Documents/Codex/2026-07-19/holonomy-applications/work/TwistedMerge-holonomy-applications/reports/tmp/holonomy_applications/application_C_confirmatory/candidate_logits_seed_4.npz,ec9bbf3d5bafb04ed708528c5afac08ebabe926bd919a36c9ba2fada08c8e78a,17a34bddebb5859fe5d97cdf10327f3707c8952f107ec1b5a8749811ac1ef191,18efda786f0debf2b351d2c0fa026f93618ea341,-0.012000024318695068,False,False,False
controlled_on_real_features,confirmatory,4,period3_index3,3,3,1,False,parameter_matched_generic_unitary,4,8,9296,0,64,1.0,8.0,0.9966660290956497,320000,False,False,0.0,1.0,1.0,0.6890000104904175,0.6053749993443489,0.5540000200271606,0.8756831884384155,0.4299789071083069,0.06192049166565994,0.753125011920929,/Users/tinggong/Documents/Codex/2026-07-19/holonomy-applications/work/TwistedMerge-holonomy-applications/reports/tmp/holonomy_applications/application_C_confirmatory/candidate_logits_seed_4.npz,ec9bbf3d5bafb04ed708528c5afac08ebabe926bd919a36c9ba2fada08c8e78a,17a34bddebb5859fe5d97cdf10327f3707c8952f107ec1b5a8749811ac1ef191,18efda786f0debf2b351d2c0fa026f93618ea341,0.0,False,True,False
controlled_on_real_features,confirmatory,4,period3_index3,3,3,1,False,random_branch_control,4,8,9296,0,64,1.0,8.0,1.009166007861495,320000,False,False,0.0,1.0,1.0,0.6669999957084656,0.1708750007674098,0.10000000149011612,1.8031584024429321,0.7742716073989868,0.48626201320439577,0.8866249918937683,/Users/tinggong/Documents/Codex/2026-07-19/holonomy-applications/work/TwistedMerge-holonomy-applications/reports/tmp/holonomy_applications/application_C_confirmatory/candidate_logits_seed_4.npz,ec9bbf3d5bafb04ed708528c5afac08ebabe926bd919a36c9ba2fada08c8e78a,17a34bddebb5859fe5d97cdf10327f3707c8952f107ec1b5a8749811ac1ef191,18efda786f0debf2b351d2c0fa026f93618ea341,-0.022000014781951904,False,False,False
controlled_on_real_features,confirmatory,4,period3_index3,3,3,1,False,wrong_cocycle_control,4,8,9296,0,64,1.0,8.0,1.0175409261137247,320000,False,False,0.0,1.0,1.0,0.6079999804496765,0.21762500517070293,0.10000000149011612,1.6081677675247192,0.7146393656730652,0.3728277675108984,0.7751250267028809,/Users/tinggong/Documents/Codex/2026-07-19/holonomy-applications/work/TwistedMerge-holonomy-applications/reports/tmp/holonomy_applications/application_C_confirmatory/candidate_logits_seed_4.npz,ec9bbf3d5bafb04ed708528c5afac08ebabe926bd919a36c9ba2fada08c8e78a,17a34bddebb5859fe5d97cdf10327f3707c8952f107ec1b5a8749811ac1ef191,18efda786f0debf2b351d2c0fa026f93618ea341,-0.08100003004074097,False,False,False
controlled_on_real_features,confirmatory,4,period3_index3,3,3,1,False,wrong_projective_representation,4,8,9296,0,64,1.0,8.0,1.0134170297533274,320000,False,False,0.0,1.0,1.0,0.6740000247955322,0.23175000213086605,0.10000000149011612,1.4972681999206543,0.6720860600471497,0.41329501912696287,0.7733749747276306,/Users/tinggong/Documents/Codex/2026-07-19/holonomy-applications/work/TwistedMerge-holonomy-applications/reports/tmp/holonomy_applications/application_C_confirmatory/candidate_logits_seed_4.npz,ec9bbf3d5bafb04ed708528c5afac08ebabe926bd919a36c9ba2fada08c8e78a,17a34bddebb5859fe5d97cdf10327f3707c8952f107ec1b5a8749811ac1ef191,18efda786f0debf2b351d2c0fa026f93618ea341,-0.014999985694885254,False,False,False
controlled_on_real_features,confirmatory,4,period3_index3,3,3,1,False,ensemble_upper_bound,4,8,9296,0,64,1.0,8.0,0.05287490785121918,320000,False,False,0.0,1.0,1.0,0.6890000104904175,0.6053749993443489,0.5540000200271606,0.8756832480430603,0.4299789071083069,0.06192048594675725,0.753125011920929,/Users/tinggong/Documents/Codex/2026-07-19/holonomy-applications/work/TwistedMerge-holonomy-applications/reports/tmp/holonomy_applications/application_C_confirmatory/candidate_logits_seed_4.npz,ec9bbf3d5bafb04ed708528c5afac08ebabe926bd919a36c9ba2fada08c8e78a,17a34bddebb5859fe5d97cdf10327f3707c8952f107ec1b5a8749811ac1ef191,18efda786f0debf2b351d2c0fa026f93618ea341,0.0,False,True,False
controlled_on_real_features,confirmatory,4,period3_index3,3,3,1,False,oracle_coherent_lift,4,8,9296,0,64,1.0,8.0,4.33037499897182,320000,False,False,0.0,1.0,1.0,0.6890000104904175,0.6053749993443489,0.5540000200271606,0.8756832480430603,0.4299789071083069,0.061920505737361964,0.753125011920929,/Users/tinggong/Documents/Codex/2026-07-19/holonomy-applications/work/TwistedMerge-holonomy-applications/reports/tmp/holonomy_applications/application_C_confirmatory/candidate_logits_seed_4.npz,ec9bbf3d5bafb04ed708528c5afac08ebabe926bd919a36c9ba2fada08c8e78a,17a34bddebb5859fe5d97cdf10327f3707c8952f107ec1b5a8749811ac1ef191,18efda786f0debf2b351d2c0fa026f93618ea341,0.0,False,True,False
controlled_on_real_features,confirmatory,4,period3_index3,3,3,2,False,ordinary_same_capacity,4,8,9296,0,256,1.0,8.0,1.4056249056011438,320000,False,False,0.0,1.0,1.0,0.492000013589859,0.2881249971687794,0.10000000149011612,1.6370261907577515,0.7077990770339966,0.20875680046447087,0.45212501287460327,/Users/tinggong/Documents/Codex/2026-07-19/holonomy-applications/work/TwistedMerge-holonomy-applications/reports/tmp/holonomy_applications/application_C_confirmatory/candidate_logits_seed_4.npz,ec9bbf3d5bafb04ed708528c5afac08ebabe926bd919a36c9ba2fada08c8e78a,17a34bddebb5859fe5d97cdf10327f3707c8952f107ec1b5a8749811ac1ef191,18efda786f0debf2b351d2c0fa026f93618ea341,-0.19699999690055847,False,False,False
controlled_on_real_features,confirmatory,4,period3_index3,3,3,2,False,coherent_projective_lift,4,8,9296,0,256,1.0,8.0,3.6757090128958225,320000,False,False,0.0,1.0,1.0,0.640999972820282,0.41262500546872616,0.10000000149011612,1.121260166168213,0.5296865701675415,0.18901716242544353,0.5321249961853027,/Users/tinggong/Documents/Codex/2026-07-19/holonomy-applications/work/TwistedMerge-holonomy-applications/reports/tmp/holonomy_applications/application_C_confirmatory/candidate_logits_seed_4.npz,ec9bbf3d5bafb04ed708528c5afac08ebabe926bd919a36c9ba2fada08c8e78a,17a34bddebb5859fe5d97cdf10327f3707c8952f107ec1b5a8749811ac1ef191,18efda786f0debf2b351d2c0fa026f93618ea341,-0.0480000376701355,False,False,False
controlled_on_real_features,confirmatory,4,period3_index3,3,3,2,False,parameter_matched_generic_unitary,4,8,9296,0,256,1.0,8.0,3.657208988443017,320000,False,False,0.0,1.0,1.0,0.6890000104904175,0.6053749993443489,0.5540000200271606,0.8756832480430603,0.4299789071083069,0.06192050004756311,0.753125011920929,/Users/tinggong/Documents/Codex/2026-07-19/holonomy-applications/work/TwistedMerge-holonomy-applications/reports/tmp/holonomy_applications/application_C_confirmatory/candidate_logits_seed_4.npz,ec9bbf3d5bafb04ed708528c5afac08ebabe926bd919a36c9ba2fada08c8e78a,17a34bddebb5859fe5d97cdf10327f3707c8952f107ec1b5a8749811ac1ef191,18efda786f0debf2b351d2c0fa026f93618ea341,0.0,False,True,False
controlled_on_real_features,confirmatory,4,period3_index3,3,3,2,False,random_branch_control,4,8,9296,0,256,1.0,8.0,3.650000086054206,320000,False,False,0.0,1.0,1.0,0.33799999952316284,0.17425000201910734,0.10000000149011612,2.066012144088745,0.8418768048286438,0.17703493894077837,0.5508750081062317,/Users/tinggong/Documents/Codex/2026-07-19/holonomy-applications/work/TwistedMerge-holonomy-applications/reports/tmp/holonomy_applications/application_C_confirmatory/candidate_logits_seed_4.npz,ec9bbf3d5bafb04ed708528c5afac08ebabe926bd919a36c9ba2fada08c8e78a,17a34bddebb5859fe5d97cdf10327f3707c8952f107ec1b5a8749811ac1ef191,18efda786f0debf2b351d2c0fa026f93618ea341,-0.35100001096725464,False,False,False
controlled_on_real_features,confirmatory,4,period3_index3,3,3,2,False,wrong_cocycle_control,4,8,9296,0,256,1.0,8.0,3.639375092461705,320000,False,False,0.0,1.0,1.0,0.4020000100135803,0.20600000023841858,0.10000000149011612,2.05067777633667,0.829085111618042,0.21348285034764558,0.5671250224113464,/Users/tinggong/Documents/Codex/2026-07-19/holonomy-applications/work/TwistedMerge-holonomy-applications/reports/tmp/holonomy_applications/application_C_confirmatory/candidate_logits_seed_4.npz,ec9bbf3d5bafb04ed708528c5afac08ebabe926bd919a36c9ba2fada08c8e78a,17a34bddebb5859fe5d97cdf10327f3707c8952f107ec1b5a8749811ac1ef191,18efda786f0debf2b351d2c0fa026f93618ea341,-0.28700000047683716,False,False,False
controlled_on_real_features,confirmatory,4,period3_index3,3,3,2,False,wrong_projective_representation,4,8,9296,0,256,1.0,8.0,3.6435420624911785,320000,False,False,0.0,1.0,1.0,0.5740000009536743,0.29787500033853576,0.003000000026077032,1.5278128385543823,0.679273247718811,0.2980435767385643,0.43412500619888306,/Users/tinggong/Documents/Codex/2026-07-19/holonomy-applications/work/TwistedMerge-holonomy-applications/reports/tmp/holonomy_applications/application_C_confirmatory/candidate_logits_seed_4.npz,ec9bbf3d5bafb04ed708528c5afac08ebabe926bd919a36c9ba2fada08c8e78a,17a34bddebb5859fe5d97cdf10327f3707c8952f107ec1b5a8749811ac1ef191,18efda786f0debf2b351d2c0fa026f93618ea341,-0.11500000953674316,False,False,False
controlled_on_real_features,confirmatory,4,period3_index3,3,3,2,False,ensemble_upper_bound,4,8,9296,0,256,1.0,8.0,0.05345814861357212,320000,False,False,0.0,1.0,1.0,0.6890000104904175,0.6053749993443489,0.5540000200271606,0.8756832480430603,0.4299789071083069,0.06192048594675725,0.753125011920929,/Users/tinggong/Documents/Codex/2026-07-19/holonomy-applications/work/TwistedMerge-holonomy-applications/reports/tmp/holonomy_applications/application_C_confirmatory/candidate_logits_seed_4.npz,ec9bbf3d5bafb04ed708528c5afac08ebabe926bd919a36c9ba2fada08c8e78a,17a34bddebb5859fe5d97cdf10327f3707c8952f107ec1b5a8749811ac1ef191,18efda786f0debf2b351d2c0fa026f93618ea341,0.0,False,True,False
controlled_on_real_features,confirmatory,4,period3_index3,3,3,2,False,oracle_coherent_lift,4,8,9296,0,256,1.0,8.0,4.363666987046599,320000,False,False,0.0,1.0,1.0,0.6890000104904175,0.6053749993443489,0.5540000200271606,0.8756832480430603,0.4299789071083069,0.061920505737361964,0.753125011920929,/Users/tinggong/Documents/Codex/2026-07-19/holonomy-applications/work/TwistedMerge-holonomy-applications/reports/tmp/holonomy_applications/application_C_confirmatory/candidate_logits_seed_4.npz,ec9bbf3d5bafb04ed708528c5afac08ebabe926bd919a36c9ba2fada08c8e78a,17a34bddebb5859fe5d97cdf10327f3707c8952f107ec1b5a8749811ac1ef191,18efda786f0debf2b351d2c0fa026f93618ea341,0.0,False,True,False
controlled_on_real_features,confirmatory,4,period3_index3,3,3,3,True,ordinary_same_capacity,4,8,9296,0,576,1.0,8.0,1.6482498031109571,320000,False,False,5.960464477539063e-08,1.5389854013392323e-07,1.5389854013392323e-07,0.5,0.33437499962747097,0.1899999976158142,1.6050044298171997,0.6949600577354431,0.17859748378396034,0.45537498593330383,/Users/tinggong/Documents/Codex/2026-07-19/holonomy-applications/work/TwistedMerge-holonomy-applications/reports/tmp/holonomy_applications/application_C_confirmatory/candidate_logits_seed_4.npz,ec9bbf3d5bafb04ed708528c5afac08ebabe926bd919a36c9ba2fada08c8e78a,17a34bddebb5859fe5d97cdf10327f3707c8952f107ec1b5a8749811ac1ef191,18efda786f0debf2b351d2c0fa026f93618ea341,-0.18900001049041748,True,False,False
controlled_on_real_features,confirmatory,4,period3_index3,3,3,3,True,coherent_projective_lift,4,8,9296,0,576,1.0,8.0,4.302541958168149,320000,False,False,5.960464477539063e-08,1.5389854013392323e-07,1.5389854013392323e-07,0.6890000104904175,0.6053749993443489,0.5540000200271606,0.8756832480430603,0.4299789071083069,0.06192049166565994,0.753125011920929,/Users/tinggong/Documents/Codex/2026-07-19/holonomy-applications/work/TwistedMerge-holonomy-applications/reports/tmp/holonomy_applications/application_C_confirmatory/candidate_logits_seed_4.npz,ec9bbf3d5bafb04ed708528c5afac08ebabe926bd919a36c9ba2fada08c8e78a,17a34bddebb5859fe5d97cdf10327f3707c8952f107ec1b5a8749811ac1ef191,18efda786f0debf2b351d2c0fa026f93618ea341,0.0,True,True,True
controlled_on_real_features,confirmatory,4,period3_index3,3,3,3,True,parameter_matched_generic_unitary,4,8,9296,0,576,1.0,8.0,4.2471659835428,320000,False,False,5.960464477539063e-08,1.5389854013392323e-07,1.5389854013392323e-07,0.6890000104904175,0.6053749993443489,0.5540000200271606,0.8756832480430603,0.4299789071083069,0.06192050447134534,0.753125011920929,/Users/tinggong/Documents/Codex/2026-07-19/holonomy-applications/work/TwistedMerge-holonomy-applications/reports/tmp/holonomy_applications/application_C_confirmatory/candidate_logits_seed_4.npz,ec9bbf3d5bafb04ed708528c5afac08ebabe926bd919a36c9ba2fada08c8e78a,17a34bddebb5859fe5d97cdf10327f3707c8952f107ec1b5a8749811ac1ef191,18efda786f0debf2b351d2c0fa026f93618ea341,0.0,True,True,False
controlled_on_real_features,confirmatory,4,period3_index3,3,3,3,True,random_branch_control,4,8,9296,0,576,1.0,8.0,4.3036669958382845,320000,False,False,5.960464477539063e-08,1.5389854013392323e-07,1.5389854013392323e-07,0.4309999942779541,0.27587500074878335,0.041999999433755875,1.7728887796401978,0.7541216611862183,0.16464485065080225,0.37549999356269836,/Users/tinggong/Documents/Codex/2026-07-19/holonomy-applications/work/TwistedMerge-holonomy-applications/reports/tmp/holonomy_applications/application_C_confirmatory/candidate_logits_seed_4.npz,ec9bbf3d5bafb04ed708528c5afac08ebabe926bd919a36c9ba2fada08c8e78a,17a34bddebb5859fe5d97cdf10327f3707c8952f107ec1b5a8749811ac1ef191,18efda786f0debf2b351d2c0fa026f93618ea341,-0.2580000162124634,True,False,False
controlled_on_real_features,confirmatory,4,period3_index3,3,3,3,True,wrong_cocycle_control,4,8,9296,0,576,1.0,8.0,4.297165898606181,320000,False,False,5.960464477539063e-08,1.5389854013392323e-07,1.5389854013392323e-07,0.40400001406669617,0.2638749983161688,0.1899999976158142,2.0175249576568604,0.8198345899581909,0.2021234697313048,0.39162498712539673,/Users/tinggong/Documents/Codex/2026-07-19/holonomy-applications/work/TwistedMerge-holonomy-applications/reports/tmp/holonomy_applications/application_C_confirmatory/candidate_logits_seed_4.npz,ec9bbf3d5bafb04ed708528c5afac08ebabe926bd919a36c9ba2fada08c8e78a,17a34bddebb5859fe5d97cdf10327f3707c8952f107ec1b5a8749811ac1ef191,18efda786f0debf2b351d2c0fa026f93618ea341,-0.2849999964237213,True,False,False
controlled_on_real_features,confirmatory,4,period3_index3,3,3,3,True,wrong_projective_representation,4,8,9296,0,576,1.0,8.0,4.315458005294204,320000,False,False,5.960464477539063e-08,1.5389854013392323e-07,1.5389854013392323e-07,0.5839999914169312,0.3282500006025657,0.006000000052154064,1.5766944885253906,0.6982443332672119,0.3217794840456918,0.4267500042915344,/Users/tinggong/Documents/Codex/2026-07-19/holonomy-applications/work/TwistedMerge-holonomy-applications/reports/tmp/holonomy_applications/application_C_confirmatory/candidate_logits_seed_4.npz,ec9bbf3d5bafb04ed708528c5afac08ebabe926bd919a36c9ba2fada08c8e78a,17a34bddebb5859fe5d97cdf10327f3707c8952f107ec1b5a8749811ac1ef191,18efda786f0debf2b351d2c0fa026f93618ea341,-0.10500001907348633,True,False,False
controlled_on_real_features,confirmatory,4,period3_index3,3,3,3,True,ensemble_upper_bound,4,8,9296,0,576,1.0,8.0,0.05733314901590347,320000,False,False,5.960464477539063e-08,1.5389854013392323e-07,1.5389854013392323e-07,0.6890000104904175,0.6053749993443489,0.5540000200271606,0.8756832480430603,0.4299789071083069,0.06192048594675725,0.753125011920929,/Users/tinggong/Documents/Codex/2026-07-19/holonomy-applications/work/TwistedMerge-holonomy-applications/reports/tmp/holonomy_applications/application_C_confirmatory/candidate_logits_seed_4.npz,ec9bbf3d5bafb04ed708528c5afac08ebabe926bd919a36c9ba2fada08c8e78a,17a34bddebb5859fe5d97cdf10327f3707c8952f107ec1b5a8749811ac1ef191,18efda786f0debf2b351d2c0fa026f93618ea341,0.0,True,True,False
controlled_on_real_features,confirmatory,4,period3_index3,3,3,3,True,oracle_coherent_lift,4,8,9296,0,576,1.0,8.0,4.35075000859797,320000,False,False,5.960464477539063e-08,1.5389854013392323e-07,1.5389854013392323e-07,0.6890000104904175,0.6053749993443489,0.5540000200271606,0.8756832480430603,0.4299789071083069,0.061920505737361964,0.753125011920929,/Users/tinggong/Documents/Codex/2026-07-19/holonomy-applications/work/TwistedMerge-holonomy-applications/reports/tmp/holonomy_applications/application_C_confirmatory/candidate_logits_seed_4.npz,ec9bbf3d5bafb04ed708528c5afac08ebabe926bd919a36c9ba2fada08c8e78a,17a34bddebb5859fe5d97cdf10327f3707c8952f107ec1b5a8749811ac1ef191,18efda786f0debf2b351d2c0fa026f93618ea341,0.0,True,True,False
controlled_on_real_features,confirmatory,4,period3_index3,3,3,4,False,ordinary_same_capacity,4,8,9296,0,1024,1.0,8.0,1.9172080792486668,320000,False,False,5.161913918527716e-08,0.5,0.5,0.5690000057220459,0.3150000013411045,0.1899999976158142,1.6582387685775757,0.7179768085479736,0.31706834759097546,0.40412500500679016,/Users/tinggong/Documents/Codex/2026-07-19/holonomy-applications/work/TwistedMerge-holonomy-applications/reports/tmp/holonomy_applications/application_C_confirmatory/candidate_logits_seed_4.npz,ec9bbf3d5bafb04ed708528c5afac08ebabe926bd919a36c9ba2fada08c8e78a,17a34bddebb5859fe5d97cdf10327f3707c8952f107ec1b5a8749811ac1ef191,18efda786f0debf2b351d2c0fa026f93618ea341,-0.12000000476837158,False,False,False
controlled_on_real_features,confirmatory,4,period3_index3,3,3,4,False,coherent_projective_lift,4,8,9296,0,1024,1.0,8.0,4.302334040403366,320000,False,False,5.161913918527716e-08,0.5,0.5,0.6629999876022339,0.5575000047683716,0.5080000162124634,0.9523784518241882,0.46680811047554016,0.10333193396218121,0.7162500023841858,/Users/tinggong/Documents/Codex/2026-07-19/holonomy-applications/work/TwistedMerge-holonomy-applications/reports/tmp/holonomy_applications/application_C_confirmatory/candidate_logits_seed_4.npz,ec9bbf3d5bafb04ed708528c5afac08ebabe926bd919a36c9ba2fada08c8e78a,17a34bddebb5859fe5d97cdf10327f3707c8952f107ec1b5a8749811ac1ef191,18efda786f0debf2b351d2c0fa026f93618ea341,-0.026000022888183594,False,False,False
controlled_on_real_features,confirmatory,4,period3_index3,3,3,4,False,parameter_matched_generic_unitary,4,8,9296,0,1024,1.0,8.0,4.249083809554577,320000,False,False,5.161913918527716e-08,0.5,0.5,0.6890000104904175,0.6053749993443489,0.5540000200271606,0.8756832480430603,0.4299789071083069,0.06192048175580567,0.753125011920929,/Users/tinggong/Documents/Codex/2026-07-19/holonomy-applications/work/TwistedMerge-holonomy-applications/reports/tmp/holonomy_applications/application_C_confirmatory/candidate_logits_seed_4.npz,ec9bbf3d5bafb04ed708528c5afac08ebabe926bd919a36c9ba2fada08c8e78a,17a34bddebb5859fe5d97cdf10327f3707c8952f107ec1b5a8749811ac1ef191,18efda786f0debf2b351d2c0fa026f93618ea341,0.0,False,True,False
controlled_on_real_features,confirmatory,4,period3_index3,3,3,4,False,random_branch_control,4,8,9296,0,1024,1.0,8.0,4.21558297239244,320000,False,False,5.161913918527716e-08,0.5,0.5,0.48899999260902405,0.2851250059902668,0.14900000393390656,1.7950586080551147,0.7669060230255127,0.278319752032985,0.39912500977516174,/Users/tinggong/Documents/Codex/2026-07-19/holonomy-applications/work/TwistedMerge-holonomy-applications/reports/tmp/holonomy_applications/application_C_confirmatory/candidate_logits_seed_4.npz,ec9bbf3d5bafb04ed708528c5afac08ebabe926bd919a36c9ba2fada08c8e78a,17a34bddebb5859fe5d97cdf10327f3707c8952f107ec1b5a8749811ac1ef191,18efda786f0debf2b351d2c0fa026f93618ea341,-0.20000001788139343,False,False,False
controlled_on_real_features,confirmatory,4,period3_index3,3,3,4,False,wrong_cocycle_control,4,8,9296,0,1024,1.0,8.0,4.208958940580487,320000,False,False,5.161913918527716e-08,0.5,0.5,0.29600000381469727,0.24575000256299973,0.19900000095367432,2.1287004947662354,0.8482794761657715,0.11094003461766988,0.35887500643730164,/Users/tinggong/Documents/Codex/2026-07-19/holonomy-applications/work/TwistedMerge-holonomy-applications/reports/tmp/holonomy_applications/application_C_confirmatory/candidate_logits_seed_4.npz,ec9bbf3d5bafb04ed708528c5afac08ebabe926bd919a36c9ba2fada08c8e78a,17a34bddebb5859fe5d97cdf10327f3707c8952f107ec1b5a8749811ac1ef191,18efda786f0debf2b351d2c0fa026f93618ea341,-0.3930000066757202,False,False,False
controlled_on_real_features,confirmatory,4,period3_index3,3,3,4,False,wrong_projective_representation,4,8,9296,0,1024,1.0,8.0,4.178999923169613,320000,False,False,5.161913918527716e-08,0.5,0.5,0.5879999995231628,0.35162500478327274,0.14800000190734863,1.5608998537063599,0.6935405731201172,0.3187135005282471,0.46024999022483826,/Users/tinggong/Documents/Codex/2026-07-19/holonomy-applications/work/TwistedMerge-holonomy-applications/reports/tmp/holonomy_applications/application_C_confirmatory/candidate_logits_seed_4.npz,ec9bbf3d5bafb04ed708528c5afac08ebabe926bd919a36c9ba2fada08c8e78a,17a34bddebb5859fe5d97cdf10327f3707c8952f107ec1b5a8749811ac1ef191,18efda786f0debf2b351d2c0fa026f93618ea341,-0.10100001096725464,False,False,False
controlled_on_real_features,confirmatory,4,period3_index3,3,3,4,False,ensemble_upper_bound,4,8,9296,0,1024,1.0,8.0,0.026166904717683792,320000,False,False,5.161913918527716e-08,0.5,0.5,0.6890000104904175,0.6053749993443489,0.5540000200271606,0.8756832480430603,0.4299789071083069,0.06192048594675725,0.753125011920929,/Users/tinggong/Documents/Codex/2026-07-19/holonomy-applications/work/TwistedMerge-holonomy-applications/reports/tmp/holonomy_applications/application_C_confirmatory/candidate_logits_seed_4.npz,ec9bbf3d5bafb04ed708528c5afac08ebabe926bd919a36c9ba2fada08c8e78a,17a34bddebb5859fe5d97cdf10327f3707c8952f107ec1b5a8749811ac1ef191,18efda786f0debf2b351d2c0fa026f93618ea341,0.0,False,True,False
controlled_on_real_features,confirmatory,4,period3_index3,3,3,4,False,oracle_coherent_lift,4,8,9296,0,1024,1.0,8.0,4.259875044226646,320000,False,False,5.161913918527716e-08,0.5,0.5,0.6890000104904175,0.6053749993443489,0.5540000200271606,0.8756832480430603,0.4299789071083069,0.061920505737361964,0.753125011920929,/Users/tinggong/Documents/Codex/2026-07-19/holonomy-applications/work/TwistedMerge-holonomy-applications/reports/tmp/holonomy_applications/application_C_confirmatory/candidate_logits_seed_4.npz,ec9bbf3d5bafb04ed708528c5afac08ebabe926bd919a36c9ba2fada08c8e78a,17a34bddebb5859fe5d97cdf10327f3707c8952f107ec1b5a8749811ac1ef191,18efda786f0debf2b351d2c0fa026f93618ea341,0.0,False,True,False
controlled_on_real_features,confirmatory,4,period3_index3,3,3,6,True,ordinary_same_capacity,4,8,9296,0,2304,1.0,8.0,2.2945411037653685,320000,False,False,4.2146844236867764e-08,1.5389852592306852e-07,1.5389852592306852e-07,0.5139999985694885,0.2986250026151538,0.09300000220537186,1.7485591173171997,0.745419442653656,0.2854627747728955,0.4502499997615814,/Users/tinggong/Documents/Codex/2026-07-19/holonomy-applications/work/TwistedMerge-holonomy-applications/reports/tmp/holonomy_applications/application_C_confirmatory/candidate_logits_seed_4.npz,ec9bbf3d5bafb04ed708528c5afac08ebabe926bd919a36c9ba2fada08c8e78a,17a34bddebb5859fe5d97cdf10327f3707c8952f107ec1b5a8749811ac1ef191,18efda786f0debf2b351d2c0fa026f93618ea341,-0.17500001192092896,True,False,False
controlled_on_real_features,confirmatory,4,period3_index3,3,3,6,True,coherent_projective_lift,4,8,9296,0,2304,1.0,8.0,4.739499883726239,320000,False,False,4.2146844236867764e-08,1.5389852592306852e-07,1.5389852592306852e-07,0.6890000104904175,0.6053749993443489,0.5540000200271606,0.8756832480430603,0.4299789071083069,0.06192049456149107,0.753125011920929,/Users/tinggong/Documents/Codex/2026-07-19/holonomy-applications/work/TwistedMerge-holonomy-applications/reports/tmp/holonomy_applications/application_C_confirmatory/candidate_logits_seed_4.npz,ec9bbf3d5bafb04ed708528c5afac08ebabe926bd919a36c9ba2fada08c8e78a,17a34bddebb5859fe5d97cdf10327f3707c8952f107ec1b5a8749811ac1ef191,18efda786f0debf2b351d2c0fa026f93618ea341,0.0,True,True,True
controlled_on_real_features,confirmatory,4,period3_index3,3,3,6,True,parameter_matched_generic_unitary,4,8,9296,0,2304,1.0,8.0,4.709166008979082,320000,False,False,4.2146844236867764e-08,1.5389852592306852e-07,1.5389852592306852e-07,0.6890000104904175,0.6053749993443489,0.5540000200271606,0.8756832480430603,0.4299789071083069,0.06192048747470835,0.753125011920929,/Users/tinggong/Documents/Codex/2026-07-19/holonomy-applications/work/TwistedMerge-holonomy-applications/reports/tmp/holonomy_applications/application_C_confirmatory/candidate_logits_seed_4.npz,ec9bbf3d5bafb04ed708528c5afac08ebabe926bd919a36c9ba2fada08c8e78a,17a34bddebb5859fe5d97cdf10327f3707c8952f107ec1b5a8749811ac1ef191,18efda786f0debf2b351d2c0fa026f93618ea341,0.0,True,True,False
controlled_on_real_features,confirmatory,4,period3_index3,3,3,6,True,random_branch_control,4,8,9296,0,2304,1.0,8.0,4.689958179369569,320000,False,False,4.2146844236867764e-08,1.5389852592306852e-07,1.5389852592306852e-07,0.2590000033378601,0.247875003144145,0.17000000178813934,2.2025973796844482,0.8620820045471191,0.09293323924066499,0.4413749873638153,/Users/tinggong/Documents/Codex/2026-07-19/holonomy-applications/work/TwistedMerge-holonomy-applications/reports/tmp/holonomy_applications/application_C_confirmatory/candidate_logits_seed_4.npz,ec9bbf3d5bafb04ed708528c5afac08ebabe926bd919a36c9ba2fada08c8e78a,17a34bddebb5859fe5d97cdf10327f3707c8952f107ec1b5a8749811ac1ef191,18efda786f0debf2b351d2c0fa026f93618ea341,-0.4300000071525574,True,False,False
controlled_on_real_features,confirmatory,4,period3_index3,3,3,6,True,wrong_cocycle_control,4,8,9296,0,2304,1.0,8.0,4.691124893724918,320000,False,False,4.2146844236867764e-08,1.5389852592306852e-07,1.5389852592306852e-07,0.2370000034570694,0.21400000248104334,0.07699999958276749,2.2654435634613037,0.8837701082229614,0.09231219091452658,0.3973749876022339,/Users/tinggong/Documents/Codex/2026-07-19/holonomy-applications/work/TwistedMerge-holonomy-applications/reports/tmp/holonomy_applications/application_C_confirmatory/candidate_logits_seed_4.npz,ec9bbf3d5bafb04ed708528c5afac08ebabe926bd919a36c9ba2fada08c8e78a,17a34bddebb5859fe5d97cdf10327f3707c8952f107ec1b5a8749811ac1ef191,18efda786f0debf2b351d2c0fa026f93618ea341,-0.4520000070333481,True,False,False
controlled_on_real_features,confirmatory,4,period3_index3,3,3,6,True,wrong_projective_representation,4,8,9296,0,2304,1.0,8.0,4.6788330655545,320000,False,False,4.2146844236867764e-08,1.5389852592306852e-07,1.5389852592306852e-07,0.6349999904632568,0.34974999725818634,0.1599999964237213,1.5430110692977905,0.6859097480773926,0.376541700999951,0.4267500042915344,/Users/tinggong/Documents/Codex/2026-07-19/holonomy-applications/work/TwistedMerge-holonomy-applications/reports/tmp/holonomy_applications/application_C_confirmatory/candidate_logits_seed_4.npz,ec9bbf3d5bafb04ed708528c5afac08ebabe926bd919a36c9ba2fada08c8e78a,17a34bddebb5859fe5d97cdf10327f3707c8952f107ec1b5a8749811ac1ef191,18efda786f0debf2b351d2c0fa026f93618ea341,-0.054000020027160645,True,False,False
controlled_on_real_features,confirmatory,4,period3_index3,3,3,6,True,ensemble_upper_bound,4,8,9296,0,2304,1.0,8.0,0.022083986550569534,320000,False,False,4.2146844236867764e-08,1.5389852592306852e-07,1.5389852592306852e-07,0.6890000104904175,0.6053749993443489,0.5540000200271606,0.8756832480430603,0.4299789071083069,0.06192048594675725,0.753125011920929,/Users/tinggong/Documents/Codex/2026-07-19/holonomy-applications/work/TwistedMerge-holonomy-applications/reports/tmp/holonomy_applications/application_C_confirmatory/candidate_logits_seed_4.npz,ec9bbf3d5bafb04ed708528c5afac08ebabe926bd919a36c9ba2fada08c8e78a,17a34bddebb5859fe5d97cdf10327f3707c8952f107ec1b5a8749811ac1ef191,18efda786f0debf2b351d2c0fa026f93618ea341,0.0,True,True,False
controlled_on_real_features,confirmatory,4,period3_index3,3,3,6,True,oracle_coherent_lift,4,8,9296,0,2304,1.0,8.0,4.321333020925522,320000,False,False,4.2146844236867764e-08,1.5389852592306852e-07,1.5389852592306852e-07,0.6890000104904175,0.6053749993443489,0.5540000200271606,0.8756832480430603,0.4299789071083069,0.061920505737361964,0.753125011920929,/Users/tinggong/Documents/Codex/2026-07-19/holonomy-applications/work/TwistedMerge-holonomy-applications/reports/tmp/holonomy_applications/application_C_confirmatory/candidate_logits_seed_4.npz,ec9bbf3d5bafb04ed708528c5afac08ebabe926bd919a36c9ba2fada08c8e78a,17a34bddebb5859fe5d97cdf10327f3707c8952f107ec1b5a8749811ac1ef191,18efda786f0debf2b351d2c0fa026f93618ea341,0.0,True,True,False
