method,parameter_count,actual_trainable_parameters,stored_parameters,parameter_multiplier,branch_count,inference_multiplier,measured_inference_time_seconds,candidate_count,selector_validation_budget,is_single_model,is_branch_model,uses_supplied_context,uses_validation_data,uses_obstruction_data
c2m3_synchronized,577,577,577,1.0,1,1.0,0.0004730420187115669,1,4000,True,False,False,False,False
c2m3_synchronized,2177,2177,2177,1.0,1,1.0,0.0006996248848736286,1,4000,True,False,False,False,False
c2m3_synchronized,2177,2177,2177,1.0,1,1.0,0.0006895831320434809,1,4000,True,False,False,False,False
c2m3_synchronized,2177,2177,2177,1.0,1,1.0,0.0007329580839723349,1,4000,True,False,False,False,False
c2m3_synchronized,577,577,577,1.0,1,1.0,0.0005003330297768116,1,4000,True,False,False,False,False
c2m3_synchronized,2177,2177,2177,1.0,1,1.0,0.0007324160542339087,1,4000,True,False,False,False,False
c2m3_synchronized,2177,2177,2177,1.0,1,1.0,0.0006845418829470873,1,4000,True,False,False,False,False
c2m3_synchronized,2177,2177,2177,1.0,1,1.0,0.0006814170628786087,1,4000,True,False,False,False,False
c2m3_synchronized,577,577,577,1.0,1,1.0,0.00043000001460313797,1,4000,True,False,False,False,False
c2m3_synchronized,2177,2177,2177,1.0,1,1.0,0.0006748340092599392,1,4000,True,False,False,False,False
c2m3_synchronized,2177,2177,2177,1.0,1,1.0,0.0006831670179963112,1,4000,True,False,False,False,False
c2m3_synchronized,2177,2177,2177,1.0,1,1.0,0.0006795001681894064,1,4000,True,False,False,False,False
c2m3_synchronized,2177,2177,2177,1.0,1,1.0,0.0007307080086320639,1,4000,True,False,False,False,False
c2m3_synchronized,577,577,577,1.0,1,1.0,0.00039879116229712963,1,4000,True,False,False,False,False
c2m3_synchronized,2177,2177,2177,1.0,1,1.0,0.0008380839135497808,1,4000,True,False,False,False,False
c2m3_synchronized,2177,2177,2177,1.0,1,1.0,0.0007691250648349524,1,4000,True,False,False,False,False
c2m3_synchronized,2177,2177,2177,1.0,1,1.0,0.0006822920404374599,1,4000,True,False,False,False,False
c2m3_synchronized,2177,2177,2177,1.0,1,1.0,0.0007193749770522118,1,4000,True,False,False,False,False
c2m3_synchronized,577,577,577,1.0,1,1.0,0.000573999946936965,1,4000,True,False,False,False,False
c2m3_synchronized,2177,2177,2177,1.0,1,1.0,0.0006667920388281345,1,4000,True,False,False,False,False
c2m3_synchronized,2177,2177,2177,1.0,1,1.0,0.0007341669406741858,1,4000,True,False,False,False,False
c2m3_synchronized,2177,2177,2177,1.0,1,1.0,0.0006915000267326832,1,4000,True,False,False,False,False
c2m3_synchronized,2177,2177,2177,1.0,1,1.0,0.0007437919266521931,1,4000,True,False,False,False,False
c2m3_synchronized,577,577,577,1.0,1,1.0,0.00040549994446337223,1,4000,True,False,False,False,False
c2m3_synchronized,2177,2177,2177,1.0,1,1.0,0.000730917090550065,1,4000,True,False,False,False,False
c2m3_synchronized,2177,2177,2177,1.0,1,1.0,0.0007162499241530895,1,4000,True,False,False,False,False
c2m3_synchronized,2177,2177,2177,1.0,1,1.0,0.0006674169562757015,1,4000,True,False,False,False,False
c2m3_synchronized,577,577,577,1.0,1,1.0,0.00048450008034706116,1,4000,True,False,False,False,False
c2m3_synchronized,2177,2177,2177,1.0,1,1.0,0.0007412091363221407,1,4000,True,False,False,False,False
c2m3_synchronized,2177,2177,2177,1.0,1,1.0,0.0007345841731876135,1,4000,True,False,False,False,False
c2m3_synchronized,2177,2177,2177,1.0,1,1.0,0.0007010840345174074,1,4000,True,False,False,False,False
c2m3_synchronized,577,577,577,1.0,1,1.0,0.0003974158316850662,1,4000,True,False,False,False,False
c2m3_synchronized,2177,2177,2177,1.0,1,1.0,0.0007528751157224178,1,4000,True,False,False,False,False
c2m3_synchronized,2177,2177,2177,1.0,1,1.0,0.0008122920989990234,1,4000,True,False,False,False,False
c2m3_synchronized,2177,2177,2177,1.0,1,1.0,0.0006815411616116762,1,4000,True,False,False,False,False
c2m3_synchronized,2177,2177,2177,1.0,1,1.0,0.0007651669438928366,1,4000,True,False,False,False,False
c2m3_synchronized,577,577,577,1.0,1,1.0,0.00041425018571317196,1,4000,True,False,False,False,False
c2m3_synchronized,2177,2177,2177,1.0,1,1.0,0.0007039171177893877,1,4000,True,False,False,False,False
c2m3_synchronized,577,577,577,1.0,1,1.0,0.0005069170147180557,1,4000,True,False,False,False,False
c2m3_synchronized,2177,2177,2177,1.0,1,1.0,0.0006780829280614853,1,4000,True,False,False,False,False
c2m3_synchronized,2177,2177,2177,1.0,1,1.0,0.0007555410265922546,1,4000,True,False,False,False,False
c2m3_synchronized,577,577,577,1.0,1,1.0,0.00048762490041553974,1,4000,True,False,False,False,False
c2m3_synchronized,577,577,577,1.0,1,1.0,0.00036625005304813385,1,4000,True,False,False,False,False
c2m3_synchronized,2177,2177,2177,1.0,1,1.0,0.0008962501306086779,1,4000,True,False,False,False,False
c2m3_synchronized,2177,2177,2177,1.0,1,1.0,0.0008788330014795065,1,4000,True,False,False,False,False
c2m3_synchronized,577,577,577,1.0,1,1.0,0.0004184169229120016,1,4000,True,False,False,False,False
c2m3_synchronized,2177,2177,2177,1.0,1,1.0,0.0006581251509487629,1,4000,True,False,False,False,False
c2m3_synchronized,2177,2177,2177,1.0,1,1.0,0.000696083065122366,1,4000,True,False,False,False,False
c2m3_synchronized,2177,2177,2177,1.0,1,1.0,0.0007256658282130957,1,4000,True,False,False,False,False
c2m3_synchronized,2177,2177,2177,1.0,1,1.0,0.0007692079525440931,1,4000,True,False,False,False,False
c2m3_synchronized,577,577,577,1.0,1,1.0,0.0004249999765306711,1,4000,True,False,False,False,False
c2m3_synchronized,2177,2177,2177,1.0,1,1.0,0.000778124900534749,1,4000,True,False,False,False,False
c2m3_synchronized,2177,2177,2177,1.0,1,1.0,0.0007483749650418758,1,4000,True,False,False,False,False
c2m3_synchronized,577,577,577,1.0,1,1.0,0.0003785830922424793,1,4000,True,False,False,False,False
c2m3_synchronized,577,577,577,1.0,1,1.0,0.0004738748539239168,1,4000,True,False,False,False,False
c2m3_synchronized,2177,2177,2177,1.0,1,1.0,0.0012250000145286322,1,4000,True,False,False,False,False
c2m3_synchronized,2177,2177,2177,1.0,1,1.0,0.0007499591447412968,1,4000,True,False,False,False,False
c2m3_synchronized,2177,2177,2177,1.0,1,1.0,0.0006890001241117716,1,4000,True,False,False,False,False
c2m3_synchronized,577,577,577,1.0,1,1.0,0.00040458282455801964,1,4000,True,False,False,False,False
c2m3_synchronized,2177,2177,2177,1.0,1,1.0,0.0011400000657886267,1,4000,True,False,False,False,False
c2m3_synchronized,2177,2177,2177,1.0,1,1.0,0.0008201671298593283,1,4000,True,False,False,False,False
c2m3_synchronized,577,577,577,1.0,1,1.0,0.0005501669365912676,1,4000,True,False,False,False,False
c2m3_synchronized,2177,2177,2177,1.0,1,1.0,0.000775833148509264,1,4000,True,False,False,False,False
c2m3_synchronized,577,577,577,1.0,1,1.0,0.00048245792277157307,1,4000,True,False,False,False,False
c2m3_synchronized,2177,2177,2177,1.0,1,1.0,0.000832707853987813,1,4000,True,False,False,False,False
c2m3_synchronized,577,577,577,1.0,1,1.0,0.0003858329728245735,1,4000,True,False,False,False,False
c2m3_synchronized,577,577,577,1.0,1,1.0,0.00041095796041190624,1,4000,True,False,False,False,False
c2m3_synchronized,2177,2177,2177,1.0,1,1.0,0.0007184590213000774,1,4000,True,False,False,False,False
c2m3_synchronized,2177,2177,2177,1.0,1,1.0,0.0006726670544594526,1,4000,True,False,False,False,False
c2m3_synchronized,577,577,577,1.0,1,1.0,0.00048437505029141903,1,4000,True,False,False,False,False
c2m3_synchronized,577,577,577,1.0,1,1.0,0.00048687495291233063,1,4000,True,False,False,False,False
c2m3_synchronized,577,577,577,1.0,1,1.0,0.000475084176287055,1,4000,True,False,False,False,False
c2m3_synchronized,2177,2177,2177,1.0,1,1.0,0.0006738749798387289,1,4000,True,False,False,False,False
c2m3_synchronized,2177,2177,2177,1.0,1,1.0,0.0006976248696446419,1,4000,True,False,False,False,False
c2m3_synchronized,577,577,577,1.0,1,1.0,0.00047337496653199196,1,4000,True,False,False,False,False
c2m3_synchronized,577,577,577,1.0,1,1.0,0.00048641604371368885,1,4000,True,False,False,False,False
c2m3_synchronized,577,577,577,1.0,1,1.0,0.0004917080514132977,1,4000,True,False,False,False,False
c2m3_synchronized,2177,2177,2177,1.0,1,1.0,0.0007956249173730612,1,4000,True,False,False,False,False
c2m3_synchronized,2177,2177,2177,1.0,1,1.0,0.000716333044692874,1,4000,True,False,False,False,False
c2m3_synchronized,2177,2177,2177,1.0,1,1.0,0.000701958080753684,1,4000,True,False,False,False,False
c2m3_synchronized,577,577,577,1.0,1,1.0,0.0013469578698277473,1,4000,True,False,False,False,False
c2m3_synchronized,2177,2177,2177,1.0,1,1.0,0.0006579579785466194,1,4000,True,False,False,False,False
c2m3_synchronized,577,577,577,1.0,1,1.0,0.00044770888052880764,1,4000,True,False,False,False,False
c2m3_synchronized,2177,2177,2177,1.0,1,1.0,0.0006973331328481436,1,4000,True,False,False,False,False
c2m3_synchronized,577,577,577,1.0,1,1.0,0.00039766705594956875,1,4000,True,False,False,False,False
c2m3_synchronized,577,577,577,1.0,1,1.0,0.0004692920483648777,1,4000,True,False,False,False,False
c2m3_synchronized,2177,2177,2177,1.0,1,1.0,0.0008278328459709883,1,4000,True,False,False,False,False
c2m3_synchronized,577,577,577,1.0,1,1.0,0.0006143329665064812,1,4000,True,False,False,False,False
c2m3_synchronized,2177,2177,2177,1.0,1,1.0,0.0006567919626832008,1,4000,True,False,False,False,False
c2m3_synchronized,577,577,577,1.0,1,1.0,0.0004955001641064882,1,4000,True,False,False,False,False
c2m3_synchronized,2177,2177,2177,1.0,1,1.0,0.0006806668825447559,1,4000,True,False,False,False,False
c2m3_synchronized,577,577,577,1.0,1,1.0,0.0005560419522225857,1,4000,True,False,False,False,False
c2m3_synchronized,577,577,577,1.0,1,1.0,0.000496832886710763,1,4000,True,False,False,False,False
c2m3_synchronized,577,577,577,1.0,1,1.0,0.0005062080454081297,1,4000,True,False,False,False,False
c2m3_synchronized,577,577,577,1.0,1,1.0,0.0008538751862943172,1,4000,True,False,False,False,False
c2m3_synchronized,577,577,577,1.0,1,1.0,0.00038175005465745926,1,4000,True,False,False,False,False
c2m3_synchronized,577,577,577,1.0,1,1.0,0.00046274997293949127,1,4000,True,False,False,False,False
c2m3_synchronized,577,577,577,1.0,1,1.0,0.0004072091542184353,1,4000,True,False,False,False,False
c2m3_synchronized,2177,2177,2177,1.0,1,1.0,0.0006837500259280205,1,4000,True,False,False,False,False
c2m3_synchronized,2177,2177,2177,1.0,1,1.0,0.0007464170921593904,1,4000,True,False,False,False,False
c2m3_synchronized,577,577,577,1.0,1,1.0,0.00044933310709893703,1,4000,True,False,False,False,False
c2m3_synchronized,2177,2177,2177,1.0,1,1.0,0.0023841247893869877,1,4000,True,False,False,False,False
c2m3_synchronized,577,577,577,1.0,1,1.0,0.0004657919052988291,1,4000,True,False,False,False,False
c2m3_synchronized,2177,2177,2177,1.0,1,1.0,0.0006995419971644878,1,4000,True,False,False,False,False
c2m3_synchronized,577,577,577,1.0,1,1.0,0.0009877919219434261,1,4000,True,False,False,False,False
c2m3_synchronized,2177,2177,2177,1.0,1,1.0,0.000724458135664463,1,4000,True,False,False,False,False
c2m3_synchronized,2177,2177,2177,1.0,1,1.0,0.0006702910177409649,1,4000,True,False,False,False,False
c2m3_synchronized,577,577,577,1.0,1,1.0,0.0004906249232590199,1,4000,True,False,False,False,False
c2m3_synchronized,577,577,577,1.0,1,1.0,0.0004865000955760479,1,4000,True,False,False,False,False
c2m3_synchronized,2177,2177,2177,1.0,1,1.0,0.0008279159665107727,1,4000,True,False,False,False,False
c2m3_synchronized,577,577,577,1.0,1,1.0,0.0005145000759512186,1,4000,True,False,False,False,False
c2m3_synchronized,2177,2177,2177,1.0,1,1.0,0.0007014588918536901,1,4000,True,False,False,False,False
c2m3_synchronized,2177,2177,2177,1.0,1,1.0,0.0007223330903798342,1,4000,True,False,False,False,False
c2m3_synchronized,577,577,577,1.0,1,1.0,0.00043383287265896797,1,4000,True,False,False,False,False
c2m3_synchronized,577,577,577,1.0,1,1.0,0.0004466250538825989,1,4000,True,False,False,False,False
c2m3_synchronized,2177,2177,2177,1.0,1,1.0,0.0006972919218242168,1,4000,True,False,False,False,False
c2m3_synchronized,2177,2177,2177,1.0,1,1.0,0.0006864590104669333,1,4000,True,False,False,False,False
c2m3_synchronized,577,577,577,1.0,1,1.0,0.0004835419822484255,1,4000,True,False,False,False,False
c2m3_synchronized,577,577,577,1.0,1,1.0,0.0003897501155734062,1,4000,True,False,False,False,False
c2m3_synchronized,577,577,577,1.0,1,1.0,0.00043762498535215855,1,4000,True,False,False,False,False
c2m3_synchronized,2177,2177,2177,1.0,1,1.0,0.0007439579349011183,1,4000,True,False,False,False,False
c2m3_synchronized,577,577,577,1.0,1,1.0,0.00037895888090133667,1,4000,True,False,False,False,False
c2m3_synchronized,577,577,577,1.0,1,1.0,0.00044245808385312557,1,4000,True,False,False,False,False
c2m3_synchronized,577,577,577,1.0,1,1.0,0.00045516714453697205,1,4000,True,False,False,False,False
c2m3_synchronized,577,577,577,1.0,1,1.0,0.0006554170977324247,1,4000,True,False,False,False,False
c2m3_synchronized,2177,2177,2177,1.0,1,1.0,0.0007024579681456089,1,4000,True,False,False,False,False
c2m3_synchronized,577,577,577,1.0,1,1.0,0.0005487499292939901,1,4000,True,False,False,False,False
c2m3_synchronized,577,577,577,1.0,1,1.0,0.0004195000510662794,1,4000,True,False,False,False,False
c2m3_synchronized,2177,2177,2177,1.0,1,1.0,0.0007804168853908777,1,4000,True,False,False,False,False
c2m3_synchronized,2177,2177,2177,1.0,1,1.0,0.0007156669162213802,1,4000,True,False,False,False,False
c2m3_synchronized,577,577,577,1.0,1,1.0,0.00047570792958140373,1,4000,True,False,False,False,False
c2m3_synchronized,577,577,577,1.0,1,1.0,0.0004772499669343233,1,4000,True,False,False,False,False
c2m3_synchronized,577,577,577,1.0,1,1.0,0.0004275841638445854,1,4000,True,False,False,False,False
c2m3_synchronized,2177,2177,2177,1.0,1,1.0,0.000679834047332406,1,4000,True,False,False,False,False
c2m3_synchronized,577,577,577,1.0,1,1.0,0.00038829189725220203,1,4000,True,False,False,False,False
c2m3_synchronized,2177,2177,2177,1.0,1,1.0,0.0006857910193502903,1,4000,True,False,False,False,False
c2m3_synchronized,577,577,577,1.0,1,1.0,0.0004327078349888325,1,4000,True,False,False,False,False
c2m3_synchronized,577,577,577,1.0,1,1.0,0.0005128339398652315,1,4000,True,False,False,False,False
c2m3_synchronized,2177,2177,2177,1.0,1,1.0,0.0010883330833166838,1,4000,True,False,False,False,False
c2m3_synchronized,577,577,577,1.0,1,1.0,0.0009483341127634048,1,4000,True,False,False,False,False
c2m3_synchronized,577,577,577,1.0,1,1.0,0.0003993329592049122,1,4000,True,False,False,False,False
c2m3_synchronized,577,577,577,1.0,1,1.0,0.0009557497687637806,1,4000,True,False,False,False,False
c2m3_synchronized,2177,2177,2177,1.0,1,1.0,0.0007585410494357347,1,4000,True,False,False,False,False
c2m3_synchronized,2177,2177,2177,1.0,1,1.0,0.0006599999032914639,1,4000,True,False,False,False,False
c2m3_synchronized,577,577,577,1.0,1,1.0,0.00045191613025963306,1,4000,True,False,False,False,False
c2m3_synchronized,577,577,577,1.0,1,1.0,0.0004654999356716871,1,4000,True,False,False,False,False
c2m3_synchronized,577,577,577,1.0,1,1.0,0.000697416951879859,1,4000,True,False,False,False,False
c2m3_synchronized,577,577,577,1.0,1,1.0,0.0004019590560346842,1,4000,True,False,False,False,False
c2m3_synchronized,577,577,577,1.0,1,1.0,0.00039983284659683704,1,4000,True,False,False,False,False
c2m3_synchronized,577,577,577,1.0,1,1.0,0.0006985419895499945,1,4000,True,False,False,False,False
c2m3_synchronized,2177,2177,2177,1.0,1,1.0,0.0007485831156373024,1,4000,True,False,False,False,False
c2m3_synchronized,577,577,577,1.0,1,1.0,0.0004540418740361929,1,4000,True,False,False,False,False
c2m3_synchronized,577,577,577,1.0,1,1.0,0.0003802089486271143,1,4000,True,False,False,False,False
c2m3_synchronized,577,577,577,1.0,1,1.0,0.0005867499858140945,1,4000,True,False,False,False,False
c2m3_synchronized,2177,2177,2177,1.0,1,1.0,0.000665250001475215,1,4000,True,False,False,False,False
c2m3_synchronized,577,577,577,1.0,1,1.0,0.00046200002543628216,1,4000,True,False,False,False,False
c2m3_synchronized,577,577,577,1.0,1,1.0,0.00041437498293817043,1,4000,True,False,False,False,False
c2m3_synchronized,577,577,577,1.0,1,1.0,0.0005404171533882618,1,4000,True,False,False,False,False
c2m3_synchronized,2177,2177,2177,1.0,1,1.0,0.0006781669799238443,1,4000,True,False,False,False,False
c2m3_synchronized,577,577,577,1.0,1,1.0,0.0004403749480843544,1,4000,True,False,False,False,False
c2m3_synchronized,577,577,577,1.0,1,1.0,0.00040500005707144737,1,4000,True,False,False,False,False
c2m3_synchronized,2177,2177,2177,1.0,1,1.0,0.0006848338525742292,1,4000,True,False,False,False,False
c2m3_synchronized,577,577,577,1.0,1,1.0,0.000503583112731576,1,4000,True,False,False,False,False
c2m3_synchronized,577,577,577,1.0,1,1.0,0.00048445817083120346,1,4000,True,False,False,False,False
c2m3_synchronized,2177,2177,2177,1.0,1,1.0,0.0007038330659270287,1,4000,True,False,False,False,False
c2m3_synchronized,2177,2177,2177,1.0,1,1.0,0.0009806249290704727,1,4000,True,False,False,False,False
c2m3_synchronized,577,577,577,1.0,1,1.0,0.0003825000021606684,1,4000,True,False,False,False,False
c2m3_synchronized,2177,2177,2177,1.0,1,1.0,0.0006926660425961018,1,4000,True,False,False,False,False
c2m3_synchronized,577,577,577,1.0,1,1.0,0.00038329209201037884,1,4000,True,False,False,False,False
c2m3_synchronized,2177,2177,2177,1.0,1,1.0,0.0006813339423388243,1,4000,True,False,False,False,False
c2m3_synchronized,577,577,577,1.0,1,1.0,0.00044724997133016586,1,4000,True,False,False,False,False
c2m3_synchronized,2177,2177,2177,1.0,1,1.0,0.0006916248239576817,1,4000,True,False,False,False,False
c2m3_synchronized,2177,2177,2177,1.0,1,1.0,0.0008367910049855709,1,4000,True,False,False,False,False
c2m3_synchronized,577,577,577,1.0,1,1.0,0.0004144578706473112,1,4000,True,False,False,False,False
c2m3_synchronized,577,577,577,1.0,1,1.0,0.0003844168968498707,1,4000,True,False,False,False,False
c2m3_synchronized,577,577,577,1.0,1,1.0,0.0004789589438587427,1,4000,True,False,False,False,False
c2m3_synchronized,577,577,577,1.0,1,1.0,0.0004023329820483923,1,4000,True,False,False,False,False
c2m3_synchronized,577,577,577,1.0,1,1.0,0.0003915829584002495,1,4000,True,False,False,False,False
c2m3_synchronized,2177,2177,2177,1.0,1,1.0,0.0007568341679871082,1,4000,True,False,False,False,False
distilled_single_model_control,577,577,577,1.0,1,1.0,0.000361250014975667,1,4000,True,False,False,True,False
distilled_single_model_control,2177,2177,2177,1.0,1,1.0,0.0006937498692423105,1,4000,True,False,False,True,False
distilled_single_model_control,2177,2177,2177,1.0,1,1.0,0.0006710831075906754,1,4000,True,False,False,True,False
distilled_single_model_control,577,577,577,1.0,1,1.0,0.0004002500791102648,1,4000,True,False,False,True,False
distilled_single_model_control,2177,2177,2177,1.0,1,1.0,0.0006638329941779375,1,4000,True,False,False,True,False
distilled_single_model_control,577,577,577,1.0,1,1.0,0.0005042499396950006,1,4000,True,False,False,True,False
distilled_single_model_control,577,577,577,1.0,1,1.0,0.0004857501480728388,1,4000,True,False,False,True,False
distilled_single_model_control,577,577,577,1.0,1,1.0,0.0004458329640328884,1,4000,True,False,False,True,False
distilled_single_model_control,577,577,577,1.0,1,1.0,0.0006819581612944603,1,4000,True,False,False,True,False
distilled_single_model_control,2177,2177,2177,1.0,1,1.0,0.0006617498584091663,1,4000,True,False,False,True,False
distilled_single_model_control,577,577,577,1.0,1,1.0,0.0004842081107199192,1,4000,True,False,False,True,False
distilled_single_model_control,577,577,577,1.0,1,1.0,0.0004999169614166021,1,4000,True,False,False,True,False
distilled_single_model_control,577,577,577,1.0,1,1.0,0.0004924170207232237,1,4000,True,False,False,True,False
distilled_single_model_control,2177,2177,2177,1.0,1,1.0,0.0007438329048454762,1,4000,True,False,False,True,False
distilled_single_model_control,577,577,577,1.0,1,1.0,0.0004894589073956013,1,4000,True,False,False,True,False
distilled_single_model_control,577,577,577,1.0,1,1.0,0.00039054197259247303,1,4000,True,False,False,True,False
distilled_single_model_control,577,577,577,1.0,1,1.0,0.00041904207319021225,1,4000,True,False,False,True,False
distilled_single_model_control,2177,2177,2177,1.0,1,1.0,0.0006856250111013651,1,4000,True,False,False,True,False
distilled_single_model_control,2177,2177,2177,1.0,1,1.0,0.0008730408735573292,1,4000,True,False,False,True,False
distilled_single_model_control,2177,2177,2177,1.0,1,1.0,0.0007082910742610693,1,4000,True,False,False,True,False
distilled_single_model_control,2177,2177,2177,1.0,1,1.0,0.0010020830668509007,1,4000,True,False,False,True,False
distilled_single_model_control,2177,2177,2177,1.0,1,1.0,0.0007418328896164894,1,4000,True,False,False,True,False
distilled_single_model_control,2177,2177,2177,1.0,1,1.0,0.0011193337850272655,1,4000,True,False,False,True,False
distilled_single_model_control,577,577,577,1.0,1,1.0,0.00040616700425744057,1,4000,True,False,False,True,False
distilled_single_model_control,577,577,577,1.0,1,1.0,0.0004677909892052412,1,4000,True,False,False,True,False
distilled_single_model_control,2177,2177,2177,1.0,1,1.0,0.0007436671294271946,1,4000,True,False,False,True,False
distilled_single_model_control,2177,2177,2177,1.0,1,1.0,0.0007579170633107424,1,4000,True,False,False,True,False
distilled_single_model_control,2177,2177,2177,1.0,1,1.0,0.0007490408606827259,1,4000,True,False,False,True,False
distilled_single_model_control,2177,2177,2177,1.0,1,1.0,0.0006976660806685686,1,4000,True,False,False,True,False
distilled_single_model_control,2177,2177,2177,1.0,1,1.0,0.0007107499986886978,1,4000,True,False,False,True,False
distilled_single_model_control,577,577,577,1.0,1,1.0,0.0005842919927090406,1,4000,True,False,False,True,False
distilled_single_model_control,577,577,577,1.0,1,1.0,0.00039033289067447186,1,4000,True,False,False,True,False
distilled_single_model_control,577,577,577,1.0,1,1.0,0.0010074579622596502,1,4000,True,False,False,True,False
distilled_single_model_control,2177,2177,2177,1.0,1,1.0,0.0006767080631107092,1,4000,True,False,False,True,False
distilled_single_model_control,2177,2177,2177,1.0,1,1.0,0.000678124837577343,1,4000,True,False,False,True,False
distilled_single_model_control,2177,2177,2177,1.0,1,1.0,0.0007503330707550049,1,4000,True,False,False,True,False
distilled_single_model_control,577,577,577,1.0,1,1.0,0.0015513338148593903,1,4000,True,False,False,True,False
distilled_single_model_control,577,577,577,1.0,1,1.0,0.0004671248607337475,1,4000,True,False,False,True,False
distilled_single_model_control,577,577,577,1.0,1,1.0,0.0005149999633431435,1,4000,True,False,False,True,False
distilled_single_model_control,2177,2177,2177,1.0,1,1.0,0.0008201249875128269,1,4000,True,False,False,True,False
distilled_single_model_control,577,577,577,1.0,1,1.0,0.0003926251083612442,1,4000,True,False,False,True,False
distilled_single_model_control,2177,2177,2177,1.0,1,1.0,0.0007696670945733786,1,4000,True,False,False,True,False
distilled_single_model_control,577,577,577,1.0,1,1.0,0.0005288750398904085,1,4000,True,False,False,True,False
distilled_single_model_control,577,577,577,1.0,1,1.0,0.00045050005428493023,1,4000,True,False,False,True,False
distilled_single_model_control,577,577,577,1.0,1,1.0,0.00040570786222815514,1,4000,True,False,False,True,False
distilled_single_model_control,2177,2177,2177,1.0,1,1.0,0.0006702910177409649,1,4000,True,False,False,True,False
distilled_single_model_control,2177,2177,2177,1.0,1,1.0,0.0007362090982496738,1,4000,True,False,False,True,False
distilled_single_model_control,577,577,577,1.0,1,1.0,0.0004129589069634676,1,4000,True,False,False,True,False
distilled_single_model_control,577,577,577,1.0,1,1.0,0.0004562500398606062,1,4000,True,False,False,True,False
distilled_single_model_control,577,577,577,1.0,1,1.0,0.00048241694457829,1,4000,True,False,False,True,False
distilled_single_model_control,2177,2177,2177,1.0,1,1.0,0.0007367078214883804,1,4000,True,False,False,True,False
distilled_single_model_control,577,577,577,1.0,1,1.0,0.0009956250432878733,1,4000,True,False,False,True,False
distilled_single_model_control,577,577,577,1.0,1,1.0,0.0015370410401374102,1,4000,True,False,False,True,False
distilled_single_model_control,577,577,577,1.0,1,1.0,0.00042262510396540165,1,4000,True,False,False,True,False
distilled_single_model_control,577,577,577,1.0,1,1.0,0.0003884171601384878,1,4000,True,False,False,True,False
distilled_single_model_control,577,577,577,1.0,1,1.0,0.0004433749709278345,1,4000,True,False,False,True,False
distilled_single_model_control,2177,2177,2177,1.0,1,1.0,0.000694249989464879,1,4000,True,False,False,True,False
distilled_single_model_control,577,577,577,1.0,1,1.0,0.0011110000777989626,1,4000,True,False,False,True,False
distilled_single_model_control,2177,2177,2177,1.0,1,1.0,0.0006674579344689846,1,4000,True,False,False,True,False
distilled_single_model_control,577,577,577,1.0,1,1.0,0.0005097908433526754,1,4000,True,False,False,True,False
distilled_single_model_control,2177,2177,2177,1.0,1,1.0,0.0006889998912811279,1,4000,True,False,False,True,False
distilled_single_model_control,577,577,577,1.0,1,1.0,0.00042799999937415123,1,4000,True,False,False,True,False
distilled_single_model_control,577,577,577,1.0,1,1.0,0.0005120830610394478,1,4000,True,False,False,True,False
distilled_single_model_control,2177,2177,2177,1.0,1,1.0,0.0007130410522222519,1,4000,True,False,False,True,False
distilled_single_model_control,2177,2177,2177,1.0,1,1.0,0.0006649170536547899,1,4000,True,False,False,True,False
distilled_single_model_control,577,577,577,1.0,1,1.0,0.0004682079888880253,1,4000,True,False,False,True,False
distilled_single_model_control,577,577,577,1.0,1,1.0,0.0005069579929113388,1,4000,True,False,False,True,False
distilled_single_model_control,577,577,577,1.0,1,1.0,0.0004936249461025,1,4000,True,False,False,True,False
distilled_single_model_control,2177,2177,2177,1.0,1,1.0,0.0007420422043651342,1,4000,True,False,False,True,False
distilled_single_model_control,577,577,577,1.0,1,1.0,0.00039825006388127804,1,4000,True,False,False,True,False
distilled_single_model_control,577,577,577,1.0,1,1.0,0.00038329092785716057,1,4000,True,False,False,True,False
distilled_single_model_control,2177,2177,2177,1.0,1,1.0,0.0006906250491738319,1,4000,True,False,False,True,False
distilled_single_model_control,2177,2177,2177,1.0,1,1.0,0.0007080419454723597,1,4000,True,False,False,True,False
distilled_single_model_control,2177,2177,2177,1.0,1,1.0,0.0007189582102000713,1,4000,True,False,False,True,False
distilled_single_model_control,577,577,577,1.0,1,1.0,0.0004935411270707846,1,4000,True,False,False,True,False
distilled_single_model_control,2177,2177,2177,1.0,1,1.0,0.0007642079144716263,1,4000,True,False,False,True,False
distilled_single_model_control,577,577,577,1.0,1,1.0,0.0004090408328920603,1,4000,True,False,False,True,False
distilled_single_model_control,577,577,577,1.0,1,1.0,0.0004891250282526016,1,4000,True,False,False,True,False
distilled_single_model_control,577,577,577,1.0,1,1.0,0.0004872910212725401,1,4000,True,False,False,True,False
distilled_single_model_control,577,577,577,1.0,1,1.0,0.0004854998551309109,1,4000,True,False,False,True,False
distilled_single_model_control,577,577,577,1.0,1,1.0,0.00042437505908310413,1,4000,True,False,False,True,False
distilled_single_model_control,577,577,577,1.0,1,1.0,0.0003909161314368248,1,4000,True,False,False,True,False
distilled_single_model_control,577,577,577,1.0,1,1.0,0.0007962079253047705,1,4000,True,False,False,True,False
distilled_single_model_control,577,577,577,1.0,1,1.0,0.00042887497693300247,1,4000,True,False,False,True,False
distilled_single_model_control,577,577,577,1.0,1,1.0,0.0003884581383317709,1,4000,True,False,False,True,False
distilled_single_model_control,2177,2177,2177,1.0,1,1.0,0.0007110841106623411,1,4000,True,False,False,True,False
distilled_single_model_control,577,577,577,1.0,1,1.0,0.00043400004506111145,1,4000,True,False,False,True,False
distilled_single_model_control,577,577,577,1.0,1,1.0,0.0003915829584002495,1,4000,True,False,False,True,False
distilled_single_model_control,577,577,577,1.0,1,1.0,0.0004951248411089182,1,4000,True,False,False,True,False
distilled_single_model_control,2177,2177,2177,1.0,1,1.0,0.0007588749285787344,1,4000,True,False,False,True,False
distilled_single_model_control,577,577,577,1.0,1,1.0,0.0004727081395685673,1,4000,True,False,False,True,False
distilled_single_model_control,577,577,577,1.0,1,1.0,0.000834417063742876,1,4000,True,False,False,True,False
distilled_single_model_control,577,577,577,1.0,1,1.0,0.0005884168203920126,1,4000,True,False,False,True,False
distilled_single_model_control,2177,2177,2177,1.0,1,1.0,0.0006632499862462282,1,4000,True,False,False,True,False
distilled_single_model_control,577,577,577,1.0,1,1.0,0.00043295789510011673,1,4000,True,False,False,True,False
distilled_single_model_control,2177,2177,2177,1.0,1,1.0,0.0006984591018408537,1,4000,True,False,False,True,False
distilled_single_model_control,2177,2177,2177,1.0,1,1.0,0.0007516660261899233,1,4000,True,False,False,True,False
distilled_single_model_control,2177,2177,2177,1.0,1,1.0,0.0007364999037235975,1,4000,True,False,False,True,False
distilled_single_model_control,2177,2177,2177,1.0,1,1.0,0.0007201251573860645,1,4000,True,False,False,True,False
distilled_single_model_control,2177,2177,2177,1.0,1,1.0,0.0006847910117357969,1,4000,True,False,False,True,False
distilled_single_model_control,577,577,577,1.0,1,1.0,0.0007211670745164156,1,4000,True,False,False,True,False
distilled_single_model_control,2177,2177,2177,1.0,1,1.0,0.000788083067163825,1,4000,True,False,False,True,False
distilled_single_model_control,577,577,577,1.0,1,1.0,0.0005272908601909876,1,4000,True,False,False,True,False
distilled_single_model_control,2177,2177,2177,1.0,1,1.0,0.0006885000038892031,1,4000,True,False,False,True,False
distilled_single_model_control,577,577,577,1.0,1,1.0,0.0004422909114509821,1,4000,True,False,False,True,False
distilled_single_model_control,2177,2177,2177,1.0,1,1.0,0.0009446667972952127,1,4000,True,False,False,True,False
distilled_single_model_control,577,577,577,1.0,1,1.0,0.0005102499853819609,1,4000,True,False,False,True,False
distilled_single_model_control,2177,2177,2177,1.0,1,1.0,0.0007996668573468924,1,4000,True,False,False,True,False
distilled_single_model_control,2177,2177,2177,1.0,1,1.0,0.0007992920000106096,1,4000,True,False,False,True,False
distilled_single_model_control,2177,2177,2177,1.0,1,1.0,0.0007782918401062489,1,4000,True,False,False,True,False
distilled_single_model_control,2177,2177,2177,1.0,1,1.0,0.0007227079477161169,1,4000,True,False,False,True,False
distilled_single_model_control,2177,2177,2177,1.0,1,1.0,0.0006812908686697483,1,4000,True,False,False,True,False
distilled_single_model_control,577,577,577,1.0,1,1.0,0.00042945798486471176,1,4000,True,False,False,True,False
distilled_single_model_control,2177,2177,2177,1.0,1,1.0,0.0010610839817672968,1,4000,True,False,False,True,False
distilled_single_model_control,577,577,577,1.0,1,1.0,0.0004356249701231718,1,4000,True,False,False,True,False
distilled_single_model_control,2177,2177,2177,1.0,1,1.0,0.0015009581111371517,1,4000,True,False,False,True,False
distilled_single_model_control,2177,2177,2177,1.0,1,1.0,0.0006798750255256891,1,4000,True,False,False,True,False
distilled_single_model_control,2177,2177,2177,1.0,1,1.0,0.0006998330354690552,1,4000,True,False,False,True,False
distilled_single_model_control,2177,2177,2177,1.0,1,1.0,0.0007285422179847956,1,4000,True,False,False,True,False
distilled_single_model_control,577,577,577,1.0,1,1.0,0.0004424171056598425,1,4000,True,False,False,True,False
distilled_single_model_control,577,577,577,1.0,1,1.0,0.00042316620238125324,1,4000,True,False,False,True,False
distilled_single_model_control,2177,2177,2177,1.0,1,1.0,0.0007055420428514481,1,4000,True,False,False,True,False
distilled_single_model_control,2177,2177,2177,1.0,1,1.0,0.0006965419743210077,1,4000,True,False,False,True,False
distilled_single_model_control,2177,2177,2177,1.0,1,1.0,0.0007450419943779707,1,4000,True,False,False,True,False
distilled_single_model_control,577,577,577,1.0,1,1.0,0.0005819590296596289,1,4000,True,False,False,True,False
distilled_single_model_control,2177,2177,2177,1.0,1,1.0,0.0007489579729735851,1,4000,True,False,False,True,False
distilled_single_model_control,577,577,577,1.0,1,1.0,0.0007416659500449896,1,4000,True,False,False,True,False
distilled_single_model_control,2177,2177,2177,1.0,1,1.0,0.0007111669983714819,1,4000,True,False,False,True,False
distilled_single_model_control,2177,2177,2177,1.0,1,1.0,0.0007077918853610754,1,4000,True,False,False,True,False
distilled_single_model_control,577,577,577,1.0,1,1.0,0.0004238749388605356,1,4000,True,False,False,True,False
distilled_single_model_control,577,577,577,1.0,1,1.0,0.0004113749600946903,1,4000,True,False,False,True,False
distilled_single_model_control,577,577,577,1.0,1,1.0,0.0004762501921504736,1,4000,True,False,False,True,False
distilled_single_model_control,2177,2177,2177,1.0,1,1.0,0.0007120419759303331,1,4000,True,False,False,True,False
distilled_single_model_control,2177,2177,2177,1.0,1,1.0,0.0006939999293535948,1,4000,True,False,False,True,False
distilled_single_model_control,577,577,577,1.0,1,1.0,0.0004716250114142895,1,4000,True,False,False,True,False
distilled_single_model_control,2177,2177,2177,1.0,1,1.0,0.000770083162933588,1,4000,True,False,False,True,False
distilled_single_model_control,2177,2177,2177,1.0,1,1.0,0.0007441670168191195,1,4000,True,False,False,True,False
distilled_single_model_control,577,577,577,1.0,1,1.0,0.0004632920026779175,1,4000,True,False,False,True,False
distilled_single_model_control,2177,2177,2177,1.0,1,1.0,0.0006624578963965178,1,4000,True,False,False,True,False
distilled_single_model_control,2177,2177,2177,1.0,1,1.0,0.0007653750944882631,1,4000,True,False,False,True,False
distilled_single_model_control,577,577,577,1.0,1,1.0,0.000438665971159935,1,4000,True,False,False,True,False
distilled_single_model_control,2177,2177,2177,1.0,1,1.0,0.0008380829822272062,1,4000,True,False,False,True,False
distilled_single_model_control,577,577,577,1.0,1,1.0,0.00039733294397592545,1,4000,True,False,False,True,False
distilled_single_model_control,2177,2177,2177,1.0,1,1.0,0.0011713749263435602,1,4000,True,False,False,True,False
distilled_single_model_control,2177,2177,2177,1.0,1,1.0,0.0007676249369978905,1,4000,True,False,False,True,False
distilled_single_model_control,577,577,577,1.0,1,1.0,0.0005986250471323729,1,4000,True,False,False,True,False
distilled_single_model_control,577,577,577,1.0,1,1.0,0.00043100002221763134,1,4000,True,False,False,True,False
distilled_single_model_control,577,577,577,1.0,1,1.0,0.0003957911394536495,1,4000,True,False,False,True,False
distilled_single_model_control,2177,2177,2177,1.0,1,1.0,0.0007468329276889563,1,4000,True,False,False,True,False
distilled_single_model_control,577,577,577,1.0,1,1.0,0.000458915950730443,1,4000,True,False,False,True,False
distilled_single_model_control,2177,2177,2177,1.0,1,1.0,0.0006627091206610203,1,4000,True,False,False,True,False
distilled_single_model_control,2177,2177,2177,1.0,1,1.0,0.0007773339748382568,1,4000,True,False,False,True,False
distilled_single_model_control,2177,2177,2177,1.0,1,1.0,0.001110791927203536,1,4000,True,False,False,True,False
distilled_single_model_control,2177,2177,2177,1.0,1,1.0,0.0007862919010221958,1,4000,True,False,False,True,False
distilled_single_model_control,577,577,577,1.0,1,1.0,0.001101000001654029,1,4000,True,False,False,True,False
distilled_single_model_control,577,577,577,1.0,1,1.0,0.0004736660048365593,1,4000,True,False,False,True,False
distilled_single_model_control,2177,2177,2177,1.0,1,1.0,0.0007338339928537607,1,4000,True,False,False,True,False
distilled_single_model_control,2177,2177,2177,1.0,1,1.0,0.0007572078611701727,1,4000,True,False,False,True,False
distilled_single_model_control,2177,2177,2177,1.0,1,1.0,0.0008373339660465717,1,4000,True,False,False,True,False
distilled_single_model_control,2177,2177,2177,1.0,1,1.0,0.0007560420781373978,1,4000,True,False,False,True,False
distilled_single_model_control,577,577,577,1.0,1,1.0,0.0005700420588254929,1,4000,True,False,False,True,False
distilled_single_model_control,2177,2177,2177,1.0,1,1.0,0.0011144999880343676,1,4000,True,False,False,True,False
distilled_single_model_control,577,577,577,1.0,1,1.0,0.0006520841270685196,1,4000,True,False,False,True,False
distilled_single_model_control,2177,2177,2177,1.0,1,1.0,0.0011549168266355991,1,4000,True,False,False,True,False
distilled_single_model_control,2177,2177,2177,1.0,1,1.0,0.0007358749862760305,1,4000,True,False,False,True,False
distilled_single_model_control,577,577,577,1.0,1,1.0,0.00044450000859797,1,4000,True,False,False,True,False
distilled_single_model_control,2177,2177,2177,1.0,1,1.0,0.0007879999466240406,1,4000,True,False,False,True,False
distilled_single_model_control,577,577,577,1.0,1,1.0,0.00045083300210535526,1,4000,True,False,False,True,False
distilled_single_model_control,2177,2177,2177,1.0,1,1.0,0.0008183331228792667,1,4000,True,False,False,True,False
distilled_single_model_control,2177,2177,2177,1.0,1,1.0,0.0006995829753577709,1,4000,True,False,False,True,False
distilled_single_model_control,577,577,577,1.0,1,1.0,0.0003921249881386757,1,4000,True,False,False,True,False
distilled_single_model_control,2177,2177,2177,1.0,1,1.0,0.0007078330963850021,1,4000,True,False,False,True,False
distilled_single_model_control,2177,2177,2177,1.0,1,1.0,0.0007794159464538097,1,4000,True,False,False,True,False
distilled_single_model_control,577,577,577,1.0,1,1.0,0.0008233329281210899,1,4000,True,False,False,True,False
distilled_single_model_control,2177,2177,2177,1.0,1,1.0,0.0009389580227434635,1,4000,True,False,False,True,False
distilled_single_model_control,577,577,577,1.0,1,1.0,0.00044091721065342426,1,4000,True,False,False,True,False
distilled_single_model_control,2177,2177,2177,1.0,1,1.0,0.0006738749798387289,1,4000,True,False,False,True,False
distilled_single_model_control,577,577,577,1.0,1,1.0,0.0004957080818712711,1,4000,True,False,False,True,False
distilled_single_model_control,577,577,577,1.0,1,1.0,0.0005287500098347664,1,4000,True,False,False,True,False
distilled_single_model_control,2177,2177,2177,1.0,1,1.0,0.0007381669711321592,1,4000,True,False,False,True,False
ensemble_reference,2308,2308,2308,4.0,4,4.0,0.001781499944627285,1,4000,False,False,False,False,False
ensemble_reference,8708,8708,8708,4.0,4,4.0,0.0030428338795900345,1,4000,False,False,False,False,False
ensemble_reference,2308,2308,2308,4.0,4,4.0,0.0027322079986333847,1,4000,False,False,False,False,False
ensemble_reference,8708,8708,8708,4.0,4,4.0,0.0029647911433130503,1,4000,False,False,False,False,False
ensemble_reference,2308,2308,2308,4.0,4,4.0,0.002152165863662958,1,4000,False,False,False,False,False
ensemble_reference,8708,8708,8708,4.0,4,4.0,0.0027855418156832457,1,4000,False,False,False,False,False
ensemble_reference,8708,8708,8708,4.0,4,4.0,0.0033697918988764286,1,4000,False,False,False,False,False
ensemble_reference,2308,2308,2308,4.0,4,4.0,0.001594458008185029,1,4000,False,False,False,False,False
ensemble_reference,8708,8708,8708,4.0,4,4.0,0.004702875157818198,1,4000,False,False,False,False,False
ensemble_reference,8708,8708,8708,4.0,4,4.0,0.003193124895915389,1,4000,False,False,False,False,False
ensemble_reference,2308,2308,2308,4.0,4,4.0,0.0018508338835090399,1,4000,False,False,False,False,False
ensemble_reference,8708,8708,8708,4.0,4,4.0,0.0031740840058773756,1,4000,False,False,False,False,False
ensemble_reference,2308,2308,2308,4.0,4,4.0,0.0019275001250207424,1,4000,False,False,False,False,False
ensemble_reference,2308,2308,2308,4.0,4,4.0,0.0017553330399096012,1,4000,False,False,False,False,False
ensemble_reference,2308,2308,2308,4.0,4,4.0,0.0020289160311222076,1,4000,False,False,False,False,False
ensemble_reference,8708,8708,8708,4.0,4,4.0,0.0028775830287486315,1,4000,False,False,False,False,False
ensemble_reference,2308,2308,2308,4.0,4,4.0,0.0019082920625805855,1,4000,False,False,False,False,False
ensemble_reference,2308,2308,2308,4.0,4,4.0,0.001900083851069212,1,4000,False,False,False,False,False
ensemble_reference,2308,2308,2308,4.0,4,4.0,0.0018217910546809435,1,4000,False,False,False,False,False
ensemble_reference,8708,8708,8708,4.0,4,4.0,0.002899749903008342,1,4000,False,False,False,False,False
ensemble_reference,2308,2308,2308,4.0,4,4.0,0.0017294588033109903,1,4000,False,False,False,False,False
ensemble_reference,2308,2308,2308,4.0,4,4.0,0.002280249958857894,1,4000,False,False,False,False,False
ensemble_reference,8708,8708,8708,4.0,4,4.0,0.0028401250019669533,1,4000,False,False,False,False,False
ensemble_reference,8708,8708,8708,4.0,4,4.0,0.0027808749582618475,1,4000,False,False,False,False,False
ensemble_reference,2308,2308,2308,4.0,4,4.0,0.0018980838358402252,1,4000,False,False,False,False,False
ensemble_reference,2308,2308,2308,4.0,4,4.0,0.0042885420843958855,1,4000,False,False,False,False,False
ensemble_reference,8708,8708,8708,4.0,4,4.0,0.0031081659253686666,1,4000,False,False,False,False,False
ensemble_reference,8708,8708,8708,4.0,4,4.0,0.0030037909746170044,1,4000,False,False,False,False,False
ensemble_reference,2308,2308,2308,4.0,4,4.0,0.001768417190760374,1,4000,False,False,False,False,False
ensemble_reference,2308,2308,2308,4.0,4,4.0,0.002019291976466775,1,4000,False,False,False,False,False
ensemble_reference,8708,8708,8708,4.0,4,4.0,0.004267582902684808,1,4000,False,False,False,False,False
ensemble_reference,2308,2308,2308,4.0,4,4.0,0.001686000032350421,1,4000,False,False,False,False,False
ensemble_reference,8708,8708,8708,4.0,4,4.0,0.0033307080157101154,1,4000,False,False,False,False,False
ensemble_reference,8708,8708,8708,4.0,4,4.0,0.0030715421307832003,1,4000,False,False,False,False,False
ensemble_reference,8708,8708,8708,4.0,4,4.0,0.0027858330868184566,1,4000,False,False,False,False,False
ensemble_reference,2308,2308,2308,4.0,4,4.0,0.0021022080909460783,1,4000,False,False,False,False,False
ensemble_reference,8708,8708,8708,4.0,4,4.0,0.004042708082124591,1,4000,False,False,False,False,False
ensemble_reference,2308,2308,2308,4.0,4,4.0,0.002316833008080721,1,4000,False,False,False,False,False
ensemble_reference,2308,2308,2308,4.0,4,4.0,0.001965500181540847,1,4000,False,False,False,False,False
ensemble_reference,8708,8708,8708,4.0,4,4.0,0.002841083100065589,1,4000,False,False,False,False,False
ensemble_reference,8708,8708,8708,4.0,4,4.0,0.0037271250039339066,1,4000,False,False,False,False,False
ensemble_reference,8708,8708,8708,4.0,4,4.0,0.0031123331282287836,1,4000,False,False,False,False,False
ensemble_reference,8708,8708,8708,4.0,4,4.0,0.0029940411914139986,1,4000,False,False,False,False,False
ensemble_reference,8708,8708,8708,4.0,4,4.0,0.0030956249684095383,1,4000,False,False,False,False,False
ensemble_reference,8708,8708,8708,4.0,4,4.0,0.002949040848761797,1,4000,False,False,False,False,False
ensemble_reference,2308,2308,2308,4.0,4,4.0,0.0019304580055177212,1,4000,False,False,False,False,False
ensemble_reference,8708,8708,8708,4.0,4,4.0,0.0029039590153843164,1,4000,False,False,False,False,False
ensemble_reference,2308,2308,2308,4.0,4,4.0,0.0016060841735452414,1,4000,False,False,False,False,False
ensemble_reference,8708,8708,8708,4.0,4,4.0,0.0027222910430282354,1,4000,False,False,False,False,False
ensemble_reference,8708,8708,8708,4.0,4,4.0,0.0038698751013725996,1,4000,False,False,False,False,False
ensemble_reference,8708,8708,8708,4.0,4,4.0,0.003192874835804105,1,4000,False,False,False,False,False
ensemble_reference,2308,2308,2308,4.0,4,4.0,0.001695167040452361,1,4000,False,False,False,False,False
ensemble_reference,8708,8708,8708,4.0,4,4.0,0.003081708215177059,1,4000,False,False,False,False,False
ensemble_reference,2308,2308,2308,4.0,4,4.0,0.001638749847188592,1,4000,False,False,False,False,False
ensemble_reference,8708,8708,8708,4.0,4,4.0,0.003284249920397997,1,4000,False,False,False,False,False
ensemble_reference,8708,8708,8708,4.0,4,4.0,0.0031350411009043455,1,4000,False,False,False,False,False
ensemble_reference,8708,8708,8708,4.0,4,4.0,0.002744249999523163,1,4000,False,False,False,False,False
ensemble_reference,8708,8708,8708,4.0,4,4.0,0.003028417006134987,1,4000,False,False,False,False,False
ensemble_reference,8708,8708,8708,4.0,4,4.0,0.0028872909024357796,1,4000,False,False,False,False,False
ensemble_reference,8708,8708,8708,4.0,4,4.0,0.0029323750641196966,1,4000,False,False,False,False,False
ensemble_reference,8708,8708,8708,4.0,4,4.0,0.0030558330472558737,1,4000,False,False,False,False,False
ensemble_reference,2308,2308,2308,4.0,4,4.0,0.0016815830022096634,1,4000,False,False,False,False,False
ensemble_reference,8708,8708,8708,4.0,4,4.0,0.0030133752152323723,1,4000,False,False,False,False,False
ensemble_reference,2308,2308,2308,4.0,4,4.0,0.0019372089300304651,1,4000,False,False,False,False,False
ensemble_reference,8708,8708,8708,4.0,4,4.0,0.0031240000389516354,1,4000,False,False,False,False,False
ensemble_reference,8708,8708,8708,4.0,4,4.0,0.004514334024861455,1,4000,False,False,False,False,False
ensemble_reference,8708,8708,8708,4.0,4,4.0,0.0027417500969022512,1,4000,False,False,False,False,False
ensemble_reference,2308,2308,2308,4.0,4,4.0,0.0016889169346541166,1,4000,False,False,False,False,False
ensemble_reference,2308,2308,2308,4.0,4,4.0,0.0023281669709831476,1,4000,False,False,False,False,False
ensemble_reference,2308,2308,2308,4.0,4,4.0,0.0016746250912547112,1,4000,False,False,False,False,False
ensemble_reference,2308,2308,2308,4.0,4,4.0,0.00200662505812943,1,4000,False,False,False,False,False
ensemble_reference,8708,8708,8708,4.0,4,4.0,0.002786375116556883,1,4000,False,False,False,False,False
ensemble_reference,8708,8708,8708,4.0,4,4.0,0.0030048328917473555,1,4000,False,False,False,False,False
ensemble_reference,2308,2308,2308,4.0,4,4.0,0.001889833016321063,1,4000,False,False,False,False,False
ensemble_reference,8708,8708,8708,4.0,4,4.0,0.0027804579585790634,1,4000,False,False,False,False,False
ensemble_reference,8708,8708,8708,4.0,4,4.0,0.0030704170931130648,1,4000,False,False,False,False,False
ensemble_reference,8708,8708,8708,4.0,4,4.0,0.002997291972860694,1,4000,False,False,False,False,False
ensemble_reference,8708,8708,8708,4.0,4,4.0,0.002727875020354986,1,4000,False,False,False,False,False
ensemble_reference,2308,2308,2308,4.0,4,4.0,0.006186084123328328,1,4000,False,False,False,False,False
ensemble_reference,2308,2308,2308,4.0,4,4.0,0.0016533751040697098,1,4000,False,False,False,False,False
ensemble_reference,8708,8708,8708,4.0,4,4.0,0.003229334019124508,1,4000,False,False,False,False,False
ensemble_reference,2308,2308,2308,4.0,4,4.0,0.0017646248452365398,1,4000,False,False,False,False,False
ensemble_reference,8708,8708,8708,4.0,4,4.0,0.002864958019927144,1,4000,False,False,False,False,False
ensemble_reference,8708,8708,8708,4.0,4,4.0,0.002900791820138693,1,4000,False,False,False,False,False
ensemble_reference,8708,8708,8708,4.0,4,4.0,0.0030677500180900097,1,4000,False,False,False,False,False
ensemble_reference,8708,8708,8708,4.0,4,4.0,0.003174042096361518,1,4000,False,False,False,False,False
ensemble_reference,2308,2308,2308,4.0,4,4.0,0.0016619579400867224,1,4000,False,False,False,False,False
ensemble_reference,2308,2308,2308,4.0,4,4.0,0.001750374911352992,1,4000,False,False,False,False,False
ensemble_reference,2308,2308,2308,4.0,4,4.0,0.0017191660590469837,1,4000,False,False,False,False,False
ensemble_reference,2308,2308,2308,4.0,4,4.0,0.0016935411840677261,1,4000,False,False,False,False,False
ensemble_reference,8708,8708,8708,4.0,4,4.0,0.003025667043402791,1,4000,False,False,False,False,False
ensemble_reference,2308,2308,2308,4.0,4,4.0,0.0017107089515775442,1,4000,False,False,False,False,False
ensemble_reference,2308,2308,2308,4.0,4,4.0,0.00275420886464417,1,4000,False,False,False,False,False
ensemble_reference,8708,8708,8708,4.0,4,4.0,0.0028664160054177046,1,4000,False,False,False,False,False
ensemble_reference,2308,2308,2308,4.0,4,4.0,0.0018951250240206718,1,4000,False,False,False,False,False
ensemble_reference,8708,8708,8708,4.0,4,4.0,0.003234625095501542,1,4000,False,False,False,False,False
ensemble_reference,8708,8708,8708,4.0,4,4.0,0.0032908751163631678,1,4000,False,False,False,False,False
ensemble_reference,2308,2308,2308,4.0,4,4.0,0.0016441249754279852,1,4000,False,False,False,False,False
ensemble_reference,8708,8708,8708,4.0,4,4.0,0.0031642501708120108,1,4000,False,False,False,False,False
ensemble_reference,2308,2308,2308,4.0,4,4.0,0.0019154578913003206,1,4000,False,False,False,False,False
ensemble_reference,8708,8708,8708,4.0,4,4.0,0.003850500099360943,1,4000,False,False,False,False,False
ensemble_reference,2308,2308,2308,4.0,4,4.0,0.001822875114157796,1,4000,False,False,False,False,False
ensemble_reference,8708,8708,8708,4.0,4,4.0,0.003486708039417863,1,4000,False,False,False,False,False
ensemble_reference,2308,2308,2308,4.0,4,4.0,0.0019585001282393932,1,4000,False,False,False,False,False
ensemble_reference,2308,2308,2308,4.0,4,4.0,0.002081208862364292,1,4000,False,False,False,False,False
ensemble_reference,2308,2308,2308,4.0,4,4.0,0.002099375007674098,1,4000,False,False,False,False,False
ensemble_reference,8708,8708,8708,4.0,4,4.0,0.002766708843410015,1,4000,False,False,False,False,False
ensemble_reference,8708,8708,8708,4.0,4,4.0,0.0031755000818520784,1,4000,False,False,False,False,False
ensemble_reference,2308,2308,2308,4.0,4,4.0,0.0018752089235931635,1,4000,False,False,False,False,False
ensemble_reference,2308,2308,2308,4.0,4,4.0,0.0019130001310259104,1,4000,False,False,False,False,False
ensemble_reference,8708,8708,8708,4.0,4,4.0,0.00284950016066432,1,4000,False,False,False,False,False
ensemble_reference,2308,2308,2308,4.0,4,4.0,0.0017831658478826284,1,4000,False,False,False,False,False
ensemble_reference,8708,8708,8708,4.0,4,4.0,0.00295158289372921,1,4000,False,False,False,False,False
ensemble_reference,2308,2308,2308,4.0,4,4.0,0.0025247500743716955,1,4000,False,False,False,False,False
ensemble_reference,2308,2308,2308,4.0,4,4.0,0.0028308338951319456,1,4000,False,False,False,False,False
ensemble_reference,8708,8708,8708,4.0,4,4.0,0.003043915843591094,1,4000,False,False,False,False,False
ensemble_reference,2308,2308,2308,4.0,4,4.0,0.002453249879181385,1,4000,False,False,False,False,False
ensemble_reference,2308,2308,2308,4.0,4,4.0,0.002353625139221549,1,4000,False,False,False,False,False
ensemble_reference,8708,8708,8708,4.0,4,4.0,0.003375167027115822,1,4000,False,False,False,False,False
ensemble_reference,2308,2308,2308,4.0,4,4.0,0.0036675839219242334,1,4000,False,False,False,False,False
ensemble_reference,8708,8708,8708,4.0,4,4.0,0.002937916899099946,1,4000,False,False,False,False,False
ensemble_reference,2308,2308,2308,4.0,4,4.0,0.0018723751418292522,1,4000,False,False,False,False,False
ensemble_reference,2308,2308,2308,4.0,4,4.0,0.0018548329826444387,1,4000,False,False,False,False,False
ensemble_reference,8708,8708,8708,4.0,4,4.0,0.003281624987721443,1,4000,False,False,False,False,False
ensemble_reference,8708,8708,8708,4.0,4,4.0,0.003920166054740548,1,4000,False,False,False,False,False
ensemble_reference,2308,2308,2308,4.0,4,4.0,0.0018093332182615995,1,4000,False,False,False,False,False
ensemble_reference,2308,2308,2308,4.0,4,4.0,0.00349949998781085,1,4000,False,False,False,False,False
ensemble_reference,2308,2308,2308,4.0,4,4.0,0.0016567090060561895,1,4000,False,False,False,False,False
ensemble_reference,8708,8708,8708,4.0,4,4.0,0.003637332934886217,1,4000,False,False,False,False,False
ensemble_reference,2308,2308,2308,4.0,4,4.0,0.002307124901562929,1,4000,False,False,False,False,False
ensemble_reference,2308,2308,2308,4.0,4,4.0,0.0026314170099794865,1,4000,False,False,False,False,False
ensemble_reference,8708,8708,8708,4.0,4,4.0,0.003143290989100933,1,4000,False,False,False,False,False
ensemble_reference,8708,8708,8708,4.0,4,4.0,0.002977832918986678,1,4000,False,False,False,False,False
ensemble_reference,2308,2308,2308,4.0,4,4.0,0.002036249963566661,1,4000,False,False,False,False,False
ensemble_reference,2308,2308,2308,4.0,4,4.0,0.0019015839789062738,1,4000,False,False,False,False,False
ensemble_reference,8708,8708,8708,4.0,4,4.0,0.003154250094667077,1,4000,False,False,False,False,False
ensemble_reference,2308,2308,2308,4.0,4,4.0,0.001982250018045306,1,4000,False,False,False,False,False
ensemble_reference,2308,2308,2308,4.0,4,4.0,0.0022257089149206877,1,4000,False,False,False,False,False
ensemble_reference,2308,2308,2308,4.0,4,4.0,0.005060041090473533,1,4000,False,False,False,False,False
ensemble_reference,8708,8708,8708,4.0,4,4.0,0.002904583001509309,1,4000,False,False,False,False,False
ensemble_reference,2308,2308,2308,4.0,4,4.0,0.002392916940152645,1,4000,False,False,False,False,False
ensemble_reference,8708,8708,8708,4.0,4,4.0,0.005743707995861769,1,4000,False,False,False,False,False
ensemble_reference,2308,2308,2308,4.0,4,4.0,0.0017132919747382402,1,4000,False,False,False,False,False
ensemble_reference,8708,8708,8708,4.0,4,4.0,0.002827542135491967,1,4000,False,False,False,False,False
ensemble_reference,2308,2308,2308,4.0,4,4.0,0.0018535410054028034,1,4000,False,False,False,False,False
ensemble_reference,2308,2308,2308,4.0,4,4.0,0.0027975421398878098,1,4000,False,False,False,False,False
ensemble_reference,8708,8708,8708,4.0,4,4.0,0.0038103340193629265,1,4000,False,False,False,False,False
ensemble_reference,2308,2308,2308,4.0,4,4.0,0.0020307081285864115,1,4000,False,False,False,False,False
ensemble_reference,2308,2308,2308,4.0,4,4.0,0.0018034998793154955,1,4000,False,False,False,False,False
ensemble_reference,8708,8708,8708,4.0,4,4.0,0.0028136251494288445,1,4000,False,False,False,False,False
ensemble_reference,2308,2308,2308,4.0,4,4.0,0.00203016703017056,1,4000,False,False,False,False,False
ensemble_reference,2308,2308,2308,4.0,4,4.0,0.00174708291888237,1,4000,False,False,False,False,False
ensemble_reference,8708,8708,8708,4.0,4,4.0,0.004263374954462051,1,4000,False,False,False,False,False
ensemble_reference,2308,2308,2308,4.0,4,4.0,0.0020370830316096544,1,4000,False,False,False,False,False
ensemble_reference,2308,2308,2308,4.0,4,4.0,0.001856457907706499,1,4000,False,False,False,False,False
ensemble_reference,8708,8708,8708,4.0,4,4.0,0.0028085000813007355,1,4000,False,False,False,False,False
ensemble_reference,2308,2308,2308,4.0,4,4.0,0.002198499860242009,1,4000,False,False,False,False,False
ensemble_reference,8708,8708,8708,4.0,4,4.0,0.003182917134836316,1,4000,False,False,False,False,False
ensemble_reference,2308,2308,2308,4.0,4,4.0,0.004041583044454455,1,4000,False,False,False,False,False
ensemble_reference,2308,2308,2308,4.0,4,4.0,0.002136792056262493,1,4000,False,False,False,False,False
ensemble_reference,8708,8708,8708,4.0,4,4.0,0.002753250068053603,1,4000,False,False,False,False,False
ensemble_reference,8708,8708,8708,4.0,4,4.0,0.0031139168422669172,1,4000,False,False,False,False,False
ensemble_reference,2308,2308,2308,4.0,4,4.0,0.00200224993750453,1,4000,False,False,False,False,False
ensemble_reference,2308,2308,2308,4.0,4,4.0,0.0019115000031888485,1,4000,False,False,False,False,False
ensemble_reference,2308,2308,2308,4.0,4,4.0,0.001936499960720539,1,4000,False,False,False,False,False
ensemble_reference,2308,2308,2308,4.0,4,4.0,0.0018172920681536198,1,4000,False,False,False,False,False
ensemble_reference,2308,2308,2308,4.0,4,4.0,0.002222832990810275,1,4000,False,False,False,False,False
ensemble_reference,8708,8708,8708,4.0,4,4.0,0.0033636249136179686,1,4000,False,False,False,False,False
ensemble_reference,8708,8708,8708,4.0,4,4.0,0.0028582920785993338,1,4000,False,False,False,False,False
ensemble_reference,8708,8708,8708,4.0,4,4.0,0.002908749971538782,1,4000,False,False,False,False,False
ensemble_reference,2308,2308,2308,4.0,4,4.0,0.0019690829794853926,1,4000,False,False,False,False,False
ensemble_reference,8708,8708,8708,4.0,4,4.0,0.0030712501611560583,1,4000,False,False,False,False,False
ensemble_reference,2308,2308,2308,4.0,4,4.0,0.001945708179846406,1,4000,False,False,False,False,False
ensemble_reference,8708,8708,8708,4.0,4,4.0,0.002725624945014715,1,4000,False,False,False,False,False
ensemble_reference,8708,8708,8708,4.0,4,4.0,0.002865749876946211,1,4000,False,False,False,False,False
ensemble_reference,8708,8708,8708,4.0,4,4.0,0.002743916120380163,1,4000,False,False,False,False,False
ensemble_reference,2308,2308,2308,4.0,4,4.0,0.00180537486448884,1,4000,False,False,False,False,False
ensemble_reference,2308,2308,2308,4.0,4,4.0,0.0017357079777866602,1,4000,False,False,False,False,False
ensemble_reference,8708,8708,8708,4.0,4,4.0,0.002841667039319873,1,4000,False,False,False,False,False
ensemble_reference,8708,8708,8708,4.0,4,4.0,0.0028371671214699745,1,4000,False,False,False,False,False
git_rebasin_pairwise,2177,2177,2177,1.0,1,1.0,0.0007229167968034744,1,4000,True,False,False,False,False
git_rebasin_pairwise,577,577,577,1.0,1,1.0,0.000511083984747529,1,4000,True,False,False,False,False
git_rebasin_pairwise,2177,2177,2177,1.0,1,1.0,0.0006782079581171274,1,4000,True,False,False,False,False
git_rebasin_pairwise,2177,2177,2177,1.0,1,1.0,0.0007122920360416174,1,4000,True,False,False,False,False
git_rebasin_pairwise,577,577,577,1.0,1,1.0,0.0004405409563332796,1,4000,True,False,False,False,False
git_rebasin_pairwise,577,577,577,1.0,1,1.0,0.0003971660044044256,1,4000,True,False,False,False,False
git_rebasin_pairwise,2177,2177,2177,1.0,1,1.0,0.0006585000082850456,1,4000,True,False,False,False,False
git_rebasin_pairwise,2177,2177,2177,1.0,1,1.0,0.0010024590883404016,1,4000,True,False,False,False,False
git_rebasin_pairwise,577,577,577,1.0,1,1.0,0.0004889580886811018,1,4000,True,False,False,False,False
git_rebasin_pairwise,577,577,577,1.0,1,1.0,0.0004241249989718199,1,4000,True,False,False,False,False
git_rebasin_pairwise,2177,2177,2177,1.0,1,1.0,0.0009043749887496233,1,4000,True,False,False,False,False
git_rebasin_pairwise,577,577,577,1.0,1,1.0,0.0004466669633984566,1,4000,True,False,False,False,False
git_rebasin_pairwise,2177,2177,2177,1.0,1,1.0,0.0007256250828504562,1,4000,True,False,False,False,False
git_rebasin_pairwise,577,577,577,1.0,1,1.0,0.00040900008752942085,1,4000,True,False,False,False,False
git_rebasin_pairwise,2177,2177,2177,1.0,1,1.0,0.0006559579633176327,1,4000,True,False,False,False,False
git_rebasin_pairwise,2177,2177,2177,1.0,1,1.0,0.0006934169214218855,1,4000,True,False,False,False,False
git_rebasin_pairwise,2177,2177,2177,1.0,1,1.0,0.0007328330539166927,1,4000,True,False,False,False,False
git_rebasin_pairwise,2177,2177,2177,1.0,1,1.0,0.0007814159616827965,1,4000,True,False,False,False,False
git_rebasin_pairwise,2177,2177,2177,1.0,1,1.0,0.0006745420396327972,1,4000,True,False,False,False,False
git_rebasin_pairwise,577,577,577,1.0,1,1.0,0.0011618330609053373,1,4000,True,False,False,False,False
git_rebasin_pairwise,2177,2177,2177,1.0,1,1.0,0.0006755830254405737,1,4000,True,False,False,False,False
git_rebasin_pairwise,2177,2177,2177,1.0,1,1.0,0.0007101669907569885,1,4000,True,False,False,False,False
git_rebasin_pairwise,577,577,577,1.0,1,1.0,0.0005319591145962477,1,4000,True,False,False,False,False
git_rebasin_pairwise,577,577,577,1.0,1,1.0,0.0004748748615384102,1,4000,True,False,False,False,False
git_rebasin_pairwise,2177,2177,2177,1.0,1,1.0,0.000669499859213829,1,4000,True,False,False,False,False
git_rebasin_pairwise,2177,2177,2177,1.0,1,1.0,0.0006612918805330992,1,4000,True,False,False,False,False
git_rebasin_pairwise,2177,2177,2177,1.0,1,1.0,0.0007152080070227385,1,4000,True,False,False,False,False
git_rebasin_pairwise,2177,2177,2177,1.0,1,1.0,0.0006914590485394001,1,4000,True,False,False,False,False
git_rebasin_pairwise,577,577,577,1.0,1,1.0,0.0003649999853223562,1,4000,True,False,False,False,False
git_rebasin_pairwise,577,577,577,1.0,1,1.0,0.0003950831014662981,1,4000,True,False,False,False,False
git_rebasin_pairwise,2177,2177,2177,1.0,1,1.0,0.0007509579882025719,1,4000,True,False,False,False,False
git_rebasin_pairwise,577,577,577,1.0,1,1.0,0.00046975002624094486,1,4000,True,False,False,False,False
git_rebasin_pairwise,2177,2177,2177,1.0,1,1.0,0.0007019168697297573,1,4000,True,False,False,False,False
git_rebasin_pairwise,2177,2177,2177,1.0,1,1.0,0.0007281668949872255,1,4000,True,False,False,False,False
git_rebasin_pairwise,577,577,577,1.0,1,1.0,0.00038879201747477055,1,4000,True,False,False,False,False
git_rebasin_pairwise,2177,2177,2177,1.0,1,1.0,0.0007520418148487806,1,4000,True,False,False,False,False
git_rebasin_pairwise,2177,2177,2177,1.0,1,1.0,0.0007421670015901327,1,4000,True,False,False,False,False
git_rebasin_pairwise,577,577,577,1.0,1,1.0,0.0005798749625682831,1,4000,True,False,False,False,False
git_rebasin_pairwise,577,577,577,1.0,1,1.0,0.0003981250338256359,1,4000,True,False,False,False,False
git_rebasin_pairwise,2177,2177,2177,1.0,1,1.0,0.0006790000479668379,1,4000,True,False,False,False,False
git_rebasin_pairwise,2177,2177,2177,1.0,1,1.0,0.0006811670027673244,1,4000,True,False,False,False,False
git_rebasin_pairwise,577,577,577,1.0,1,1.0,0.0003835409879684448,1,4000,True,False,False,False,False
git_rebasin_pairwise,2177,2177,2177,1.0,1,1.0,0.0007474580779671669,1,4000,True,False,False,False,False
git_rebasin_pairwise,2177,2177,2177,1.0,1,1.0,0.0008642908651381731,1,4000,True,False,False,False,False
git_rebasin_pairwise,577,577,577,1.0,1,1.0,0.00047500012442469597,1,4000,True,False,False,False,False
git_rebasin_pairwise,2177,2177,2177,1.0,1,1.0,0.0007479579653590918,1,4000,True,False,False,False,False
git_rebasin_pairwise,2177,2177,2177,1.0,1,1.0,0.0010393750853836536,1,4000,True,False,False,False,False
git_rebasin_pairwise,2177,2177,2177,1.0,1,1.0,0.0006927091162651777,1,4000,True,False,False,False,False
git_rebasin_pairwise,2177,2177,2177,1.0,1,1.0,0.0006831670179963112,1,4000,True,False,False,False,False
git_rebasin_pairwise,2177,2177,2177,1.0,1,1.0,0.0006712079048156738,1,4000,True,False,False,False,False
git_rebasin_pairwise,577,577,577,1.0,1,1.0,0.000441916985437274,1,4000,True,False,False,False,False
git_rebasin_pairwise,577,577,577,1.0,1,1.0,0.0004268328193575144,1,4000,True,False,False,False,False
git_rebasin_pairwise,2177,2177,2177,1.0,1,1.0,0.0006826668977737427,1,4000,True,False,False,False,False
git_rebasin_pairwise,2177,2177,2177,1.0,1,1.0,0.0009427499026060104,1,4000,True,False,False,False,False
git_rebasin_pairwise,577,577,577,1.0,1,1.0,0.0004069581627845764,1,4000,True,False,False,False,False
git_rebasin_pairwise,2177,2177,2177,1.0,1,1.0,0.0006869579665362835,1,4000,True,False,False,False,False
git_rebasin_pairwise,577,577,577,1.0,1,1.0,0.0004189161118119955,1,4000,True,False,False,False,False
git_rebasin_pairwise,577,577,577,1.0,1,1.0,0.0004890828859061003,1,4000,True,False,False,False,False
git_rebasin_pairwise,577,577,577,1.0,1,1.0,0.00039541698060929775,1,4000,True,False,False,False,False
git_rebasin_pairwise,577,577,577,1.0,1,1.0,0.0004449160769581795,1,4000,True,False,False,False,False
git_rebasin_pairwise,2177,2177,2177,1.0,1,1.0,0.0009928750805556774,1,4000,True,False,False,False,False
git_rebasin_pairwise,2177,2177,2177,1.0,1,1.0,0.0007725418545305729,1,4000,True,False,False,False,False
git_rebasin_pairwise,577,577,577,1.0,1,1.0,0.0004074170719832182,1,4000,True,False,False,False,False
git_rebasin_pairwise,577,577,577,1.0,1,1.0,0.0004895830061286688,1,4000,True,False,False,False,False
git_rebasin_pairwise,2177,2177,2177,1.0,1,1.0,0.0007112089078873396,1,4000,True,False,False,False,False
git_rebasin_pairwise,577,577,577,1.0,1,1.0,0.0012974590063095093,1,4000,True,False,False,False,False
git_rebasin_pairwise,2177,2177,2177,1.0,1,1.0,0.0007503340020775795,1,4000,True,False,False,False,False
git_rebasin_pairwise,577,577,577,1.0,1,1.0,0.0004563750699162483,1,4000,True,False,False,False,False
git_rebasin_pairwise,2177,2177,2177,1.0,1,1.0,0.0010904159862548113,1,4000,True,False,False,False,False
git_rebasin_pairwise,577,577,577,1.0,1,1.0,0.0004788751248270273,1,4000,True,False,False,False,False
git_rebasin_pairwise,2177,2177,2177,1.0,1,1.0,0.000777082983404398,1,4000,True,False,False,False,False
git_rebasin_pairwise,577,577,577,1.0,1,1.0,0.0004718329291790724,1,4000,True,False,False,False,False
git_rebasin_pairwise,2177,2177,2177,1.0,1,1.0,0.0011681669857352972,1,4000,True,False,False,False,False
git_rebasin_pairwise,577,577,577,1.0,1,1.0,0.00046258303336799145,1,4000,True,False,False,False,False
git_rebasin_pairwise,577,577,577,1.0,1,1.0,0.00038424995727837086,1,4000,True,False,False,False,False
git_rebasin_pairwise,577,577,577,1.0,1,1.0,0.00037591694854199886,1,4000,True,False,False,False,False
git_rebasin_pairwise,577,577,577,1.0,1,1.0,0.00048616714775562286,1,4000,True,False,False,False,False
git_rebasin_pairwise,2177,2177,2177,1.0,1,1.0,0.0006754170171916485,1,4000,True,False,False,False,False
git_rebasin_pairwise,577,577,577,1.0,1,1.0,0.0004264581948518753,1,4000,True,False,False,False,False
git_rebasin_pairwise,577,577,577,1.0,1,1.0,0.0007057080511003733,1,4000,True,False,False,False,False
git_rebasin_pairwise,2177,2177,2177,1.0,1,1.0,0.0007098331116139889,1,4000,True,False,False,False,False
git_rebasin_pairwise,2177,2177,2177,1.0,1,1.0,0.0006998328026384115,1,4000,True,False,False,False,False
git_rebasin_pairwise,2177,2177,2177,1.0,1,1.0,0.0006950418464839458,1,4000,True,False,False,False,False
git_rebasin_pairwise,2177,2177,2177,1.0,1,1.0,0.0006644579116255045,1,4000,True,False,False,False,False
git_rebasin_pairwise,577,577,577,1.0,1,1.0,0.0005432090256363153,1,4000,True,False,False,False,False
git_rebasin_pairwise,577,577,577,1.0,1,1.0,0.0004290000069886446,1,4000,True,False,False,False,False
git_rebasin_pairwise,577,577,577,1.0,1,1.0,0.0003998340107500553,1,4000,True,False,False,False,False
git_rebasin_pairwise,2177,2177,2177,1.0,1,1.0,0.0010536669287830591,1,4000,True,False,False,False,False
git_rebasin_pairwise,2177,2177,2177,1.0,1,1.0,0.0007592500187456608,1,4000,True,False,False,False,False
git_rebasin_pairwise,2177,2177,2177,1.0,1,1.0,0.0007085420656949282,1,4000,True,False,False,False,False
git_rebasin_pairwise,577,577,577,1.0,1,1.0,0.0005012908950448036,1,4000,True,False,False,False,False
git_rebasin_pairwise,2177,2177,2177,1.0,1,1.0,0.0007483339868485928,1,4000,True,False,False,False,False
git_rebasin_pairwise,577,577,577,1.0,1,1.0,0.0003926670178771019,1,4000,True,False,False,False,False
git_rebasin_pairwise,2177,2177,2177,1.0,1,1.0,0.0010533749591559172,1,4000,True,False,False,False,False
git_rebasin_pairwise,577,577,577,1.0,1,1.0,0.0004619578830897808,1,4000,True,False,False,False,False
git_rebasin_pairwise,577,577,577,1.0,1,1.0,0.0004072908777743578,1,4000,True,False,False,False,False
git_rebasin_pairwise,2177,2177,2177,1.0,1,1.0,0.0007813749834895134,1,4000,True,False,False,False,False
git_rebasin_pairwise,2177,2177,2177,1.0,1,1.0,0.0008002910763025284,1,4000,True,False,False,False,False
git_rebasin_pairwise,577,577,577,1.0,1,1.0,0.0003887088969349861,1,4000,True,False,False,False,False
git_rebasin_pairwise,577,577,577,1.0,1,1.0,0.0006242501549422741,1,4000,True,False,False,False,False
git_rebasin_pairwise,577,577,577,1.0,1,1.0,0.0003796250093728304,1,4000,True,False,False,False,False
git_rebasin_pairwise,2177,2177,2177,1.0,1,1.0,0.0007306670304387808,1,4000,True,False,False,False,False
git_rebasin_pairwise,577,577,577,1.0,1,1.0,0.0003975001163780689,1,4000,True,False,False,False,False
git_rebasin_pairwise,2177,2177,2177,1.0,1,1.0,0.0008910840842872858,1,4000,True,False,False,False,False
git_rebasin_pairwise,2177,2177,2177,1.0,1,1.0,0.0006845421157777309,1,4000,True,False,False,False,False
git_rebasin_pairwise,2177,2177,2177,1.0,1,1.0,0.0013628329616039991,1,4000,True,False,False,False,False
git_rebasin_pairwise,577,577,577,1.0,1,1.0,0.00040508387610316277,1,4000,True,False,False,False,False
git_rebasin_pairwise,577,577,577,1.0,1,1.0,0.000804124865680933,1,4000,True,False,False,False,False
git_rebasin_pairwise,577,577,577,1.0,1,1.0,0.0004286668263375759,1,4000,True,False,False,False,False
git_rebasin_pairwise,2177,2177,2177,1.0,1,1.0,0.0009071668609976768,1,4000,True,False,False,False,False
git_rebasin_pairwise,2177,2177,2177,1.0,1,1.0,0.0006902909372001886,1,4000,True,False,False,False,False
git_rebasin_pairwise,2177,2177,2177,1.0,1,1.0,0.0007393751293420792,1,4000,True,False,False,False,False
git_rebasin_pairwise,2177,2177,2177,1.0,1,1.0,0.0007139581721276045,1,4000,True,False,False,False,False
git_rebasin_pairwise,577,577,577,1.0,1,1.0,0.000463792122900486,1,4000,True,False,False,False,False
git_rebasin_pairwise,2177,2177,2177,1.0,1,1.0,0.000732791144400835,1,4000,True,False,False,False,False
git_rebasin_pairwise,577,577,577,1.0,1,1.0,0.0004842081107199192,1,4000,True,False,False,False,False
git_rebasin_pairwise,2177,2177,2177,1.0,1,1.0,0.0008444159757345915,1,4000,True,False,False,False,False
git_rebasin_pairwise,577,577,577,1.0,1,1.0,0.00039337482303380966,1,4000,True,False,False,False,False
git_rebasin_pairwise,2177,2177,2177,1.0,1,1.0,0.0007721248548477888,1,4000,True,False,False,False,False
git_rebasin_pairwise,2177,2177,2177,1.0,1,1.0,0.0007195000071078539,1,4000,True,False,False,False,False
git_rebasin_pairwise,577,577,577,1.0,1,1.0,0.0006105410866439342,1,4000,True,False,False,False,False
git_rebasin_pairwise,577,577,577,1.0,1,1.0,0.00048191705718636513,1,4000,True,False,False,False,False
git_rebasin_pairwise,2177,2177,2177,1.0,1,1.0,0.0006997499149292707,1,4000,True,False,False,False,False
git_rebasin_pairwise,577,577,577,1.0,1,1.0,0.0003802089486271143,1,4000,True,False,False,False,False
git_rebasin_pairwise,577,577,577,1.0,1,1.0,0.0006467080675065517,1,4000,True,False,False,False,False
git_rebasin_pairwise,2177,2177,2177,1.0,1,1.0,0.0009675419423729181,1,4000,True,False,False,False,False
git_rebasin_pairwise,2177,2177,2177,1.0,1,1.0,0.0007451251149177551,1,4000,True,False,False,False,False
git_rebasin_pairwise,2177,2177,2177,1.0,1,1.0,0.0006876250263303518,1,4000,True,False,False,False,False
git_rebasin_pairwise,577,577,577,1.0,1,1.0,0.0005262920167297125,1,4000,True,False,False,False,False
git_rebasin_pairwise,577,577,577,1.0,1,1.0,0.0004458329640328884,1,4000,True,False,False,False,False
git_rebasin_pairwise,2177,2177,2177,1.0,1,1.0,0.0007178329396992922,1,4000,True,False,False,False,False
git_rebasin_pairwise,577,577,577,1.0,1,1.0,0.00046337489038705826,1,4000,True,False,False,False,False
git_rebasin_pairwise,2177,2177,2177,1.0,1,1.0,0.0006594590377062559,1,4000,True,False,False,False,False
git_rebasin_pairwise,577,577,577,1.0,1,1.0,0.00045679090544581413,1,4000,True,False,False,False,False
git_rebasin_pairwise,577,577,577,1.0,1,1.0,0.0005147920455783606,1,4000,True,False,False,False,False
git_rebasin_pairwise,2177,2177,2177,1.0,1,1.0,0.0007246250752359629,1,4000,True,False,False,False,False
git_rebasin_pairwise,2177,2177,2177,1.0,1,1.0,0.0008216670248657465,1,4000,True,False,False,False,False
git_rebasin_pairwise,2177,2177,2177,1.0,1,1.0,0.0006579579785466194,1,4000,True,False,False,False,False
git_rebasin_pairwise,577,577,577,1.0,1,1.0,0.00039833318442106247,1,4000,True,False,False,False,False
git_rebasin_pairwise,577,577,577,1.0,1,1.0,0.0007284590974450111,1,4000,True,False,False,False,False
git_rebasin_pairwise,577,577,577,1.0,1,1.0,0.0004130839370191097,1,4000,True,False,False,False,False
git_rebasin_pairwise,577,577,577,1.0,1,1.0,0.000583041924983263,1,4000,True,False,False,False,False
git_rebasin_pairwise,577,577,577,1.0,1,1.0,0.0004176669754087925,1,4000,True,False,False,False,False
git_rebasin_pairwise,577,577,577,1.0,1,1.0,0.0003845838364213705,1,4000,True,False,False,False,False
git_rebasin_pairwise,577,577,577,1.0,1,1.0,0.00042270892299711704,1,4000,True,False,False,False,False
git_rebasin_pairwise,577,577,577,1.0,1,1.0,0.0005204170010983944,1,4000,True,False,False,False,False
git_rebasin_pairwise,2177,2177,2177,1.0,1,1.0,0.0007933329325169325,1,4000,True,False,False,False,False
git_rebasin_pairwise,577,577,577,1.0,1,1.0,0.0004589168820530176,1,4000,True,False,False,False,False
git_rebasin_pairwise,2177,2177,2177,1.0,1,1.0,0.0006781660486012697,1,4000,True,False,False,False,False
git_rebasin_pairwise,577,577,577,1.0,1,1.0,0.00046916701830923557,1,4000,True,False,False,False,False
git_rebasin_pairwise,577,577,577,1.0,1,1.0,0.0004038340412080288,1,4000,True,False,False,False,False
git_rebasin_pairwise,577,577,577,1.0,1,1.0,0.0004206250887364149,1,4000,True,False,False,False,False
git_rebasin_pairwise,577,577,577,1.0,1,1.0,0.0005316671449691057,1,4000,True,False,False,False,False
git_rebasin_pairwise,2177,2177,2177,1.0,1,1.0,0.000656916992738843,1,4000,True,False,False,False,False
git_rebasin_pairwise,2177,2177,2177,1.0,1,1.0,0.0007237500976771116,1,4000,True,False,False,False,False
git_rebasin_pairwise,2177,2177,2177,1.0,1,1.0,0.0006942909676581621,1,4000,True,False,False,False,False
git_rebasin_pairwise,577,577,577,1.0,1,1.0,0.0005261250771582127,1,4000,True,False,False,False,False
git_rebasin_pairwise,577,577,577,1.0,1,1.0,0.0005703750066459179,1,4000,True,False,False,False,False
git_rebasin_pairwise,2177,2177,2177,1.0,1,1.0,0.0006727089639753103,1,4000,True,False,False,False,False
git_rebasin_pairwise,577,577,577,1.0,1,1.0,0.0004471251741051674,1,4000,True,False,False,False,False
git_rebasin_pairwise,577,577,577,1.0,1,1.0,0.00039900001138448715,1,4000,True,False,False,False,False
git_rebasin_pairwise,2177,2177,2177,1.0,1,1.0,0.0006923750042915344,1,4000,True,False,False,False,False
git_rebasin_pairwise,577,577,577,1.0,1,1.0,0.0004853750579059124,1,4000,True,False,False,False,False
git_rebasin_pairwise,577,577,577,1.0,1,1.0,0.0012672091834247112,1,4000,True,False,False,False,False
git_rebasin_pairwise,2177,2177,2177,1.0,1,1.0,0.0011902078986167908,1,4000,True,False,False,False,False
git_rebasin_pairwise,2177,2177,2177,1.0,1,1.0,0.0006905000191181898,1,4000,True,False,False,False,False
git_rebasin_pairwise,2177,2177,2177,1.0,1,1.0,0.0007325001060962677,1,4000,True,False,False,False,False
git_rebasin_pairwise,2177,2177,2177,1.0,1,1.0,0.0007708331104367971,1,4000,True,False,False,False,False
git_rebasin_pairwise,2177,2177,2177,1.0,1,1.0,0.000664958031848073,1,4000,True,False,False,False,False
git_rebasin_pairwise,577,577,577,1.0,1,1.0,0.00045012496411800385,1,4000,True,False,False,False,False
git_rebasin_pairwise,577,577,577,1.0,1,1.0,0.0004805419594049454,1,4000,True,False,False,False,False
git_rebasin_pairwise,2177,2177,2177,1.0,1,1.0,0.0007612500339746475,1,4000,True,False,False,False,False
git_rebasin_pairwise,577,577,577,1.0,1,1.0,0.0005006662104278803,1,4000,True,False,False,False,False
git_rebasin_pairwise,2177,2177,2177,1.0,1,1.0,0.0006902499590069056,1,4000,True,False,False,False,False
git_rebasin_pairwise,577,577,577,1.0,1,1.0,0.0004488341510295868,1,4000,True,False,False,False,False
git_rebasin_pairwise,577,577,577,1.0,1,1.0,0.0005031670443713665,1,4000,True,False,False,False,False
git_rebasin_pairwise,577,577,577,1.0,1,1.0,0.0004055001772940159,1,4000,True,False,False,False,False
git_rebasin_pairwise,577,577,577,1.0,1,1.0,0.00045900000259280205,1,4000,True,False,False,False,False
git_rebasin_pairwise,577,577,577,1.0,1,1.0,0.0004673751536756754,1,4000,True,False,False,False,False
git_rebasin_pairwise,2177,2177,2177,1.0,1,1.0,0.0023150420747697353,1,4000,True,False,False,False,False
no_twist_branch_control,4354,4354,4354,2.0,2,2.0,0.000664958031848073,1,4000,False,True,False,False,False
no_twist_branch_control,4354,4354,4354,2.0,2,2.0,0.0007709171622991562,1,4000,False,True,False,False,False
no_twist_branch_control,1154,1154,1154,2.0,2,2.0,0.00045916694216430187,1,4000,False,True,False,False,False
no_twist_branch_control,1154,1154,1154,2.0,2,2.0,0.00045970804058015347,1,4000,False,True,False,False,False
no_twist_branch_control,4354,4354,4354,2.0,2,2.0,0.000863207969814539,1,4000,False,True,False,False,False
no_twist_branch_control,4354,4354,4354,2.0,2,2.0,0.000686457846313715,1,4000,False,True,False,False,False
no_twist_branch_control,1154,1154,1154,2.0,2,2.0,0.0004162921104580164,1,4000,False,True,False,False,False
no_twist_branch_control,1154,1154,1154,2.0,2,2.0,0.00042854086495935917,1,4000,False,True,False,False,False
no_twist_branch_control,1154,1154,1154,2.0,2,2.0,0.0003978339955210686,1,4000,False,True,False,False,False
no_twist_branch_control,1154,1154,1154,2.0,2,2.0,0.0005751249846071005,1,4000,False,True,False,False,False
no_twist_branch_control,1154,1154,1154,2.0,2,2.0,0.00046545802615582943,1,4000,False,True,False,False,False
no_twist_branch_control,4354,4354,4354,2.0,2,2.0,0.0008943751454353333,1,4000,False,True,False,False,False
no_twist_branch_control,4354,4354,4354,2.0,2,2.0,0.0007625841535627842,1,4000,False,True,False,False,False
no_twist_branch_control,1154,1154,1154,2.0,2,2.0,0.00048550008796155453,1,4000,False,True,False,False,False
no_twist_branch_control,1154,1154,1154,2.0,2,2.0,0.00045841606333851814,1,4000,False,True,False,False,False
no_twist_branch_control,4354,4354,4354,2.0,2,2.0,0.0007335001137107611,1,4000,False,True,False,False,False
no_twist_branch_control,4354,4354,4354,2.0,2,2.0,0.0007354998961091042,1,4000,False,True,False,False,False
no_twist_branch_control,1154,1154,1154,2.0,2,2.0,0.0004267499316483736,1,4000,False,True,False,False,False
no_twist_branch_control,1154,1154,1154,2.0,2,2.0,0.0003691248130053282,1,4000,False,True,False,False,False
no_twist_branch_control,1154,1154,1154,2.0,2,2.0,0.0011493749916553497,1,4000,False,True,False,False,False
no_twist_branch_control,1154,1154,1154,2.0,2,2.0,0.0004904589150100946,1,4000,False,True,False,False,False
no_twist_branch_control,1154,1154,1154,2.0,2,2.0,0.0005044590216130018,1,4000,False,True,False,False,False
no_twist_branch_control,4354,4354,4354,2.0,2,2.0,0.000691999914124608,1,4000,False,True,False,False,False
no_twist_branch_control,4354,4354,4354,2.0,2,2.0,0.000672333175316453,1,4000,False,True,False,False,False
no_twist_branch_control,1154,1154,1154,2.0,2,2.0,0.0004034999292343855,1,4000,False,True,False,False,False
no_twist_branch_control,1154,1154,1154,2.0,2,2.0,0.0011546248570084572,1,4000,False,True,False,False,False
no_twist_branch_control,4354,4354,4354,2.0,2,2.0,0.0009916671551764011,1,4000,False,True,False,False,False
no_twist_branch_control,4354,4354,4354,2.0,2,2.0,0.0007857079617679119,1,4000,False,True,False,False,False
no_twist_branch_control,4354,4354,4354,2.0,2,2.0,0.0007608341984450817,1,4000,False,True,False,False,False
no_twist_branch_control,1154,1154,1154,2.0,2,2.0,0.0004170420579612255,1,4000,False,True,False,False,False
no_twist_branch_control,4354,4354,4354,2.0,2,2.0,0.0007452501449733973,1,4000,False,True,False,False,False
no_twist_branch_control,1154,1154,1154,2.0,2,2.0,0.0004774159751832485,1,4000,False,True,False,False,False
no_twist_branch_control,1154,1154,1154,2.0,2,2.0,0.0004382501356303692,1,4000,False,True,False,False,False
no_twist_branch_control,1154,1154,1154,2.0,2,2.0,0.000398166012018919,1,4000,False,True,False,False,False
no_twist_branch_control,4354,4354,4354,2.0,2,2.0,0.0007235831581056118,1,4000,False,True,False,False,False
no_twist_branch_control,1154,1154,1154,2.0,2,2.0,0.0004671248607337475,1,4000,False,True,False,False,False
no_twist_branch_control,4354,4354,4354,2.0,2,2.0,0.000696792034432292,1,4000,False,True,False,False,False
no_twist_branch_control,4354,4354,4354,2.0,2,2.0,0.0007017920725047588,1,4000,False,True,False,False,False
no_twist_branch_control,4354,4354,4354,2.0,2,2.0,0.0006628339178860188,1,4000,False,True,False,False,False
no_twist_branch_control,1154,1154,1154,2.0,2,2.0,0.0006884161848574877,1,4000,False,True,False,False,False
no_twist_branch_control,4354,4354,4354,2.0,2,2.0,0.00146949989721179,1,4000,False,True,False,False,False
no_twist_branch_control,1154,1154,1154,2.0,2,2.0,0.0004328328650444746,1,4000,False,True,False,False,False
no_twist_branch_control,1154,1154,1154,2.0,2,2.0,0.000858415849506855,1,4000,False,True,False,False,False
no_twist_branch_control,4354,4354,4354,2.0,2,2.0,0.0008813331369310617,1,4000,False,True,False,False,False
no_twist_branch_control,1154,1154,1154,2.0,2,2.0,0.000765542034059763,1,4000,False,True,False,False,False
no_twist_branch_control,4354,4354,4354,2.0,2,2.0,0.000708000035956502,1,4000,False,True,False,False,False
no_twist_branch_control,1154,1154,1154,2.0,2,2.0,0.0006609580013900995,1,4000,False,True,False,False,False
no_twist_branch_control,1154,1154,1154,2.0,2,2.0,0.0013442498166114092,1,4000,False,True,False,False,False
no_twist_branch_control,1154,1154,1154,2.0,2,2.0,0.0004098750650882721,1,4000,False,True,False,False,False
no_twist_branch_control,4354,4354,4354,2.0,2,2.0,0.000665667001157999,1,4000,False,True,False,False,False
no_twist_branch_control,1154,1154,1154,2.0,2,2.0,0.0004553329199552536,1,4000,False,True,False,False,False
no_twist_branch_control,1154,1154,1154,2.0,2,2.0,0.00046391692012548447,1,4000,False,True,False,False,False
no_twist_branch_control,1154,1154,1154,2.0,2,2.0,0.0023824588861316442,1,4000,False,True,False,False,False
no_twist_branch_control,1154,1154,1154,2.0,2,2.0,0.0005524998996406794,1,4000,False,True,False,False,False
no_twist_branch_control,1154,1154,1154,2.0,2,2.0,0.0009237499907612801,1,4000,False,True,False,False,False
no_twist_branch_control,4354,4354,4354,2.0,2,2.0,0.000728874932974577,1,4000,False,True,False,False,False
no_twist_branch_control,4354,4354,4354,2.0,2,2.0,0.0007150000892579556,1,4000,False,True,False,False,False
no_twist_branch_control,1154,1154,1154,2.0,2,2.0,0.00041041593067348003,1,4000,False,True,False,False,False
no_twist_branch_control,1154,1154,1154,2.0,2,2.0,0.00039604189805686474,1,4000,False,True,False,False,False
no_twist_branch_control,4354,4354,4354,2.0,2,2.0,0.0006721250247210264,1,4000,False,True,False,False,False
no_twist_branch_control,4354,4354,4354,2.0,2,2.0,0.0006726249121129513,1,4000,False,True,False,False,False
no_twist_branch_control,1154,1154,1154,2.0,2,2.0,0.00043304217979311943,1,4000,False,True,False,False,False
no_twist_branch_control,4354,4354,4354,2.0,2,2.0,0.0006982921622693539,1,4000,False,True,False,False,False
no_twist_branch_control,1154,1154,1154,2.0,2,2.0,0.00041812495328485966,1,4000,False,True,False,False,False
no_twist_branch_control,1154,1154,1154,2.0,2,2.0,0.00044183293357491493,1,4000,False,True,False,False,False
no_twist_branch_control,1154,1154,1154,2.0,2,2.0,0.0005621251184493303,1,4000,False,True,False,False,False
no_twist_branch_control,1154,1154,1154,2.0,2,2.0,0.0004641669802367687,1,4000,False,True,False,False,False
no_twist_branch_control,1154,1154,1154,2.0,2,2.0,0.0004138748627156019,1,4000,False,True,False,False,False
no_twist_branch_control,4354,4354,4354,2.0,2,2.0,0.0007693751249462366,1,4000,False,True,False,False,False
no_twist_branch_control,4354,4354,4354,2.0,2,2.0,0.0006641249638050795,1,4000,False,True,False,False,False
no_twist_branch_control,1154,1154,1154,2.0,2,2.0,0.000478208065032959,1,4000,False,True,False,False,False
no_twist_branch_control,4354,4354,4354,2.0,2,2.0,0.0007477919571101665,1,4000,False,True,False,False,False
no_twist_branch_control,1154,1154,1154,2.0,2,2.0,0.00042766681872308254,1,4000,False,True,False,False,False
no_twist_branch_control,1154,1154,1154,2.0,2,2.0,0.0004523748066276312,1,4000,False,True,False,False,False
no_twist_branch_control,4354,4354,4354,2.0,2,2.0,0.0006609999109059572,1,4000,False,True,False,False,False
no_twist_branch_control,1154,1154,1154,2.0,2,2.0,0.000463416101410985,1,4000,False,True,False,False,False
no_twist_branch_control,1154,1154,1154,2.0,2,2.0,0.0009301251266151667,1,4000,False,True,False,False,False
no_twist_branch_control,1154,1154,1154,2.0,2,2.0,0.0004441249184310436,1,4000,False,True,False,False,False
no_twist_branch_control,1154,1154,1154,2.0,2,2.0,0.0005635409615933895,1,4000,False,True,False,False,False
no_twist_branch_control,1154,1154,1154,2.0,2,2.0,0.0005246251821517944,1,4000,False,True,False,False,False
no_twist_branch_control,1154,1154,1154,2.0,2,2.0,0.0004288339987397194,1,4000,False,True,False,False,False
no_twist_branch_control,4354,4354,4354,2.0,2,2.0,0.0006949999369680882,1,4000,False,True,False,False,False
no_twist_branch_control,1154,1154,1154,2.0,2,2.0,0.0003874159883707762,1,4000,False,True,False,False,False
no_twist_branch_control,1154,1154,1154,2.0,2,2.0,0.0006801250856369734,1,4000,False,True,False,False,False
no_twist_branch_control,4354,4354,4354,2.0,2,2.0,0.0010891668498516083,1,4000,False,True,False,False,False
no_twist_branch_control,1154,1154,1154,2.0,2,2.0,0.0004995830822736025,1,4000,False,True,False,False,False
no_twist_branch_control,1154,1154,1154,2.0,2,2.0,0.0005146251060068607,1,4000,False,True,False,False,False
no_twist_branch_control,4354,4354,4354,2.0,2,2.0,0.0016675000078976154,1,4000,False,True,False,False,False
no_twist_branch_control,1154,1154,1154,2.0,2,2.0,0.00038374983705580235,1,4000,False,True,False,False,False
no_twist_branch_control,1154,1154,1154,2.0,2,2.0,0.0005262920167297125,1,4000,False,True,False,False,False
no_twist_branch_control,1154,1154,1154,2.0,2,2.0,0.0004882090725004673,1,4000,False,True,False,False,False
no_twist_branch_control,4354,4354,4354,2.0,2,2.0,0.0006974590942263603,1,4000,False,True,False,False,False
no_twist_branch_control,1154,1154,1154,2.0,2,2.0,0.0004290000069886446,1,4000,False,True,False,False,False
no_twist_branch_control,1154,1154,1154,2.0,2,2.0,0.0004042498767375946,1,4000,False,True,False,False,False
no_twist_branch_control,1154,1154,1154,2.0,2,2.0,0.0003939999733120203,1,4000,False,True,False,False,False
no_twist_branch_control,4354,4354,4354,2.0,2,2.0,0.0006894159596413374,1,4000,False,True,False,False,False
no_twist_branch_control,1154,1154,1154,2.0,2,2.0,0.0004706250037997961,1,4000,False,True,False,False,False
no_twist_branch_control,4354,4354,4354,2.0,2,2.0,0.0006912921089679003,1,4000,False,True,False,False,False
no_twist_branch_control,4354,4354,4354,2.0,2,2.0,0.000672041904181242,1,4000,False,True,False,False,False
no_twist_branch_control,4354,4354,4354,2.0,2,2.0,0.0006874999962747097,1,4000,False,True,False,False,False
no_twist_branch_control,1154,1154,1154,2.0,2,2.0,0.0004215841181576252,1,4000,False,True,False,False,False
no_twist_branch_control,4354,4354,4354,2.0,2,2.0,0.0007310421206057072,1,4000,False,True,False,False,False
no_twist_branch_control,1154,1154,1154,2.0,2,2.0,0.0003909161314368248,1,4000,False,True,False,False,False
no_twist_branch_control,4354,4354,4354,2.0,2,2.0,0.0007288330234587193,1,4000,False,True,False,False,False
no_twist_branch_control,4354,4354,4354,2.0,2,2.0,0.0006694579496979713,1,4000,False,True,False,False,False
no_twist_branch_control,4354,4354,4354,2.0,2,2.0,0.0007573750335723162,1,4000,False,True,False,False,False
no_twist_branch_control,4354,4354,4354,2.0,2,2.0,0.0007738331332802773,1,4000,False,True,False,False,False
no_twist_branch_control,1154,1154,1154,2.0,2,2.0,0.00039462512359023094,1,4000,False,True,False,False,False
no_twist_branch_control,4354,4354,4354,2.0,2,2.0,0.0006851248908787966,1,4000,False,True,False,False,False
no_twist_branch_control,4354,4354,4354,2.0,2,2.0,0.0007473749574273825,1,4000,False,True,False,False,False
no_twist_branch_control,1154,1154,1154,2.0,2,2.0,0.0003765830770134926,1,4000,False,True,False,False,False
no_twist_branch_control,1154,1154,1154,2.0,2,2.0,0.0006182501092553139,1,4000,False,True,False,False,False
no_twist_branch_control,4354,4354,4354,2.0,2,2.0,0.0007243328727781773,1,4000,False,True,False,False,False
no_twist_branch_control,1154,1154,1154,2.0,2,2.0,0.00046854116953909397,1,4000,False,True,False,False,False
no_twist_branch_control,4354,4354,4354,2.0,2,2.0,0.0006829588674008846,1,4000,False,True,False,False,False
no_twist_branch_control,4354,4354,4354,2.0,2,2.0,0.0006682078819721937,1,4000,False,True,False,False,False
no_twist_branch_control,4354,4354,4354,2.0,2,2.0,0.0015400000847876072,1,4000,False,True,False,False,False
no_twist_branch_control,4354,4354,4354,2.0,2,2.0,0.000766207929700613,1,4000,False,True,False,False,False
no_twist_branch_control,4354,4354,4354,2.0,2,2.0,0.0006795001681894064,1,4000,False,True,False,False,False
no_twist_branch_control,4354,4354,4354,2.0,2,2.0,0.0006758328527212143,1,4000,False,True,False,False,False
no_twist_branch_control,1154,1154,1154,2.0,2,2.0,0.00042266608215868473,1,4000,False,True,False,False,False
no_twist_branch_control,4354,4354,4354,2.0,2,2.0,0.0006887498311698437,1,4000,False,True,False,False,False
no_twist_branch_control,4354,4354,4354,2.0,2,2.0,0.0006688749417662621,1,4000,False,True,False,False,False
no_twist_branch_control,4354,4354,4354,2.0,2,2.0,0.0007006251253187656,1,4000,False,True,False,False,False
no_twist_branch_control,1154,1154,1154,2.0,2,2.0,0.000574916135519743,1,4000,False,True,False,False,False
no_twist_branch_control,4354,4354,4354,2.0,2,2.0,0.0007576670031994581,1,4000,False,True,False,False,False
no_twist_branch_control,4354,4354,4354,2.0,2,2.0,0.0007469998672604561,1,4000,False,True,False,False,False
no_twist_branch_control,1154,1154,1154,2.0,2,2.0,0.0004597089719027281,1,4000,False,True,False,False,False
no_twist_branch_control,4354,4354,4354,2.0,2,2.0,0.0007704999297857285,1,4000,False,True,False,False,False
no_twist_branch_control,4354,4354,4354,2.0,2,2.0,0.0007379578892141581,1,4000,False,True,False,False,False
no_twist_branch_control,1154,1154,1154,2.0,2,2.0,0.000527041032910347,1,4000,False,True,False,False,False
no_twist_branch_control,1154,1154,1154,2.0,2,2.0,0.00048525002785027027,1,4000,False,True,False,False,False
no_twist_branch_control,4354,4354,4354,2.0,2,2.0,0.0007458331529051065,1,4000,False,True,False,False,False
no_twist_branch_control,4354,4354,4354,2.0,2,2.0,0.0007965830154716969,1,4000,False,True,False,False,False
no_twist_branch_control,4354,4354,4354,2.0,2,2.0,0.0008786660619080067,1,4000,False,True,False,False,False
no_twist_branch_control,4354,4354,4354,2.0,2,2.0,0.0006945410277694464,1,4000,False,True,False,False,False
no_twist_branch_control,4354,4354,4354,2.0,2,2.0,0.0007173751946538687,1,4000,False,True,False,False,False
no_twist_branch_control,4354,4354,4354,2.0,2,2.0,0.0007380840834230185,1,4000,False,True,False,False,False
no_twist_branch_control,1154,1154,1154,2.0,2,2.0,0.0005454160273075104,1,4000,False,True,False,False,False
no_twist_branch_control,1154,1154,1154,2.0,2,2.0,0.0004520830698311329,1,4000,False,True,False,False,False
no_twist_branch_control,1154,1154,1154,2.0,2,2.0,0.00048412522301077843,1,4000,False,True,False,False,False
no_twist_branch_control,4354,4354,4354,2.0,2,2.0,0.0009310839232057333,1,4000,False,True,False,False,False
no_twist_branch_control,4354,4354,4354,2.0,2,2.0,0.0007398747839033604,1,4000,False,True,False,False,False
no_twist_branch_control,4354,4354,4354,2.0,2,2.0,0.0007077089976519346,1,4000,False,True,False,False,False
no_twist_branch_control,1154,1154,1154,2.0,2,2.0,0.0004979998338967562,1,4000,False,True,False,False,False
no_twist_branch_control,4354,4354,4354,2.0,2,2.0,0.0007255829405039549,1,4000,False,True,False,False,False
no_twist_branch_control,4354,4354,4354,2.0,2,2.0,0.0008097079116851091,1,4000,False,True,False,False,False
no_twist_branch_control,4354,4354,4354,2.0,2,2.0,0.0007041660137474537,1,4000,False,True,False,False,False
no_twist_branch_control,4354,4354,4354,2.0,2,2.0,0.0007037499453872442,1,4000,False,True,False,False,False
no_twist_branch_control,1154,1154,1154,2.0,2,2.0,0.0005622080061584711,1,4000,False,True,False,False,False
no_twist_branch_control,4354,4354,4354,2.0,2,2.0,0.0007525829132646322,1,4000,False,True,False,False,False
no_twist_branch_control,1154,1154,1154,2.0,2,2.0,0.0010494580492377281,1,4000,False,True,False,False,False
no_twist_branch_control,4354,4354,4354,2.0,2,2.0,0.0007802499458193779,1,4000,False,True,False,False,False
no_twist_branch_control,4354,4354,4354,2.0,2,2.0,0.0007367080543190241,1,4000,False,True,False,False,False
no_twist_branch_control,4354,4354,4354,2.0,2,2.0,0.0007390838582068682,1,4000,False,True,False,False,False
no_twist_branch_control,1154,1154,1154,2.0,2,2.0,0.000577291939407587,1,4000,False,True,False,False,False
no_twist_branch_control,1154,1154,1154,2.0,2,2.0,0.00040366710163652897,1,4000,False,True,False,False,False
no_twist_branch_control,4354,4354,4354,2.0,2,2.0,0.0006956660654395819,1,4000,False,True,False,False,False
no_twist_branch_control,1154,1154,1154,2.0,2,2.0,0.0004829589743167162,1,4000,False,True,False,False,False
no_twist_branch_control,4354,4354,4354,2.0,2,2.0,0.0008308750111609697,1,4000,False,True,False,False,False
no_twist_branch_control,1154,1154,1154,2.0,2,2.0,0.0005462081171572208,1,4000,False,True,False,False,False
no_twist_branch_control,1154,1154,1154,2.0,2,2.0,0.0003821661230176687,1,4000,False,True,False,False,False
no_twist_branch_control,1154,1154,1154,2.0,2,2.0,0.00044008390977978706,1,4000,False,True,False,False,False
no_twist_branch_control,4354,4354,4354,2.0,2,2.0,0.0008268328383564949,1,4000,False,True,False,False,False
no_twist_branch_control,4354,4354,4354,2.0,2,2.0,0.0006625000387430191,1,4000,False,True,False,False,False
no_twist_branch_control,4354,4354,4354,2.0,2,2.0,0.0007033750880509615,1,4000,False,True,False,False,False
no_twist_branch_control,4354,4354,4354,2.0,2,2.0,0.000684583093971014,1,4000,False,True,False,False,False
no_twist_branch_control,1154,1154,1154,2.0,2,2.0,0.0004782499745488167,1,4000,False,True,False,False,False
no_twist_branch_control,1154,1154,1154,2.0,2,2.0,0.0005010000895708799,1,4000,False,True,False,False,False
no_twist_branch_control,1154,1154,1154,2.0,2,2.0,0.0005870419554412365,1,4000,False,True,False,False,False
no_twist_branch_control,4354,4354,4354,2.0,2,2.0,0.0007744168397039175,1,4000,False,True,False,False,False
no_twist_branch_control,1154,1154,1154,2.0,2,2.0,0.0005737089086323977,1,4000,False,True,False,False,False
no_twist_branch_control,4354,4354,4354,2.0,2,2.0,0.0006988339591771364,1,4000,False,True,False,False,False
no_twist_branch_control,1154,1154,1154,2.0,2,2.0,0.0004687919281423092,1,4000,False,True,False,False,False
no_twist_branch_control,4354,4354,4354,2.0,2,2.0,0.0007879999466240406,1,4000,False,True,False,False,False
no_twist_branch_control,1154,1154,1154,2.0,2,2.0,0.0004352498799562454,1,4000,False,True,False,False,False
no_twist_branch_control,4354,4354,4354,2.0,2,2.0,0.0007317499257624149,1,4000,False,True,False,False,False
no_twist_branch_control,4354,4354,4354,2.0,2,2.0,0.001418875064700842,1,4000,False,True,False,False,False
no_twist_branch_control,4354,4354,4354,2.0,2,2.0,0.0007929999846965075,1,4000,False,True,False,False,False
no_twist_branch_control,4354,4354,4354,2.0,2,2.0,0.0007322910241782665,1,4000,False,True,False,False,False
ordinary_weight_average,2177,2177,2177,1.0,1,1.0,0.0007000418845564127,1,4000,True,False,False,False,False
ordinary_weight_average,2177,2177,2177,1.0,1,1.0,0.000668541993945837,1,4000,True,False,False,False,False
ordinary_weight_average,577,577,577,1.0,1,1.0,0.0012021248694509268,1,4000,True,False,False,False,False
ordinary_weight_average,2177,2177,2177,1.0,1,1.0,0.0007633750792592764,1,4000,True,False,False,False,False
ordinary_weight_average,2177,2177,2177,1.0,1,1.0,0.0007584588602185249,1,4000,True,False,False,False,False
ordinary_weight_average,2177,2177,2177,1.0,1,1.0,0.0023972089402377605,1,4000,True,False,False,False,False
ordinary_weight_average,2177,2177,2177,1.0,1,1.0,0.0009612501598894596,1,4000,True,False,False,False,False
ordinary_weight_average,2177,2177,2177,1.0,1,1.0,0.0007467078976333141,1,4000,True,False,False,False,False
ordinary_weight_average,2177,2177,2177,1.0,1,1.0,0.0007467910181730986,1,4000,True,False,False,False,False
ordinary_weight_average,2177,2177,2177,1.0,1,1.0,0.0007640840485692024,1,4000,True,False,False,False,False
ordinary_weight_average,577,577,577,1.0,1,1.0,0.0005045421421527863,1,4000,True,False,False,False,False
ordinary_weight_average,2177,2177,2177,1.0,1,1.0,0.0007415830623358488,1,4000,True,False,False,False,False
ordinary_weight_average,577,577,577,1.0,1,1.0,0.0004332498647272587,1,4000,True,False,False,False,False
ordinary_weight_average,577,577,577,1.0,1,1.0,0.0004064170643687248,1,4000,True,False,False,False,False
ordinary_weight_average,577,577,577,1.0,1,1.0,0.000503291841596365,1,4000,True,False,False,False,False
ordinary_weight_average,577,577,577,1.0,1,1.0,0.00039125001057982445,1,4000,True,False,False,False,False
ordinary_weight_average,577,577,577,1.0,1,1.0,0.00045308307744562626,1,4000,True,False,False,False,False
ordinary_weight_average,2177,2177,2177,1.0,1,1.0,0.0007235840894281864,1,4000,True,False,False,False,False
ordinary_weight_average,2177,2177,2177,1.0,1,1.0,0.0007382920011878014,1,4000,True,False,False,False,False
ordinary_weight_average,577,577,577,1.0,1,1.0,0.0004616249352693558,1,4000,True,False,False,False,False
ordinary_weight_average,2177,2177,2177,1.0,1,1.0,0.0009045421611517668,1,4000,True,False,False,False,False
ordinary_weight_average,2177,2177,2177,1.0,1,1.0,0.000713834073394537,1,4000,True,False,False,False,False
ordinary_weight_average,2177,2177,2177,1.0,1,1.0,0.000731165986508131,1,4000,True,False,False,False,False
ordinary_weight_average,577,577,577,1.0,1,1.0,0.0006379999686032534,1,4000,True,False,False,False,False
ordinary_weight_average,2177,2177,2177,1.0,1,1.0,0.0014800839126110077,1,4000,True,False,False,False,False
ordinary_weight_average,577,577,577,1.0,1,1.0,0.0004070838913321495,1,4000,True,False,False,False,False
ordinary_weight_average,2177,2177,2177,1.0,1,1.0,0.0007027909159660339,1,4000,True,False,False,False,False
ordinary_weight_average,577,577,577,1.0,1,1.0,0.0004498339258134365,1,4000,True,False,False,False,False
ordinary_weight_average,2177,2177,2177,1.0,1,1.0,0.0007014591246843338,1,4000,True,False,False,False,False
ordinary_weight_average,577,577,577,1.0,1,1.0,0.0004728750791400671,1,4000,True,False,False,False,False
ordinary_weight_average,2177,2177,2177,1.0,1,1.0,0.0007344579789787531,1,4000,True,False,False,False,False
ordinary_weight_average,2177,2177,2177,1.0,1,1.0,0.0007121670059859753,1,4000,True,False,False,False,False
ordinary_weight_average,577,577,577,1.0,1,1.0,0.00045091588981449604,1,4000,True,False,False,False,False
ordinary_weight_average,2177,2177,2177,1.0,1,1.0,0.0007349590305238962,1,4000,True,False,False,False,False
ordinary_weight_average,577,577,577,1.0,1,1.0,0.0004297499544918537,1,4000,True,False,False,False,False
ordinary_weight_average,2177,2177,2177,1.0,1,1.0,0.0007187081500887871,1,4000,True,False,False,False,False
ordinary_weight_average,2177,2177,2177,1.0,1,1.0,0.0006763329729437828,1,4000,True,False,False,False,False
ordinary_weight_average,577,577,577,1.0,1,1.0,0.0008692089468240738,1,4000,True,False,False,False,False
ordinary_weight_average,2177,2177,2177,1.0,1,1.0,0.0007008749525994062,1,4000,True,False,False,False,False
ordinary_weight_average,577,577,577,1.0,1,1.0,0.00042229099199175835,1,4000,True,False,False,False,False
ordinary_weight_average,2177,2177,2177,1.0,1,1.0,0.0006931668613106012,1,4000,True,False,False,False,False
ordinary_weight_average,577,577,577,1.0,1,1.0,0.0004659579135477543,1,4000,True,False,False,False,False
ordinary_weight_average,2177,2177,2177,1.0,1,1.0,0.000766499899327755,1,4000,True,False,False,False,False
ordinary_weight_average,2177,2177,2177,1.0,1,1.0,0.0007142079994082451,1,4000,True,False,False,False,False
ordinary_weight_average,2177,2177,2177,1.0,1,1.0,0.0007643329445272684,1,4000,True,False,False,False,False
ordinary_weight_average,2177,2177,2177,1.0,1,1.0,0.0007109579164534807,1,4000,True,False,False,False,False
ordinary_weight_average,577,577,577,1.0,1,1.0,0.0004437919706106186,1,4000,True,False,False,False,False
ordinary_weight_average,577,577,577,1.0,1,1.0,0.0004327499773353338,1,4000,True,False,False,False,False
ordinary_weight_average,577,577,577,1.0,1,1.0,0.0005834160838276148,1,4000,True,False,False,False,False
ordinary_weight_average,577,577,577,1.0,1,1.0,0.0005469999741762877,1,4000,True,False,False,False,False
ordinary_weight_average,577,577,577,1.0,1,1.0,0.000460208160802722,1,4000,True,False,False,False,False
ordinary_weight_average,2177,2177,2177,1.0,1,1.0,0.0007590418681502342,1,4000,True,False,False,False,False
ordinary_weight_average,2177,2177,2177,1.0,1,1.0,0.0007233328651636839,1,4000,True,False,False,False,False
ordinary_weight_average,577,577,577,1.0,1,1.0,0.0005624170880764723,1,4000,True,False,False,False,False
ordinary_weight_average,2177,2177,2177,1.0,1,1.0,0.0007155828643590212,1,4000,True,False,False,False,False
ordinary_weight_average,577,577,577,1.0,1,1.0,0.00044991704635322094,1,4000,True,False,False,False,False
ordinary_weight_average,2177,2177,2177,1.0,1,1.0,0.0007464999798685312,1,4000,True,False,False,False,False
ordinary_weight_average,2177,2177,2177,1.0,1,1.0,0.0007670000195503235,1,4000,True,False,False,False,False
ordinary_weight_average,2177,2177,2177,1.0,1,1.0,0.000992374960333109,1,4000,True,False,False,False,False
ordinary_weight_average,2177,2177,2177,1.0,1,1.0,0.0007393339183181524,1,4000,True,False,False,False,False
ordinary_weight_average,577,577,577,1.0,1,1.0,0.00046895816922187805,1,4000,True,False,False,False,False
ordinary_weight_average,2177,2177,2177,1.0,1,1.0,0.0006969159003347158,1,4000,True,False,False,False,False
ordinary_weight_average,577,577,577,1.0,1,1.0,0.0006069170776754618,1,4000,True,False,False,False,False
ordinary_weight_average,577,577,577,1.0,1,1.0,0.0005339169874787331,1,4000,True,False,False,False,False
ordinary_weight_average,577,577,577,1.0,1,1.0,0.0005462500266730785,1,4000,True,False,False,False,False
ordinary_weight_average,2177,2177,2177,1.0,1,1.0,0.0007491251453757286,1,4000,True,False,False,False,False
ordinary_weight_average,2177,2177,2177,1.0,1,1.0,0.0009251250885426998,1,4000,True,False,False,False,False
ordinary_weight_average,2177,2177,2177,1.0,1,1.0,0.00158633291721344,1,4000,True,False,False,False,False
ordinary_weight_average,2177,2177,2177,1.0,1,1.0,0.0007899999618530273,1,4000,True,False,False,False,False
ordinary_weight_average,2177,2177,2177,1.0,1,1.0,0.000687750056385994,1,4000,True,False,False,False,False
ordinary_weight_average,2177,2177,2177,1.0,1,1.0,0.0009260829538106918,1,4000,True,False,False,False,False
ordinary_weight_average,2177,2177,2177,1.0,1,1.0,0.0008604580070823431,1,4000,True,False,False,False,False
ordinary_weight_average,577,577,577,1.0,1,1.0,0.00038387509994208813,1,4000,True,False,False,False,False
ordinary_weight_average,2177,2177,2177,1.0,1,1.0,0.0007667909376323223,1,4000,True,False,False,False,False
ordinary_weight_average,577,577,577,1.0,1,1.0,0.00040108291432261467,1,4000,True,False,False,False,False
ordinary_weight_average,2177,2177,2177,1.0,1,1.0,0.0007852090056985617,1,4000,True,False,False,False,False
ordinary_weight_average,577,577,577,1.0,1,1.0,0.0004510418511927128,1,4000,True,False,False,False,False
ordinary_weight_average,577,577,577,1.0,1,1.0,0.0005619579460471869,1,4000,True,False,False,False,False
ordinary_weight_average,577,577,577,1.0,1,1.0,0.0005137501284480095,1,4000,True,False,False,False,False
ordinary_weight_average,2177,2177,2177,1.0,1,1.0,0.0007030828855931759,1,4000,True,False,False,False,False
ordinary_weight_average,2177,2177,2177,1.0,1,1.0,0.0007136659696698189,1,4000,True,False,False,False,False
ordinary_weight_average,577,577,577,1.0,1,1.0,0.0008073749486356974,1,4000,True,False,False,False,False
ordinary_weight_average,577,577,577,1.0,1,1.0,0.0005180840380489826,1,4000,True,False,False,False,False
ordinary_weight_average,2177,2177,2177,1.0,1,1.0,0.0007064579986035824,1,4000,True,False,False,False,False
ordinary_weight_average,577,577,577,1.0,1,1.0,0.00043954188004136086,1,4000,True,False,False,False,False
ordinary_weight_average,2177,2177,2177,1.0,1,1.0,0.0007025408558547497,1,4000,True,False,False,False,False
ordinary_weight_average,2177,2177,2177,1.0,1,1.0,0.0007830830290913582,1,4000,True,False,False,False,False
ordinary_weight_average,577,577,577,1.0,1,1.0,0.001166083151474595,1,4000,True,False,False,False,False
ordinary_weight_average,577,577,577,1.0,1,1.0,0.0013348751235753298,1,4000,True,False,False,False,False
ordinary_weight_average,2177,2177,2177,1.0,1,1.0,0.0006728749722242355,1,4000,True,False,False,False,False
ordinary_weight_average,577,577,577,1.0,1,1.0,0.00047558313235640526,1,4000,True,False,False,False,False
ordinary_weight_average,2177,2177,2177,1.0,1,1.0,0.0007355001289397478,1,4000,True,False,False,False,False
ordinary_weight_average,2177,2177,2177,1.0,1,1.0,0.0007688750047236681,1,4000,True,False,False,False,False
ordinary_weight_average,577,577,577,1.0,1,1.0,0.0004987078718841076,1,4000,True,False,False,False,False
ordinary_weight_average,2177,2177,2177,1.0,1,1.0,0.0006950839888304472,1,4000,True,False,False,False,False
ordinary_weight_average,577,577,577,1.0,1,1.0,0.0007398328743875027,1,4000,True,False,False,False,False
ordinary_weight_average,2177,2177,2177,1.0,1,1.0,0.0008194581605494022,1,4000,True,False,False,False,False
ordinary_weight_average,2177,2177,2177,1.0,1,1.0,0.0010115827899426222,1,4000,True,False,False,False,False
ordinary_weight_average,2177,2177,2177,1.0,1,1.0,0.0006959170568734407,1,4000,True,False,False,False,False
ordinary_weight_average,2177,2177,2177,1.0,1,1.0,0.0006866669282317162,1,4000,True,False,False,False,False
ordinary_weight_average,577,577,577,1.0,1,1.0,0.00042708287946879864,1,4000,True,False,False,False,False
ordinary_weight_average,2177,2177,2177,1.0,1,1.0,0.0007503330707550049,1,4000,True,False,False,False,False
ordinary_weight_average,577,577,577,1.0,1,1.0,0.0005256249569356441,1,4000,True,False,False,False,False
ordinary_weight_average,577,577,577,1.0,1,1.0,0.0007351250387728214,1,4000,True,False,False,False,False
ordinary_weight_average,577,577,577,1.0,1,1.0,0.0004042079672217369,1,4000,True,False,False,False,False
ordinary_weight_average,2177,2177,2177,1.0,1,1.0,0.0007795831188559532,1,4000,True,False,False,False,False
ordinary_weight_average,577,577,577,1.0,1,1.0,0.00042433314956724644,1,4000,True,False,False,False,False
ordinary_weight_average,2177,2177,2177,1.0,1,1.0,0.0007109581492841244,1,4000,True,False,False,False,False
ordinary_weight_average,577,577,577,1.0,1,1.0,0.0005010000895708799,1,4000,True,False,False,False,False
ordinary_weight_average,577,577,577,1.0,1,1.0,0.00046500004827976227,1,4000,True,False,False,False,False
ordinary_weight_average,577,577,577,1.0,1,1.0,0.0005416250787675381,1,4000,True,False,False,False,False
ordinary_weight_average,2177,2177,2177,1.0,1,1.0,0.0006879169959574938,1,4000,True,False,False,False,False
ordinary_weight_average,2177,2177,2177,1.0,1,1.0,0.0007578330114483833,1,4000,True,False,False,False,False
ordinary_weight_average,577,577,577,1.0,1,1.0,0.000810499768704176,1,4000,True,False,False,False,False
ordinary_weight_average,577,577,577,1.0,1,1.0,0.00040733302012085915,1,4000,True,False,False,False,False
ordinary_weight_average,2177,2177,2177,1.0,1,1.0,0.0007690419442951679,1,4000,True,False,False,False,False
ordinary_weight_average,577,577,577,1.0,1,1.0,0.0005255418363958597,1,4000,True,False,False,False,False
ordinary_weight_average,577,577,577,1.0,1,1.0,0.0005267499946057796,1,4000,True,False,False,False,False
ordinary_weight_average,2177,2177,2177,1.0,1,1.0,0.000764625146985054,1,4000,True,False,False,False,False
ordinary_weight_average,577,577,577,1.0,1,1.0,0.00039599998854100704,1,4000,True,False,False,False,False
ordinary_weight_average,2177,2177,2177,1.0,1,1.0,0.0010685829911381006,1,4000,True,False,False,False,False
ordinary_weight_average,577,577,577,1.0,1,1.0,0.0004949171561747789,1,4000,True,False,False,False,False
ordinary_weight_average,2177,2177,2177,1.0,1,1.0,0.0006852920632809401,1,4000,True,False,False,False,False
ordinary_weight_average,2177,2177,2177,1.0,1,1.0,0.0007100419607013464,1,4000,True,False,False,False,False
ordinary_weight_average,577,577,577,1.0,1,1.0,0.0004791249521076679,1,4000,True,False,False,False,False
ordinary_weight_average,577,577,577,1.0,1,1.0,0.00042349984869360924,1,4000,True,False,False,False,False
ordinary_weight_average,577,577,577,1.0,1,1.0,0.0004000419285148382,1,4000,True,False,False,False,False
ordinary_weight_average,577,577,577,1.0,1,1.0,0.0004879999905824661,1,4000,True,False,False,False,False
ordinary_weight_average,577,577,577,1.0,1,1.0,0.0005611670203506947,1,4000,True,False,False,False,False
ordinary_weight_average,2177,2177,2177,1.0,1,1.0,0.0006704169791191816,1,4000,True,False,False,False,False
ordinary_weight_average,577,577,577,1.0,1,1.0,0.0004410841502249241,1,4000,True,False,False,False,False
ordinary_weight_average,577,577,577,1.0,1,1.0,0.0009969999082386494,1,4000,True,False,False,False,False
ordinary_weight_average,2177,2177,2177,1.0,1,1.0,0.0007097919005900621,1,4000,True,False,False,False,False
ordinary_weight_average,577,577,577,1.0,1,1.0,0.0008729579858481884,1,4000,True,False,False,False,False
ordinary_weight_average,2177,2177,2177,1.0,1,1.0,0.0006819998379796743,1,4000,True,False,False,False,False
ordinary_weight_average,577,577,577,1.0,1,1.0,0.0004015839658677578,1,4000,True,False,False,False,False
ordinary_weight_average,577,577,577,1.0,1,1.0,0.00042233290150761604,1,4000,True,False,False,False,False
ordinary_weight_average,577,577,577,1.0,1,1.0,0.0005521660204976797,1,4000,True,False,False,False,False
ordinary_weight_average,2177,2177,2177,1.0,1,1.0,0.0006766670849174261,1,4000,True,False,False,False,False
ordinary_weight_average,2177,2177,2177,1.0,1,1.0,0.0007022907957434654,1,4000,True,False,False,False,False
ordinary_weight_average,577,577,577,1.0,1,1.0,0.000517750158905983,1,4000,True,False,False,False,False
ordinary_weight_average,577,577,577,1.0,1,1.0,0.0004408750683069229,1,4000,True,False,False,False,False
ordinary_weight_average,577,577,577,1.0,1,1.0,0.0004822497721761465,1,4000,True,False,False,False,False
ordinary_weight_average,2177,2177,2177,1.0,1,1.0,0.0009726658463478088,1,4000,True,False,False,False,False
ordinary_weight_average,2177,2177,2177,1.0,1,1.0,0.0009062080644071102,1,4000,True,False,False,False,False
ordinary_weight_average,2177,2177,2177,1.0,1,1.0,0.0006725420244038105,1,4000,True,False,False,False,False
ordinary_weight_average,577,577,577,1.0,1,1.0,0.00040808296762406826,1,4000,True,False,False,False,False
ordinary_weight_average,577,577,577,1.0,1,1.0,0.00044387485831975937,1,4000,True,False,False,False,False
ordinary_weight_average,2177,2177,2177,1.0,1,1.0,0.0006756661459803581,1,4000,True,False,False,False,False
ordinary_weight_average,577,577,577,1.0,1,1.0,0.0004945409018546343,1,4000,True,False,False,False,False
ordinary_weight_average,577,577,577,1.0,1,1.0,0.0004983341787010431,1,4000,True,False,False,False,False
ordinary_weight_average,577,577,577,1.0,1,1.0,0.0008921660482883453,1,4000,True,False,False,False,False
ordinary_weight_average,577,577,577,1.0,1,1.0,0.0004966659471392632,1,4000,True,False,False,False,False
ordinary_weight_average,2177,2177,2177,1.0,1,1.0,0.0006870829965919256,1,4000,True,False,False,False,False
ordinary_weight_average,2177,2177,2177,1.0,1,1.0,0.0007018749602138996,1,4000,True,False,False,False,False
ordinary_weight_average,2177,2177,2177,1.0,1,1.0,0.0008461670950055122,1,4000,True,False,False,False,False
ordinary_weight_average,2177,2177,2177,1.0,1,1.0,0.0006890420336276293,1,4000,True,False,False,False,False
ordinary_weight_average,577,577,577,1.0,1,1.0,0.00043479190208017826,1,4000,True,False,False,False,False
ordinary_weight_average,2177,2177,2177,1.0,1,1.0,0.0006978330202400684,1,4000,True,False,False,False,False
ordinary_weight_average,577,577,577,1.0,1,1.0,0.0004953329917043447,1,4000,True,False,False,False,False
ordinary_weight_average,577,577,577,1.0,1,1.0,0.0004505410324782133,1,4000,True,False,False,False,False
ordinary_weight_average,2177,2177,2177,1.0,1,1.0,0.000851667020469904,1,4000,True,False,False,False,False
ordinary_weight_average,577,577,577,1.0,1,1.0,0.000443791039288044,1,4000,True,False,False,False,False
ordinary_weight_average,2177,2177,2177,1.0,1,1.0,0.0006983750499784946,1,4000,True,False,False,False,False
ordinary_weight_average,577,577,577,1.0,1,1.0,0.00045354198664426804,1,4000,True,False,False,False,False
ordinary_weight_average,577,577,577,1.0,1,1.0,0.0005199580918997526,1,4000,True,False,False,False,False
ordinary_weight_average,577,577,577,1.0,1,1.0,0.000599999912083149,1,4000,True,False,False,False,False
ordinary_weight_average,577,577,577,1.0,1,1.0,0.0005393750034272671,1,4000,True,False,False,False,False
ordinary_weight_average,577,577,577,1.0,1,1.0,0.00042666681110858917,1,4000,True,False,False,False,False
ordinary_weight_average,577,577,577,1.0,1,1.0,0.0004886249080300331,1,4000,True,False,False,False,False
ordinary_weight_average,2177,2177,2177,1.0,1,1.0,0.0009205408859997988,1,4000,True,False,False,False,False
ordinary_weight_average,2177,2177,2177,1.0,1,1.0,0.00129454187117517,1,4000,True,False,False,False,False
ordinary_weight_average,2177,2177,2177,1.0,1,1.0,0.000790709163993597,1,4000,True,False,False,False,False
ordinary_weight_average,577,577,577,1.0,1,1.0,0.001014915993437171,1,4000,True,False,False,False,False
ordinary_weight_average,577,577,577,1.0,1,1.0,0.00045129191130399704,1,4000,True,False,False,False,False
ordinary_weight_average,2177,2177,2177,1.0,1,1.0,0.0007473749574273825,1,4000,True,False,False,False,False
ordinary_weight_average,577,577,577,1.0,1,1.0,0.00047716707922518253,1,4000,True,False,False,False,False
ordinary_weight_average,2177,2177,2177,1.0,1,1.0,0.0007740831933915615,1,4000,True,False,False,False,False
ordinary_weight_average,577,577,577,1.0,1,1.0,0.0004391660913825035,1,4000,True,False,False,False,False
ordinary_weight_average,577,577,577,1.0,1,1.0,0.0004478751216083765,1,4000,True,False,False,False,False
parameter_matched_wide_control,4421,4421,4421,2.0307762976573267,1,1.0,0.0016494160518050194,1,4000,True,False,False,False,False
parameter_matched_wide_control,4421,4421,4421,2.0307762976573267,1,1.0,0.001445207977667451,1,4000,True,False,False,False,False
parameter_matched_wide_control,1189,1189,1189,2.0606585788561524,1,1.0,0.0012160839978605509,1,4000,True,False,False,False,False
parameter_matched_wide_control,1189,1189,1189,2.0606585788561524,1,1.0,0.000952957896515727,1,4000,True,False,False,False,False
parameter_matched_wide_control,1189,1189,1189,2.0606585788561524,1,1.0,0.001077583059668541,1,4000,True,False,False,False,False
parameter_matched_wide_control,4421,4421,4421,2.0307762976573267,1,1.0,0.0018601668998599052,1,4000,True,False,False,False,False
parameter_matched_wide_control,4421,4421,4421,2.0307762976573267,1,1.0,0.0015555419959127903,1,4000,True,False,False,False,False
parameter_matched_wide_control,4421,4421,4421,2.0307762976573267,1,1.0,0.0015261250082403421,1,4000,True,False,False,False,False
parameter_matched_wide_control,4421,4421,4421,2.0307762976573267,1,1.0,0.0014837910421192646,1,4000,True,False,False,False,False
parameter_matched_wide_control,4421,4421,4421,2.0307762976573267,1,1.0,0.0015026670880615711,1,4000,True,False,False,False,False
parameter_matched_wide_control,1189,1189,1189,2.0606585788561524,1,1.0,0.0010058330371975899,1,4000,True,False,False,False,False
parameter_matched_wide_control,1189,1189,1189,2.0606585788561524,1,1.0,0.0008788330014795065,1,4000,True,False,False,False,False
parameter_matched_wide_control,1189,1189,1189,2.0606585788561524,1,1.0,0.0009236671030521393,1,4000,True,False,False,False,False
parameter_matched_wide_control,1189,1189,1189,2.0606585788561524,1,1.0,0.0010032081045210361,1,4000,True,False,False,False,False
parameter_matched_wide_control,4421,4421,4421,2.0307762976573267,1,1.0,0.001471708994358778,1,4000,True,False,False,False,False
parameter_matched_wide_control,1189,1189,1189,2.0606585788561524,1,1.0,0.001038457965478301,1,4000,True,False,False,False,False
parameter_matched_wide_control,1189,1189,1189,2.0606585788561524,1,1.0,0.0009427501354366541,1,4000,True,False,False,False,False
parameter_matched_wide_control,4421,4421,4421,2.0307762976573267,1,1.0,0.0015281250234693289,1,4000,True,False,False,False,False
parameter_matched_wide_control,4421,4421,4421,2.0307762976573267,1,1.0,0.0015499580185860395,1,4000,True,False,False,False,False
parameter_matched_wide_control,4421,4421,4421,2.0307762976573267,1,1.0,0.0023279169108718634,1,4000,True,False,False,False,False
parameter_matched_wide_control,4421,4421,4421,2.0307762976573267,1,1.0,0.001591583015397191,1,4000,True,False,False,False,False
parameter_matched_wide_control,1189,1189,1189,2.0606585788561524,1,1.0,0.0009035831317305565,1,4000,True,False,False,False,False
parameter_matched_wide_control,4421,4421,4421,2.0307762976573267,1,1.0,0.0020578750409185886,1,4000,True,False,False,False,False
parameter_matched_wide_control,1189,1189,1189,2.0606585788561524,1,1.0,0.0010403748601675034,1,4000,True,False,False,False,False
parameter_matched_wide_control,1189,1189,1189,2.0606585788561524,1,1.0,0.0016843329649418592,1,4000,True,False,False,False,False
parameter_matched_wide_control,1189,1189,1189,2.0606585788561524,1,1.0,0.0009097082074731588,1,4000,True,False,False,False,False
parameter_matched_wide_control,4421,4421,4421,2.0307762976573267,1,1.0,0.0015150830149650574,1,4000,True,False,False,False,False
parameter_matched_wide_control,4421,4421,4421,2.0307762976573267,1,1.0,0.001469041919335723,1,4000,True,False,False,False,False
parameter_matched_wide_control,4421,4421,4421,2.0307762976573267,1,1.0,0.0015939159784466028,1,4000,True,False,False,False,False
parameter_matched_wide_control,4421,4421,4421,2.0307762976573267,1,1.0,0.0013976250775158405,1,4000,True,False,False,False,False
parameter_matched_wide_control,1189,1189,1189,2.0606585788561524,1,1.0,0.0010102922096848488,1,4000,True,False,False,False,False
parameter_matched_wide_control,1189,1189,1189,2.0606585788561524,1,1.0,0.0009131249971687794,1,4000,True,False,False,False,False
parameter_matched_wide_control,1189,1189,1189,2.0606585788561524,1,1.0,0.001003416022285819,1,4000,True,False,False,False,False
parameter_matched_wide_control,1189,1189,1189,2.0606585788561524,1,1.0,0.0009538340382277966,1,4000,True,False,False,False,False
parameter_matched_wide_control,4421,4421,4421,2.0307762976573267,1,1.0,0.001590833067893982,1,4000,True,False,False,False,False
parameter_matched_wide_control,1189,1189,1189,2.0606585788561524,1,1.0,0.001098542008548975,1,4000,True,False,False,False,False
parameter_matched_wide_control,1189,1189,1189,2.0606585788561524,1,1.0,0.000848792027682066,1,4000,True,False,False,False,False
parameter_matched_wide_control,4421,4421,4421,2.0307762976573267,1,1.0,0.001576750073581934,1,4000,True,False,False,False,False
parameter_matched_wide_control,1189,1189,1189,2.0606585788561524,1,1.0,0.0015972079709172249,1,4000,True,False,False,False,False
parameter_matched_wide_control,1189,1189,1189,2.0606585788561524,1,1.0,0.0008869580924510956,1,4000,True,False,False,False,False
parameter_matched_wide_control,1189,1189,1189,2.0606585788561524,1,1.0,0.0010006250813603401,1,4000,True,False,False,False,False
parameter_matched_wide_control,4421,4421,4421,2.0307762976573267,1,1.0,0.001555624883621931,1,4000,True,False,False,False,False
parameter_matched_wide_control,1189,1189,1189,2.0606585788561524,1,1.0,0.0009718751534819603,1,4000,True,False,False,False,False
parameter_matched_wide_control,1189,1189,1189,2.0606585788561524,1,1.0,0.0015105409547686577,1,4000,True,False,False,False,False
parameter_matched_wide_control,1189,1189,1189,2.0606585788561524,1,1.0,0.0008835832122713327,1,4000,True,False,False,False,False
parameter_matched_wide_control,4421,4421,4421,2.0307762976573267,1,1.0,0.0021047089248895645,1,4000,True,False,False,False,False
parameter_matched_wide_control,4421,4421,4421,2.0307762976573267,1,1.0,0.0016280841082334518,1,4000,True,False,False,False,False
parameter_matched_wide_control,1189,1189,1189,2.0606585788561524,1,1.0,0.0009694159962236881,1,4000,True,False,False,False,False
parameter_matched_wide_control,4421,4421,4421,2.0307762976573267,1,1.0,0.0014649578370153904,1,4000,True,False,False,False,False
parameter_matched_wide_control,4421,4421,4421,2.0307762976573267,1,1.0,0.0017998749390244484,1,4000,True,False,False,False,False
parameter_matched_wide_control,4421,4421,4421,2.0307762976573267,1,1.0,0.001445665955543518,1,4000,True,False,False,False,False
parameter_matched_wide_control,1189,1189,1189,2.0606585788561524,1,1.0,0.0009887081105262041,1,4000,True,False,False,False,False
parameter_matched_wide_control,1189,1189,1189,2.0606585788561524,1,1.0,0.0010250830091536045,1,4000,True,False,False,False,False
parameter_matched_wide_control,4421,4421,4421,2.0307762976573267,1,1.0,0.0015489580109715462,1,4000,True,False,False,False,False
parameter_matched_wide_control,4421,4421,4421,2.0307762976573267,1,1.0,0.0017055419739335775,1,4000,True,False,False,False,False
parameter_matched_wide_control,4421,4421,4421,2.0307762976573267,1,1.0,0.0014617498964071274,1,4000,True,False,False,False,False
parameter_matched_wide_control,1189,1189,1189,2.0606585788561524,1,1.0,0.0009377498645335436,1,4000,True,False,False,False,False
parameter_matched_wide_control,4421,4421,4421,2.0307762976573267,1,1.0,0.002285707974806428,1,4000,True,False,False,False,False
parameter_matched_wide_control,4421,4421,4421,2.0307762976573267,1,1.0,0.0014037499204277992,1,4000,True,False,False,False,False
parameter_matched_wide_control,4421,4421,4421,2.0307762976573267,1,1.0,0.0019738750997930765,1,4000,True,False,False,False,False
parameter_matched_wide_control,4421,4421,4421,2.0307762976573267,1,1.0,0.002380457939580083,1,4000,True,False,False,False,False
parameter_matched_wide_control,1189,1189,1189,2.0606585788561524,1,1.0,0.0008755000308156013,1,4000,True,False,False,False,False
parameter_matched_wide_control,4421,4421,4421,2.0307762976573267,1,1.0,0.001907499972730875,1,4000,True,False,False,False,False
parameter_matched_wide_control,4421,4421,4421,2.0307762976573267,1,1.0,0.0014600418508052826,1,4000,True,False,False,False,False
parameter_matched_wide_control,4421,4421,4421,2.0307762976573267,1,1.0,0.001543707912787795,1,4000,True,False,False,False,False
parameter_matched_wide_control,1189,1189,1189,2.0606585788561524,1,1.0,0.0009796670638024807,1,4000,True,False,False,False,False
parameter_matched_wide_control,4421,4421,4421,2.0307762976573267,1,1.0,0.0014867079444229603,1,4000,True,False,False,False,False
parameter_matched_wide_control,4421,4421,4421,2.0307762976573267,1,1.0,0.001448791939765215,1,4000,True,False,False,False,False
parameter_matched_wide_control,4421,4421,4421,2.0307762976573267,1,1.0,0.0015809170436114073,1,4000,True,False,False,False,False
parameter_matched_wide_control,4421,4421,4421,2.0307762976573267,1,1.0,0.0019425000064074993,1,4000,True,False,False,False,False
parameter_matched_wide_control,4421,4421,4421,2.0307762976573267,1,1.0,0.0014197500422596931,1,4000,True,False,False,False,False
parameter_matched_wide_control,1189,1189,1189,2.0606585788561524,1,1.0,0.0009052499663084745,1,4000,True,False,False,False,False
parameter_matched_wide_control,4421,4421,4421,2.0307762976573267,1,1.0,0.0018492501694709063,1,4000,True,False,False,False,False
parameter_matched_wide_control,4421,4421,4421,2.0307762976573267,1,1.0,0.001549749867990613,1,4000,True,False,False,False,False
parameter_matched_wide_control,1189,1189,1189,2.0606585788561524,1,1.0,0.0008121661376208067,1,4000,True,False,False,False,False
parameter_matched_wide_control,4421,4421,4421,2.0307762976573267,1,1.0,0.0015706249978393316,1,4000,True,False,False,False,False
parameter_matched_wide_control,1189,1189,1189,2.0606585788561524,1,1.0,0.000847791088744998,1,4000,True,False,False,False,False
parameter_matched_wide_control,4421,4421,4421,2.0307762976573267,1,1.0,0.0014492920599877834,1,4000,True,False,False,False,False
parameter_matched_wide_control,1189,1189,1189,2.0606585788561524,1,1.0,0.0008972089271992445,1,4000,True,False,False,False,False
parameter_matched_wide_control,1189,1189,1189,2.0606585788561524,1,1.0,0.0009530000388622284,1,4000,True,False,False,False,False
parameter_matched_wide_control,4421,4421,4421,2.0307762976573267,1,1.0,0.0016879159957170486,1,4000,True,False,False,False,False
parameter_matched_wide_control,1189,1189,1189,2.0606585788561524,1,1.0,0.0010277079418301582,1,4000,True,False,False,False,False
parameter_matched_wide_control,4421,4421,4421,2.0307762976573267,1,1.0,0.0014379590284079313,1,4000,True,False,False,False,False
parameter_matched_wide_control,4421,4421,4421,2.0307762976573267,1,1.0,0.001561917131766677,1,4000,True,False,False,False,False
parameter_matched_wide_control,1189,1189,1189,2.0606585788561524,1,1.0,0.0009380411356687546,1,4000,True,False,False,False,False
parameter_matched_wide_control,1189,1189,1189,2.0606585788561524,1,1.0,0.0010897500906139612,1,4000,True,False,False,False,False
parameter_matched_wide_control,4421,4421,4421,2.0307762976573267,1,1.0,0.001495583914220333,1,4000,True,False,False,False,False
parameter_matched_wide_control,1189,1189,1189,2.0606585788561524,1,1.0,0.0009752500336617231,1,4000,True,False,False,False,False
parameter_matched_wide_control,4421,4421,4421,2.0307762976573267,1,1.0,0.0015347078442573547,1,4000,True,False,False,False,False
parameter_matched_wide_control,1189,1189,1189,2.0606585788561524,1,1.0,0.0010788340587168932,1,4000,True,False,False,False,False
parameter_matched_wide_control,1189,1189,1189,2.0606585788561524,1,1.0,0.0009678748901933432,1,4000,True,False,False,False,False
parameter_matched_wide_control,4421,4421,4421,2.0307762976573267,1,1.0,0.0035883751697838306,1,4000,True,False,False,False,False
parameter_matched_wide_control,4421,4421,4421,2.0307762976573267,1,1.0,0.001434833975508809,1,4000,True,False,False,False,False
parameter_matched_wide_control,1189,1189,1189,2.0606585788561524,1,1.0,0.0008267911616712809,1,4000,True,False,False,False,False
parameter_matched_wide_control,4421,4421,4421,2.0307762976573267,1,1.0,0.0017371249850839376,1,4000,True,False,False,False,False
parameter_matched_wide_control,1189,1189,1189,2.0606585788561524,1,1.0,0.0009823329746723175,1,4000,True,False,False,False,False
parameter_matched_wide_control,4421,4421,4421,2.0307762976573267,1,1.0,0.0016240840777754784,1,4000,True,False,False,False,False
parameter_matched_wide_control,4421,4421,4421,2.0307762976573267,1,1.0,0.0015919581055641174,1,4000,True,False,False,False,False
parameter_matched_wide_control,4421,4421,4421,2.0307762976573267,1,1.0,0.0015670841094106436,1,4000,True,False,False,False,False
parameter_matched_wide_control,4421,4421,4421,2.0307762976573267,1,1.0,0.0014609161298722029,1,4000,True,False,False,False,False
parameter_matched_wide_control,1189,1189,1189,2.0606585788561524,1,1.0,0.0009400409180670977,1,4000,True,False,False,False,False
parameter_matched_wide_control,4421,4421,4421,2.0307762976573267,1,1.0,0.0015032500959932804,1,4000,True,False,False,False,False
parameter_matched_wide_control,4421,4421,4421,2.0307762976573267,1,1.0,0.0015370422042906284,1,4000,True,False,False,False,False
parameter_matched_wide_control,4421,4421,4421,2.0307762976573267,1,1.0,0.0015884169843047857,1,4000,True,False,False,False,False
parameter_matched_wide_control,1189,1189,1189,2.0606585788561524,1,1.0,0.0010048751719295979,1,4000,True,False,False,False,False
parameter_matched_wide_control,4421,4421,4421,2.0307762976573267,1,1.0,0.0019107500556856394,1,4000,True,False,False,False,False
parameter_matched_wide_control,1189,1189,1189,2.0606585788561524,1,1.0,0.0010309170465916395,1,4000,True,False,False,False,False
parameter_matched_wide_control,4421,4421,4421,2.0307762976573267,1,1.0,0.0015283748507499695,1,4000,True,False,False,False,False
parameter_matched_wide_control,4421,4421,4421,2.0307762976573267,1,1.0,0.0015954161062836647,1,4000,True,False,False,False,False
parameter_matched_wide_control,1189,1189,1189,2.0606585788561524,1,1.0,0.0009334159549325705,1,4000,True,False,False,False,False
parameter_matched_wide_control,4421,4421,4421,2.0307762976573267,1,1.0,0.0014217919670045376,1,4000,True,False,False,False,False
parameter_matched_wide_control,1189,1189,1189,2.0606585788561524,1,1.0,0.0023875830229371786,1,4000,True,False,False,False,False
parameter_matched_wide_control,4421,4421,4421,2.0307762976573267,1,1.0,0.0017353331204503775,1,4000,True,False,False,False,False
parameter_matched_wide_control,1189,1189,1189,2.0606585788561524,1,1.0,0.0008920410182327032,1,4000,True,False,False,False,False
parameter_matched_wide_control,4421,4421,4421,2.0307762976573267,1,1.0,0.0014768331311643124,1,4000,True,False,False,False,False
parameter_matched_wide_control,4421,4421,4421,2.0307762976573267,1,1.0,0.0015252919401973486,1,4000,True,False,False,False,False
parameter_matched_wide_control,1189,1189,1189,2.0606585788561524,1,1.0,0.0009630830027163029,1,4000,True,False,False,False,False
parameter_matched_wide_control,1189,1189,1189,2.0606585788561524,1,1.0,0.00091691710986197,1,4000,True,False,False,False,False
parameter_matched_wide_control,1189,1189,1189,2.0606585788561524,1,1.0,0.0009641670621931553,1,4000,True,False,False,False,False
parameter_matched_wide_control,1189,1189,1189,2.0606585788561524,1,1.0,0.0008270000107586384,1,4000,True,False,False,False,False
parameter_matched_wide_control,1189,1189,1189,2.0606585788561524,1,1.0,0.0009116658475250006,1,4000,True,False,False,False,False
parameter_matched_wide_control,4421,4421,4421,2.0307762976573267,1,1.0,0.00151366600766778,1,4000,True,False,False,False,False
parameter_matched_wide_control,4421,4421,4421,2.0307762976573267,1,1.0,0.001599375158548355,1,4000,True,False,False,False,False
parameter_matched_wide_control,1189,1189,1189,2.0606585788561524,1,1.0,0.0008691248949617147,1,4000,True,False,False,False,False
parameter_matched_wide_control,4421,4421,4421,2.0307762976573267,1,1.0,0.0019382080063223839,1,4000,True,False,False,False,False
parameter_matched_wide_control,1189,1189,1189,2.0606585788561524,1,1.0,0.0008679579477757215,1,4000,True,False,False,False,False
parameter_matched_wide_control,1189,1189,1189,2.0606585788561524,1,1.0,0.0008555001113563776,1,4000,True,False,False,False,False
parameter_matched_wide_control,1189,1189,1189,2.0606585788561524,1,1.0,0.0010963748209178448,1,4000,True,False,False,False,False
parameter_matched_wide_control,4421,4421,4421,2.0307762976573267,1,1.0,0.0013930411078035831,1,4000,True,False,False,False,False
parameter_matched_wide_control,1189,1189,1189,2.0606585788561524,1,1.0,0.0009349589236080647,1,4000,True,False,False,False,False
parameter_matched_wide_control,1189,1189,1189,2.0606585788561524,1,1.0,0.0008553331717848778,1,4000,True,False,False,False,False
parameter_matched_wide_control,4421,4421,4421,2.0307762976573267,1,1.0,0.0014522080309689045,1,4000,True,False,False,False,False
parameter_matched_wide_control,1189,1189,1189,2.0606585788561524,1,1.0,0.000910415779799223,1,4000,True,False,False,False,False
parameter_matched_wide_control,4421,4421,4421,2.0307762976573267,1,1.0,0.0014657499268651009,1,4000,True,False,False,False,False
parameter_matched_wide_control,1189,1189,1189,2.0606585788561524,1,1.0,0.0009597078897058964,1,4000,True,False,False,False,False
parameter_matched_wide_control,1189,1189,1189,2.0606585788561524,1,1.0,0.0008933329954743385,1,4000,True,False,False,False,False
parameter_matched_wide_control,1189,1189,1189,2.0606585788561524,1,1.0,0.0009083340410143137,1,4000,True,False,False,False,False
parameter_matched_wide_control,1189,1189,1189,2.0606585788561524,1,1.0,0.00099641690030694,1,4000,True,False,False,False,False
parameter_matched_wide_control,4421,4421,4421,2.0307762976573267,1,1.0,0.0015813340432941914,1,4000,True,False,False,False,False
parameter_matched_wide_control,4421,4421,4421,2.0307762976573267,1,1.0,0.0014159160200506449,1,4000,True,False,False,False,False
parameter_matched_wide_control,1189,1189,1189,2.0606585788561524,1,1.0,0.0012032079976052046,1,4000,True,False,False,False,False
parameter_matched_wide_control,1189,1189,1189,2.0606585788561524,1,1.0,0.0015296670608222485,1,4000,True,False,False,False,False
parameter_matched_wide_control,4421,4421,4421,2.0307762976573267,1,1.0,0.004895541816949844,1,4000,True,False,False,False,False
parameter_matched_wide_control,4421,4421,4421,2.0307762976573267,1,1.0,0.0015919168945401907,1,4000,True,False,False,False,False
parameter_matched_wide_control,4421,4421,4421,2.0307762976573267,1,1.0,0.0026995001826435328,1,4000,True,False,False,False,False
parameter_matched_wide_control,1189,1189,1189,2.0606585788561524,1,1.0,0.0010868329554796219,1,4000,True,False,False,False,False
parameter_matched_wide_control,1189,1189,1189,2.0606585788561524,1,1.0,0.0009720828384160995,1,4000,True,False,False,False,False
parameter_matched_wide_control,4421,4421,4421,2.0307762976573267,1,1.0,0.0016151668969541788,1,4000,True,False,False,False,False
parameter_matched_wide_control,1189,1189,1189,2.0606585788561524,1,1.0,0.0008896251674741507,1,4000,True,False,False,False,False
parameter_matched_wide_control,4421,4421,4421,2.0307762976573267,1,1.0,0.0014269170351326466,1,4000,True,False,False,False,False
parameter_matched_wide_control,1189,1189,1189,2.0606585788561524,1,1.0,0.0009724579285830259,1,4000,True,False,False,False,False
parameter_matched_wide_control,1189,1189,1189,2.0606585788561524,1,1.0,0.0008222090546041727,1,4000,True,False,False,False,False
parameter_matched_wide_control,4421,4421,4421,2.0307762976573267,1,1.0,0.0017909160815179348,1,4000,True,False,False,False,False
parameter_matched_wide_control,1189,1189,1189,2.0606585788561524,1,1.0,0.0008471249602735043,1,4000,True,False,False,False,False
parameter_matched_wide_control,1189,1189,1189,2.0606585788561524,1,1.0,0.0008205000776797533,1,4000,True,False,False,False,False
parameter_matched_wide_control,4421,4421,4421,2.0307762976573267,1,1.0,0.0014604581519961357,1,4000,True,False,False,False,False
parameter_matched_wide_control,1189,1189,1189,2.0606585788561524,1,1.0,0.0008540828712284565,1,4000,True,False,False,False,False
parameter_matched_wide_control,1189,1189,1189,2.0606585788561524,1,1.0,0.0009496251586824656,1,4000,True,False,False,False,False
parameter_matched_wide_control,4421,4421,4421,2.0307762976573267,1,1.0,0.0015440830029547215,1,4000,True,False,False,False,False
parameter_matched_wide_control,1189,1189,1189,2.0606585788561524,1,1.0,0.0010464999359101057,1,4000,True,False,False,False,False
parameter_matched_wide_control,1189,1189,1189,2.0606585788561524,1,1.0,0.001150666968896985,1,4000,True,False,False,False,False
parameter_matched_wide_control,4421,4421,4421,2.0307762976573267,1,1.0,0.0014770000707358122,1,4000,True,False,False,False,False
parameter_matched_wide_control,1189,1189,1189,2.0606585788561524,1,1.0,0.0009845830500125885,1,4000,True,False,False,False,False
parameter_matched_wide_control,1189,1189,1189,2.0606585788561524,1,1.0,0.0009299588855355978,1,4000,True,False,False,False,False
parameter_matched_wide_control,4421,4421,4421,2.0307762976573267,1,1.0,0.0015131249092519283,1,4000,True,False,False,False,False
parameter_matched_wide_control,1189,1189,1189,2.0606585788561524,1,1.0,0.0009447911288589239,1,4000,True,False,False,False,False
parameter_matched_wide_control,4421,4421,4421,2.0307762976573267,1,1.0,0.001677792053669691,1,4000,True,False,False,False,False
parameter_matched_wide_control,1189,1189,1189,2.0606585788561524,1,1.0,0.0008981248829513788,1,4000,True,False,False,False,False
parameter_matched_wide_control,1189,1189,1189,2.0606585788561524,1,1.0,0.0008496670052409172,1,4000,True,False,False,False,False
parameter_matched_wide_control,4421,4421,4421,2.0307762976573267,1,1.0,0.0031006671488285065,1,4000,True,False,False,False,False
parameter_matched_wide_control,1189,1189,1189,2.0606585788561524,1,1.0,0.00253362488001585,1,4000,True,False,False,False,False
parameter_matched_wide_control,4421,4421,4421,2.0307762976573267,1,1.0,0.001630708109587431,1,4000,True,False,False,False,False
parameter_matched_wide_control,1189,1189,1189,2.0606585788561524,1,1.0,0.0008606668561697006,1,4000,True,False,False,False,False
parameter_matched_wide_control,1189,1189,1189,2.0606585788561524,1,1.0,0.0009599579498171806,1,4000,True,False,False,False,False
parameter_matched_wide_control,4421,4421,4421,2.0307762976573267,1,1.0,0.0017392078880220652,1,4000,True,False,False,False,False
parameter_matched_wide_control,1189,1189,1189,2.0606585788561524,1,1.0,0.0010177500080317259,1,4000,True,False,False,False,False
parameter_matched_wide_control,1189,1189,1189,2.0606585788561524,1,1.0,0.000952000031247735,1,4000,True,False,False,False,False
parameter_matched_wide_control,1189,1189,1189,2.0606585788561524,1,1.0,0.0008253329433500767,1,4000,True,False,False,False,False
parameter_matched_wide_control,4421,4421,4421,2.0307762976573267,1,1.0,0.0015381670091301203,1,4000,True,False,False,False,False
parameter_matched_wide_control,4421,4421,4421,2.0307762976573267,1,1.0,0.001720333006232977,1,4000,True,False,False,False,False
random_branch_control,4354,4354,4354,2.0,2,2.0,0.0007609999738633633,1,4000,False,True,False,False,False
random_branch_control,4354,4354,4354,2.0,2,2.0,0.0006815420929342508,1,4000,False,True,False,False,False
random_branch_control,4354,4354,4354,2.0,2,2.0,0.0007563331164419651,1,4000,False,True,False,False,False
random_branch_control,1154,1154,1154,2.0,2,2.0,0.00039937510155141354,1,4000,False,True,False,False,False
random_branch_control,4354,4354,4354,2.0,2,2.0,0.000722500029951334,1,4000,False,True,False,False,False
random_branch_control,1154,1154,1154,2.0,2,2.0,0.0005595418624579906,1,4000,False,True,False,False,False
random_branch_control,4354,4354,4354,2.0,2,2.0,0.0007295000832527876,1,4000,False,True,False,False,False
random_branch_control,4354,4354,4354,2.0,2,2.0,0.0008106669411063194,1,4000,False,True,False,False,False
random_branch_control,4354,4354,4354,2.0,2,2.0,0.0007164580747485161,1,4000,False,True,False,False,False
random_branch_control,4354,4354,4354,2.0,2,2.0,0.0007519999053329229,1,4000,False,True,False,False,False
random_branch_control,4354,4354,4354,2.0,2,2.0,0.000681375153362751,1,4000,False,True,False,False,False
random_branch_control,4354,4354,4354,2.0,2,2.0,0.0007343748584389687,1,4000,False,True,False,False,False
random_branch_control,1154,1154,1154,2.0,2,2.0,0.0007035001181066036,1,4000,False,True,False,False,False
random_branch_control,4354,4354,4354,2.0,2,2.0,0.0007802499458193779,1,4000,False,True,False,False,False
random_branch_control,4354,4354,4354,2.0,2,2.0,0.0007030419073998928,1,4000,False,True,False,False,False
random_branch_control,1154,1154,1154,2.0,2,2.0,0.0004154159687459469,1,4000,False,True,False,False,False
random_branch_control,1154,1154,1154,2.0,2,2.0,0.0004972501192241907,1,4000,False,True,False,False,False
random_branch_control,4354,4354,4354,2.0,2,2.0,0.0006812089122831821,1,4000,False,True,False,False,False
random_branch_control,1154,1154,1154,2.0,2,2.0,0.00040774978697299957,1,4000,False,True,False,False,False
random_branch_control,1154,1154,1154,2.0,2,2.0,0.000408208929002285,1,4000,False,True,False,False,False
random_branch_control,4354,4354,4354,2.0,2,2.0,0.0006708342116326094,1,4000,False,True,False,False,False
random_branch_control,1154,1154,1154,2.0,2,2.0,0.0005184579640626907,1,4000,False,True,False,False,False
random_branch_control,4354,4354,4354,2.0,2,2.0,0.0006927088834345341,1,4000,False,True,False,False,False
random_branch_control,1154,1154,1154,2.0,2,2.0,0.000482749892398715,1,4000,False,True,False,False,False
random_branch_control,4354,4354,4354,2.0,2,2.0,0.0007790829986333847,1,4000,False,True,False,False,False
random_branch_control,1154,1154,1154,2.0,2,2.0,0.0007254169322550297,1,4000,False,True,False,False,False
random_branch_control,4354,4354,4354,2.0,2,2.0,0.0007112498860806227,1,4000,False,True,False,False,False
random_branch_control,4354,4354,4354,2.0,2,2.0,0.0006912921089679003,1,4000,False,True,False,False,False
random_branch_control,1154,1154,1154,2.0,2,2.0,0.0003933750558644533,1,4000,False,True,False,False,False
random_branch_control,1154,1154,1154,2.0,2,2.0,0.000751707935705781,1,4000,False,True,False,False,False
random_branch_control,4354,4354,4354,2.0,2,2.0,0.0007015001028776169,1,4000,False,True,False,False,False
random_branch_control,4354,4354,4354,2.0,2,2.0,0.0008958340622484684,1,4000,False,True,False,False,False
random_branch_control,4354,4354,4354,2.0,2,2.0,0.0006693329196423292,1,4000,False,True,False,False,False
random_branch_control,1154,1154,1154,2.0,2,2.0,0.0006242501549422741,1,4000,False,True,False,False,False
random_branch_control,4354,4354,4354,2.0,2,2.0,0.0007518338970839977,1,4000,False,True,False,False,False
random_branch_control,4354,4354,4354,2.0,2,2.0,0.0006748749874532223,1,4000,False,True,False,False,False
random_branch_control,4354,4354,4354,2.0,2,2.0,0.0006795411463826895,1,4000,False,True,False,False,False
random_branch_control,1154,1154,1154,2.0,2,2.0,0.00043933303095400333,1,4000,False,True,False,False,False
random_branch_control,1154,1154,1154,2.0,2,2.0,0.0004654999356716871,1,4000,False,True,False,False,False
random_branch_control,4354,4354,4354,2.0,2,2.0,0.0006616669707000256,1,4000,False,True,False,False,False
random_branch_control,4354,4354,4354,2.0,2,2.0,0.0006863330490887165,1,4000,False,True,False,False,False
random_branch_control,1154,1154,1154,2.0,2,2.0,0.000384374987334013,1,4000,False,True,False,False,False
random_branch_control,1154,1154,1154,2.0,2,2.0,0.00038875010795891285,1,4000,False,True,False,False,False
random_branch_control,1154,1154,1154,2.0,2,2.0,0.00048375013284385204,1,4000,False,True,False,False,False
random_branch_control,1154,1154,1154,2.0,2,2.0,0.0004421661142259836,1,4000,False,True,False,False,False
random_branch_control,4354,4354,4354,2.0,2,2.0,0.000696167116984725,1,4000,False,True,False,False,False
random_branch_control,4354,4354,4354,2.0,2,2.0,0.0006615419406443834,1,4000,False,True,False,False,False
random_branch_control,4354,4354,4354,2.0,2,2.0,0.0006903749890625477,1,4000,False,True,False,False,False
random_branch_control,4354,4354,4354,2.0,2,2.0,0.00070583401247859,1,4000,False,True,False,False,False
random_branch_control,1154,1154,1154,2.0,2,2.0,0.0005134581588208675,1,4000,False,True,False,False,False
random_branch_control,4354,4354,4354,2.0,2,2.0,0.0006795420777052641,1,4000,False,True,False,False,False
random_branch_control,4354,4354,4354,2.0,2,2.0,0.0007830839604139328,1,4000,False,True,False,False,False
random_branch_control,1154,1154,1154,2.0,2,2.0,0.00044145784340798855,1,4000,False,True,False,False,False
random_branch_control,4354,4354,4354,2.0,2,2.0,0.0007650840561836958,1,4000,False,True,False,False,False
random_branch_control,4354,4354,4354,2.0,2,2.0,0.0014242501929402351,1,4000,False,True,False,False,False
random_branch_control,1154,1154,1154,2.0,2,2.0,0.0004010419361293316,1,4000,False,True,False,False,False
random_branch_control,1154,1154,1154,2.0,2,2.0,0.00038808397948741913,1,4000,False,True,False,False,False
random_branch_control,1154,1154,1154,2.0,2,2.0,0.0005724579095840454,1,4000,False,True,False,False,False
random_branch_control,4354,4354,4354,2.0,2,2.0,0.0007781668100506067,1,4000,False,True,False,False,False
random_branch_control,1154,1154,1154,2.0,2,2.0,0.00041395798325538635,1,4000,False,True,False,False,False
random_branch_control,1154,1154,1154,2.0,2,2.0,0.0004919171333312988,1,4000,False,True,False,False,False
random_branch_control,1154,1154,1154,2.0,2,2.0,0.0004885420203208923,1,4000,False,True,False,False,False
random_branch_control,4354,4354,4354,2.0,2,2.0,0.0006678749341517687,1,4000,False,True,False,False,False
random_branch_control,4354,4354,4354,2.0,2,2.0,0.0006939580198377371,1,4000,False,True,False,False,False
random_branch_control,4354,4354,4354,2.0,2,2.0,0.000691958935931325,1,4000,False,True,False,False,False
random_branch_control,1154,1154,1154,2.0,2,2.0,0.00041429116390645504,1,4000,False,True,False,False,False
random_branch_control,1154,1154,1154,2.0,2,2.0,0.0004904998932033777,1,4000,False,True,False,False,False
random_branch_control,4354,4354,4354,2.0,2,2.0,0.000711207976564765,1,4000,False,True,False,False,False
random_branch_control,4354,4354,4354,2.0,2,2.0,0.056035750079900026,1,4000,False,True,False,False,False
random_branch_control,4354,4354,4354,2.0,2,2.0,0.0006761669646948576,1,4000,False,True,False,False,False
random_branch_control,4354,4354,4354,2.0,2,2.0,0.0006607088726013899,1,4000,False,True,False,False,False
random_branch_control,1154,1154,1154,2.0,2,2.0,0.0004013748839497566,1,4000,False,True,False,False,False
random_branch_control,4354,4354,4354,2.0,2,2.0,0.0007674999069422483,1,4000,False,True,False,False,False
random_branch_control,1154,1154,1154,2.0,2,2.0,0.0005242908373475075,1,4000,False,True,False,False,False
random_branch_control,1154,1154,1154,2.0,2,2.0,0.0004025001544505358,1,4000,False,True,False,False,False
random_branch_control,4354,4354,4354,2.0,2,2.0,0.0006726251449435949,1,4000,False,True,False,False,False
random_branch_control,1154,1154,1154,2.0,2,2.0,0.0004183331038802862,1,4000,False,True,False,False,False
random_branch_control,4354,4354,4354,2.0,2,2.0,0.0007516660261899233,1,4000,False,True,False,False,False
random_branch_control,4354,4354,4354,2.0,2,2.0,0.0006674169562757015,1,4000,False,True,False,False,False
random_branch_control,1154,1154,1154,2.0,2,2.0,0.000782917020842433,1,4000,False,True,False,False,False
random_branch_control,4354,4354,4354,2.0,2,2.0,0.000694790855050087,1,4000,False,True,False,False,False
random_branch_control,1154,1154,1154,2.0,2,2.0,0.0004290419165045023,1,4000,False,True,False,False,False
random_branch_control,4354,4354,4354,2.0,2,2.0,0.0006789581384509802,1,4000,False,True,False,False,False
random_branch_control,1154,1154,1154,2.0,2,2.0,0.001030833926051855,1,4000,False,True,False,False,False
random_branch_control,1154,1154,1154,2.0,2,2.0,0.0004846251104027033,1,4000,False,True,False,False,False
random_branch_control,4354,4354,4354,2.0,2,2.0,0.0007242921274155378,1,4000,False,True,False,False,False
random_branch_control,1154,1154,1154,2.0,2,2.0,0.0008060000836849213,1,4000,False,True,False,False,False
random_branch_control,4354,4354,4354,2.0,2,2.0,0.000712165841832757,1,4000,False,True,False,False,False
random_branch_control,1154,1154,1154,2.0,2,2.0,0.0004382920451462269,1,4000,False,True,False,False,False
random_branch_control,4354,4354,4354,2.0,2,2.0,0.0007953750900924206,1,4000,False,True,False,False,False
random_branch_control,4354,4354,4354,2.0,2,2.0,0.0007849999237805605,1,4000,False,True,False,False,False
random_branch_control,1154,1154,1154,2.0,2,2.0,0.0004000829067081213,1,4000,False,True,False,False,False
random_branch_control,1154,1154,1154,2.0,2,2.0,0.0004979998338967562,1,4000,False,True,False,False,False
random_branch_control,1154,1154,1154,2.0,2,2.0,0.0005014159251004457,1,4000,False,True,False,False,False
random_branch_control,4354,4354,4354,2.0,2,2.0,0.0007471251301467419,1,4000,False,True,False,False,False
random_branch_control,4354,4354,4354,2.0,2,2.0,0.0007502080406993628,1,4000,False,True,False,False,False
random_branch_control,4354,4354,4354,2.0,2,2.0,0.000698750140145421,1,4000,False,True,False,False,False
random_branch_control,1154,1154,1154,2.0,2,2.0,0.00048341602087020874,1,4000,False,True,False,False,False
random_branch_control,4354,4354,4354,2.0,2,2.0,0.0007682498544454575,1,4000,False,True,False,False,False
random_branch_control,4354,4354,4354,2.0,2,2.0,0.0007229999173432589,1,4000,False,True,False,False,False
random_branch_control,1154,1154,1154,2.0,2,2.0,0.0005499578546732664,1,4000,False,True,False,False,False
random_branch_control,1154,1154,1154,2.0,2,2.0,0.00039845798164606094,1,4000,False,True,False,False,False
random_branch_control,4354,4354,4354,2.0,2,2.0,0.0006757501978427172,1,4000,False,True,False,False,False
random_branch_control,1154,1154,1154,2.0,2,2.0,0.00045316689647734165,1,4000,False,True,False,False,False
random_branch_control,4354,4354,4354,2.0,2,2.0,0.0007516250479966402,1,4000,False,True,False,False,False
random_branch_control,4354,4354,4354,2.0,2,2.0,0.000737540889531374,1,4000,False,True,False,False,False
random_branch_control,1154,1154,1154,2.0,2,2.0,0.0005144579336047173,1,4000,False,True,False,False,False
random_branch_control,1154,1154,1154,2.0,2,2.0,0.00040895817801356316,1,4000,False,True,False,False,False
random_branch_control,1154,1154,1154,2.0,2,2.0,0.00038366694934666157,1,4000,False,True,False,False,False
random_branch_control,1154,1154,1154,2.0,2,2.0,0.0004726659972220659,1,4000,False,True,False,False,False
random_branch_control,1154,1154,1154,2.0,2,2.0,0.0004515829496085644,1,4000,False,True,False,False,False
random_branch_control,4354,4354,4354,2.0,2,2.0,0.0008217080030590296,1,4000,False,True,False,False,False
random_branch_control,1154,1154,1154,2.0,2,2.0,0.0005093750078231096,1,4000,False,True,False,False,False
random_branch_control,1154,1154,1154,2.0,2,2.0,0.0004023329820483923,1,4000,False,True,False,False,False
random_branch_control,4354,4354,4354,2.0,2,2.0,0.0006839160341769457,1,4000,False,True,False,False,False
random_branch_control,1154,1154,1154,2.0,2,2.0,0.00048133404925465584,1,4000,False,True,False,False,False
random_branch_control,1154,1154,1154,2.0,2,2.0,0.0009730421006679535,1,4000,False,True,False,False,False
random_branch_control,1154,1154,1154,2.0,2,2.0,0.0004935842007398605,1,4000,False,True,False,False,False
random_branch_control,1154,1154,1154,2.0,2,2.0,0.00038524996489286423,1,4000,False,True,False,False,False
random_branch_control,4354,4354,4354,2.0,2,2.0,0.0006727918516844511,1,4000,False,True,False,False,False
random_branch_control,1154,1154,1154,2.0,2,2.0,0.0004740830045193434,1,4000,False,True,False,False,False
random_branch_control,1154,1154,1154,2.0,2,2.0,0.00037625012919306755,1,4000,False,True,False,False,False
random_branch_control,4354,4354,4354,2.0,2,2.0,0.0007458750624209642,1,4000,False,True,False,False,False
random_branch_control,1154,1154,1154,2.0,2,2.0,0.0004053330048918724,1,4000,False,True,False,False,False
random_branch_control,4354,4354,4354,2.0,2,2.0,0.0007660419214516878,1,4000,False,True,False,False,False
random_branch_control,4354,4354,4354,2.0,2,2.0,0.0007737919222563505,1,4000,False,True,False,False,False
random_branch_control,4354,4354,4354,2.0,2,2.0,0.0007387499790638685,1,4000,False,True,False,False,False
random_branch_control,1154,1154,1154,2.0,2,2.0,0.0004289590287953615,1,4000,False,True,False,False,False
random_branch_control,4354,4354,4354,2.0,2,2.0,0.0007104158867150545,1,4000,False,True,False,False,False
random_branch_control,4354,4354,4354,2.0,2,2.0,0.0006797919049859047,1,4000,False,True,False,False,False
random_branch_control,1154,1154,1154,2.0,2,2.0,0.0006266250275075436,1,4000,False,True,False,False,False
random_branch_control,1154,1154,1154,2.0,2,2.0,0.00043558282777667046,1,4000,False,True,False,False,False
random_branch_control,1154,1154,1154,2.0,2,2.0,0.00048525002785027027,1,4000,False,True,False,False,False
random_branch_control,4354,4354,4354,2.0,2,2.0,0.0007102089002728462,1,4000,False,True,False,False,False
random_branch_control,4354,4354,4354,2.0,2,2.0,0.0007833328563719988,1,4000,False,True,False,False,False
random_branch_control,4354,4354,4354,2.0,2,2.0,0.0007598339579999447,1,4000,False,True,False,False,False
random_branch_control,4354,4354,4354,2.0,2,2.0,0.0006868341006338596,1,4000,False,True,False,False,False
random_branch_control,1154,1154,1154,2.0,2,2.0,0.0004589168820530176,1,4000,False,True,False,False,False
random_branch_control,1154,1154,1154,2.0,2,2.0,0.0003858748823404312,1,4000,False,True,False,False,False
random_branch_control,4354,4354,4354,2.0,2,2.0,0.0006819590926170349,1,4000,False,True,False,False,False
random_branch_control,1154,1154,1154,2.0,2,2.0,0.0005004170816391706,1,4000,False,True,False,False,False
random_branch_control,4354,4354,4354,2.0,2,2.0,0.0008309578988701105,1,4000,False,True,False,False,False
random_branch_control,4354,4354,4354,2.0,2,2.0,0.0007392081897705793,1,4000,False,True,False,False,False
random_branch_control,4354,4354,4354,2.0,2,2.0,0.0008001250680536032,1,4000,False,True,False,False,False
random_branch_control,1154,1154,1154,2.0,2,2.0,0.0009773748461157084,1,4000,False,True,False,False,False
random_branch_control,4354,4354,4354,2.0,2,2.0,0.0007502501830458641,1,4000,False,True,False,False,False
random_branch_control,4354,4354,4354,2.0,2,2.0,0.0007243331056088209,1,4000,False,True,False,False,False
random_branch_control,4354,4354,4354,2.0,2,2.0,0.0006948329973965883,1,4000,False,True,False,False,False
random_branch_control,1154,1154,1154,2.0,2,2.0,0.0008047078736126423,1,4000,False,True,False,False,False
random_branch_control,1154,1154,1154,2.0,2,2.0,0.0008308747783303261,1,4000,False,True,False,False,False
random_branch_control,1154,1154,1154,2.0,2,2.0,0.0005087079480290413,1,4000,False,True,False,False,False
random_branch_control,1154,1154,1154,2.0,2,2.0,0.00044291606172919273,1,4000,False,True,False,False,False
random_branch_control,1154,1154,1154,2.0,2,2.0,0.0005593330133706331,1,4000,False,True,False,False,False
random_branch_control,1154,1154,1154,2.0,2,2.0,0.0004988750442862511,1,4000,False,True,False,False,False
random_branch_control,4354,4354,4354,2.0,2,2.0,0.0007711250800639391,1,4000,False,True,False,False,False
random_branch_control,4354,4354,4354,2.0,2,2.0,0.0006731250323355198,1,4000,False,True,False,False,False
random_branch_control,4354,4354,4354,2.0,2,2.0,0.000963500002399087,1,4000,False,True,False,False,False
random_branch_control,1154,1154,1154,2.0,2,2.0,0.0004809158854186535,1,4000,False,True,False,False,False
random_branch_control,4354,4354,4354,2.0,2,2.0,0.0007417080923914909,1,4000,False,True,False,False,False
random_branch_control,1154,1154,1154,2.0,2,2.0,0.00039566587656736374,1,4000,False,True,False,False,False
random_branch_control,4354,4354,4354,2.0,2,2.0,0.0007125840056687593,1,4000,False,True,False,False,False
random_branch_control,1154,1154,1154,2.0,2,2.0,0.0004902500659227371,1,4000,False,True,False,False,False
random_branch_control,1154,1154,1154,2.0,2,2.0,0.0005613749381154776,1,4000,False,True,False,False,False
random_branch_control,1154,1154,1154,2.0,2,2.0,0.0004768751095980406,1,4000,False,True,False,False,False
random_branch_control,4354,4354,4354,2.0,2,2.0,0.0007046659011393785,1,4000,False,True,False,False,False
random_branch_control,1154,1154,1154,2.0,2,2.0,0.0004840840119868517,1,4000,False,True,False,False,False
random_branch_control,4354,4354,4354,2.0,2,2.0,0.0007363748736679554,1,4000,False,True,False,False,False
random_branch_control,4354,4354,4354,2.0,2,2.0,0.0007008749525994062,1,4000,False,True,False,False,False
random_branch_control,1154,1154,1154,2.0,2,2.0,0.0005484591238200665,1,4000,False,True,False,False,False
random_branch_control,4354,4354,4354,2.0,2,2.0,0.0007264579180628061,1,4000,False,True,False,False,False
random_branch_control,4354,4354,4354,2.0,2,2.0,0.0006952499970793724,1,4000,False,True,False,False,False
random_branch_control,1154,1154,1154,2.0,2,2.0,0.00038674985989928246,1,4000,False,True,False,False,False
random_branch_control,1154,1154,1154,2.0,2,2.0,0.0005417091306298971,1,4000,False,True,False,False,False
random_branch_control,1154,1154,1154,2.0,2,2.0,0.0004804171621799469,1,4000,False,True,False,False,False
random_branch_control,1154,1154,1154,2.0,2,2.0,0.00041566696017980576,1,4000,False,True,False,False,False
random_branch_control,1154,1154,1154,2.0,2,2.0,0.0003980831243097782,1,4000,False,True,False,False,False
random_branch_control,1154,1154,1154,2.0,2,2.0,0.0005127079784870148,1,4000,False,True,False,False,False
random_branch_control,1154,1154,1154,2.0,2,2.0,0.0006780000403523445,1,4000,False,True,False,False,False
supplied_context_q2_branch_predictor,4354,4354,4354,2.0,2,2.0,0.0011410419829189777,1,4000,False,True,True,False,True
supplied_context_q2_branch_predictor,4354,4354,4354,2.0,2,2.0,0.0006598748732358217,1,4000,False,True,True,False,True
supplied_context_q2_branch_predictor,1154,1154,1154,2.0,2,2.0,0.0007117921486496925,1,4000,False,True,True,False,True
supplied_context_q2_branch_predictor,1154,1154,1154,2.0,2,2.0,0.0003898749127984047,1,4000,False,True,True,False,True
supplied_context_q2_branch_predictor,1154,1154,1154,2.0,2,2.0,0.0007716668769717216,1,4000,False,True,True,False,True
supplied_context_q2_branch_predictor,4354,4354,4354,2.0,2,2.0,0.0006996251177042723,1,4000,False,True,True,False,True
supplied_context_q2_branch_predictor,4354,4354,4354,2.0,2,2.0,0.0007124170660972595,1,4000,False,True,True,False,True
supplied_context_q2_branch_predictor,1154,1154,1154,2.0,2,2.0,0.0004496669862419367,1,4000,False,True,True,False,True
supplied_context_q2_branch_predictor,1154,1154,1154,2.0,2,2.0,0.00039362511597573757,1,4000,False,True,True,False,True
supplied_context_q2_branch_predictor,4354,4354,4354,2.0,2,2.0,0.000757209025323391,1,4000,False,True,True,False,True
supplied_context_q2_branch_predictor,1154,1154,1154,2.0,2,2.0,0.0004253750666975975,1,4000,False,True,True,False,True
supplied_context_q2_branch_predictor,1154,1154,1154,2.0,2,2.0,0.0005070830229669809,1,4000,False,True,True,False,True
supplied_context_q2_branch_predictor,1154,1154,1154,2.0,2,2.0,0.0005807080306112766,1,4000,False,True,True,False,True
supplied_context_q2_branch_predictor,4354,4354,4354,2.0,2,2.0,0.0007519999053329229,1,4000,False,True,True,False,True
supplied_context_q2_branch_predictor,4354,4354,4354,2.0,2,2.0,0.0007054589223116636,1,4000,False,True,True,False,True
supplied_context_q2_branch_predictor,4354,4354,4354,2.0,2,2.0,0.0007697921246290207,1,4000,False,True,True,False,True
supplied_context_q2_branch_predictor,1154,1154,1154,2.0,2,2.0,0.0003692498430609703,1,4000,False,True,True,False,True
supplied_context_q2_branch_predictor,1154,1154,1154,2.0,2,2.0,0.00048699998296797276,1,4000,False,True,True,False,True
supplied_context_q2_branch_predictor,1154,1154,1154,2.0,2,2.0,0.00039583281613886356,1,4000,False,True,True,False,True
supplied_context_q2_branch_predictor,4354,4354,4354,2.0,2,2.0,0.0006744170095771551,1,4000,False,True,True,False,True
supplied_context_q2_branch_predictor,4354,4354,4354,2.0,2,2.0,0.0006817090325057507,1,4000,False,True,True,False,True
supplied_context_q2_branch_predictor,4354,4354,4354,2.0,2,2.0,0.0007515829056501389,1,4000,False,True,True,False,True
supplied_context_q2_branch_predictor,4354,4354,4354,2.0,2,2.0,0.0007212080527096987,1,4000,False,True,True,False,True
supplied_context_q2_branch_predictor,4354,4354,4354,2.0,2,2.0,0.0007181668188422918,1,4000,False,True,True,False,True
supplied_context_q2_branch_predictor,1154,1154,1154,2.0,2,2.0,0.0004809168167412281,1,4000,False,True,True,False,True
supplied_context_q2_branch_predictor,1154,1154,1154,2.0,2,2.0,0.0004091670271009207,1,4000,False,True,True,False,True
supplied_context_q2_branch_predictor,1154,1154,1154,2.0,2,2.0,0.0005179578438401222,1,4000,False,True,True,False,True
supplied_context_q2_branch_predictor,1154,1154,1154,2.0,2,2.0,0.0003987918607890606,1,4000,False,True,True,False,True
supplied_context_q2_branch_predictor,4354,4354,4354,2.0,2,2.0,0.0008969581685960293,1,4000,False,True,True,False,True
supplied_context_q2_branch_predictor,1154,1154,1154,2.0,2,2.0,0.0005632499232888222,1,4000,False,True,True,False,True
supplied_context_q2_branch_predictor,4354,4354,4354,2.0,2,2.0,0.0007294171955436468,1,4000,False,True,True,False,True
supplied_context_q2_branch_predictor,1154,1154,1154,2.0,2,2.0,0.00042512500658631325,1,4000,False,True,True,False,True
supplied_context_q2_branch_predictor,4354,4354,4354,2.0,2,2.0,0.000719917006790638,1,4000,False,True,True,False,True
supplied_context_q2_branch_predictor,4354,4354,4354,2.0,2,2.0,0.0007764578331261873,1,4000,False,True,True,False,True
supplied_context_q2_branch_predictor,1154,1154,1154,2.0,2,2.0,0.0003832499496638775,1,4000,False,True,True,False,True
supplied_context_q2_branch_predictor,1154,1154,1154,2.0,2,2.0,0.00043566618114709854,1,4000,False,True,True,False,True
supplied_context_q2_branch_predictor,1154,1154,1154,2.0,2,2.0,0.0005099591799080372,1,4000,False,True,True,False,True
supplied_context_q2_branch_predictor,1154,1154,1154,2.0,2,2.0,0.00039070798084139824,1,4000,False,True,True,False,True
supplied_context_q2_branch_predictor,4354,4354,4354,2.0,2,2.0,0.000995042035356164,1,4000,False,True,True,False,True
supplied_context_q2_branch_predictor,4354,4354,4354,2.0,2,2.0,0.0006874999962747097,1,4000,False,True,True,False,True
supplied_context_q2_branch_predictor,1154,1154,1154,2.0,2,2.0,0.0005641249008476734,1,4000,False,True,True,False,True
supplied_context_q2_branch_predictor,4354,4354,4354,2.0,2,2.0,0.0006844999734312296,1,4000,False,True,True,False,True
supplied_context_q2_branch_predictor,1154,1154,1154,2.0,2,2.0,0.0007372910622507334,1,4000,False,True,True,False,True
supplied_context_q2_branch_predictor,1154,1154,1154,2.0,2,2.0,0.00044779200106859207,1,4000,False,True,True,False,True
supplied_context_q2_branch_predictor,4354,4354,4354,2.0,2,2.0,0.0006751248147338629,1,4000,False,True,True,False,True
supplied_context_q2_branch_predictor,1154,1154,1154,2.0,2,2.0,0.00048533291555941105,1,4000,False,True,True,False,True
supplied_context_q2_branch_predictor,4354,4354,4354,2.0,2,2.0,0.0006969999521970749,1,4000,False,True,True,False,True
supplied_context_q2_branch_predictor,4354,4354,4354,2.0,2,2.0,0.0010729171335697174,1,4000,False,True,True,False,True
supplied_context_q2_branch_predictor,4354,4354,4354,2.0,2,2.0,0.0006755830254405737,1,4000,False,True,True,False,True
supplied_context_q2_branch_predictor,1154,1154,1154,2.0,2,2.0,0.0004384580533951521,1,4000,False,True,True,False,True
supplied_context_q2_branch_predictor,1154,1154,1154,2.0,2,2.0,0.00045620789751410484,1,4000,False,True,True,False,True
supplied_context_q2_branch_predictor,4354,4354,4354,2.0,2,2.0,0.0008596251718699932,1,4000,False,True,True,False,True
supplied_context_q2_branch_predictor,1154,1154,1154,2.0,2,2.0,0.0003900409210473299,1,4000,False,True,True,False,True
supplied_context_q2_branch_predictor,4354,4354,4354,2.0,2,2.0,0.0007018749602138996,1,4000,False,True,True,False,True
supplied_context_q2_branch_predictor,1154,1154,1154,2.0,2,2.0,0.00047345785424113274,1,4000,False,True,True,False,True
supplied_context_q2_branch_predictor,1154,1154,1154,2.0,2,2.0,0.000492042163386941,1,4000,False,True,True,False,True
supplied_context_q2_branch_predictor,4354,4354,4354,2.0,2,2.0,0.0006624169182032347,1,4000,False,True,True,False,True
supplied_context_q2_branch_predictor,1154,1154,1154,2.0,2,2.0,0.0004569590091705322,1,4000,False,True,True,False,True
supplied_context_q2_branch_predictor,1154,1154,1154,2.0,2,2.0,0.00042233290150761604,1,4000,False,True,True,False,True
supplied_context_q2_branch_predictor,1154,1154,1154,2.0,2,2.0,0.00042925006709992886,1,4000,False,True,True,False,True
supplied_context_q2_branch_predictor,1154,1154,1154,2.0,2,2.0,0.0010806252248585224,1,4000,False,True,True,False,True
supplied_context_q2_branch_predictor,4354,4354,4354,2.0,2,2.0,0.0007258751429617405,1,4000,False,True,True,False,True
supplied_context_q2_branch_predictor,4354,4354,4354,2.0,2,2.0,0.0007312081288546324,1,4000,False,True,True,False,True
supplied_context_q2_branch_predictor,1154,1154,1154,2.0,2,2.0,0.00044137495569884777,1,4000,False,True,True,False,True
supplied_context_q2_branch_predictor,1154,1154,1154,2.0,2,2.0,0.0005031249020248652,1,4000,False,True,True,False,True
supplied_context_q2_branch_predictor,4354,4354,4354,2.0,2,2.0,0.0006834170781075954,1,4000,False,True,True,False,True
supplied_context_q2_branch_predictor,1154,1154,1154,2.0,2,2.0,0.0005375409964472055,1,4000,False,True,True,False,True
supplied_context_q2_branch_predictor,4354,4354,4354,2.0,2,2.0,0.0007177079096436501,1,4000,False,True,True,False,True
supplied_context_q2_branch_predictor,1154,1154,1154,2.0,2,2.0,0.0004312910605221987,1,4000,False,True,True,False,True
supplied_context_q2_branch_predictor,4354,4354,4354,2.0,2,2.0,0.000695166876539588,1,4000,False,True,True,False,True
supplied_context_q2_branch_predictor,1154,1154,1154,2.0,2,2.0,0.0005255839787423611,1,4000,False,True,True,False,True
supplied_context_q2_branch_predictor,1154,1154,1154,2.0,2,2.0,0.0006743748672306538,1,4000,False,True,True,False,True
supplied_context_q2_branch_predictor,4354,4354,4354,2.0,2,2.0,0.0007499170023947954,1,4000,False,True,True,False,True
supplied_context_q2_branch_predictor,1154,1154,1154,2.0,2,2.0,0.0005049998871982098,1,4000,False,True,True,False,True
supplied_context_q2_branch_predictor,1154,1154,1154,2.0,2,2.0,0.0004853750579059124,1,4000,False,True,True,False,True
supplied_context_q2_branch_predictor,1154,1154,1154,2.0,2,2.0,0.0004905839450657368,1,4000,False,True,True,False,True
supplied_context_q2_branch_predictor,1154,1154,1154,2.0,2,2.0,0.00040295906364917755,1,4000,False,True,True,False,True
supplied_context_q2_branch_predictor,4354,4354,4354,2.0,2,2.0,0.0007623331621289253,1,4000,False,True,True,False,True
supplied_context_q2_branch_predictor,4354,4354,4354,2.0,2,2.0,0.0008345830719918013,1,4000,False,True,True,False,True
supplied_context_q2_branch_predictor,4354,4354,4354,2.0,2,2.0,0.0007691660430282354,1,4000,False,True,True,False,True
supplied_context_q2_branch_predictor,1154,1154,1154,2.0,2,2.0,0.0006217909976840019,1,4000,False,True,True,False,True
supplied_context_q2_branch_predictor,1154,1154,1154,2.0,2,2.0,0.0005028750747442245,1,4000,False,True,True,False,True
supplied_context_q2_branch_predictor,1154,1154,1154,2.0,2,2.0,0.0005887500010430813,1,4000,False,True,True,False,True
supplied_context_q2_branch_predictor,1154,1154,1154,2.0,2,2.0,0.0004090841393917799,1,4000,False,True,True,False,True
supplied_context_q2_branch_predictor,1154,1154,1154,2.0,2,2.0,0.0004105831030756235,1,4000,False,True,True,False,True
supplied_context_q2_branch_predictor,1154,1154,1154,2.0,2,2.0,0.0004670829512178898,1,4000,False,True,True,False,True
supplied_context_q2_branch_predictor,4354,4354,4354,2.0,2,2.0,0.0007014581933617592,1,4000,False,True,True,False,True
supplied_context_q2_branch_predictor,1154,1154,1154,2.0,2,2.0,0.0004893331788480282,1,4000,False,True,True,False,True
supplied_context_q2_branch_predictor,1154,1154,1154,2.0,2,2.0,0.00048762490041553974,1,4000,False,True,True,False,True
supplied_context_q2_branch_predictor,1154,1154,1154,2.0,2,2.0,0.000486917095258832,1,4000,False,True,True,False,True
supplied_context_q2_branch_predictor,1154,1154,1154,2.0,2,2.0,0.0004926251713186502,1,4000,False,True,True,False,True
supplied_context_q2_branch_predictor,4354,4354,4354,2.0,2,2.0,0.0006734170019626617,1,4000,False,True,True,False,True
supplied_context_q2_branch_predictor,1154,1154,1154,2.0,2,2.0,0.00048450008034706116,1,4000,False,True,True,False,True
supplied_context_q2_branch_predictor,4354,4354,4354,2.0,2,2.0,0.0008132921066135168,1,4000,False,True,True,False,True
supplied_context_q2_branch_predictor,4354,4354,4354,2.0,2,2.0,0.0006882920861244202,1,4000,False,True,True,False,True
supplied_context_q2_branch_predictor,1154,1154,1154,2.0,2,2.0,0.0004679998382925987,1,4000,False,True,True,False,True
supplied_context_q2_branch_predictor,1154,1154,1154,2.0,2,2.0,0.00047437497414648533,1,4000,False,True,True,False,True
supplied_context_q2_branch_predictor,4354,4354,4354,2.0,2,2.0,0.0007480408530682325,1,4000,False,True,True,False,True
supplied_context_q2_branch_predictor,1154,1154,1154,2.0,2,2.0,0.0005765000823885202,1,4000,False,True,True,False,True
supplied_context_q2_branch_predictor,4354,4354,4354,2.0,2,2.0,0.0007155830971896648,1,4000,False,True,True,False,True
supplied_context_q2_branch_predictor,4354,4354,4354,2.0,2,2.0,0.0007402501069009304,1,4000,False,True,True,False,True
supplied_context_q2_branch_predictor,1154,1154,1154,2.0,2,2.0,0.0004417921882122755,1,4000,False,True,True,False,True
supplied_context_q2_branch_predictor,4354,4354,4354,2.0,2,2.0,0.0007120000664144754,1,4000,False,True,True,False,True
supplied_context_q2_branch_predictor,4354,4354,4354,2.0,2,2.0,0.0007495000027120113,1,4000,False,True,True,False,True
supplied_context_q2_branch_predictor,4354,4354,4354,2.0,2,2.0,0.000706082908436656,1,4000,False,True,True,False,True
supplied_context_q2_branch_predictor,4354,4354,4354,2.0,2,2.0,0.0007357920985668898,1,4000,False,True,True,False,True
supplied_context_q2_branch_predictor,1154,1154,1154,2.0,2,2.0,0.0005251250695437193,1,4000,False,True,True,False,True
supplied_context_q2_branch_predictor,4354,4354,4354,2.0,2,2.0,0.0006888748612254858,1,4000,False,True,True,False,True
supplied_context_q2_branch_predictor,4354,4354,4354,2.0,2,2.0,0.0006850420031696558,1,4000,False,True,True,False,True
supplied_context_q2_branch_predictor,4354,4354,4354,2.0,2,2.0,0.0006783748976886272,1,4000,False,True,True,False,True
supplied_context_q2_branch_predictor,1154,1154,1154,2.0,2,2.0,0.0004422080237418413,1,4000,False,True,True,False,True
supplied_context_q2_branch_predictor,4354,4354,4354,2.0,2,2.0,0.0006956250872462988,1,4000,False,True,True,False,True
supplied_context_q2_branch_predictor,1154,1154,1154,2.0,2,2.0,0.0004847501404583454,1,4000,False,True,True,False,True
supplied_context_q2_branch_predictor,4354,4354,4354,2.0,2,2.0,0.0007551659364253283,1,4000,False,True,True,False,True
supplied_context_q2_branch_predictor,1154,1154,1154,2.0,2,2.0,0.0005160828586667776,1,4000,False,True,True,False,True
supplied_context_q2_branch_predictor,1154,1154,1154,2.0,2,2.0,0.0004310421645641327,1,4000,False,True,True,False,True
supplied_context_q2_branch_predictor,4354,4354,4354,2.0,2,2.0,0.0007441670168191195,1,4000,False,True,True,False,True
supplied_context_q2_branch_predictor,4354,4354,4354,2.0,2,2.0,0.001531417015939951,1,4000,False,True,True,False,True
supplied_context_q2_branch_predictor,1154,1154,1154,2.0,2,2.0,0.0004164581187069416,1,4000,False,True,True,False,True
supplied_context_q2_branch_predictor,4354,4354,4354,2.0,2,2.0,0.0006854578386992216,1,4000,False,True,True,False,True
supplied_context_q2_branch_predictor,4354,4354,4354,2.0,2,2.0,0.0006856250111013651,1,4000,False,True,True,False,True
supplied_context_q2_branch_predictor,4354,4354,4354,2.0,2,2.0,0.000714791938662529,1,4000,False,True,True,False,True
supplied_context_q2_branch_predictor,4354,4354,4354,2.0,2,2.0,0.0007314998656511307,1,4000,False,True,True,False,True
supplied_context_q2_branch_predictor,4354,4354,4354,2.0,2,2.0,0.0017097501549869776,1,4000,False,True,True,False,True
supplied_context_q2_branch_predictor,1154,1154,1154,2.0,2,2.0,0.00046683289110660553,1,4000,False,True,True,False,True
supplied_context_q2_branch_predictor,1154,1154,1154,2.0,2,2.0,0.00042399996891617775,1,4000,False,True,True,False,True
supplied_context_q2_branch_predictor,1154,1154,1154,2.0,2,2.0,0.0004486669786274433,1,4000,False,True,True,False,True
supplied_context_q2_branch_predictor,4354,4354,4354,2.0,2,2.0,0.0007063329685479403,1,4000,False,True,True,False,True
supplied_context_q2_branch_predictor,4354,4354,4354,2.0,2,2.0,0.0007560839876532555,1,4000,False,True,True,False,True
supplied_context_q2_branch_predictor,1154,1154,1154,2.0,2,2.0,0.0005707910750061274,1,4000,False,True,True,False,True
supplied_context_q2_branch_predictor,4354,4354,4354,2.0,2,2.0,0.0007856250740587711,1,4000,False,True,True,False,True
supplied_context_q2_branch_predictor,4354,4354,4354,2.0,2,2.0,0.015929457964375615,1,4000,False,True,True,False,True
supplied_context_q2_branch_predictor,4354,4354,4354,2.0,2,2.0,0.0007508751004934311,1,4000,False,True,True,False,True
supplied_context_q2_branch_predictor,1154,1154,1154,2.0,2,2.0,0.0004519170615822077,1,4000,False,True,True,False,True
supplied_context_q2_branch_predictor,1154,1154,1154,2.0,2,2.0,0.0003925408236682415,1,4000,False,True,True,False,True
supplied_context_q2_branch_predictor,1154,1154,1154,2.0,2,2.0,0.00039466703310608864,1,4000,False,True,True,False,True
supplied_context_q2_branch_predictor,1154,1154,1154,2.0,2,2.0,0.0004181661643087864,1,4000,False,True,True,False,True
supplied_context_q2_branch_predictor,1154,1154,1154,2.0,2,2.0,0.0004960000514984131,1,4000,False,True,True,False,True
supplied_context_q2_branch_predictor,4354,4354,4354,2.0,2,2.0,0.0007498329505324364,1,4000,False,True,True,False,True
supplied_context_q2_branch_predictor,4354,4354,4354,2.0,2,2.0,0.0009480419103056192,1,4000,False,True,True,False,True
supplied_context_q2_branch_predictor,4354,4354,4354,2.0,2,2.0,0.000725707970559597,1,4000,False,True,True,False,True
supplied_context_q2_branch_predictor,1154,1154,1154,2.0,2,2.0,0.0005167911294847727,1,4000,False,True,True,False,True
supplied_context_q2_branch_predictor,4354,4354,4354,2.0,2,2.0,0.0007494171150028706,1,4000,False,True,True,False,True
supplied_context_q2_branch_predictor,1154,1154,1154,2.0,2,2.0,0.0007727080956101418,1,4000,False,True,True,False,True
supplied_context_q2_branch_predictor,1154,1154,1154,2.0,2,2.0,0.0004852921701967716,1,4000,False,True,True,False,True
supplied_context_q2_branch_predictor,4354,4354,4354,2.0,2,2.0,0.0006949170492589474,1,4000,False,True,True,False,True
supplied_context_q2_branch_predictor,4354,4354,4354,2.0,2,2.0,0.0006859160494059324,1,4000,False,True,True,False,True
supplied_context_q2_branch_predictor,4354,4354,4354,2.0,2,2.0,0.0012503329198807478,1,4000,False,True,True,False,True
supplied_context_q2_branch_predictor,4354,4354,4354,2.0,2,2.0,0.0007043750956654549,1,4000,False,True,True,False,True
supplied_context_q2_branch_predictor,1154,1154,1154,2.0,2,2.0,0.0009849590715020895,1,4000,False,True,True,False,True
supplied_context_q2_branch_predictor,4354,4354,4354,2.0,2,2.0,0.0007262909784913063,1,4000,False,True,True,False,True
supplied_context_q2_branch_predictor,1154,1154,1154,2.0,2,2.0,0.0004122920800000429,1,4000,False,True,True,False,True
supplied_context_q2_branch_predictor,4354,4354,4354,2.0,2,2.0,0.0007377078291028738,1,4000,False,True,True,False,True
supplied_context_q2_branch_predictor,1154,1154,1154,2.0,2,2.0,0.0004284169990569353,1,4000,False,True,True,False,True
supplied_context_q2_branch_predictor,4354,4354,4354,2.0,2,2.0,0.0007375839632004499,1,4000,False,True,True,False,True
supplied_context_q2_branch_predictor,4354,4354,4354,2.0,2,2.0,0.0007255000527948141,1,4000,False,True,True,False,True
supplied_context_q2_branch_predictor,4354,4354,4354,2.0,2,2.0,0.000691042048856616,1,4000,False,True,True,False,True
supplied_context_q2_branch_predictor,1154,1154,1154,2.0,2,2.0,0.000424874946475029,1,4000,False,True,True,False,True
supplied_context_q2_branch_predictor,4354,4354,4354,2.0,2,2.0,0.0007871249690651894,1,4000,False,True,True,False,True
supplied_context_q2_branch_predictor,4354,4354,4354,2.0,2,2.0,0.0006783751305192709,1,4000,False,True,True,False,True
supplied_context_q2_branch_predictor,4354,4354,4354,2.0,2,2.0,0.0007085420656949282,1,4000,False,True,True,False,True
supplied_context_q2_branch_predictor,4354,4354,4354,2.0,2,2.0,0.000756541034206748,1,4000,False,True,True,False,True
supplied_context_q2_branch_predictor,1154,1154,1154,2.0,2,2.0,0.00041912496089935303,1,4000,False,True,True,False,True
supplied_context_q2_branch_predictor,1154,1154,1154,2.0,2,2.0,0.000454166904091835,1,4000,False,True,True,False,True
supplied_context_q2_branch_predictor,4354,4354,4354,2.0,2,2.0,0.0007002500351518393,1,4000,False,True,True,False,True
supplied_context_q2_branch_predictor,4354,4354,4354,2.0,2,2.0,0.0006937498692423105,1,4000,False,True,True,False,True
supplied_context_q2_branch_predictor,1154,1154,1154,2.0,2,2.0,0.0005203750915825367,1,4000,False,True,True,False,True
supplied_context_q2_branch_predictor,4354,4354,4354,2.0,2,2.0,0.0006967079825699329,1,4000,False,True,True,False,True
supplied_context_q2_branch_predictor,1154,1154,1154,2.0,2,2.0,0.0005139170680195093,1,4000,False,True,True,False,True
supplied_context_q2_branch_predictor,4354,4354,4354,2.0,2,2.0,0.0007077089976519346,1,4000,False,True,True,False,True
supplied_context_q2_branch_predictor,1154,1154,1154,2.0,2,2.0,0.00040716701187193394,1,4000,False,True,True,False,True
supplied_context_q2_branch_predictor,1154,1154,1154,2.0,2,2.0,0.0004246670287102461,1,4000,False,True,True,False,True
supplied_context_q2_branch_predictor,1154,1154,1154,2.0,2,2.0,0.00039008306339383125,1,4000,False,True,True,False,True
supplied_context_q2_branch_predictor,4354,4354,4354,2.0,2,2.0,0.00069966702722013,1,4000,False,True,True,False,True
supplied_context_q2_branch_predictor,4354,4354,4354,2.0,2,2.0,0.0007751670200377703,1,4000,False,True,True,False,True
supplied_context_q2_branch_predictor,4354,4354,4354,2.0,2,2.0,0.0006963340565562248,1,4000,False,True,True,False,True
supplied_context_q2_branch_predictor,4354,4354,4354,2.0,2,2.0,0.000732166925445199,1,4000,False,True,True,False,True
supplied_context_q2_branch_predictor,4354,4354,4354,2.0,2,2.0,0.0007479998748749495,1,4000,False,True,True,False,True
validation_face_table_router,4354,4354,4354,2.0,2,2.0,0.0007479169871658087,1,4000,False,True,False,True,False
validation_face_table_router,1154,1154,1154,2.0,2,2.0,0.0009541672188788652,1,4000,False,True,False,True,False
validation_face_table_router,1154,1154,1154,2.0,2,2.0,0.00038316589780151844,1,4000,False,True,False,True,False
validation_face_table_router,1154,1154,1154,2.0,2,2.0,0.00040866597555577755,1,4000,False,True,False,True,False
validation_face_table_router,4354,4354,4354,2.0,2,2.0,0.0007136659696698189,1,4000,False,True,False,True,False
validation_face_table_router,1154,1154,1154,2.0,2,2.0,0.0005056669469922781,1,4000,False,True,False,True,False
validation_face_table_router,1154,1154,1154,2.0,2,2.0,0.0005063749849796295,1,4000,False,True,False,True,False
validation_face_table_router,4354,4354,4354,2.0,2,2.0,0.0006921249441802502,1,4000,False,True,False,True,False
validation_face_table_router,1154,1154,1154,2.0,2,2.0,0.00042949989438056946,1,4000,False,True,False,True,False
validation_face_table_router,1154,1154,1154,2.0,2,2.0,0.0004848330281674862,1,4000,False,True,False,True,False
validation_face_table_router,1154,1154,1154,2.0,2,2.0,0.0004070419818162918,1,4000,False,True,False,True,False
validation_face_table_router,4354,4354,4354,2.0,2,2.0,0.0007458750624209642,1,4000,False,True,False,True,False
validation_face_table_router,4354,4354,4354,2.0,2,2.0,0.0007631250191479921,1,4000,False,True,False,True,False
validation_face_table_router,4354,4354,4354,2.0,2,2.0,0.0006898748688399792,1,4000,False,True,False,True,False
validation_face_table_router,4354,4354,4354,2.0,2,2.0,0.0007467921823263168,1,4000,False,True,False,True,False
validation_face_table_router,4354,4354,4354,2.0,2,2.0,0.0007046659011393785,1,4000,False,True,False,True,False
validation_face_table_router,1154,1154,1154,2.0,2,2.0,0.00042941607534885406,1,4000,False,True,False,True,False
validation_face_table_router,1154,1154,1154,2.0,2,2.0,0.00047708279453217983,1,4000,False,True,False,True,False
validation_face_table_router,1154,1154,1154,2.0,2,2.0,0.0004723330494016409,1,4000,False,True,False,True,False
validation_face_table_router,4354,4354,4354,2.0,2,2.0,0.0007437088061124086,1,4000,False,True,False,True,False
validation_face_table_router,4354,4354,4354,2.0,2,2.0,0.0007307499181479216,1,4000,False,True,False,True,False
validation_face_table_router,1154,1154,1154,2.0,2,2.0,0.0004542078822851181,1,4000,False,True,False,True,False
validation_face_table_router,1154,1154,1154,2.0,2,2.0,0.00040104216895997524,1,4000,False,True,False,True,False
validation_face_table_router,4354,4354,4354,2.0,2,2.0,0.0008479580283164978,1,4000,False,True,False,True,False
validation_face_table_router,1154,1154,1154,2.0,2,2.0,0.0003788331523537636,1,4000,False,True,False,True,False
validation_face_table_router,4354,4354,4354,2.0,2,2.0,0.0011977499816566706,1,4000,False,True,False,True,False
validation_face_table_router,1154,1154,1154,2.0,2,2.0,0.00047320802696049213,1,4000,False,True,False,True,False
validation_face_table_router,4354,4354,4354,2.0,2,2.0,0.0006593749858438969,1,4000,False,True,False,True,False
validation_face_table_router,4354,4354,4354,2.0,2,2.0,0.0007340828888118267,1,4000,False,True,False,True,False
validation_face_table_router,4354,4354,4354,2.0,2,2.0,0.0008569578640162945,1,4000,False,True,False,True,False
validation_face_table_router,1154,1154,1154,2.0,2,2.0,0.00039766705594956875,1,4000,False,True,False,True,False
validation_face_table_router,4354,4354,4354,2.0,2,2.0,0.0006731660105288029,1,4000,False,True,False,True,False
validation_face_table_router,1154,1154,1154,2.0,2,2.0,0.0008767920080572367,1,4000,False,True,False,True,False
validation_face_table_router,1154,1154,1154,2.0,2,2.0,0.00047929189167916775,1,4000,False,True,False,True,False
validation_face_table_router,4354,4354,4354,2.0,2,2.0,0.0007733749225735664,1,4000,False,True,False,True,False
validation_face_table_router,1154,1154,1154,2.0,2,2.0,0.0005115410313010216,1,4000,False,True,False,True,False
validation_face_table_router,4354,4354,4354,2.0,2,2.0,0.0007042500656098127,1,4000,False,True,False,True,False
validation_face_table_router,4354,4354,4354,2.0,2,2.0,0.0007064999081194401,1,4000,False,True,False,True,False
validation_face_table_router,1154,1154,1154,2.0,2,2.0,0.0004808749072253704,1,4000,False,True,False,True,False
validation_face_table_router,4354,4354,4354,2.0,2,2.0,0.0006831251084804535,1,4000,False,True,False,True,False
validation_face_table_router,1154,1154,1154,2.0,2,2.0,0.0008242081385105848,1,4000,False,True,False,True,False
validation_face_table_router,4354,4354,4354,2.0,2,2.0,0.0006947079673409462,1,4000,False,True,False,True,False
validation_face_table_router,1154,1154,1154,2.0,2,2.0,0.0004189170431345701,1,4000,False,True,False,True,False
validation_face_table_router,4354,4354,4354,2.0,2,2.0,0.0007273750379681587,1,4000,False,True,False,True,False
validation_face_table_router,4354,4354,4354,2.0,2,2.0,0.0007867089007049799,1,4000,False,True,False,True,False
validation_face_table_router,4354,4354,4354,2.0,2,2.0,0.00069229188375175,1,4000,False,True,False,True,False
validation_face_table_router,4354,4354,4354,2.0,2,2.0,0.0007465421222150326,1,4000,False,True,False,True,False
validation_face_table_router,4354,4354,4354,2.0,2,2.0,0.0007354160770773888,1,4000,False,True,False,True,False
validation_face_table_router,1154,1154,1154,2.0,2,2.0,0.00046862498857080936,1,4000,False,True,False,True,False
validation_face_table_router,1154,1154,1154,2.0,2,2.0,0.0008034580387175083,1,4000,False,True,False,True,False
validation_face_table_router,4354,4354,4354,2.0,2,2.0,0.0007140419911593199,1,4000,False,True,False,True,False
validation_face_table_router,1154,1154,1154,2.0,2,2.0,0.0004327078349888325,1,4000,False,True,False,True,False
validation_face_table_router,4354,4354,4354,2.0,2,2.0,0.0007036661263555288,1,4000,False,True,False,True,False
validation_face_table_router,4354,4354,4354,2.0,2,2.0,0.0006816249806433916,1,4000,False,True,False,True,False
validation_face_table_router,4354,4354,4354,2.0,2,2.0,0.0007869158871471882,1,4000,False,True,False,True,False
validation_face_table_router,1154,1154,1154,2.0,2,2.0,0.0004548751749098301,1,4000,False,True,False,True,False
validation_face_table_router,4354,4354,4354,2.0,2,2.0,0.0006864168681204319,1,4000,False,True,False,True,False
validation_face_table_router,1154,1154,1154,2.0,2,2.0,0.0004637909587472677,1,4000,False,True,False,True,False
validation_face_table_router,4354,4354,4354,2.0,2,2.0,0.0011234590783715248,1,4000,False,True,False,True,False
validation_face_table_router,1154,1154,1154,2.0,2,2.0,0.0007105420809239149,1,4000,False,True,False,True,False
validation_face_table_router,4354,4354,4354,2.0,2,2.0,0.0010216250084340572,1,4000,False,True,False,True,False
validation_face_table_router,1154,1154,1154,2.0,2,2.0,0.00043366593308746815,1,4000,False,True,False,True,False
validation_face_table_router,1154,1154,1154,2.0,2,2.0,0.0005210828967392445,1,4000,False,True,False,True,False
validation_face_table_router,4354,4354,4354,2.0,2,2.0,0.0006882499437779188,1,4000,False,True,False,True,False
validation_face_table_router,4354,4354,4354,2.0,2,2.0,0.0007220830302685499,1,4000,False,True,False,True,False
validation_face_table_router,1154,1154,1154,2.0,2,2.0,0.00047204201109707355,1,4000,False,True,False,True,False
validation_face_table_router,1154,1154,1154,2.0,2,2.0,0.0004206669982522726,1,4000,False,True,False,True,False
validation_face_table_router,4354,4354,4354,2.0,2,2.0,0.0007219999097287655,1,4000,False,True,False,True,False
validation_face_table_router,4354,4354,4354,2.0,2,2.0,0.000669458182528615,1,4000,False,True,False,True,False
validation_face_table_router,1154,1154,1154,2.0,2,2.0,0.0007506248075515032,1,4000,False,True,False,True,False
validation_face_table_router,4354,4354,4354,2.0,2,2.0,0.0007431250996887684,1,4000,False,True,False,True,False
validation_face_table_router,1154,1154,1154,2.0,2,2.0,0.00281354202888906,1,4000,False,True,False,True,False
validation_face_table_router,1154,1154,1154,2.0,2,2.0,0.0004074578173458576,1,4000,False,True,False,True,False
validation_face_table_router,1154,1154,1154,2.0,2,2.0,0.0005102078430354595,1,4000,False,True,False,True,False
validation_face_table_router,4354,4354,4354,2.0,2,2.0,0.0006637091282755136,1,4000,False,True,False,True,False
validation_face_table_router,4354,4354,4354,2.0,2,2.0,0.0006957498844712973,1,4000,False,True,False,True,False
validation_face_table_router,4354,4354,4354,2.0,2,2.0,0.0006725001148879528,1,4000,False,True,False,True,False
validation_face_table_router,1154,1154,1154,2.0,2,2.0,0.00039979186840355396,1,4000,False,True,False,True,False
validation_face_table_router,4354,4354,4354,2.0,2,2.0,0.000832415884360671,1,4000,False,True,False,True,False
validation_face_table_router,1154,1154,1154,2.0,2,2.0,0.0004955418407917023,1,4000,False,True,False,True,False
validation_face_table_router,1154,1154,1154,2.0,2,2.0,0.0005489580798894167,1,4000,False,True,False,True,False
validation_face_table_router,1154,1154,1154,2.0,2,2.0,0.0005297497846186161,1,4000,False,True,False,True,False
validation_face_table_router,4354,4354,4354,2.0,2,2.0,0.0006907500792294741,1,4000,False,True,False,True,False
validation_face_table_router,4354,4354,4354,2.0,2,2.0,0.0006755420472472906,1,4000,False,True,False,True,False
validation_face_table_router,4354,4354,4354,2.0,2,2.0,0.0006891249213367701,1,4000,False,True,False,True,False
validation_face_table_router,1154,1154,1154,2.0,2,2.0,0.00048079201951622963,1,4000,False,True,False,True,False
validation_face_table_router,4354,4354,4354,2.0,2,2.0,0.0006653750315308571,1,4000,False,True,False,True,False
validation_face_table_router,1154,1154,1154,2.0,2,2.0,0.00045958394184708595,1,4000,False,True,False,True,False
validation_face_table_router,1154,1154,1154,2.0,2,2.0,0.000495583051815629,1,4000,False,True,False,True,False
validation_face_table_router,4354,4354,4354,2.0,2,2.0,0.0008072918280959129,1,4000,False,True,False,True,False
validation_face_table_router,1154,1154,1154,2.0,2,2.0,0.0004465829115360975,1,4000,False,True,False,True,False
validation_face_table_router,1154,1154,1154,2.0,2,2.0,0.0004831249825656414,1,4000,False,True,False,True,False
validation_face_table_router,4354,4354,4354,2.0,2,2.0,0.0007051248103380203,1,4000,False,True,False,True,False
validation_face_table_router,1154,1154,1154,2.0,2,2.0,0.0005065409932285547,1,4000,False,True,False,True,False
validation_face_table_router,1154,1154,1154,2.0,2,2.0,0.001250833971425891,1,4000,False,True,False,True,False
validation_face_table_router,1154,1154,1154,2.0,2,2.0,0.0005228328518569469,1,4000,False,True,False,True,False
validation_face_table_router,1154,1154,1154,2.0,2,2.0,0.0004141249228268862,1,4000,False,True,False,True,False
validation_face_table_router,1154,1154,1154,2.0,2,2.0,0.00038062501698732376,1,4000,False,True,False,True,False
validation_face_table_router,1154,1154,1154,2.0,2,2.0,0.0004351248499006033,1,4000,False,True,False,True,False
validation_face_table_router,4354,4354,4354,2.0,2,2.0,0.0007358328439295292,1,4000,False,True,False,True,False
validation_face_table_router,4354,4354,4354,2.0,2,2.0,0.0013358329888433218,1,4000,False,True,False,True,False
validation_face_table_router,1154,1154,1154,2.0,2,2.0,0.0004004170186817646,1,4000,False,True,False,True,False
validation_face_table_router,4354,4354,4354,2.0,2,2.0,0.0008525829762220383,1,4000,False,True,False,True,False
validation_face_table_router,1154,1154,1154,2.0,2,2.0,0.0004404578357934952,1,4000,False,True,False,True,False
validation_face_table_router,1154,1154,1154,2.0,2,2.0,0.0005207080394029617,1,4000,False,True,False,True,False
validation_face_table_router,4354,4354,4354,2.0,2,2.0,0.0012138329911977053,1,4000,False,True,False,True,False
validation_face_table_router,1154,1154,1154,2.0,2,2.0,0.00048583303578197956,1,4000,False,True,False,True,False
validation_face_table_router,4354,4354,4354,2.0,2,2.0,0.0007377499714493752,1,4000,False,True,False,True,False
validation_face_table_router,1154,1154,1154,2.0,2,2.0,0.0005042499396950006,1,4000,False,True,False,True,False
validation_face_table_router,1154,1154,1154,2.0,2,2.0,0.000600040890276432,1,4000,False,True,False,True,False
validation_face_table_router,4354,4354,4354,2.0,2,2.0,0.0007225419394671917,1,4000,False,True,False,True,False
validation_face_table_router,1154,1154,1154,2.0,2,2.0,0.00038229208439588547,1,4000,False,True,False,True,False
validation_face_table_router,4354,4354,4354,2.0,2,2.0,0.000662375008687377,1,4000,False,True,False,True,False
validation_face_table_router,1154,1154,1154,2.0,2,2.0,0.0005681249313056469,1,4000,False,True,False,True,False
validation_face_table_router,4354,4354,4354,2.0,2,2.0,0.0006792908534407616,1,4000,False,True,False,True,False
validation_face_table_router,1154,1154,1154,2.0,2,2.0,0.00039662490598857403,1,4000,False,True,False,True,False
validation_face_table_router,4354,4354,4354,2.0,2,2.0,0.0007205000147223473,1,4000,False,True,False,True,False
validation_face_table_router,1154,1154,1154,2.0,2,2.0,0.0004907080437988043,1,4000,False,True,False,True,False
validation_face_table_router,1154,1154,1154,2.0,2,2.0,0.0004361250903457403,1,4000,False,True,False,True,False
validation_face_table_router,4354,4354,4354,2.0,2,2.0,0.0007643748540431261,1,4000,False,True,False,True,False
validation_face_table_router,4354,4354,4354,2.0,2,2.0,0.0010097080375999212,1,4000,False,True,False,True,False
validation_face_table_router,4354,4354,4354,2.0,2,2.0,0.0006777499802410603,1,4000,False,True,False,True,False
validation_face_table_router,4354,4354,4354,2.0,2,2.0,0.001212208066135645,1,4000,False,True,False,True,False
validation_face_table_router,4354,4354,4354,2.0,2,2.0,0.001015957910567522,1,4000,False,True,False,True,False
validation_face_table_router,1154,1154,1154,2.0,2,2.0,0.0004077078774571419,1,4000,False,True,False,True,False
validation_face_table_router,4354,4354,4354,2.0,2,2.0,0.000807667151093483,1,4000,False,True,False,True,False
validation_face_table_router,1154,1154,1154,2.0,2,2.0,0.0005042089615017176,1,4000,False,True,False,True,False
validation_face_table_router,4354,4354,4354,2.0,2,2.0,0.0006624998059123755,1,4000,False,True,False,True,False
validation_face_table_router,4354,4354,4354,2.0,2,2.0,0.0007067499682307243,1,4000,False,True,False,True,False
validation_face_table_router,1154,1154,1154,2.0,2,2.0,0.00047558313235640526,1,4000,False,True,False,True,False
validation_face_table_router,4354,4354,4354,2.0,2,2.0,0.0006940830498933792,1,4000,False,True,False,True,False
validation_face_table_router,1154,1154,1154,2.0,2,2.0,0.00041054096072912216,1,4000,False,True,False,True,False
validation_face_table_router,4354,4354,4354,2.0,2,2.0,0.0007212499622255564,1,4000,False,True,False,True,False
validation_face_table_router,4354,4354,4354,2.0,2,2.0,0.0006962078623473644,1,4000,False,True,False,True,False
validation_face_table_router,1154,1154,1154,2.0,2,2.0,0.00042037502862513065,1,4000,False,True,False,True,False
validation_face_table_router,1154,1154,1154,2.0,2,2.0,0.0004669169429689646,1,4000,False,True,False,True,False
validation_face_table_router,4354,4354,4354,2.0,2,2.0,0.0007126668933779001,1,4000,False,True,False,True,False
validation_face_table_router,1154,1154,1154,2.0,2,2.0,0.0005405000410974026,1,4000,False,True,False,True,False
validation_face_table_router,4354,4354,4354,2.0,2,2.0,0.0006884168833494186,1,4000,False,True,False,True,False
validation_face_table_router,4354,4354,4354,2.0,2,2.0,0.001493792049586773,1,4000,False,True,False,True,False
validation_face_table_router,1154,1154,1154,2.0,2,2.0,0.0005073749925941229,1,4000,False,True,False,True,False
validation_face_table_router,1154,1154,1154,2.0,2,2.0,0.000384374987334013,1,4000,False,True,False,True,False
validation_face_table_router,1154,1154,1154,2.0,2,2.0,0.0004063330125063658,1,4000,False,True,False,True,False
validation_face_table_router,4354,4354,4354,2.0,2,2.0,0.0007436252199113369,1,4000,False,True,False,True,False
validation_face_table_router,1154,1154,1154,2.0,2,2.0,0.00043291598558425903,1,4000,False,True,False,True,False
validation_face_table_router,4354,4354,4354,2.0,2,2.0,0.0006623328663408756,1,4000,False,True,False,True,False
validation_face_table_router,4354,4354,4354,2.0,2,2.0,0.0006906671915203333,1,4000,False,True,False,True,False
validation_face_table_router,4354,4354,4354,2.0,2,2.0,0.00082016596570611,1,4000,False,True,False,True,False
validation_face_table_router,4354,4354,4354,2.0,2,2.0,0.0007828748784959316,1,4000,False,True,False,True,False
validation_face_table_router,1154,1154,1154,2.0,2,2.0,0.0005422087851911783,1,4000,False,True,False,True,False
validation_face_table_router,1154,1154,1154,2.0,2,2.0,0.000517750158905983,1,4000,False,True,False,True,False
validation_face_table_router,1154,1154,1154,2.0,2,2.0,0.002361416118219495,1,4000,False,True,False,True,False
validation_face_table_router,4354,4354,4354,2.0,2,2.0,0.0006858340930193663,1,4000,False,True,False,True,False
validation_face_table_router,1154,1154,1154,2.0,2,2.0,0.0008072920609265566,1,4000,False,True,False,True,False
validation_face_table_router,1154,1154,1154,2.0,2,2.0,0.0003838338889181614,1,4000,False,True,False,True,False
validation_face_table_router,4354,4354,4354,2.0,2,2.0,0.0006888329517096281,1,4000,False,True,False,True,False
validation_face_table_router,1154,1154,1154,2.0,2,2.0,0.0004865420050919056,1,4000,False,True,False,True,False
validation_face_table_router,1154,1154,1154,2.0,2,2.0,0.0007760410662740469,1,4000,False,True,False,True,False
validation_face_table_router,1154,1154,1154,2.0,2,2.0,0.00044733285903930664,1,4000,False,True,False,True,False
validation_face_table_router,1154,1154,1154,2.0,2,2.0,0.00040087499655783176,1,4000,False,True,False,True,False
validation_face_table_router,4354,4354,4354,2.0,2,2.0,0.0006965831853449345,1,4000,False,True,False,True,False
validation_face_table_router,4354,4354,4354,2.0,2,2.0,0.0007177079096436501,1,4000,False,True,False,True,False
validation_face_table_router,1154,1154,1154,2.0,2,2.0,0.0005449580494314432,1,4000,False,True,False,True,False
validation_face_table_router,4354,4354,4354,2.0,2,2.0,0.0007648330647498369,1,4000,False,True,False,True,False
validation_face_table_router,4354,4354,4354,2.0,2,2.0,0.0007727919146418571,1,4000,False,True,False,True,False
validation_face_table_router,4354,4354,4354,2.0,2,2.0,0.0007632079068571329,1,4000,False,True,False,True,False
validation_face_table_router,1154,1154,1154,2.0,2,2.0,0.0003939580637961626,1,4000,False,True,False,True,False
validation_face_table_router,4354,4354,4354,2.0,2,2.0,0.0007579999510198832,1,4000,False,True,False,True,False
validation_face_table_router,1154,1154,1154,2.0,2,2.0,0.000719957984983921,1,4000,False,True,False,True,False
validation_face_table_router,1154,1154,1154,2.0,2,2.0,0.0009489168878644705,1,4000,False,True,False,True,False
validation_face_table_router,1154,1154,1154,2.0,2,2.0,0.0003929159138351679,1,4000,False,True,False,True,False
validation_face_table_router,4354,4354,4354,2.0,2,2.0,0.000714167021214962,1,4000,False,True,False,True,False
validation_face_table_router,1154,1154,1154,2.0,2,2.0,0.0004253750666975975,1,4000,False,True,False,True,False
validation_face_table_router,1154,1154,1154,2.0,2,2.0,0.0005177089478820562,1,4000,False,True,False,True,False
validation_face_table_router,4354,4354,4354,2.0,2,2.0,0.001099082874134183,1,4000,False,True,False,True,False
validation_face_table_router,4354,4354,4354,2.0,2,2.0,0.0007752918172627687,1,4000,False,True,False,True,False
validation_face_table_router,4354,4354,4354,2.0,2,2.0,0.0007086670957505703,1,4000,False,True,False,True,False
validation_face_table_router,4354,4354,4354,2.0,2,2.0,0.0007354589179158211,1,4000,False,True,False,True,False
validation_face_table_router,4354,4354,4354,2.0,2,2.0,0.000670708017423749,1,4000,False,True,False,True,False
validation_face_table_router,1154,1154,1154,2.0,2,2.0,0.0005497920792549849,1,4000,False,True,False,True,False
validation_global_branch_selector,4354,4354,4354,2.0,2,2.0,0.0007409169338643551,1,4000,False,True,False,True,False
validation_global_branch_selector,4354,4354,4354,2.0,2,2.0,0.000844583148136735,1,4000,False,True,False,True,False
validation_global_branch_selector,4354,4354,4354,2.0,2,2.0,0.00112362508662045,1,4000,False,True,False,True,False
validation_global_branch_selector,1154,1154,1154,2.0,2,2.0,0.0004429998807609081,1,4000,False,True,False,True,False
validation_global_branch_selector,4354,4354,4354,2.0,2,2.0,0.0007029578555375338,1,4000,False,True,False,True,False
validation_global_branch_selector,1154,1154,1154,2.0,2,2.0,0.0005299579352140427,1,4000,False,True,False,True,False
validation_global_branch_selector,1154,1154,1154,2.0,2,2.0,0.0004886251408606768,1,4000,False,True,False,True,False
validation_global_branch_selector,1154,1154,1154,2.0,2,2.0,0.0004779999144375324,1,4000,False,True,False,True,False
validation_global_branch_selector,1154,1154,1154,2.0,2,2.0,0.002966166939586401,1,4000,False,True,False,True,False
validation_global_branch_selector,4354,4354,4354,2.0,2,2.0,0.0007862078491598368,1,4000,False,True,False,True,False
validation_global_branch_selector,1154,1154,1154,2.0,2,2.0,0.0005318329203873873,1,4000,False,True,False,True,False
validation_global_branch_selector,1154,1154,1154,2.0,2,2.0,0.0005157501436769962,1,4000,False,True,False,True,False
validation_global_branch_selector,1154,1154,1154,2.0,2,2.0,0.00044495915062725544,1,4000,False,True,False,True,False
validation_global_branch_selector,1154,1154,1154,2.0,2,2.0,0.0005420830566436052,1,4000,False,True,False,True,False
validation_global_branch_selector,1154,1154,1154,2.0,2,2.0,0.00039062509313225746,1,4000,False,True,False,True,False
validation_global_branch_selector,4354,4354,4354,2.0,2,2.0,0.0006618748884648085,1,4000,False,True,False,True,False
validation_global_branch_selector,4354,4354,4354,2.0,2,2.0,0.0008108329493552446,1,4000,False,True,False,True,False
validation_global_branch_selector,4354,4354,4354,2.0,2,2.0,0.0006703338585793972,1,4000,False,True,False,True,False
validation_global_branch_selector,1154,1154,1154,2.0,2,2.0,0.00040616700425744057,1,4000,False,True,False,True,False
validation_global_branch_selector,1154,1154,1154,2.0,2,2.0,0.0010222080163657665,1,4000,False,True,False,True,False
validation_global_branch_selector,1154,1154,1154,2.0,2,2.0,0.00048266700468957424,1,4000,False,True,False,True,False
validation_global_branch_selector,4354,4354,4354,2.0,2,2.0,0.0006619167979806662,1,4000,False,True,False,True,False
validation_global_branch_selector,4354,4354,4354,2.0,2,2.0,0.000738582806661725,1,4000,False,True,False,True,False
validation_global_branch_selector,1154,1154,1154,2.0,2,2.0,0.0004920000210404396,1,4000,False,True,False,True,False
validation_global_branch_selector,1154,1154,1154,2.0,2,2.0,0.0004949169233441353,1,4000,False,True,False,True,False
validation_global_branch_selector,1154,1154,1154,2.0,2,2.0,0.00039587519131600857,1,4000,False,True,False,True,False
validation_global_branch_selector,1154,1154,1154,2.0,2,2.0,0.0005449580494314432,1,4000,False,True,False,True,False
validation_global_branch_selector,1154,1154,1154,2.0,2,2.0,0.0003983748611062765,1,4000,False,True,False,True,False
validation_global_branch_selector,4354,4354,4354,2.0,2,2.0,0.0006941249594092369,1,4000,False,True,False,True,False
validation_global_branch_selector,1154,1154,1154,2.0,2,2.0,0.0009662499651312828,1,4000,False,True,False,True,False
validation_global_branch_selector,1154,1154,1154,2.0,2,2.0,0.0004433749709278345,1,4000,False,True,False,True,False
validation_global_branch_selector,1154,1154,1154,2.0,2,2.0,0.000522624934092164,1,4000,False,True,False,True,False
validation_global_branch_selector,1154,1154,1154,2.0,2,2.0,0.0004326249472796917,1,4000,False,True,False,True,False
validation_global_branch_selector,1154,1154,1154,2.0,2,2.0,0.000434833113104105,1,4000,False,True,False,True,False
validation_global_branch_selector,1154,1154,1154,2.0,2,2.0,0.00047566695138812065,1,4000,False,True,False,True,False
validation_global_branch_selector,1154,1154,1154,2.0,2,2.0,0.0004916670732200146,1,4000,False,True,False,True,False
validation_global_branch_selector,1154,1154,1154,2.0,2,2.0,0.0008024999406188726,1,4000,False,True,False,True,False
validation_global_branch_selector,1154,1154,1154,2.0,2,2.0,0.000395291019231081,1,4000,False,True,False,True,False
validation_global_branch_selector,4354,4354,4354,2.0,2,2.0,0.0006664579268544912,1,4000,False,True,False,True,False
validation_global_branch_selector,4354,4354,4354,2.0,2,2.0,0.0007337499409914017,1,4000,False,True,False,True,False
validation_global_branch_selector,4354,4354,4354,2.0,2,2.0,0.0006810829509049654,1,4000,False,True,False,True,False
validation_global_branch_selector,1154,1154,1154,2.0,2,2.0,0.0004020840860903263,1,4000,False,True,False,True,False
validation_global_branch_selector,4354,4354,4354,2.0,2,2.0,0.000659500015899539,1,4000,False,True,False,True,False
validation_global_branch_selector,4354,4354,4354,2.0,2,2.0,0.0008762499783188105,1,4000,False,True,False,True,False
validation_global_branch_selector,1154,1154,1154,2.0,2,2.0,0.0007057080511003733,1,4000,False,True,False,True,False
validation_global_branch_selector,1154,1154,1154,2.0,2,2.0,0.00048774993047118187,1,4000,False,True,False,True,False
validation_global_branch_selector,4354,4354,4354,2.0,2,2.0,0.0006858748383820057,1,4000,False,True,False,True,False
validation_global_branch_selector,4354,4354,4354,2.0,2,2.0,0.0007379578892141581,1,4000,False,True,False,True,False
validation_global_branch_selector,4354,4354,4354,2.0,2,2.0,0.000686833867803216,1,4000,False,True,False,True,False
validation_global_branch_selector,1154,1154,1154,2.0,2,2.0,0.0003954581916332245,1,4000,False,True,False,True,False
validation_global_branch_selector,1154,1154,1154,2.0,2,2.0,0.0007084999233484268,1,4000,False,True,False,True,False
validation_global_branch_selector,4354,4354,4354,2.0,2,2.0,0.0006887500640004873,1,4000,False,True,False,True,False
validation_global_branch_selector,4354,4354,4354,2.0,2,2.0,0.0007575831841677427,1,4000,False,True,False,True,False
validation_global_branch_selector,4354,4354,4354,2.0,2,2.0,0.0007529999129474163,1,4000,False,True,False,True,False
validation_global_branch_selector,1154,1154,1154,2.0,2,2.0,0.00040920800529420376,1,4000,False,True,False,True,False
validation_global_branch_selector,1154,1154,1154,2.0,2,2.0,0.0003987499512732029,1,4000,False,True,False,True,False
validation_global_branch_selector,4354,4354,4354,2.0,2,2.0,0.0007336251437664032,1,4000,False,True,False,True,False
validation_global_branch_selector,4354,4354,4354,2.0,2,2.0,0.0006851251237094402,1,4000,False,True,False,True,False
validation_global_branch_selector,1154,1154,1154,2.0,2,2.0,0.00038291700184345245,1,4000,False,True,False,True,False
validation_global_branch_selector,1154,1154,1154,2.0,2,2.0,0.0004850418772548437,1,4000,False,True,False,True,False
validation_global_branch_selector,1154,1154,1154,2.0,2,2.0,0.00042954180389642715,1,4000,False,True,False,True,False
validation_global_branch_selector,1154,1154,1154,2.0,2,2.0,0.0007881668861955404,1,4000,False,True,False,True,False
validation_global_branch_selector,4354,4354,4354,2.0,2,2.0,0.00066791707649827,1,4000,False,True,False,True,False
validation_global_branch_selector,1154,1154,1154,2.0,2,2.0,0.00040483404882252216,1,4000,False,True,False,True,False
validation_global_branch_selector,4354,4354,4354,2.0,2,2.0,0.0009242920204997063,1,4000,False,True,False,True,False
validation_global_branch_selector,4354,4354,4354,2.0,2,2.0,0.0007082920055836439,1,4000,False,True,False,True,False
validation_global_branch_selector,4354,4354,4354,2.0,2,2.0,0.0007154580671340227,1,4000,False,True,False,True,False
validation_global_branch_selector,1154,1154,1154,2.0,2,2.0,0.00079774996265769,1,4000,False,True,False,True,False
validation_global_branch_selector,1154,1154,1154,2.0,2,2.0,0.0005152500234544277,1,4000,False,True,False,True,False
validation_global_branch_selector,1154,1154,1154,2.0,2,2.0,0.0004534588661044836,1,4000,False,True,False,True,False
validation_global_branch_selector,1154,1154,1154,2.0,2,2.0,0.0004640419501811266,1,4000,False,True,False,True,False
validation_global_branch_selector,1154,1154,1154,2.0,2,2.0,0.0005773340817540884,1,4000,False,True,False,True,False
validation_global_branch_selector,1154,1154,1154,2.0,2,2.0,0.0004884169902652502,1,4000,False,True,False,True,False
validation_global_branch_selector,4354,4354,4354,2.0,2,2.0,0.0006719580851495266,1,4000,False,True,False,True,False
validation_global_branch_selector,4354,4354,4354,2.0,2,2.0,0.0007412079721689224,1,4000,False,True,False,True,False
validation_global_branch_selector,1154,1154,1154,2.0,2,2.0,0.00039254198782145977,1,4000,False,True,False,True,False
validation_global_branch_selector,4354,4354,4354,2.0,2,2.0,0.0007350000087171793,1,4000,False,True,False,True,False
validation_global_branch_selector,1154,1154,1154,2.0,2,2.0,0.0003885410260409117,1,4000,False,True,False,True,False
validation_global_branch_selector,1154,1154,1154,2.0,2,2.0,0.0008595827966928482,1,4000,False,True,False,True,False
validation_global_branch_selector,1154,1154,1154,2.0,2,2.0,0.00041741691529750824,1,4000,False,True,False,True,False
validation_global_branch_selector,4354,4354,4354,2.0,2,2.0,0.000762708019465208,1,4000,False,True,False,True,False
validation_global_branch_selector,1154,1154,1154,2.0,2,2.0,0.000610999995842576,1,4000,False,True,False,True,False
validation_global_branch_selector,1154,1154,1154,2.0,2,2.0,0.0004141249228268862,1,4000,False,True,False,True,False
validation_global_branch_selector,4354,4354,4354,2.0,2,2.0,0.0007682498544454575,1,4000,False,True,False,True,False
validation_global_branch_selector,4354,4354,4354,2.0,2,2.0,0.0006822501309216022,1,4000,False,True,False,True,False
validation_global_branch_selector,4354,4354,4354,2.0,2,2.0,0.0006864999886602163,1,4000,False,True,False,True,False
validation_global_branch_selector,4354,4354,4354,2.0,2,2.0,0.0006867919582873583,1,4000,False,True,False,True,False
validation_global_branch_selector,1154,1154,1154,2.0,2,2.0,0.00046845804899930954,1,4000,False,True,False,True,False
validation_global_branch_selector,4354,4354,4354,2.0,2,2.0,0.0008237911388278008,1,4000,False,True,False,True,False
validation_global_branch_selector,4354,4354,4354,2.0,2,2.0,0.0009374590590596199,1,4000,False,True,False,True,False
validation_global_branch_selector,1154,1154,1154,2.0,2,2.0,0.0004290828946977854,1,4000,False,True,False,True,False
validation_global_branch_selector,1154,1154,1154,2.0,2,2.0,0.0007097499910742044,1,4000,False,True,False,True,False
validation_global_branch_selector,4354,4354,4354,2.0,2,2.0,0.0007384591735899448,1,4000,False,True,False,True,False
validation_global_branch_selector,1154,1154,1154,2.0,2,2.0,0.00046675000339746475,1,4000,False,True,False,True,False
validation_global_branch_selector,1154,1154,1154,2.0,2,2.0,0.0005692089907824993,1,4000,False,True,False,True,False
validation_global_branch_selector,4354,4354,4354,2.0,2,2.0,0.0007554171606898308,1,4000,False,True,False,True,False
validation_global_branch_selector,1154,1154,1154,2.0,2,2.0,0.000450249994173646,1,4000,False,True,False,True,False
validation_global_branch_selector,1154,1154,1154,2.0,2,2.0,0.00047870795242488384,1,4000,False,True,False,True,False
validation_global_branch_selector,1154,1154,1154,2.0,2,2.0,0.00044937501661479473,1,4000,False,True,False,True,False
validation_global_branch_selector,1154,1154,1154,2.0,2,2.0,0.0005228330846875906,1,4000,False,True,False,True,False
validation_global_branch_selector,1154,1154,1154,2.0,2,2.0,0.00047500012442469597,1,4000,False,True,False,True,False
validation_global_branch_selector,1154,1154,1154,2.0,2,2.0,0.0004172499757260084,1,4000,False,True,False,True,False
validation_global_branch_selector,1154,1154,1154,2.0,2,2.0,0.0004944168031215668,1,4000,False,True,False,True,False
validation_global_branch_selector,1154,1154,1154,2.0,2,2.0,0.0006719578523188829,1,4000,False,True,False,True,False
validation_global_branch_selector,4354,4354,4354,2.0,2,2.0,0.0007487500552088022,1,4000,False,True,False,True,False
validation_global_branch_selector,1154,1154,1154,2.0,2,2.0,0.00044091721065342426,1,4000,False,True,False,True,False
validation_global_branch_selector,4354,4354,4354,2.0,2,2.0,0.000734749948605895,1,4000,False,True,False,True,False
validation_global_branch_selector,4354,4354,4354,2.0,2,2.0,0.0006920830346643925,1,4000,False,True,False,True,False
validation_global_branch_selector,1154,1154,1154,2.0,2,2.0,0.0005283330101519823,1,4000,False,True,False,True,False
validation_global_branch_selector,4354,4354,4354,2.0,2,2.0,0.000768749974668026,1,4000,False,True,False,True,False
validation_global_branch_selector,1154,1154,1154,2.0,2,2.0,0.0004897918552160263,1,4000,False,True,False,True,False
validation_global_branch_selector,4354,4354,4354,2.0,2,2.0,0.0007120410446077585,1,4000,False,True,False,True,False
validation_global_branch_selector,4354,4354,4354,2.0,2,2.0,0.0006637498736381531,1,4000,False,True,False,True,False
validation_global_branch_selector,4354,4354,4354,2.0,2,2.0,0.0006740419194102287,1,4000,False,True,False,True,False
validation_global_branch_selector,1154,1154,1154,2.0,2,2.0,0.00040916609577834606,1,4000,False,True,False,True,False
validation_global_branch_selector,1154,1154,1154,2.0,2,2.0,0.0005010419990867376,1,4000,False,True,False,True,False
validation_global_branch_selector,1154,1154,1154,2.0,2,2.0,0.0005018338561058044,1,4000,False,True,False,True,False
validation_global_branch_selector,4354,4354,4354,2.0,2,2.0,0.0006956669967621565,1,4000,False,True,False,True,False
validation_global_branch_selector,4354,4354,4354,2.0,2,2.0,0.0006978341843932867,1,4000,False,True,False,True,False
validation_global_branch_selector,4354,4354,4354,2.0,2,2.0,0.001070207916200161,1,4000,False,True,False,True,False
validation_global_branch_selector,1154,1154,1154,2.0,2,2.0,0.000417834147810936,1,4000,False,True,False,True,False
validation_global_branch_selector,1154,1154,1154,2.0,2,2.0,0.0005169159267097712,1,4000,False,True,False,True,False
validation_global_branch_selector,4354,4354,4354,2.0,2,2.0,0.0007704999297857285,1,4000,False,True,False,True,False
validation_global_branch_selector,4354,4354,4354,2.0,2,2.0,0.0006896669510751963,1,4000,False,True,False,True,False
validation_global_branch_selector,4354,4354,4354,2.0,2,2.0,0.0007219589315354824,1,4000,False,True,False,True,False
validation_global_branch_selector,1154,1154,1154,2.0,2,2.0,0.00046862498857080936,1,4000,False,True,False,True,False
validation_global_branch_selector,4354,4354,4354,2.0,2,2.0,0.0007459169719368219,1,4000,False,True,False,True,False
validation_global_branch_selector,4354,4354,4354,2.0,2,2.0,0.0007325420156121254,1,4000,False,True,False,True,False
validation_global_branch_selector,1154,1154,1154,2.0,2,2.0,0.0004064161330461502,1,4000,False,True,False,True,False
validation_global_branch_selector,4354,4354,4354,2.0,2,2.0,0.0006804999429732561,1,4000,False,True,False,True,False
validation_global_branch_selector,4354,4354,4354,2.0,2,2.0,0.0006897079292684793,1,4000,False,True,False,True,False
validation_global_branch_selector,4354,4354,4354,2.0,2,2.0,0.0006691250018775463,1,4000,False,True,False,True,False
validation_global_branch_selector,4354,4354,4354,2.0,2,2.0,0.0007549580186605453,1,4000,False,True,False,True,False
validation_global_branch_selector,1154,1154,1154,2.0,2,2.0,0.00039237504824995995,1,4000,False,True,False,True,False
validation_global_branch_selector,4354,4354,4354,2.0,2,2.0,0.0007944998797029257,1,4000,False,True,False,True,False
validation_global_branch_selector,1154,1154,1154,2.0,2,2.0,0.0009447501506656408,1,4000,False,True,False,True,False
validation_global_branch_selector,1154,1154,1154,2.0,2,2.0,0.0005227499641478062,1,4000,False,True,False,True,False
validation_global_branch_selector,4354,4354,4354,2.0,2,2.0,0.0007502920925617218,1,4000,False,True,False,True,False
validation_global_branch_selector,4354,4354,4354,2.0,2,2.0,0.0030672079883515835,1,4000,False,True,False,True,False
validation_global_branch_selector,4354,4354,4354,2.0,2,2.0,0.0006677499040961266,1,4000,False,True,False,True,False
validation_global_branch_selector,1154,1154,1154,2.0,2,2.0,0.00041887490078806877,1,4000,False,True,False,True,False
validation_global_branch_selector,4354,4354,4354,2.0,2,2.0,0.0006992090493440628,1,4000,False,True,False,True,False
validation_global_branch_selector,4354,4354,4354,2.0,2,2.0,0.0006888329517096281,1,4000,False,True,False,True,False
validation_global_branch_selector,4354,4354,4354,2.0,2,2.0,0.0006642080843448639,1,4000,False,True,False,True,False
validation_global_branch_selector,1154,1154,1154,2.0,2,2.0,0.00046479213051497936,1,4000,False,True,False,True,False
validation_global_branch_selector,4354,4354,4354,2.0,2,2.0,0.0006897500716149807,1,4000,False,True,False,True,False
validation_global_branch_selector,1154,1154,1154,2.0,2,2.0,0.0005670411046594381,1,4000,False,True,False,True,False
validation_global_branch_selector,4354,4354,4354,2.0,2,2.0,0.0007040409836918116,1,4000,False,True,False,True,False
validation_global_branch_selector,4354,4354,4354,2.0,2,2.0,0.0006734998896718025,1,4000,False,True,False,True,False
validation_global_branch_selector,4354,4354,4354,2.0,2,2.0,0.0006756249349564314,1,4000,False,True,False,True,False
validation_global_branch_selector,4354,4354,4354,2.0,2,2.0,0.0007145840208977461,1,4000,False,True,False,True,False
validation_global_branch_selector,4354,4354,4354,2.0,2,2.0,0.0007117921486496925,1,4000,False,True,False,True,False
validation_global_branch_selector,1154,1154,1154,2.0,2,2.0,0.0003905422054231167,1,4000,False,True,False,True,False
validation_global_branch_selector,4354,4354,4354,2.0,2,2.0,0.0007492080330848694,1,4000,False,True,False,True,False
validation_global_branch_selector,4354,4354,4354,2.0,2,2.0,0.0016094171442091465,1,4000,False,True,False,True,False
validation_global_branch_selector,4354,4354,4354,2.0,2,2.0,0.0006793339271098375,1,4000,False,True,False,True,False
validation_global_branch_selector,4354,4354,4354,2.0,2,2.0,0.0007294591050595045,1,4000,False,True,False,True,False
validation_global_branch_selector,4354,4354,4354,2.0,2,2.0,0.0006657920312136412,1,4000,False,True,False,True,False
validation_global_branch_selector,4354,4354,4354,2.0,2,2.0,0.0010598748922348022,1,4000,False,True,False,True,False
validation_global_branch_selector,1154,1154,1154,2.0,2,2.0,0.000558875035494566,1,4000,False,True,False,True,False
validation_global_branch_selector,4354,4354,4354,2.0,2,2.0,0.000713790999725461,1,4000,False,True,False,True,False
validation_global_branch_selector,4354,4354,4354,2.0,2,2.0,0.0007050421554595232,1,4000,False,True,False,True,False
validation_global_branch_selector,1154,1154,1154,2.0,2,2.0,0.000931750051677227,1,4000,False,True,False,True,False
validation_global_branch_selector,1154,1154,1154,2.0,2,2.0,0.00044237496331334114,1,4000,False,True,False,True,False
validation_global_branch_selector,1154,1154,1154,2.0,2,2.0,0.0004690829664468765,1,4000,False,True,False,True,False
validation_global_branch_selector,4354,4354,4354,2.0,2,2.0,0.0011009171139448881,1,4000,False,True,False,True,False
validation_global_branch_selector,4354,4354,4354,2.0,2,2.0,0.018611583160236478,1,4000,False,True,False,True,False
validation_global_branch_selector,1154,1154,1154,2.0,2,2.0,0.0004312919918447733,1,4000,False,True,False,True,False
validation_global_branch_selector,1154,1154,1154,2.0,2,2.0,0.0003987918607890606,1,4000,False,True,False,True,False
validation_global_branch_selector,1154,1154,1154,2.0,2,2.0,0.000499499961733818,1,4000,False,True,False,True,False
validation_global_branch_selector,4354,4354,4354,2.0,2,2.0,0.0007002500351518393,1,4000,False,True,False,True,False
validation_global_branch_selector,4354,4354,4354,2.0,2,2.0,0.0007833330892026424,1,4000,False,True,False,True,False
validation_global_branch_selector,4354,4354,4354,2.0,2,2.0,0.0006626660469919443,1,4000,False,True,False,True,False
validation_global_branch_selector,4354,4354,4354,2.0,2,2.0,0.0008191249798983335,1,4000,False,True,False,True,False
validation_global_branch_selector,4354,4354,4354,2.0,2,2.0,0.0007029168773442507,1,4000,False,True,False,True,False
validation_global_branch_selector,1154,1154,1154,2.0,2,2.0,0.000848167110234499,1,4000,False,True,False,True,False
validation_global_branch_selector,4354,4354,4354,2.0,2,2.0,0.0008590421639382839,1,4000,False,True,False,True,False
validation_global_branch_selector,4354,4354,4354,2.0,2,2.0,0.0006920420564711094,1,4000,False,True,False,True,False
wrong_context_control,4354,4354,4354,2.0,2,2.0,0.0006734998896718025,1,4000,False,True,False,False,False
wrong_context_control,4354,4354,4354,2.0,2,2.0,0.0007480829954147339,1,4000,False,True,False,False,False
wrong_context_control,4354,4354,4354,2.0,2,2.0,0.0006868750788271427,1,4000,False,True,False,False,False
wrong_context_control,1154,1154,1154,2.0,2,2.0,0.0007159160450100899,1,4000,False,True,False,False,False
wrong_context_control,4354,4354,4354,2.0,2,2.0,0.0007096249610185623,1,4000,False,True,False,False,False
wrong_context_control,1154,1154,1154,2.0,2,2.0,0.0015559999737888575,1,4000,False,True,False,False,False
wrong_context_control,4354,4354,4354,2.0,2,2.0,0.0008260828908532858,1,4000,False,True,False,False,False
wrong_context_control,4354,4354,4354,2.0,2,2.0,0.0007076668553054333,1,4000,False,True,False,False,False
wrong_context_control,1154,1154,1154,2.0,2,2.0,0.0005208328366279602,1,4000,False,True,False,False,False
wrong_context_control,1154,1154,1154,2.0,2,2.0,0.000570832984521985,1,4000,False,True,False,False,False
wrong_context_control,1154,1154,1154,2.0,2,2.0,0.00040120910853147507,1,4000,False,True,False,False,False
wrong_context_control,1154,1154,1154,2.0,2,2.0,0.0003879170399159193,1,4000,False,True,False,False,False
wrong_context_control,1154,1154,1154,2.0,2,2.0,0.00045745912939310074,1,4000,False,True,False,False,False
wrong_context_control,1154,1154,1154,2.0,2,2.0,0.0005627500358968973,1,4000,False,True,False,False,False
wrong_context_control,1154,1154,1154,2.0,2,2.0,0.0004417079035192728,1,4000,False,True,False,False,False
wrong_context_control,4354,4354,4354,2.0,2,2.0,0.0007159169763326645,1,4000,False,True,False,False,False
wrong_context_control,1154,1154,1154,2.0,2,2.0,0.0004469580017030239,1,4000,False,True,False,False,False
wrong_context_control,1154,1154,1154,2.0,2,2.0,0.00045579206198453903,1,4000,False,True,False,False,False
wrong_context_control,4354,4354,4354,2.0,2,2.0,0.0007280409336090088,1,4000,False,True,False,False,False
wrong_context_control,1154,1154,1154,2.0,2,2.0,0.000444167060777545,1,4000,False,True,False,False,False
wrong_context_control,4354,4354,4354,2.0,2,2.0,0.0007610421162098646,1,4000,False,True,False,False,False
wrong_context_control,1154,1154,1154,2.0,2,2.0,0.0004116250202059746,1,4000,False,True,False,False,False
wrong_context_control,4354,4354,4354,2.0,2,2.0,0.0013807089999318123,1,4000,False,True,False,False,False
wrong_context_control,4354,4354,4354,2.0,2,2.0,0.000674624927341938,1,4000,False,True,False,False,False
wrong_context_control,4354,4354,4354,2.0,2,2.0,0.0020169999916106462,1,4000,False,True,False,False,False
wrong_context_control,4354,4354,4354,2.0,2,2.0,0.0008299578912556171,1,4000,False,True,False,False,False
wrong_context_control,1154,1154,1154,2.0,2,2.0,0.0004568749573081732,1,4000,False,True,False,False,False
wrong_context_control,4354,4354,4354,2.0,2,2.0,0.0008188341744244099,1,4000,False,True,False,False,False
wrong_context_control,1154,1154,1154,2.0,2,2.0,0.00046712509356439114,1,4000,False,True,False,False,False
wrong_context_control,4354,4354,4354,2.0,2,2.0,0.000700291944667697,1,4000,False,True,False,False,False
wrong_context_control,1154,1154,1154,2.0,2,2.0,0.000380166107788682,1,4000,False,True,False,False,False
wrong_context_control,4354,4354,4354,2.0,2,2.0,0.0007295000832527876,1,4000,False,True,False,False,False
wrong_context_control,4354,4354,4354,2.0,2,2.0,0.0007351660169661045,1,4000,False,True,False,False,False
wrong_context_control,1154,1154,1154,2.0,2,2.0,0.0004997910000383854,1,4000,False,True,False,False,False
wrong_context_control,4354,4354,4354,2.0,2,2.0,0.0007944591343402863,1,4000,False,True,False,False,False
wrong_context_control,1154,1154,1154,2.0,2,2.0,0.0005789168644696474,1,4000,False,True,False,False,False
wrong_context_control,4354,4354,4354,2.0,2,2.0,0.0008106669411063194,1,4000,False,True,False,False,False
wrong_context_control,4354,4354,4354,2.0,2,2.0,0.000793208135291934,1,4000,False,True,False,False,False
wrong_context_control,4354,4354,4354,2.0,2,2.0,0.0006910830270498991,1,4000,False,True,False,False,False
wrong_context_control,1154,1154,1154,2.0,2,2.0,0.0003996251616626978,1,4000,False,True,False,False,False
wrong_context_control,4354,4354,4354,2.0,2,2.0,0.0007409169338643551,1,4000,False,True,False,False,False
wrong_context_control,4354,4354,4354,2.0,2,2.0,0.0006848329212516546,1,4000,False,True,False,False,False
wrong_context_control,4354,4354,4354,2.0,2,2.0,0.0006722088437527418,1,4000,False,True,False,False,False
wrong_context_control,4354,4354,4354,2.0,2,2.0,0.0007085420656949282,1,4000,False,True,False,False,False
wrong_context_control,4354,4354,4354,2.0,2,2.0,0.0007543750107288361,1,4000,False,True,False,False,False
wrong_context_control,1154,1154,1154,2.0,2,2.0,0.0005031249020248652,1,4000,False,True,False,False,False
wrong_context_control,1154,1154,1154,2.0,2,2.0,0.00046008313074707985,1,4000,False,True,False,False,False
wrong_context_control,1154,1154,1154,2.0,2,2.0,0.000729291932657361,1,4000,False,True,False,False,False
wrong_context_control,1154,1154,1154,2.0,2,2.0,0.0003989171236753464,1,4000,False,True,False,False,False
wrong_context_control,4354,4354,4354,2.0,2,2.0,0.0009330417960882187,1,4000,False,True,False,False,False
wrong_context_control,4354,4354,4354,2.0,2,2.0,0.000694249989464879,1,4000,False,True,False,False,False
wrong_context_control,1154,1154,1154,2.0,2,2.0,0.00045904098078608513,1,4000,False,True,False,False,False
wrong_context_control,4354,4354,4354,2.0,2,2.0,0.0006888750940561295,1,4000,False,True,False,False,False
wrong_context_control,1154,1154,1154,2.0,2,2.0,0.0015019169077277184,1,4000,False,True,False,False,False
wrong_context_control,1154,1154,1154,2.0,2,2.0,0.00038599991239607334,1,4000,False,True,False,False,False
wrong_context_control,4354,4354,4354,2.0,2,2.0,0.0007780001033097506,1,4000,False,True,False,False,False
wrong_context_control,4354,4354,4354,2.0,2,2.0,0.0007301671430468559,1,4000,False,True,False,False,False
wrong_context_control,1154,1154,1154,2.0,2,2.0,0.0004450830165296793,1,4000,False,True,False,False,False
wrong_context_control,1154,1154,1154,2.0,2,2.0,0.0004566248971968889,1,4000,False,True,False,False,False
wrong_context_control,4354,4354,4354,2.0,2,2.0,0.000722500029951334,1,4000,False,True,False,False,False
wrong_context_control,4354,4354,4354,2.0,2,2.0,0.0006862499285489321,1,4000,False,True,False,False,False
wrong_context_control,1154,1154,1154,2.0,2,2.0,0.0004456250462681055,1,4000,False,True,False,False,False
wrong_context_control,1154,1154,1154,2.0,2,2.0,0.0004759998992085457,1,4000,False,True,False,False,False
wrong_context_control,4354,4354,4354,2.0,2,2.0,0.0006612499710172415,1,4000,False,True,False,False,False
wrong_context_control,1154,1154,1154,2.0,2,2.0,0.0004896249156445265,1,4000,False,True,False,False,False
wrong_context_control,1154,1154,1154,2.0,2,2.0,0.0004237079992890358,1,4000,False,True,False,False,False
wrong_context_control,1154,1154,1154,2.0,2,2.0,0.0003714580088853836,1,4000,False,True,False,False,False
wrong_context_control,1154,1154,1154,2.0,2,2.0,0.0004302500747144222,1,4000,False,True,False,False,False
wrong_context_control,4354,4354,4354,2.0,2,2.0,0.0007761251181364059,1,4000,False,True,False,False,False
wrong_context_control,4354,4354,4354,2.0,2,2.0,0.0007067499682307243,1,4000,False,True,False,False,False
wrong_context_control,1154,1154,1154,2.0,2,2.0,0.0005485829897224903,1,4000,False,True,False,False,False
wrong_context_control,1154,1154,1154,2.0,2,2.0,0.0004373330157250166,1,4000,False,True,False,False,False
wrong_context_control,1154,1154,1154,2.0,2,2.0,0.0004255829844623804,1,4000,False,True,False,False,False
wrong_context_control,4354,4354,4354,2.0,2,2.0,0.0006985000800341368,1,4000,False,True,False,False,False
wrong_context_control,4354,4354,4354,2.0,2,2.0,0.0007472920697182417,1,4000,False,True,False,False,False
wrong_context_control,4354,4354,4354,2.0,2,2.0,0.000665667001157999,1,4000,False,True,False,False,False
wrong_context_control,1154,1154,1154,2.0,2,2.0,0.0004481249488890171,1,4000,False,True,False,False,False
wrong_context_control,4354,4354,4354,2.0,2,2.0,0.0007575829513370991,1,4000,False,True,False,False,False
wrong_context_control,4354,4354,4354,2.0,2,2.0,0.000819208100438118,1,4000,False,True,False,False,False
wrong_context_control,1154,1154,1154,2.0,2,2.0,0.0005387500859797001,1,4000,False,True,False,False,False
wrong_context_control,4354,4354,4354,2.0,2,2.0,0.0007672919891774654,1,4000,False,True,False,False,False
wrong_context_control,1154,1154,1154,2.0,2,2.0,0.0005595418624579906,1,4000,False,True,False,False,False
wrong_context_control,1154,1154,1154,2.0,2,2.0,0.00041795801371335983,1,4000,False,True,False,False,False
wrong_context_control,1154,1154,1154,2.0,2,2.0,0.00039558415301144123,1,4000,False,True,False,False,False
wrong_context_control,4354,4354,4354,2.0,2,2.0,0.0008210418745875359,1,4000,False,True,False,False,False
wrong_context_control,4354,4354,4354,2.0,2,2.0,0.0007079578936100006,1,4000,False,True,False,False,False
wrong_context_control,1154,1154,1154,2.0,2,2.0,0.0005071251653134823,1,4000,False,True,False,False,False
wrong_context_control,1154,1154,1154,2.0,2,2.0,0.0005088329780846834,1,4000,False,True,False,False,False
wrong_context_control,4354,4354,4354,2.0,2,2.0,0.0007381669711321592,1,4000,False,True,False,False,False
wrong_context_control,4354,4354,4354,2.0,2,2.0,0.000675625167787075,1,4000,False,True,False,False,False
wrong_context_control,1154,1154,1154,2.0,2,2.0,0.0003794159274548292,1,4000,False,True,False,False,False
wrong_context_control,1154,1154,1154,2.0,2,2.0,0.00048099993728101254,1,4000,False,True,False,False,False
wrong_context_control,1154,1154,1154,2.0,2,2.0,0.00038275006227195263,1,4000,False,True,False,False,False
wrong_context_control,1154,1154,1154,2.0,2,2.0,0.0005379579961299896,1,4000,False,True,False,False,False
wrong_context_control,4354,4354,4354,2.0,2,2.0,0.000660833902657032,1,4000,False,True,False,False,False
wrong_context_control,4354,4354,4354,2.0,2,2.0,0.000747250160202384,1,4000,False,True,False,False,False
wrong_context_control,4354,4354,4354,2.0,2,2.0,0.0007388750091195107,1,4000,False,True,False,False,False
wrong_context_control,4354,4354,4354,2.0,2,2.0,0.0006885831244289875,1,4000,False,True,False,False,False
wrong_context_control,1154,1154,1154,2.0,2,2.0,0.0006159588228911161,1,4000,False,True,False,False,False
wrong_context_control,4354,4354,4354,2.0,2,2.0,0.000739875016734004,1,4000,False,True,False,False,False
wrong_context_control,4354,4354,4354,2.0,2,2.0,0.0019506660755723715,1,4000,False,True,False,False,False
wrong_context_control,4354,4354,4354,2.0,2,2.0,0.0006815001834183931,1,4000,False,True,False,False,False
wrong_context_control,4354,4354,4354,2.0,2,2.0,0.000687791034579277,1,4000,False,True,False,False,False
wrong_context_control,1154,1154,1154,2.0,2,2.0,0.0003992090933024883,1,4000,False,True,False,False,False
wrong_context_control,4354,4354,4354,2.0,2,2.0,0.0007867920212447643,1,4000,False,True,False,False,False
wrong_context_control,1154,1154,1154,2.0,2,2.0,0.0004897080361843109,1,4000,False,True,False,False,False
wrong_context_control,1154,1154,1154,2.0,2,2.0,0.00044033280573785305,1,4000,False,True,False,False,False
wrong_context_control,4354,4354,4354,2.0,2,2.0,0.0006963750347495079,1,4000,False,True,False,False,False
wrong_context_control,1154,1154,1154,2.0,2,2.0,0.0004910831339657307,1,4000,False,True,False,False,False
wrong_context_control,1154,1154,1154,2.0,2,2.0,0.0004497920162975788,1,4000,False,True,False,False,False
wrong_context_control,1154,1154,1154,2.0,2,2.0,0.00038341712206602097,1,4000,False,True,False,False,False
wrong_context_control,4354,4354,4354,2.0,2,2.0,0.0006957498844712973,1,4000,False,True,False,False,False
wrong_context_control,1154,1154,1154,2.0,2,2.0,0.0005148749332875013,1,4000,False,True,False,False,False
wrong_context_control,1154,1154,1154,2.0,2,2.0,0.0005270419642329216,1,4000,False,True,False,False,False
wrong_context_control,4354,4354,4354,2.0,2,2.0,0.0006777499802410603,1,4000,False,True,False,False,False
wrong_context_control,1154,1154,1154,2.0,2,2.0,0.0003875421825796366,1,4000,False,True,False,False,False
wrong_context_control,4354,4354,4354,2.0,2,2.0,0.0006882078014314175,1,4000,False,True,False,False,False
wrong_context_control,1154,1154,1154,2.0,2,2.0,0.00039900001138448715,1,4000,False,True,False,False,False
wrong_context_control,4354,4354,4354,2.0,2,2.0,0.0007666659075766802,1,4000,False,True,False,False,False
wrong_context_control,4354,4354,4354,2.0,2,2.0,0.0006926250644028187,1,4000,False,True,False,False,False
wrong_context_control,1154,1154,1154,2.0,2,2.0,0.00048054102808237076,1,4000,False,True,False,False,False
wrong_context_control,4354,4354,4354,2.0,2,2.0,0.0010979159269481897,1,4000,False,True,False,False,False
wrong_context_control,1154,1154,1154,2.0,2,2.0,0.0011963748838752508,1,4000,False,True,False,False,False
wrong_context_control,1154,1154,1154,2.0,2,2.0,0.0005784172099083662,1,4000,False,True,False,False,False
wrong_context_control,1154,1154,1154,2.0,2,2.0,0.0005090839695185423,1,4000,False,True,False,False,False
wrong_context_control,4354,4354,4354,2.0,2,2.0,0.0006958330050110817,1,4000,False,True,False,False,False
wrong_context_control,4354,4354,4354,2.0,2,2.0,0.0006896660197526217,1,4000,False,True,False,False,False
wrong_context_control,1154,1154,1154,2.0,2,2.0,0.00048295920714735985,1,4000,False,True,False,False,False
wrong_context_control,1154,1154,1154,2.0,2,2.0,0.00045991619117558,1,4000,False,True,False,False,False
wrong_context_control,4354,4354,4354,2.0,2,2.0,0.0009350411128252745,1,4000,False,True,False,False,False
wrong_context_control,1154,1154,1154,2.0,2,2.0,0.00044354191049933434,1,4000,False,True,False,False,False
wrong_context_control,1154,1154,1154,2.0,2,2.0,0.000422916142269969,1,4000,False,True,False,False,False
wrong_context_control,1154,1154,1154,2.0,2,2.0,0.0003735420759767294,1,4000,False,True,False,False,False
wrong_context_control,1154,1154,1154,2.0,2,2.0,0.0005120420828461647,1,4000,False,True,False,False,False
wrong_context_control,4354,4354,4354,2.0,2,2.0,0.000687834108248353,1,4000,False,True,False,False,False
wrong_context_control,1154,1154,1154,2.0,2,2.0,0.0004835000727325678,1,4000,False,True,False,False,False
wrong_context_control,4354,4354,4354,2.0,2,2.0,0.0007316248957067728,1,4000,False,True,False,False,False
wrong_context_control,4354,4354,4354,2.0,2,2.0,0.0006682500243186951,1,4000,False,True,False,False,False
wrong_context_control,1154,1154,1154,2.0,2,2.0,0.0004801249597221613,1,4000,False,True,False,False,False
wrong_context_control,4354,4354,4354,2.0,2,2.0,0.0007227079477161169,1,4000,False,True,False,False,False
wrong_context_control,1154,1154,1154,2.0,2,2.0,0.00048658414743840694,1,4000,False,True,False,False,False
wrong_context_control,1154,1154,1154,2.0,2,2.0,0.0003816660027951002,1,4000,False,True,False,False,False
wrong_context_control,1154,1154,1154,2.0,2,2.0,0.0005371249280869961,1,4000,False,True,False,False,False
wrong_context_control,4354,4354,4354,2.0,2,2.0,0.0006842080038040876,1,4000,False,True,False,False,False
wrong_context_control,4354,4354,4354,2.0,2,2.0,0.0006999161560088396,1,4000,False,True,False,False,False
wrong_context_control,4354,4354,4354,2.0,2,2.0,0.0006696670316159725,1,4000,False,True,False,False,False
wrong_context_control,1154,1154,1154,2.0,2,2.0,0.0004536248743534088,1,4000,False,True,False,False,False
wrong_context_control,4354,4354,4354,2.0,2,2.0,0.0006923337932676077,1,4000,False,True,False,False,False
wrong_context_control,4354,4354,4354,2.0,2,2.0,0.0007032500579953194,1,4000,False,True,False,False,False
wrong_context_control,1154,1154,1154,2.0,2,2.0,0.00048241694457829,1,4000,False,True,False,False,False
wrong_context_control,4354,4354,4354,2.0,2,2.0,0.0007317080162465572,1,4000,False,True,False,False,False
wrong_context_control,4354,4354,4354,2.0,2,2.0,0.0007502920925617218,1,4000,False,True,False,False,False
wrong_context_control,4354,4354,4354,2.0,2,2.0,0.0006925419438630342,1,4000,False,True,False,False,False
wrong_context_control,1154,1154,1154,2.0,2,2.0,0.00038979086093604565,1,4000,False,True,False,False,False
wrong_context_control,4354,4354,4354,2.0,2,2.0,0.0007285419851541519,1,4000,False,True,False,False,False
wrong_context_control,1154,1154,1154,2.0,2,2.0,0.004103041952475905,1,4000,False,True,False,False,False
wrong_context_control,4354,4354,4354,2.0,2,2.0,0.0006875840481370687,1,4000,False,True,False,False,False
wrong_context_control,4354,4354,4354,2.0,2,2.0,0.0009332499466836452,1,4000,False,True,False,False,False
wrong_context_control,4354,4354,4354,2.0,2,2.0,0.0006917498540133238,1,4000,False,True,False,False,False
wrong_context_control,1154,1154,1154,2.0,2,2.0,0.0004274998791515827,1,4000,False,True,False,False,False
wrong_context_control,1154,1154,1154,2.0,2,2.0,0.000543458154425025,1,4000,False,True,False,False,False
wrong_context_control,4354,4354,4354,2.0,2,2.0,0.0011134170927107334,1,4000,False,True,False,False,False
wrong_context_control,1154,1154,1154,2.0,2,2.0,0.0003879580181092024,1,4000,False,True,False,False,False
wrong_context_control,1154,1154,1154,2.0,2,2.0,0.00070583401247859,1,4000,False,True,False,False,False
wrong_context_control,1154,1154,1154,2.0,2,2.0,0.0004191671032458544,1,4000,False,True,False,False,False
wrong_context_control,4354,4354,4354,2.0,2,2.0,0.0006681662052869797,1,4000,False,True,False,False,False
wrong_context_control,1154,1154,1154,2.0,2,2.0,0.00045654200948774815,1,4000,False,True,False,False,False
wrong_context_control,1154,1154,1154,2.0,2,2.0,0.0004049998242408037,1,4000,False,True,False,False,False
wrong_context_control,1154,1154,1154,2.0,2,2.0,0.0003972079139202833,1,4000,False,True,False,False,False
wrong_context_control,4354,4354,4354,2.0,2,2.0,0.0022984580136835575,1,4000,False,True,False,False,False
wrong_context_control,1154,1154,1154,2.0,2,2.0,0.00045700022019445896,1,4000,False,True,False,False,False
wrong_context_control,1154,1154,1154,2.0,2,2.0,0.0006240420043468475,1,4000,False,True,False,False,False
wrong_context_control,4354,4354,4354,2.0,2,2.0,0.0007652922067791224,1,4000,False,True,False,False,False
wrong_context_control,4354,4354,4354,2.0,2,2.0,0.0007618330419063568,1,4000,False,True,False,False,False
wrong_context_control,1154,1154,1154,2.0,2,2.0,0.000496207969263196,1,4000,False,True,False,False,False
wrong_context_control,4354,4354,4354,2.0,2,2.0,0.0007058330811560154,1,4000,False,True,False,False,False
wrong_context_control,1154,1154,1154,2.0,2,2.0,0.0004330000374466181,1,4000,False,True,False,False,False
wrong_context_control,4354,4354,4354,2.0,2,2.0,0.000748540973290801,1,4000,False,True,False,False,False
wrong_context_control,4354,4354,4354,2.0,2,2.0,0.0007637080270797014,1,4000,False,True,False,False,False
wrong_context_control,4354,4354,4354,2.0,2,2.0,0.000698041869327426,1,4000,False,True,False,False,False
wrong_twist_control,4354,4354,4354,2.0,2,2.0,0.0006731669418513775,1,4000,False,True,False,False,False
wrong_twist_control,1154,1154,1154,2.0,2,2.0,0.0004469999112188816,1,4000,False,True,False,False,False
wrong_twist_control,4354,4354,4354,2.0,2,2.0,0.0007414589636027813,1,4000,False,True,False,False,False
wrong_twist_control,4354,4354,4354,2.0,2,2.0,0.0007229170296341181,1,4000,False,True,False,False,False
wrong_twist_control,4354,4354,4354,2.0,2,2.0,0.0006802498828619719,1,4000,False,True,False,False,False
wrong_twist_control,4354,4354,4354,2.0,2,2.0,0.0007897908799350262,1,4000,False,True,False,False,False
wrong_twist_control,1154,1154,1154,2.0,2,2.0,0.0004848749376833439,1,4000,False,True,False,False,False
wrong_twist_control,4354,4354,4354,2.0,2,2.0,0.0007655001245439053,1,4000,False,True,False,False,False
wrong_twist_control,4354,4354,4354,2.0,2,2.0,0.0006834999658167362,1,4000,False,True,False,False,False
wrong_twist_control,4354,4354,4354,2.0,2,2.0,0.0006812501233071089,1,4000,False,True,False,False,False
wrong_twist_control,1154,1154,1154,2.0,2,2.0,0.0008670000825077295,1,4000,False,True,False,False,False
wrong_twist_control,4354,4354,4354,2.0,2,2.0,0.0009083331096917391,1,4000,False,True,False,False,False
wrong_twist_control,1154,1154,1154,2.0,2,2.0,0.00046504195779561996,1,4000,False,True,False,False,False
wrong_twist_control,4354,4354,4354,2.0,2,2.0,0.0007336249109357595,1,4000,False,True,False,False,False
wrong_twist_control,1154,1154,1154,2.0,2,2.0,0.000452833017334342,1,4000,False,True,False,False,False
wrong_twist_control,1154,1154,1154,2.0,2,2.0,0.00048658414743840694,1,4000,False,True,False,False,False
wrong_twist_control,1154,1154,1154,2.0,2,2.0,0.00039720884524285793,1,4000,False,True,False,False,False
wrong_twist_control,1154,1154,1154,2.0,2,2.0,0.00041091605089604855,1,4000,False,True,False,False,False
wrong_twist_control,1154,1154,1154,2.0,2,2.0,0.0005458749365061522,1,4000,False,True,False,False,False
wrong_twist_control,1154,1154,1154,2.0,2,2.0,0.000493000028654933,1,4000,False,True,False,False,False
wrong_twist_control,1154,1154,1154,2.0,2,2.0,0.0005294999573379755,1,4000,False,True,False,False,False
wrong_twist_control,1154,1154,1154,2.0,2,2.0,0.0004529578145593405,1,4000,False,True,False,False,False
wrong_twist_control,1154,1154,1154,2.0,2,2.0,0.0009091249667108059,1,4000,False,True,False,False,False
wrong_twist_control,1154,1154,1154,2.0,2,2.0,0.0004912079311907291,1,4000,False,True,False,False,False
wrong_twist_control,1154,1154,1154,2.0,2,2.0,0.0004687081091105938,1,4000,False,True,False,False,False
wrong_twist_control,1154,1154,1154,2.0,2,2.0,0.00046016694977879524,1,4000,False,True,False,False,False
wrong_twist_control,4354,4354,4354,2.0,2,2.0,0.0007849589455872774,1,4000,False,True,False,False,False
wrong_twist_control,1154,1154,1154,2.0,2,2.0,0.0004240411799401045,1,4000,False,True,False,False,False
wrong_twist_control,1154,1154,1154,2.0,2,2.0,0.00041737500578165054,1,4000,False,True,False,False,False
wrong_twist_control,4354,4354,4354,2.0,2,2.0,0.0006841670256108046,1,4000,False,True,False,False,False
wrong_twist_control,1154,1154,1154,2.0,2,2.0,0.001391666941344738,1,4000,False,True,False,False,False
wrong_twist_control,4354,4354,4354,2.0,2,2.0,0.0007927080150693655,1,4000,False,True,False,False,False
wrong_twist_control,4354,4354,4354,2.0,2,2.0,0.000665290979668498,1,4000,False,True,False,False,False
wrong_twist_control,1154,1154,1154,2.0,2,2.0,0.0005360420327633619,1,4000,False,True,False,False,False
wrong_twist_control,4354,4354,4354,2.0,2,2.0,0.000688167056068778,1,4000,False,True,False,False,False
wrong_twist_control,4354,4354,4354,2.0,2,2.0,0.0007026670500636101,1,4000,False,True,False,False,False
wrong_twist_control,4354,4354,4354,2.0,2,2.0,0.0007576248608529568,1,4000,False,True,False,False,False
wrong_twist_control,4354,4354,4354,2.0,2,2.0,0.0007174171041697264,1,4000,False,True,False,False,False
wrong_twist_control,1154,1154,1154,2.0,2,2.0,0.00042887497693300247,1,4000,False,True,False,False,False
wrong_twist_control,4354,4354,4354,2.0,2,2.0,0.0007628749590367079,1,4000,False,True,False,False,False
wrong_twist_control,1154,1154,1154,2.0,2,2.0,0.001623291987925768,1,4000,False,True,False,False,False
wrong_twist_control,4354,4354,4354,2.0,2,2.0,0.0007260830607265234,1,4000,False,True,False,False,False
wrong_twist_control,4354,4354,4354,2.0,2,2.0,0.000779084162786603,1,4000,False,True,False,False,False
wrong_twist_control,1154,1154,1154,2.0,2,2.0,0.00038366601802408695,1,4000,False,True,False,False,False
wrong_twist_control,4354,4354,4354,2.0,2,2.0,0.0006829160265624523,1,4000,False,True,False,False,False
wrong_twist_control,4354,4354,4354,2.0,2,2.0,0.0007223749998956919,1,4000,False,True,False,False,False
wrong_twist_control,1154,1154,1154,2.0,2,2.0,0.00041149999015033245,1,4000,False,True,False,False,False
wrong_twist_control,4354,4354,4354,2.0,2,2.0,0.0007072079461067915,1,4000,False,True,False,False,False
wrong_twist_control,1154,1154,1154,2.0,2,2.0,0.0004369171801954508,1,4000,False,True,False,False,False
wrong_twist_control,4354,4354,4354,2.0,2,2.0,0.0007004169747233391,1,4000,False,True,False,False,False
wrong_twist_control,1154,1154,1154,2.0,2,2.0,0.0003904160112142563,1,4000,False,True,False,False,False
wrong_twist_control,4354,4354,4354,2.0,2,2.0,0.0007572919130325317,1,4000,False,True,False,False,False
wrong_twist_control,1154,1154,1154,2.0,2,2.0,0.00041208392940461636,1,4000,False,True,False,False,False
wrong_twist_control,4354,4354,4354,2.0,2,2.0,0.0008885420393198729,1,4000,False,True,False,False,False
wrong_twist_control,1154,1154,1154,2.0,2,2.0,0.0006186668761074543,1,4000,False,True,False,False,False
wrong_twist_control,4354,4354,4354,2.0,2,2.0,0.0006937498692423105,1,4000,False,True,False,False,False
wrong_twist_control,4354,4354,4354,2.0,2,2.0,0.0006795420777052641,1,4000,False,True,False,False,False
wrong_twist_control,1154,1154,1154,2.0,2,2.0,0.00046166591346263885,1,4000,False,True,False,False,False
wrong_twist_control,1154,1154,1154,2.0,2,2.0,0.00042504211887717247,1,4000,False,True,False,False,False
wrong_twist_control,4354,4354,4354,2.0,2,2.0,0.0011616251431405544,1,4000,False,True,False,False,False
wrong_twist_control,4354,4354,4354,2.0,2,2.0,0.0006937501020729542,1,4000,False,True,False,False,False
wrong_twist_control,1154,1154,1154,2.0,2,2.0,0.0005600410513579845,1,4000,False,True,False,False,False
wrong_twist_control,1154,1154,1154,2.0,2,2.0,0.0004267089534550905,1,4000,False,True,False,False,False
wrong_twist_control,1154,1154,1154,2.0,2,2.0,0.00045312498696148396,1,4000,False,True,False,False,False
wrong_twist_control,4354,4354,4354,2.0,2,2.0,0.0008205000776797533,1,4000,False,True,False,False,False
wrong_twist_control,4354,4354,4354,2.0,2,2.0,0.0006870420183986425,1,4000,False,True,False,False,False
wrong_twist_control,1154,1154,1154,2.0,2,2.0,0.00038316682912409306,1,4000,False,True,False,False,False
wrong_twist_control,1154,1154,1154,2.0,2,2.0,0.00047174980863928795,1,4000,False,True,False,False,False
wrong_twist_control,1154,1154,1154,2.0,2,2.0,0.00043474999256432056,1,4000,False,True,False,False,False
wrong_twist_control,4354,4354,4354,2.0,2,2.0,0.0006622502114623785,1,4000,False,True,False,False,False
wrong_twist_control,1154,1154,1154,2.0,2,2.0,0.00038100010715425014,1,4000,False,True,False,False,False
wrong_twist_control,4354,4354,4354,2.0,2,2.0,0.0006872499361634254,1,4000,False,True,False,False,False
wrong_twist_control,4354,4354,4354,2.0,2,2.0,0.0007486660033464432,1,4000,False,True,False,False,False
wrong_twist_control,4354,4354,4354,2.0,2,2.0,0.0007025001104921103,1,4000,False,True,False,False,False
wrong_twist_control,4354,4354,4354,2.0,2,2.0,0.0007233330979943275,1,4000,False,True,False,False,False
wrong_twist_control,1154,1154,1154,2.0,2,2.0,0.00048225000500679016,1,4000,False,True,False,False,False
wrong_twist_control,1154,1154,1154,2.0,2,2.0,0.000397541094571352,1,4000,False,True,False,False,False
wrong_twist_control,4354,4354,4354,2.0,2,2.0,0.0006945421919226646,1,4000,False,True,False,False,False
wrong_twist_control,4354,4354,4354,2.0,2,2.0,0.0006864999886602163,1,4000,False,True,False,False,False
wrong_twist_control,4354,4354,4354,2.0,2,2.0,0.000685584032908082,1,4000,False,True,False,False,False
wrong_twist_control,1154,1154,1154,2.0,2,2.0,0.000394958071410656,1,4000,False,True,False,False,False
wrong_twist_control,4354,4354,4354,2.0,2,2.0,0.0007233328651636839,1,4000,False,True,False,False,False
wrong_twist_control,1154,1154,1154,2.0,2,2.0,0.0005174169782549143,1,4000,False,True,False,False,False
wrong_twist_control,4354,4354,4354,2.0,2,2.0,0.0006883339956402779,1,4000,False,True,False,False,False
wrong_twist_control,4354,4354,4354,2.0,2,2.0,0.0007124580442905426,1,4000,False,True,False,False,False
wrong_twist_control,1154,1154,1154,2.0,2,2.0,0.0005927910096943378,1,4000,False,True,False,False,False
wrong_twist_control,4354,4354,4354,2.0,2,2.0,0.0007311669178307056,1,4000,False,True,False,False,False
wrong_twist_control,1154,1154,1154,2.0,2,2.0,0.00039175013080239296,1,4000,False,True,False,False,False
wrong_twist_control,1154,1154,1154,2.0,2,2.0,0.0004293341189622879,1,4000,False,True,False,False,False
wrong_twist_control,1154,1154,1154,2.0,2,2.0,0.0005287500098347664,1,4000,False,True,False,False,False
wrong_twist_control,4354,4354,4354,2.0,2,2.0,0.0007169169839471579,1,4000,False,True,False,False,False
wrong_twist_control,1154,1154,1154,2.0,2,2.0,0.0033717090263962746,1,4000,False,True,False,False,False
wrong_twist_control,1154,1154,1154,2.0,2,2.0,0.0005528749898076057,1,4000,False,True,False,False,False
wrong_twist_control,4354,4354,4354,2.0,2,2.0,0.000696792034432292,1,4000,False,True,False,False,False
wrong_twist_control,1154,1154,1154,2.0,2,2.0,0.00043608294799923897,1,4000,False,True,False,False,False
wrong_twist_control,1154,1154,1154,2.0,2,2.0,0.0005174591206014156,1,4000,False,True,False,False,False
wrong_twist_control,1154,1154,1154,2.0,2,2.0,0.00040258304215967655,1,4000,False,True,False,False,False
wrong_twist_control,1154,1154,1154,2.0,2,2.0,0.00046483404003083706,1,4000,False,True,False,False,False
wrong_twist_control,4354,4354,4354,2.0,2,2.0,0.0007283750455826521,1,4000,False,True,False,False,False
wrong_twist_control,4354,4354,4354,2.0,2,2.0,0.0006791248451918364,1,4000,False,True,False,False,False
wrong_twist_control,1154,1154,1154,2.0,2,2.0,0.0005265420768409967,1,4000,False,True,False,False,False
wrong_twist_control,1154,1154,1154,2.0,2,2.0,0.00042937486432492733,1,4000,False,True,False,False,False
wrong_twist_control,1154,1154,1154,2.0,2,2.0,0.0006946669891476631,1,4000,False,True,False,False,False
wrong_twist_control,1154,1154,1154,2.0,2,2.0,0.0005243332125246525,1,4000,False,True,False,False,False
wrong_twist_control,1154,1154,1154,2.0,2,2.0,0.0004507501143962145,1,4000,False,True,False,False,False
wrong_twist_control,4354,4354,4354,2.0,2,2.0,0.0007673329673707485,1,4000,False,True,False,False,False
wrong_twist_control,4354,4354,4354,2.0,2,2.0,0.000725375022739172,1,4000,False,True,False,False,False
wrong_twist_control,1154,1154,1154,2.0,2,2.0,0.0004888330586254597,1,4000,False,True,False,False,False
wrong_twist_control,4354,4354,4354,2.0,2,2.0,0.0007340828888118267,1,4000,False,True,False,False,False
wrong_twist_control,4354,4354,4354,2.0,2,2.0,0.0008444171398878098,1,4000,False,True,False,False,False
wrong_twist_control,1154,1154,1154,2.0,2,2.0,0.0003839170094579458,1,4000,False,True,False,False,False
wrong_twist_control,1154,1154,1154,2.0,2,2.0,0.00046654208563268185,1,4000,False,True,False,False,False
wrong_twist_control,1154,1154,1154,2.0,2,2.0,0.00046883290633559227,1,4000,False,True,False,False,False
wrong_twist_control,4354,4354,4354,2.0,2,2.0,0.001012749969959259,1,4000,False,True,False,False,False
wrong_twist_control,4354,4354,4354,2.0,2,2.0,0.0029208750929683447,1,4000,False,True,False,False,False
wrong_twist_control,4354,4354,4354,2.0,2,2.0,0.002529290970414877,1,4000,False,True,False,False,False
wrong_twist_control,4354,4354,4354,2.0,2,2.0,0.0006827078759670258,1,4000,False,True,False,False,False
wrong_twist_control,4354,4354,4354,2.0,2,2.0,0.0007805419154465199,1,4000,False,True,False,False,False
wrong_twist_control,1154,1154,1154,2.0,2,2.0,0.0004058750346302986,1,4000,False,True,False,False,False
wrong_twist_control,4354,4354,4354,2.0,2,2.0,0.0007082079537212849,1,4000,False,True,False,False,False
wrong_twist_control,1154,1154,1154,2.0,2,2.0,0.0005152921658009291,1,4000,False,True,False,False,False
wrong_twist_control,4354,4354,4354,2.0,2,2.0,0.0007450829725712538,1,4000,False,True,False,False,False
wrong_twist_control,4354,4354,4354,2.0,2,2.0,0.0011453749611973763,1,4000,False,True,False,False,False
wrong_twist_control,1154,1154,1154,2.0,2,2.0,0.00038499990478157997,1,4000,False,True,False,False,False
wrong_twist_control,1154,1154,1154,2.0,2,2.0,0.0005554170347750187,1,4000,False,True,False,False,False
wrong_twist_control,1154,1154,1154,2.0,2,2.0,0.0004627080634236336,1,4000,False,True,False,False,False
wrong_twist_control,4354,4354,4354,2.0,2,2.0,0.0006998339667916298,1,4000,False,True,False,False,False
wrong_twist_control,4354,4354,4354,2.0,2,2.0,0.0007125828415155411,1,4000,False,True,False,False,False
wrong_twist_control,1154,1154,1154,2.0,2,2.0,0.0004443749785423279,1,4000,False,True,False,False,False
wrong_twist_control,4354,4354,4354,2.0,2,2.0,0.0007391248364001513,1,4000,False,True,False,False,False
wrong_twist_control,1154,1154,1154,2.0,2,2.0,0.00041799992322921753,1,4000,False,True,False,False,False
wrong_twist_control,1154,1154,1154,2.0,2,2.0,0.00046295905485749245,1,4000,False,True,False,False,False
wrong_twist_control,4354,4354,4354,2.0,2,2.0,0.000899583799764514,1,4000,False,True,False,False,False
wrong_twist_control,4354,4354,4354,2.0,2,2.0,0.0007497910410165787,1,4000,False,True,False,False,False
wrong_twist_control,1154,1154,1154,2.0,2,2.0,0.0006452500820159912,1,4000,False,True,False,False,False
wrong_twist_control,1154,1154,1154,2.0,2,2.0,0.0008067081216722727,1,4000,False,True,False,False,False
wrong_twist_control,1154,1154,1154,2.0,2,2.0,0.0004999160300940275,1,4000,False,True,False,False,False
wrong_twist_control,4354,4354,4354,2.0,2,2.0,0.0007929580751806498,1,4000,False,True,False,False,False
wrong_twist_control,4354,4354,4354,2.0,2,2.0,0.0006997501477599144,1,4000,False,True,False,False,False
wrong_twist_control,4354,4354,4354,2.0,2,2.0,0.00098641705699265,1,4000,False,True,False,False,False
wrong_twist_control,1154,1154,1154,2.0,2,2.0,0.0004288339987397194,1,4000,False,True,False,False,False
wrong_twist_control,1154,1154,1154,2.0,2,2.0,0.0009323339909315109,1,4000,False,True,False,False,False
wrong_twist_control,4354,4354,4354,2.0,2,2.0,0.0009839578997343779,1,4000,False,True,False,False,False
wrong_twist_control,4354,4354,4354,2.0,2,2.0,0.0010741250589489937,1,4000,False,True,False,False,False
wrong_twist_control,1154,1154,1154,2.0,2,2.0,0.0004094999749213457,1,4000,False,True,False,False,False
wrong_twist_control,1154,1154,1154,2.0,2,2.0,0.00045383395627141,1,4000,False,True,False,False,False
wrong_twist_control,1154,1154,1154,2.0,2,2.0,0.0004559578374028206,1,4000,False,True,False,False,False
wrong_twist_control,4354,4354,4354,2.0,2,2.0,0.0006665841210633516,1,4000,False,True,False,False,False
wrong_twist_control,1154,1154,1154,2.0,2,2.0,0.0005511248018592596,1,4000,False,True,False,False,False
wrong_twist_control,4354,4354,4354,2.0,2,2.0,0.0021935419645160437,1,4000,False,True,False,False,False
wrong_twist_control,4354,4354,4354,2.0,2,2.0,0.0007566658314317465,1,4000,False,True,False,False,False
wrong_twist_control,1154,1154,1154,2.0,2,2.0,0.0004907080437988043,1,4000,False,True,False,False,False
wrong_twist_control,4354,4354,4354,2.0,2,2.0,0.0007283331360667944,1,4000,False,True,False,False,False
wrong_twist_control,1154,1154,1154,2.0,2,2.0,0.00046224985271692276,1,4000,False,True,False,False,False
wrong_twist_control,4354,4354,4354,2.0,2,2.0,0.0007049581035971642,1,4000,False,True,False,False,False
wrong_twist_control,4354,4354,4354,2.0,2,2.0,0.0007148750592023134,1,4000,False,True,False,False,False
wrong_twist_control,1154,1154,1154,2.0,2,2.0,0.00046341586858034134,1,4000,False,True,False,False,False
wrong_twist_control,4354,4354,4354,2.0,2,2.0,0.0011740841437131166,1,4000,False,True,False,False,False
wrong_twist_control,4354,4354,4354,2.0,2,2.0,0.0006686248816549778,1,4000,False,True,False,False,False
wrong_twist_control,4354,4354,4354,2.0,2,2.0,0.0007662498392164707,1,4000,False,True,False,False,False
wrong_twist_control,1154,1154,1154,2.0,2,2.0,0.0005101659335196018,1,4000,False,True,False,False,False
wrong_twist_control,1154,1154,1154,2.0,2,2.0,0.000515208812430501,1,4000,False,True,False,False,False
wrong_twist_control,1154,1154,1154,2.0,2,2.0,0.0004344168119132519,1,4000,False,True,False,False,False
wrong_twist_control,4354,4354,4354,2.0,2,2.0,0.0006997499149292707,1,4000,False,True,False,False,False
wrong_twist_control,1154,1154,1154,2.0,2,2.0,0.0004915001336485147,1,4000,False,True,False,False,False
wrong_twist_control,4354,4354,4354,2.0,2,2.0,0.0007607501465827227,1,4000,False,True,False,False,False
wrong_twist_control,1154,1154,1154,2.0,2,2.0,0.0004922091029584408,1,4000,False,True,False,False,False
wrong_twist_control,1154,1154,1154,2.0,2,2.0,0.0005852500908076763,1,4000,False,True,False,False,False
wrong_twist_control,1154,1154,1154,2.0,2,2.0,0.0003718750085681677,1,4000,False,True,False,False,False
wrong_twist_control,4354,4354,4354,2.0,2,2.0,0.0007322500459849834,1,4000,False,True,False,False,False
wrong_twist_control,4354,4354,4354,2.0,2,2.0,0.0006831248756498098,1,4000,False,True,False,False,False
wrong_twist_control,1154,1154,1154,2.0,2,2.0,0.000484042102470994,1,4000,False,True,False,False,False
wrong_twist_control,1154,1154,1154,2.0,2,2.0,0.00038370885886251926,1,4000,False,True,False,False,False
wrong_twist_control,1154,1154,1154,2.0,2,2.0,0.0004208330065011978,1,4000,False,True,False,False,False
wrong_twist_control,4354,4354,4354,2.0,2,2.0,0.0007645420264452696,1,4000,False,True,False,False,False
wrong_twist_control,4354,4354,4354,2.0,2,2.0,0.0007596248760819435,1,4000,False,True,False,False,False
wrong_twist_control,4354,4354,4354,2.0,2,2.0,0.0010832501575350761,1,4000,False,True,False,False,False
wrong_twist_control,4354,4354,4354,2.0,2,2.0,0.0006719578523188829,1,4000,False,True,False,False,False
wrong_twist_control,4354,4354,4354,2.0,2,2.0,0.0007806660141795874,1,4000,False,True,False,False,False
