seed,layer,source,target,path_relation,method,selected,fit_residual,transport_validation_residual,transport_test_residual,condition_number,effective_rank,singular_value_spread,inverse_consistency,bootstrap_instability_mean,bootstrap_instability_ci_low,bootstrap_instability_ci_high
0,early,M0,M_A,forward_lineage,orthogonal_procrustes,True,3.551912222942939e-15,3.551977276745266e-15,3.56364106199874e-15,1.000000000000001,32,9.992007221626409e-16,5.02275342940024e-15,3.2126591791339275e-15,2.8757029229287345e-15,3.7664938350076996e-15
0,early,M0,M_A,forward_lineage,ridge_linear,False,2.49221653503345e-06,2.5755967671213495e-06,2.591069740211422e-06,1.0000362678380885,32,3.6266520366257105e-05,,,,
0,early,M0,M_A,forward_lineage,low_rank_residual,False,2.03908550477747e-06,2.123323337058196e-06,2.129862428279466e-06,1.0000363344024406,32,3.6333082299666586e-05,,,,
0,early,M0,M_A,forward_lineage,whitened_cca,False,4.203139640910901e-15,4.3285474304335826e-15,4.3143762155348915e-15,1.0000000000000286,32,2.853273173286652e-14,,,,
0,early,M_A,M0,reverse_lineage,orthogonal_procrustes,True,3.551912222942939e-15,3.551977276745266e-15,3.56364106199874e-15,1.000000000000001,32,9.992007221626409e-16,5.02275342940024e-15,3.2126591791339275e-15,2.8757029229287345e-15,3.7664938350076996e-15
0,early,M_A,M0,reverse_lineage,ridge_linear,False,2.49221653503345e-06,2.5755967671213495e-06,2.591069740211422e-06,1.0000362678380885,32,3.6266520366257105e-05,,,,
0,early,M_A,M0,reverse_lineage,low_rank_residual,False,2.03908550477747e-06,2.123323337058196e-06,2.129862428279466e-06,1.0000363344024406,32,3.6333082299666586e-05,,,,
0,early,M_A,M0,reverse_lineage,whitened_cca,False,4.203139640910901e-15,4.3285474304335826e-15,4.3143762155348915e-15,1.0000000000000286,32,2.853273173286652e-14,,,,
0,early,M0,M_B,forward_lineage,orthogonal_procrustes,True,3.551912222942939e-15,3.551977276745266e-15,3.56364106199874e-15,1.000000000000001,32,9.992007221626409e-16,5.02275342940024e-15,3.2126591791339275e-15,2.8757029229287345e-15,3.7664938350076996e-15
0,early,M0,M_B,forward_lineage,ridge_linear,False,2.49221653503345e-06,2.5755967671213495e-06,2.591069740211422e-06,1.0000362678380885,32,3.6266520366257105e-05,,,,
0,early,M0,M_B,forward_lineage,low_rank_residual,False,2.03908550477747e-06,2.123323337058196e-06,2.129862428279466e-06,1.0000363344024406,32,3.6333082299666586e-05,,,,
0,early,M0,M_B,forward_lineage,whitened_cca,False,4.203139640910901e-15,4.3285474304335826e-15,4.3143762155348915e-15,1.0000000000000286,32,2.853273173286652e-14,,,,
0,early,M_B,M0,reverse_lineage,orthogonal_procrustes,True,3.551912222942939e-15,3.551977276745266e-15,3.56364106199874e-15,1.000000000000001,32,9.992007221626409e-16,5.02275342940024e-15,3.2126591791339275e-15,2.8757029229287345e-15,3.7664938350076996e-15
0,early,M_B,M0,reverse_lineage,ridge_linear,False,2.49221653503345e-06,2.5755967671213495e-06,2.591069740211422e-06,1.0000362678380885,32,3.6266520366257105e-05,,,,
0,early,M_B,M0,reverse_lineage,low_rank_residual,False,2.03908550477747e-06,2.123323337058196e-06,2.129862428279466e-06,1.0000363344024406,32,3.6333082299666586e-05,,,,
0,early,M_B,M0,reverse_lineage,whitened_cca,False,4.203139640910901e-15,4.3285474304335826e-15,4.3143762155348915e-15,1.0000000000000286,32,2.853273173286652e-14,,,,
0,early,M0,M_C,forward_lineage,orthogonal_procrustes,True,3.551912222942939e-15,3.551977276745266e-15,3.56364106199874e-15,1.000000000000001,32,9.992007221626409e-16,5.02275342940024e-15,3.2126591791339275e-15,2.8757029229287345e-15,3.7664938350076996e-15
0,early,M0,M_C,forward_lineage,ridge_linear,False,2.49221653503345e-06,2.5755967671213495e-06,2.591069740211422e-06,1.0000362678380885,32,3.6266520366257105e-05,,,,
0,early,M0,M_C,forward_lineage,low_rank_residual,False,2.03908550477747e-06,2.123323337058196e-06,2.129862428279466e-06,1.0000363344024406,32,3.6333082299666586e-05,,,,
0,early,M0,M_C,forward_lineage,whitened_cca,False,4.203139640910901e-15,4.3285474304335826e-15,4.3143762155348915e-15,1.0000000000000286,32,2.853273173286652e-14,,,,
0,early,M_C,M0,reverse_lineage,orthogonal_procrustes,True,3.551912222942939e-15,3.551977276745266e-15,3.56364106199874e-15,1.000000000000001,32,9.992007221626409e-16,5.02275342940024e-15,3.2126591791339275e-15,2.8757029229287345e-15,3.7664938350076996e-15
0,early,M_C,M0,reverse_lineage,ridge_linear,False,2.49221653503345e-06,2.5755967671213495e-06,2.591069740211422e-06,1.0000362678380885,32,3.6266520366257105e-05,,,,
0,early,M_C,M0,reverse_lineage,low_rank_residual,False,2.03908550477747e-06,2.123323337058196e-06,2.129862428279466e-06,1.0000363344024406,32,3.6333082299666586e-05,,,,
0,early,M_C,M0,reverse_lineage,whitened_cca,False,4.203139640910901e-15,4.3285474304335826e-15,4.3143762155348915e-15,1.0000000000000286,32,2.853273173286652e-14,,,,
0,early,M_A,M_AB,forward_lineage,orthogonal_procrustes,True,3.551912222942939e-15,3.551977276745266e-15,3.56364106199874e-15,1.000000000000001,32,9.992007221626409e-16,5.02275342940024e-15,3.2126591791339275e-15,2.8757029229287345e-15,3.7664938350076996e-15
0,early,M_A,M_AB,forward_lineage,ridge_linear,False,2.49221653503345e-06,2.5755967671213495e-06,2.591069740211422e-06,1.0000362678380885,32,3.6266520366257105e-05,,,,
0,early,M_A,M_AB,forward_lineage,low_rank_residual,False,2.03908550477747e-06,2.123323337058196e-06,2.129862428279466e-06,1.0000363344024406,32,3.6333082299666586e-05,,,,
0,early,M_A,M_AB,forward_lineage,whitened_cca,False,4.203139640910901e-15,4.3285474304335826e-15,4.3143762155348915e-15,1.0000000000000286,32,2.853273173286652e-14,,,,
0,early,M_AB,M_A,reverse_lineage,orthogonal_procrustes,True,3.551912222942939e-15,3.551977276745266e-15,3.56364106199874e-15,1.000000000000001,32,9.992007221626409e-16,5.02275342940024e-15,3.2126591791339275e-15,2.8757029229287345e-15,3.7664938350076996e-15
0,early,M_AB,M_A,reverse_lineage,ridge_linear,False,2.49221653503345e-06,2.5755967671213495e-06,2.591069740211422e-06,1.0000362678380885,32,3.6266520366257105e-05,,,,
0,early,M_AB,M_A,reverse_lineage,low_rank_residual,False,2.03908550477747e-06,2.123323337058196e-06,2.129862428279466e-06,1.0000363344024406,32,3.6333082299666586e-05,,,,
0,early,M_AB,M_A,reverse_lineage,whitened_cca,False,4.203139640910901e-15,4.3285474304335826e-15,4.3143762155348915e-15,1.0000000000000286,32,2.853273173286652e-14,,,,
0,early,M_A,M_AC,forward_lineage,orthogonal_procrustes,True,3.551912222942939e-15,3.551977276745266e-15,3.56364106199874e-15,1.000000000000001,32,9.992007221626409e-16,5.02275342940024e-15,3.2126591791339275e-15,2.8757029229287345e-15,3.7664938350076996e-15
0,early,M_A,M_AC,forward_lineage,ridge_linear,False,2.49221653503345e-06,2.5755967671213495e-06,2.591069740211422e-06,1.0000362678380885,32,3.6266520366257105e-05,,,,
0,early,M_A,M_AC,forward_lineage,low_rank_residual,False,2.03908550477747e-06,2.123323337058196e-06,2.129862428279466e-06,1.0000363344024406,32,3.6333082299666586e-05,,,,
0,early,M_A,M_AC,forward_lineage,whitened_cca,False,4.203139640910901e-15,4.3285474304335826e-15,4.3143762155348915e-15,1.0000000000000286,32,2.853273173286652e-14,,,,
0,early,M_AC,M_A,reverse_lineage,orthogonal_procrustes,True,3.551912222942939e-15,3.551977276745266e-15,3.56364106199874e-15,1.000000000000001,32,9.992007221626409e-16,5.02275342940024e-15,3.2126591791339275e-15,2.8757029229287345e-15,3.7664938350076996e-15
0,early,M_AC,M_A,reverse_lineage,ridge_linear,False,2.49221653503345e-06,2.5755967671213495e-06,2.591069740211422e-06,1.0000362678380885,32,3.6266520366257105e-05,,,,
0,early,M_AC,M_A,reverse_lineage,low_rank_residual,False,2.03908550477747e-06,2.123323337058196e-06,2.129862428279466e-06,1.0000363344024406,32,3.6333082299666586e-05,,,,
0,early,M_AC,M_A,reverse_lineage,whitened_cca,False,4.203139640910901e-15,4.3285474304335826e-15,4.3143762155348915e-15,1.0000000000000286,32,2.853273173286652e-14,,,,
0,early,M_B,M_BA,forward_lineage,orthogonal_procrustes,True,3.551912222942939e-15,3.551977276745266e-15,3.56364106199874e-15,1.000000000000001,32,9.992007221626409e-16,5.02275342940024e-15,3.2126591791339275e-15,2.8757029229287345e-15,3.7664938350076996e-15
0,early,M_B,M_BA,forward_lineage,ridge_linear,False,2.49221653503345e-06,2.5755967671213495e-06,2.591069740211422e-06,1.0000362678380885,32,3.6266520366257105e-05,,,,
0,early,M_B,M_BA,forward_lineage,low_rank_residual,False,2.03908550477747e-06,2.123323337058196e-06,2.129862428279466e-06,1.0000363344024406,32,3.6333082299666586e-05,,,,
0,early,M_B,M_BA,forward_lineage,whitened_cca,False,4.203139640910901e-15,4.3285474304335826e-15,4.3143762155348915e-15,1.0000000000000286,32,2.853273173286652e-14,,,,
0,early,M_BA,M_B,reverse_lineage,orthogonal_procrustes,True,3.551912222942939e-15,3.551977276745266e-15,3.56364106199874e-15,1.000000000000001,32,9.992007221626409e-16,5.02275342940024e-15,3.2126591791339275e-15,2.8757029229287345e-15,3.7664938350076996e-15
0,early,M_BA,M_B,reverse_lineage,ridge_linear,False,2.49221653503345e-06,2.5755967671213495e-06,2.591069740211422e-06,1.0000362678380885,32,3.6266520366257105e-05,,,,
0,early,M_BA,M_B,reverse_lineage,low_rank_residual,False,2.03908550477747e-06,2.123323337058196e-06,2.129862428279466e-06,1.0000363344024406,32,3.6333082299666586e-05,,,,
0,early,M_BA,M_B,reverse_lineage,whitened_cca,False,4.203139640910901e-15,4.3285474304335826e-15,4.3143762155348915e-15,1.0000000000000286,32,2.853273173286652e-14,,,,
0,early,M_B,M_BC,forward_lineage,orthogonal_procrustes,True,3.551912222942939e-15,3.551977276745266e-15,3.56364106199874e-15,1.000000000000001,32,9.992007221626409e-16,5.02275342940024e-15,3.2126591791339275e-15,2.8757029229287345e-15,3.7664938350076996e-15
0,early,M_B,M_BC,forward_lineage,ridge_linear,False,2.49221653503345e-06,2.5755967671213495e-06,2.591069740211422e-06,1.0000362678380885,32,3.6266520366257105e-05,,,,
0,early,M_B,M_BC,forward_lineage,low_rank_residual,False,2.03908550477747e-06,2.123323337058196e-06,2.129862428279466e-06,1.0000363344024406,32,3.6333082299666586e-05,,,,
0,early,M_B,M_BC,forward_lineage,whitened_cca,False,4.203139640910901e-15,4.3285474304335826e-15,4.3143762155348915e-15,1.0000000000000286,32,2.853273173286652e-14,,,,
0,early,M_BC,M_B,reverse_lineage,orthogonal_procrustes,True,3.551912222942939e-15,3.551977276745266e-15,3.56364106199874e-15,1.000000000000001,32,9.992007221626409e-16,5.02275342940024e-15,3.2126591791339275e-15,2.8757029229287345e-15,3.7664938350076996e-15
0,early,M_BC,M_B,reverse_lineage,ridge_linear,False,2.49221653503345e-06,2.5755967671213495e-06,2.591069740211422e-06,1.0000362678380885,32,3.6266520366257105e-05,,,,
0,early,M_BC,M_B,reverse_lineage,low_rank_residual,False,2.03908550477747e-06,2.123323337058196e-06,2.129862428279466e-06,1.0000363344024406,32,3.6333082299666586e-05,,,,
0,early,M_BC,M_B,reverse_lineage,whitened_cca,False,4.203139640910901e-15,4.3285474304335826e-15,4.3143762155348915e-15,1.0000000000000286,32,2.853273173286652e-14,,,,
0,early,M_C,M_CA,forward_lineage,orthogonal_procrustes,True,3.551912222942939e-15,3.551977276745266e-15,3.56364106199874e-15,1.000000000000001,32,9.992007221626409e-16,5.02275342940024e-15,3.2126591791339275e-15,2.8757029229287345e-15,3.7664938350076996e-15
0,early,M_C,M_CA,forward_lineage,ridge_linear,False,2.49221653503345e-06,2.5755967671213495e-06,2.591069740211422e-06,1.0000362678380885,32,3.6266520366257105e-05,,,,
0,early,M_C,M_CA,forward_lineage,low_rank_residual,False,2.03908550477747e-06,2.123323337058196e-06,2.129862428279466e-06,1.0000363344024406,32,3.6333082299666586e-05,,,,
0,early,M_C,M_CA,forward_lineage,whitened_cca,False,4.203139640910901e-15,4.3285474304335826e-15,4.3143762155348915e-15,1.0000000000000286,32,2.853273173286652e-14,,,,
0,early,M_CA,M_C,reverse_lineage,orthogonal_procrustes,True,3.551912222942939e-15,3.551977276745266e-15,3.56364106199874e-15,1.000000000000001,32,9.992007221626409e-16,5.02275342940024e-15,3.2126591791339275e-15,2.8757029229287345e-15,3.7664938350076996e-15
0,early,M_CA,M_C,reverse_lineage,ridge_linear,False,2.49221653503345e-06,2.5755967671213495e-06,2.591069740211422e-06,1.0000362678380885,32,3.6266520366257105e-05,,,,
0,early,M_CA,M_C,reverse_lineage,low_rank_residual,False,2.03908550477747e-06,2.123323337058196e-06,2.129862428279466e-06,1.0000363344024406,32,3.6333082299666586e-05,,,,
0,early,M_CA,M_C,reverse_lineage,whitened_cca,False,4.203139640910901e-15,4.3285474304335826e-15,4.3143762155348915e-15,1.0000000000000286,32,2.853273173286652e-14,,,,
0,early,M_C,M_CB,forward_lineage,orthogonal_procrustes,True,3.551912222942939e-15,3.551977276745266e-15,3.56364106199874e-15,1.000000000000001,32,9.992007221626409e-16,5.02275342940024e-15,3.2126591791339275e-15,2.8757029229287345e-15,3.7664938350076996e-15
0,early,M_C,M_CB,forward_lineage,ridge_linear,False,2.49221653503345e-06,2.5755967671213495e-06,2.591069740211422e-06,1.0000362678380885,32,3.6266520366257105e-05,,,,
0,early,M_C,M_CB,forward_lineage,low_rank_residual,False,2.03908550477747e-06,2.123323337058196e-06,2.129862428279466e-06,1.0000363344024406,32,3.6333082299666586e-05,,,,
0,early,M_C,M_CB,forward_lineage,whitened_cca,False,4.203139640910901e-15,4.3285474304335826e-15,4.3143762155348915e-15,1.0000000000000286,32,2.853273173286652e-14,,,,
0,early,M_CB,M_C,reverse_lineage,orthogonal_procrustes,True,3.551912222942939e-15,3.551977276745266e-15,3.56364106199874e-15,1.000000000000001,32,9.992007221626409e-16,5.02275342940024e-15,3.2126591791339275e-15,2.8757029229287345e-15,3.7664938350076996e-15
0,early,M_CB,M_C,reverse_lineage,ridge_linear,False,2.49221653503345e-06,2.5755967671213495e-06,2.591069740211422e-06,1.0000362678380885,32,3.6266520366257105e-05,,,,
0,early,M_CB,M_C,reverse_lineage,low_rank_residual,False,2.03908550477747e-06,2.123323337058196e-06,2.129862428279466e-06,1.0000363344024406,32,3.6333082299666586e-05,,,,
0,early,M_CB,M_C,reverse_lineage,whitened_cca,False,4.203139640910901e-15,4.3285474304335826e-15,4.3143762155348915e-15,1.0000000000000286,32,2.853273173286652e-14,,,,
0,early,M_AB,M_ABC,forward_lineage,orthogonal_procrustes,True,3.551912222942939e-15,3.551977276745266e-15,3.56364106199874e-15,1.000000000000001,32,9.992007221626409e-16,5.02275342940024e-15,3.2126591791339275e-15,2.8757029229287345e-15,3.7664938350076996e-15
0,early,M_AB,M_ABC,forward_lineage,ridge_linear,False,2.49221653503345e-06,2.5755967671213495e-06,2.591069740211422e-06,1.0000362678380885,32,3.6266520366257105e-05,,,,
0,early,M_AB,M_ABC,forward_lineage,low_rank_residual,False,2.03908550477747e-06,2.123323337058196e-06,2.129862428279466e-06,1.0000363344024406,32,3.6333082299666586e-05,,,,
0,early,M_AB,M_ABC,forward_lineage,whitened_cca,False,4.203139640910901e-15,4.3285474304335826e-15,4.3143762155348915e-15,1.0000000000000286,32,2.853273173286652e-14,,,,
0,early,M_ABC,M_AB,reverse_lineage,orthogonal_procrustes,True,3.551912222942939e-15,3.551977276745266e-15,3.56364106199874e-15,1.000000000000001,32,9.992007221626409e-16,5.02275342940024e-15,3.2126591791339275e-15,2.8757029229287345e-15,3.7664938350076996e-15
0,early,M_ABC,M_AB,reverse_lineage,ridge_linear,False,2.49221653503345e-06,2.5755967671213495e-06,2.591069740211422e-06,1.0000362678380885,32,3.6266520366257105e-05,,,,
0,early,M_ABC,M_AB,reverse_lineage,low_rank_residual,False,2.03908550477747e-06,2.123323337058196e-06,2.129862428279466e-06,1.0000363344024406,32,3.6333082299666586e-05,,,,
0,early,M_ABC,M_AB,reverse_lineage,whitened_cca,False,4.203139640910901e-15,4.3285474304335826e-15,4.3143762155348915e-15,1.0000000000000286,32,2.853273173286652e-14,,,,
0,early,M_AC,M_ACB,forward_lineage,orthogonal_procrustes,True,3.551912222942939e-15,3.551977276745266e-15,3.56364106199874e-15,1.000000000000001,32,9.992007221626409e-16,5.02275342940024e-15,3.2126591791339275e-15,2.8757029229287345e-15,3.7664938350076996e-15
0,early,M_AC,M_ACB,forward_lineage,ridge_linear,False,2.49221653503345e-06,2.5755967671213495e-06,2.591069740211422e-06,1.0000362678380885,32,3.6266520366257105e-05,,,,
0,early,M_AC,M_ACB,forward_lineage,low_rank_residual,False,2.03908550477747e-06,2.123323337058196e-06,2.129862428279466e-06,1.0000363344024406,32,3.6333082299666586e-05,,,,
0,early,M_AC,M_ACB,forward_lineage,whitened_cca,False,4.203139640910901e-15,4.3285474304335826e-15,4.3143762155348915e-15,1.0000000000000286,32,2.853273173286652e-14,,,,
0,early,M_ACB,M_AC,reverse_lineage,orthogonal_procrustes,True,3.551912222942939e-15,3.551977276745266e-15,3.56364106199874e-15,1.000000000000001,32,9.992007221626409e-16,5.02275342940024e-15,3.2126591791339275e-15,2.8757029229287345e-15,3.7664938350076996e-15
0,early,M_ACB,M_AC,reverse_lineage,ridge_linear,False,2.49221653503345e-06,2.5755967671213495e-06,2.591069740211422e-06,1.0000362678380885,32,3.6266520366257105e-05,,,,
0,early,M_ACB,M_AC,reverse_lineage,low_rank_residual,False,2.03908550477747e-06,2.123323337058196e-06,2.129862428279466e-06,1.0000363344024406,32,3.6333082299666586e-05,,,,
0,early,M_ACB,M_AC,reverse_lineage,whitened_cca,False,4.203139640910901e-15,4.3285474304335826e-15,4.3143762155348915e-15,1.0000000000000286,32,2.853273173286652e-14,,,,
0,early,M_BA,M_BAC,forward_lineage,orthogonal_procrustes,True,3.551912222942939e-15,3.551977276745266e-15,3.56364106199874e-15,1.000000000000001,32,9.992007221626409e-16,5.02275342940024e-15,3.2126591791339275e-15,2.8757029229287345e-15,3.7664938350076996e-15
0,early,M_BA,M_BAC,forward_lineage,ridge_linear,False,2.49221653503345e-06,2.5755967671213495e-06,2.591069740211422e-06,1.0000362678380885,32,3.6266520366257105e-05,,,,
0,early,M_BA,M_BAC,forward_lineage,low_rank_residual,False,2.03908550477747e-06,2.123323337058196e-06,2.129862428279466e-06,1.0000363344024406,32,3.6333082299666586e-05,,,,
0,early,M_BA,M_BAC,forward_lineage,whitened_cca,False,4.203139640910901e-15,4.3285474304335826e-15,4.3143762155348915e-15,1.0000000000000286,32,2.853273173286652e-14,,,,
0,early,M_BAC,M_BA,reverse_lineage,orthogonal_procrustes,True,3.551912222942939e-15,3.551977276745266e-15,3.56364106199874e-15,1.000000000000001,32,9.992007221626409e-16,5.02275342940024e-15,3.2126591791339275e-15,2.8757029229287345e-15,3.7664938350076996e-15
0,early,M_BAC,M_BA,reverse_lineage,ridge_linear,False,2.49221653503345e-06,2.5755967671213495e-06,2.591069740211422e-06,1.0000362678380885,32,3.6266520366257105e-05,,,,
0,early,M_BAC,M_BA,reverse_lineage,low_rank_residual,False,2.03908550477747e-06,2.123323337058196e-06,2.129862428279466e-06,1.0000363344024406,32,3.6333082299666586e-05,,,,
0,early,M_BAC,M_BA,reverse_lineage,whitened_cca,False,4.203139640910901e-15,4.3285474304335826e-15,4.3143762155348915e-15,1.0000000000000286,32,2.853273173286652e-14,,,,
0,early,M_BC,M_BCA,forward_lineage,orthogonal_procrustes,True,3.551912222942939e-15,3.551977276745266e-15,3.56364106199874e-15,1.000000000000001,32,9.992007221626409e-16,5.02275342940024e-15,3.2126591791339275e-15,2.8757029229287345e-15,3.7664938350076996e-15
0,early,M_BC,M_BCA,forward_lineage,ridge_linear,False,2.49221653503345e-06,2.5755967671213495e-06,2.591069740211422e-06,1.0000362678380885,32,3.6266520366257105e-05,,,,
0,early,M_BC,M_BCA,forward_lineage,low_rank_residual,False,2.03908550477747e-06,2.123323337058196e-06,2.129862428279466e-06,1.0000363344024406,32,3.6333082299666586e-05,,,,
0,early,M_BC,M_BCA,forward_lineage,whitened_cca,False,4.203139640910901e-15,4.3285474304335826e-15,4.3143762155348915e-15,1.0000000000000286,32,2.853273173286652e-14,,,,
0,early,M_BCA,M_BC,reverse_lineage,orthogonal_procrustes,True,3.551912222942939e-15,3.551977276745266e-15,3.56364106199874e-15,1.000000000000001,32,9.992007221626409e-16,5.02275342940024e-15,3.2126591791339275e-15,2.8757029229287345e-15,3.7664938350076996e-15
0,early,M_BCA,M_BC,reverse_lineage,ridge_linear,False,2.49221653503345e-06,2.5755967671213495e-06,2.591069740211422e-06,1.0000362678380885,32,3.6266520366257105e-05,,,,
0,early,M_BCA,M_BC,reverse_lineage,low_rank_residual,False,2.03908550477747e-06,2.123323337058196e-06,2.129862428279466e-06,1.0000363344024406,32,3.6333082299666586e-05,,,,
0,early,M_BCA,M_BC,reverse_lineage,whitened_cca,False,4.203139640910901e-15,4.3285474304335826e-15,4.3143762155348915e-15,1.0000000000000286,32,2.853273173286652e-14,,,,
0,early,M_CA,M_CAB,forward_lineage,orthogonal_procrustes,True,3.551912222942939e-15,3.551977276745266e-15,3.56364106199874e-15,1.000000000000001,32,9.992007221626409e-16,5.02275342940024e-15,3.2126591791339275e-15,2.8757029229287345e-15,3.7664938350076996e-15
0,early,M_CA,M_CAB,forward_lineage,ridge_linear,False,2.49221653503345e-06,2.5755967671213495e-06,2.591069740211422e-06,1.0000362678380885,32,3.6266520366257105e-05,,,,
0,early,M_CA,M_CAB,forward_lineage,low_rank_residual,False,2.03908550477747e-06,2.123323337058196e-06,2.129862428279466e-06,1.0000363344024406,32,3.6333082299666586e-05,,,,
0,early,M_CA,M_CAB,forward_lineage,whitened_cca,False,4.203139640910901e-15,4.3285474304335826e-15,4.3143762155348915e-15,1.0000000000000286,32,2.853273173286652e-14,,,,
0,early,M_CAB,M_CA,reverse_lineage,orthogonal_procrustes,True,3.551912222942939e-15,3.551977276745266e-15,3.56364106199874e-15,1.000000000000001,32,9.992007221626409e-16,5.02275342940024e-15,3.2126591791339275e-15,2.8757029229287345e-15,3.7664938350076996e-15
0,early,M_CAB,M_CA,reverse_lineage,ridge_linear,False,2.49221653503345e-06,2.5755967671213495e-06,2.591069740211422e-06,1.0000362678380885,32,3.6266520366257105e-05,,,,
0,early,M_CAB,M_CA,reverse_lineage,low_rank_residual,False,2.03908550477747e-06,2.123323337058196e-06,2.129862428279466e-06,1.0000363344024406,32,3.6333082299666586e-05,,,,
0,early,M_CAB,M_CA,reverse_lineage,whitened_cca,False,4.203139640910901e-15,4.3285474304335826e-15,4.3143762155348915e-15,1.0000000000000286,32,2.853273173286652e-14,,,,
0,early,M_CB,M_CBA,forward_lineage,orthogonal_procrustes,True,3.551912222942939e-15,3.551977276745266e-15,3.56364106199874e-15,1.000000000000001,32,9.992007221626409e-16,5.02275342940024e-15,3.2126591791339275e-15,2.8757029229287345e-15,3.7664938350076996e-15
0,early,M_CB,M_CBA,forward_lineage,ridge_linear,False,2.49221653503345e-06,2.5755967671213495e-06,2.591069740211422e-06,1.0000362678380885,32,3.6266520366257105e-05,,,,
0,early,M_CB,M_CBA,forward_lineage,low_rank_residual,False,2.03908550477747e-06,2.123323337058196e-06,2.129862428279466e-06,1.0000363344024406,32,3.6333082299666586e-05,,,,
0,early,M_CB,M_CBA,forward_lineage,whitened_cca,False,4.203139640910901e-15,4.3285474304335826e-15,4.3143762155348915e-15,1.0000000000000286,32,2.853273173286652e-14,,,,
0,early,M_CBA,M_CB,reverse_lineage,orthogonal_procrustes,True,3.551912222942939e-15,3.551977276745266e-15,3.56364106199874e-15,1.000000000000001,32,9.992007221626409e-16,5.02275342940024e-15,3.2126591791339275e-15,2.8757029229287345e-15,3.7664938350076996e-15
0,early,M_CBA,M_CB,reverse_lineage,ridge_linear,False,2.49221653503345e-06,2.5755967671213495e-06,2.591069740211422e-06,1.0000362678380885,32,3.6266520366257105e-05,,,,
0,early,M_CBA,M_CB,reverse_lineage,low_rank_residual,False,2.03908550477747e-06,2.123323337058196e-06,2.129862428279466e-06,1.0000363344024406,32,3.6333082299666586e-05,,,,
0,early,M_CBA,M_CB,reverse_lineage,whitened_cca,False,4.203139640910901e-15,4.3285474304335826e-15,4.3143762155348915e-15,1.0000000000000286,32,2.853273173286652e-14,,,,
0,early,M_AB,M_B,loop_closing,orthogonal_procrustes,True,3.551912222942939e-15,3.551977276745266e-15,3.56364106199874e-15,1.000000000000001,32,9.992007221626409e-16,5.02275342940024e-15,3.2126591791339275e-15,2.8757029229287345e-15,3.7664938350076996e-15
0,early,M_AB,M_B,loop_closing,ridge_linear,False,2.49221653503345e-06,2.5755967671213495e-06,2.591069740211422e-06,1.0000362678380885,32,3.6266520366257105e-05,,,,
0,early,M_AB,M_B,loop_closing,low_rank_residual,False,2.03908550477747e-06,2.123323337058196e-06,2.129862428279466e-06,1.0000363344024406,32,3.6333082299666586e-05,,,,
0,early,M_AB,M_B,loop_closing,whitened_cca,False,4.203139640910901e-15,4.3285474304335826e-15,4.3143762155348915e-15,1.0000000000000286,32,2.853273173286652e-14,,,,
0,early,M_B,M_AB,loop_closing,orthogonal_procrustes,True,3.551912222942939e-15,3.551977276745266e-15,3.56364106199874e-15,1.000000000000001,32,9.992007221626409e-16,5.02275342940024e-15,3.2126591791339275e-15,2.8757029229287345e-15,3.7664938350076996e-15
0,early,M_B,M_AB,loop_closing,ridge_linear,False,2.49221653503345e-06,2.5755967671213495e-06,2.591069740211422e-06,1.0000362678380885,32,3.6266520366257105e-05,,,,
0,early,M_B,M_AB,loop_closing,low_rank_residual,False,2.03908550477747e-06,2.123323337058196e-06,2.129862428279466e-06,1.0000363344024406,32,3.6333082299666586e-05,,,,
0,early,M_B,M_AB,loop_closing,whitened_cca,False,4.203139640910901e-15,4.3285474304335826e-15,4.3143762155348915e-15,1.0000000000000286,32,2.853273173286652e-14,,,,
0,early,M_AC,M_C,loop_closing,orthogonal_procrustes,True,3.551912222942939e-15,3.551977276745266e-15,3.56364106199874e-15,1.000000000000001,32,9.992007221626409e-16,5.02275342940024e-15,3.2126591791339275e-15,2.8757029229287345e-15,3.7664938350076996e-15
0,early,M_AC,M_C,loop_closing,ridge_linear,False,2.49221653503345e-06,2.5755967671213495e-06,2.591069740211422e-06,1.0000362678380885,32,3.6266520366257105e-05,,,,
0,early,M_AC,M_C,loop_closing,low_rank_residual,False,2.03908550477747e-06,2.123323337058196e-06,2.129862428279466e-06,1.0000363344024406,32,3.6333082299666586e-05,,,,
0,early,M_AC,M_C,loop_closing,whitened_cca,False,4.203139640910901e-15,4.3285474304335826e-15,4.3143762155348915e-15,1.0000000000000286,32,2.853273173286652e-14,,,,
0,early,M_C,M_AC,loop_closing,orthogonal_procrustes,True,3.551912222942939e-15,3.551977276745266e-15,3.56364106199874e-15,1.000000000000001,32,9.992007221626409e-16,5.02275342940024e-15,3.2126591791339275e-15,2.8757029229287345e-15,3.7664938350076996e-15
0,early,M_C,M_AC,loop_closing,ridge_linear,False,2.49221653503345e-06,2.5755967671213495e-06,2.591069740211422e-06,1.0000362678380885,32,3.6266520366257105e-05,,,,
0,early,M_C,M_AC,loop_closing,low_rank_residual,False,2.03908550477747e-06,2.123323337058196e-06,2.129862428279466e-06,1.0000363344024406,32,3.6333082299666586e-05,,,,
0,early,M_C,M_AC,loop_closing,whitened_cca,False,4.203139640910901e-15,4.3285474304335826e-15,4.3143762155348915e-15,1.0000000000000286,32,2.853273173286652e-14,,,,
0,early,M_BC,M_C,loop_closing,orthogonal_procrustes,True,3.551912222942939e-15,3.551977276745266e-15,3.56364106199874e-15,1.000000000000001,32,9.992007221626409e-16,5.02275342940024e-15,3.2126591791339275e-15,2.8757029229287345e-15,3.7664938350076996e-15
0,early,M_BC,M_C,loop_closing,ridge_linear,False,2.49221653503345e-06,2.5755967671213495e-06,2.591069740211422e-06,1.0000362678380885,32,3.6266520366257105e-05,,,,
0,early,M_BC,M_C,loop_closing,low_rank_residual,False,2.03908550477747e-06,2.123323337058196e-06,2.129862428279466e-06,1.0000363344024406,32,3.6333082299666586e-05,,,,
0,early,M_BC,M_C,loop_closing,whitened_cca,False,4.203139640910901e-15,4.3285474304335826e-15,4.3143762155348915e-15,1.0000000000000286,32,2.853273173286652e-14,,,,
0,early,M_C,M_BC,loop_closing,orthogonal_procrustes,True,3.551912222942939e-15,3.551977276745266e-15,3.56364106199874e-15,1.000000000000001,32,9.992007221626409e-16,5.02275342940024e-15,3.2126591791339275e-15,2.8757029229287345e-15,3.7664938350076996e-15
0,early,M_C,M_BC,loop_closing,ridge_linear,False,2.49221653503345e-06,2.5755967671213495e-06,2.591069740211422e-06,1.0000362678380885,32,3.6266520366257105e-05,,,,
0,early,M_C,M_BC,loop_closing,low_rank_residual,False,2.03908550477747e-06,2.123323337058196e-06,2.129862428279466e-06,1.0000363344024406,32,3.6333082299666586e-05,,,,
0,early,M_C,M_BC,loop_closing,whitened_cca,False,4.203139640910901e-15,4.3285474304335826e-15,4.3143762155348915e-15,1.0000000000000286,32,2.853273173286652e-14,,,,
0,early,M_ABC,M_BAC,same_depth_closing,orthogonal_procrustes,True,3.551912222942939e-15,3.551977276745266e-15,3.56364106199874e-15,1.000000000000001,32,9.992007221626409e-16,5.02275342940024e-15,3.2126591791339275e-15,2.8757029229287345e-15,3.7664938350076996e-15
0,early,M_ABC,M_BAC,same_depth_closing,ridge_linear,False,2.49221653503345e-06,2.5755967671213495e-06,2.591069740211422e-06,1.0000362678380885,32,3.6266520366257105e-05,,,,
0,early,M_ABC,M_BAC,same_depth_closing,low_rank_residual,False,2.03908550477747e-06,2.123323337058196e-06,2.129862428279466e-06,1.0000363344024406,32,3.6333082299666586e-05,,,,
0,early,M_ABC,M_BAC,same_depth_closing,whitened_cca,False,4.203139640910901e-15,4.3285474304335826e-15,4.3143762155348915e-15,1.0000000000000286,32,2.853273173286652e-14,,,,
0,early,M_BAC,M_ABC,same_depth_closing,orthogonal_procrustes,True,3.551912222942939e-15,3.551977276745266e-15,3.56364106199874e-15,1.000000000000001,32,9.992007221626409e-16,5.02275342940024e-15,3.2126591791339275e-15,2.8757029229287345e-15,3.7664938350076996e-15
0,early,M_BAC,M_ABC,same_depth_closing,ridge_linear,False,2.49221653503345e-06,2.5755967671213495e-06,2.591069740211422e-06,1.0000362678380885,32,3.6266520366257105e-05,,,,
0,early,M_BAC,M_ABC,same_depth_closing,low_rank_residual,False,2.03908550477747e-06,2.123323337058196e-06,2.129862428279466e-06,1.0000363344024406,32,3.6333082299666586e-05,,,,
0,early,M_BAC,M_ABC,same_depth_closing,whitened_cca,False,4.203139640910901e-15,4.3285474304335826e-15,4.3143762155348915e-15,1.0000000000000286,32,2.853273173286652e-14,,,,
0,early,M_ABC,M_ACB,same_depth_closing,orthogonal_procrustes,True,3.551912222942939e-15,3.551977276745266e-15,3.56364106199874e-15,1.000000000000001,32,9.992007221626409e-16,5.02275342940024e-15,3.2126591791339275e-15,2.8757029229287345e-15,3.7664938350076996e-15
0,early,M_ABC,M_ACB,same_depth_closing,ridge_linear,False,2.49221653503345e-06,2.5755967671213495e-06,2.591069740211422e-06,1.0000362678380885,32,3.6266520366257105e-05,,,,
0,early,M_ABC,M_ACB,same_depth_closing,low_rank_residual,False,2.03908550477747e-06,2.123323337058196e-06,2.129862428279466e-06,1.0000363344024406,32,3.6333082299666586e-05,,,,
0,early,M_ABC,M_ACB,same_depth_closing,whitened_cca,False,4.203139640910901e-15,4.3285474304335826e-15,4.3143762155348915e-15,1.0000000000000286,32,2.853273173286652e-14,,,,
0,early,M_ACB,M_ABC,same_depth_closing,orthogonal_procrustes,True,3.551912222942939e-15,3.551977276745266e-15,3.56364106199874e-15,1.000000000000001,32,9.992007221626409e-16,5.02275342940024e-15,3.2126591791339275e-15,2.8757029229287345e-15,3.7664938350076996e-15
0,early,M_ACB,M_ABC,same_depth_closing,ridge_linear,False,2.49221653503345e-06,2.5755967671213495e-06,2.591069740211422e-06,1.0000362678380885,32,3.6266520366257105e-05,,,,
0,early,M_ACB,M_ABC,same_depth_closing,low_rank_residual,False,2.03908550477747e-06,2.123323337058196e-06,2.129862428279466e-06,1.0000363344024406,32,3.6333082299666586e-05,,,,
0,early,M_ACB,M_ABC,same_depth_closing,whitened_cca,False,4.203139640910901e-15,4.3285474304335826e-15,4.3143762155348915e-15,1.0000000000000286,32,2.853273173286652e-14,,,,
0,early,M_ACB,M_CAB,same_depth_closing,orthogonal_procrustes,True,3.551912222942939e-15,3.551977276745266e-15,3.56364106199874e-15,1.000000000000001,32,9.992007221626409e-16,5.02275342940024e-15,3.2126591791339275e-15,2.8757029229287345e-15,3.7664938350076996e-15
0,early,M_ACB,M_CAB,same_depth_closing,ridge_linear,False,2.49221653503345e-06,2.5755967671213495e-06,2.591069740211422e-06,1.0000362678380885,32,3.6266520366257105e-05,,,,
0,early,M_ACB,M_CAB,same_depth_closing,low_rank_residual,False,2.03908550477747e-06,2.123323337058196e-06,2.129862428279466e-06,1.0000363344024406,32,3.6333082299666586e-05,,,,
0,early,M_ACB,M_CAB,same_depth_closing,whitened_cca,False,4.203139640910901e-15,4.3285474304335826e-15,4.3143762155348915e-15,1.0000000000000286,32,2.853273173286652e-14,,,,
0,early,M_CAB,M_ACB,same_depth_closing,orthogonal_procrustes,True,3.551912222942939e-15,3.551977276745266e-15,3.56364106199874e-15,1.000000000000001,32,9.992007221626409e-16,5.02275342940024e-15,3.2126591791339275e-15,2.8757029229287345e-15,3.7664938350076996e-15
0,early,M_CAB,M_ACB,same_depth_closing,ridge_linear,False,2.49221653503345e-06,2.5755967671213495e-06,2.591069740211422e-06,1.0000362678380885,32,3.6266520366257105e-05,,,,
0,early,M_CAB,M_ACB,same_depth_closing,low_rank_residual,False,2.03908550477747e-06,2.123323337058196e-06,2.129862428279466e-06,1.0000363344024406,32,3.6333082299666586e-05,,,,
0,early,M_CAB,M_ACB,same_depth_closing,whitened_cca,False,4.203139640910901e-15,4.3285474304335826e-15,4.3143762155348915e-15,1.0000000000000286,32,2.853273173286652e-14,,,,
0,early,M_BAC,M_BCA,same_depth_closing,orthogonal_procrustes,True,3.551912222942939e-15,3.551977276745266e-15,3.56364106199874e-15,1.000000000000001,32,9.992007221626409e-16,5.02275342940024e-15,3.2126591791339275e-15,2.8757029229287345e-15,3.7664938350076996e-15
0,early,M_BAC,M_BCA,same_depth_closing,ridge_linear,False,2.49221653503345e-06,2.5755967671213495e-06,2.591069740211422e-06,1.0000362678380885,32,3.6266520366257105e-05,,,,
0,early,M_BAC,M_BCA,same_depth_closing,low_rank_residual,False,2.03908550477747e-06,2.123323337058196e-06,2.129862428279466e-06,1.0000363344024406,32,3.6333082299666586e-05,,,,
0,early,M_BAC,M_BCA,same_depth_closing,whitened_cca,False,4.203139640910901e-15,4.3285474304335826e-15,4.3143762155348915e-15,1.0000000000000286,32,2.853273173286652e-14,,,,
0,early,M_BCA,M_BAC,same_depth_closing,orthogonal_procrustes,True,3.551912222942939e-15,3.551977276745266e-15,3.56364106199874e-15,1.000000000000001,32,9.992007221626409e-16,5.02275342940024e-15,3.2126591791339275e-15,2.8757029229287345e-15,3.7664938350076996e-15
0,early,M_BCA,M_BAC,same_depth_closing,ridge_linear,False,2.49221653503345e-06,2.5755967671213495e-06,2.591069740211422e-06,1.0000362678380885,32,3.6266520366257105e-05,,,,
0,early,M_BCA,M_BAC,same_depth_closing,low_rank_residual,False,2.03908550477747e-06,2.123323337058196e-06,2.129862428279466e-06,1.0000363344024406,32,3.6333082299666586e-05,,,,
0,early,M_BCA,M_BAC,same_depth_closing,whitened_cca,False,4.203139640910901e-15,4.3285474304335826e-15,4.3143762155348915e-15,1.0000000000000286,32,2.853273173286652e-14,,,,
0,early,M_BCA,M_CBA,same_depth_closing,orthogonal_procrustes,True,3.551912222942939e-15,3.551977276745266e-15,3.56364106199874e-15,1.000000000000001,32,9.992007221626409e-16,5.02275342940024e-15,3.2126591791339275e-15,2.8757029229287345e-15,3.7664938350076996e-15
0,early,M_BCA,M_CBA,same_depth_closing,ridge_linear,False,2.49221653503345e-06,2.5755967671213495e-06,2.591069740211422e-06,1.0000362678380885,32,3.6266520366257105e-05,,,,
0,early,M_BCA,M_CBA,same_depth_closing,low_rank_residual,False,2.03908550477747e-06,2.123323337058196e-06,2.129862428279466e-06,1.0000363344024406,32,3.6333082299666586e-05,,,,
0,early,M_BCA,M_CBA,same_depth_closing,whitened_cca,False,4.203139640910901e-15,4.3285474304335826e-15,4.3143762155348915e-15,1.0000000000000286,32,2.853273173286652e-14,,,,
0,early,M_CBA,M_BCA,same_depth_closing,orthogonal_procrustes,True,3.551912222942939e-15,3.551977276745266e-15,3.56364106199874e-15,1.000000000000001,32,9.992007221626409e-16,5.02275342940024e-15,3.2126591791339275e-15,2.8757029229287345e-15,3.7664938350076996e-15
0,early,M_CBA,M_BCA,same_depth_closing,ridge_linear,False,2.49221653503345e-06,2.5755967671213495e-06,2.591069740211422e-06,1.0000362678380885,32,3.6266520366257105e-05,,,,
0,early,M_CBA,M_BCA,same_depth_closing,low_rank_residual,False,2.03908550477747e-06,2.123323337058196e-06,2.129862428279466e-06,1.0000363344024406,32,3.6333082299666586e-05,,,,
0,early,M_CBA,M_BCA,same_depth_closing,whitened_cca,False,4.203139640910901e-15,4.3285474304335826e-15,4.3143762155348915e-15,1.0000000000000286,32,2.853273173286652e-14,,,,
0,early,M_CAB,M_CBA,same_depth_closing,orthogonal_procrustes,True,3.551912222942939e-15,3.551977276745266e-15,3.56364106199874e-15,1.000000000000001,32,9.992007221626409e-16,5.02275342940024e-15,3.2126591791339275e-15,2.8757029229287345e-15,3.7664938350076996e-15
0,early,M_CAB,M_CBA,same_depth_closing,ridge_linear,False,2.49221653503345e-06,2.5755967671213495e-06,2.591069740211422e-06,1.0000362678380885,32,3.6266520366257105e-05,,,,
0,early,M_CAB,M_CBA,same_depth_closing,low_rank_residual,False,2.03908550477747e-06,2.123323337058196e-06,2.129862428279466e-06,1.0000363344024406,32,3.6333082299666586e-05,,,,
0,early,M_CAB,M_CBA,same_depth_closing,whitened_cca,False,4.203139640910901e-15,4.3285474304335826e-15,4.3143762155348915e-15,1.0000000000000286,32,2.853273173286652e-14,,,,
0,early,M_CBA,M_CAB,same_depth_closing,orthogonal_procrustes,True,3.551912222942939e-15,3.551977276745266e-15,3.56364106199874e-15,1.000000000000001,32,9.992007221626409e-16,5.02275342940024e-15,3.2126591791339275e-15,2.8757029229287345e-15,3.7664938350076996e-15
0,early,M_CBA,M_CAB,same_depth_closing,ridge_linear,False,2.49221653503345e-06,2.5755967671213495e-06,2.591069740211422e-06,1.0000362678380885,32,3.6266520366257105e-05,,,,
0,early,M_CBA,M_CAB,same_depth_closing,low_rank_residual,False,2.03908550477747e-06,2.123323337058196e-06,2.129862428279466e-06,1.0000363344024406,32,3.6333082299666586e-05,,,,
0,early,M_CBA,M_CAB,same_depth_closing,whitened_cca,False,4.203139640910901e-15,4.3285474304335826e-15,4.3143762155348915e-15,1.0000000000000286,32,2.853273173286652e-14,,,,
0,early,M_AB,M_BA,same_depth_closing,orthogonal_procrustes,True,3.551912222942939e-15,3.551977276745266e-15,3.56364106199874e-15,1.000000000000001,32,9.992007221626409e-16,5.02275342940024e-15,3.2126591791339275e-15,2.8757029229287345e-15,3.7664938350076996e-15
0,early,M_AB,M_BA,same_depth_closing,ridge_linear,False,2.49221653503345e-06,2.5755967671213495e-06,2.591069740211422e-06,1.0000362678380885,32,3.6266520366257105e-05,,,,
0,early,M_AB,M_BA,same_depth_closing,low_rank_residual,False,2.03908550477747e-06,2.123323337058196e-06,2.129862428279466e-06,1.0000363344024406,32,3.6333082299666586e-05,,,,
0,early,M_AB,M_BA,same_depth_closing,whitened_cca,False,4.203139640910901e-15,4.3285474304335826e-15,4.3143762155348915e-15,1.0000000000000286,32,2.853273173286652e-14,,,,
0,early,M_BA,M_AB,same_depth_closing,orthogonal_procrustes,True,3.551912222942939e-15,3.551977276745266e-15,3.56364106199874e-15,1.000000000000001,32,9.992007221626409e-16,5.02275342940024e-15,3.2126591791339275e-15,2.8757029229287345e-15,3.7664938350076996e-15
0,early,M_BA,M_AB,same_depth_closing,ridge_linear,False,2.49221653503345e-06,2.5755967671213495e-06,2.591069740211422e-06,1.0000362678380885,32,3.6266520366257105e-05,,,,
0,early,M_BA,M_AB,same_depth_closing,low_rank_residual,False,2.03908550477747e-06,2.123323337058196e-06,2.129862428279466e-06,1.0000363344024406,32,3.6333082299666586e-05,,,,
0,early,M_BA,M_AB,same_depth_closing,whitened_cca,False,4.203139640910901e-15,4.3285474304335826e-15,4.3143762155348915e-15,1.0000000000000286,32,2.853273173286652e-14,,,,
0,early,M_AC,M_CA,same_depth_closing,orthogonal_procrustes,True,3.551912222942939e-15,3.551977276745266e-15,3.56364106199874e-15,1.000000000000001,32,9.992007221626409e-16,5.02275342940024e-15,3.2126591791339275e-15,2.8757029229287345e-15,3.7664938350076996e-15
0,early,M_AC,M_CA,same_depth_closing,ridge_linear,False,2.49221653503345e-06,2.5755967671213495e-06,2.591069740211422e-06,1.0000362678380885,32,3.6266520366257105e-05,,,,
0,early,M_AC,M_CA,same_depth_closing,low_rank_residual,False,2.03908550477747e-06,2.123323337058196e-06,2.129862428279466e-06,1.0000363344024406,32,3.6333082299666586e-05,,,,
0,early,M_AC,M_CA,same_depth_closing,whitened_cca,False,4.203139640910901e-15,4.3285474304335826e-15,4.3143762155348915e-15,1.0000000000000286,32,2.853273173286652e-14,,,,
0,early,M_CA,M_AC,same_depth_closing,orthogonal_procrustes,True,3.551912222942939e-15,3.551977276745266e-15,3.56364106199874e-15,1.000000000000001,32,9.992007221626409e-16,5.02275342940024e-15,3.2126591791339275e-15,2.8757029229287345e-15,3.7664938350076996e-15
0,early,M_CA,M_AC,same_depth_closing,ridge_linear,False,2.49221653503345e-06,2.5755967671213495e-06,2.591069740211422e-06,1.0000362678380885,32,3.6266520366257105e-05,,,,
0,early,M_CA,M_AC,same_depth_closing,low_rank_residual,False,2.03908550477747e-06,2.123323337058196e-06,2.129862428279466e-06,1.0000363344024406,32,3.6333082299666586e-05,,,,
0,early,M_CA,M_AC,same_depth_closing,whitened_cca,False,4.203139640910901e-15,4.3285474304335826e-15,4.3143762155348915e-15,1.0000000000000286,32,2.853273173286652e-14,,,,
0,early,M_BC,M_CB,same_depth_closing,orthogonal_procrustes,True,3.551912222942939e-15,3.551977276745266e-15,3.56364106199874e-15,1.000000000000001,32,9.992007221626409e-16,5.02275342940024e-15,3.2126591791339275e-15,2.8757029229287345e-15,3.7664938350076996e-15
0,early,M_BC,M_CB,same_depth_closing,ridge_linear,False,2.49221653503345e-06,2.5755967671213495e-06,2.591069740211422e-06,1.0000362678380885,32,3.6266520366257105e-05,,,,
0,early,M_BC,M_CB,same_depth_closing,low_rank_residual,False,2.03908550477747e-06,2.123323337058196e-06,2.129862428279466e-06,1.0000363344024406,32,3.6333082299666586e-05,,,,
0,early,M_BC,M_CB,same_depth_closing,whitened_cca,False,4.203139640910901e-15,4.3285474304335826e-15,4.3143762155348915e-15,1.0000000000000286,32,2.853273173286652e-14,,,,
0,early,M_CB,M_BC,same_depth_closing,orthogonal_procrustes,True,3.551912222942939e-15,3.551977276745266e-15,3.56364106199874e-15,1.000000000000001,32,9.992007221626409e-16,5.02275342940024e-15,3.2126591791339275e-15,2.8757029229287345e-15,3.7664938350076996e-15
0,early,M_CB,M_BC,same_depth_closing,ridge_linear,False,2.49221653503345e-06,2.5755967671213495e-06,2.591069740211422e-06,1.0000362678380885,32,3.6266520366257105e-05,,,,
0,early,M_CB,M_BC,same_depth_closing,low_rank_residual,False,2.03908550477747e-06,2.123323337058196e-06,2.129862428279466e-06,1.0000363344024406,32,3.6333082299666586e-05,,,,
0,early,M_CB,M_BC,same_depth_closing,whitened_cca,False,4.203139640910901e-15,4.3285474304335826e-15,4.3143762155348915e-15,1.0000000000000286,32,2.853273173286652e-14,,,,
0,early,M_A,M_B,same_depth_closing,orthogonal_procrustes,True,3.551912222942939e-15,3.551977276745266e-15,3.56364106199874e-15,1.000000000000001,32,9.992007221626409e-16,5.02275342940024e-15,3.2126591791339275e-15,2.8757029229287345e-15,3.7664938350076996e-15
0,early,M_A,M_B,same_depth_closing,ridge_linear,False,2.49221653503345e-06,2.5755967671213495e-06,2.591069740211422e-06,1.0000362678380885,32,3.6266520366257105e-05,,,,
0,early,M_A,M_B,same_depth_closing,low_rank_residual,False,2.03908550477747e-06,2.123323337058196e-06,2.129862428279466e-06,1.0000363344024406,32,3.6333082299666586e-05,,,,
0,early,M_A,M_B,same_depth_closing,whitened_cca,False,4.203139640910901e-15,4.3285474304335826e-15,4.3143762155348915e-15,1.0000000000000286,32,2.853273173286652e-14,,,,
0,early,M_B,M_A,same_depth_closing,orthogonal_procrustes,True,3.551912222942939e-15,3.551977276745266e-15,3.56364106199874e-15,1.000000000000001,32,9.992007221626409e-16,5.02275342940024e-15,3.2126591791339275e-15,2.8757029229287345e-15,3.7664938350076996e-15
0,early,M_B,M_A,same_depth_closing,ridge_linear,False,2.49221653503345e-06,2.5755967671213495e-06,2.591069740211422e-06,1.0000362678380885,32,3.6266520366257105e-05,,,,
0,early,M_B,M_A,same_depth_closing,low_rank_residual,False,2.03908550477747e-06,2.123323337058196e-06,2.129862428279466e-06,1.0000363344024406,32,3.6333082299666586e-05,,,,
0,early,M_B,M_A,same_depth_closing,whitened_cca,False,4.203139640910901e-15,4.3285474304335826e-15,4.3143762155348915e-15,1.0000000000000286,32,2.853273173286652e-14,,,,
0,early,M_A,M_C,same_depth_closing,orthogonal_procrustes,True,3.551912222942939e-15,3.551977276745266e-15,3.56364106199874e-15,1.000000000000001,32,9.992007221626409e-16,5.02275342940024e-15,3.2126591791339275e-15,2.8757029229287345e-15,3.7664938350076996e-15
0,early,M_A,M_C,same_depth_closing,ridge_linear,False,2.49221653503345e-06,2.5755967671213495e-06,2.591069740211422e-06,1.0000362678380885,32,3.6266520366257105e-05,,,,
0,early,M_A,M_C,same_depth_closing,low_rank_residual,False,2.03908550477747e-06,2.123323337058196e-06,2.129862428279466e-06,1.0000363344024406,32,3.6333082299666586e-05,,,,
0,early,M_A,M_C,same_depth_closing,whitened_cca,False,4.203139640910901e-15,4.3285474304335826e-15,4.3143762155348915e-15,1.0000000000000286,32,2.853273173286652e-14,,,,
0,early,M_C,M_A,same_depth_closing,orthogonal_procrustes,True,3.551912222942939e-15,3.551977276745266e-15,3.56364106199874e-15,1.000000000000001,32,9.992007221626409e-16,5.02275342940024e-15,3.2126591791339275e-15,2.8757029229287345e-15,3.7664938350076996e-15
0,early,M_C,M_A,same_depth_closing,ridge_linear,False,2.49221653503345e-06,2.5755967671213495e-06,2.591069740211422e-06,1.0000362678380885,32,3.6266520366257105e-05,,,,
0,early,M_C,M_A,same_depth_closing,low_rank_residual,False,2.03908550477747e-06,2.123323337058196e-06,2.129862428279466e-06,1.0000363344024406,32,3.6333082299666586e-05,,,,
0,early,M_C,M_A,same_depth_closing,whitened_cca,False,4.203139640910901e-15,4.3285474304335826e-15,4.3143762155348915e-15,1.0000000000000286,32,2.853273173286652e-14,,,,
0,early,M_B,M_C,same_depth_closing,orthogonal_procrustes,True,3.551912222942939e-15,3.551977276745266e-15,3.56364106199874e-15,1.000000000000001,32,9.992007221626409e-16,5.02275342940024e-15,3.2126591791339275e-15,2.8757029229287345e-15,3.7664938350076996e-15
0,early,M_B,M_C,same_depth_closing,ridge_linear,False,2.49221653503345e-06,2.5755967671213495e-06,2.591069740211422e-06,1.0000362678380885,32,3.6266520366257105e-05,,,,
0,early,M_B,M_C,same_depth_closing,low_rank_residual,False,2.03908550477747e-06,2.123323337058196e-06,2.129862428279466e-06,1.0000363344024406,32,3.6333082299666586e-05,,,,
0,early,M_B,M_C,same_depth_closing,whitened_cca,False,4.203139640910901e-15,4.3285474304335826e-15,4.3143762155348915e-15,1.0000000000000286,32,2.853273173286652e-14,,,,
0,early,M_C,M_B,same_depth_closing,orthogonal_procrustes,True,3.551912222942939e-15,3.551977276745266e-15,3.56364106199874e-15,1.000000000000001,32,9.992007221626409e-16,5.02275342940024e-15,3.2126591791339275e-15,2.8757029229287345e-15,3.7664938350076996e-15
0,early,M_C,M_B,same_depth_closing,ridge_linear,False,2.49221653503345e-06,2.5755967671213495e-06,2.591069740211422e-06,1.0000362678380885,32,3.6266520366257105e-05,,,,
0,early,M_C,M_B,same_depth_closing,low_rank_residual,False,2.03908550477747e-06,2.123323337058196e-06,2.129862428279466e-06,1.0000363344024406,32,3.6333082299666586e-05,,,,
0,early,M_C,M_B,same_depth_closing,whitened_cca,False,4.203139640910901e-15,4.3285474304335826e-15,4.3143762155348915e-15,1.0000000000000286,32,2.853273173286652e-14,,,,
0,mid,M0,M_A,forward_lineage,orthogonal_procrustes,True,1.3108991934751398e-15,1.3138191023365668e-15,1.3066713386351156e-15,1.000000000000002,32,1.887379141862766e-15,2.5963004898715615e-15,1.9898486000485244e-15,1.6321483366196535e-15,2.5996610755403085e-15
0,mid,M0,M_A,forward_lineage,ridge_linear,False,1.1359775102048955e-06,1.1965523350029867e-06,1.1948701134939577e-06,1.0000043286636007,32,4.328644106377233e-06,,,,
0,mid,M0,M_A,forward_lineage,low_rank_residual,False,7.94774761579686e-07,8.613124127229335e-07,8.593821630403717e-07,1.0000045035491316,32,4.50352884973082e-06,,,,
0,mid,M0,M_A,forward_lineage,whitened_cca,False,4.2926285757921615e-15,4.410441426927964e-15,4.394972387277734e-15,1.0000000000000038,32,3.774758283725532e-15,,,,
0,mid,M_A,M0,reverse_lineage,orthogonal_procrustes,True,1.3108991934751398e-15,1.3138191023365668e-15,1.3066713386351156e-15,1.000000000000002,32,1.887379141862766e-15,2.5963004898715615e-15,1.9898486000485244e-15,1.6321483366196535e-15,2.5996610755403085e-15
0,mid,M_A,M0,reverse_lineage,ridge_linear,False,1.1359775102048955e-06,1.1965523350029867e-06,1.1948701134939577e-06,1.0000043286636007,32,4.328644106377233e-06,,,,
0,mid,M_A,M0,reverse_lineage,low_rank_residual,False,7.94774761579686e-07,8.613124127229335e-07,8.593821630403717e-07,1.0000045035491316,32,4.50352884973082e-06,,,,
0,mid,M_A,M0,reverse_lineage,whitened_cca,False,4.2926285757921615e-15,4.410441426927964e-15,4.394972387277734e-15,1.0000000000000038,32,3.774758283725532e-15,,,,
0,mid,M0,M_B,forward_lineage,orthogonal_procrustes,True,1.3108991934751398e-15,1.3138191023365668e-15,1.3066713386351156e-15,1.000000000000002,32,1.887379141862766e-15,2.5963004898715615e-15,1.9898486000485244e-15,1.6321483366196535e-15,2.5996610755403085e-15
0,mid,M0,M_B,forward_lineage,ridge_linear,False,1.1359775102048955e-06,1.1965523350029867e-06,1.1948701134939577e-06,1.0000043286636007,32,4.328644106377233e-06,,,,
0,mid,M0,M_B,forward_lineage,low_rank_residual,False,7.94774761579686e-07,8.613124127229335e-07,8.593821630403717e-07,1.0000045035491316,32,4.50352884973082e-06,,,,
0,mid,M0,M_B,forward_lineage,whitened_cca,False,4.2926285757921615e-15,4.410441426927964e-15,4.394972387277734e-15,1.0000000000000038,32,3.774758283725532e-15,,,,
0,mid,M_B,M0,reverse_lineage,orthogonal_procrustes,True,1.3108991934751398e-15,1.3138191023365668e-15,1.3066713386351156e-15,1.000000000000002,32,1.887379141862766e-15,2.5963004898715615e-15,1.9898486000485244e-15,1.6321483366196535e-15,2.5996610755403085e-15
0,mid,M_B,M0,reverse_lineage,ridge_linear,False,1.1359775102048955e-06,1.1965523350029867e-06,1.1948701134939577e-06,1.0000043286636007,32,4.328644106377233e-06,,,,
0,mid,M_B,M0,reverse_lineage,low_rank_residual,False,7.94774761579686e-07,8.613124127229335e-07,8.593821630403717e-07,1.0000045035491316,32,4.50352884973082e-06,,,,
0,mid,M_B,M0,reverse_lineage,whitened_cca,False,4.2926285757921615e-15,4.410441426927964e-15,4.394972387277734e-15,1.0000000000000038,32,3.774758283725532e-15,,,,
0,mid,M0,M_C,forward_lineage,orthogonal_procrustes,True,1.3108991934751398e-15,1.3138191023365668e-15,1.3066713386351156e-15,1.000000000000002,32,1.887379141862766e-15,2.5963004898715615e-15,1.9898486000485244e-15,1.6321483366196535e-15,2.5996610755403085e-15
0,mid,M0,M_C,forward_lineage,ridge_linear,False,1.1359775102048955e-06,1.1965523350029867e-06,1.1948701134939577e-06,1.0000043286636007,32,4.328644106377233e-06,,,,
0,mid,M0,M_C,forward_lineage,low_rank_residual,False,7.94774761579686e-07,8.613124127229335e-07,8.593821630403717e-07,1.0000045035491316,32,4.50352884973082e-06,,,,
0,mid,M0,M_C,forward_lineage,whitened_cca,False,4.2926285757921615e-15,4.410441426927964e-15,4.394972387277734e-15,1.0000000000000038,32,3.774758283725532e-15,,,,
0,mid,M_C,M0,reverse_lineage,orthogonal_procrustes,True,1.3108991934751398e-15,1.3138191023365668e-15,1.3066713386351156e-15,1.000000000000002,32,1.887379141862766e-15,2.5963004898715615e-15,1.9898486000485244e-15,1.6321483366196535e-15,2.5996610755403085e-15
0,mid,M_C,M0,reverse_lineage,ridge_linear,False,1.1359775102048955e-06,1.1965523350029867e-06,1.1948701134939577e-06,1.0000043286636007,32,4.328644106377233e-06,,,,
0,mid,M_C,M0,reverse_lineage,low_rank_residual,False,7.94774761579686e-07,8.613124127229335e-07,8.593821630403717e-07,1.0000045035491316,32,4.50352884973082e-06,,,,
0,mid,M_C,M0,reverse_lineage,whitened_cca,False,4.2926285757921615e-15,4.410441426927964e-15,4.394972387277734e-15,1.0000000000000038,32,3.774758283725532e-15,,,,
0,mid,M_A,M_AB,forward_lineage,orthogonal_procrustes,True,1.3108991934751398e-15,1.3138191023365668e-15,1.3066713386351156e-15,1.000000000000002,32,1.887379141862766e-15,2.5963004898715615e-15,1.9898486000485244e-15,1.6321483366196535e-15,2.5996610755403085e-15
0,mid,M_A,M_AB,forward_lineage,ridge_linear,False,1.1359775102048955e-06,1.1965523350029867e-06,1.1948701134939577e-06,1.0000043286636007,32,4.328644106377233e-06,,,,
0,mid,M_A,M_AB,forward_lineage,low_rank_residual,False,7.94774761579686e-07,8.613124127229335e-07,8.593821630403717e-07,1.0000045035491316,32,4.50352884973082e-06,,,,
0,mid,M_A,M_AB,forward_lineage,whitened_cca,False,4.2926285757921615e-15,4.410441426927964e-15,4.394972387277734e-15,1.0000000000000038,32,3.774758283725532e-15,,,,
0,mid,M_AB,M_A,reverse_lineage,orthogonal_procrustes,True,1.3108991934751398e-15,1.3138191023365668e-15,1.3066713386351156e-15,1.000000000000002,32,1.887379141862766e-15,2.5963004898715615e-15,1.9898486000485244e-15,1.6321483366196535e-15,2.5996610755403085e-15
0,mid,M_AB,M_A,reverse_lineage,ridge_linear,False,1.1359775102048955e-06,1.1965523350029867e-06,1.1948701134939577e-06,1.0000043286636007,32,4.328644106377233e-06,,,,
0,mid,M_AB,M_A,reverse_lineage,low_rank_residual,False,7.94774761579686e-07,8.613124127229335e-07,8.593821630403717e-07,1.0000045035491316,32,4.50352884973082e-06,,,,
0,mid,M_AB,M_A,reverse_lineage,whitened_cca,False,4.2926285757921615e-15,4.410441426927964e-15,4.394972387277734e-15,1.0000000000000038,32,3.774758283725532e-15,,,,
0,mid,M_A,M_AC,forward_lineage,orthogonal_procrustes,True,1.3108991934751398e-15,1.3138191023365668e-15,1.3066713386351156e-15,1.000000000000002,32,1.887379141862766e-15,2.5963004898715615e-15,1.9898486000485244e-15,1.6321483366196535e-15,2.5996610755403085e-15
0,mid,M_A,M_AC,forward_lineage,ridge_linear,False,1.1359775102048955e-06,1.1965523350029867e-06,1.1948701134939577e-06,1.0000043286636007,32,4.328644106377233e-06,,,,
0,mid,M_A,M_AC,forward_lineage,low_rank_residual,False,7.94774761579686e-07,8.613124127229335e-07,8.593821630403717e-07,1.0000045035491316,32,4.50352884973082e-06,,,,
0,mid,M_A,M_AC,forward_lineage,whitened_cca,False,4.2926285757921615e-15,4.410441426927964e-15,4.394972387277734e-15,1.0000000000000038,32,3.774758283725532e-15,,,,
0,mid,M_AC,M_A,reverse_lineage,orthogonal_procrustes,True,1.3108991934751398e-15,1.3138191023365668e-15,1.3066713386351156e-15,1.000000000000002,32,1.887379141862766e-15,2.5963004898715615e-15,1.9898486000485244e-15,1.6321483366196535e-15,2.5996610755403085e-15
0,mid,M_AC,M_A,reverse_lineage,ridge_linear,False,1.1359775102048955e-06,1.1965523350029867e-06,1.1948701134939577e-06,1.0000043286636007,32,4.328644106377233e-06,,,,
0,mid,M_AC,M_A,reverse_lineage,low_rank_residual,False,7.94774761579686e-07,8.613124127229335e-07,8.593821630403717e-07,1.0000045035491316,32,4.50352884973082e-06,,,,
0,mid,M_AC,M_A,reverse_lineage,whitened_cca,False,4.2926285757921615e-15,4.410441426927964e-15,4.394972387277734e-15,1.0000000000000038,32,3.774758283725532e-15,,,,
0,mid,M_B,M_BA,forward_lineage,orthogonal_procrustes,True,1.3108991934751398e-15,1.3138191023365668e-15,1.3066713386351156e-15,1.000000000000002,32,1.887379141862766e-15,2.5963004898715615e-15,1.9898486000485244e-15,1.6321483366196535e-15,2.5996610755403085e-15
0,mid,M_B,M_BA,forward_lineage,ridge_linear,False,1.1359775102048955e-06,1.1965523350029867e-06,1.1948701134939577e-06,1.0000043286636007,32,4.328644106377233e-06,,,,
0,mid,M_B,M_BA,forward_lineage,low_rank_residual,False,7.94774761579686e-07,8.613124127229335e-07,8.593821630403717e-07,1.0000045035491316,32,4.50352884973082e-06,,,,
0,mid,M_B,M_BA,forward_lineage,whitened_cca,False,4.2926285757921615e-15,4.410441426927964e-15,4.394972387277734e-15,1.0000000000000038,32,3.774758283725532e-15,,,,
0,mid,M_BA,M_B,reverse_lineage,orthogonal_procrustes,True,1.3108991934751398e-15,1.3138191023365668e-15,1.3066713386351156e-15,1.000000000000002,32,1.887379141862766e-15,2.5963004898715615e-15,1.9898486000485244e-15,1.6321483366196535e-15,2.5996610755403085e-15
0,mid,M_BA,M_B,reverse_lineage,ridge_linear,False,1.1359775102048955e-06,1.1965523350029867e-06,1.1948701134939577e-06,1.0000043286636007,32,4.328644106377233e-06,,,,
0,mid,M_BA,M_B,reverse_lineage,low_rank_residual,False,7.94774761579686e-07,8.613124127229335e-07,8.593821630403717e-07,1.0000045035491316,32,4.50352884973082e-06,,,,
0,mid,M_BA,M_B,reverse_lineage,whitened_cca,False,4.2926285757921615e-15,4.410441426927964e-15,4.394972387277734e-15,1.0000000000000038,32,3.774758283725532e-15,,,,
0,mid,M_B,M_BC,forward_lineage,orthogonal_procrustes,True,1.3108991934751398e-15,1.3138191023365668e-15,1.3066713386351156e-15,1.000000000000002,32,1.887379141862766e-15,2.5963004898715615e-15,1.9898486000485244e-15,1.6321483366196535e-15,2.5996610755403085e-15
0,mid,M_B,M_BC,forward_lineage,ridge_linear,False,1.1359775102048955e-06,1.1965523350029867e-06,1.1948701134939577e-06,1.0000043286636007,32,4.328644106377233e-06,,,,
0,mid,M_B,M_BC,forward_lineage,low_rank_residual,False,7.94774761579686e-07,8.613124127229335e-07,8.593821630403717e-07,1.0000045035491316,32,4.50352884973082e-06,,,,
0,mid,M_B,M_BC,forward_lineage,whitened_cca,False,4.2926285757921615e-15,4.410441426927964e-15,4.394972387277734e-15,1.0000000000000038,32,3.774758283725532e-15,,,,
0,mid,M_BC,M_B,reverse_lineage,orthogonal_procrustes,True,1.3108991934751398e-15,1.3138191023365668e-15,1.3066713386351156e-15,1.000000000000002,32,1.887379141862766e-15,2.5963004898715615e-15,1.9898486000485244e-15,1.6321483366196535e-15,2.5996610755403085e-15
0,mid,M_BC,M_B,reverse_lineage,ridge_linear,False,1.1359775102048955e-06,1.1965523350029867e-06,1.1948701134939577e-06,1.0000043286636007,32,4.328644106377233e-06,,,,
0,mid,M_BC,M_B,reverse_lineage,low_rank_residual,False,7.94774761579686e-07,8.613124127229335e-07,8.593821630403717e-07,1.0000045035491316,32,4.50352884973082e-06,,,,
0,mid,M_BC,M_B,reverse_lineage,whitened_cca,False,4.2926285757921615e-15,4.410441426927964e-15,4.394972387277734e-15,1.0000000000000038,32,3.774758283725532e-15,,,,
0,mid,M_C,M_CA,forward_lineage,orthogonal_procrustes,True,1.3108991934751398e-15,1.3138191023365668e-15,1.3066713386351156e-15,1.000000000000002,32,1.887379141862766e-15,2.5963004898715615e-15,1.9898486000485244e-15,1.6321483366196535e-15,2.5996610755403085e-15
0,mid,M_C,M_CA,forward_lineage,ridge_linear,False,1.1359775102048955e-06,1.1965523350029867e-06,1.1948701134939577e-06,1.0000043286636007,32,4.328644106377233e-06,,,,
0,mid,M_C,M_CA,forward_lineage,low_rank_residual,False,7.94774761579686e-07,8.613124127229335e-07,8.593821630403717e-07,1.0000045035491316,32,4.50352884973082e-06,,,,
0,mid,M_C,M_CA,forward_lineage,whitened_cca,False,4.2926285757921615e-15,4.410441426927964e-15,4.394972387277734e-15,1.0000000000000038,32,3.774758283725532e-15,,,,
0,mid,M_CA,M_C,reverse_lineage,orthogonal_procrustes,True,1.3108991934751398e-15,1.3138191023365668e-15,1.3066713386351156e-15,1.000000000000002,32,1.887379141862766e-15,2.5963004898715615e-15,1.9898486000485244e-15,1.6321483366196535e-15,2.5996610755403085e-15
0,mid,M_CA,M_C,reverse_lineage,ridge_linear,False,1.1359775102048955e-06,1.1965523350029867e-06,1.1948701134939577e-06,1.0000043286636007,32,4.328644106377233e-06,,,,
0,mid,M_CA,M_C,reverse_lineage,low_rank_residual,False,7.94774761579686e-07,8.613124127229335e-07,8.593821630403717e-07,1.0000045035491316,32,4.50352884973082e-06,,,,
0,mid,M_CA,M_C,reverse_lineage,whitened_cca,False,4.2926285757921615e-15,4.410441426927964e-15,4.394972387277734e-15,1.0000000000000038,32,3.774758283725532e-15,,,,
0,mid,M_C,M_CB,forward_lineage,orthogonal_procrustes,True,1.3108991934751398e-15,1.3138191023365668e-15,1.3066713386351156e-15,1.000000000000002,32,1.887379141862766e-15,2.5963004898715615e-15,1.9898486000485244e-15,1.6321483366196535e-15,2.5996610755403085e-15
0,mid,M_C,M_CB,forward_lineage,ridge_linear,False,1.1359775102048955e-06,1.1965523350029867e-06,1.1948701134939577e-06,1.0000043286636007,32,4.328644106377233e-06,,,,
0,mid,M_C,M_CB,forward_lineage,low_rank_residual,False,7.94774761579686e-07,8.613124127229335e-07,8.593821630403717e-07,1.0000045035491316,32,4.50352884973082e-06,,,,
0,mid,M_C,M_CB,forward_lineage,whitened_cca,False,4.2926285757921615e-15,4.410441426927964e-15,4.394972387277734e-15,1.0000000000000038,32,3.774758283725532e-15,,,,
0,mid,M_CB,M_C,reverse_lineage,orthogonal_procrustes,True,1.3108991934751398e-15,1.3138191023365668e-15,1.3066713386351156e-15,1.000000000000002,32,1.887379141862766e-15,2.5963004898715615e-15,1.9898486000485244e-15,1.6321483366196535e-15,2.5996610755403085e-15
0,mid,M_CB,M_C,reverse_lineage,ridge_linear,False,1.1359775102048955e-06,1.1965523350029867e-06,1.1948701134939577e-06,1.0000043286636007,32,4.328644106377233e-06,,,,
0,mid,M_CB,M_C,reverse_lineage,low_rank_residual,False,7.94774761579686e-07,8.613124127229335e-07,8.593821630403717e-07,1.0000045035491316,32,4.50352884973082e-06,,,,
0,mid,M_CB,M_C,reverse_lineage,whitened_cca,False,4.2926285757921615e-15,4.410441426927964e-15,4.394972387277734e-15,1.0000000000000038,32,3.774758283725532e-15,,,,
0,mid,M_AB,M_ABC,forward_lineage,orthogonal_procrustes,True,1.3108991934751398e-15,1.3138191023365668e-15,1.3066713386351156e-15,1.000000000000002,32,1.887379141862766e-15,2.5963004898715615e-15,1.9898486000485244e-15,1.6321483366196535e-15,2.5996610755403085e-15
0,mid,M_AB,M_ABC,forward_lineage,ridge_linear,False,1.1359775102048955e-06,1.1965523350029867e-06,1.1948701134939577e-06,1.0000043286636007,32,4.328644106377233e-06,,,,
0,mid,M_AB,M_ABC,forward_lineage,low_rank_residual,False,7.94774761579686e-07,8.613124127229335e-07,8.593821630403717e-07,1.0000045035491316,32,4.50352884973082e-06,,,,
0,mid,M_AB,M_ABC,forward_lineage,whitened_cca,False,4.2926285757921615e-15,4.410441426927964e-15,4.394972387277734e-15,1.0000000000000038,32,3.774758283725532e-15,,,,
0,mid,M_ABC,M_AB,reverse_lineage,orthogonal_procrustes,True,1.3108991934751398e-15,1.3138191023365668e-15,1.3066713386351156e-15,1.000000000000002,32,1.887379141862766e-15,2.5963004898715615e-15,1.9898486000485244e-15,1.6321483366196535e-15,2.5996610755403085e-15
0,mid,M_ABC,M_AB,reverse_lineage,ridge_linear,False,1.1359775102048955e-06,1.1965523350029867e-06,1.1948701134939577e-06,1.0000043286636007,32,4.328644106377233e-06,,,,
0,mid,M_ABC,M_AB,reverse_lineage,low_rank_residual,False,7.94774761579686e-07,8.613124127229335e-07,8.593821630403717e-07,1.0000045035491316,32,4.50352884973082e-06,,,,
0,mid,M_ABC,M_AB,reverse_lineage,whitened_cca,False,4.2926285757921615e-15,4.410441426927964e-15,4.394972387277734e-15,1.0000000000000038,32,3.774758283725532e-15,,,,
0,mid,M_AC,M_ACB,forward_lineage,orthogonal_procrustes,True,1.3108991934751398e-15,1.3138191023365668e-15,1.3066713386351156e-15,1.000000000000002,32,1.887379141862766e-15,2.5963004898715615e-15,1.9898486000485244e-15,1.6321483366196535e-15,2.5996610755403085e-15
0,mid,M_AC,M_ACB,forward_lineage,ridge_linear,False,1.1359775102048955e-06,1.1965523350029867e-06,1.1948701134939577e-06,1.0000043286636007,32,4.328644106377233e-06,,,,
0,mid,M_AC,M_ACB,forward_lineage,low_rank_residual,False,7.94774761579686e-07,8.613124127229335e-07,8.593821630403717e-07,1.0000045035491316,32,4.50352884973082e-06,,,,
0,mid,M_AC,M_ACB,forward_lineage,whitened_cca,False,4.2926285757921615e-15,4.410441426927964e-15,4.394972387277734e-15,1.0000000000000038,32,3.774758283725532e-15,,,,
0,mid,M_ACB,M_AC,reverse_lineage,orthogonal_procrustes,True,1.3108991934751398e-15,1.3138191023365668e-15,1.3066713386351156e-15,1.000000000000002,32,1.887379141862766e-15,2.5963004898715615e-15,1.9898486000485244e-15,1.6321483366196535e-15,2.5996610755403085e-15
0,mid,M_ACB,M_AC,reverse_lineage,ridge_linear,False,1.1359775102048955e-06,1.1965523350029867e-06,1.1948701134939577e-06,1.0000043286636007,32,4.328644106377233e-06,,,,
0,mid,M_ACB,M_AC,reverse_lineage,low_rank_residual,False,7.94774761579686e-07,8.613124127229335e-07,8.593821630403717e-07,1.0000045035491316,32,4.50352884973082e-06,,,,
0,mid,M_ACB,M_AC,reverse_lineage,whitened_cca,False,4.2926285757921615e-15,4.410441426927964e-15,4.394972387277734e-15,1.0000000000000038,32,3.774758283725532e-15,,,,
0,mid,M_BA,M_BAC,forward_lineage,orthogonal_procrustes,True,1.3108991934751398e-15,1.3138191023365668e-15,1.3066713386351156e-15,1.000000000000002,32,1.887379141862766e-15,2.5963004898715615e-15,1.9898486000485244e-15,1.6321483366196535e-15,2.5996610755403085e-15
0,mid,M_BA,M_BAC,forward_lineage,ridge_linear,False,1.1359775102048955e-06,1.1965523350029867e-06,1.1948701134939577e-06,1.0000043286636007,32,4.328644106377233e-06,,,,
0,mid,M_BA,M_BAC,forward_lineage,low_rank_residual,False,7.94774761579686e-07,8.613124127229335e-07,8.593821630403717e-07,1.0000045035491316,32,4.50352884973082e-06,,,,
0,mid,M_BA,M_BAC,forward_lineage,whitened_cca,False,4.2926285757921615e-15,4.410441426927964e-15,4.394972387277734e-15,1.0000000000000038,32,3.774758283725532e-15,,,,
0,mid,M_BAC,M_BA,reverse_lineage,orthogonal_procrustes,True,1.3108991934751398e-15,1.3138191023365668e-15,1.3066713386351156e-15,1.000000000000002,32,1.887379141862766e-15,2.5963004898715615e-15,1.9898486000485244e-15,1.6321483366196535e-15,2.5996610755403085e-15
0,mid,M_BAC,M_BA,reverse_lineage,ridge_linear,False,1.1359775102048955e-06,1.1965523350029867e-06,1.1948701134939577e-06,1.0000043286636007,32,4.328644106377233e-06,,,,
0,mid,M_BAC,M_BA,reverse_lineage,low_rank_residual,False,7.94774761579686e-07,8.613124127229335e-07,8.593821630403717e-07,1.0000045035491316,32,4.50352884973082e-06,,,,
0,mid,M_BAC,M_BA,reverse_lineage,whitened_cca,False,4.2926285757921615e-15,4.410441426927964e-15,4.394972387277734e-15,1.0000000000000038,32,3.774758283725532e-15,,,,
0,mid,M_BC,M_BCA,forward_lineage,orthogonal_procrustes,True,1.3108991934751398e-15,1.3138191023365668e-15,1.3066713386351156e-15,1.000000000000002,32,1.887379141862766e-15,2.5963004898715615e-15,1.9898486000485244e-15,1.6321483366196535e-15,2.5996610755403085e-15
0,mid,M_BC,M_BCA,forward_lineage,ridge_linear,False,1.1359775102048955e-06,1.1965523350029867e-06,1.1948701134939577e-06,1.0000043286636007,32,4.328644106377233e-06,,,,
0,mid,M_BC,M_BCA,forward_lineage,low_rank_residual,False,7.94774761579686e-07,8.613124127229335e-07,8.593821630403717e-07,1.0000045035491316,32,4.50352884973082e-06,,,,
0,mid,M_BC,M_BCA,forward_lineage,whitened_cca,False,4.2926285757921615e-15,4.410441426927964e-15,4.394972387277734e-15,1.0000000000000038,32,3.774758283725532e-15,,,,
0,mid,M_BCA,M_BC,reverse_lineage,orthogonal_procrustes,True,1.3108991934751398e-15,1.3138191023365668e-15,1.3066713386351156e-15,1.000000000000002,32,1.887379141862766e-15,2.5963004898715615e-15,1.9898486000485244e-15,1.6321483366196535e-15,2.5996610755403085e-15
0,mid,M_BCA,M_BC,reverse_lineage,ridge_linear,False,1.1359775102048955e-06,1.1965523350029867e-06,1.1948701134939577e-06,1.0000043286636007,32,4.328644106377233e-06,,,,
0,mid,M_BCA,M_BC,reverse_lineage,low_rank_residual,False,7.94774761579686e-07,8.613124127229335e-07,8.593821630403717e-07,1.0000045035491316,32,4.50352884973082e-06,,,,
0,mid,M_BCA,M_BC,reverse_lineage,whitened_cca,False,4.2926285757921615e-15,4.410441426927964e-15,4.394972387277734e-15,1.0000000000000038,32,3.774758283725532e-15,,,,
0,mid,M_CA,M_CAB,forward_lineage,orthogonal_procrustes,True,1.3108991934751398e-15,1.3138191023365668e-15,1.3066713386351156e-15,1.000000000000002,32,1.887379141862766e-15,2.5963004898715615e-15,1.9898486000485244e-15,1.6321483366196535e-15,2.5996610755403085e-15
0,mid,M_CA,M_CAB,forward_lineage,ridge_linear,False,1.1359775102048955e-06,1.1965523350029867e-06,1.1948701134939577e-06,1.0000043286636007,32,4.328644106377233e-06,,,,
0,mid,M_CA,M_CAB,forward_lineage,low_rank_residual,False,7.94774761579686e-07,8.613124127229335e-07,8.593821630403717e-07,1.0000045035491316,32,4.50352884973082e-06,,,,
0,mid,M_CA,M_CAB,forward_lineage,whitened_cca,False,4.2926285757921615e-15,4.410441426927964e-15,4.394972387277734e-15,1.0000000000000038,32,3.774758283725532e-15,,,,
0,mid,M_CAB,M_CA,reverse_lineage,orthogonal_procrustes,True,1.3108991934751398e-15,1.3138191023365668e-15,1.3066713386351156e-15,1.000000000000002,32,1.887379141862766e-15,2.5963004898715615e-15,1.9898486000485244e-15,1.6321483366196535e-15,2.5996610755403085e-15
0,mid,M_CAB,M_CA,reverse_lineage,ridge_linear,False,1.1359775102048955e-06,1.1965523350029867e-06,1.1948701134939577e-06,1.0000043286636007,32,4.328644106377233e-06,,,,
0,mid,M_CAB,M_CA,reverse_lineage,low_rank_residual,False,7.94774761579686e-07,8.613124127229335e-07,8.593821630403717e-07,1.0000045035491316,32,4.50352884973082e-06,,,,
0,mid,M_CAB,M_CA,reverse_lineage,whitened_cca,False,4.2926285757921615e-15,4.410441426927964e-15,4.394972387277734e-15,1.0000000000000038,32,3.774758283725532e-15,,,,
0,mid,M_CB,M_CBA,forward_lineage,orthogonal_procrustes,True,1.3108991934751398e-15,1.3138191023365668e-15,1.3066713386351156e-15,1.000000000000002,32,1.887379141862766e-15,2.5963004898715615e-15,1.9898486000485244e-15,1.6321483366196535e-15,2.5996610755403085e-15
0,mid,M_CB,M_CBA,forward_lineage,ridge_linear,False,1.1359775102048955e-06,1.1965523350029867e-06,1.1948701134939577e-06,1.0000043286636007,32,4.328644106377233e-06,,,,
0,mid,M_CB,M_CBA,forward_lineage,low_rank_residual,False,7.94774761579686e-07,8.613124127229335e-07,8.593821630403717e-07,1.0000045035491316,32,4.50352884973082e-06,,,,
0,mid,M_CB,M_CBA,forward_lineage,whitened_cca,False,4.2926285757921615e-15,4.410441426927964e-15,4.394972387277734e-15,1.0000000000000038,32,3.774758283725532e-15,,,,
0,mid,M_CBA,M_CB,reverse_lineage,orthogonal_procrustes,True,1.3108991934751398e-15,1.3138191023365668e-15,1.3066713386351156e-15,1.000000000000002,32,1.887379141862766e-15,2.5963004898715615e-15,1.9898486000485244e-15,1.6321483366196535e-15,2.5996610755403085e-15
0,mid,M_CBA,M_CB,reverse_lineage,ridge_linear,False,1.1359775102048955e-06,1.1965523350029867e-06,1.1948701134939577e-06,1.0000043286636007,32,4.328644106377233e-06,,,,
0,mid,M_CBA,M_CB,reverse_lineage,low_rank_residual,False,7.94774761579686e-07,8.613124127229335e-07,8.593821630403717e-07,1.0000045035491316,32,4.50352884973082e-06,,,,
0,mid,M_CBA,M_CB,reverse_lineage,whitened_cca,False,4.2926285757921615e-15,4.410441426927964e-15,4.394972387277734e-15,1.0000000000000038,32,3.774758283725532e-15,,,,
0,mid,M_AB,M_B,loop_closing,orthogonal_procrustes,True,1.3108991934751398e-15,1.3138191023365668e-15,1.3066713386351156e-15,1.000000000000002,32,1.887379141862766e-15,2.5963004898715615e-15,1.9898486000485244e-15,1.6321483366196535e-15,2.5996610755403085e-15
0,mid,M_AB,M_B,loop_closing,ridge_linear,False,1.1359775102048955e-06,1.1965523350029867e-06,1.1948701134939577e-06,1.0000043286636007,32,4.328644106377233e-06,,,,
0,mid,M_AB,M_B,loop_closing,low_rank_residual,False,7.94774761579686e-07,8.613124127229335e-07,8.593821630403717e-07,1.0000045035491316,32,4.50352884973082e-06,,,,
0,mid,M_AB,M_B,loop_closing,whitened_cca,False,4.2926285757921615e-15,4.410441426927964e-15,4.394972387277734e-15,1.0000000000000038,32,3.774758283725532e-15,,,,
0,mid,M_B,M_AB,loop_closing,orthogonal_procrustes,True,1.3108991934751398e-15,1.3138191023365668e-15,1.3066713386351156e-15,1.000000000000002,32,1.887379141862766e-15,2.5963004898715615e-15,1.9898486000485244e-15,1.6321483366196535e-15,2.5996610755403085e-15
0,mid,M_B,M_AB,loop_closing,ridge_linear,False,1.1359775102048955e-06,1.1965523350029867e-06,1.1948701134939577e-06,1.0000043286636007,32,4.328644106377233e-06,,,,
0,mid,M_B,M_AB,loop_closing,low_rank_residual,False,7.94774761579686e-07,8.613124127229335e-07,8.593821630403717e-07,1.0000045035491316,32,4.50352884973082e-06,,,,
0,mid,M_B,M_AB,loop_closing,whitened_cca,False,4.2926285757921615e-15,4.410441426927964e-15,4.394972387277734e-15,1.0000000000000038,32,3.774758283725532e-15,,,,
0,mid,M_AC,M_C,loop_closing,orthogonal_procrustes,True,1.3108991934751398e-15,1.3138191023365668e-15,1.3066713386351156e-15,1.000000000000002,32,1.887379141862766e-15,2.5963004898715615e-15,1.9898486000485244e-15,1.6321483366196535e-15,2.5996610755403085e-15
0,mid,M_AC,M_C,loop_closing,ridge_linear,False,1.1359775102048955e-06,1.1965523350029867e-06,1.1948701134939577e-06,1.0000043286636007,32,4.328644106377233e-06,,,,
0,mid,M_AC,M_C,loop_closing,low_rank_residual,False,7.94774761579686e-07,8.613124127229335e-07,8.593821630403717e-07,1.0000045035491316,32,4.50352884973082e-06,,,,
0,mid,M_AC,M_C,loop_closing,whitened_cca,False,4.2926285757921615e-15,4.410441426927964e-15,4.394972387277734e-15,1.0000000000000038,32,3.774758283725532e-15,,,,
0,mid,M_C,M_AC,loop_closing,orthogonal_procrustes,True,1.3108991934751398e-15,1.3138191023365668e-15,1.3066713386351156e-15,1.000000000000002,32,1.887379141862766e-15,2.5963004898715615e-15,1.9898486000485244e-15,1.6321483366196535e-15,2.5996610755403085e-15
0,mid,M_C,M_AC,loop_closing,ridge_linear,False,1.1359775102048955e-06,1.1965523350029867e-06,1.1948701134939577e-06,1.0000043286636007,32,4.328644106377233e-06,,,,
0,mid,M_C,M_AC,loop_closing,low_rank_residual,False,7.94774761579686e-07,8.613124127229335e-07,8.593821630403717e-07,1.0000045035491316,32,4.50352884973082e-06,,,,
0,mid,M_C,M_AC,loop_closing,whitened_cca,False,4.2926285757921615e-15,4.410441426927964e-15,4.394972387277734e-15,1.0000000000000038,32,3.774758283725532e-15,,,,
0,mid,M_BC,M_C,loop_closing,orthogonal_procrustes,True,1.3108991934751398e-15,1.3138191023365668e-15,1.3066713386351156e-15,1.000000000000002,32,1.887379141862766e-15,2.5963004898715615e-15,1.9898486000485244e-15,1.6321483366196535e-15,2.5996610755403085e-15
0,mid,M_BC,M_C,loop_closing,ridge_linear,False,1.1359775102048955e-06,1.1965523350029867e-06,1.1948701134939577e-06,1.0000043286636007,32,4.328644106377233e-06,,,,
0,mid,M_BC,M_C,loop_closing,low_rank_residual,False,7.94774761579686e-07,8.613124127229335e-07,8.593821630403717e-07,1.0000045035491316,32,4.50352884973082e-06,,,,
0,mid,M_BC,M_C,loop_closing,whitened_cca,False,4.2926285757921615e-15,4.410441426927964e-15,4.394972387277734e-15,1.0000000000000038,32,3.774758283725532e-15,,,,
0,mid,M_C,M_BC,loop_closing,orthogonal_procrustes,True,1.3108991934751398e-15,1.3138191023365668e-15,1.3066713386351156e-15,1.000000000000002,32,1.887379141862766e-15,2.5963004898715615e-15,1.9898486000485244e-15,1.6321483366196535e-15,2.5996610755403085e-15
0,mid,M_C,M_BC,loop_closing,ridge_linear,False,1.1359775102048955e-06,1.1965523350029867e-06,1.1948701134939577e-06,1.0000043286636007,32,4.328644106377233e-06,,,,
0,mid,M_C,M_BC,loop_closing,low_rank_residual,False,7.94774761579686e-07,8.613124127229335e-07,8.593821630403717e-07,1.0000045035491316,32,4.50352884973082e-06,,,,
0,mid,M_C,M_BC,loop_closing,whitened_cca,False,4.2926285757921615e-15,4.410441426927964e-15,4.394972387277734e-15,1.0000000000000038,32,3.774758283725532e-15,,,,
0,mid,M_ABC,M_BAC,same_depth_closing,orthogonal_procrustes,True,1.3108991934751398e-15,1.3138191023365668e-15,1.3066713386351156e-15,1.000000000000002,32,1.887379141862766e-15,2.5963004898715615e-15,1.9898486000485244e-15,1.6321483366196535e-15,2.5996610755403085e-15
0,mid,M_ABC,M_BAC,same_depth_closing,ridge_linear,False,1.1359775102048955e-06,1.1965523350029867e-06,1.1948701134939577e-06,1.0000043286636007,32,4.328644106377233e-06,,,,
0,mid,M_ABC,M_BAC,same_depth_closing,low_rank_residual,False,7.94774761579686e-07,8.613124127229335e-07,8.593821630403717e-07,1.0000045035491316,32,4.50352884973082e-06,,,,
0,mid,M_ABC,M_BAC,same_depth_closing,whitened_cca,False,4.2926285757921615e-15,4.410441426927964e-15,4.394972387277734e-15,1.0000000000000038,32,3.774758283725532e-15,,,,
0,mid,M_BAC,M_ABC,same_depth_closing,orthogonal_procrustes,True,1.3108991934751398e-15,1.3138191023365668e-15,1.3066713386351156e-15,1.000000000000002,32,1.887379141862766e-15,2.5963004898715615e-15,1.9898486000485244e-15,1.6321483366196535e-15,2.5996610755403085e-15
0,mid,M_BAC,M_ABC,same_depth_closing,ridge_linear,False,1.1359775102048955e-06,1.1965523350029867e-06,1.1948701134939577e-06,1.0000043286636007,32,4.328644106377233e-06,,,,
0,mid,M_BAC,M_ABC,same_depth_closing,low_rank_residual,False,7.94774761579686e-07,8.613124127229335e-07,8.593821630403717e-07,1.0000045035491316,32,4.50352884973082e-06,,,,
0,mid,M_BAC,M_ABC,same_depth_closing,whitened_cca,False,4.2926285757921615e-15,4.410441426927964e-15,4.394972387277734e-15,1.0000000000000038,32,3.774758283725532e-15,,,,
0,mid,M_ABC,M_ACB,same_depth_closing,orthogonal_procrustes,True,1.3108991934751398e-15,1.3138191023365668e-15,1.3066713386351156e-15,1.000000000000002,32,1.887379141862766e-15,2.5963004898715615e-15,1.9898486000485244e-15,1.6321483366196535e-15,2.5996610755403085e-15
0,mid,M_ABC,M_ACB,same_depth_closing,ridge_linear,False,1.1359775102048955e-06,1.1965523350029867e-06,1.1948701134939577e-06,1.0000043286636007,32,4.328644106377233e-06,,,,
0,mid,M_ABC,M_ACB,same_depth_closing,low_rank_residual,False,7.94774761579686e-07,8.613124127229335e-07,8.593821630403717e-07,1.0000045035491316,32,4.50352884973082e-06,,,,
0,mid,M_ABC,M_ACB,same_depth_closing,whitened_cca,False,4.2926285757921615e-15,4.410441426927964e-15,4.394972387277734e-15,1.0000000000000038,32,3.774758283725532e-15,,,,
0,mid,M_ACB,M_ABC,same_depth_closing,orthogonal_procrustes,True,1.3108991934751398e-15,1.3138191023365668e-15,1.3066713386351156e-15,1.000000000000002,32,1.887379141862766e-15,2.5963004898715615e-15,1.9898486000485244e-15,1.6321483366196535e-15,2.5996610755403085e-15
0,mid,M_ACB,M_ABC,same_depth_closing,ridge_linear,False,1.1359775102048955e-06,1.1965523350029867e-06,1.1948701134939577e-06,1.0000043286636007,32,4.328644106377233e-06,,,,
0,mid,M_ACB,M_ABC,same_depth_closing,low_rank_residual,False,7.94774761579686e-07,8.613124127229335e-07,8.593821630403717e-07,1.0000045035491316,32,4.50352884973082e-06,,,,
0,mid,M_ACB,M_ABC,same_depth_closing,whitened_cca,False,4.2926285757921615e-15,4.410441426927964e-15,4.394972387277734e-15,1.0000000000000038,32,3.774758283725532e-15,,,,
0,mid,M_ACB,M_CAB,same_depth_closing,orthogonal_procrustes,True,1.3108991934751398e-15,1.3138191023365668e-15,1.3066713386351156e-15,1.000000000000002,32,1.887379141862766e-15,2.5963004898715615e-15,1.9898486000485244e-15,1.6321483366196535e-15,2.5996610755403085e-15
0,mid,M_ACB,M_CAB,same_depth_closing,ridge_linear,False,1.1359775102048955e-06,1.1965523350029867e-06,1.1948701134939577e-06,1.0000043286636007,32,4.328644106377233e-06,,,,
0,mid,M_ACB,M_CAB,same_depth_closing,low_rank_residual,False,7.94774761579686e-07,8.613124127229335e-07,8.593821630403717e-07,1.0000045035491316,32,4.50352884973082e-06,,,,
0,mid,M_ACB,M_CAB,same_depth_closing,whitened_cca,False,4.2926285757921615e-15,4.410441426927964e-15,4.394972387277734e-15,1.0000000000000038,32,3.774758283725532e-15,,,,
0,mid,M_CAB,M_ACB,same_depth_closing,orthogonal_procrustes,True,1.3108991934751398e-15,1.3138191023365668e-15,1.3066713386351156e-15,1.000000000000002,32,1.887379141862766e-15,2.5963004898715615e-15,1.9898486000485244e-15,1.6321483366196535e-15,2.5996610755403085e-15
0,mid,M_CAB,M_ACB,same_depth_closing,ridge_linear,False,1.1359775102048955e-06,1.1965523350029867e-06,1.1948701134939577e-06,1.0000043286636007,32,4.328644106377233e-06,,,,
0,mid,M_CAB,M_ACB,same_depth_closing,low_rank_residual,False,7.94774761579686e-07,8.613124127229335e-07,8.593821630403717e-07,1.0000045035491316,32,4.50352884973082e-06,,,,
0,mid,M_CAB,M_ACB,same_depth_closing,whitened_cca,False,4.2926285757921615e-15,4.410441426927964e-15,4.394972387277734e-15,1.0000000000000038,32,3.774758283725532e-15,,,,
0,mid,M_BAC,M_BCA,same_depth_closing,orthogonal_procrustes,True,1.3108991934751398e-15,1.3138191023365668e-15,1.3066713386351156e-15,1.000000000000002,32,1.887379141862766e-15,2.5963004898715615e-15,1.9898486000485244e-15,1.6321483366196535e-15,2.5996610755403085e-15
0,mid,M_BAC,M_BCA,same_depth_closing,ridge_linear,False,1.1359775102048955e-06,1.1965523350029867e-06,1.1948701134939577e-06,1.0000043286636007,32,4.328644106377233e-06,,,,
0,mid,M_BAC,M_BCA,same_depth_closing,low_rank_residual,False,7.94774761579686e-07,8.613124127229335e-07,8.593821630403717e-07,1.0000045035491316,32,4.50352884973082e-06,,,,
0,mid,M_BAC,M_BCA,same_depth_closing,whitened_cca,False,4.2926285757921615e-15,4.410441426927964e-15,4.394972387277734e-15,1.0000000000000038,32,3.774758283725532e-15,,,,
0,mid,M_BCA,M_BAC,same_depth_closing,orthogonal_procrustes,True,1.3108991934751398e-15,1.3138191023365668e-15,1.3066713386351156e-15,1.000000000000002,32,1.887379141862766e-15,2.5963004898715615e-15,1.9898486000485244e-15,1.6321483366196535e-15,2.5996610755403085e-15
0,mid,M_BCA,M_BAC,same_depth_closing,ridge_linear,False,1.1359775102048955e-06,1.1965523350029867e-06,1.1948701134939577e-06,1.0000043286636007,32,4.328644106377233e-06,,,,
0,mid,M_BCA,M_BAC,same_depth_closing,low_rank_residual,False,7.94774761579686e-07,8.613124127229335e-07,8.593821630403717e-07,1.0000045035491316,32,4.50352884973082e-06,,,,
0,mid,M_BCA,M_BAC,same_depth_closing,whitened_cca,False,4.2926285757921615e-15,4.410441426927964e-15,4.394972387277734e-15,1.0000000000000038,32,3.774758283725532e-15,,,,
0,mid,M_BCA,M_CBA,same_depth_closing,orthogonal_procrustes,True,1.3108991934751398e-15,1.3138191023365668e-15,1.3066713386351156e-15,1.000000000000002,32,1.887379141862766e-15,2.5963004898715615e-15,1.9898486000485244e-15,1.6321483366196535e-15,2.5996610755403085e-15
0,mid,M_BCA,M_CBA,same_depth_closing,ridge_linear,False,1.1359775102048955e-06,1.1965523350029867e-06,1.1948701134939577e-06,1.0000043286636007,32,4.328644106377233e-06,,,,
0,mid,M_BCA,M_CBA,same_depth_closing,low_rank_residual,False,7.94774761579686e-07,8.613124127229335e-07,8.593821630403717e-07,1.0000045035491316,32,4.50352884973082e-06,,,,
0,mid,M_BCA,M_CBA,same_depth_closing,whitened_cca,False,4.2926285757921615e-15,4.410441426927964e-15,4.394972387277734e-15,1.0000000000000038,32,3.774758283725532e-15,,,,
0,mid,M_CBA,M_BCA,same_depth_closing,orthogonal_procrustes,True,1.3108991934751398e-15,1.3138191023365668e-15,1.3066713386351156e-15,1.000000000000002,32,1.887379141862766e-15,2.5963004898715615e-15,1.9898486000485244e-15,1.6321483366196535e-15,2.5996610755403085e-15
0,mid,M_CBA,M_BCA,same_depth_closing,ridge_linear,False,1.1359775102048955e-06,1.1965523350029867e-06,1.1948701134939577e-06,1.0000043286636007,32,4.328644106377233e-06,,,,
0,mid,M_CBA,M_BCA,same_depth_closing,low_rank_residual,False,7.94774761579686e-07,8.613124127229335e-07,8.593821630403717e-07,1.0000045035491316,32,4.50352884973082e-06,,,,
0,mid,M_CBA,M_BCA,same_depth_closing,whitened_cca,False,4.2926285757921615e-15,4.410441426927964e-15,4.394972387277734e-15,1.0000000000000038,32,3.774758283725532e-15,,,,
0,mid,M_CAB,M_CBA,same_depth_closing,orthogonal_procrustes,True,1.3108991934751398e-15,1.3138191023365668e-15,1.3066713386351156e-15,1.000000000000002,32,1.887379141862766e-15,2.5963004898715615e-15,1.9898486000485244e-15,1.6321483366196535e-15,2.5996610755403085e-15
0,mid,M_CAB,M_CBA,same_depth_closing,ridge_linear,False,1.1359775102048955e-06,1.1965523350029867e-06,1.1948701134939577e-06,1.0000043286636007,32,4.328644106377233e-06,,,,
0,mid,M_CAB,M_CBA,same_depth_closing,low_rank_residual,False,7.94774761579686e-07,8.613124127229335e-07,8.593821630403717e-07,1.0000045035491316,32,4.50352884973082e-06,,,,
0,mid,M_CAB,M_CBA,same_depth_closing,whitened_cca,False,4.2926285757921615e-15,4.410441426927964e-15,4.394972387277734e-15,1.0000000000000038,32,3.774758283725532e-15,,,,
0,mid,M_CBA,M_CAB,same_depth_closing,orthogonal_procrustes,True,1.3108991934751398e-15,1.3138191023365668e-15,1.3066713386351156e-15,1.000000000000002,32,1.887379141862766e-15,2.5963004898715615e-15,1.9898486000485244e-15,1.6321483366196535e-15,2.5996610755403085e-15
0,mid,M_CBA,M_CAB,same_depth_closing,ridge_linear,False,1.1359775102048955e-06,1.1965523350029867e-06,1.1948701134939577e-06,1.0000043286636007,32,4.328644106377233e-06,,,,
0,mid,M_CBA,M_CAB,same_depth_closing,low_rank_residual,False,7.94774761579686e-07,8.613124127229335e-07,8.593821630403717e-07,1.0000045035491316,32,4.50352884973082e-06,,,,
0,mid,M_CBA,M_CAB,same_depth_closing,whitened_cca,False,4.2926285757921615e-15,4.410441426927964e-15,4.394972387277734e-15,1.0000000000000038,32,3.774758283725532e-15,,,,
0,mid,M_AB,M_BA,same_depth_closing,orthogonal_procrustes,True,1.3108991934751398e-15,1.3138191023365668e-15,1.3066713386351156e-15,1.000000000000002,32,1.887379141862766e-15,2.5963004898715615e-15,1.9898486000485244e-15,1.6321483366196535e-15,2.5996610755403085e-15
0,mid,M_AB,M_BA,same_depth_closing,ridge_linear,False,1.1359775102048955e-06,1.1965523350029867e-06,1.1948701134939577e-06,1.0000043286636007,32,4.328644106377233e-06,,,,
0,mid,M_AB,M_BA,same_depth_closing,low_rank_residual,False,7.94774761579686e-07,8.613124127229335e-07,8.593821630403717e-07,1.0000045035491316,32,4.50352884973082e-06,,,,
0,mid,M_AB,M_BA,same_depth_closing,whitened_cca,False,4.2926285757921615e-15,4.410441426927964e-15,4.394972387277734e-15,1.0000000000000038,32,3.774758283725532e-15,,,,
0,mid,M_BA,M_AB,same_depth_closing,orthogonal_procrustes,True,1.3108991934751398e-15,1.3138191023365668e-15,1.3066713386351156e-15,1.000000000000002,32,1.887379141862766e-15,2.5963004898715615e-15,1.9898486000485244e-15,1.6321483366196535e-15,2.5996610755403085e-15
0,mid,M_BA,M_AB,same_depth_closing,ridge_linear,False,1.1359775102048955e-06,1.1965523350029867e-06,1.1948701134939577e-06,1.0000043286636007,32,4.328644106377233e-06,,,,
0,mid,M_BA,M_AB,same_depth_closing,low_rank_residual,False,7.94774761579686e-07,8.613124127229335e-07,8.593821630403717e-07,1.0000045035491316,32,4.50352884973082e-06,,,,
0,mid,M_BA,M_AB,same_depth_closing,whitened_cca,False,4.2926285757921615e-15,4.410441426927964e-15,4.394972387277734e-15,1.0000000000000038,32,3.774758283725532e-15,,,,
0,mid,M_AC,M_CA,same_depth_closing,orthogonal_procrustes,True,1.3108991934751398e-15,1.3138191023365668e-15,1.3066713386351156e-15,1.000000000000002,32,1.887379141862766e-15,2.5963004898715615e-15,1.9898486000485244e-15,1.6321483366196535e-15,2.5996610755403085e-15
0,mid,M_AC,M_CA,same_depth_closing,ridge_linear,False,1.1359775102048955e-06,1.1965523350029867e-06,1.1948701134939577e-06,1.0000043286636007,32,4.328644106377233e-06,,,,
0,mid,M_AC,M_CA,same_depth_closing,low_rank_residual,False,7.94774761579686e-07,8.613124127229335e-07,8.593821630403717e-07,1.0000045035491316,32,4.50352884973082e-06,,,,
0,mid,M_AC,M_CA,same_depth_closing,whitened_cca,False,4.2926285757921615e-15,4.410441426927964e-15,4.394972387277734e-15,1.0000000000000038,32,3.774758283725532e-15,,,,
0,mid,M_CA,M_AC,same_depth_closing,orthogonal_procrustes,True,1.3108991934751398e-15,1.3138191023365668e-15,1.3066713386351156e-15,1.000000000000002,32,1.887379141862766e-15,2.5963004898715615e-15,1.9898486000485244e-15,1.6321483366196535e-15,2.5996610755403085e-15
0,mid,M_CA,M_AC,same_depth_closing,ridge_linear,False,1.1359775102048955e-06,1.1965523350029867e-06,1.1948701134939577e-06,1.0000043286636007,32,4.328644106377233e-06,,,,
0,mid,M_CA,M_AC,same_depth_closing,low_rank_residual,False,7.94774761579686e-07,8.613124127229335e-07,8.593821630403717e-07,1.0000045035491316,32,4.50352884973082e-06,,,,
0,mid,M_CA,M_AC,same_depth_closing,whitened_cca,False,4.2926285757921615e-15,4.410441426927964e-15,4.394972387277734e-15,1.0000000000000038,32,3.774758283725532e-15,,,,
0,mid,M_BC,M_CB,same_depth_closing,orthogonal_procrustes,True,1.3108991934751398e-15,1.3138191023365668e-15,1.3066713386351156e-15,1.000000000000002,32,1.887379141862766e-15,2.5963004898715615e-15,1.9898486000485244e-15,1.6321483366196535e-15,2.5996610755403085e-15
0,mid,M_BC,M_CB,same_depth_closing,ridge_linear,False,1.1359775102048955e-06,1.1965523350029867e-06,1.1948701134939577e-06,1.0000043286636007,32,4.328644106377233e-06,,,,
0,mid,M_BC,M_CB,same_depth_closing,low_rank_residual,False,7.94774761579686e-07,8.613124127229335e-07,8.593821630403717e-07,1.0000045035491316,32,4.50352884973082e-06,,,,
0,mid,M_BC,M_CB,same_depth_closing,whitened_cca,False,4.2926285757921615e-15,4.410441426927964e-15,4.394972387277734e-15,1.0000000000000038,32,3.774758283725532e-15,,,,
0,mid,M_CB,M_BC,same_depth_closing,orthogonal_procrustes,True,1.3108991934751398e-15,1.3138191023365668e-15,1.3066713386351156e-15,1.000000000000002,32,1.887379141862766e-15,2.5963004898715615e-15,1.9898486000485244e-15,1.6321483366196535e-15,2.5996610755403085e-15
0,mid,M_CB,M_BC,same_depth_closing,ridge_linear,False,1.1359775102048955e-06,1.1965523350029867e-06,1.1948701134939577e-06,1.0000043286636007,32,4.328644106377233e-06,,,,
0,mid,M_CB,M_BC,same_depth_closing,low_rank_residual,False,7.94774761579686e-07,8.613124127229335e-07,8.593821630403717e-07,1.0000045035491316,32,4.50352884973082e-06,,,,
0,mid,M_CB,M_BC,same_depth_closing,whitened_cca,False,4.2926285757921615e-15,4.410441426927964e-15,4.394972387277734e-15,1.0000000000000038,32,3.774758283725532e-15,,,,
0,mid,M_A,M_B,same_depth_closing,orthogonal_procrustes,True,1.3108991934751398e-15,1.3138191023365668e-15,1.3066713386351156e-15,1.000000000000002,32,1.887379141862766e-15,2.5963004898715615e-15,1.9898486000485244e-15,1.6321483366196535e-15,2.5996610755403085e-15
0,mid,M_A,M_B,same_depth_closing,ridge_linear,False,1.1359775102048955e-06,1.1965523350029867e-06,1.1948701134939577e-06,1.0000043286636007,32,4.328644106377233e-06,,,,
0,mid,M_A,M_B,same_depth_closing,low_rank_residual,False,7.94774761579686e-07,8.613124127229335e-07,8.593821630403717e-07,1.0000045035491316,32,4.50352884973082e-06,,,,
0,mid,M_A,M_B,same_depth_closing,whitened_cca,False,4.2926285757921615e-15,4.410441426927964e-15,4.394972387277734e-15,1.0000000000000038,32,3.774758283725532e-15,,,,
0,mid,M_B,M_A,same_depth_closing,orthogonal_procrustes,True,1.3108991934751398e-15,1.3138191023365668e-15,1.3066713386351156e-15,1.000000000000002,32,1.887379141862766e-15,2.5963004898715615e-15,1.9898486000485244e-15,1.6321483366196535e-15,2.5996610755403085e-15
0,mid,M_B,M_A,same_depth_closing,ridge_linear,False,1.1359775102048955e-06,1.1965523350029867e-06,1.1948701134939577e-06,1.0000043286636007,32,4.328644106377233e-06,,,,
0,mid,M_B,M_A,same_depth_closing,low_rank_residual,False,7.94774761579686e-07,8.613124127229335e-07,8.593821630403717e-07,1.0000045035491316,32,4.50352884973082e-06,,,,
0,mid,M_B,M_A,same_depth_closing,whitened_cca,False,4.2926285757921615e-15,4.410441426927964e-15,4.394972387277734e-15,1.0000000000000038,32,3.774758283725532e-15,,,,
0,mid,M_A,M_C,same_depth_closing,orthogonal_procrustes,True,1.3108991934751398e-15,1.3138191023365668e-15,1.3066713386351156e-15,1.000000000000002,32,1.887379141862766e-15,2.5963004898715615e-15,1.9898486000485244e-15,1.6321483366196535e-15,2.5996610755403085e-15
0,mid,M_A,M_C,same_depth_closing,ridge_linear,False,1.1359775102048955e-06,1.1965523350029867e-06,1.1948701134939577e-06,1.0000043286636007,32,4.328644106377233e-06,,,,
0,mid,M_A,M_C,same_depth_closing,low_rank_residual,False,7.94774761579686e-07,8.613124127229335e-07,8.593821630403717e-07,1.0000045035491316,32,4.50352884973082e-06,,,,
0,mid,M_A,M_C,same_depth_closing,whitened_cca,False,4.2926285757921615e-15,4.410441426927964e-15,4.394972387277734e-15,1.0000000000000038,32,3.774758283725532e-15,,,,
0,mid,M_C,M_A,same_depth_closing,orthogonal_procrustes,True,1.3108991934751398e-15,1.3138191023365668e-15,1.3066713386351156e-15,1.000000000000002,32,1.887379141862766e-15,2.5963004898715615e-15,1.9898486000485244e-15,1.6321483366196535e-15,2.5996610755403085e-15
0,mid,M_C,M_A,same_depth_closing,ridge_linear,False,1.1359775102048955e-06,1.1965523350029867e-06,1.1948701134939577e-06,1.0000043286636007,32,4.328644106377233e-06,,,,
0,mid,M_C,M_A,same_depth_closing,low_rank_residual,False,7.94774761579686e-07,8.613124127229335e-07,8.593821630403717e-07,1.0000045035491316,32,4.50352884973082e-06,,,,
0,mid,M_C,M_A,same_depth_closing,whitened_cca,False,4.2926285757921615e-15,4.410441426927964e-15,4.394972387277734e-15,1.0000000000000038,32,3.774758283725532e-15,,,,
0,mid,M_B,M_C,same_depth_closing,orthogonal_procrustes,True,1.3108991934751398e-15,1.3138191023365668e-15,1.3066713386351156e-15,1.000000000000002,32,1.887379141862766e-15,2.5963004898715615e-15,1.9898486000485244e-15,1.6321483366196535e-15,2.5996610755403085e-15
0,mid,M_B,M_C,same_depth_closing,ridge_linear,False,1.1359775102048955e-06,1.1965523350029867e-06,1.1948701134939577e-06,1.0000043286636007,32,4.328644106377233e-06,,,,
0,mid,M_B,M_C,same_depth_closing,low_rank_residual,False,7.94774761579686e-07,8.613124127229335e-07,8.593821630403717e-07,1.0000045035491316,32,4.50352884973082e-06,,,,
0,mid,M_B,M_C,same_depth_closing,whitened_cca,False,4.2926285757921615e-15,4.410441426927964e-15,4.394972387277734e-15,1.0000000000000038,32,3.774758283725532e-15,,,,
0,mid,M_C,M_B,same_depth_closing,orthogonal_procrustes,True,1.3108991934751398e-15,1.3138191023365668e-15,1.3066713386351156e-15,1.000000000000002,32,1.887379141862766e-15,2.5963004898715615e-15,1.9898486000485244e-15,1.6321483366196535e-15,2.5996610755403085e-15
0,mid,M_C,M_B,same_depth_closing,ridge_linear,False,1.1359775102048955e-06,1.1965523350029867e-06,1.1948701134939577e-06,1.0000043286636007,32,4.328644106377233e-06,,,,
0,mid,M_C,M_B,same_depth_closing,low_rank_residual,False,7.94774761579686e-07,8.613124127229335e-07,8.593821630403717e-07,1.0000045035491316,32,4.50352884973082e-06,,,,
0,mid,M_C,M_B,same_depth_closing,whitened_cca,False,4.2926285757921615e-15,4.410441426927964e-15,4.394972387277734e-15,1.0000000000000038,32,3.774758283725532e-15,,,,
0,late,M0,M_A,forward_lineage,orthogonal_procrustes,True,1.9872152554625214e-15,1.9767284851002902e-15,1.9555563551800966e-15,1.0000000000000016,64,1.4432899320127035e-15,3.8878469334186305e-15,2.6481144900056975e-15,2.4735782084083593e-15,2.9533804995860336e-15
0,late,M0,M_A,forward_lineage,ridge_linear,False,1.3467285894102018e-06,1.5251375501185923e-06,1.5152073154524933e-06,1.0000058464331478,64,5.846398160147537e-06,,,,
0,late,M0,M_A,forward_lineage,low_rank_residual,False,7.192713518165806e-07,9.04929809796661e-07,8.998169528687578e-07,1.0000059844927325,64,5.984456918572967e-06,,,,
0,late,M0,M_A,forward_lineage,whitened_cca,False,4.718003972515272e-15,4.878145526153779e-15,4.820433724197847e-15,1.0000000000000036,64,3.552713678800501e-15,,,,
0,late,M_A,M0,reverse_lineage,orthogonal_procrustes,True,1.9872152554625214e-15,1.9767284851002902e-15,1.9555563551800966e-15,1.0000000000000016,64,1.4432899320127035e-15,3.8878469334186305e-15,2.6481144900056975e-15,2.4735782084083593e-15,2.9533804995860336e-15
0,late,M_A,M0,reverse_lineage,ridge_linear,False,1.3467285894102018e-06,1.5251375501185923e-06,1.5152073154524933e-06,1.0000058464331478,64,5.846398160147537e-06,,,,
0,late,M_A,M0,reverse_lineage,low_rank_residual,False,7.192713518165806e-07,9.04929809796661e-07,8.998169528687578e-07,1.0000059844927325,64,5.984456918572967e-06,,,,
0,late,M_A,M0,reverse_lineage,whitened_cca,False,4.718003972515272e-15,4.878145526153779e-15,4.820433724197847e-15,1.0000000000000036,64,3.552713678800501e-15,,,,
0,late,M0,M_B,forward_lineage,orthogonal_procrustes,True,1.9872152554625214e-15,1.9767284851002902e-15,1.9555563551800966e-15,1.0000000000000016,64,1.4432899320127035e-15,3.8878469334186305e-15,2.6481144900056975e-15,2.4735782084083593e-15,2.9533804995860336e-15
0,late,M0,M_B,forward_lineage,ridge_linear,False,1.3467285894102018e-06,1.5251375501185923e-06,1.5152073154524933e-06,1.0000058464331478,64,5.846398160147537e-06,,,,
0,late,M0,M_B,forward_lineage,low_rank_residual,False,7.192713518165806e-07,9.04929809796661e-07,8.998169528687578e-07,1.0000059844927325,64,5.984456918572967e-06,,,,
0,late,M0,M_B,forward_lineage,whitened_cca,False,4.718003972515272e-15,4.878145526153779e-15,4.820433724197847e-15,1.0000000000000036,64,3.552713678800501e-15,,,,
0,late,M_B,M0,reverse_lineage,orthogonal_procrustes,True,1.9872152554625214e-15,1.9767284851002902e-15,1.9555563551800966e-15,1.0000000000000016,64,1.4432899320127035e-15,3.8878469334186305e-15,2.6481144900056975e-15,2.4735782084083593e-15,2.9533804995860336e-15
0,late,M_B,M0,reverse_lineage,ridge_linear,False,1.3467285894102018e-06,1.5251375501185923e-06,1.5152073154524933e-06,1.0000058464331478,64,5.846398160147537e-06,,,,
0,late,M_B,M0,reverse_lineage,low_rank_residual,False,7.192713518165806e-07,9.04929809796661e-07,8.998169528687578e-07,1.0000059844927325,64,5.984456918572967e-06,,,,
0,late,M_B,M0,reverse_lineage,whitened_cca,False,4.718003972515272e-15,4.878145526153779e-15,4.820433724197847e-15,1.0000000000000036,64,3.552713678800501e-15,,,,
0,late,M0,M_C,forward_lineage,orthogonal_procrustes,True,1.9872152554625214e-15,1.9767284851002902e-15,1.9555563551800966e-15,1.0000000000000016,64,1.4432899320127035e-15,3.8878469334186305e-15,2.6481144900056975e-15,2.4735782084083593e-15,2.9533804995860336e-15
0,late,M0,M_C,forward_lineage,ridge_linear,False,1.3467285894102018e-06,1.5251375501185923e-06,1.5152073154524933e-06,1.0000058464331478,64,5.846398160147537e-06,,,,
0,late,M0,M_C,forward_lineage,low_rank_residual,False,7.192713518165806e-07,9.04929809796661e-07,8.998169528687578e-07,1.0000059844927325,64,5.984456918572967e-06,,,,
0,late,M0,M_C,forward_lineage,whitened_cca,False,4.718003972515272e-15,4.878145526153779e-15,4.820433724197847e-15,1.0000000000000036,64,3.552713678800501e-15,,,,
0,late,M_C,M0,reverse_lineage,orthogonal_procrustes,True,1.9872152554625214e-15,1.9767284851002902e-15,1.9555563551800966e-15,1.0000000000000016,64,1.4432899320127035e-15,3.8878469334186305e-15,2.6481144900056975e-15,2.4735782084083593e-15,2.9533804995860336e-15
0,late,M_C,M0,reverse_lineage,ridge_linear,False,1.3467285894102018e-06,1.5251375501185923e-06,1.5152073154524933e-06,1.0000058464331478,64,5.846398160147537e-06,,,,
0,late,M_C,M0,reverse_lineage,low_rank_residual,False,7.192713518165806e-07,9.04929809796661e-07,8.998169528687578e-07,1.0000059844927325,64,5.984456918572967e-06,,,,
0,late,M_C,M0,reverse_lineage,whitened_cca,False,4.718003972515272e-15,4.878145526153779e-15,4.820433724197847e-15,1.0000000000000036,64,3.552713678800501e-15,,,,
0,late,M_A,M_AB,forward_lineage,orthogonal_procrustes,True,1.9872152554625214e-15,1.9767284851002902e-15,1.9555563551800966e-15,1.0000000000000016,64,1.4432899320127035e-15,3.8878469334186305e-15,2.6481144900056975e-15,2.4735782084083593e-15,2.9533804995860336e-15
0,late,M_A,M_AB,forward_lineage,ridge_linear,False,1.3467285894102018e-06,1.5251375501185923e-06,1.5152073154524933e-06,1.0000058464331478,64,5.846398160147537e-06,,,,
0,late,M_A,M_AB,forward_lineage,low_rank_residual,False,7.192713518165806e-07,9.04929809796661e-07,8.998169528687578e-07,1.0000059844927325,64,5.984456918572967e-06,,,,
0,late,M_A,M_AB,forward_lineage,whitened_cca,False,4.718003972515272e-15,4.878145526153779e-15,4.820433724197847e-15,1.0000000000000036,64,3.552713678800501e-15,,,,
0,late,M_AB,M_A,reverse_lineage,orthogonal_procrustes,True,1.9872152554625214e-15,1.9767284851002902e-15,1.9555563551800966e-15,1.0000000000000016,64,1.4432899320127035e-15,3.8878469334186305e-15,2.6481144900056975e-15,2.4735782084083593e-15,2.9533804995860336e-15
0,late,M_AB,M_A,reverse_lineage,ridge_linear,False,1.3467285894102018e-06,1.5251375501185923e-06,1.5152073154524933e-06,1.0000058464331478,64,5.846398160147537e-06,,,,
0,late,M_AB,M_A,reverse_lineage,low_rank_residual,False,7.192713518165806e-07,9.04929809796661e-07,8.998169528687578e-07,1.0000059844927325,64,5.984456918572967e-06,,,,
0,late,M_AB,M_A,reverse_lineage,whitened_cca,False,4.718003972515272e-15,4.878145526153779e-15,4.820433724197847e-15,1.0000000000000036,64,3.552713678800501e-15,,,,
0,late,M_A,M_AC,forward_lineage,orthogonal_procrustes,True,1.9872152554625214e-15,1.9767284851002902e-15,1.9555563551800966e-15,1.0000000000000016,64,1.4432899320127035e-15,3.8878469334186305e-15,2.6481144900056975e-15,2.4735782084083593e-15,2.9533804995860336e-15
0,late,M_A,M_AC,forward_lineage,ridge_linear,False,1.3467285894102018e-06,1.5251375501185923e-06,1.5152073154524933e-06,1.0000058464331478,64,5.846398160147537e-06,,,,
0,late,M_A,M_AC,forward_lineage,low_rank_residual,False,7.192713518165806e-07,9.04929809796661e-07,8.998169528687578e-07,1.0000059844927325,64,5.984456918572967e-06,,,,
0,late,M_A,M_AC,forward_lineage,whitened_cca,False,4.718003972515272e-15,4.878145526153779e-15,4.820433724197847e-15,1.0000000000000036,64,3.552713678800501e-15,,,,
0,late,M_AC,M_A,reverse_lineage,orthogonal_procrustes,True,1.9872152554625214e-15,1.9767284851002902e-15,1.9555563551800966e-15,1.0000000000000016,64,1.4432899320127035e-15,3.8878469334186305e-15,2.6481144900056975e-15,2.4735782084083593e-15,2.9533804995860336e-15
0,late,M_AC,M_A,reverse_lineage,ridge_linear,False,1.3467285894102018e-06,1.5251375501185923e-06,1.5152073154524933e-06,1.0000058464331478,64,5.846398160147537e-06,,,,
0,late,M_AC,M_A,reverse_lineage,low_rank_residual,False,7.192713518165806e-07,9.04929809796661e-07,8.998169528687578e-07,1.0000059844927325,64,5.984456918572967e-06,,,,
0,late,M_AC,M_A,reverse_lineage,whitened_cca,False,4.718003972515272e-15,4.878145526153779e-15,4.820433724197847e-15,1.0000000000000036,64,3.552713678800501e-15,,,,
0,late,M_B,M_BA,forward_lineage,orthogonal_procrustes,True,1.9872152554625214e-15,1.9767284851002902e-15,1.9555563551800966e-15,1.0000000000000016,64,1.4432899320127035e-15,3.8878469334186305e-15,2.6481144900056975e-15,2.4735782084083593e-15,2.9533804995860336e-15
0,late,M_B,M_BA,forward_lineage,ridge_linear,False,1.3467285894102018e-06,1.5251375501185923e-06,1.5152073154524933e-06,1.0000058464331478,64,5.846398160147537e-06,,,,
0,late,M_B,M_BA,forward_lineage,low_rank_residual,False,7.192713518165806e-07,9.04929809796661e-07,8.998169528687578e-07,1.0000059844927325,64,5.984456918572967e-06,,,,
0,late,M_B,M_BA,forward_lineage,whitened_cca,False,4.718003972515272e-15,4.878145526153779e-15,4.820433724197847e-15,1.0000000000000036,64,3.552713678800501e-15,,,,
0,late,M_BA,M_B,reverse_lineage,orthogonal_procrustes,True,1.9872152554625214e-15,1.9767284851002902e-15,1.9555563551800966e-15,1.0000000000000016,64,1.4432899320127035e-15,3.8878469334186305e-15,2.6481144900056975e-15,2.4735782084083593e-15,2.9533804995860336e-15
0,late,M_BA,M_B,reverse_lineage,ridge_linear,False,1.3467285894102018e-06,1.5251375501185923e-06,1.5152073154524933e-06,1.0000058464331478,64,5.846398160147537e-06,,,,
0,late,M_BA,M_B,reverse_lineage,low_rank_residual,False,7.192713518165806e-07,9.04929809796661e-07,8.998169528687578e-07,1.0000059844927325,64,5.984456918572967e-06,,,,
0,late,M_BA,M_B,reverse_lineage,whitened_cca,False,4.718003972515272e-15,4.878145526153779e-15,4.820433724197847e-15,1.0000000000000036,64,3.552713678800501e-15,,,,
0,late,M_B,M_BC,forward_lineage,orthogonal_procrustes,True,1.9872152554625214e-15,1.9767284851002902e-15,1.9555563551800966e-15,1.0000000000000016,64,1.4432899320127035e-15,3.8878469334186305e-15,2.6481144900056975e-15,2.4735782084083593e-15,2.9533804995860336e-15
0,late,M_B,M_BC,forward_lineage,ridge_linear,False,1.3467285894102018e-06,1.5251375501185923e-06,1.5152073154524933e-06,1.0000058464331478,64,5.846398160147537e-06,,,,
0,late,M_B,M_BC,forward_lineage,low_rank_residual,False,7.192713518165806e-07,9.04929809796661e-07,8.998169528687578e-07,1.0000059844927325,64,5.984456918572967e-06,,,,
0,late,M_B,M_BC,forward_lineage,whitened_cca,False,4.718003972515272e-15,4.878145526153779e-15,4.820433724197847e-15,1.0000000000000036,64,3.552713678800501e-15,,,,
0,late,M_BC,M_B,reverse_lineage,orthogonal_procrustes,True,1.9872152554625214e-15,1.9767284851002902e-15,1.9555563551800966e-15,1.0000000000000016,64,1.4432899320127035e-15,3.8878469334186305e-15,2.6481144900056975e-15,2.4735782084083593e-15,2.9533804995860336e-15
0,late,M_BC,M_B,reverse_lineage,ridge_linear,False,1.3467285894102018e-06,1.5251375501185923e-06,1.5152073154524933e-06,1.0000058464331478,64,5.846398160147537e-06,,,,
0,late,M_BC,M_B,reverse_lineage,low_rank_residual,False,7.192713518165806e-07,9.04929809796661e-07,8.998169528687578e-07,1.0000059844927325,64,5.984456918572967e-06,,,,
0,late,M_BC,M_B,reverse_lineage,whitened_cca,False,4.718003972515272e-15,4.878145526153779e-15,4.820433724197847e-15,1.0000000000000036,64,3.552713678800501e-15,,,,
0,late,M_C,M_CA,forward_lineage,orthogonal_procrustes,True,1.9872152554625214e-15,1.9767284851002902e-15,1.9555563551800966e-15,1.0000000000000016,64,1.4432899320127035e-15,3.8878469334186305e-15,2.6481144900056975e-15,2.4735782084083593e-15,2.9533804995860336e-15
0,late,M_C,M_CA,forward_lineage,ridge_linear,False,1.3467285894102018e-06,1.5251375501185923e-06,1.5152073154524933e-06,1.0000058464331478,64,5.846398160147537e-06,,,,
0,late,M_C,M_CA,forward_lineage,low_rank_residual,False,7.192713518165806e-07,9.04929809796661e-07,8.998169528687578e-07,1.0000059844927325,64,5.984456918572967e-06,,,,
0,late,M_C,M_CA,forward_lineage,whitened_cca,False,4.718003972515272e-15,4.878145526153779e-15,4.820433724197847e-15,1.0000000000000036,64,3.552713678800501e-15,,,,
0,late,M_CA,M_C,reverse_lineage,orthogonal_procrustes,True,1.9872152554625214e-15,1.9767284851002902e-15,1.9555563551800966e-15,1.0000000000000016,64,1.4432899320127035e-15,3.8878469334186305e-15,2.6481144900056975e-15,2.4735782084083593e-15,2.9533804995860336e-15
0,late,M_CA,M_C,reverse_lineage,ridge_linear,False,1.3467285894102018e-06,1.5251375501185923e-06,1.5152073154524933e-06,1.0000058464331478,64,5.846398160147537e-06,,,,
0,late,M_CA,M_C,reverse_lineage,low_rank_residual,False,7.192713518165806e-07,9.04929809796661e-07,8.998169528687578e-07,1.0000059844927325,64,5.984456918572967e-06,,,,
0,late,M_CA,M_C,reverse_lineage,whitened_cca,False,4.718003972515272e-15,4.878145526153779e-15,4.820433724197847e-15,1.0000000000000036,64,3.552713678800501e-15,,,,
0,late,M_C,M_CB,forward_lineage,orthogonal_procrustes,True,1.9872152554625214e-15,1.9767284851002902e-15,1.9555563551800966e-15,1.0000000000000016,64,1.4432899320127035e-15,3.8878469334186305e-15,2.6481144900056975e-15,2.4735782084083593e-15,2.9533804995860336e-15
0,late,M_C,M_CB,forward_lineage,ridge_linear,False,1.3467285894102018e-06,1.5251375501185923e-06,1.5152073154524933e-06,1.0000058464331478,64,5.846398160147537e-06,,,,
0,late,M_C,M_CB,forward_lineage,low_rank_residual,False,7.192713518165806e-07,9.04929809796661e-07,8.998169528687578e-07,1.0000059844927325,64,5.984456918572967e-06,,,,
0,late,M_C,M_CB,forward_lineage,whitened_cca,False,4.718003972515272e-15,4.878145526153779e-15,4.820433724197847e-15,1.0000000000000036,64,3.552713678800501e-15,,,,
0,late,M_CB,M_C,reverse_lineage,orthogonal_procrustes,True,1.9872152554625214e-15,1.9767284851002902e-15,1.9555563551800966e-15,1.0000000000000016,64,1.4432899320127035e-15,3.8878469334186305e-15,2.6481144900056975e-15,2.4735782084083593e-15,2.9533804995860336e-15
0,late,M_CB,M_C,reverse_lineage,ridge_linear,False,1.3467285894102018e-06,1.5251375501185923e-06,1.5152073154524933e-06,1.0000058464331478,64,5.846398160147537e-06,,,,
0,late,M_CB,M_C,reverse_lineage,low_rank_residual,False,7.192713518165806e-07,9.04929809796661e-07,8.998169528687578e-07,1.0000059844927325,64,5.984456918572967e-06,,,,
0,late,M_CB,M_C,reverse_lineage,whitened_cca,False,4.718003972515272e-15,4.878145526153779e-15,4.820433724197847e-15,1.0000000000000036,64,3.552713678800501e-15,,,,
0,late,M_AB,M_ABC,forward_lineage,orthogonal_procrustes,True,1.9872152554625214e-15,1.9767284851002902e-15,1.9555563551800966e-15,1.0000000000000016,64,1.4432899320127035e-15,3.8878469334186305e-15,2.6481144900056975e-15,2.4735782084083593e-15,2.9533804995860336e-15
0,late,M_AB,M_ABC,forward_lineage,ridge_linear,False,1.3467285894102018e-06,1.5251375501185923e-06,1.5152073154524933e-06,1.0000058464331478,64,5.846398160147537e-06,,,,
0,late,M_AB,M_ABC,forward_lineage,low_rank_residual,False,7.192713518165806e-07,9.04929809796661e-07,8.998169528687578e-07,1.0000059844927325,64,5.984456918572967e-06,,,,
0,late,M_AB,M_ABC,forward_lineage,whitened_cca,False,4.718003972515272e-15,4.878145526153779e-15,4.820433724197847e-15,1.0000000000000036,64,3.552713678800501e-15,,,,
0,late,M_ABC,M_AB,reverse_lineage,orthogonal_procrustes,True,1.9872152554625214e-15,1.9767284851002902e-15,1.9555563551800966e-15,1.0000000000000016,64,1.4432899320127035e-15,3.8878469334186305e-15,2.6481144900056975e-15,2.4735782084083593e-15,2.9533804995860336e-15
0,late,M_ABC,M_AB,reverse_lineage,ridge_linear,False,1.3467285894102018e-06,1.5251375501185923e-06,1.5152073154524933e-06,1.0000058464331478,64,5.846398160147537e-06,,,,
0,late,M_ABC,M_AB,reverse_lineage,low_rank_residual,False,7.192713518165806e-07,9.04929809796661e-07,8.998169528687578e-07,1.0000059844927325,64,5.984456918572967e-06,,,,
0,late,M_ABC,M_AB,reverse_lineage,whitened_cca,False,4.718003972515272e-15,4.878145526153779e-15,4.820433724197847e-15,1.0000000000000036,64,3.552713678800501e-15,,,,
0,late,M_AC,M_ACB,forward_lineage,orthogonal_procrustes,True,1.9872152554625214e-15,1.9767284851002902e-15,1.9555563551800966e-15,1.0000000000000016,64,1.4432899320127035e-15,3.8878469334186305e-15,2.6481144900056975e-15,2.4735782084083593e-15,2.9533804995860336e-15
0,late,M_AC,M_ACB,forward_lineage,ridge_linear,False,1.3467285894102018e-06,1.5251375501185923e-06,1.5152073154524933e-06,1.0000058464331478,64,5.846398160147537e-06,,,,
0,late,M_AC,M_ACB,forward_lineage,low_rank_residual,False,7.192713518165806e-07,9.04929809796661e-07,8.998169528687578e-07,1.0000059844927325,64,5.984456918572967e-06,,,,
0,late,M_AC,M_ACB,forward_lineage,whitened_cca,False,4.718003972515272e-15,4.878145526153779e-15,4.820433724197847e-15,1.0000000000000036,64,3.552713678800501e-15,,,,
0,late,M_ACB,M_AC,reverse_lineage,orthogonal_procrustes,True,1.9872152554625214e-15,1.9767284851002902e-15,1.9555563551800966e-15,1.0000000000000016,64,1.4432899320127035e-15,3.8878469334186305e-15,2.6481144900056975e-15,2.4735782084083593e-15,2.9533804995860336e-15
0,late,M_ACB,M_AC,reverse_lineage,ridge_linear,False,1.3467285894102018e-06,1.5251375501185923e-06,1.5152073154524933e-06,1.0000058464331478,64,5.846398160147537e-06,,,,
0,late,M_ACB,M_AC,reverse_lineage,low_rank_residual,False,7.192713518165806e-07,9.04929809796661e-07,8.998169528687578e-07,1.0000059844927325,64,5.984456918572967e-06,,,,
0,late,M_ACB,M_AC,reverse_lineage,whitened_cca,False,4.718003972515272e-15,4.878145526153779e-15,4.820433724197847e-15,1.0000000000000036,64,3.552713678800501e-15,,,,
0,late,M_BA,M_BAC,forward_lineage,orthogonal_procrustes,True,1.9872152554625214e-15,1.9767284851002902e-15,1.9555563551800966e-15,1.0000000000000016,64,1.4432899320127035e-15,3.8878469334186305e-15,2.6481144900056975e-15,2.4735782084083593e-15,2.9533804995860336e-15
0,late,M_BA,M_BAC,forward_lineage,ridge_linear,False,1.3467285894102018e-06,1.5251375501185923e-06,1.5152073154524933e-06,1.0000058464331478,64,5.846398160147537e-06,,,,
0,late,M_BA,M_BAC,forward_lineage,low_rank_residual,False,7.192713518165806e-07,9.04929809796661e-07,8.998169528687578e-07,1.0000059844927325,64,5.984456918572967e-06,,,,
0,late,M_BA,M_BAC,forward_lineage,whitened_cca,False,4.718003972515272e-15,4.878145526153779e-15,4.820433724197847e-15,1.0000000000000036,64,3.552713678800501e-15,,,,
0,late,M_BAC,M_BA,reverse_lineage,orthogonal_procrustes,True,1.9872152554625214e-15,1.9767284851002902e-15,1.9555563551800966e-15,1.0000000000000016,64,1.4432899320127035e-15,3.8878469334186305e-15,2.6481144900056975e-15,2.4735782084083593e-15,2.9533804995860336e-15
0,late,M_BAC,M_BA,reverse_lineage,ridge_linear,False,1.3467285894102018e-06,1.5251375501185923e-06,1.5152073154524933e-06,1.0000058464331478,64,5.846398160147537e-06,,,,
0,late,M_BAC,M_BA,reverse_lineage,low_rank_residual,False,7.192713518165806e-07,9.04929809796661e-07,8.998169528687578e-07,1.0000059844927325,64,5.984456918572967e-06,,,,
0,late,M_BAC,M_BA,reverse_lineage,whitened_cca,False,4.718003972515272e-15,4.878145526153779e-15,4.820433724197847e-15,1.0000000000000036,64,3.552713678800501e-15,,,,
0,late,M_BC,M_BCA,forward_lineage,orthogonal_procrustes,True,1.9872152554625214e-15,1.9767284851002902e-15,1.9555563551800966e-15,1.0000000000000016,64,1.4432899320127035e-15,3.8878469334186305e-15,2.6481144900056975e-15,2.4735782084083593e-15,2.9533804995860336e-15
0,late,M_BC,M_BCA,forward_lineage,ridge_linear,False,1.3467285894102018e-06,1.5251375501185923e-06,1.5152073154524933e-06,1.0000058464331478,64,5.846398160147537e-06,,,,
0,late,M_BC,M_BCA,forward_lineage,low_rank_residual,False,7.192713518165806e-07,9.04929809796661e-07,8.998169528687578e-07,1.0000059844927325,64,5.984456918572967e-06,,,,
0,late,M_BC,M_BCA,forward_lineage,whitened_cca,False,4.718003972515272e-15,4.878145526153779e-15,4.820433724197847e-15,1.0000000000000036,64,3.552713678800501e-15,,,,
0,late,M_BCA,M_BC,reverse_lineage,orthogonal_procrustes,True,1.9872152554625214e-15,1.9767284851002902e-15,1.9555563551800966e-15,1.0000000000000016,64,1.4432899320127035e-15,3.8878469334186305e-15,2.6481144900056975e-15,2.4735782084083593e-15,2.9533804995860336e-15
0,late,M_BCA,M_BC,reverse_lineage,ridge_linear,False,1.3467285894102018e-06,1.5251375501185923e-06,1.5152073154524933e-06,1.0000058464331478,64,5.846398160147537e-06,,,,
0,late,M_BCA,M_BC,reverse_lineage,low_rank_residual,False,7.192713518165806e-07,9.04929809796661e-07,8.998169528687578e-07,1.0000059844927325,64,5.984456918572967e-06,,,,
0,late,M_BCA,M_BC,reverse_lineage,whitened_cca,False,4.718003972515272e-15,4.878145526153779e-15,4.820433724197847e-15,1.0000000000000036,64,3.552713678800501e-15,,,,
0,late,M_CA,M_CAB,forward_lineage,orthogonal_procrustes,True,1.9872152554625214e-15,1.9767284851002902e-15,1.9555563551800966e-15,1.0000000000000016,64,1.4432899320127035e-15,3.8878469334186305e-15,2.6481144900056975e-15,2.4735782084083593e-15,2.9533804995860336e-15
0,late,M_CA,M_CAB,forward_lineage,ridge_linear,False,1.3467285894102018e-06,1.5251375501185923e-06,1.5152073154524933e-06,1.0000058464331478,64,5.846398160147537e-06,,,,
0,late,M_CA,M_CAB,forward_lineage,low_rank_residual,False,7.192713518165806e-07,9.04929809796661e-07,8.998169528687578e-07,1.0000059844927325,64,5.984456918572967e-06,,,,
0,late,M_CA,M_CAB,forward_lineage,whitened_cca,False,4.718003972515272e-15,4.878145526153779e-15,4.820433724197847e-15,1.0000000000000036,64,3.552713678800501e-15,,,,
0,late,M_CAB,M_CA,reverse_lineage,orthogonal_procrustes,True,1.9872152554625214e-15,1.9767284851002902e-15,1.9555563551800966e-15,1.0000000000000016,64,1.4432899320127035e-15,3.8878469334186305e-15,2.6481144900056975e-15,2.4735782084083593e-15,2.9533804995860336e-15
0,late,M_CAB,M_CA,reverse_lineage,ridge_linear,False,1.3467285894102018e-06,1.5251375501185923e-06,1.5152073154524933e-06,1.0000058464331478,64,5.846398160147537e-06,,,,
0,late,M_CAB,M_CA,reverse_lineage,low_rank_residual,False,7.192713518165806e-07,9.04929809796661e-07,8.998169528687578e-07,1.0000059844927325,64,5.984456918572967e-06,,,,
0,late,M_CAB,M_CA,reverse_lineage,whitened_cca,False,4.718003972515272e-15,4.878145526153779e-15,4.820433724197847e-15,1.0000000000000036,64,3.552713678800501e-15,,,,
0,late,M_CB,M_CBA,forward_lineage,orthogonal_procrustes,True,1.9872152554625214e-15,1.9767284851002902e-15,1.9555563551800966e-15,1.0000000000000016,64,1.4432899320127035e-15,3.8878469334186305e-15,2.6481144900056975e-15,2.4735782084083593e-15,2.9533804995860336e-15
0,late,M_CB,M_CBA,forward_lineage,ridge_linear,False,1.3467285894102018e-06,1.5251375501185923e-06,1.5152073154524933e-06,1.0000058464331478,64,5.846398160147537e-06,,,,
0,late,M_CB,M_CBA,forward_lineage,low_rank_residual,False,7.192713518165806e-07,9.04929809796661e-07,8.998169528687578e-07,1.0000059844927325,64,5.984456918572967e-06,,,,
0,late,M_CB,M_CBA,forward_lineage,whitened_cca,False,4.718003972515272e-15,4.878145526153779e-15,4.820433724197847e-15,1.0000000000000036,64,3.552713678800501e-15,,,,
0,late,M_CBA,M_CB,reverse_lineage,orthogonal_procrustes,True,1.9872152554625214e-15,1.9767284851002902e-15,1.9555563551800966e-15,1.0000000000000016,64,1.4432899320127035e-15,3.8878469334186305e-15,2.6481144900056975e-15,2.4735782084083593e-15,2.9533804995860336e-15
0,late,M_CBA,M_CB,reverse_lineage,ridge_linear,False,1.3467285894102018e-06,1.5251375501185923e-06,1.5152073154524933e-06,1.0000058464331478,64,5.846398160147537e-06,,,,
0,late,M_CBA,M_CB,reverse_lineage,low_rank_residual,False,7.192713518165806e-07,9.04929809796661e-07,8.998169528687578e-07,1.0000059844927325,64,5.984456918572967e-06,,,,
0,late,M_CBA,M_CB,reverse_lineage,whitened_cca,False,4.718003972515272e-15,4.878145526153779e-15,4.820433724197847e-15,1.0000000000000036,64,3.552713678800501e-15,,,,
0,late,M_AB,M_B,loop_closing,orthogonal_procrustes,True,1.9872152554625214e-15,1.9767284851002902e-15,1.9555563551800966e-15,1.0000000000000016,64,1.4432899320127035e-15,3.8878469334186305e-15,2.6481144900056975e-15,2.4735782084083593e-15,2.9533804995860336e-15
0,late,M_AB,M_B,loop_closing,ridge_linear,False,1.3467285894102018e-06,1.5251375501185923e-06,1.5152073154524933e-06,1.0000058464331478,64,5.846398160147537e-06,,,,
0,late,M_AB,M_B,loop_closing,low_rank_residual,False,7.192713518165806e-07,9.04929809796661e-07,8.998169528687578e-07,1.0000059844927325,64,5.984456918572967e-06,,,,
0,late,M_AB,M_B,loop_closing,whitened_cca,False,4.718003972515272e-15,4.878145526153779e-15,4.820433724197847e-15,1.0000000000000036,64,3.552713678800501e-15,,,,
0,late,M_B,M_AB,loop_closing,orthogonal_procrustes,True,1.9872152554625214e-15,1.9767284851002902e-15,1.9555563551800966e-15,1.0000000000000016,64,1.4432899320127035e-15,3.8878469334186305e-15,2.6481144900056975e-15,2.4735782084083593e-15,2.9533804995860336e-15
0,late,M_B,M_AB,loop_closing,ridge_linear,False,1.3467285894102018e-06,1.5251375501185923e-06,1.5152073154524933e-06,1.0000058464331478,64,5.846398160147537e-06,,,,
0,late,M_B,M_AB,loop_closing,low_rank_residual,False,7.192713518165806e-07,9.04929809796661e-07,8.998169528687578e-07,1.0000059844927325,64,5.984456918572967e-06,,,,
0,late,M_B,M_AB,loop_closing,whitened_cca,False,4.718003972515272e-15,4.878145526153779e-15,4.820433724197847e-15,1.0000000000000036,64,3.552713678800501e-15,,,,
0,late,M_AC,M_C,loop_closing,orthogonal_procrustes,True,1.9872152554625214e-15,1.9767284851002902e-15,1.9555563551800966e-15,1.0000000000000016,64,1.4432899320127035e-15,3.8878469334186305e-15,2.6481144900056975e-15,2.4735782084083593e-15,2.9533804995860336e-15
0,late,M_AC,M_C,loop_closing,ridge_linear,False,1.3467285894102018e-06,1.5251375501185923e-06,1.5152073154524933e-06,1.0000058464331478,64,5.846398160147537e-06,,,,
0,late,M_AC,M_C,loop_closing,low_rank_residual,False,7.192713518165806e-07,9.04929809796661e-07,8.998169528687578e-07,1.0000059844927325,64,5.984456918572967e-06,,,,
0,late,M_AC,M_C,loop_closing,whitened_cca,False,4.718003972515272e-15,4.878145526153779e-15,4.820433724197847e-15,1.0000000000000036,64,3.552713678800501e-15,,,,
0,late,M_C,M_AC,loop_closing,orthogonal_procrustes,True,1.9872152554625214e-15,1.9767284851002902e-15,1.9555563551800966e-15,1.0000000000000016,64,1.4432899320127035e-15,3.8878469334186305e-15,2.6481144900056975e-15,2.4735782084083593e-15,2.9533804995860336e-15
0,late,M_C,M_AC,loop_closing,ridge_linear,False,1.3467285894102018e-06,1.5251375501185923e-06,1.5152073154524933e-06,1.0000058464331478,64,5.846398160147537e-06,,,,
0,late,M_C,M_AC,loop_closing,low_rank_residual,False,7.192713518165806e-07,9.04929809796661e-07,8.998169528687578e-07,1.0000059844927325,64,5.984456918572967e-06,,,,
0,late,M_C,M_AC,loop_closing,whitened_cca,False,4.718003972515272e-15,4.878145526153779e-15,4.820433724197847e-15,1.0000000000000036,64,3.552713678800501e-15,,,,
0,late,M_BC,M_C,loop_closing,orthogonal_procrustes,True,1.9872152554625214e-15,1.9767284851002902e-15,1.9555563551800966e-15,1.0000000000000016,64,1.4432899320127035e-15,3.8878469334186305e-15,2.6481144900056975e-15,2.4735782084083593e-15,2.9533804995860336e-15
0,late,M_BC,M_C,loop_closing,ridge_linear,False,1.3467285894102018e-06,1.5251375501185923e-06,1.5152073154524933e-06,1.0000058464331478,64,5.846398160147537e-06,,,,
0,late,M_BC,M_C,loop_closing,low_rank_residual,False,7.192713518165806e-07,9.04929809796661e-07,8.998169528687578e-07,1.0000059844927325,64,5.984456918572967e-06,,,,
0,late,M_BC,M_C,loop_closing,whitened_cca,False,4.718003972515272e-15,4.878145526153779e-15,4.820433724197847e-15,1.0000000000000036,64,3.552713678800501e-15,,,,
0,late,M_C,M_BC,loop_closing,orthogonal_procrustes,True,1.9872152554625214e-15,1.9767284851002902e-15,1.9555563551800966e-15,1.0000000000000016,64,1.4432899320127035e-15,3.8878469334186305e-15,2.6481144900056975e-15,2.4735782084083593e-15,2.9533804995860336e-15
0,late,M_C,M_BC,loop_closing,ridge_linear,False,1.3467285894102018e-06,1.5251375501185923e-06,1.5152073154524933e-06,1.0000058464331478,64,5.846398160147537e-06,,,,
0,late,M_C,M_BC,loop_closing,low_rank_residual,False,7.192713518165806e-07,9.04929809796661e-07,8.998169528687578e-07,1.0000059844927325,64,5.984456918572967e-06,,,,
0,late,M_C,M_BC,loop_closing,whitened_cca,False,4.718003972515272e-15,4.878145526153779e-15,4.820433724197847e-15,1.0000000000000036,64,3.552713678800501e-15,,,,
0,late,M_ABC,M_BAC,same_depth_closing,orthogonal_procrustes,True,1.9872152554625214e-15,1.9767284851002902e-15,1.9555563551800966e-15,1.0000000000000016,64,1.4432899320127035e-15,3.8878469334186305e-15,2.6481144900056975e-15,2.4735782084083593e-15,2.9533804995860336e-15
0,late,M_ABC,M_BAC,same_depth_closing,ridge_linear,False,1.3467285894102018e-06,1.5251375501185923e-06,1.5152073154524933e-06,1.0000058464331478,64,5.846398160147537e-06,,,,
0,late,M_ABC,M_BAC,same_depth_closing,low_rank_residual,False,7.192713518165806e-07,9.04929809796661e-07,8.998169528687578e-07,1.0000059844927325,64,5.984456918572967e-06,,,,
0,late,M_ABC,M_BAC,same_depth_closing,whitened_cca,False,4.718003972515272e-15,4.878145526153779e-15,4.820433724197847e-15,1.0000000000000036,64,3.552713678800501e-15,,,,
0,late,M_BAC,M_ABC,same_depth_closing,orthogonal_procrustes,True,1.9872152554625214e-15,1.9767284851002902e-15,1.9555563551800966e-15,1.0000000000000016,64,1.4432899320127035e-15,3.8878469334186305e-15,2.6481144900056975e-15,2.4735782084083593e-15,2.9533804995860336e-15
0,late,M_BAC,M_ABC,same_depth_closing,ridge_linear,False,1.3467285894102018e-06,1.5251375501185923e-06,1.5152073154524933e-06,1.0000058464331478,64,5.846398160147537e-06,,,,
0,late,M_BAC,M_ABC,same_depth_closing,low_rank_residual,False,7.192713518165806e-07,9.04929809796661e-07,8.998169528687578e-07,1.0000059844927325,64,5.984456918572967e-06,,,,
0,late,M_BAC,M_ABC,same_depth_closing,whitened_cca,False,4.718003972515272e-15,4.878145526153779e-15,4.820433724197847e-15,1.0000000000000036,64,3.552713678800501e-15,,,,
0,late,M_ABC,M_ACB,same_depth_closing,orthogonal_procrustes,True,1.9872152554625214e-15,1.9767284851002902e-15,1.9555563551800966e-15,1.0000000000000016,64,1.4432899320127035e-15,3.8878469334186305e-15,2.6481144900056975e-15,2.4735782084083593e-15,2.9533804995860336e-15
0,late,M_ABC,M_ACB,same_depth_closing,ridge_linear,False,1.3467285894102018e-06,1.5251375501185923e-06,1.5152073154524933e-06,1.0000058464331478,64,5.846398160147537e-06,,,,
0,late,M_ABC,M_ACB,same_depth_closing,low_rank_residual,False,7.192713518165806e-07,9.04929809796661e-07,8.998169528687578e-07,1.0000059844927325,64,5.984456918572967e-06,,,,
0,late,M_ABC,M_ACB,same_depth_closing,whitened_cca,False,4.718003972515272e-15,4.878145526153779e-15,4.820433724197847e-15,1.0000000000000036,64,3.552713678800501e-15,,,,
0,late,M_ACB,M_ABC,same_depth_closing,orthogonal_procrustes,True,1.9872152554625214e-15,1.9767284851002902e-15,1.9555563551800966e-15,1.0000000000000016,64,1.4432899320127035e-15,3.8878469334186305e-15,2.6481144900056975e-15,2.4735782084083593e-15,2.9533804995860336e-15
0,late,M_ACB,M_ABC,same_depth_closing,ridge_linear,False,1.3467285894102018e-06,1.5251375501185923e-06,1.5152073154524933e-06,1.0000058464331478,64,5.846398160147537e-06,,,,
0,late,M_ACB,M_ABC,same_depth_closing,low_rank_residual,False,7.192713518165806e-07,9.04929809796661e-07,8.998169528687578e-07,1.0000059844927325,64,5.984456918572967e-06,,,,
0,late,M_ACB,M_ABC,same_depth_closing,whitened_cca,False,4.718003972515272e-15,4.878145526153779e-15,4.820433724197847e-15,1.0000000000000036,64,3.552713678800501e-15,,,,
0,late,M_ACB,M_CAB,same_depth_closing,orthogonal_procrustes,True,1.9872152554625214e-15,1.9767284851002902e-15,1.9555563551800966e-15,1.0000000000000016,64,1.4432899320127035e-15,3.8878469334186305e-15,2.6481144900056975e-15,2.4735782084083593e-15,2.9533804995860336e-15
0,late,M_ACB,M_CAB,same_depth_closing,ridge_linear,False,1.3467285894102018e-06,1.5251375501185923e-06,1.5152073154524933e-06,1.0000058464331478,64,5.846398160147537e-06,,,,
0,late,M_ACB,M_CAB,same_depth_closing,low_rank_residual,False,7.192713518165806e-07,9.04929809796661e-07,8.998169528687578e-07,1.0000059844927325,64,5.984456918572967e-06,,,,
0,late,M_ACB,M_CAB,same_depth_closing,whitened_cca,False,4.718003972515272e-15,4.878145526153779e-15,4.820433724197847e-15,1.0000000000000036,64,3.552713678800501e-15,,,,
0,late,M_CAB,M_ACB,same_depth_closing,orthogonal_procrustes,True,1.9872152554625214e-15,1.9767284851002902e-15,1.9555563551800966e-15,1.0000000000000016,64,1.4432899320127035e-15,3.8878469334186305e-15,2.6481144900056975e-15,2.4735782084083593e-15,2.9533804995860336e-15
0,late,M_CAB,M_ACB,same_depth_closing,ridge_linear,False,1.3467285894102018e-06,1.5251375501185923e-06,1.5152073154524933e-06,1.0000058464331478,64,5.846398160147537e-06,,,,
0,late,M_CAB,M_ACB,same_depth_closing,low_rank_residual,False,7.192713518165806e-07,9.04929809796661e-07,8.998169528687578e-07,1.0000059844927325,64,5.984456918572967e-06,,,,
0,late,M_CAB,M_ACB,same_depth_closing,whitened_cca,False,4.718003972515272e-15,4.878145526153779e-15,4.820433724197847e-15,1.0000000000000036,64,3.552713678800501e-15,,,,
0,late,M_BAC,M_BCA,same_depth_closing,orthogonal_procrustes,True,1.9872152554625214e-15,1.9767284851002902e-15,1.9555563551800966e-15,1.0000000000000016,64,1.4432899320127035e-15,3.8878469334186305e-15,2.6481144900056975e-15,2.4735782084083593e-15,2.9533804995860336e-15
0,late,M_BAC,M_BCA,same_depth_closing,ridge_linear,False,1.3467285894102018e-06,1.5251375501185923e-06,1.5152073154524933e-06,1.0000058464331478,64,5.846398160147537e-06,,,,
0,late,M_BAC,M_BCA,same_depth_closing,low_rank_residual,False,7.192713518165806e-07,9.04929809796661e-07,8.998169528687578e-07,1.0000059844927325,64,5.984456918572967e-06,,,,
0,late,M_BAC,M_BCA,same_depth_closing,whitened_cca,False,4.718003972515272e-15,4.878145526153779e-15,4.820433724197847e-15,1.0000000000000036,64,3.552713678800501e-15,,,,
0,late,M_BCA,M_BAC,same_depth_closing,orthogonal_procrustes,True,1.9872152554625214e-15,1.9767284851002902e-15,1.9555563551800966e-15,1.0000000000000016,64,1.4432899320127035e-15,3.8878469334186305e-15,2.6481144900056975e-15,2.4735782084083593e-15,2.9533804995860336e-15
0,late,M_BCA,M_BAC,same_depth_closing,ridge_linear,False,1.3467285894102018e-06,1.5251375501185923e-06,1.5152073154524933e-06,1.0000058464331478,64,5.846398160147537e-06,,,,
0,late,M_BCA,M_BAC,same_depth_closing,low_rank_residual,False,7.192713518165806e-07,9.04929809796661e-07,8.998169528687578e-07,1.0000059844927325,64,5.984456918572967e-06,,,,
0,late,M_BCA,M_BAC,same_depth_closing,whitened_cca,False,4.718003972515272e-15,4.878145526153779e-15,4.820433724197847e-15,1.0000000000000036,64,3.552713678800501e-15,,,,
0,late,M_BCA,M_CBA,same_depth_closing,orthogonal_procrustes,True,1.9872152554625214e-15,1.9767284851002902e-15,1.9555563551800966e-15,1.0000000000000016,64,1.4432899320127035e-15,3.8878469334186305e-15,2.6481144900056975e-15,2.4735782084083593e-15,2.9533804995860336e-15
0,late,M_BCA,M_CBA,same_depth_closing,ridge_linear,False,1.3467285894102018e-06,1.5251375501185923e-06,1.5152073154524933e-06,1.0000058464331478,64,5.846398160147537e-06,,,,
0,late,M_BCA,M_CBA,same_depth_closing,low_rank_residual,False,7.192713518165806e-07,9.04929809796661e-07,8.998169528687578e-07,1.0000059844927325,64,5.984456918572967e-06,,,,
0,late,M_BCA,M_CBA,same_depth_closing,whitened_cca,False,4.718003972515272e-15,4.878145526153779e-15,4.820433724197847e-15,1.0000000000000036,64,3.552713678800501e-15,,,,
0,late,M_CBA,M_BCA,same_depth_closing,orthogonal_procrustes,True,1.9872152554625214e-15,1.9767284851002902e-15,1.9555563551800966e-15,1.0000000000000016,64,1.4432899320127035e-15,3.8878469334186305e-15,2.6481144900056975e-15,2.4735782084083593e-15,2.9533804995860336e-15
0,late,M_CBA,M_BCA,same_depth_closing,ridge_linear,False,1.3467285894102018e-06,1.5251375501185923e-06,1.5152073154524933e-06,1.0000058464331478,64,5.846398160147537e-06,,,,
0,late,M_CBA,M_BCA,same_depth_closing,low_rank_residual,False,7.192713518165806e-07,9.04929809796661e-07,8.998169528687578e-07,1.0000059844927325,64,5.984456918572967e-06,,,,
0,late,M_CBA,M_BCA,same_depth_closing,whitened_cca,False,4.718003972515272e-15,4.878145526153779e-15,4.820433724197847e-15,1.0000000000000036,64,3.552713678800501e-15,,,,
0,late,M_CAB,M_CBA,same_depth_closing,orthogonal_procrustes,True,1.9872152554625214e-15,1.9767284851002902e-15,1.9555563551800966e-15,1.0000000000000016,64,1.4432899320127035e-15,3.8878469334186305e-15,2.6481144900056975e-15,2.4735782084083593e-15,2.9533804995860336e-15
0,late,M_CAB,M_CBA,same_depth_closing,ridge_linear,False,1.3467285894102018e-06,1.5251375501185923e-06,1.5152073154524933e-06,1.0000058464331478,64,5.846398160147537e-06,,,,
0,late,M_CAB,M_CBA,same_depth_closing,low_rank_residual,False,7.192713518165806e-07,9.04929809796661e-07,8.998169528687578e-07,1.0000059844927325,64,5.984456918572967e-06,,,,
0,late,M_CAB,M_CBA,same_depth_closing,whitened_cca,False,4.718003972515272e-15,4.878145526153779e-15,4.820433724197847e-15,1.0000000000000036,64,3.552713678800501e-15,,,,
0,late,M_CBA,M_CAB,same_depth_closing,orthogonal_procrustes,True,1.9872152554625214e-15,1.9767284851002902e-15,1.9555563551800966e-15,1.0000000000000016,64,1.4432899320127035e-15,3.8878469334186305e-15,2.6481144900056975e-15,2.4735782084083593e-15,2.9533804995860336e-15
0,late,M_CBA,M_CAB,same_depth_closing,ridge_linear,False,1.3467285894102018e-06,1.5251375501185923e-06,1.5152073154524933e-06,1.0000058464331478,64,5.846398160147537e-06,,,,
0,late,M_CBA,M_CAB,same_depth_closing,low_rank_residual,False,7.192713518165806e-07,9.04929809796661e-07,8.998169528687578e-07,1.0000059844927325,64,5.984456918572967e-06,,,,
0,late,M_CBA,M_CAB,same_depth_closing,whitened_cca,False,4.718003972515272e-15,4.878145526153779e-15,4.820433724197847e-15,1.0000000000000036,64,3.552713678800501e-15,,,,
0,late,M_AB,M_BA,same_depth_closing,orthogonal_procrustes,True,1.9872152554625214e-15,1.9767284851002902e-15,1.9555563551800966e-15,1.0000000000000016,64,1.4432899320127035e-15,3.8878469334186305e-15,2.6481144900056975e-15,2.4735782084083593e-15,2.9533804995860336e-15
0,late,M_AB,M_BA,same_depth_closing,ridge_linear,False,1.3467285894102018e-06,1.5251375501185923e-06,1.5152073154524933e-06,1.0000058464331478,64,5.846398160147537e-06,,,,
0,late,M_AB,M_BA,same_depth_closing,low_rank_residual,False,7.192713518165806e-07,9.04929809796661e-07,8.998169528687578e-07,1.0000059844927325,64,5.984456918572967e-06,,,,
0,late,M_AB,M_BA,same_depth_closing,whitened_cca,False,4.718003972515272e-15,4.878145526153779e-15,4.820433724197847e-15,1.0000000000000036,64,3.552713678800501e-15,,,,
0,late,M_BA,M_AB,same_depth_closing,orthogonal_procrustes,True,1.9872152554625214e-15,1.9767284851002902e-15,1.9555563551800966e-15,1.0000000000000016,64,1.4432899320127035e-15,3.8878469334186305e-15,2.6481144900056975e-15,2.4735782084083593e-15,2.9533804995860336e-15
0,late,M_BA,M_AB,same_depth_closing,ridge_linear,False,1.3467285894102018e-06,1.5251375501185923e-06,1.5152073154524933e-06,1.0000058464331478,64,5.846398160147537e-06,,,,
0,late,M_BA,M_AB,same_depth_closing,low_rank_residual,False,7.192713518165806e-07,9.04929809796661e-07,8.998169528687578e-07,1.0000059844927325,64,5.984456918572967e-06,,,,
0,late,M_BA,M_AB,same_depth_closing,whitened_cca,False,4.718003972515272e-15,4.878145526153779e-15,4.820433724197847e-15,1.0000000000000036,64,3.552713678800501e-15,,,,
0,late,M_AC,M_CA,same_depth_closing,orthogonal_procrustes,True,1.9872152554625214e-15,1.9767284851002902e-15,1.9555563551800966e-15,1.0000000000000016,64,1.4432899320127035e-15,3.8878469334186305e-15,2.6481144900056975e-15,2.4735782084083593e-15,2.9533804995860336e-15
0,late,M_AC,M_CA,same_depth_closing,ridge_linear,False,1.3467285894102018e-06,1.5251375501185923e-06,1.5152073154524933e-06,1.0000058464331478,64,5.846398160147537e-06,,,,
0,late,M_AC,M_CA,same_depth_closing,low_rank_residual,False,7.192713518165806e-07,9.04929809796661e-07,8.998169528687578e-07,1.0000059844927325,64,5.984456918572967e-06,,,,
0,late,M_AC,M_CA,same_depth_closing,whitened_cca,False,4.718003972515272e-15,4.878145526153779e-15,4.820433724197847e-15,1.0000000000000036,64,3.552713678800501e-15,,,,
0,late,M_CA,M_AC,same_depth_closing,orthogonal_procrustes,True,1.9872152554625214e-15,1.9767284851002902e-15,1.9555563551800966e-15,1.0000000000000016,64,1.4432899320127035e-15,3.8878469334186305e-15,2.6481144900056975e-15,2.4735782084083593e-15,2.9533804995860336e-15
0,late,M_CA,M_AC,same_depth_closing,ridge_linear,False,1.3467285894102018e-06,1.5251375501185923e-06,1.5152073154524933e-06,1.0000058464331478,64,5.846398160147537e-06,,,,
0,late,M_CA,M_AC,same_depth_closing,low_rank_residual,False,7.192713518165806e-07,9.04929809796661e-07,8.998169528687578e-07,1.0000059844927325,64,5.984456918572967e-06,,,,
0,late,M_CA,M_AC,same_depth_closing,whitened_cca,False,4.718003972515272e-15,4.878145526153779e-15,4.820433724197847e-15,1.0000000000000036,64,3.552713678800501e-15,,,,
0,late,M_BC,M_CB,same_depth_closing,orthogonal_procrustes,True,1.9872152554625214e-15,1.9767284851002902e-15,1.9555563551800966e-15,1.0000000000000016,64,1.4432899320127035e-15,3.8878469334186305e-15,2.6481144900056975e-15,2.4735782084083593e-15,2.9533804995860336e-15
0,late,M_BC,M_CB,same_depth_closing,ridge_linear,False,1.3467285894102018e-06,1.5251375501185923e-06,1.5152073154524933e-06,1.0000058464331478,64,5.846398160147537e-06,,,,
0,late,M_BC,M_CB,same_depth_closing,low_rank_residual,False,7.192713518165806e-07,9.04929809796661e-07,8.998169528687578e-07,1.0000059844927325,64,5.984456918572967e-06,,,,
0,late,M_BC,M_CB,same_depth_closing,whitened_cca,False,4.718003972515272e-15,4.878145526153779e-15,4.820433724197847e-15,1.0000000000000036,64,3.552713678800501e-15,,,,
0,late,M_CB,M_BC,same_depth_closing,orthogonal_procrustes,True,1.9872152554625214e-15,1.9767284851002902e-15,1.9555563551800966e-15,1.0000000000000016,64,1.4432899320127035e-15,3.8878469334186305e-15,2.6481144900056975e-15,2.4735782084083593e-15,2.9533804995860336e-15
0,late,M_CB,M_BC,same_depth_closing,ridge_linear,False,1.3467285894102018e-06,1.5251375501185923e-06,1.5152073154524933e-06,1.0000058464331478,64,5.846398160147537e-06,,,,
0,late,M_CB,M_BC,same_depth_closing,low_rank_residual,False,7.192713518165806e-07,9.04929809796661e-07,8.998169528687578e-07,1.0000059844927325,64,5.984456918572967e-06,,,,
0,late,M_CB,M_BC,same_depth_closing,whitened_cca,False,4.718003972515272e-15,4.878145526153779e-15,4.820433724197847e-15,1.0000000000000036,64,3.552713678800501e-15,,,,
0,late,M_A,M_B,same_depth_closing,orthogonal_procrustes,True,1.9872152554625214e-15,1.9767284851002902e-15,1.9555563551800966e-15,1.0000000000000016,64,1.4432899320127035e-15,3.8878469334186305e-15,2.6481144900056975e-15,2.4735782084083593e-15,2.9533804995860336e-15
0,late,M_A,M_B,same_depth_closing,ridge_linear,False,1.3467285894102018e-06,1.5251375501185923e-06,1.5152073154524933e-06,1.0000058464331478,64,5.846398160147537e-06,,,,
0,late,M_A,M_B,same_depth_closing,low_rank_residual,False,7.192713518165806e-07,9.04929809796661e-07,8.998169528687578e-07,1.0000059844927325,64,5.984456918572967e-06,,,,
0,late,M_A,M_B,same_depth_closing,whitened_cca,False,4.718003972515272e-15,4.878145526153779e-15,4.820433724197847e-15,1.0000000000000036,64,3.552713678800501e-15,,,,
0,late,M_B,M_A,same_depth_closing,orthogonal_procrustes,True,1.9872152554625214e-15,1.9767284851002902e-15,1.9555563551800966e-15,1.0000000000000016,64,1.4432899320127035e-15,3.8878469334186305e-15,2.6481144900056975e-15,2.4735782084083593e-15,2.9533804995860336e-15
0,late,M_B,M_A,same_depth_closing,ridge_linear,False,1.3467285894102018e-06,1.5251375501185923e-06,1.5152073154524933e-06,1.0000058464331478,64,5.846398160147537e-06,,,,
0,late,M_B,M_A,same_depth_closing,low_rank_residual,False,7.192713518165806e-07,9.04929809796661e-07,8.998169528687578e-07,1.0000059844927325,64,5.984456918572967e-06,,,,
0,late,M_B,M_A,same_depth_closing,whitened_cca,False,4.718003972515272e-15,4.878145526153779e-15,4.820433724197847e-15,1.0000000000000036,64,3.552713678800501e-15,,,,
0,late,M_A,M_C,same_depth_closing,orthogonal_procrustes,True,1.9872152554625214e-15,1.9767284851002902e-15,1.9555563551800966e-15,1.0000000000000016,64,1.4432899320127035e-15,3.8878469334186305e-15,2.6481144900056975e-15,2.4735782084083593e-15,2.9533804995860336e-15
0,late,M_A,M_C,same_depth_closing,ridge_linear,False,1.3467285894102018e-06,1.5251375501185923e-06,1.5152073154524933e-06,1.0000058464331478,64,5.846398160147537e-06,,,,
0,late,M_A,M_C,same_depth_closing,low_rank_residual,False,7.192713518165806e-07,9.04929809796661e-07,8.998169528687578e-07,1.0000059844927325,64,5.984456918572967e-06,,,,
0,late,M_A,M_C,same_depth_closing,whitened_cca,False,4.718003972515272e-15,4.878145526153779e-15,4.820433724197847e-15,1.0000000000000036,64,3.552713678800501e-15,,,,
0,late,M_C,M_A,same_depth_closing,orthogonal_procrustes,True,1.9872152554625214e-15,1.9767284851002902e-15,1.9555563551800966e-15,1.0000000000000016,64,1.4432899320127035e-15,3.8878469334186305e-15,2.6481144900056975e-15,2.4735782084083593e-15,2.9533804995860336e-15
0,late,M_C,M_A,same_depth_closing,ridge_linear,False,1.3467285894102018e-06,1.5251375501185923e-06,1.5152073154524933e-06,1.0000058464331478,64,5.846398160147537e-06,,,,
0,late,M_C,M_A,same_depth_closing,low_rank_residual,False,7.192713518165806e-07,9.04929809796661e-07,8.998169528687578e-07,1.0000059844927325,64,5.984456918572967e-06,,,,
0,late,M_C,M_A,same_depth_closing,whitened_cca,False,4.718003972515272e-15,4.878145526153779e-15,4.820433724197847e-15,1.0000000000000036,64,3.552713678800501e-15,,,,
0,late,M_B,M_C,same_depth_closing,orthogonal_procrustes,True,1.9872152554625214e-15,1.9767284851002902e-15,1.9555563551800966e-15,1.0000000000000016,64,1.4432899320127035e-15,3.8878469334186305e-15,2.6481144900056975e-15,2.4735782084083593e-15,2.9533804995860336e-15
0,late,M_B,M_C,same_depth_closing,ridge_linear,False,1.3467285894102018e-06,1.5251375501185923e-06,1.5152073154524933e-06,1.0000058464331478,64,5.846398160147537e-06,,,,
0,late,M_B,M_C,same_depth_closing,low_rank_residual,False,7.192713518165806e-07,9.04929809796661e-07,8.998169528687578e-07,1.0000059844927325,64,5.984456918572967e-06,,,,
0,late,M_B,M_C,same_depth_closing,whitened_cca,False,4.718003972515272e-15,4.878145526153779e-15,4.820433724197847e-15,1.0000000000000036,64,3.552713678800501e-15,,,,
0,late,M_C,M_B,same_depth_closing,orthogonal_procrustes,True,1.9872152554625214e-15,1.9767284851002902e-15,1.9555563551800966e-15,1.0000000000000016,64,1.4432899320127035e-15,3.8878469334186305e-15,2.6481144900056975e-15,2.4735782084083593e-15,2.9533804995860336e-15
0,late,M_C,M_B,same_depth_closing,ridge_linear,False,1.3467285894102018e-06,1.5251375501185923e-06,1.5152073154524933e-06,1.0000058464331478,64,5.846398160147537e-06,,,,
0,late,M_C,M_B,same_depth_closing,low_rank_residual,False,7.192713518165806e-07,9.04929809796661e-07,8.998169528687578e-07,1.0000059844927325,64,5.984456918572967e-06,,,,
0,late,M_C,M_B,same_depth_closing,whitened_cca,False,4.718003972515272e-15,4.878145526153779e-15,4.820433724197847e-15,1.0000000000000036,64,3.552713678800501e-15,,,,
0,adapter,M0,M_A,forward_lineage,orthogonal_procrustes,False,0.47763367715119714,0.4844594790442634,0.46983607571813574,1.0000000000000013,64,1.3322676295501878e-15,,,,
0,adapter,M0,M_A,forward_lineage,ridge_linear,True,0.4398028061874883,0.45748542992693164,0.43590943161373724,138929335014.96936,4,1.3628324202476396,0.9707165219358986,0.05220290391872331,0.03722035666578296,0.07142432565040174
0,adapter,M0,M_A,forward_lineage,low_rank_residual,False,0.4856507178803453,0.4929225820565592,0.4781695665803401,225881495.3846871,60,1.1176157369721893,,,,
0,adapter,M0,M_A,forward_lineage,whitened_cca,False,0.4557250143043107,0.4754302204986064,0.442785738568113,1.972962292652742,64,0.7469537140369115,,,,
0,adapter,M_A,M0,reverse_lineage,orthogonal_procrustes,False,0.5646770317096547,0.5693743008809411,0.5719551347056919,1.0000000000000013,64,1.2212453270876722e-15,,,,
0,adapter,M_A,M0,reverse_lineage,ridge_linear,True,0.44982818780710154,0.4644604381840649,0.4449989483292079,80492367454.29434,4,1.1098578683039202,0.9711174929312077,0.06010344375074727,0.04333499347403798,0.08339369424244324
0,adapter,M_A,M0,reverse_lineage,low_rank_residual,False,0.5770654740331447,0.580985467620934,0.5858336161468157,220584764.4629886,60,1.0620783317008682,,,,
0,adapter,M_A,M0,reverse_lineage,whitened_cca,False,0.4669889229369472,0.48475078612327227,0.46995319481185743,1.9729622926528108,64,0.6423615579564209,,,,
0,adapter,M0,M_B,forward_lineage,orthogonal_procrustes,False,0.27607034228971394,0.2924796151363358,0.2937724867653789,1.000000000000001,64,1.1102230246251565e-15,,,,
0,adapter,M0,M_B,forward_lineage,ridge_linear,True,0.2584276231253232,0.27909518187817495,0.2721831483233862,117345677997.55943,4,1.2331392432324657,0.9684484975578375,0.02926611100364431,0.02147537746179438,0.03856478176737055
0,adapter,M0,M_B,forward_lineage,low_rank_residual,False,0.2820497058454669,0.2969220724618064,0.2973911195006185,174648568.15784153,60,1.0152100472363605,,,,
0,adapter,M0,M_B,forward_lineage,whitened_cca,False,0.2608276248460924,0.2816980579965331,0.27340585159135466,1.2956217005779558,64,0.2896542948263606,,,,
0,adapter,M_B,M0,reverse_lineage,orthogonal_procrustes,False,0.3057843178197757,0.32618025485652585,0.33125689082491255,1.000000000000001,64,1.1102230246251565e-15,,,,
0,adapter,M_B,M0,reverse_lineage,ridge_linear,True,0.2586767170728136,0.28043039729095365,0.27325812392252774,40250522807.47272,4,0.9865769374180343,0.968455918974211,0.03248992607718391,0.023907786340370957,0.04461248378147389
0,adapter,M_B,M0,reverse_lineage,low_rank_residual,False,0.31632122891763986,0.33501341710338994,0.339867305515957,180906338.57518986,60,1.0047922285379367,,,,
0,adapter,M_B,M0,reverse_lineage,whitened_cca,False,0.2610803931669185,0.2837619728970322,0.27717232179091855,1.2956217005780382,64,0.2328704787951753,,,,
0,adapter,M0,M_C,forward_lineage,orthogonal_procrustes,False,0.3030803505125163,0.3091643219359319,0.3239265697341237,1.0000000000000013,64,1.3322676295501878e-15,,,,
0,adapter,M0,M_C,forward_lineage,ridge_linear,True,0.29071729390088397,0.2914611248038713,0.30756996189817454,243350204382.92438,4,1.1815360793313197,0.9686055967149102,0.03453715418479044,0.02513115324766493,0.04788138198349621
0,adapter,M0,M_C,forward_lineage,low_rank_residual,False,0.304386159128981,0.3102481333441083,0.32523885147144127,212707887.42657664,60,1.0131009349431568,,,,
0,adapter,M0,M_C,forward_lineage,whitened_cca,False,0.2943397662860959,0.2944619004366445,0.3108653669999929,1.4202533619278033,64,0.36234992635516505,,,,
0,adapter,M_C,M0,reverse_lineage,orthogonal_procrustes,False,0.32164246383730427,0.3339449122335059,0.3484469194906957,1.0000000000000016,64,1.5543122344752192e-15,,,,
0,adapter,M_C,M0,reverse_lineage,ridge_linear,True,0.29217335165542113,0.29716609673376365,0.31204098561193017,212948154945.81494,4,1.099153258051349,0.9686169152738006,0.03717361035023001,0.026621329231703794,0.049814570465047094
0,adapter,M_C,M0,reverse_lineage,low_rank_residual,False,0.3240042434030164,0.3362561726290065,0.35093952424591107,228004722.3208136,60,1.0081646123158634,,,,
0,adapter,M_C,M0,reverse_lineage,whitened_cca,False,0.29583168292076045,0.30245649660068774,0.31727055438781865,1.420253361928182,64,0.3431850727217136,,,,
0,adapter,M_A,M_AB,forward_lineage,orthogonal_procrustes,False,0.4581917706228627,0.47377288352067054,0.45857250820143486,1.000000000000001,64,9.992007221626409e-16,,,,
0,adapter,M_A,M_AB,forward_lineage,ridge_linear,True,0.4259095643688918,0.44411270079801407,0.4246612160064918,45142296540.39004,4,1.088012596988325,0.9697108168899811,0.05693551957444432,0.04030299704861534,0.08333918786395723
0,adapter,M_A,M_AB,forward_lineage,low_rank_residual,False,0.46810356197354813,0.4825201439061533,0.46766953452539156,183578790.8543928,60,1.0421992019606598,,,,
0,adapter,M_A,M_AB,forward_lineage,whitened_cca,False,0.438156367212619,0.45760470161874384,0.4425235057000589,1.5193837756244544,64,0.44101331882435924,,,,
0,adapter,M_AB,M_A,reverse_lineage,orthogonal_procrustes,False,0.43549238697445913,0.45682996738942505,0.43134793390660175,1.0000000000000013,64,1.2212453270876722e-15,,,,
0,adapter,M_AB,M_A,reverse_lineage,ridge_linear,True,0.4155228463813182,0.43780289402928385,0.4170380094532472,335064725181.37354,4,1.1074310546259103,0.9696518803777908,0.0536344272872439,0.03981608740216018,0.07986065430845829
0,adapter,M_AB,M_A,reverse_lineage,low_rank_residual,False,0.4438373237459299,0.4643371395884647,0.43867060240276884,185646741.9820501,60,1.039321582503378,,,,
0,adapter,M_AB,M_A,reverse_lineage,whitened_cca,False,0.42675061175691154,0.45122909156511193,0.4244550702996319,1.519383775624397,64,0.40258498026305767,,,,
0,adapter,M_A,M_AC,forward_lineage,orthogonal_procrustes,False,0.49369137207400915,0.5038357308880692,0.5082254443399082,1.000000000000001,64,1.1102230246251565e-15,,,,
0,adapter,M_A,M_AC,forward_lineage,ridge_linear,True,0.4320575418665247,0.4557364606869684,0.4419958355305227,103728411505.07497,4,0.9852540567695677,0.9700919294175581,0.05981317213823503,0.041886473272693285,0.09185433092102328
0,adapter,M_A,M_AC,forward_lineage,low_rank_residual,False,0.508449102764612,0.516674590698188,0.5227222740189099,217286817.0777958,60,1.0309405667601323,,,,
0,adapter,M_A,M_AC,forward_lineage,whitened_cca,False,0.4455162112284786,0.4679606365046152,0.4601578817881676,1.4771833987519971,64,0.36321223379874223,,,,
0,adapter,M_AC,M_A,reverse_lineage,orthogonal_procrustes,False,0.44288623340091315,0.46125372533630576,0.44812757812517345,1.0000000000000009,64,8.881784197001252e-16,,,,
0,adapter,M_AC,M_A,reverse_lineage,ridge_linear,True,0.4277171912403229,0.4523121551409307,0.4363613903387024,70896860696.37425,4,1.2296317214660268,0.9700245464606767,0.05291907673419786,0.03646320543173552,0.08320812854386883
0,adapter,M_AC,M_A,reverse_lineage,low_rank_residual,False,0.45306991787791706,0.4702082099254814,0.4575942605179668,213063131.88631618,60,1.06948512771081,,,,
0,adapter,M_AC,M_A,reverse_lineage,whitened_cca,False,0.44060364250339945,0.47229129603374675,0.44614123169614606,1.477183398751976,64,0.424400381799801,,,,
0,adapter,M_B,M_BA,forward_lineage,orthogonal_procrustes,False,0.4251756026757576,0.4373015032978482,0.4176297121904774,1.000000000000001,64,1.1102230246251565e-15,,,,
0,adapter,M_B,M_BA,forward_lineage,ridge_linear,True,0.3986829481724554,0.4184530186024982,0.3985147816425865,52043665127.11267,4,1.2315442362379347,0.9697473562320714,0.05048976814541186,0.03517556441091626,0.0701815374938112
0,adapter,M_B,M_BA,forward_lineage,low_rank_residual,False,0.4355334957104827,0.44588328309213554,0.4271813003243194,202092050.01552933,60,1.0575224785970698,,,,
0,adapter,M_B,M_BA,forward_lineage,whitened_cca,False,0.40941135881500434,0.4295913070724046,0.4053903753689283,1.6654624097730768,64,0.5238916748851541,,,,
0,adapter,M_BA,M_B,reverse_lineage,orthogonal_procrustes,False,0.47426540981264437,0.4827235328558263,0.47082193857384996,1.0000000000000013,64,1.3322676295501878e-15,,,,
0,adapter,M_BA,M_B,reverse_lineage,ridge_linear,True,0.4101934583473748,0.42445895397142286,0.4086028117691414,38537512773.51148,4,1.082345855188045,0.9698040394059293,0.05365774355254129,0.041955547825174924,0.07131553888656636
0,adapter,M_BA,M_B,reverse_lineage,low_rank_residual,False,0.4873894995073458,0.4933741972192058,0.48340867346089816,189910321.40530825,60,1.0402972350027242,,,,
0,adapter,M_BA,M_B,reverse_lineage,whitened_cca,False,0.4220973839627508,0.4388088182324329,0.42539871160421344,1.665462409772988,64,0.5075405250336152,,,,
0,adapter,M_B,M_BC,forward_lineage,orthogonal_procrustes,False,0.32825408245271237,0.3340545316811086,0.3464882583151223,1.0000000000000009,64,8.881784197001252e-16,,,,
0,adapter,M_B,M_BC,forward_lineage,ridge_linear,True,0.31603864222570865,0.3242553110631756,0.3321317830254404,23530011878.99294,4,0.997325996708772,0.9686510374712572,0.04044818965270186,0.03137656383752496,0.05529932347516928
0,adapter,M_B,M_BC,forward_lineage,low_rank_residual,False,0.33357523494545904,0.3379380800506741,0.35146241138081896,173440370.01358652,60,1.0103432073364094,,,,
0,adapter,M_B,M_BC,forward_lineage,whitened_cca,False,0.3204028150927874,0.32789935122322417,0.3381592064976295,1.2004447103843205,64,0.17546526391555306,,,,
0,adapter,M_BC,M_B,reverse_lineage,orthogonal_procrustes,False,0.3205901488891275,0.3285574898007594,0.3357109558044011,1.0000000000000013,64,1.3322676295501878e-15,,,,
0,adapter,M_BC,M_B,reverse_lineage,ridge_linear,True,0.31623546408771397,0.32453903950565854,0.33156177562415806,28952955562.302586,4,1.0866024202492872,0.9686550403433615,0.040214917737267146,0.0296932760350356,0.05635663982276425
0,adapter,M_BC,M_B,reverse_lineage,low_rank_residual,False,0.32548251021803454,0.3320419659169947,0.3400115498311576,187253389.74881616,60,1.0109829363418035,,,,
0,adapter,M_BC,M_B,reverse_lineage,whitened_cca,False,0.3206081196413347,0.33085260587750653,0.33569435946223747,1.2004447103846294,64,0.19074619512334579,,,,
0,adapter,M_C,M_CA,forward_lineage,orthogonal_procrustes,False,0.44952872570652885,0.46361090423377527,0.44706685410508346,1.0000000000000013,64,1.3322676295501878e-15,,,,
0,adapter,M_C,M_CA,forward_lineage,ridge_linear,True,0.4176538469632162,0.4405035795666079,0.41971458113036064,49545089030.53439,4,1.3146396152181232,0.9714335490160122,0.052787890629179345,0.03571602842728808,0.07151529086941114
0,adapter,M_C,M_CA,forward_lineage,low_rank_residual,False,0.4640700563027775,0.47462464552234507,0.45923099157784636,191963169.87612212,60,1.0786844116184666,,,,
0,adapter,M_C,M_CA,forward_lineage,whitened_cca,False,0.4321424877891901,0.46220505297404485,0.43108225852562176,1.7495525713856808,64,0.6102978556040313,,,,
0,adapter,M_CA,M_C,reverse_lineage,orthogonal_procrustes,False,0.5146366725497312,0.5164397505662606,0.5188302937773086,1.0000000000000016,64,1.4432899320127035e-15,,,,
0,adapter,M_CA,M_C,reverse_lineage,ridge_linear,True,0.43443436883789605,0.4534694231335616,0.43671951854064117,64786374840.00822,4,0.9626750074728051,0.9712483885768542,0.05910198567442484,0.04458002287854123,0.07689938873554757
0,adapter,M_CA,M_C,reverse_lineage,low_rank_residual,False,0.5362526877240275,0.5326716461741458,0.5382727485178767,186587802.061848,60,1.0453018149957518,,,,
0,adapter,M_CA,M_C,reverse_lineage,whitened_cca,False,0.4525049645453131,0.4691486254487335,0.4607181082517439,1.7495525713852866,64,0.5261812348969305,,,,
0,adapter,M_C,M_CB,forward_lineage,orthogonal_procrustes,False,0.3217620261253222,0.3308131804090712,0.3396771247603486,1.0000000000000016,64,1.4432899320127035e-15,,,,
0,adapter,M_C,M_CB,forward_lineage,ridge_linear,True,0.31757200332547064,0.32745602265859397,0.33417358202499325,34927976624.56499,4,1.109136971047166,0.9685664489175406,0.03922845959717944,0.027607013362318442,0.054266324909682556
0,adapter,M_C,M_CB,forward_lineage,low_rank_residual,False,0.3285211957657521,0.33574858360205756,0.3449553989530894,208754543.1523193,60,1.0072490709734911,,,,
0,adapter,M_C,M_CB,forward_lineage,whitened_cca,False,0.32193355683116415,0.33345672693421363,0.3391416040362091,1.243982741046635,64,0.2285935457596341,,,,
0,adapter,M_CB,M_C,reverse_lineage,orthogonal_procrustes,False,0.3366951034797019,0.3420677240419763,0.3570992372435566,1.0000000000000013,64,1.3322676295501878e-15,,,,
0,adapter,M_CB,M_C,reverse_lineage,ridge_linear,True,0.31732711065776587,0.3247396324804229,0.3355591879674078,24699746053.532333,4,1.0303646057535247,0.9685710061963205,0.04190095453823112,0.02880631128068168,0.06381253250946271
0,adapter,M_CB,M_C,reverse_lineage,low_rank_residual,False,0.3442754187708613,0.34734809550329226,0.36332986018330843,201279253.64606884,60,1.0079473868534976,,,,
0,adapter,M_CB,M_C,reverse_lineage,whitened_cca,False,0.32169001971128613,0.32852614655595325,0.34081668886823663,1.2439827410461857,64,0.2093340583179829,,,,
0,adapter,M_AB,M_ABC,forward_lineage,orthogonal_procrustes,False,0.32131406143439506,0.32443002996063675,0.34069650491923126,1.000000000000001,64,1.1102230246251565e-15,,,,
0,adapter,M_AB,M_ABC,forward_lineage,ridge_linear,True,0.31083518469474525,0.3176568817959023,0.3272789826034987,285908556636.09,4,0.9876761219656927,0.9687514355064357,0.04135804728467678,0.029273341396402457,0.0565173137944495
0,adapter,M_AB,M_ABC,forward_lineage,low_rank_residual,False,0.3275366494238974,0.3295116742422407,0.3458185414904536,165929264.8944186,60,1.0102765951874766,,,,
0,adapter,M_AB,M_ABC,forward_lineage,whitened_cca,False,0.31532637493660426,0.3212463774523105,0.3339119560369993,1.184843120732206,64,0.1651450594492463,,,,
0,adapter,M_ABC,M_AB,reverse_lineage,orthogonal_procrustes,False,0.31532326796793964,0.32106470109693,0.33112750444486905,1.0000000000000013,64,1.2212453270876722e-15,,,,
0,adapter,M_ABC,M_AB,reverse_lineage,ridge_linear,True,0.3096115956021001,0.3162020635239176,0.32553105219355993,482362745384.4036,4,1.0757451085607257,0.9687666949612492,0.04080263759505628,0.028792455148729107,0.05887980138728472
0,adapter,M_ABC,M_AB,reverse_lineage,low_rank_residual,False,0.32120845998006253,0.3258639480806598,0.3357081648607031,169058288.26568156,60,1.0128169434262095,,,,
0,adapter,M_ABC,M_AB,reverse_lineage,whitened_cca,False,0.31402222301800925,0.32271926478727386,0.32924261728271936,1.1848431207311132,64,0.17461443670798404,,,,
0,adapter,M_AC,M_ACB,forward_lineage,orthogonal_procrustes,False,0.3196384950033305,0.3250112120289516,0.3339520118586683,1.0000000000000016,64,1.5543122344752192e-15,,,,
0,adapter,M_AC,M_ACB,forward_lineage,ridge_linear,True,0.3161860967309787,0.3226588980576293,0.3278913386840414,492197986425.9536,4,1.1274879426078355,0.9685799386449676,0.03875973364093932,0.026891716744696495,0.05598566964215403
0,adapter,M_AC,M_ACB,forward_lineage,low_rank_residual,False,0.3231508514757927,0.3282960278317695,0.33679918204857623,204062021.17844784,60,1.0153799984179832,,,,
0,adapter,M_AC,M_ACB,forward_lineage,whitened_cca,False,0.3206468255163298,0.32822257806643923,0.333169547683609,1.2124863971872282,64,0.20495453371744543,,,,
0,adapter,M_ACB,M_AC,reverse_lineage,orthogonal_procrustes,False,0.3398790750445213,0.34201839512777965,0.35666533668736133,1.0000000000000018,64,1.7763568394002505e-15,,,,
0,adapter,M_ACB,M_AC,reverse_lineage,ridge_linear,True,0.31619549529315577,0.320184356665013,0.33062179904234335,86350423805.7734,4,1.0027181119361406,0.9685879756341631,0.04266067389267526,0.031151733438912237,0.05812675381511985
0,adapter,M_ACB,M_AC,reverse_lineage,low_rank_residual,False,0.34460377403838915,0.3462043737508748,0.3607946071910766,194697083.50668952,60,1.0109815870459065,,,,
0,adapter,M_ACB,M_AC,reverse_lineage,whitened_cca,False,0.3206766928088238,0.32433712804348913,0.33557633095620215,1.2124863971877857,64,0.18168867644736164,,,,
0,adapter,M_BA,M_BAC,forward_lineage,orthogonal_procrustes,False,0.48520150361756925,0.4956441297173121,0.500370307881553,1.000000000000001,64,9.992007221626409e-16,,,,
0,adapter,M_BA,M_BAC,forward_lineage,ridge_linear,True,0.42079213117663194,0.4436909501175881,0.4309484679309164,52198087124.20364,4,1.0054325966003759,0.9700077648177,0.05826196928681188,0.04631367273810953,0.07623240781786307
0,adapter,M_BA,M_BAC,forward_lineage,low_rank_residual,False,0.4998086782804187,0.5078842699365459,0.5148031407344854,185229747.64825583,60,1.025452728392335,,,,
0,adapter,M_BA,M_BAC,forward_lineage,whitened_cca,False,0.43352988431291956,0.4568604435947219,0.448859122232783,1.5319720933990173,64,0.3959595106578072,,,,
0,adapter,M_BAC,M_BA,reverse_lineage,orthogonal_procrustes,False,0.43489638423199806,0.45131922004172476,0.4399923147789509,1.0000000000000009,64,7.771561172376096e-16,,,,
0,adapter,M_BAC,M_BA,reverse_lineage,ridge_linear,True,0.41617980562333895,0.44141978524578035,0.42484098298109735,44806825629.40877,4,1.2599102726680704,0.9699452739629258,0.05370546027538464,0.03778744261183084,0.076188782577952
0,adapter,M_BAC,M_BA,reverse_lineage,low_rank_residual,False,0.4448665365455681,0.4597847340612733,0.44932224462156306,186436539.36038965,60,1.054192936544519,,,,
0,adapter,M_BAC,M_BA,reverse_lineage,whitened_cca,False,0.42840614989561127,0.45894673946713077,0.43355404345126125,1.5319720933991328,64,0.4665262311189089,,,,
0,adapter,M_BC,M_BCA,forward_lineage,orthogonal_procrustes,False,0.4442822055647621,0.45991998383534,0.44450045172811425,1.000000000000001,64,1.1102230246251565e-15,,,,
0,adapter,M_BC,M_BCA,forward_lineage,ridge_linear,True,0.40953939639853454,0.4350468875669229,0.41440609981749943,515937957243.73083,4,1.3026089851016163,0.9715149407880393,0.05087728765045985,0.03600447353852933,0.07270922239833472
0,adapter,M_BC,M_BCA,forward_lineage,low_rank_residual,False,0.4564502582771309,0.4695523286878062,0.454686131039262,187165192.05587748,60,1.0904329668552264,,,,
0,adapter,M_BC,M_BCA,forward_lineage,whitened_cca,False,0.42367703897764125,0.4560277004405187,0.42576687167423083,1.78646214024688,64,0.6264434496012367,,,,
0,adapter,M_BCA,M_BC,reverse_lineage,orthogonal_procrustes,False,0.5063170136659247,0.5105105905011512,0.5141332735926502,1.0000000000000016,64,1.4432899320127035e-15,,,,
0,adapter,M_BCA,M_BC,reverse_lineage,ridge_linear,True,0.42818318276187267,0.4491898041944762,0.4333821892679867,888008493004.6901,4,0.9740198916349263,0.9712937089525902,0.059834646364195596,0.04675017934057124,0.07833535426497037
0,adapter,M_BCA,M_BC,reverse_lineage,low_rank_residual,False,0.5254614933857692,0.5255459612985286,0.5314789208497236,180673806.06816983,60,1.0463244709885227,,,,
0,adapter,M_BCA,M_BC,reverse_lineage,whitened_cca,False,0.4464209607802132,0.466251744210247,0.45895801438731965,1.7864621402466256,64,0.5526878945964716,,,,
0,adapter,M_CA,M_CAB,forward_lineage,orthogonal_procrustes,False,0.46902834637082175,0.4810954375262575,0.47149561160766096,1.0000000000000013,64,1.2212453270876722e-15,,,,
0,adapter,M_CA,M_CAB,forward_lineage,ridge_linear,True,0.4337434453237261,0.4511244936448447,0.4355359392630856,102216593327.70085,4,0.9596159809177727,0.9699633581336525,0.061119761385451596,0.04394329337610304,0.08608025008427501
0,adapter,M_CA,M_CAB,forward_lineage,low_rank_residual,False,0.4822458210224153,0.49149590182139963,0.48101115282555296,153676597.62501416,60,1.033358446724435,,,,
0,adapter,M_CA,M_CAB,forward_lineage,whitened_cca,False,0.4471045740528105,0.46391753168200855,0.4535048758284678,1.424125691143933,64,0.34613281741758795,,,,
0,adapter,M_CAB,M_CA,reverse_lineage,orthogonal_procrustes,False,0.4394815636603879,0.4594020818668526,0.43817830547674746,1.0000000000000016,64,1.4432899320127035e-15,,,,
0,adapter,M_CAB,M_CA,reverse_lineage,ridge_linear,True,0.42317149632331624,0.44367407907256556,0.42727206929759326,82970082699.89088,4,1.167330597583046,0.9699149353753393,0.05607347676378391,0.04207921540323332,0.07767039444509118
0,adapter,M_CAB,M_CA,reverse_lineage,low_rank_residual,False,0.4497881677219708,0.4676669958883492,0.44490870790497056,169319973.94160455,60,1.0472138497287604,,,,
0,adapter,M_CAB,M_CA,reverse_lineage,whitened_cca,False,0.4354355622362868,0.4595469028194685,0.43667576906156,1.424125691144006,64,0.36492033272137114,,,,
0,adapter,M_CB,M_CBA,forward_lineage,orthogonal_procrustes,False,0.4275476572436177,0.4409900422689885,0.4202870880438015,1.000000000000001,64,1.1102230246251565e-15,,,,
0,adapter,M_CB,M_CBA,forward_lineage,ridge_linear,True,0.39817037406550804,0.41898233205452207,0.39864897744902594,117334886391.58272,4,1.2498882362973722,0.9699011513805168,0.04902384114092305,0.035692179626169905,0.06986923130259023
0,adapter,M_CB,M_CBA,forward_lineage,low_rank_residual,False,0.4377616098865383,0.44948151855009827,0.42961333731541956,182475119.98028672,60,1.0663634980911734,,,,
0,adapter,M_CB,M_CBA,forward_lineage,whitened_cca,False,0.4088353251277617,0.4305970670796604,0.40564689814061344,1.697533152267817,64,0.5461767877688801,,,,
0,adapter,M_CBA,M_CB,reverse_lineage,orthogonal_procrustes,False,0.4767554558246721,0.48585368915588556,0.47367083244047,1.000000000000001,64,1.1102230246251565e-15,,,,
0,adapter,M_CBA,M_CB,reverse_lineage,ridge_linear,True,0.41375527639520426,0.4294216506797612,0.4127444127346557,166549696700.26663,4,1.0627627687750323,0.9698739808433782,0.053524455213398686,0.042104103548546594,0.07124119110695894
0,adapter,M_CBA,M_CB,reverse_lineage,low_rank_residual,False,0.49076530557866177,0.49725476074457475,0.48701732507952594,166551403.1879498,60,1.0370984616177013,,,,
0,adapter,M_CBA,M_CB,reverse_lineage,whitened_cca,False,0.42617237980071015,0.4440239577540892,0.43077918227145734,1.6975331522679304,64,0.5247811217060357,,,,
0,adapter,M_AB,M_B,loop_closing,orthogonal_procrustes,False,0.10511447907158544,0.1070511113483149,0.10689093004586316,1.0000000000000013,64,1.3322676295501878e-15,,,,
0,adapter,M_AB,M_B,loop_closing,ridge_linear,True,0.0902099449138156,0.09175937462402953,0.09275564085351344,80769511100.8195,4,1.0913006149086844,0.9682735866767836,0.010724561742244005,0.008197692673530425,0.013999394742668083
0,adapter,M_AB,M_B,loop_closing,low_rank_residual,False,0.113696198272431,0.115102244995324,0.1129991293970278,198450051.82093808,60,1.0289816327800425,,,,
0,adapter,M_AB,M_B,loop_closing,whitened_cca,False,0.09050074969260799,0.09199578272363489,0.09291522401446034,1.1915389331120139,64,0.17727975574426713,,,,
0,adapter,M_B,M_AB,loop_closing,orthogonal_procrustes,False,0.10361426063648901,0.10534852444703095,0.10525902610576876,1.0000000000000016,64,1.5543122344752192e-15,,,,
0,adapter,M_B,M_AB,loop_closing,ridge_linear,True,0.08798630406080342,0.0894394909567494,0.09008192165832596,78417160420.96707,4,1.0765434023737226,0.9682728732750029,0.011237238712800985,0.008301218812768192,0.015533268528470699
0,adapter,M_B,M_AB,loop_closing,low_rank_residual,False,0.11595715742538226,0.1172478307403192,0.1150571782302984,195990116.75149956,60,1.0206130467166101,,,,
0,adapter,M_B,M_AB,loop_closing,whitened_cca,False,0.0882562281814478,0.08977083194558652,0.09053302439959178,1.1915389331119683,64,0.1736787745150945,,,,
0,adapter,M_AC,M_C,loop_closing,orthogonal_procrustes,False,0.1368145311597564,0.13885802368929673,0.14041790058650838,1.0000000000000013,64,1.3322676295501878e-15,,,,
0,adapter,M_AC,M_C,loop_closing,ridge_linear,True,0.1159380494245028,0.11583084827289455,0.12086318009394423,37956426287.73826,4,1.1812766404864912,0.9682985371971847,0.013871783593071785,0.010250364924305772,0.019841512341194655
0,adapter,M_AC,M_C,loop_closing,low_rank_residual,False,0.14559463728146507,0.14325883155430458,0.14749736927411733,216471103.027397,60,1.0361883301804702,,,,
0,adapter,M_AC,M_C,loop_closing,whitened_cca,False,0.11641991842504858,0.11611907934020946,0.12141069789655026,1.3344622240881725,64,0.3012829146934458,,,,
0,adapter,M_C,M_AC,loop_closing,orthogonal_procrustes,False,0.13690080435199384,0.1394007513726355,0.14071865090980662,1.0000000000000013,64,1.3322676295501878e-15,,,,
0,adapter,M_C,M_AC,loop_closing,ridge_linear,True,0.11216239105511032,0.11206565068729983,0.11688038119057641,47938703012.68721,4,1.1055464790462133,0.9682987329122911,0.012989328024517958,0.01003660476227167,0.016990870560226464
0,adapter,M_C,M_AC,loop_closing,low_rank_residual,False,0.15174296296762183,0.1501254121807455,0.15370095962911753,212780030.05155072,60,1.0208603621340873,,,,
0,adapter,M_C,M_AC,loop_closing,whitened_cca,False,0.11260173436698961,0.11259741414295467,0.11736593177964053,1.3344622240881918,64,0.2782360237857242,,,,
0,adapter,M_BC,M_C,loop_closing,orthogonal_procrustes,False,0.07899728245222162,0.07997737007459237,0.0797213893481856,1.0000000000000013,64,1.2212453270876722e-15,,,,
0,adapter,M_BC,M_C,loop_closing,ridge_linear,True,0.07075254474324502,0.07277496336648197,0.07270777947609343,101285705488.4633,4,1.0288968430584908,0.9682498789234603,0.008861884837544652,0.006718689609921096,0.011507742891027904
0,adapter,M_BC,M_C,loop_closing,low_rank_residual,False,0.08132532274594724,0.08152726935307932,0.0813144038293593,197291747.789266,60,1.003176664681019,,,,
0,adapter,M_BC,M_C,loop_closing,whitened_cca,False,0.07081436401135995,0.0728040580448426,0.07267031503628829,1.1016064633227514,64,0.09531442228303488,,,,
0,adapter,M_C,M_BC,loop_closing,orthogonal_procrustes,False,0.07749831477586136,0.07875833222628584,0.07849357723740286,1.0000000000000018,64,1.7763568394002505e-15,,,,
0,adapter,M_C,M_BC,loop_closing,ridge_linear,True,0.07085404889924028,0.07323474500555346,0.07286880831439908,214809321156.8364,4,1.0627413962215437,0.9682497066351758,0.008637984835904704,0.005920298691045779,0.011986556293309827
0,adapter,M_C,M_BC,loop_closing,low_rank_residual,False,0.07851060618249332,0.07926120629630853,0.07901348885513859,195465211.26367384,60,1.003694088088673,,,,
0,adapter,M_C,M_BC,loop_closing,whitened_cca,False,0.07091590420406979,0.07333443800206049,0.07303208414414285,1.1016064633227385,64,0.09832355544371651,,,,
0,adapter,M_ABC,M_BAC,same_depth_closing,orthogonal_procrustes,False,0.12154749812019494,0.12520623434314634,0.12421915774849329,1.000000000000001,64,1.1102230246251565e-15,,,,
0,adapter,M_ABC,M_BAC,same_depth_closing,ridge_linear,True,0.11387193528482174,0.11813809859237781,0.11828723332748814,56070299258.09431,4,1.049385034646002,0.9682837554598381,0.014317240432888316,0.010997747257184878,0.019326521932587725
0,adapter,M_ABC,M_BAC,same_depth_closing,low_rank_residual,False,0.12645024124525747,0.12932401710945546,0.12813940812994723,181137711.0301063,60,1.030803143191383,,,,
0,adapter,M_ABC,M_BAC,same_depth_closing,whitened_cca,False,0.11423239424383887,0.11855354406424863,0.11842308266946283,1.1682782414810555,64,0.15307532628280218,,,,
0,adapter,M_BAC,M_ABC,same_depth_closing,orthogonal_procrustes,False,0.12206565909950141,0.12514775984835608,0.12476660468123855,1.0000000000000018,64,1.6653345369377348e-15,,,,
0,adapter,M_BAC,M_ABC,same_depth_closing,ridge_linear,True,0.11623660934314554,0.12004552697569063,0.12048850912918638,60881289168.95825,4,1.0766537313121984,0.9682834106631814,0.013667800671606466,0.009992947020429188,0.01852272680577316
0,adapter,M_BAC,M_ABC,same_depth_closing,low_rank_residual,False,0.12631532170496773,0.1291693824615914,0.12899872295661197,181669158.9586442,60,1.0351170070433162,,,,
0,adapter,M_BAC,M_ABC,same_depth_closing,whitened_cca,False,0.11662395343780198,0.12040415123492502,0.12126751485144686,1.1682782414810937,64,0.15834503407436062,,,,
0,adapter,M_ABC,M_ACB,same_depth_closing,orthogonal_procrustes,False,0.3058831177599164,0.31416716254072735,0.3239211417792197,1.0000000000000016,64,1.4432899320127035e-15,,,,
0,adapter,M_ABC,M_ACB,same_depth_closing,ridge_linear,True,0.3002216091954129,0.30904666189440094,0.3165290028883559,19782417130.433846,4,1.0940990839871478,0.9686334339566404,0.03890242492095658,0.029825124658644467,0.05333042297853899
0,adapter,M_ABC,M_ACB,same_depth_closing,low_rank_residual,False,0.3114644479659291,0.3190539813574457,0.3290283088436446,190055821.42452496,60,1.013369441652407,,,,
0,adapter,M_ABC,M_ACB,same_depth_closing,whitened_cca,False,0.3040732485022625,0.3146218410959579,0.3202689699200798,1.2134069344125653,64,0.1981935465991893,,,,
0,adapter,M_ACB,M_ABC,same_depth_closing,orthogonal_procrustes,False,0.31282246397837504,0.3171808332224841,0.33366766042861734,1.0000000000000013,64,1.3322676295501878e-15,,,,
0,adapter,M_ACB,M_ABC,same_depth_closing,ridge_linear,True,0.3008708099915187,0.3073369667474047,0.3184897548763289,20670073795.32014,4,1.0287489171041488,0.9686409355956178,0.04035345973829705,0.029762179410646204,0.05681743268935566
0,adapter,M_ACB,M_ABC,same_depth_closing,low_rank_residual,False,0.31887384228802107,0.32232219744007806,0.3395534999878551,188762974.16301304,60,1.0130917660352947,,,,
0,adapter,M_ACB,M_ABC,same_depth_closing,whitened_cca,False,0.30474859719744274,0.310476702669936,0.32386707579205576,1.213406934412905,64,0.18937431399666138,,,,
0,adapter,M_ACB,M_CAB,same_depth_closing,orthogonal_procrustes,False,0.0892154524495685,0.09208518735125056,0.09547219891153445,1.0000000000000018,64,1.6653345369377348e-15,,,,
0,adapter,M_ACB,M_CAB,same_depth_closing,ridge_linear,True,0.0842044417655937,0.0852387454479457,0.09006202167199388,85485943765.59662,4,1.0523708890805432,0.9682716219316432,0.011443118786283351,0.008633018950264042,0.015653033846745934
0,adapter,M_ACB,M_CAB,same_depth_closing,low_rank_residual,False,0.09443847962677153,0.09622116316239711,0.10083234592540906,138493806.3304166,60,1.0272388823414869,,,,
0,adapter,M_ACB,M_CAB,same_depth_closing,whitened_cca,False,0.08444194456524755,0.08542023296249096,0.09025956484487606,1.100058368480718,64,0.09604784963394086,,,,
0,adapter,M_CAB,M_ACB,same_depth_closing,orthogonal_procrustes,False,0.09006029323290349,0.09344596010676975,0.09661739942427586,1.0000000000000013,64,1.2212453270876722e-15,,,,
0,adapter,M_CAB,M_ACB,same_depth_closing,ridge_linear,True,0.08495971622718078,0.08647409059279038,0.09101085696793387,206908368706.79913,4,1.0334451289030078,0.9682713737730778,0.011481873131349598,0.008669459666560643,0.015791551015098843
0,adapter,M_CAB,M_ACB,same_depth_closing,low_rank_residual,False,0.09671929236348928,0.0995726780080142,0.10372368195852784,137643047.84199935,60,1.0290707175671978,,,,
0,adapter,M_CAB,M_ACB,same_depth_closing,whitened_cca,False,0.08520457958019494,0.08681759880910982,0.09140664162079894,1.1000583684806846,64,0.09475528866077765,,,,
0,adapter,M_BAC,M_BCA,same_depth_closing,orthogonal_procrustes,False,0.39954360229895025,0.41783179975901025,0.4052724437649978,1.0000000000000013,64,1.3322676295501878e-15,,,,
0,adapter,M_BAC,M_BCA,same_depth_closing,ridge_linear,True,0.3783056639829691,0.40557267057369994,0.387059524856714,19367112244.188164,4,1.2643363675670305,0.9700158502978665,0.045903653307072724,0.03421102437818001,0.06117258361058642
0,adapter,M_BAC,M_BCA,same_depth_closing,low_rank_residual,False,0.4077182829345415,0.42557200734208567,0.412588104841325,196212350.58742923,60,1.0899984962494311,,,,
0,adapter,M_BAC,M_BCA,same_depth_closing,whitened_cca,False,0.38824616318743316,0.4218309827116319,0.39507359810089615,1.5569744211468743,64,0.48263244788477866,,,,
0,adapter,M_BCA,M_BAC,same_depth_closing,orthogonal_procrustes,False,0.4447859357262916,0.45382310857456415,0.4581510750196223,1.0000000000000013,64,1.2212453270876722e-15,,,,
0,adapter,M_BCA,M_BAC,same_depth_closing,ridge_linear,True,0.3838500389017865,0.40898637120305076,0.39456031688177157,16265680031.222013,4,0.9922564382085998,0.9700450822697041,0.053513004269917765,0.03900167401542725,0.07598962668745936
0,adapter,M_BCA,M_BAC,same_depth_closing,low_rank_residual,False,0.45745788013119926,0.46484579095921896,0.47029330207837916,186037062.55154532,60,1.0530395022375174,,,,
0,adapter,M_BCA,M_BAC,same_depth_closing,whitened_cca,False,0.3947442383769721,0.4185084919840243,0.41023891821283814,1.556974421147226,64,0.41283119547712144,,,,
0,adapter,M_BCA,M_CBA,same_depth_closing,orthogonal_procrustes,False,0.15499276086170785,0.15893658038380518,0.1585462903446827,1.0000000000000013,64,1.3322676295501878e-15,,,,
0,adapter,M_BCA,M_CBA,same_depth_closing,ridge_linear,True,0.1506571717754197,0.15800063710032547,0.15426307343010456,20667493544.456375,4,1.0529803386843488,0.9683089841362802,0.021727262733966825,0.01626901596359631,0.028871496260541078
0,adapter,M_BCA,M_CBA,same_depth_closing,low_rank_residual,False,0.16069950636933447,0.1629854513500115,0.16236264659272798,133013509.8851963,60,1.0300289440092376,,,,
0,adapter,M_BCA,M_CBA,same_depth_closing,whitened_cca,False,0.1512282480801243,0.15801805359543347,0.15458600587641297,1.1382403078749848,64,0.13053261279050543,,,,
0,adapter,M_CBA,M_BCA,same_depth_closing,orthogonal_procrustes,False,0.1556829572966527,0.16063374935612332,0.15990611055652645,1.000000000000001,64,9.992007221626409e-16,,,,
0,adapter,M_CBA,M_BCA,same_depth_closing,ridge_linear,True,0.15126103535235974,0.15821526042275966,0.15479287044132523,31933158473.783962,4,1.0439076803887652,0.9683036650635741,0.02127402665233045,0.016240589034951663,0.02842531880332483
0,adapter,M_CBA,M_BCA,same_depth_closing,low_rank_residual,False,0.16066644798672153,0.16441425883858993,0.16340397574386803,129072244.74898961,60,1.0206792255785606,,,,
0,adapter,M_CBA,M_BCA,same_depth_closing,whitened_cca,False,0.15183451501702577,0.1595162848266856,0.15562933729873607,1.1382403078748873,64,0.1286223359360693,,,,
0,adapter,M_CAB,M_CBA,same_depth_closing,orthogonal_procrustes,False,0.40843627635350727,0.4260546678165726,0.4002038793108852,1.0000000000000013,64,1.2212453270876722e-15,,,,
0,adapter,M_CAB,M_CBA,same_depth_closing,ridge_linear,True,0.38926588585683086,0.41161441379851266,0.3865238545154981,998932640442.6909,4,1.2400463626723188,0.9693140249679959,0.047700446769114536,0.03651697425444101,0.06289645752157173
0,adapter,M_CAB,M_CBA,same_depth_closing,low_rank_residual,False,0.4165404849032037,0.43290723066616227,0.40738417306388475,174671542.14417797,60,1.0663123319575154,,,,
0,adapter,M_CAB,M_CBA,same_depth_closing,whitened_cca,False,0.39854928295126435,0.4227409460222981,0.39317336447942297,1.5231370264889499,64,0.44085277176216786,,,,
0,adapter,M_CBA,M_CAB,same_depth_closing,orthogonal_procrustes,False,0.4442757510114922,0.45629278503011633,0.4396513795625834,1.0000000000000009,64,7.771561172376096e-16,,,,
0,adapter,M_CBA,M_CAB,same_depth_closing,ridge_linear,True,0.3970828483904013,0.41557461961936826,0.39470714474265217,107260853153.67955,4,1.0554967146702738,0.9693254250653193,0.05357446588256317,0.03779632541772324,0.07467944248721715
0,adapter,M_CBA,M_CAB,same_depth_closing,low_rank_residual,False,0.45595223565819887,0.46604170479908297,0.4507974111062395,171099188.76874378,60,1.0278563680816981,,,,
0,adapter,M_CBA,M_CAB,same_depth_closing,whitened_cca,False,0.40682839466991966,0.42636812943866087,0.4076924895965954,1.523137026488834,64,0.40756639472256817,,,,
0,adapter,M_AB,M_BA,same_depth_closing,orthogonal_procrustes,False,0.41245003162668176,0.42857622407945023,0.4050928443481838,1.0000000000000013,64,1.2212453270876722e-15,,,,
0,adapter,M_AB,M_BA,same_depth_closing,ridge_linear,True,0.3933093703663342,0.4136725937666458,0.39021343101646994,65723733096.38339,4,1.1907179040158333,0.9695089320609986,0.0494758637601588,0.036966011638564715,0.06657597465518275
0,adapter,M_AB,M_BA,same_depth_closing,low_rank_residual,False,0.41905215009111324,0.4340804154323139,0.4112441304640069,173560044.54597104,60,1.0552568595531027,,,,
0,adapter,M_AB,M_BA,same_depth_closing,whitened_cca,False,0.40308519900799794,0.4242002523259856,0.39728520559922875,1.5255276649129448,64,0.4309468878248809,,,,
0,adapter,M_BA,M_AB,same_depth_closing,orthogonal_procrustes,False,0.4535043384530482,0.4655677103435926,0.4497160274329818,1.0000000000000013,64,1.2212453270876722e-15,,,,
0,adapter,M_BA,M_AB,same_depth_closing,ridge_linear,True,0.39986932271360415,0.41721410739113135,0.39825801879329475,73078119157.91454,4,1.067550142920624,0.9695618638271185,0.052041046669014275,0.03872103152854799,0.07621895006202965
0,adapter,M_BA,M_AB,same_depth_closing,low_rank_residual,False,0.4630868435625332,0.4737481364925256,0.45928285319284423,185095856.79108706,60,1.0366445179791715,,,,
0,adapter,M_BA,M_AB,same_depth_closing,whitened_cca,False,0.41017812129309444,0.42889654944149824,0.4118097355905457,1.5255276649130844,64,0.4200948232066487,,,,
0,adapter,M_AC,M_CA,same_depth_closing,orthogonal_procrustes,False,0.4120969668895511,0.42847766810703036,0.4156403402364904,1.0000000000000016,64,1.5543122344752192e-15,,,,
0,adapter,M_AC,M_CA,same_depth_closing,ridge_linear,True,0.39446748679425186,0.4202334290211422,0.40005848476839956,69993351478.36151,4,1.2764173359743474,0.9702376780363807,0.04700686593141689,0.03434651801261707,0.07118428788379463
0,adapter,M_AC,M_CA,same_depth_closing,low_rank_residual,False,0.4190154726438384,0.43420378916522606,0.42125081589485897,190772375.35085902,60,1.0957506966444137,,,,
0,adapter,M_AC,M_CA,same_depth_closing,whitened_cca,False,0.4057405543269962,0.43780813107983546,0.4089962153071888,1.4235371383499578,64,0.4024407557568862,,,,
0,adapter,M_CA,M_AC,same_depth_closing,orthogonal_procrustes,False,0.47208094672128514,0.4791685958545988,0.4833923051430112,1.0000000000000013,64,1.3322676295501878e-15,,,,
0,adapter,M_CA,M_AC,same_depth_closing,ridge_linear,True,0.3999490548282502,0.4236283147158186,0.406845515821027,43588965339.381256,4,0.9207799250212215,0.9703030543536818,0.052715095528770094,0.038923548259308105,0.06903684970439793
0,adapter,M_CA,M_AC,same_depth_closing,low_rank_residual,False,0.48608107936638645,0.49057645854994186,0.49636976370178537,181972559.94456103,60,1.0395578673134607,,,,
0,adapter,M_CA,M_AC,same_depth_closing,whitened_cca,False,0.41205106403234687,0.4338325197672048,0.42333876579573043,1.4235371383512663,64,0.3131210309034913,,,,
0,adapter,M_BC,M_CB,same_depth_closing,orthogonal_procrustes,False,0.29924302388962276,0.3068440708770014,0.31509000034338114,1.0000000000000013,64,1.3322676295501878e-15,,,,
0,adapter,M_BC,M_CB,same_depth_closing,ridge_linear,True,0.29543726497460904,0.3035505052375942,0.31061409579499916,66331186470.0543,4,1.08505259076116,0.968504139263286,0.036680637155694445,0.026619361094912173,0.05106676358584616
0,adapter,M_BC,M_CB,same_depth_closing,low_rank_residual,False,0.30412444333512895,0.3106119368075265,0.31878219358015386,203362380.53384262,60,1.0083162434279798,,,,
0,adapter,M_BC,M_CB,same_depth_closing,whitened_cca,False,0.29890820769533827,0.30854681778339527,0.3139812744539098,1.19715837307128,64,0.1861615136210869,,,,
0,adapter,M_CB,M_BC,same_depth_closing,orthogonal_procrustes,False,0.30718934957273375,0.31244704482136954,0.32614934123496053,1.0000000000000013,64,1.3322676295501878e-15,,,,
0,adapter,M_CB,M_BC,same_depth_closing,ridge_linear,True,0.2953797797414675,0.30283957183270027,0.3120137574018981,92165301776.71863,4,1.0223150767331313,0.9685037691171109,0.03754932469994731,0.027302763831199114,0.05162657084691706
0,adapter,M_CB,M_BC,same_depth_closing,low_rank_residual,False,0.3128080180235238,0.3167465867860092,0.33069275010311555,200050986.7067802,60,1.0068277928897353,,,,
0,adapter,M_CB,M_BC,same_depth_closing,whitened_cca,False,0.2988529436058369,0.3057215567253355,0.3168481261341479,1.1971583730713442,64,0.17441705237927652,,,,
0,adapter,M_A,M_B,same_depth_closing,orthogonal_procrustes,False,0.4844764138128679,0.49763480153963663,0.4861675998199574,1.0000000000000016,64,1.4432899320127035e-15,,,,
0,adapter,M_A,M_B,same_depth_closing,ridge_linear,True,0.44325318674577535,0.45944371516583665,0.4426860257007791,288081590681.37006,4,1.1068889635164672,0.970204984199249,0.05786216632074334,0.04234758942426614,0.0870409759347369
0,adapter,M_A,M_B,same_depth_closing,low_rank_residual,False,0.4989466592025387,0.5100503077501848,0.4990246488508525,189333046.32748097,60,1.0739300308853357,,,,
0,adapter,M_A,M_B,same_depth_closing,whitened_cca,False,0.45807406862114414,0.47692502791154023,0.46524511228116555,1.679102119685106,64,0.5554678050906093,,,,
0,adapter,M_B,M_A,same_depth_closing,orthogonal_procrustes,False,0.4539028517505283,0.4722069845433854,0.4503230854110669,1.0000000000000009,64,8.881784197001252e-16,,,,
0,adapter,M_B,M_A,same_depth_closing,ridge_linear,True,0.4249282605308989,0.4476726409970623,0.43095509248684755,784748898822.9541,4,1.1334877715562752,0.9701228844406509,0.05422292931032186,0.039140020143317675,0.06952643826975971
0,adapter,M_B,M_A,same_depth_closing,low_rank_residual,False,0.46632498598711375,0.4833577269198425,0.461439782289382,184600955.90198028,60,1.0599519326641973,,,,
0,adapter,M_B,M_A,same_depth_closing,whitened_cca,False,0.43765506740223414,0.46205013458562166,0.43834314699067023,1.6791021196850895,64,0.49446342173087887,,,,
0,adapter,M_A,M_C,same_depth_closing,orthogonal_procrustes,False,0.5373314213646676,0.5418659290820267,0.5454024462212471,1.000000000000001,64,1.1102230246251565e-15,,,,
0,adapter,M_A,M_C,same_depth_closing,ridge_linear,True,0.46546001746517385,0.48418894193675177,0.4704224065122459,17063113126.29486,4,1.0489322006337167,0.9708716318346806,0.06291275234877614,0.04651355259413164,0.08720895563531139
0,adapter,M_A,M_C,same_depth_closing,low_rank_residual,False,0.5614064670009926,0.5608533969985888,0.5679798576478298,204788682.92710924,60,1.042560262883751,,,,
0,adapter,M_A,M_C,same_depth_closing,whitened_cca,False,0.4835418054529727,0.5014499547930968,0.49515979353038686,1.8211800593958072,64,0.5911572784731965,,,,
0,adapter,M_C,M_A,same_depth_closing,orthogonal_procrustes,False,0.48233930608979936,0.49800866915818914,0.4819384051167127,1.0000000000000013,64,1.3322676295501878e-15,,,,
0,adapter,M_C,M_A,same_depth_closing,ridge_linear,True,0.45314101900343845,0.47457147964134455,0.45974065396421,24054281818.017452,4,1.2708402227352484,0.9710240918460854,0.05643170826769218,0.03897451627001247,0.08273880694950492
0,adapter,M_C,M_A,same_depth_closing,low_rank_residual,False,0.5029383870316791,0.5148880724207041,0.5006149024246291,201022209.24617732,60,1.0635890616908932,,,,
0,adapter,M_C,M_A,same_depth_closing,whitened_cca,False,0.46886305424482955,0.49812334361345484,0.47112222550909344,1.8211800593956247,64,0.6263554523803879,,,,
0,adapter,M_B,M_C,same_depth_closing,orthogonal_procrustes,False,0.3560683314439338,0.3616683727603136,0.3763723087428821,1.0000000000000013,64,1.3322676295501878e-15,,,,
0,adapter,M_B,M_C,same_depth_closing,ridge_linear,True,0.33653478730506076,0.3443649086367021,0.35465708062480567,19946096774.926476,4,1.011500026150149,0.9687091892212588,0.044244131765263456,0.032819638776526806,0.06310382425116859
0,adapter,M_B,M_C,same_depth_closing,low_rank_residual,False,0.3641259875151463,0.36713634291482944,0.3839110831370612,186093758.86132783,60,1.015448143821484,,,,
0,adapter,M_B,M_C,same_depth_closing,whitened_cca,False,0.34172929359788323,0.34871430465201275,0.3609876246938476,1.2496761435518007,64,0.21250021998838542,,,,
0,adapter,M_C,M_B,same_depth_closing,orthogonal_procrustes,False,0.34115637705924,0.35029499194689884,0.3590491631104613,1.000000000000001,64,1.1102230246251565e-15,,,,
0,adapter,M_C,M_B,same_depth_closing,ridge_linear,True,0.33669613033538937,0.34653789429517,0.3539615495301833,25274016973.043446,4,1.1105823463670745,0.9687026900490697,0.04235294111213137,0.031073491657715658,0.06001324387269778
0,adapter,M_C,M_B,same_depth_closing,low_rank_residual,False,0.3486017188395399,0.3554358443817031,0.3656277159169688,174520744.2622063,60,1.0133392166995687,,,,
0,adapter,M_C,M_B,same_depth_closing,whitened_cca,False,0.34190661846161197,0.353814510063152,0.3597157303418027,1.2496761435521833,64,0.23474547647741495,,,,
0,penultimate,M0,M_A,forward_lineage,orthogonal_procrustes,False,0.24140257779327895,0.24075288699059197,0.23742660149632192,1.0000000000000022,64,2.1094237467877974e-15,,,,
0,penultimate,M0,M_A,forward_lineage,ridge_linear,False,1.6536181906772404e-06,1.8506181180899955e-06,1.8542469670666689e-06,7.368137967423796,64,2.274942238129687,,,,
0,penultimate,M0,M_A,forward_lineage,low_rank_residual,False,2.9764941040524834e-06,2.9578637760354055e-06,2.8759746978477467e-06,7.36812886347064,64,2.2749420073960884,,,,
0,penultimate,M0,M_A,forward_lineage,whitened_cca,True,1.3337543390833158e-07,1.4062968380857032e-07,1.3958147481609365e-07,7.36818015772301,64,2.2749709373506803,1.2035405814339128e-14,6.585602641199363e-08,6.050572242742647e-08,7.273298258098446e-08
0,penultimate,M_A,M0,reverse_lineage,orthogonal_procrustes,False,0.2535981530356164,0.25125656974171745,0.2502029516869764,1.0000000000000016,64,1.4432899320127035e-15,,,,
0,penultimate,M_A,M0,reverse_lineage,ridge_linear,False,2.427053123770786e-06,2.716220350809708e-06,2.81883224712974e-06,7.36784680957823,64,2.4191963844210482,,,,
0,penultimate,M_A,M0,reverse_lineage,low_rank_residual,False,4.670553536388923e-06,4.627704116662599e-06,4.7238212249433045e-06,7.367843420873367,64,2.419196494350888,,,,
0,penultimate,M_A,M0,reverse_lineage,whitened_cca,True,1.4202450677101368e-07,1.4872406670858417e-07,1.4964413216508735e-07,7.368180157723042,64,2.419327117595125,1.3054642168389057e-14,7.172530131902202e-08,6.352412929624915e-08,8.053457235267152e-08
0,penultimate,M0,M_B,forward_lineage,orthogonal_procrustes,False,0.13449246775213622,0.14127906161225479,0.1420705040556703,1.0000000000000016,64,1.5543122344752192e-15,,,,
0,penultimate,M0,M_B,forward_lineage,ridge_linear,False,1.3720838179768857e-06,1.547091530733102e-06,1.5545395433096586e-06,4.032842435471458,64,1.3104845272215846,,,,
0,penultimate,M0,M_B,forward_lineage,low_rank_residual,False,2.7779413134660616e-06,2.7444031795698513e-06,2.6470990974455216e-06,4.032823814210311,64,1.310482183950203,,,,
0,penultimate,M0,M_B,forward_lineage,whitened_cca,True,1.2959611589671737e-07,1.3653569253746617e-07,1.3744182439698848e-07,4.032818977305899,64,1.3104865013144948,1.186989364235202e-14,6.545955504044247e-08,6.039637222433787e-08,7.041152750271292e-08
0,penultimate,M_B,M0,reverse_lineage,orthogonal_procrustes,False,0.13850665312023402,0.14528776672396965,0.14687810666942558,1.0000000000000016,64,1.5543122344752192e-15,,,,
0,penultimate,M_B,M0,reverse_lineage,ridge_linear,False,2.1474498324906636e-06,2.3972710186126996e-06,2.47200400099954e-06,4.032623944591186,64,1.740296628687723,,,,
0,penultimate,M_B,M0,reverse_lineage,low_rank_residual,False,4.1115525963898725e-06,4.15841984930353e-06,4.08489589522036e-06,4.032644104680054,64,1.7402999957422587,,,,
0,penultimate,M_B,M0,reverse_lineage,whitened_cca,True,1.3490355361500518e-07,1.4195917436663403e-07,1.4367399304624572e-07,4.032818977305877,64,1.7404105127646758,1.257842775516414e-14,7.259332304281435e-08,6.575380753806928e-08,8.035840199592004e-08
0,penultimate,M0,M_C,forward_lineage,orthogonal_procrustes,False,0.13942380111925445,0.14259158314004453,0.14685035034006305,1.0000000000000016,64,1.4432899320127035e-15,,,,
0,penultimate,M0,M_C,forward_lineage,ridge_linear,False,1.6937697180806575e-06,1.8905229473222269e-06,1.9305730661483757e-06,4.347110121883338,64,1.8440010071400172,,,,
0,penultimate,M0,M_C,forward_lineage,low_rank_residual,False,2.857609148229826e-06,2.8383317756356366e-06,2.7833321818587333e-06,4.347135409444944,64,1.8440045448603262,,,,
0,penultimate,M0,M_C,forward_lineage,whitened_cca,True,1.2840301688212043e-07,1.3539177392783504e-07,1.3571989808053642e-07,4.347191518874156,64,1.8440527700093328,1.267711445412742e-14,6.307373373636825e-08,5.797488014370759e-08,6.846719157396141e-08
0,penultimate,M_C,M0,reverse_lineage,orthogonal_procrustes,False,0.14191815484203163,0.1454807988007899,0.1499358016360862,1.0000000000000018,64,1.7763568394002505e-15,,,,
0,penultimate,M_C,M0,reverse_lineage,ridge_linear,False,1.4104221808244077e-06,1.5911751968020107e-06,1.6058994455367177e-06,4.3471548165097,64,1.3975666940526401,,,,
0,penultimate,M_C,M0,reverse_lineage,low_rank_residual,False,2.5563658227370496e-06,2.577987407331995e-06,2.4791282104030854e-06,4.347138337580681,64,1.3975646564787505,,,,
0,penultimate,M_C,M0,reverse_lineage,whitened_cca,True,1.298581354682802e-07,1.3728851684480596e-07,1.3798910547120712e-07,4.347191518874146,64,1.397587495510095,1.278249354581056e-14,6.195390038771301e-08,5.704834955364667e-08,6.734795081293845e-08
0,penultimate,M_A,M_AB,forward_lineage,orthogonal_procrustes,False,0.21757151634872685,0.2226795452518657,0.2143619850085613,1.0000000000000016,64,1.4432899320127035e-15,,,,
0,penultimate,M_A,M_AB,forward_lineage,ridge_linear,False,1.8025378066563034e-06,2.0313221361637905e-06,2.0733292594200695e-06,6.6632352225756915,64,1.990943933183018,,,,
0,penultimate,M_A,M_AB,forward_lineage,low_rank_residual,False,4.400612078356535e-06,4.299261083737196e-06,4.349299475854073e-06,6.663202439821135,64,1.990941827606732,,,,
0,penultimate,M_A,M_AB,forward_lineage,whitened_cca,True,1.4199199849795702e-07,1.4950486938792165e-07,1.5096738764759846e-07,6.663321369288648,64,1.9909838180123751,1.1831460824379195e-14,7.553207458708429e-08,6.844744359627981e-08,8.263632768690277e-08
0,penultimate,M_AB,M_A,reverse_lineage,orthogonal_procrustes,False,0.21405510513624545,0.22018291239491083,0.2109437525956088,1.0000000000000016,64,1.5543122344752192e-15,,,,
0,penultimate,M_AB,M_A,reverse_lineage,ridge_linear,False,2.2606584441134387e-06,2.5047967529288074e-06,2.5690226681298213e-06,6.663083019702883,64,2.4174875163242158,,,,
0,penultimate,M_AB,M_A,reverse_lineage,low_rank_residual,False,4.6254060797793156e-06,4.682974483679732e-06,4.577386203873918e-06,6.663149646545401,64,2.4174921714238495,,,,
0,penultimate,M_AB,M_A,reverse_lineage,whitened_cca,True,1.4092362690643928e-07,1.4971484417887367e-07,1.5027037607758784e-07,6.6633213692886475,64,2.4175970857832327,1.2426033692590256e-14,7.80891978881189e-08,6.983309808328315e-08,8.852017951641777e-08
0,penultimate,M_A,M_AC,forward_lineage,orthogonal_procrustes,False,0.23119119998857451,0.23383553126822734,0.23294650154852217,1.0000000000000016,64,1.5543122344752192e-15,,,,
0,penultimate,M_A,M_AC,forward_lineage,ridge_linear,False,2.0406239202917537e-06,2.2828739586345043e-06,2.3705123000429396e-06,6.88607032732044,64,2.3525028572048443,,,,
0,penultimate,M_A,M_AC,forward_lineage,low_rank_residual,False,4.65088785754736e-06,4.572775233162183e-06,4.643570981439302e-06,6.88615063860117,64,2.3525079239177846,,,,
0,penultimate,M_A,M_AC,forward_lineage,whitened_cca,True,1.4075353213982787e-07,1.495771768725812e-07,1.4889776471073124e-07,6.88620639066731,64,2.3525583000424737,1.206622670095569e-14,7.229513677952214e-08,6.581266288206405e-08,8.060434933644632e-08
0,penultimate,M_AC,M_A,reverse_lineage,orthogonal_procrustes,False,0.22367752280959707,0.22774251215161223,0.224846176268856,1.0000000000000016,64,1.4432899320127035e-15,,,,
0,penultimate,M_AC,M_A,reverse_lineage,ridge_linear,False,1.343460942954683e-06,1.5151250986393562e-06,1.5178395163209665e-06,6.886205306727945,64,2.138697211156193,,,,
0,penultimate,M_AC,M_A,reverse_lineage,low_rank_residual,False,2.9398533382884307e-06,2.966398003703315e-06,2.84523807715906e-06,6.88619016363532,64,2.13869618819774,,,,
0,penultimate,M_AC,M_A,reverse_lineage,whitened_cca,True,1.3364370307457745e-07,1.4399597549446872e-07,1.4164735609368668e-07,6.8862063906672795,64,2.1387033120432246,1.189644411605131e-14,6.664706548766769e-08,6.179110007288892e-08,7.33828467000732e-08
0,penultimate,M_B,M_BA,forward_lineage,orthogonal_procrustes,False,0.2186328874466804,0.22165907337817783,0.2143269514169594,1.0000000000000013,64,1.3322676295501878e-15,,,,
0,penultimate,M_B,M_BA,forward_lineage,ridge_linear,False,2.164137703795606e-06,2.4160239289808068e-06,2.4500170967721866e-06,9.032676475438278,64,2.4790773979556224,,,,
0,penultimate,M_B,M_BA,forward_lineage,low_rank_residual,False,3.908460002005201e-06,3.940900485275143e-06,3.874302505674615e-06,9.032702022532865,64,2.479078507461734,,,,
0,penultimate,M_B,M_BA,forward_lineage,whitened_cca,True,1.417327586013301e-07,1.5034520378156117e-07,1.5036682817900797e-07,9.032935103788022,64,2.479179110637407,1.4544120925742876e-14,7.866655658991556e-08,7.155341564332397e-08,8.75490816946347e-08
0,penultimate,M_BA,M_B,reverse_lineage,orthogonal_procrustes,False,0.22623299439701638,0.22787195929359502,0.22145440586823367,1.000000000000001,64,1.1102230246251565e-15,,,,
0,penultimate,M_BA,M_B,reverse_lineage,ridge_linear,False,3.526382398793411e-06,3.949339834813159e-06,4.112647727857068e-06,9.032141297982568,64,2.8811555799111126,,,,
0,penultimate,M_BA,M_B,reverse_lineage,low_rank_residual,False,6.080514334306295e-06,6.142943529991434e-06,6.23416835532346e-06,9.032118563244188,64,2.8811547424423796,,,,
0,penultimate,M_BA,M_B,reverse_lineage,whitened_cca,True,1.4877971816915973e-07,1.5636290402407882e-07,1.5760902833162612e-07,9.03293510378796,64,2.8814542122271827,1.6794181921817805e-14,8.854236544005536e-08,7.833491160475397e-08,1.0058327951550873e-07
0,penultimate,M_B,M_BC,forward_lineage,orthogonal_procrustes,False,0.15479860851445668,0.15775552551211883,0.16040723003661075,1.0000000000000018,64,1.7763568394002505e-15,,,,
0,penultimate,M_B,M_BC,forward_lineage,ridge_linear,False,2.5980958958463547e-06,2.8840336171952137e-06,2.9877606379804388e-06,7.057123533906148,64,2.6402193943550465,,,,
0,penultimate,M_B,M_BC,forward_lineage,low_rank_residual,False,4.436360192323925e-06,4.5177773899041e-06,4.503377107960887e-06,7.057219884869015,64,2.640225799896862,,,,
0,penultimate,M_B,M_BC,forward_lineage,whitened_cca,True,1.3875374464685828e-07,1.4600357017400385e-07,1.4932067307270412e-07,7.057453138510003,64,2.640371587840381,1.1533599488239331e-14,7.406352812612877e-08,6.60448149627447e-08,8.398243099249136e-08
0,penultimate,M_BC,M_B,reverse_lineage,orthogonal_procrustes,False,0.153885090899157,0.1570968398828116,0.1590960170218739,1.0000000000000018,64,1.6653345369377348e-15,,,,
0,penultimate,M_BC,M_B,reverse_lineage,ridge_linear,False,1.5335103820787177e-06,1.7325186762192097e-06,1.749165489072858e-06,7.057370483093191,64,1.9690595671445945,,,,
0,penultimate,M_BC,M_B,reverse_lineage,low_rank_residual,False,2.927339208174916e-06,2.9671653207494464e-06,2.866567557110403e-06,7.057308466687752,64,1.9690561491964784,,,,
0,penultimate,M_BC,M_B,reverse_lineage,whitened_cca,True,1.3570117987765064e-07,1.4294438744755094e-07,1.455608307866979e-07,7.057453138510011,64,1.9690968261606236,1.1068033015829445e-14,6.784498660782876e-08,6.269998733357373e-08,7.420837836391974e-08
0,penultimate,M_C,M_CA,forward_lineage,orthogonal_procrustes,False,0.2262323813446,0.22901357503830314,0.2237023605821101,1.0000000000000018,64,1.7763568394002505e-15,,,,
0,penultimate,M_C,M_CA,forward_lineage,ridge_linear,False,1.417638605588094e-06,1.5947474804452408e-06,1.5887542101569188e-06,6.203043285938464,64,2.079573836106458,,,,
0,penultimate,M_C,M_CA,forward_lineage,low_rank_residual,False,2.6255192645711375e-06,2.665868194575225e-06,2.563503570766997e-06,6.203025294977526,64,2.0795727798653276,,,,
0,penultimate,M_C,M_CA,forward_lineage,whitened_cca,True,1.3479744876352868e-07,1.4360092799307357e-07,1.4366805891820207e-07,6.203040382093291,64,2.0795822083912046,1.1765737408333903e-14,6.657452663919917e-08,6.125509160578863e-08,7.17331047448059e-08
0,penultimate,M_CA,M_C,reverse_lineage,orthogonal_procrustes,False,0.2358413640737613,0.23616845518932328,0.23296510880701987,1.0000000000000016,64,1.4432899320127035e-15,,,,
0,penultimate,M_CA,M_C,reverse_lineage,ridge_linear,False,1.9980057967878148e-06,2.2390677789616684e-06,2.323752088327228e-06,6.202866564676184,64,2.098547926139612,,,,
0,penultimate,M_CA,M_C,reverse_lineage,low_rank_residual,False,3.969214372040433e-06,3.918190732723502e-06,3.997233152058508e-06,6.202881410466577,64,2.098549371310859,,,,
0,penultimate,M_CA,M_C,reverse_lineage,whitened_cca,True,1.4234644040972683e-07,1.4990568021484847e-07,1.5194658196990952e-07,6.203040382093296,64,2.0986194398107187,1.2387303129402328e-14,7.201204387019319e-08,6.576415450047661e-08,8.052559841170402e-08
0,penultimate,M_C,M_CB,forward_lineage,orthogonal_procrustes,False,0.15550929955868834,0.15847535401669935,0.1617803577516125,1.0000000000000016,64,1.4432899320127035e-15,,,,
0,penultimate,M_C,M_CB,forward_lineage,ridge_linear,False,1.412483501848276e-06,1.5940648082171726e-06,1.6038891106285972e-06,6.617356647992681,64,1.8574481534742688,,,,
0,penultimate,M_C,M_CB,forward_lineage,low_rank_residual,False,2.6997867109223315e-06,2.721676822290789e-06,2.6404345574800653e-06,6.617306000272114,64,1.857445124847836,,,,
0,penultimate,M_C,M_CB,forward_lineage,whitened_cca,True,1.3323680457411043e-07,1.4211122207300945e-07,1.419032887981494e-07,6.617400061587754,64,1.8574721429962815,1.1397908205616e-14,6.572670276619385e-08,6.038968507337417e-08,7.186391561234024e-08
0,penultimate,M_CB,M_C,reverse_lineage,orthogonal_procrustes,False,0.15762023445749043,0.1599628467691128,0.16413694760540218,1.000000000000001,64,9.992007221626409e-16,,,,
0,penultimate,M_CB,M_C,reverse_lineage,ridge_linear,False,2.526794975394341e-06,2.8092844252658024e-06,2.9263698098139048e-06,6.617102410535098,64,2.5670653851179126,,,,
0,penultimate,M_CB,M_C,reverse_lineage,low_rank_residual,False,4.352558935415286e-06,4.399990733878539e-06,4.407537411164043e-06,6.617182235576591,64,2.567071355796723,,,,
0,penultimate,M_CB,M_C,reverse_lineage,whitened_cca,True,1.3718819774211081e-07,1.4596873337609884e-07,1.467861470681794e-07,6.617400061587716,64,2.5672077134316806,1.1670990927956054e-14,7.228712127075202e-08,6.409314930963123e-08,8.079958537612663e-08
0,penultimate,M_AB,M_ABC,forward_lineage,orthogonal_procrustes,False,0.1542040853712605,0.15593569869422177,0.16019568977452717,1.0000000000000013,64,1.3322676295501878e-15,,,,
0,penultimate,M_AB,M_ABC,forward_lineage,ridge_linear,False,2.5512464749847068e-06,2.8155083428053445e-06,2.9386941506428125e-06,6.468312716689627,64,2.4524080678223514,,,,
0,penultimate,M_AB,M_ABC,forward_lineage,low_rank_residual,False,4.695513359543516e-06,4.76784197919935e-06,4.741465185443371e-06,6.4684041316261345,64,2.4524149487980895,,,,
0,penultimate,M_AB,M_ABC,forward_lineage,whitened_cca,True,1.395795477341628e-07,1.4635951182959224e-07,1.4868756102054826e-07,6.468636702300959,64,2.4525616824461416,1.2710183196701762e-14,7.685413884067215e-08,6.861061326367891e-08,8.792678432277673e-08
0,penultimate,M_ABC,M_AB,reverse_lineage,orthogonal_procrustes,False,0.15354040719153705,0.15561098296261913,0.1590429502985724,1.0000000000000016,64,1.4432899320127035e-15,,,,
0,penultimate,M_ABC,M_AB,reverse_lineage,ridge_linear,False,1.5188627704847248e-06,1.7088228234228077e-06,1.7274185490519642e-06,6.468568784103964,64,1.885025774319279,,,,
0,penultimate,M_ABC,M_AB,reverse_lineage,low_rank_residual,False,3.116415200394512e-06,3.160661557025366e-06,3.0381297711047414e-06,6.468510129020006,64,1.8850220220432568,,,,
0,penultimate,M_ABC,M_AB,reverse_lineage,whitened_cca,True,1.368486648104505e-07,1.4391767000767804e-07,1.4519398280654738e-07,6.468636702300953,64,1.8850611648193338,1.2316265946675142e-14,6.983889247882113e-08,6.473566948186327e-08,7.538259725793826e-08
0,penultimate,M_AC,M_ACB,forward_lineage,orthogonal_procrustes,False,0.1556868835979988,0.1569752119020623,0.16077092535022844,1.0000000000000016,64,1.4432899320127035e-15,,,,
0,penultimate,M_AC,M_ACB,forward_lineage,ridge_linear,False,1.4597904785556212e-06,1.6431294806151615e-06,1.6620536245798394e-06,5.856299095812928,64,1.788061292810559,,,,
0,penultimate,M_AC,M_ACB,forward_lineage,low_rank_residual,False,2.8553144510304682e-06,2.8743726655991087e-06,2.7872602831621695e-06,5.856258136303316,64,1.788058188375285,,,,
0,penultimate,M_AC,M_ACB,forward_lineage,whitened_cca,True,1.3203501879553736e-07,1.4215849670648834e-07,1.4235292479701202e-07,5.85635063813596,64,1.7880901788437056,1.1087483700475289e-14,6.542774808827336e-08,6.021173762292106e-08,7.232072412680725e-08
0,penultimate,M_ACB,M_AC,reverse_lineage,orthogonal_procrustes,False,0.15860511353172888,0.15938000233421146,0.16411281784784795,1.0000000000000016,64,1.4432899320127035e-15,,,,
0,penultimate,M_ACB,M_AC,reverse_lineage,ridge_linear,False,2.2144424335250427e-06,2.4478674777964223e-06,2.5365772325780004e-06,5.8561293456288075,64,2.252072943710426,,,,
0,penultimate,M_ACB,M_AC,reverse_lineage,low_rank_residual,False,4.135852820687316e-06,4.157502904735219e-06,4.127064941763839e-06,5.856193027863209,64,2.252078482967731,,,,
0,penultimate,M_ACB,M_AC,reverse_lineage,whitened_cca,True,1.3632686145463443e-07,1.4561583821744666e-07,1.4776558328325165e-07,5.856350638135953,64,2.252182517899162,1.1411819451302994e-14,7.17285392689145e-08,6.44184820838648e-08,7.960700534309173e-08
0,penultimate,M_BA,M_BAC,forward_lineage,orthogonal_procrustes,False,0.23440462742568494,0.2375278533037098,0.2365177321102057,1.0000000000000013,64,1.3322676295501878e-15,,,,
0,penultimate,M_BA,M_BAC,forward_lineage,ridge_linear,False,3.528321982305921e-06,3.951018877637841e-06,4.151272276946213e-06,9.104002380844888,64,3.075972854364434,,,,
0,penultimate,M_BA,M_BAC,forward_lineage,low_rank_residual,False,6.508936427292601e-06,6.541419722153612e-06,6.674540771289443e-06,9.104169465328901,64,3.0759803289130803,,,,
0,penultimate,M_BA,M_BAC,forward_lineage,whitened_cca,True,1.4913491554978288e-07,1.5858384531469157e-07,1.5848807071271562e-07,9.104675867033032,64,3.076231764751331,1.2977547625527384e-14,8.796819894637138e-08,7.881220887494498e-08,1.0083110549142289e-07
0,penultimate,M_BAC,M_BA,reverse_lineage,orthogonal_procrustes,False,0.2263531147768126,0.2308714309590593,0.2277507709261801,1.0000000000000016,64,1.5543122344752192e-15,,,,
0,penultimate,M_BAC,M_BA,reverse_lineage,ridge_linear,False,1.4877217785795442e-06,1.6793891337623725e-06,1.6910065580991889e-06,9.104665698669304,64,2.345224840854483,,,,
0,penultimate,M_BAC,M_BA,reverse_lineage,low_rank_residual,False,3.3081870429722025e-06,3.3175645499452234e-06,3.196912433811805e-06,9.104585893065524,64,2.3452219669835763,,,,
0,penultimate,M_BAC,M_BA,reverse_lineage,whitened_cca,True,1.4006253294983082e-07,1.4976384480895713e-07,1.4792470040654373e-07,9.104675867033007,64,2.3452425215758415,1.1577268898758433e-14,7.331061428087262e-08,6.706668272872867e-08,8.123627917473058e-08
0,penultimate,M_BC,M_BCA,forward_lineage,orthogonal_procrustes,False,0.2246623010272755,0.22799304535468595,0.22289469824049535,1.0000000000000013,64,1.2212453270876722e-15,,,,
0,penultimate,M_BC,M_BCA,forward_lineage,ridge_linear,False,1.477180948618408e-06,1.6634229924761507e-06,1.6631897705945754e-06,5.982378857031603,64,2.084280653842193,,,,
0,penultimate,M_BC,M_BCA,forward_lineage,low_rank_residual,False,2.7340115321285672e-06,2.777408017043461e-06,2.674068628083305e-06,5.982366590735988,64,2.084279932592825,,,,
0,penultimate,M_BC,M_BCA,forward_lineage,whitened_cca,True,1.380313424768202e-07,1.4635664112448402e-07,1.474733668143851e-07,5.982374703858952,64,2.0842932543873216,1.0636429423625365e-14,6.950650874581409e-08,6.363974630766533e-08,7.692904348627056e-08
0,penultimate,M_BCA,M_BC,reverse_lineage,orthogonal_procrustes,False,0.2341290507157833,0.2350924577973215,0.23214465191547698,1.000000000000001,64,9.992007221626409e-16,,,,
0,penultimate,M_BCA,M_BC,reverse_lineage,ridge_linear,False,2.019269650275593e-06,2.2803099531236473e-06,2.3473810956785533e-06,5.982145475496555,64,1.990764680949263,,,,
0,penultimate,M_BCA,M_BC,reverse_lineage,low_rank_residual,False,3.978463854380889e-06,3.935178418508574e-06,4.006996693393568e-06,5.98215221419144,64,1.9907654727888153,,,,
0,penultimate,M_BCA,M_BC,reverse_lineage,whitened_cca,True,1.4567099117706898e-07,1.5204356942023216e-07,1.5482526790061882e-07,5.982374703858959,64,1.9908582421341912,1.0831011781421884e-14,7.535718833710087e-08,6.82885488973431e-08,8.380003392821351e-08
0,penultimate,M_CA,M_CAB,forward_lineage,orthogonal_procrustes,False,0.226632145616914,0.2309469919976958,0.2243009655844599,1.000000000000002,64,1.9984014443252818e-15,,,,
0,penultimate,M_CA,M_CAB,forward_lineage,ridge_linear,False,1.8928434915986825e-06,2.1366015126349956e-06,2.1904467734446647e-06,9.38214338015074,64,2.374467208704906,,,,
0,penultimate,M_CA,M_CAB,forward_lineage,low_rank_residual,False,3.941722024116576e-06,3.874916178959374e-06,3.93702911313725e-06,9.382072659554034,64,2.3744647539891397,,,,
0,penultimate,M_CA,M_CAB,forward_lineage,whitened_cca,True,1.4529272027110387e-07,1.522029344297824e-07,1.5414729922889433e-07,9.382339418585747,64,2.3745319590150205,1.5953898130633728e-14,7.40458215897764e-08,6.757358594457535e-08,8.185249379456458e-08
0,penultimate,M_CAB,M_CA,reverse_lineage,orthogonal_procrustes,False,0.22171547330124708,0.22750847911271788,0.21963441899928726,1.0000000000000016,64,1.4432899320127035e-15,,,,
0,penultimate,M_CAB,M_CA,reverse_lineage,ridge_linear,False,2.785678235101926e-06,3.0940348026220303e-06,3.2047374462771836e-06,9.381918533125521,64,3.1536826959258755,,,,
0,penultimate,M_CAB,M_CA,reverse_lineage,low_rank_residual,False,4.70297262538867e-06,4.828051675492122e-06,4.766005461053802e-06,9.382025205089283,64,3.153687260325433,,,,
0,penultimate,M_CAB,M_CA,reverse_lineage,whitened_cca,True,1.4450668533984098e-07,1.5381563217892877e-07,1.538873310327211e-07,9.382339418585854,64,3.153852116359303,1.7362557931646056e-14,7.834464871127545e-08,7.141809149926904e-08,8.885899264604986e-08
0,penultimate,M_CB,M_CBA,forward_lineage,orthogonal_procrustes,False,0.21851189845013197,0.2217606907385885,0.2141273003320942,1.0000000000000013,64,1.3322676295501878e-15,,,,
0,penultimate,M_CB,M_CBA,forward_lineage,ridge_linear,False,1.925576394817728e-06,2.1571607707475913e-06,2.185302262877445e-06,7.358181270436976,64,2.2209500453183586,,,,
0,penultimate,M_CB,M_CBA,forward_lineage,low_rank_residual,False,3.721585684186182e-06,3.731806583020124e-06,3.659525460321435e-06,7.358191375336418,64,2.220950783548352,,,,
0,penultimate,M_CB,M_CBA,forward_lineage,whitened_cca,True,1.4077661029833086e-07,1.5067014060678777e-07,1.4885454195805993e-07,7.358313831811935,64,2.221018106340367,1.2928056420011683e-14,7.799823646303128e-08,7.062194328128831e-08,8.727815125627757e-08
0,penultimate,M_CBA,M_CB,reverse_lineage,orthogonal_procrustes,False,0.22594395103214018,0.22777719232523713,0.22105824367385285,1.000000000000002,64,1.887379141862766e-15,,,,
0,penultimate,M_CBA,M_CB,reverse_lineage,ridge_linear,False,2.9924313928842426e-06,3.344564695085479e-06,3.4900892839578706e-06,7.357754158868772,64,2.473508780893643,,,,
0,penultimate,M_CBA,M_CB,reverse_lineage,low_rank_residual,False,5.554535577216931e-06,5.552984644158576e-06,5.634429267240011e-06,7.357738990966634,64,2.4735080869472386,,,,
0,penultimate,M_CBA,M_CB,reverse_lineage,whitened_cca,True,1.4699071238540424e-07,1.5596398109582565e-07,1.554881255685483e-07,7.358313831811992,64,2.4737369389520363,1.3603775143562129e-14,8.703946308161853e-08,7.664313088543276e-08,9.992546310756956e-08
0,penultimate,M_AB,M_B,loop_closing,orthogonal_procrustes,False,0.05142007128268939,0.05251679503286041,0.05265370615992824,1.0000000000000013,64,1.2212453270876722e-15,,,,
0,penultimate,M_AB,M_B,loop_closing,ridge_linear,False,1.692995669072002e-06,1.88681768878294e-06,1.9332058237038133e-06,2.470921991060542,64,0.9758492215006992,,,,
0,penultimate,M_AB,M_B,loop_closing,low_rank_residual,False,3.5257935746940583e-06,3.5291217127503003e-06,3.3917949195267556e-06,2.4709227581316546,64,0.9758495419636267,,,,
0,penultimate,M_AB,M_B,loop_closing,whitened_cca,True,1.3625712971217486e-07,1.438743625748501e-07,1.4550608563589312e-07,2.4709975568795857,64,0.9759183987566288,1.277515412628575e-14,7.946370904349809e-08,6.98554728854895e-08,9.039796870882183e-08
0,penultimate,M_B,M_AB,loop_closing,orthogonal_procrustes,False,0.05123628263391649,0.05233596688745196,0.052492848404078106,1.0000000000000016,64,1.4432899320127035e-15,,,,
0,penultimate,M_B,M_AB,loop_closing,ridge_linear,False,1.5573025782109052e-06,1.7528886678526097e-06,1.7725598935448697e-06,2.4709340791918857,64,0.8972454058013838,,,,
0,penultimate,M_B,M_AB,loop_closing,low_rank_residual,False,3.2581038999256775e-06,3.2449083630189727e-06,3.1136341722941818e-06,2.470935144471686,64,0.8972458267888673,,,,
0,penultimate,M_B,M_AB,loop_closing,whitened_cca,True,1.3536226636190645e-07,1.4273576187440447e-07,1.4445516554044664e-07,2.4709975568795652,64,0.8973008540570725,1.2749800065027506e-14,7.763371482312497e-08,6.895928932572438e-08,8.707574337665952e-08
0,penultimate,M_AC,M_C,loop_closing,orthogonal_procrustes,False,0.06150533244492824,0.06276992736541544,0.06287094598994147,1.0000000000000018,64,1.7763568394002505e-15,,,,
0,penultimate,M_AC,M_C,loop_closing,ridge_linear,False,1.3351043797309734e-06,1.4989511637323472e-06,1.5204082714842296e-06,1.791631276839668,64,0.6247695320217135,,,,
0,penultimate,M_AC,M_C,loop_closing,low_rank_residual,False,2.843833291178491e-06,2.8335458221417705e-06,2.7443180567367183e-06,1.7916336938131372,64,0.6247708972167728,,,,
0,penultimate,M_AC,M_C,loop_closing,whitened_cca,True,1.2853297401344248e-07,1.3754485078251941e-07,1.3693960909236915e-07,1.7916489317737108,64,0.624788373894532,1.1332356865571219e-14,6.49976419947739e-08,5.943564310004378e-08,7.107621981230556e-08
0,penultimate,M_C,M_AC,loop_closing,orthogonal_procrustes,False,0.06159686079362081,0.06300628676920982,0.0631085188472125,1.0000000000000013,64,1.3322676295501878e-15,,,,
0,penultimate,M_C,M_AC,loop_closing,ridge_linear,False,1.2692487576179713e-06,1.4331976338548217e-06,1.4386437074220993e-06,1.791642208505299,64,0.5598502418605275,,,,
0,penultimate,M_C,M_AC,loop_closing,low_rank_residual,False,2.7001965910267265e-06,2.70243339836e-06,2.6041381483433042e-06,1.791639421212153,64,0.5598490489271247,,,,
0,penultimate,M_C,M_AC,loop_closing,whitened_cca,True,1.2810285180518352e-07,1.3749599033614576e-07,1.3674593568418883e-07,1.7916489317737165,64,0.5598599559415266,1.129558922043119e-14,6.451357602065325e-08,5.974138885425612e-08,7.021945337818638e-08
0,penultimate,M_BC,M_C,loop_closing,orthogonal_procrustes,False,0.03738514750517025,0.038201674223093465,0.03788203797283305,1.0000000000000013,64,1.2212453270876722e-15,,,,
0,penultimate,M_BC,M_C,loop_closing,ridge_linear,False,1.3370633677947277e-06,1.508530141307085e-06,1.520833395750647e-06,1.6242839208108808,64,0.5080750440999502,,,,
0,penultimate,M_BC,M_C,loop_closing,low_rank_residual,False,2.534807393449724e-06,2.570417300247358e-06,2.4735590133531532e-06,1.624287320335095,64,0.508077008251456,,,,
0,penultimate,M_BC,M_C,loop_closing,whitened_cca,True,1.313393814169481e-07,1.393320512090476e-07,1.3980514581746805e-07,1.6243094678629275,64,0.5080999570484019,1.1343408506104306e-14,6.599838123455809e-08,6.116562072609469e-08,7.131184619851986e-08
0,penultimate,M_C,M_BC,loop_closing,orthogonal_procrustes,False,0.03717046294686356,0.03805923609072038,0.03772030380278225,1.0000000000000016,64,1.4432899320127035e-15,,,,
0,penultimate,M_C,M_BC,loop_closing,ridge_linear,False,1.2463234841049615e-06,1.4066485184135954e-06,1.4124682324509948e-06,1.6243117387519275,64,0.4722560859221461,,,,
0,penultimate,M_C,M_BC,loop_closing,low_rank_residual,False,2.3343636416158173e-06,2.3700575621602273e-06,2.2833174009896515e-06,1.6243091270534609,64,0.4722546378868966,,,,
0,penultimate,M_C,M_BC,loop_closing,whitened_cca,True,1.3050504069704467e-07,1.3871343539838386e-07,1.3905937935746564e-07,1.6243094678629273,64,0.4722608108592993,1.125663547214108e-14,6.503328432292281e-08,5.994352027854793e-08,7.129877918897399e-08
0,penultimate,M_ABC,M_BAC,same_depth_closing,orthogonal_procrustes,False,0.05490767353729669,0.05721664114946116,0.055715660088025684,1.0000000000000016,64,1.4432899320127035e-15,,,,
0,penultimate,M_ABC,M_BAC,same_depth_closing,ridge_linear,False,1.3078000742440317e-06,1.4747151994437394e-06,1.4874607104354219e-06,1.8229645810215063,64,0.5855100178521032,,,,
0,penultimate,M_ABC,M_BAC,same_depth_closing,low_rank_residual,False,3.093840843052949e-06,3.1061151239265233e-06,2.9733906059604637e-06,1.8229587060977066,64,0.5855073738529627,,,,
0,penultimate,M_ABC,M_BAC,same_depth_closing,whitened_cca,True,1.328416834413299e-07,1.4037133695974125e-07,1.407644204428502e-07,1.8229714453230947,64,0.5855226850171728,1.1786397754229212e-14,6.899312295773814e-08,6.38750601534698e-08,7.571692776975144e-08
0,penultimate,M_BAC,M_ABC,same_depth_closing,orthogonal_procrustes,False,0.05490500309838834,0.05709403351147742,0.05566581418322567,1.0000000000000013,64,1.2212453270876722e-15,,,,
0,penultimate,M_BAC,M_ABC,same_depth_closing,ridge_linear,False,1.390075446592601e-06,1.5624955126728668e-06,1.5878812045482445e-06,1.8229420659742743,64,0.6344918278697282,,,,
0,penultimate,M_BAC,M_ABC,same_depth_closing,low_rank_residual,False,3.304774209620343e-06,3.2886604189639995e-06,3.174664649518944e-06,1.8229476791738024,64,0.6344947284105199,,,,
0,penultimate,M_BAC,M_ABC,same_depth_closing,whitened_cca,True,1.33243621741505e-07,1.4041500916543979e-07,1.4090006245262927e-07,1.8229714453230885,64,0.6345209149400497,1.181866856370679e-14,7.076800035923466e-08,6.481839292206091e-08,7.685539500823679e-08
0,penultimate,M_ABC,M_ACB,same_depth_closing,orthogonal_procrustes,False,0.14831030790135766,0.15124280189012496,0.15472954464125216,1.0000000000000016,64,1.4432899320127035e-15,,,,
0,penultimate,M_ABC,M_ACB,same_depth_closing,ridge_linear,False,1.5183232805386652e-06,1.7102984536356628e-06,1.7291529511802723e-06,5.841123234444117,64,1.8076511484573858,,,,
0,penultimate,M_ABC,M_ACB,same_depth_closing,low_rank_residual,False,2.9607044730479496e-06,3.006493801411431e-06,2.8948425894551676e-06,5.841087405055304,64,1.8076483681929352,,,,
0,penultimate,M_ABC,M_ACB,same_depth_closing,whitened_cca,True,1.3620129412599782e-07,1.4423460945977587e-07,1.4558633428387098e-07,5.841192593049142,64,1.8076868037403382,1.2053706015206496e-14,6.92468722131281e-08,6.158007290028471e-08,7.615347644878676e-08
0,penultimate,M_ACB,M_ABC,same_depth_closing,orthogonal_procrustes,False,0.14922348611811598,0.15156994312607858,0.1560468685788238,1.0000000000000013,64,1.2212453270876722e-15,,,,
0,penultimate,M_ACB,M_ABC,same_depth_closing,ridge_linear,False,2.1228174460549875e-06,2.347636641980548e-06,2.4343357259300846e-06,5.8409876910787055,64,2.219525035768375,,,,
0,penultimate,M_ACB,M_ABC,same_depth_closing,low_rank_residual,False,3.836397678100097e-06,3.863534346114939e-06,3.85298999827943e-06,5.841044963651112,64,2.2195299720131465,,,,
0,penultimate,M_ACB,M_ABC,same_depth_closing,whitened_cca,True,1.3801834875341392e-07,1.4611168664305778e-07,1.4886499567185252e-07,5.84119259304915,64,2.2196270398931586,1.2219372634956746e-14,7.341929596178606e-08,6.611149239054017e-08,8.384433921819541e-08
0,penultimate,M_ACB,M_CAB,same_depth_closing,orthogonal_procrustes,False,0.046136734856014584,0.04798634184725541,0.04860100768493999,1.0000000000000016,64,1.4432899320127035e-15,,,,
0,penultimate,M_ACB,M_CAB,same_depth_closing,ridge_linear,False,1.420915163450097e-06,1.5927154204033986e-06,1.6087373936910257e-06,2.1098781878837087,64,0.734041390592868,,,,
0,penultimate,M_ACB,M_CAB,same_depth_closing,low_rank_residual,False,3.282550905120297e-06,3.201859052025998e-06,3.11650133201145e-06,2.109878940524698,64,0.7340416053781947,,,,
0,penultimate,M_ACB,M_CAB,same_depth_closing,whitened_cca,True,1.3782776194477273e-07,1.4459779976425779e-07,1.463820024459293e-07,2.1099018233284417,64,0.7340725302355224,1.7793450412887264e-14,7.789739644272475e-08,6.893605220659926e-08,8.774283545811882e-08
0,penultimate,M_CAB,M_ACB,same_depth_closing,orthogonal_procrustes,False,0.04625590784605938,0.04819401313011028,0.04873464943621071,1.0000000000000018,64,1.7763568394002505e-15,,,,
0,penultimate,M_CAB,M_ACB,same_depth_closing,ridge_linear,False,1.599464332617602e-06,1.7947388616478326e-06,1.8397700533168535e-06,2.1098349678002295,64,0.795306511133377,,,,
0,penultimate,M_CAB,M_ACB,same_depth_closing,low_rank_residual,False,3.6432531904815833e-06,3.6043360409904096e-06,3.48500285946194e-06,2.109837331110273,64,0.7953073829650728,,,,
0,penultimate,M_CAB,M_ACB,same_depth_closing,whitened_cca,True,1.3839037522654065e-07,1.4556494963841386e-07,1.4709656155284036e-07,2.109901823328446,64,0.7953676256258326,1.8786622354672352e-14,7.922857815328613e-08,7.19141489339602e-08,8.804607425814296e-08
0,penultimate,M_BAC,M_BCA,same_depth_closing,orthogonal_procrustes,False,0.20575182207329804,0.2112735944784348,0.20674847775320462,1.000000000000001,64,9.992007221626409e-16,,,,
0,penultimate,M_BAC,M_BCA,same_depth_closing,ridge_linear,False,1.5607727632597252e-06,1.7506067141459842e-06,1.768627222970202e-06,5.561640845319641,64,2.0242743113141817,,,,
0,penultimate,M_BAC,M_BCA,same_depth_closing,low_rank_residual,False,3.1768285034565024e-06,3.205231068443109e-06,3.094412087882594e-06,5.561665437298464,64,2.024276427962814,,,,
0,penultimate,M_BAC,M_BCA,same_depth_closing,whitened_cca,True,1.374320834390516e-07,1.472768903092222e-07,1.4750689632568818e-07,5.561695657127978,64,2.024301320643473,1.1992526172494715e-14,7.215311901817252e-08,6.47110471165425e-08,7.91278373007735e-08
0,penultimate,M_BCA,M_BAC,same_depth_closing,orthogonal_procrustes,False,0.21332292841375602,0.21711216754481596,0.2146510141930026,1.0000000000000016,64,1.4432899320127035e-15,,,,
0,penultimate,M_BCA,M_BAC,same_depth_closing,ridge_linear,False,1.7931155260092498e-06,2.037179784758143e-06,2.082103116918909e-06,5.561668402243047,64,1.848276082076098,,,,
0,penultimate,M_BCA,M_BAC,same_depth_closing,low_rank_residual,False,4.010105418695358e-06,3.935370551093847e-06,3.998268220069143e-06,5.561670749255101,64,1.8482761394807983,,,,
0,penultimate,M_BCA,M_BAC,same_depth_closing,whitened_cca,True,1.4281510095932256e-07,1.513946492347967e-07,1.533461935785151e-07,5.561695657127986,64,1.8482905184670417,1.2813688327060048e-14,7.604130274529763e-08,6.911646257380459e-08,8.494104238764424e-08
0,penultimate,M_BCA,M_CBA,same_depth_closing,orthogonal_procrustes,False,0.082517838119859,0.083822475965258,0.08425643956107393,1.000000000000002,64,1.9984014443252818e-15,,,,
0,penultimate,M_BCA,M_CBA,same_depth_closing,ridge_linear,False,1.6582438332026301e-06,1.8988072834990743e-06,1.9208193332946006e-06,5.56886097670526,64,1.6599366976441896,,,,
0,penultimate,M_BCA,M_CBA,same_depth_closing,low_rank_residual,False,3.1574871424631576e-06,3.133338730429013e-06,3.142015737362533e-06,5.568817646306706,64,1.6599332439618923,,,,
0,penultimate,M_BCA,M_CBA,same_depth_closing,whitened_cca,True,1.43938341740551e-07,1.5108317581602982e-07,1.5189365865816173e-07,5.568995126912612,64,1.6600046933140775,1.1229614681200272e-14,8.084137168148516e-08,7.211584826639798e-08,8.936244866412329e-08
0,penultimate,M_CBA,M_BCA,same_depth_closing,orthogonal_procrustes,False,0.08250928886840594,0.08396612710933235,0.08437256270953208,1.0000000000000013,64,1.3322676295501878e-15,,,,
0,penultimate,M_CBA,M_BCA,same_depth_closing,ridge_linear,False,2.857996018476999e-06,3.21729224402768e-06,3.35168223714088e-06,5.568554327966169,64,2.2579251881164,,,,
0,penultimate,M_CBA,M_BCA,same_depth_closing,low_rank_residual,False,4.706370350846097e-06,4.8003109618352955e-06,4.843489390671766e-06,5.568609783160423,64,2.2579305713043203,,,,
0,penultimate,M_CBA,M_BCA,same_depth_closing,whitened_cca,True,1.458967128546191e-07,1.5457158594493454e-07,1.5447862225559018e-07,5.568995126912575,64,2.258162733361158,1.1585216323199144e-14,9.191446677762881e-08,8.286099993544184e-08,1.0544739386463239e-07
0,penultimate,M_CAB,M_CBA,same_depth_closing,orthogonal_procrustes,False,0.2097539060325504,0.21458255394323422,0.20434886581087644,1.0000000000000013,64,1.2212453270876722e-15,,,,
0,penultimate,M_CAB,M_CBA,same_depth_closing,ridge_linear,False,1.7766617515792146e-06,1.9840256313884975e-06,2.020412634954091e-06,5.409448155606772,64,1.9228402442406953,,,,
0,penultimate,M_CAB,M_CBA,same_depth_closing,low_rank_residual,False,3.812622719411793e-06,3.863862134637481e-06,3.7213308405028016e-06,5.40943559193841,64,1.922839513078582,,,,
0,penultimate,M_CAB,M_CBA,same_depth_closing,whitened_cca,True,1.41174975992124e-07,1.5175233129466138e-07,1.4984641659145812e-07,5.409472076393643,64,1.922878402477045,1.2110671437454433e-14,8.067328293320526e-08,7.396913655422979e-08,9.142714753495564e-08
0,penultimate,M_CBA,M_CAB,same_depth_closing,orthogonal_procrustes,False,0.21555176620941469,0.21899365593989206,0.20989297125269746,1.0000000000000013,64,1.2212453270876722e-15,,,,
0,penultimate,M_CBA,M_CAB,same_depth_closing,ridge_linear,False,2.456556687032902e-06,2.7516960299619924e-06,2.8620139662115866e-06,5.409080302909784,64,1.8690737140730236,,,,
0,penultimate,M_CBA,M_CAB,same_depth_closing,low_rank_residual,False,5.058398368181449e-06,5.030695863463855e-06,5.064606141248732e-06,5.409072448965841,64,1.8690735001024101,,,,
0,penultimate,M_CBA,M_CAB,same_depth_closing,whitened_cca,True,1.458714052979828e-07,1.5519982222471768e-07,1.5468864834223462e-07,5.409472076393684,64,1.869246123198124,1.2256449835912534e-14,8.833125276882293e-08,7.930609444388953e-08,9.775612638719444e-08
0,penultimate,M_AB,M_BA,same_depth_closing,orthogonal_procrustes,False,0.20963838183778638,0.2142076076465396,0.2049122879588924,1.000000000000001,64,1.1102230246251565e-15,,,,
0,penultimate,M_AB,M_BA,same_depth_closing,ridge_linear,False,2.007914496179606e-06,2.229253837916285e-06,2.2733834754779083e-06,6.69056725876964,64,2.163404335648017,,,,
0,penultimate,M_AB,M_BA,same_depth_closing,low_rank_residual,False,3.990971486622938e-06,4.046688405545342e-06,3.930529741658527e-06,6.690570681360822,64,2.1634048491127036,,,,
0,penultimate,M_AB,M_BA,same_depth_closing,whitened_cca,True,1.409609989497141e-07,1.500053153322539e-07,1.51478273379333e-07,6.690690306539725,64,2.163479325896615,1.091635730580384e-14,7.937194151736894e-08,6.927808217699697e-08,8.826376285317873e-08
0,penultimate,M_BA,M_AB,same_depth_closing,orthogonal_procrustes,False,0.216150473118026,0.2194533938823362,0.21107982957722043,1.0000000000000013,64,1.3322676295501878e-15,,,,
0,penultimate,M_BA,M_AB,same_depth_closing,ridge_linear,False,2.904987636194321e-06,3.2600454237867228e-06,3.3870592954748915e-06,6.690119296803379,64,2.2369719356478344,,,,
0,penultimate,M_BA,M_AB,same_depth_closing,low_rank_residual,False,5.4890129068504815e-06,5.524965869755562e-06,5.563044747444762e-06,6.690098176844401,64,2.2369708565088815,,,,
0,penultimate,M_BA,M_AB,same_depth_closing,whitened_cca,True,1.4662922341126017e-07,1.5421521124861042e-07,1.5695181385043706e-07,6.6906903065397,64,2.237207288067934,1.1369109718123673e-14,8.999562215212372e-08,7.868613148072557e-08,1.0295828396119799e-07
0,penultimate,M_AC,M_CA,same_depth_closing,orthogonal_procrustes,False,0.21019487546317525,0.21458425668743525,0.21021078431239182,1.0000000000000018,64,1.6653345369377348e-15,,,,
0,penultimate,M_AC,M_CA,same_depth_closing,ridge_linear,False,1.4096761835278147e-06,1.5861416143211048e-06,1.588599902711249e-06,5.458771405838728,64,1.966218541740358,,,,
0,penultimate,M_AC,M_CA,same_depth_closing,low_rank_residual,False,2.840070943713893e-06,2.8719855567089428e-06,2.757635817813466e-06,5.458780534090375,64,1.9662193686509544,,,,
0,penultimate,M_AC,M_CA,same_depth_closing,whitened_cca,True,1.3471209963460197e-07,1.4346364882071035e-07,1.4305390952512638e-07,5.458795750560384,64,1.9662304690239467,1.1346618214748821e-14,6.75002930824627e-08,6.222940865686052e-08,7.373706471340655e-08
0,penultimate,M_CA,M_AC,same_depth_closing,orthogonal_procrustes,False,0.21944876650529696,0.22212159222707215,0.21974211470243848,1.0000000000000013,64,1.3322676295501878e-15,,,,
0,penultimate,M_CA,M_AC,same_depth_closing,ridge_linear,False,1.7738821382325098e-06,1.9986903771028397e-06,2.057923461275951e-06,5.458783509577004,64,1.8522615800021713,,,,
0,penultimate,M_CA,M_AC,same_depth_closing,low_rank_residual,False,4.059588883293034e-06,3.982753980669153e-06,4.037971157637814e-06,5.458795862472822,64,1.8522626862540041,,,,
0,penultimate,M_CA,M_AC,same_depth_closing,whitened_cca,True,1.413381384250647e-07,1.4885142386625584e-07,1.5036299506303054e-07,5.458795750560414,64,1.852268284582458,1.2109611735620502e-14,7.224063140626132e-08,6.554020199168929e-08,7.947549657327558e-08
0,penultimate,M_BC,M_CB,same_depth_closing,orthogonal_procrustes,False,0.14318242034217785,0.14591944921778316,0.14858015973726346,1.0000000000000016,64,1.5543122344752192e-15,,,,
0,penultimate,M_BC,M_CB,same_depth_closing,ridge_linear,False,1.447057924582819e-06,1.6368664781373637e-06,1.6465304320515823e-06,5.788981817121392,64,1.7518059445406808,,,,
0,penultimate,M_BC,M_CB,same_depth_closing,low_rank_residual,False,2.952671203818971e-06,2.976159645341983e-06,2.86908759498113e-06,5.7889366365344594,64,1.751802478390889,,,,
0,penultimate,M_BC,M_CB,same_depth_closing,whitened_cca,True,1.3426532720526513e-07,1.4395909025482876e-07,1.4367571955438458e-07,5.789031640770101,64,1.7518346003014207,1.231114967162352e-14,6.669131338527932e-08,6.036343312315527e-08,7.263573431834764e-08
0,penultimate,M_CB,M_BC,same_depth_closing,orthogonal_procrustes,False,0.14429263852834232,0.14673990916748084,0.15010087677289366,1.0000000000000016,64,1.5543122344752192e-15,,,,
0,penultimate,M_CB,M_BC,same_depth_closing,ridge_linear,False,2.2752792320873207e-06,2.534193646406617e-06,2.6299802685776174e-06,5.788792877315715,64,2.261378853162743,,,,
0,penultimate,M_CB,M_BC,same_depth_closing,low_rank_residual,False,4.2827311038191625e-06,4.311031170784456e-06,4.2907478507558685e-06,5.7888618271682875,64,2.261385007169757,,,,
0,penultimate,M_CB,M_BC,same_depth_closing,whitened_cca,True,1.369614923364005e-07,1.4706255626785683e-07,1.4671526627449184e-07,5.7890316407701325,64,2.2614989463394273,1.2887869933112897e-14,7.19294181518847e-08,6.420202863784105e-08,7.909372283875408e-08
0,penultimate,M_A,M_B,same_depth_closing,orthogonal_procrustes,False,0.2302715623490917,0.23453410677698153,0.22817299739741626,1.0000000000000013,64,1.3322676295501878e-15,,,,
0,penultimate,M_A,M_B,same_depth_closing,ridge_linear,False,2.1728696733719495e-06,2.4396711518015746e-06,2.5070086747683726e-06,8.360089411615778,64,2.435997161701026,,,,
0,penultimate,M_A,M_B,same_depth_closing,low_rank_residual,False,4.332539899531909e-06,4.285618995701624e-06,4.352837062712974e-06,8.360055027186238,64,2.4359956412039647,,,,
0,penultimate,M_A,M_B,same_depth_closing,whitened_cca,True,1.4393133652971982e-07,1.4962601842441762e-07,1.5150023158750895e-07,8.360348121566531,64,2.436093658698869,1.160913586143618e-14,7.561059994223172e-08,6.646554506912484e-08,8.628172646888191e-08
0,penultimate,M_B,M_A,same_depth_closing,orthogonal_procrustes,False,0.2257401438313613,0.23110605922635685,0.22384857762238544,1.0000000000000013,64,1.3322676295501878e-15,,,,
0,penultimate,M_B,M_A,same_depth_closing,ridge_linear,False,2.372877003521998e-06,2.6436525425405516e-06,2.6941155960575334e-06,8.36004626172063,64,2.6598585899641334,,,,
0,penultimate,M_B,M_A,same_depth_closing,low_rank_residual,False,4.223051876539008e-06,4.28356053223687e-06,4.2159925480485295e-06,8.360107904738449,64,2.6598615547448925,,,,
0,penultimate,M_B,M_A,same_depth_closing,whitened_cca,True,1.4121096589583042e-07,1.4886737467338514e-07,1.4952184330945734e-07,8.360348121566547,64,2.659979981678658,1.1417667211495039e-14,7.535692220244867e-08,6.701019247936853e-08,8.490365183168571e-08
0,penultimate,M_A,M_C,same_depth_closing,orthogonal_procrustes,False,0.24881881036160702,0.2487998974661892,0.2480437088017091,1.0000000000000013,64,1.3322676295501878e-15,,,,
0,penultimate,M_A,M_C,same_depth_closing,ridge_linear,False,2.361334627809803e-06,2.6296234658878698e-06,2.7473863835861553e-06,7.998098306712368,64,2.67958920935282,,,,
0,penultimate,M_A,M_C,same_depth_closing,low_rank_residual,False,4.659243771115267e-06,4.613085092521535e-06,4.7135236754361325e-06,7.998203589674419,64,2.679594700554245,,,,
0,penultimate,M_A,M_C,same_depth_closing,whitened_cca,True,1.4361809790629952e-07,1.5011263226988154e-07,1.5069158395179468e-07,7.998344999812489,64,2.679684907437465,1.2893912286205413e-14,7.341187922057048e-08,6.539597349101239e-08,8.275380271414578e-08
0,penultimate,M_C,M_A,same_depth_closing,orthogonal_procrustes,False,0.24109048115658488,0.24322939555721249,0.24032310288326617,1.0000000000000016,64,1.4432899320127035e-15,,,,
0,penultimate,M_C,M_A,same_depth_closing,ridge_linear,False,1.3670397756096028e-06,1.5437334149114208e-06,1.5412507513684893e-06,7.998346482558509,64,2.285101395656867,,,,
0,penultimate,M_C,M_A,same_depth_closing,low_rank_residual,False,2.687165635964546e-06,2.729148562751697e-06,2.62101528681951e-06,7.998313442366982,64,2.285099849528682,,,,
0,penultimate,M_C,M_A,same_depth_closing,whitened_cca,True,1.3547761361043009e-07,1.4355621456489562e-07,1.429190307575141e-07,7.9983449998124465,64,2.2851085392710737,1.2021901323458457e-14,6.560767898285075e-08,6.076017363109985e-08,7.173149611098218e-08
0,penultimate,M_B,M_C,same_depth_closing,orthogonal_procrustes,False,0.1673576640149802,0.1701684035682473,0.17399474673542625,1.0000000000000016,64,1.5543122344752192e-15,,,,
0,penultimate,M_B,M_C,same_depth_closing,ridge_linear,False,2.832899456125989e-06,3.1388152988355088e-06,3.2626988445968878e-06,7.801030006251271,64,2.9019029932879543,,,,
0,penultimate,M_B,M_C,same_depth_closing,low_rank_residual,False,4.657198044751235e-06,4.7367813169252426e-06,4.75131337679222e-06,7.8011420151943405,64,2.9019095509633615,,,,
0,penultimate,M_B,M_C,same_depth_closing,whitened_cca,True,1.4005976287680222e-07,1.4616301617931996e-07,1.4868638784498963e-07,7.801416983385149,64,2.902075267387097,1.1871865533777222e-14,7.340945886462963e-08,6.578714240415407e-08,8.434714825208565e-08
0,penultimate,M_C,M_B,same_depth_closing,orthogonal_procrustes,False,0.1654146498166957,0.16882605184982838,0.17183568200041643,1.000000000000001,64,9.992007221626409e-16,,,,
0,penultimate,M_C,M_B,same_depth_closing,ridge_linear,False,1.4789895688031554e-06,1.6659499004319946e-06,1.682500959550078e-06,7.801347985799376,64,2.0431967677697394,,,,
0,penultimate,M_C,M_B,same_depth_closing,low_rank_residual,False,2.7427469416758755e-06,2.770159963835826e-06,2.6925722148906065e-06,7.801276682391734,64,2.043193530082667,,,,
0,penultimate,M_C,M_B,same_depth_closing,whitened_cca,True,1.355040753486886e-07,1.412155962089478e-07,1.4317114637486918e-07,7.80141698338514,64,2.043227097563905,1.1729230188223574e-14,6.574025412387518e-08,6.078401019782836e-08,7.125297288432126e-08
1,early,M0,M_A,forward_lineage,orthogonal_procrustes,True,3.551912222942939e-15,3.551977276745266e-15,3.56364106199874e-15,1.000000000000001,32,9.992007221626409e-16,5.02275342940024e-15,3.1856807064166695e-15,2.7548415182697055e-15,3.709314572662467e-15
1,early,M0,M_A,forward_lineage,ridge_linear,False,2.49221653503345e-06,2.5755967671213495e-06,2.591069740211422e-06,1.0000362678380885,32,3.6266520366257105e-05,,,,
1,early,M0,M_A,forward_lineage,low_rank_residual,False,2.03908550477747e-06,2.123323337058196e-06,2.129862428279466e-06,1.0000363344024406,32,3.6333082299666586e-05,,,,
1,early,M0,M_A,forward_lineage,whitened_cca,False,4.203139640910901e-15,4.3285474304335826e-15,4.3143762155348915e-15,1.0000000000000286,32,2.853273173286652e-14,,,,
1,early,M_A,M0,reverse_lineage,orthogonal_procrustes,True,3.551912222942939e-15,3.551977276745266e-15,3.56364106199874e-15,1.000000000000001,32,9.992007221626409e-16,5.02275342940024e-15,3.1856807064166695e-15,2.7548415182697055e-15,3.709314572662467e-15
1,early,M_A,M0,reverse_lineage,ridge_linear,False,2.49221653503345e-06,2.5755967671213495e-06,2.591069740211422e-06,1.0000362678380885,32,3.6266520366257105e-05,,,,
1,early,M_A,M0,reverse_lineage,low_rank_residual,False,2.03908550477747e-06,2.123323337058196e-06,2.129862428279466e-06,1.0000363344024406,32,3.6333082299666586e-05,,,,
1,early,M_A,M0,reverse_lineage,whitened_cca,False,4.203139640910901e-15,4.3285474304335826e-15,4.3143762155348915e-15,1.0000000000000286,32,2.853273173286652e-14,,,,
1,early,M0,M_B,forward_lineage,orthogonal_procrustes,True,3.551912222942939e-15,3.551977276745266e-15,3.56364106199874e-15,1.000000000000001,32,9.992007221626409e-16,5.02275342940024e-15,3.1856807064166695e-15,2.7548415182697055e-15,3.709314572662467e-15
1,early,M0,M_B,forward_lineage,ridge_linear,False,2.49221653503345e-06,2.5755967671213495e-06,2.591069740211422e-06,1.0000362678380885,32,3.6266520366257105e-05,,,,
1,early,M0,M_B,forward_lineage,low_rank_residual,False,2.03908550477747e-06,2.123323337058196e-06,2.129862428279466e-06,1.0000363344024406,32,3.6333082299666586e-05,,,,
1,early,M0,M_B,forward_lineage,whitened_cca,False,4.203139640910901e-15,4.3285474304335826e-15,4.3143762155348915e-15,1.0000000000000286,32,2.853273173286652e-14,,,,
1,early,M_B,M0,reverse_lineage,orthogonal_procrustes,True,3.551912222942939e-15,3.551977276745266e-15,3.56364106199874e-15,1.000000000000001,32,9.992007221626409e-16,5.02275342940024e-15,3.1856807064166695e-15,2.7548415182697055e-15,3.709314572662467e-15
1,early,M_B,M0,reverse_lineage,ridge_linear,False,2.49221653503345e-06,2.5755967671213495e-06,2.591069740211422e-06,1.0000362678380885,32,3.6266520366257105e-05,,,,
1,early,M_B,M0,reverse_lineage,low_rank_residual,False,2.03908550477747e-06,2.123323337058196e-06,2.129862428279466e-06,1.0000363344024406,32,3.6333082299666586e-05,,,,
1,early,M_B,M0,reverse_lineage,whitened_cca,False,4.203139640910901e-15,4.3285474304335826e-15,4.3143762155348915e-15,1.0000000000000286,32,2.853273173286652e-14,,,,
1,early,M0,M_C,forward_lineage,orthogonal_procrustes,True,3.551912222942939e-15,3.551977276745266e-15,3.56364106199874e-15,1.000000000000001,32,9.992007221626409e-16,5.02275342940024e-15,3.1856807064166695e-15,2.7548415182697055e-15,3.709314572662467e-15
1,early,M0,M_C,forward_lineage,ridge_linear,False,2.49221653503345e-06,2.5755967671213495e-06,2.591069740211422e-06,1.0000362678380885,32,3.6266520366257105e-05,,,,
1,early,M0,M_C,forward_lineage,low_rank_residual,False,2.03908550477747e-06,2.123323337058196e-06,2.129862428279466e-06,1.0000363344024406,32,3.6333082299666586e-05,,,,
1,early,M0,M_C,forward_lineage,whitened_cca,False,4.203139640910901e-15,4.3285474304335826e-15,4.3143762155348915e-15,1.0000000000000286,32,2.853273173286652e-14,,,,
1,early,M_C,M0,reverse_lineage,orthogonal_procrustes,True,3.551912222942939e-15,3.551977276745266e-15,3.56364106199874e-15,1.000000000000001,32,9.992007221626409e-16,5.02275342940024e-15,3.1856807064166695e-15,2.7548415182697055e-15,3.709314572662467e-15
1,early,M_C,M0,reverse_lineage,ridge_linear,False,2.49221653503345e-06,2.5755967671213495e-06,2.591069740211422e-06,1.0000362678380885,32,3.6266520366257105e-05,,,,
1,early,M_C,M0,reverse_lineage,low_rank_residual,False,2.03908550477747e-06,2.123323337058196e-06,2.129862428279466e-06,1.0000363344024406,32,3.6333082299666586e-05,,,,
1,early,M_C,M0,reverse_lineage,whitened_cca,False,4.203139640910901e-15,4.3285474304335826e-15,4.3143762155348915e-15,1.0000000000000286,32,2.853273173286652e-14,,,,
1,early,M_A,M_AB,forward_lineage,orthogonal_procrustes,True,3.551912222942939e-15,3.551977276745266e-15,3.56364106199874e-15,1.000000000000001,32,9.992007221626409e-16,5.02275342940024e-15,3.1856807064166695e-15,2.7548415182697055e-15,3.709314572662467e-15
1,early,M_A,M_AB,forward_lineage,ridge_linear,False,2.49221653503345e-06,2.5755967671213495e-06,2.591069740211422e-06,1.0000362678380885,32,3.6266520366257105e-05,,,,
1,early,M_A,M_AB,forward_lineage,low_rank_residual,False,2.03908550477747e-06,2.123323337058196e-06,2.129862428279466e-06,1.0000363344024406,32,3.6333082299666586e-05,,,,
1,early,M_A,M_AB,forward_lineage,whitened_cca,False,4.203139640910901e-15,4.3285474304335826e-15,4.3143762155348915e-15,1.0000000000000286,32,2.853273173286652e-14,,,,
1,early,M_AB,M_A,reverse_lineage,orthogonal_procrustes,True,3.551912222942939e-15,3.551977276745266e-15,3.56364106199874e-15,1.000000000000001,32,9.992007221626409e-16,5.02275342940024e-15,3.1856807064166695e-15,2.7548415182697055e-15,3.709314572662467e-15
1,early,M_AB,M_A,reverse_lineage,ridge_linear,False,2.49221653503345e-06,2.5755967671213495e-06,2.591069740211422e-06,1.0000362678380885,32,3.6266520366257105e-05,,,,
1,early,M_AB,M_A,reverse_lineage,low_rank_residual,False,2.03908550477747e-06,2.123323337058196e-06,2.129862428279466e-06,1.0000363344024406,32,3.6333082299666586e-05,,,,
1,early,M_AB,M_A,reverse_lineage,whitened_cca,False,4.203139640910901e-15,4.3285474304335826e-15,4.3143762155348915e-15,1.0000000000000286,32,2.853273173286652e-14,,,,
1,early,M_A,M_AC,forward_lineage,orthogonal_procrustes,True,3.551912222942939e-15,3.551977276745266e-15,3.56364106199874e-15,1.000000000000001,32,9.992007221626409e-16,5.02275342940024e-15,3.1856807064166695e-15,2.7548415182697055e-15,3.709314572662467e-15
1,early,M_A,M_AC,forward_lineage,ridge_linear,False,2.49221653503345e-06,2.5755967671213495e-06,2.591069740211422e-06,1.0000362678380885,32,3.6266520366257105e-05,,,,
1,early,M_A,M_AC,forward_lineage,low_rank_residual,False,2.03908550477747e-06,2.123323337058196e-06,2.129862428279466e-06,1.0000363344024406,32,3.6333082299666586e-05,,,,
1,early,M_A,M_AC,forward_lineage,whitened_cca,False,4.203139640910901e-15,4.3285474304335826e-15,4.3143762155348915e-15,1.0000000000000286,32,2.853273173286652e-14,,,,
1,early,M_AC,M_A,reverse_lineage,orthogonal_procrustes,True,3.551912222942939e-15,3.551977276745266e-15,3.56364106199874e-15,1.000000000000001,32,9.992007221626409e-16,5.02275342940024e-15,3.1856807064166695e-15,2.7548415182697055e-15,3.709314572662467e-15
1,early,M_AC,M_A,reverse_lineage,ridge_linear,False,2.49221653503345e-06,2.5755967671213495e-06,2.591069740211422e-06,1.0000362678380885,32,3.6266520366257105e-05,,,,
1,early,M_AC,M_A,reverse_lineage,low_rank_residual,False,2.03908550477747e-06,2.123323337058196e-06,2.129862428279466e-06,1.0000363344024406,32,3.6333082299666586e-05,,,,
1,early,M_AC,M_A,reverse_lineage,whitened_cca,False,4.203139640910901e-15,4.3285474304335826e-15,4.3143762155348915e-15,1.0000000000000286,32,2.853273173286652e-14,,,,
1,early,M_B,M_BA,forward_lineage,orthogonal_procrustes,True,3.551912222942939e-15,3.551977276745266e-15,3.56364106199874e-15,1.000000000000001,32,9.992007221626409e-16,5.02275342940024e-15,3.1856807064166695e-15,2.7548415182697055e-15,3.709314572662467e-15
1,early,M_B,M_BA,forward_lineage,ridge_linear,False,2.49221653503345e-06,2.5755967671213495e-06,2.591069740211422e-06,1.0000362678380885,32,3.6266520366257105e-05,,,,
1,early,M_B,M_BA,forward_lineage,low_rank_residual,False,2.03908550477747e-06,2.123323337058196e-06,2.129862428279466e-06,1.0000363344024406,32,3.6333082299666586e-05,,,,
1,early,M_B,M_BA,forward_lineage,whitened_cca,False,4.203139640910901e-15,4.3285474304335826e-15,4.3143762155348915e-15,1.0000000000000286,32,2.853273173286652e-14,,,,
1,early,M_BA,M_B,reverse_lineage,orthogonal_procrustes,True,3.551912222942939e-15,3.551977276745266e-15,3.56364106199874e-15,1.000000000000001,32,9.992007221626409e-16,5.02275342940024e-15,3.1856807064166695e-15,2.7548415182697055e-15,3.709314572662467e-15
1,early,M_BA,M_B,reverse_lineage,ridge_linear,False,2.49221653503345e-06,2.5755967671213495e-06,2.591069740211422e-06,1.0000362678380885,32,3.6266520366257105e-05,,,,
1,early,M_BA,M_B,reverse_lineage,low_rank_residual,False,2.03908550477747e-06,2.123323337058196e-06,2.129862428279466e-06,1.0000363344024406,32,3.6333082299666586e-05,,,,
1,early,M_BA,M_B,reverse_lineage,whitened_cca,False,4.203139640910901e-15,4.3285474304335826e-15,4.3143762155348915e-15,1.0000000000000286,32,2.853273173286652e-14,,,,
1,early,M_B,M_BC,forward_lineage,orthogonal_procrustes,True,3.551912222942939e-15,3.551977276745266e-15,3.56364106199874e-15,1.000000000000001,32,9.992007221626409e-16,5.02275342940024e-15,3.1856807064166695e-15,2.7548415182697055e-15,3.709314572662467e-15
1,early,M_B,M_BC,forward_lineage,ridge_linear,False,2.49221653503345e-06,2.5755967671213495e-06,2.591069740211422e-06,1.0000362678380885,32,3.6266520366257105e-05,,,,
1,early,M_B,M_BC,forward_lineage,low_rank_residual,False,2.03908550477747e-06,2.123323337058196e-06,2.129862428279466e-06,1.0000363344024406,32,3.6333082299666586e-05,,,,
1,early,M_B,M_BC,forward_lineage,whitened_cca,False,4.203139640910901e-15,4.3285474304335826e-15,4.3143762155348915e-15,1.0000000000000286,32,2.853273173286652e-14,,,,
1,early,M_BC,M_B,reverse_lineage,orthogonal_procrustes,True,3.551912222942939e-15,3.551977276745266e-15,3.56364106199874e-15,1.000000000000001,32,9.992007221626409e-16,5.02275342940024e-15,3.1856807064166695e-15,2.7548415182697055e-15,3.709314572662467e-15
1,early,M_BC,M_B,reverse_lineage,ridge_linear,False,2.49221653503345e-06,2.5755967671213495e-06,2.591069740211422e-06,1.0000362678380885,32,3.6266520366257105e-05,,,,
1,early,M_BC,M_B,reverse_lineage,low_rank_residual,False,2.03908550477747e-06,2.123323337058196e-06,2.129862428279466e-06,1.0000363344024406,32,3.6333082299666586e-05,,,,
1,early,M_BC,M_B,reverse_lineage,whitened_cca,False,4.203139640910901e-15,4.3285474304335826e-15,4.3143762155348915e-15,1.0000000000000286,32,2.853273173286652e-14,,,,
1,early,M_C,M_CA,forward_lineage,orthogonal_procrustes,True,3.551912222942939e-15,3.551977276745266e-15,3.56364106199874e-15,1.000000000000001,32,9.992007221626409e-16,5.02275342940024e-15,3.1856807064166695e-15,2.7548415182697055e-15,3.709314572662467e-15
1,early,M_C,M_CA,forward_lineage,ridge_linear,False,2.49221653503345e-06,2.5755967671213495e-06,2.591069740211422e-06,1.0000362678380885,32,3.6266520366257105e-05,,,,
1,early,M_C,M_CA,forward_lineage,low_rank_residual,False,2.03908550477747e-06,2.123323337058196e-06,2.129862428279466e-06,1.0000363344024406,32,3.6333082299666586e-05,,,,
1,early,M_C,M_CA,forward_lineage,whitened_cca,False,4.203139640910901e-15,4.3285474304335826e-15,4.3143762155348915e-15,1.0000000000000286,32,2.853273173286652e-14,,,,
1,early,M_CA,M_C,reverse_lineage,orthogonal_procrustes,True,3.551912222942939e-15,3.551977276745266e-15,3.56364106199874e-15,1.000000000000001,32,9.992007221626409e-16,5.02275342940024e-15,3.1856807064166695e-15,2.7548415182697055e-15,3.709314572662467e-15
1,early,M_CA,M_C,reverse_lineage,ridge_linear,False,2.49221653503345e-06,2.5755967671213495e-06,2.591069740211422e-06,1.0000362678380885,32,3.6266520366257105e-05,,,,
1,early,M_CA,M_C,reverse_lineage,low_rank_residual,False,2.03908550477747e-06,2.123323337058196e-06,2.129862428279466e-06,1.0000363344024406,32,3.6333082299666586e-05,,,,
1,early,M_CA,M_C,reverse_lineage,whitened_cca,False,4.203139640910901e-15,4.3285474304335826e-15,4.3143762155348915e-15,1.0000000000000286,32,2.853273173286652e-14,,,,
1,early,M_C,M_CB,forward_lineage,orthogonal_procrustes,True,3.551912222942939e-15,3.551977276745266e-15,3.56364106199874e-15,1.000000000000001,32,9.992007221626409e-16,5.02275342940024e-15,3.1856807064166695e-15,2.7548415182697055e-15,3.709314572662467e-15
1,early,M_C,M_CB,forward_lineage,ridge_linear,False,2.49221653503345e-06,2.5755967671213495e-06,2.591069740211422e-06,1.0000362678380885,32,3.6266520366257105e-05,,,,
1,early,M_C,M_CB,forward_lineage,low_rank_residual,False,2.03908550477747e-06,2.123323337058196e-06,2.129862428279466e-06,1.0000363344024406,32,3.6333082299666586e-05,,,,
1,early,M_C,M_CB,forward_lineage,whitened_cca,False,4.203139640910901e-15,4.3285474304335826e-15,4.3143762155348915e-15,1.0000000000000286,32,2.853273173286652e-14,,,,
1,early,M_CB,M_C,reverse_lineage,orthogonal_procrustes,True,3.551912222942939e-15,3.551977276745266e-15,3.56364106199874e-15,1.000000000000001,32,9.992007221626409e-16,5.02275342940024e-15,3.1856807064166695e-15,2.7548415182697055e-15,3.709314572662467e-15
1,early,M_CB,M_C,reverse_lineage,ridge_linear,False,2.49221653503345e-06,2.5755967671213495e-06,2.591069740211422e-06,1.0000362678380885,32,3.6266520366257105e-05,,,,
1,early,M_CB,M_C,reverse_lineage,low_rank_residual,False,2.03908550477747e-06,2.123323337058196e-06,2.129862428279466e-06,1.0000363344024406,32,3.6333082299666586e-05,,,,
1,early,M_CB,M_C,reverse_lineage,whitened_cca,False,4.203139640910901e-15,4.3285474304335826e-15,4.3143762155348915e-15,1.0000000000000286,32,2.853273173286652e-14,,,,
1,early,M_AB,M_ABC,forward_lineage,orthogonal_procrustes,True,3.551912222942939e-15,3.551977276745266e-15,3.56364106199874e-15,1.000000000000001,32,9.992007221626409e-16,5.02275342940024e-15,3.1856807064166695e-15,2.7548415182697055e-15,3.709314572662467e-15
1,early,M_AB,M_ABC,forward_lineage,ridge_linear,False,2.49221653503345e-06,2.5755967671213495e-06,2.591069740211422e-06,1.0000362678380885,32,3.6266520366257105e-05,,,,
1,early,M_AB,M_ABC,forward_lineage,low_rank_residual,False,2.03908550477747e-06,2.123323337058196e-06,2.129862428279466e-06,1.0000363344024406,32,3.6333082299666586e-05,,,,
1,early,M_AB,M_ABC,forward_lineage,whitened_cca,False,4.203139640910901e-15,4.3285474304335826e-15,4.3143762155348915e-15,1.0000000000000286,32,2.853273173286652e-14,,,,
1,early,M_ABC,M_AB,reverse_lineage,orthogonal_procrustes,True,3.551912222942939e-15,3.551977276745266e-15,3.56364106199874e-15,1.000000000000001,32,9.992007221626409e-16,5.02275342940024e-15,3.1856807064166695e-15,2.7548415182697055e-15,3.709314572662467e-15
1,early,M_ABC,M_AB,reverse_lineage,ridge_linear,False,2.49221653503345e-06,2.5755967671213495e-06,2.591069740211422e-06,1.0000362678380885,32,3.6266520366257105e-05,,,,
1,early,M_ABC,M_AB,reverse_lineage,low_rank_residual,False,2.03908550477747e-06,2.123323337058196e-06,2.129862428279466e-06,1.0000363344024406,32,3.6333082299666586e-05,,,,
1,early,M_ABC,M_AB,reverse_lineage,whitened_cca,False,4.203139640910901e-15,4.3285474304335826e-15,4.3143762155348915e-15,1.0000000000000286,32,2.853273173286652e-14,,,,
1,early,M_AC,M_ACB,forward_lineage,orthogonal_procrustes,True,3.551912222942939e-15,3.551977276745266e-15,3.56364106199874e-15,1.000000000000001,32,9.992007221626409e-16,5.02275342940024e-15,3.1856807064166695e-15,2.7548415182697055e-15,3.709314572662467e-15
1,early,M_AC,M_ACB,forward_lineage,ridge_linear,False,2.49221653503345e-06,2.5755967671213495e-06,2.591069740211422e-06,1.0000362678380885,32,3.6266520366257105e-05,,,,
1,early,M_AC,M_ACB,forward_lineage,low_rank_residual,False,2.03908550477747e-06,2.123323337058196e-06,2.129862428279466e-06,1.0000363344024406,32,3.6333082299666586e-05,,,,
1,early,M_AC,M_ACB,forward_lineage,whitened_cca,False,4.203139640910901e-15,4.3285474304335826e-15,4.3143762155348915e-15,1.0000000000000286,32,2.853273173286652e-14,,,,
1,early,M_ACB,M_AC,reverse_lineage,orthogonal_procrustes,True,3.551912222942939e-15,3.551977276745266e-15,3.56364106199874e-15,1.000000000000001,32,9.992007221626409e-16,5.02275342940024e-15,3.1856807064166695e-15,2.7548415182697055e-15,3.709314572662467e-15
1,early,M_ACB,M_AC,reverse_lineage,ridge_linear,False,2.49221653503345e-06,2.5755967671213495e-06,2.591069740211422e-06,1.0000362678380885,32,3.6266520366257105e-05,,,,
1,early,M_ACB,M_AC,reverse_lineage,low_rank_residual,False,2.03908550477747e-06,2.123323337058196e-06,2.129862428279466e-06,1.0000363344024406,32,3.6333082299666586e-05,,,,
1,early,M_ACB,M_AC,reverse_lineage,whitened_cca,False,4.203139640910901e-15,4.3285474304335826e-15,4.3143762155348915e-15,1.0000000000000286,32,2.853273173286652e-14,,,,
1,early,M_BA,M_BAC,forward_lineage,orthogonal_procrustes,True,3.551912222942939e-15,3.551977276745266e-15,3.56364106199874e-15,1.000000000000001,32,9.992007221626409e-16,5.02275342940024e-15,3.1856807064166695e-15,2.7548415182697055e-15,3.709314572662467e-15
1,early,M_BA,M_BAC,forward_lineage,ridge_linear,False,2.49221653503345e-06,2.5755967671213495e-06,2.591069740211422e-06,1.0000362678380885,32,3.6266520366257105e-05,,,,
1,early,M_BA,M_BAC,forward_lineage,low_rank_residual,False,2.03908550477747e-06,2.123323337058196e-06,2.129862428279466e-06,1.0000363344024406,32,3.6333082299666586e-05,,,,
1,early,M_BA,M_BAC,forward_lineage,whitened_cca,False,4.203139640910901e-15,4.3285474304335826e-15,4.3143762155348915e-15,1.0000000000000286,32,2.853273173286652e-14,,,,
1,early,M_BAC,M_BA,reverse_lineage,orthogonal_procrustes,True,3.551912222942939e-15,3.551977276745266e-15,3.56364106199874e-15,1.000000000000001,32,9.992007221626409e-16,5.02275342940024e-15,3.1856807064166695e-15,2.7548415182697055e-15,3.709314572662467e-15
1,early,M_BAC,M_BA,reverse_lineage,ridge_linear,False,2.49221653503345e-06,2.5755967671213495e-06,2.591069740211422e-06,1.0000362678380885,32,3.6266520366257105e-05,,,,
1,early,M_BAC,M_BA,reverse_lineage,low_rank_residual,False,2.03908550477747e-06,2.123323337058196e-06,2.129862428279466e-06,1.0000363344024406,32,3.6333082299666586e-05,,,,
1,early,M_BAC,M_BA,reverse_lineage,whitened_cca,False,4.203139640910901e-15,4.3285474304335826e-15,4.3143762155348915e-15,1.0000000000000286,32,2.853273173286652e-14,,,,
1,early,M_BC,M_BCA,forward_lineage,orthogonal_procrustes,True,3.551912222942939e-15,3.551977276745266e-15,3.56364106199874e-15,1.000000000000001,32,9.992007221626409e-16,5.02275342940024e-15,3.1856807064166695e-15,2.7548415182697055e-15,3.709314572662467e-15
1,early,M_BC,M_BCA,forward_lineage,ridge_linear,False,2.49221653503345e-06,2.5755967671213495e-06,2.591069740211422e-06,1.0000362678380885,32,3.6266520366257105e-05,,,,
1,early,M_BC,M_BCA,forward_lineage,low_rank_residual,False,2.03908550477747e-06,2.123323337058196e-06,2.129862428279466e-06,1.0000363344024406,32,3.6333082299666586e-05,,,,
1,early,M_BC,M_BCA,forward_lineage,whitened_cca,False,4.203139640910901e-15,4.3285474304335826e-15,4.3143762155348915e-15,1.0000000000000286,32,2.853273173286652e-14,,,,
1,early,M_BCA,M_BC,reverse_lineage,orthogonal_procrustes,True,3.551912222942939e-15,3.551977276745266e-15,3.56364106199874e-15,1.000000000000001,32,9.992007221626409e-16,5.02275342940024e-15,3.1856807064166695e-15,2.7548415182697055e-15,3.709314572662467e-15
1,early,M_BCA,M_BC,reverse_lineage,ridge_linear,False,2.49221653503345e-06,2.5755967671213495e-06,2.591069740211422e-06,1.0000362678380885,32,3.6266520366257105e-05,,,,
1,early,M_BCA,M_BC,reverse_lineage,low_rank_residual,False,2.03908550477747e-06,2.123323337058196e-06,2.129862428279466e-06,1.0000363344024406,32,3.6333082299666586e-05,,,,
1,early,M_BCA,M_BC,reverse_lineage,whitened_cca,False,4.203139640910901e-15,4.3285474304335826e-15,4.3143762155348915e-15,1.0000000000000286,32,2.853273173286652e-14,,,,
1,early,M_CA,M_CAB,forward_lineage,orthogonal_procrustes,True,3.551912222942939e-15,3.551977276745266e-15,3.56364106199874e-15,1.000000000000001,32,9.992007221626409e-16,5.02275342940024e-15,3.1856807064166695e-15,2.7548415182697055e-15,3.709314572662467e-15
1,early,M_CA,M_CAB,forward_lineage,ridge_linear,False,2.49221653503345e-06,2.5755967671213495e-06,2.591069740211422e-06,1.0000362678380885,32,3.6266520366257105e-05,,,,
1,early,M_CA,M_CAB,forward_lineage,low_rank_residual,False,2.03908550477747e-06,2.123323337058196e-06,2.129862428279466e-06,1.0000363344024406,32,3.6333082299666586e-05,,,,
1,early,M_CA,M_CAB,forward_lineage,whitened_cca,False,4.203139640910901e-15,4.3285474304335826e-15,4.3143762155348915e-15,1.0000000000000286,32,2.853273173286652e-14,,,,
1,early,M_CAB,M_CA,reverse_lineage,orthogonal_procrustes,True,3.551912222942939e-15,3.551977276745266e-15,3.56364106199874e-15,1.000000000000001,32,9.992007221626409e-16,5.02275342940024e-15,3.1856807064166695e-15,2.7548415182697055e-15,3.709314572662467e-15
1,early,M_CAB,M_CA,reverse_lineage,ridge_linear,False,2.49221653503345e-06,2.5755967671213495e-06,2.591069740211422e-06,1.0000362678380885,32,3.6266520366257105e-05,,,,
1,early,M_CAB,M_CA,reverse_lineage,low_rank_residual,False,2.03908550477747e-06,2.123323337058196e-06,2.129862428279466e-06,1.0000363344024406,32,3.6333082299666586e-05,,,,
1,early,M_CAB,M_CA,reverse_lineage,whitened_cca,False,4.203139640910901e-15,4.3285474304335826e-15,4.3143762155348915e-15,1.0000000000000286,32,2.853273173286652e-14,,,,
1,early,M_CB,M_CBA,forward_lineage,orthogonal_procrustes,True,3.551912222942939e-15,3.551977276745266e-15,3.56364106199874e-15,1.000000000000001,32,9.992007221626409e-16,5.02275342940024e-15,3.1856807064166695e-15,2.7548415182697055e-15,3.709314572662467e-15
1,early,M_CB,M_CBA,forward_lineage,ridge_linear,False,2.49221653503345e-06,2.5755967671213495e-06,2.591069740211422e-06,1.0000362678380885,32,3.6266520366257105e-05,,,,
1,early,M_CB,M_CBA,forward_lineage,low_rank_residual,False,2.03908550477747e-06,2.123323337058196e-06,2.129862428279466e-06,1.0000363344024406,32,3.6333082299666586e-05,,,,
1,early,M_CB,M_CBA,forward_lineage,whitened_cca,False,4.203139640910901e-15,4.3285474304335826e-15,4.3143762155348915e-15,1.0000000000000286,32,2.853273173286652e-14,,,,
1,early,M_CBA,M_CB,reverse_lineage,orthogonal_procrustes,True,3.551912222942939e-15,3.551977276745266e-15,3.56364106199874e-15,1.000000000000001,32,9.992007221626409e-16,5.02275342940024e-15,3.1856807064166695e-15,2.7548415182697055e-15,3.709314572662467e-15
1,early,M_CBA,M_CB,reverse_lineage,ridge_linear,False,2.49221653503345e-06,2.5755967671213495e-06,2.591069740211422e-06,1.0000362678380885,32,3.6266520366257105e-05,,,,
1,early,M_CBA,M_CB,reverse_lineage,low_rank_residual,False,2.03908550477747e-06,2.123323337058196e-06,2.129862428279466e-06,1.0000363344024406,32,3.6333082299666586e-05,,,,
1,early,M_CBA,M_CB,reverse_lineage,whitened_cca,False,4.203139640910901e-15,4.3285474304335826e-15,4.3143762155348915e-15,1.0000000000000286,32,2.853273173286652e-14,,,,
1,early,M_AB,M_B,loop_closing,orthogonal_procrustes,True,3.551912222942939e-15,3.551977276745266e-15,3.56364106199874e-15,1.000000000000001,32,9.992007221626409e-16,5.02275342940024e-15,3.1856807064166695e-15,2.7548415182697055e-15,3.709314572662467e-15
1,early,M_AB,M_B,loop_closing,ridge_linear,False,2.49221653503345e-06,2.5755967671213495e-06,2.591069740211422e-06,1.0000362678380885,32,3.6266520366257105e-05,,,,
1,early,M_AB,M_B,loop_closing,low_rank_residual,False,2.03908550477747e-06,2.123323337058196e-06,2.129862428279466e-06,1.0000363344024406,32,3.6333082299666586e-05,,,,
1,early,M_AB,M_B,loop_closing,whitened_cca,False,4.203139640910901e-15,4.3285474304335826e-15,4.3143762155348915e-15,1.0000000000000286,32,2.853273173286652e-14,,,,
1,early,M_B,M_AB,loop_closing,orthogonal_procrustes,True,3.551912222942939e-15,3.551977276745266e-15,3.56364106199874e-15,1.000000000000001,32,9.992007221626409e-16,5.02275342940024e-15,3.1856807064166695e-15,2.7548415182697055e-15,3.709314572662467e-15
1,early,M_B,M_AB,loop_closing,ridge_linear,False,2.49221653503345e-06,2.5755967671213495e-06,2.591069740211422e-06,1.0000362678380885,32,3.6266520366257105e-05,,,,
1,early,M_B,M_AB,loop_closing,low_rank_residual,False,2.03908550477747e-06,2.123323337058196e-06,2.129862428279466e-06,1.0000363344024406,32,3.6333082299666586e-05,,,,
1,early,M_B,M_AB,loop_closing,whitened_cca,False,4.203139640910901e-15,4.3285474304335826e-15,4.3143762155348915e-15,1.0000000000000286,32,2.853273173286652e-14,,,,
1,early,M_AC,M_C,loop_closing,orthogonal_procrustes,True,3.551912222942939e-15,3.551977276745266e-15,3.56364106199874e-15,1.000000000000001,32,9.992007221626409e-16,5.02275342940024e-15,3.1856807064166695e-15,2.7548415182697055e-15,3.709314572662467e-15
1,early,M_AC,M_C,loop_closing,ridge_linear,False,2.49221653503345e-06,2.5755967671213495e-06,2.591069740211422e-06,1.0000362678380885,32,3.6266520366257105e-05,,,,
1,early,M_AC,M_C,loop_closing,low_rank_residual,False,2.03908550477747e-06,2.123323337058196e-06,2.129862428279466e-06,1.0000363344024406,32,3.6333082299666586e-05,,,,
1,early,M_AC,M_C,loop_closing,whitened_cca,False,4.203139640910901e-15,4.3285474304335826e-15,4.3143762155348915e-15,1.0000000000000286,32,2.853273173286652e-14,,,,
1,early,M_C,M_AC,loop_closing,orthogonal_procrustes,True,3.551912222942939e-15,3.551977276745266e-15,3.56364106199874e-15,1.000000000000001,32,9.992007221626409e-16,5.02275342940024e-15,3.1856807064166695e-15,2.7548415182697055e-15,3.709314572662467e-15
1,early,M_C,M_AC,loop_closing,ridge_linear,False,2.49221653503345e-06,2.5755967671213495e-06,2.591069740211422e-06,1.0000362678380885,32,3.6266520366257105e-05,,,,
1,early,M_C,M_AC,loop_closing,low_rank_residual,False,2.03908550477747e-06,2.123323337058196e-06,2.129862428279466e-06,1.0000363344024406,32,3.6333082299666586e-05,,,,
1,early,M_C,M_AC,loop_closing,whitened_cca,False,4.203139640910901e-15,4.3285474304335826e-15,4.3143762155348915e-15,1.0000000000000286,32,2.853273173286652e-14,,,,
1,early,M_BC,M_C,loop_closing,orthogonal_procrustes,True,3.551912222942939e-15,3.551977276745266e-15,3.56364106199874e-15,1.000000000000001,32,9.992007221626409e-16,5.02275342940024e-15,3.1856807064166695e-15,2.7548415182697055e-15,3.709314572662467e-15
1,early,M_BC,M_C,loop_closing,ridge_linear,False,2.49221653503345e-06,2.5755967671213495e-06,2.591069740211422e-06,1.0000362678380885,32,3.6266520366257105e-05,,,,
1,early,M_BC,M_C,loop_closing,low_rank_residual,False,2.03908550477747e-06,2.123323337058196e-06,2.129862428279466e-06,1.0000363344024406,32,3.6333082299666586e-05,,,,
1,early,M_BC,M_C,loop_closing,whitened_cca,False,4.203139640910901e-15,4.3285474304335826e-15,4.3143762155348915e-15,1.0000000000000286,32,2.853273173286652e-14,,,,
1,early,M_C,M_BC,loop_closing,orthogonal_procrustes,True,3.551912222942939e-15,3.551977276745266e-15,3.56364106199874e-15,1.000000000000001,32,9.992007221626409e-16,5.02275342940024e-15,3.1856807064166695e-15,2.7548415182697055e-15,3.709314572662467e-15
1,early,M_C,M_BC,loop_closing,ridge_linear,False,2.49221653503345e-06,2.5755967671213495e-06,2.591069740211422e-06,1.0000362678380885,32,3.6266520366257105e-05,,,,
1,early,M_C,M_BC,loop_closing,low_rank_residual,False,2.03908550477747e-06,2.123323337058196e-06,2.129862428279466e-06,1.0000363344024406,32,3.6333082299666586e-05,,,,
1,early,M_C,M_BC,loop_closing,whitened_cca,False,4.203139640910901e-15,4.3285474304335826e-15,4.3143762155348915e-15,1.0000000000000286,32,2.853273173286652e-14,,,,
1,early,M_ABC,M_BAC,same_depth_closing,orthogonal_procrustes,True,3.551912222942939e-15,3.551977276745266e-15,3.56364106199874e-15,1.000000000000001,32,9.992007221626409e-16,5.02275342940024e-15,3.1856807064166695e-15,2.7548415182697055e-15,3.709314572662467e-15
1,early,M_ABC,M_BAC,same_depth_closing,ridge_linear,False,2.49221653503345e-06,2.5755967671213495e-06,2.591069740211422e-06,1.0000362678380885,32,3.6266520366257105e-05,,,,
1,early,M_ABC,M_BAC,same_depth_closing,low_rank_residual,False,2.03908550477747e-06,2.123323337058196e-06,2.129862428279466e-06,1.0000363344024406,32,3.6333082299666586e-05,,,,
1,early,M_ABC,M_BAC,same_depth_closing,whitened_cca,False,4.203139640910901e-15,4.3285474304335826e-15,4.3143762155348915e-15,1.0000000000000286,32,2.853273173286652e-14,,,,
1,early,M_BAC,M_ABC,same_depth_closing,orthogonal_procrustes,True,3.551912222942939e-15,3.551977276745266e-15,3.56364106199874e-15,1.000000000000001,32,9.992007221626409e-16,5.02275342940024e-15,3.1856807064166695e-15,2.7548415182697055e-15,3.709314572662467e-15
1,early,M_BAC,M_ABC,same_depth_closing,ridge_linear,False,2.49221653503345e-06,2.5755967671213495e-06,2.591069740211422e-06,1.0000362678380885,32,3.6266520366257105e-05,,,,
1,early,M_BAC,M_ABC,same_depth_closing,low_rank_residual,False,2.03908550477747e-06,2.123323337058196e-06,2.129862428279466e-06,1.0000363344024406,32,3.6333082299666586e-05,,,,
1,early,M_BAC,M_ABC,same_depth_closing,whitened_cca,False,4.203139640910901e-15,4.3285474304335826e-15,4.3143762155348915e-15,1.0000000000000286,32,2.853273173286652e-14,,,,
1,early,M_ABC,M_ACB,same_depth_closing,orthogonal_procrustes,True,3.551912222942939e-15,3.551977276745266e-15,3.56364106199874e-15,1.000000000000001,32,9.992007221626409e-16,5.02275342940024e-15,3.1856807064166695e-15,2.7548415182697055e-15,3.709314572662467e-15
1,early,M_ABC,M_ACB,same_depth_closing,ridge_linear,False,2.49221653503345e-06,2.5755967671213495e-06,2.591069740211422e-06,1.0000362678380885,32,3.6266520366257105e-05,,,,
1,early,M_ABC,M_ACB,same_depth_closing,low_rank_residual,False,2.03908550477747e-06,2.123323337058196e-06,2.129862428279466e-06,1.0000363344024406,32,3.6333082299666586e-05,,,,
1,early,M_ABC,M_ACB,same_depth_closing,whitened_cca,False,4.203139640910901e-15,4.3285474304335826e-15,4.3143762155348915e-15,1.0000000000000286,32,2.853273173286652e-14,,,,
1,early,M_ACB,M_ABC,same_depth_closing,orthogonal_procrustes,True,3.551912222942939e-15,3.551977276745266e-15,3.56364106199874e-15,1.000000000000001,32,9.992007221626409e-16,5.02275342940024e-15,3.1856807064166695e-15,2.7548415182697055e-15,3.709314572662467e-15
1,early,M_ACB,M_ABC,same_depth_closing,ridge_linear,False,2.49221653503345e-06,2.5755967671213495e-06,2.591069740211422e-06,1.0000362678380885,32,3.6266520366257105e-05,,,,
1,early,M_ACB,M_ABC,same_depth_closing,low_rank_residual,False,2.03908550477747e-06,2.123323337058196e-06,2.129862428279466e-06,1.0000363344024406,32,3.6333082299666586e-05,,,,
1,early,M_ACB,M_ABC,same_depth_closing,whitened_cca,False,4.203139640910901e-15,4.3285474304335826e-15,4.3143762155348915e-15,1.0000000000000286,32,2.853273173286652e-14,,,,
1,early,M_ACB,M_CAB,same_depth_closing,orthogonal_procrustes,True,3.551912222942939e-15,3.551977276745266e-15,3.56364106199874e-15,1.000000000000001,32,9.992007221626409e-16,5.02275342940024e-15,3.1856807064166695e-15,2.7548415182697055e-15,3.709314572662467e-15
1,early,M_ACB,M_CAB,same_depth_closing,ridge_linear,False,2.49221653503345e-06,2.5755967671213495e-06,2.591069740211422e-06,1.0000362678380885,32,3.6266520366257105e-05,,,,
1,early,M_ACB,M_CAB,same_depth_closing,low_rank_residual,False,2.03908550477747e-06,2.123323337058196e-06,2.129862428279466e-06,1.0000363344024406,32,3.6333082299666586e-05,,,,
1,early,M_ACB,M_CAB,same_depth_closing,whitened_cca,False,4.203139640910901e-15,4.3285474304335826e-15,4.3143762155348915e-15,1.0000000000000286,32,2.853273173286652e-14,,,,
1,early,M_CAB,M_ACB,same_depth_closing,orthogonal_procrustes,True,3.551912222942939e-15,3.551977276745266e-15,3.56364106199874e-15,1.000000000000001,32,9.992007221626409e-16,5.02275342940024e-15,3.1856807064166695e-15,2.7548415182697055e-15,3.709314572662467e-15
1,early,M_CAB,M_ACB,same_depth_closing,ridge_linear,False,2.49221653503345e-06,2.5755967671213495e-06,2.591069740211422e-06,1.0000362678380885,32,3.6266520366257105e-05,,,,
1,early,M_CAB,M_ACB,same_depth_closing,low_rank_residual,False,2.03908550477747e-06,2.123323337058196e-06,2.129862428279466e-06,1.0000363344024406,32,3.6333082299666586e-05,,,,
1,early,M_CAB,M_ACB,same_depth_closing,whitened_cca,False,4.203139640910901e-15,4.3285474304335826e-15,4.3143762155348915e-15,1.0000000000000286,32,2.853273173286652e-14,,,,
1,early,M_BAC,M_BCA,same_depth_closing,orthogonal_procrustes,True,3.551912222942939e-15,3.551977276745266e-15,3.56364106199874e-15,1.000000000000001,32,9.992007221626409e-16,5.02275342940024e-15,3.1856807064166695e-15,2.7548415182697055e-15,3.709314572662467e-15
1,early,M_BAC,M_BCA,same_depth_closing,ridge_linear,False,2.49221653503345e-06,2.5755967671213495e-06,2.591069740211422e-06,1.0000362678380885,32,3.6266520366257105e-05,,,,
1,early,M_BAC,M_BCA,same_depth_closing,low_rank_residual,False,2.03908550477747e-06,2.123323337058196e-06,2.129862428279466e-06,1.0000363344024406,32,3.6333082299666586e-05,,,,
1,early,M_BAC,M_BCA,same_depth_closing,whitened_cca,False,4.203139640910901e-15,4.3285474304335826e-15,4.3143762155348915e-15,1.0000000000000286,32,2.853273173286652e-14,,,,
1,early,M_BCA,M_BAC,same_depth_closing,orthogonal_procrustes,True,3.551912222942939e-15,3.551977276745266e-15,3.56364106199874e-15,1.000000000000001,32,9.992007221626409e-16,5.02275342940024e-15,3.1856807064166695e-15,2.7548415182697055e-15,3.709314572662467e-15
1,early,M_BCA,M_BAC,same_depth_closing,ridge_linear,False,2.49221653503345e-06,2.5755967671213495e-06,2.591069740211422e-06,1.0000362678380885,32,3.6266520366257105e-05,,,,
1,early,M_BCA,M_BAC,same_depth_closing,low_rank_residual,False,2.03908550477747e-06,2.123323337058196e-06,2.129862428279466e-06,1.0000363344024406,32,3.6333082299666586e-05,,,,
1,early,M_BCA,M_BAC,same_depth_closing,whitened_cca,False,4.203139640910901e-15,4.3285474304335826e-15,4.3143762155348915e-15,1.0000000000000286,32,2.853273173286652e-14,,,,
1,early,M_BCA,M_CBA,same_depth_closing,orthogonal_procrustes,True,3.551912222942939e-15,3.551977276745266e-15,3.56364106199874e-15,1.000000000000001,32,9.992007221626409e-16,5.02275342940024e-15,3.1856807064166695e-15,2.7548415182697055e-15,3.709314572662467e-15
1,early,M_BCA,M_CBA,same_depth_closing,ridge_linear,False,2.49221653503345e-06,2.5755967671213495e-06,2.591069740211422e-06,1.0000362678380885,32,3.6266520366257105e-05,,,,
1,early,M_BCA,M_CBA,same_depth_closing,low_rank_residual,False,2.03908550477747e-06,2.123323337058196e-06,2.129862428279466e-06,1.0000363344024406,32,3.6333082299666586e-05,,,,
1,early,M_BCA,M_CBA,same_depth_closing,whitened_cca,False,4.203139640910901e-15,4.3285474304335826e-15,4.3143762155348915e-15,1.0000000000000286,32,2.853273173286652e-14,,,,
1,early,M_CBA,M_BCA,same_depth_closing,orthogonal_procrustes,True,3.551912222942939e-15,3.551977276745266e-15,3.56364106199874e-15,1.000000000000001,32,9.992007221626409e-16,5.02275342940024e-15,3.1856807064166695e-15,2.7548415182697055e-15,3.709314572662467e-15
1,early,M_CBA,M_BCA,same_depth_closing,ridge_linear,False,2.49221653503345e-06,2.5755967671213495e-06,2.591069740211422e-06,1.0000362678380885,32,3.6266520366257105e-05,,,,
1,early,M_CBA,M_BCA,same_depth_closing,low_rank_residual,False,2.03908550477747e-06,2.123323337058196e-06,2.129862428279466e-06,1.0000363344024406,32,3.6333082299666586e-05,,,,
1,early,M_CBA,M_BCA,same_depth_closing,whitened_cca,False,4.203139640910901e-15,4.3285474304335826e-15,4.3143762155348915e-15,1.0000000000000286,32,2.853273173286652e-14,,,,
1,early,M_CAB,M_CBA,same_depth_closing,orthogonal_procrustes,True,3.551912222942939e-15,3.551977276745266e-15,3.56364106199874e-15,1.000000000000001,32,9.992007221626409e-16,5.02275342940024e-15,3.1856807064166695e-15,2.7548415182697055e-15,3.709314572662467e-15
1,early,M_CAB,M_CBA,same_depth_closing,ridge_linear,False,2.49221653503345e-06,2.5755967671213495e-06,2.591069740211422e-06,1.0000362678380885,32,3.6266520366257105e-05,,,,
1,early,M_CAB,M_CBA,same_depth_closing,low_rank_residual,False,2.03908550477747e-06,2.123323337058196e-06,2.129862428279466e-06,1.0000363344024406,32,3.6333082299666586e-05,,,,
1,early,M_CAB,M_CBA,same_depth_closing,whitened_cca,False,4.203139640910901e-15,4.3285474304335826e-15,4.3143762155348915e-15,1.0000000000000286,32,2.853273173286652e-14,,,,
1,early,M_CBA,M_CAB,same_depth_closing,orthogonal_procrustes,True,3.551912222942939e-15,3.551977276745266e-15,3.56364106199874e-15,1.000000000000001,32,9.992007221626409e-16,5.02275342940024e-15,3.1856807064166695e-15,2.7548415182697055e-15,3.709314572662467e-15
1,early,M_CBA,M_CAB,same_depth_closing,ridge_linear,False,2.49221653503345e-06,2.5755967671213495e-06,2.591069740211422e-06,1.0000362678380885,32,3.6266520366257105e-05,,,,
1,early,M_CBA,M_CAB,same_depth_closing,low_rank_residual,False,2.03908550477747e-06,2.123323337058196e-06,2.129862428279466e-06,1.0000363344024406,32,3.6333082299666586e-05,,,,
1,early,M_CBA,M_CAB,same_depth_closing,whitened_cca,False,4.203139640910901e-15,4.3285474304335826e-15,4.3143762155348915e-15,1.0000000000000286,32,2.853273173286652e-14,,,,
1,early,M_AB,M_BA,same_depth_closing,orthogonal_procrustes,True,3.551912222942939e-15,3.551977276745266e-15,3.56364106199874e-15,1.000000000000001,32,9.992007221626409e-16,5.02275342940024e-15,3.1856807064166695e-15,2.7548415182697055e-15,3.709314572662467e-15
1,early,M_AB,M_BA,same_depth_closing,ridge_linear,False,2.49221653503345e-06,2.5755967671213495e-06,2.591069740211422e-06,1.0000362678380885,32,3.6266520366257105e-05,,,,
1,early,M_AB,M_BA,same_depth_closing,low_rank_residual,False,2.03908550477747e-06,2.123323337058196e-06,2.129862428279466e-06,1.0000363344024406,32,3.6333082299666586e-05,,,,
1,early,M_AB,M_BA,same_depth_closing,whitened_cca,False,4.203139640910901e-15,4.3285474304335826e-15,4.3143762155348915e-15,1.0000000000000286,32,2.853273173286652e-14,,,,
1,early,M_BA,M_AB,same_depth_closing,orthogonal_procrustes,True,3.551912222942939e-15,3.551977276745266e-15,3.56364106199874e-15,1.000000000000001,32,9.992007221626409e-16,5.02275342940024e-15,3.1856807064166695e-15,2.7548415182697055e-15,3.709314572662467e-15
1,early,M_BA,M_AB,same_depth_closing,ridge_linear,False,2.49221653503345e-06,2.5755967671213495e-06,2.591069740211422e-06,1.0000362678380885,32,3.6266520366257105e-05,,,,
1,early,M_BA,M_AB,same_depth_closing,low_rank_residual,False,2.03908550477747e-06,2.123323337058196e-06,2.129862428279466e-06,1.0000363344024406,32,3.6333082299666586e-05,,,,
1,early,M_BA,M_AB,same_depth_closing,whitened_cca,False,4.203139640910901e-15,4.3285474304335826e-15,4.3143762155348915e-15,1.0000000000000286,32,2.853273173286652e-14,,,,
1,early,M_AC,M_CA,same_depth_closing,orthogonal_procrustes,True,3.551912222942939e-15,3.551977276745266e-15,3.56364106199874e-15,1.000000000000001,32,9.992007221626409e-16,5.02275342940024e-15,3.1856807064166695e-15,2.7548415182697055e-15,3.709314572662467e-15
1,early,M_AC,M_CA,same_depth_closing,ridge_linear,False,2.49221653503345e-06,2.5755967671213495e-06,2.591069740211422e-06,1.0000362678380885,32,3.6266520366257105e-05,,,,
1,early,M_AC,M_CA,same_depth_closing,low_rank_residual,False,2.03908550477747e-06,2.123323337058196e-06,2.129862428279466e-06,1.0000363344024406,32,3.6333082299666586e-05,,,,
1,early,M_AC,M_CA,same_depth_closing,whitened_cca,False,4.203139640910901e-15,4.3285474304335826e-15,4.3143762155348915e-15,1.0000000000000286,32,2.853273173286652e-14,,,,
1,early,M_CA,M_AC,same_depth_closing,orthogonal_procrustes,True,3.551912222942939e-15,3.551977276745266e-15,3.56364106199874e-15,1.000000000000001,32,9.992007221626409e-16,5.02275342940024e-15,3.1856807064166695e-15,2.7548415182697055e-15,3.709314572662467e-15
1,early,M_CA,M_AC,same_depth_closing,ridge_linear,False,2.49221653503345e-06,2.5755967671213495e-06,2.591069740211422e-06,1.0000362678380885,32,3.6266520366257105e-05,,,,
1,early,M_CA,M_AC,same_depth_closing,low_rank_residual,False,2.03908550477747e-06,2.123323337058196e-06,2.129862428279466e-06,1.0000363344024406,32,3.6333082299666586e-05,,,,
1,early,M_CA,M_AC,same_depth_closing,whitened_cca,False,4.203139640910901e-15,4.3285474304335826e-15,4.3143762155348915e-15,1.0000000000000286,32,2.853273173286652e-14,,,,
1,early,M_BC,M_CB,same_depth_closing,orthogonal_procrustes,True,3.551912222942939e-15,3.551977276745266e-15,3.56364106199874e-15,1.000000000000001,32,9.992007221626409e-16,5.02275342940024e-15,3.1856807064166695e-15,2.7548415182697055e-15,3.709314572662467e-15
1,early,M_BC,M_CB,same_depth_closing,ridge_linear,False,2.49221653503345e-06,2.5755967671213495e-06,2.591069740211422e-06,1.0000362678380885,32,3.6266520366257105e-05,,,,
1,early,M_BC,M_CB,same_depth_closing,low_rank_residual,False,2.03908550477747e-06,2.123323337058196e-06,2.129862428279466e-06,1.0000363344024406,32,3.6333082299666586e-05,,,,
1,early,M_BC,M_CB,same_depth_closing,whitened_cca,False,4.203139640910901e-15,4.3285474304335826e-15,4.3143762155348915e-15,1.0000000000000286,32,2.853273173286652e-14,,,,
1,early,M_CB,M_BC,same_depth_closing,orthogonal_procrustes,True,3.551912222942939e-15,3.551977276745266e-15,3.56364106199874e-15,1.000000000000001,32,9.992007221626409e-16,5.02275342940024e-15,3.1856807064166695e-15,2.7548415182697055e-15,3.709314572662467e-15
1,early,M_CB,M_BC,same_depth_closing,ridge_linear,False,2.49221653503345e-06,2.5755967671213495e-06,2.591069740211422e-06,1.0000362678380885,32,3.6266520366257105e-05,,,,
1,early,M_CB,M_BC,same_depth_closing,low_rank_residual,False,2.03908550477747e-06,2.123323337058196e-06,2.129862428279466e-06,1.0000363344024406,32,3.6333082299666586e-05,,,,
1,early,M_CB,M_BC,same_depth_closing,whitened_cca,False,4.203139640910901e-15,4.3285474304335826e-15,4.3143762155348915e-15,1.0000000000000286,32,2.853273173286652e-14,,,,
1,early,M_A,M_B,same_depth_closing,orthogonal_procrustes,True,3.551912222942939e-15,3.551977276745266e-15,3.56364106199874e-15,1.000000000000001,32,9.992007221626409e-16,5.02275342940024e-15,3.1856807064166695e-15,2.7548415182697055e-15,3.709314572662467e-15
1,early,M_A,M_B,same_depth_closing,ridge_linear,False,2.49221653503345e-06,2.5755967671213495e-06,2.591069740211422e-06,1.0000362678380885,32,3.6266520366257105e-05,,,,
1,early,M_A,M_B,same_depth_closing,low_rank_residual,False,2.03908550477747e-06,2.123323337058196e-06,2.129862428279466e-06,1.0000363344024406,32,3.6333082299666586e-05,,,,
1,early,M_A,M_B,same_depth_closing,whitened_cca,False,4.203139640910901e-15,4.3285474304335826e-15,4.3143762155348915e-15,1.0000000000000286,32,2.853273173286652e-14,,,,
1,early,M_B,M_A,same_depth_closing,orthogonal_procrustes,True,3.551912222942939e-15,3.551977276745266e-15,3.56364106199874e-15,1.000000000000001,32,9.992007221626409e-16,5.02275342940024e-15,3.1856807064166695e-15,2.7548415182697055e-15,3.709314572662467e-15
1,early,M_B,M_A,same_depth_closing,ridge_linear,False,2.49221653503345e-06,2.5755967671213495e-06,2.591069740211422e-06,1.0000362678380885,32,3.6266520366257105e-05,,,,
1,early,M_B,M_A,same_depth_closing,low_rank_residual,False,2.03908550477747e-06,2.123323337058196e-06,2.129862428279466e-06,1.0000363344024406,32,3.6333082299666586e-05,,,,
1,early,M_B,M_A,same_depth_closing,whitened_cca,False,4.203139640910901e-15,4.3285474304335826e-15,4.3143762155348915e-15,1.0000000000000286,32,2.853273173286652e-14,,,,
1,early,M_A,M_C,same_depth_closing,orthogonal_procrustes,True,3.551912222942939e-15,3.551977276745266e-15,3.56364106199874e-15,1.000000000000001,32,9.992007221626409e-16,5.02275342940024e-15,3.1856807064166695e-15,2.7548415182697055e-15,3.709314572662467e-15
1,early,M_A,M_C,same_depth_closing,ridge_linear,False,2.49221653503345e-06,2.5755967671213495e-06,2.591069740211422e-06,1.0000362678380885,32,3.6266520366257105e-05,,,,
1,early,M_A,M_C,same_depth_closing,low_rank_residual,False,2.03908550477747e-06,2.123323337058196e-06,2.129862428279466e-06,1.0000363344024406,32,3.6333082299666586e-05,,,,
1,early,M_A,M_C,same_depth_closing,whitened_cca,False,4.203139640910901e-15,4.3285474304335826e-15,4.3143762155348915e-15,1.0000000000000286,32,2.853273173286652e-14,,,,
1,early,M_C,M_A,same_depth_closing,orthogonal_procrustes,True,3.551912222942939e-15,3.551977276745266e-15,3.56364106199874e-15,1.000000000000001,32,9.992007221626409e-16,5.02275342940024e-15,3.1856807064166695e-15,2.7548415182697055e-15,3.709314572662467e-15
1,early,M_C,M_A,same_depth_closing,ridge_linear,False,2.49221653503345e-06,2.5755967671213495e-06,2.591069740211422e-06,1.0000362678380885,32,3.6266520366257105e-05,,,,
1,early,M_C,M_A,same_depth_closing,low_rank_residual,False,2.03908550477747e-06,2.123323337058196e-06,2.129862428279466e-06,1.0000363344024406,32,3.6333082299666586e-05,,,,
1,early,M_C,M_A,same_depth_closing,whitened_cca,False,4.203139640910901e-15,4.3285474304335826e-15,4.3143762155348915e-15,1.0000000000000286,32,2.853273173286652e-14,,,,
1,early,M_B,M_C,same_depth_closing,orthogonal_procrustes,True,3.551912222942939e-15,3.551977276745266e-15,3.56364106199874e-15,1.000000000000001,32,9.992007221626409e-16,5.02275342940024e-15,3.1856807064166695e-15,2.7548415182697055e-15,3.709314572662467e-15
1,early,M_B,M_C,same_depth_closing,ridge_linear,False,2.49221653503345e-06,2.5755967671213495e-06,2.591069740211422e-06,1.0000362678380885,32,3.6266520366257105e-05,,,,
1,early,M_B,M_C,same_depth_closing,low_rank_residual,False,2.03908550477747e-06,2.123323337058196e-06,2.129862428279466e-06,1.0000363344024406,32,3.6333082299666586e-05,,,,
1,early,M_B,M_C,same_depth_closing,whitened_cca,False,4.203139640910901e-15,4.3285474304335826e-15,4.3143762155348915e-15,1.0000000000000286,32,2.853273173286652e-14,,,,
1,early,M_C,M_B,same_depth_closing,orthogonal_procrustes,True,3.551912222942939e-15,3.551977276745266e-15,3.56364106199874e-15,1.000000000000001,32,9.992007221626409e-16,5.02275342940024e-15,3.1856807064166695e-15,2.7548415182697055e-15,3.709314572662467e-15
1,early,M_C,M_B,same_depth_closing,ridge_linear,False,2.49221653503345e-06,2.5755967671213495e-06,2.591069740211422e-06,1.0000362678380885,32,3.6266520366257105e-05,,,,
1,early,M_C,M_B,same_depth_closing,low_rank_residual,False,2.03908550477747e-06,2.123323337058196e-06,2.129862428279466e-06,1.0000363344024406,32,3.6333082299666586e-05,,,,
1,early,M_C,M_B,same_depth_closing,whitened_cca,False,4.203139640910901e-15,4.3285474304335826e-15,4.3143762155348915e-15,1.0000000000000286,32,2.853273173286652e-14,,,,
1,mid,M0,M_A,forward_lineage,orthogonal_procrustes,True,1.3108991934751398e-15,1.3138191023365668e-15,1.3066713386351156e-15,1.000000000000002,32,1.887379141862766e-15,2.5963004898715615e-15,1.953131175753424e-15,1.6521804583295382e-15,2.4316470949937646e-15
1,mid,M0,M_A,forward_lineage,ridge_linear,False,1.1359775102048955e-06,1.1965523350029867e-06,1.1948701134939577e-06,1.0000043286636007,32,4.328644106377233e-06,,,,
1,mid,M0,M_A,forward_lineage,low_rank_residual,False,7.94774761579686e-07,8.613124127229335e-07,8.593821630403717e-07,1.0000045035491316,32,4.50352884973082e-06,,,,
1,mid,M0,M_A,forward_lineage,whitened_cca,False,4.2926285757921615e-15,4.410441426927964e-15,4.394972387277734e-15,1.0000000000000038,32,3.774758283725532e-15,,,,
1,mid,M_A,M0,reverse_lineage,orthogonal_procrustes,True,1.3108991934751398e-15,1.3138191023365668e-15,1.3066713386351156e-15,1.000000000000002,32,1.887379141862766e-15,2.5963004898715615e-15,1.953131175753424e-15,1.6521804583295382e-15,2.4316470949937646e-15
1,mid,M_A,M0,reverse_lineage,ridge_linear,False,1.1359775102048955e-06,1.1965523350029867e-06,1.1948701134939577e-06,1.0000043286636007,32,4.328644106377233e-06,,,,
1,mid,M_A,M0,reverse_lineage,low_rank_residual,False,7.94774761579686e-07,8.613124127229335e-07,8.593821630403717e-07,1.0000045035491316,32,4.50352884973082e-06,,,,
1,mid,M_A,M0,reverse_lineage,whitened_cca,False,4.2926285757921615e-15,4.410441426927964e-15,4.394972387277734e-15,1.0000000000000038,32,3.774758283725532e-15,,,,
1,mid,M0,M_B,forward_lineage,orthogonal_procrustes,True,1.3108991934751398e-15,1.3138191023365668e-15,1.3066713386351156e-15,1.000000000000002,32,1.887379141862766e-15,2.5963004898715615e-15,1.953131175753424e-15,1.6521804583295382e-15,2.4316470949937646e-15
1,mid,M0,M_B,forward_lineage,ridge_linear,False,1.1359775102048955e-06,1.1965523350029867e-06,1.1948701134939577e-06,1.0000043286636007,32,4.328644106377233e-06,,,,
1,mid,M0,M_B,forward_lineage,low_rank_residual,False,7.94774761579686e-07,8.613124127229335e-07,8.593821630403717e-07,1.0000045035491316,32,4.50352884973082e-06,,,,
1,mid,M0,M_B,forward_lineage,whitened_cca,False,4.2926285757921615e-15,4.410441426927964e-15,4.394972387277734e-15,1.0000000000000038,32,3.774758283725532e-15,,,,
1,mid,M_B,M0,reverse_lineage,orthogonal_procrustes,True,1.3108991934751398e-15,1.3138191023365668e-15,1.3066713386351156e-15,1.000000000000002,32,1.887379141862766e-15,2.5963004898715615e-15,1.953131175753424e-15,1.6521804583295382e-15,2.4316470949937646e-15
1,mid,M_B,M0,reverse_lineage,ridge_linear,False,1.1359775102048955e-06,1.1965523350029867e-06,1.1948701134939577e-06,1.0000043286636007,32,4.328644106377233e-06,,,,
1,mid,M_B,M0,reverse_lineage,low_rank_residual,False,7.94774761579686e-07,8.613124127229335e-07,8.593821630403717e-07,1.0000045035491316,32,4.50352884973082e-06,,,,
1,mid,M_B,M0,reverse_lineage,whitened_cca,False,4.2926285757921615e-15,4.410441426927964e-15,4.394972387277734e-15,1.0000000000000038,32,3.774758283725532e-15,,,,
1,mid,M0,M_C,forward_lineage,orthogonal_procrustes,True,1.3108991934751398e-15,1.3138191023365668e-15,1.3066713386351156e-15,1.000000000000002,32,1.887379141862766e-15,2.5963004898715615e-15,1.953131175753424e-15,1.6521804583295382e-15,2.4316470949937646e-15
1,mid,M0,M_C,forward_lineage,ridge_linear,False,1.1359775102048955e-06,1.1965523350029867e-06,1.1948701134939577e-06,1.0000043286636007,32,4.328644106377233e-06,,,,
1,mid,M0,M_C,forward_lineage,low_rank_residual,False,7.94774761579686e-07,8.613124127229335e-07,8.593821630403717e-07,1.0000045035491316,32,4.50352884973082e-06,,,,
1,mid,M0,M_C,forward_lineage,whitened_cca,False,4.2926285757921615e-15,4.410441426927964e-15,4.394972387277734e-15,1.0000000000000038,32,3.774758283725532e-15,,,,
1,mid,M_C,M0,reverse_lineage,orthogonal_procrustes,True,1.3108991934751398e-15,1.3138191023365668e-15,1.3066713386351156e-15,1.000000000000002,32,1.887379141862766e-15,2.5963004898715615e-15,1.953131175753424e-15,1.6521804583295382e-15,2.4316470949937646e-15
1,mid,M_C,M0,reverse_lineage,ridge_linear,False,1.1359775102048955e-06,1.1965523350029867e-06,1.1948701134939577e-06,1.0000043286636007,32,4.328644106377233e-06,,,,
1,mid,M_C,M0,reverse_lineage,low_rank_residual,False,7.94774761579686e-07,8.613124127229335e-07,8.593821630403717e-07,1.0000045035491316,32,4.50352884973082e-06,,,,
1,mid,M_C,M0,reverse_lineage,whitened_cca,False,4.2926285757921615e-15,4.410441426927964e-15,4.394972387277734e-15,1.0000000000000038,32,3.774758283725532e-15,,,,
1,mid,M_A,M_AB,forward_lineage,orthogonal_procrustes,True,1.3108991934751398e-15,1.3138191023365668e-15,1.3066713386351156e-15,1.000000000000002,32,1.887379141862766e-15,2.5963004898715615e-15,1.953131175753424e-15,1.6521804583295382e-15,2.4316470949937646e-15
1,mid,M_A,M_AB,forward_lineage,ridge_linear,False,1.1359775102048955e-06,1.1965523350029867e-06,1.1948701134939577e-06,1.0000043286636007,32,4.328644106377233e-06,,,,
1,mid,M_A,M_AB,forward_lineage,low_rank_residual,False,7.94774761579686e-07,8.613124127229335e-07,8.593821630403717e-07,1.0000045035491316,32,4.50352884973082e-06,,,,
1,mid,M_A,M_AB,forward_lineage,whitened_cca,False,4.2926285757921615e-15,4.410441426927964e-15,4.394972387277734e-15,1.0000000000000038,32,3.774758283725532e-15,,,,
1,mid,M_AB,M_A,reverse_lineage,orthogonal_procrustes,True,1.3108991934751398e-15,1.3138191023365668e-15,1.3066713386351156e-15,1.000000000000002,32,1.887379141862766e-15,2.5963004898715615e-15,1.953131175753424e-15,1.6521804583295382e-15,2.4316470949937646e-15
1,mid,M_AB,M_A,reverse_lineage,ridge_linear,False,1.1359775102048955e-06,1.1965523350029867e-06,1.1948701134939577e-06,1.0000043286636007,32,4.328644106377233e-06,,,,
1,mid,M_AB,M_A,reverse_lineage,low_rank_residual,False,7.94774761579686e-07,8.613124127229335e-07,8.593821630403717e-07,1.0000045035491316,32,4.50352884973082e-06,,,,
1,mid,M_AB,M_A,reverse_lineage,whitened_cca,False,4.2926285757921615e-15,4.410441426927964e-15,4.394972387277734e-15,1.0000000000000038,32,3.774758283725532e-15,,,,
1,mid,M_A,M_AC,forward_lineage,orthogonal_procrustes,True,1.3108991934751398e-15,1.3138191023365668e-15,1.3066713386351156e-15,1.000000000000002,32,1.887379141862766e-15,2.5963004898715615e-15,1.953131175753424e-15,1.6521804583295382e-15,2.4316470949937646e-15
1,mid,M_A,M_AC,forward_lineage,ridge_linear,False,1.1359775102048955e-06,1.1965523350029867e-06,1.1948701134939577e-06,1.0000043286636007,32,4.328644106377233e-06,,,,
1,mid,M_A,M_AC,forward_lineage,low_rank_residual,False,7.94774761579686e-07,8.613124127229335e-07,8.593821630403717e-07,1.0000045035491316,32,4.50352884973082e-06,,,,
1,mid,M_A,M_AC,forward_lineage,whitened_cca,False,4.2926285757921615e-15,4.410441426927964e-15,4.394972387277734e-15,1.0000000000000038,32,3.774758283725532e-15,,,,
1,mid,M_AC,M_A,reverse_lineage,orthogonal_procrustes,True,1.3108991934751398e-15,1.3138191023365668e-15,1.3066713386351156e-15,1.000000000000002,32,1.887379141862766e-15,2.5963004898715615e-15,1.953131175753424e-15,1.6521804583295382e-15,2.4316470949937646e-15
1,mid,M_AC,M_A,reverse_lineage,ridge_linear,False,1.1359775102048955e-06,1.1965523350029867e-06,1.1948701134939577e-06,1.0000043286636007,32,4.328644106377233e-06,,,,
1,mid,M_AC,M_A,reverse_lineage,low_rank_residual,False,7.94774761579686e-07,8.613124127229335e-07,8.593821630403717e-07,1.0000045035491316,32,4.50352884973082e-06,,,,
1,mid,M_AC,M_A,reverse_lineage,whitened_cca,False,4.2926285757921615e-15,4.410441426927964e-15,4.394972387277734e-15,1.0000000000000038,32,3.774758283725532e-15,,,,
1,mid,M_B,M_BA,forward_lineage,orthogonal_procrustes,True,1.3108991934751398e-15,1.3138191023365668e-15,1.3066713386351156e-15,1.000000000000002,32,1.887379141862766e-15,2.5963004898715615e-15,1.953131175753424e-15,1.6521804583295382e-15,2.4316470949937646e-15
1,mid,M_B,M_BA,forward_lineage,ridge_linear,False,1.1359775102048955e-06,1.1965523350029867e-06,1.1948701134939577e-06,1.0000043286636007,32,4.328644106377233e-06,,,,
1,mid,M_B,M_BA,forward_lineage,low_rank_residual,False,7.94774761579686e-07,8.613124127229335e-07,8.593821630403717e-07,1.0000045035491316,32,4.50352884973082e-06,,,,
1,mid,M_B,M_BA,forward_lineage,whitened_cca,False,4.2926285757921615e-15,4.410441426927964e-15,4.394972387277734e-15,1.0000000000000038,32,3.774758283725532e-15,,,,
1,mid,M_BA,M_B,reverse_lineage,orthogonal_procrustes,True,1.3108991934751398e-15,1.3138191023365668e-15,1.3066713386351156e-15,1.000000000000002,32,1.887379141862766e-15,2.5963004898715615e-15,1.953131175753424e-15,1.6521804583295382e-15,2.4316470949937646e-15
1,mid,M_BA,M_B,reverse_lineage,ridge_linear,False,1.1359775102048955e-06,1.1965523350029867e-06,1.1948701134939577e-06,1.0000043286636007,32,4.328644106377233e-06,,,,
1,mid,M_BA,M_B,reverse_lineage,low_rank_residual,False,7.94774761579686e-07,8.613124127229335e-07,8.593821630403717e-07,1.0000045035491316,32,4.50352884973082e-06,,,,
1,mid,M_BA,M_B,reverse_lineage,whitened_cca,False,4.2926285757921615e-15,4.410441426927964e-15,4.394972387277734e-15,1.0000000000000038,32,3.774758283725532e-15,,,,
1,mid,M_B,M_BC,forward_lineage,orthogonal_procrustes,True,1.3108991934751398e-15,1.3138191023365668e-15,1.3066713386351156e-15,1.000000000000002,32,1.887379141862766e-15,2.5963004898715615e-15,1.953131175753424e-15,1.6521804583295382e-15,2.4316470949937646e-15
1,mid,M_B,M_BC,forward_lineage,ridge_linear,False,1.1359775102048955e-06,1.1965523350029867e-06,1.1948701134939577e-06,1.0000043286636007,32,4.328644106377233e-06,,,,
1,mid,M_B,M_BC,forward_lineage,low_rank_residual,False,7.94774761579686e-07,8.613124127229335e-07,8.593821630403717e-07,1.0000045035491316,32,4.50352884973082e-06,,,,
1,mid,M_B,M_BC,forward_lineage,whitened_cca,False,4.2926285757921615e-15,4.410441426927964e-15,4.394972387277734e-15,1.0000000000000038,32,3.774758283725532e-15,,,,
1,mid,M_BC,M_B,reverse_lineage,orthogonal_procrustes,True,1.3108991934751398e-15,1.3138191023365668e-15,1.3066713386351156e-15,1.000000000000002,32,1.887379141862766e-15,2.5963004898715615e-15,1.953131175753424e-15,1.6521804583295382e-15,2.4316470949937646e-15
1,mid,M_BC,M_B,reverse_lineage,ridge_linear,False,1.1359775102048955e-06,1.1965523350029867e-06,1.1948701134939577e-06,1.0000043286636007,32,4.328644106377233e-06,,,,
1,mid,M_BC,M_B,reverse_lineage,low_rank_residual,False,7.94774761579686e-07,8.613124127229335e-07,8.593821630403717e-07,1.0000045035491316,32,4.50352884973082e-06,,,,
1,mid,M_BC,M_B,reverse_lineage,whitened_cca,False,4.2926285757921615e-15,4.410441426927964e-15,4.394972387277734e-15,1.0000000000000038,32,3.774758283725532e-15,,,,
1,mid,M_C,M_CA,forward_lineage,orthogonal_procrustes,True,1.3108991934751398e-15,1.3138191023365668e-15,1.3066713386351156e-15,1.000000000000002,32,1.887379141862766e-15,2.5963004898715615e-15,1.953131175753424e-15,1.6521804583295382e-15,2.4316470949937646e-15
1,mid,M_C,M_CA,forward_lineage,ridge_linear,False,1.1359775102048955e-06,1.1965523350029867e-06,1.1948701134939577e-06,1.0000043286636007,32,4.328644106377233e-06,,,,
1,mid,M_C,M_CA,forward_lineage,low_rank_residual,False,7.94774761579686e-07,8.613124127229335e-07,8.593821630403717e-07,1.0000045035491316,32,4.50352884973082e-06,,,,
1,mid,M_C,M_CA,forward_lineage,whitened_cca,False,4.2926285757921615e-15,4.410441426927964e-15,4.394972387277734e-15,1.0000000000000038,32,3.774758283725532e-15,,,,
1,mid,M_CA,M_C,reverse_lineage,orthogonal_procrustes,True,1.3108991934751398e-15,1.3138191023365668e-15,1.3066713386351156e-15,1.000000000000002,32,1.887379141862766e-15,2.5963004898715615e-15,1.953131175753424e-15,1.6521804583295382e-15,2.4316470949937646e-15
1,mid,M_CA,M_C,reverse_lineage,ridge_linear,False,1.1359775102048955e-06,1.1965523350029867e-06,1.1948701134939577e-06,1.0000043286636007,32,4.328644106377233e-06,,,,
1,mid,M_CA,M_C,reverse_lineage,low_rank_residual,False,7.94774761579686e-07,8.613124127229335e-07,8.593821630403717e-07,1.0000045035491316,32,4.50352884973082e-06,,,,
1,mid,M_CA,M_C,reverse_lineage,whitened_cca,False,4.2926285757921615e-15,4.410441426927964e-15,4.394972387277734e-15,1.0000000000000038,32,3.774758283725532e-15,,,,
1,mid,M_C,M_CB,forward_lineage,orthogonal_procrustes,True,1.3108991934751398e-15,1.3138191023365668e-15,1.3066713386351156e-15,1.000000000000002,32,1.887379141862766e-15,2.5963004898715615e-15,1.953131175753424e-15,1.6521804583295382e-15,2.4316470949937646e-15
1,mid,M_C,M_CB,forward_lineage,ridge_linear,False,1.1359775102048955e-06,1.1965523350029867e-06,1.1948701134939577e-06,1.0000043286636007,32,4.328644106377233e-06,,,,
1,mid,M_C,M_CB,forward_lineage,low_rank_residual,False,7.94774761579686e-07,8.613124127229335e-07,8.593821630403717e-07,1.0000045035491316,32,4.50352884973082e-06,,,,
1,mid,M_C,M_CB,forward_lineage,whitened_cca,False,4.2926285757921615e-15,4.410441426927964e-15,4.394972387277734e-15,1.0000000000000038,32,3.774758283725532e-15,,,,
1,mid,M_CB,M_C,reverse_lineage,orthogonal_procrustes,True,1.3108991934751398e-15,1.3138191023365668e-15,1.3066713386351156e-15,1.000000000000002,32,1.887379141862766e-15,2.5963004898715615e-15,1.953131175753424e-15,1.6521804583295382e-15,2.4316470949937646e-15
1,mid,M_CB,M_C,reverse_lineage,ridge_linear,False,1.1359775102048955e-06,1.1965523350029867e-06,1.1948701134939577e-06,1.0000043286636007,32,4.328644106377233e-06,,,,
1,mid,M_CB,M_C,reverse_lineage,low_rank_residual,False,7.94774761579686e-07,8.613124127229335e-07,8.593821630403717e-07,1.0000045035491316,32,4.50352884973082e-06,,,,
1,mid,M_CB,M_C,reverse_lineage,whitened_cca,False,4.2926285757921615e-15,4.410441426927964e-15,4.394972387277734e-15,1.0000000000000038,32,3.774758283725532e-15,,,,
1,mid,M_AB,M_ABC,forward_lineage,orthogonal_procrustes,True,1.3108991934751398e-15,1.3138191023365668e-15,1.3066713386351156e-15,1.000000000000002,32,1.887379141862766e-15,2.5963004898715615e-15,1.953131175753424e-15,1.6521804583295382e-15,2.4316470949937646e-15
1,mid,M_AB,M_ABC,forward_lineage,ridge_linear,False,1.1359775102048955e-06,1.1965523350029867e-06,1.1948701134939577e-06,1.0000043286636007,32,4.328644106377233e-06,,,,
1,mid,M_AB,M_ABC,forward_lineage,low_rank_residual,False,7.94774761579686e-07,8.613124127229335e-07,8.593821630403717e-07,1.0000045035491316,32,4.50352884973082e-06,,,,
1,mid,M_AB,M_ABC,forward_lineage,whitened_cca,False,4.2926285757921615e-15,4.410441426927964e-15,4.394972387277734e-15,1.0000000000000038,32,3.774758283725532e-15,,,,
1,mid,M_ABC,M_AB,reverse_lineage,orthogonal_procrustes,True,1.3108991934751398e-15,1.3138191023365668e-15,1.3066713386351156e-15,1.000000000000002,32,1.887379141862766e-15,2.5963004898715615e-15,1.953131175753424e-15,1.6521804583295382e-15,2.4316470949937646e-15
1,mid,M_ABC,M_AB,reverse_lineage,ridge_linear,False,1.1359775102048955e-06,1.1965523350029867e-06,1.1948701134939577e-06,1.0000043286636007,32,4.328644106377233e-06,,,,
1,mid,M_ABC,M_AB,reverse_lineage,low_rank_residual,False,7.94774761579686e-07,8.613124127229335e-07,8.593821630403717e-07,1.0000045035491316,32,4.50352884973082e-06,,,,
1,mid,M_ABC,M_AB,reverse_lineage,whitened_cca,False,4.2926285757921615e-15,4.410441426927964e-15,4.394972387277734e-15,1.0000000000000038,32,3.774758283725532e-15,,,,
1,mid,M_AC,M_ACB,forward_lineage,orthogonal_procrustes,True,1.3108991934751398e-15,1.3138191023365668e-15,1.3066713386351156e-15,1.000000000000002,32,1.887379141862766e-15,2.5963004898715615e-15,1.953131175753424e-15,1.6521804583295382e-15,2.4316470949937646e-15
1,mid,M_AC,M_ACB,forward_lineage,ridge_linear,False,1.1359775102048955e-06,1.1965523350029867e-06,1.1948701134939577e-06,1.0000043286636007,32,4.328644106377233e-06,,,,
1,mid,M_AC,M_ACB,forward_lineage,low_rank_residual,False,7.94774761579686e-07,8.613124127229335e-07,8.593821630403717e-07,1.0000045035491316,32,4.50352884973082e-06,,,,
1,mid,M_AC,M_ACB,forward_lineage,whitened_cca,False,4.2926285757921615e-15,4.410441426927964e-15,4.394972387277734e-15,1.0000000000000038,32,3.774758283725532e-15,,,,
1,mid,M_ACB,M_AC,reverse_lineage,orthogonal_procrustes,True,1.3108991934751398e-15,1.3138191023365668e-15,1.3066713386351156e-15,1.000000000000002,32,1.887379141862766e-15,2.5963004898715615e-15,1.953131175753424e-15,1.6521804583295382e-15,2.4316470949937646e-15
1,mid,M_ACB,M_AC,reverse_lineage,ridge_linear,False,1.1359775102048955e-06,1.1965523350029867e-06,1.1948701134939577e-06,1.0000043286636007,32,4.328644106377233e-06,,,,
1,mid,M_ACB,M_AC,reverse_lineage,low_rank_residual,False,7.94774761579686e-07,8.613124127229335e-07,8.593821630403717e-07,1.0000045035491316,32,4.50352884973082e-06,,,,
1,mid,M_ACB,M_AC,reverse_lineage,whitened_cca,False,4.2926285757921615e-15,4.410441426927964e-15,4.394972387277734e-15,1.0000000000000038,32,3.774758283725532e-15,,,,
1,mid,M_BA,M_BAC,forward_lineage,orthogonal_procrustes,True,1.3108991934751398e-15,1.3138191023365668e-15,1.3066713386351156e-15,1.000000000000002,32,1.887379141862766e-15,2.5963004898715615e-15,1.953131175753424e-15,1.6521804583295382e-15,2.4316470949937646e-15
1,mid,M_BA,M_BAC,forward_lineage,ridge_linear,False,1.1359775102048955e-06,1.1965523350029867e-06,1.1948701134939577e-06,1.0000043286636007,32,4.328644106377233e-06,,,,
1,mid,M_BA,M_BAC,forward_lineage,low_rank_residual,False,7.94774761579686e-07,8.613124127229335e-07,8.593821630403717e-07,1.0000045035491316,32,4.50352884973082e-06,,,,
1,mid,M_BA,M_BAC,forward_lineage,whitened_cca,False,4.2926285757921615e-15,4.410441426927964e-15,4.394972387277734e-15,1.0000000000000038,32,3.774758283725532e-15,,,,
1,mid,M_BAC,M_BA,reverse_lineage,orthogonal_procrustes,True,1.3108991934751398e-15,1.3138191023365668e-15,1.3066713386351156e-15,1.000000000000002,32,1.887379141862766e-15,2.5963004898715615e-15,1.953131175753424e-15,1.6521804583295382e-15,2.4316470949937646e-15
1,mid,M_BAC,M_BA,reverse_lineage,ridge_linear,False,1.1359775102048955e-06,1.1965523350029867e-06,1.1948701134939577e-06,1.0000043286636007,32,4.328644106377233e-06,,,,
1,mid,M_BAC,M_BA,reverse_lineage,low_rank_residual,False,7.94774761579686e-07,8.613124127229335e-07,8.593821630403717e-07,1.0000045035491316,32,4.50352884973082e-06,,,,
1,mid,M_BAC,M_BA,reverse_lineage,whitened_cca,False,4.2926285757921615e-15,4.410441426927964e-15,4.394972387277734e-15,1.0000000000000038,32,3.774758283725532e-15,,,,
1,mid,M_BC,M_BCA,forward_lineage,orthogonal_procrustes,True,1.3108991934751398e-15,1.3138191023365668e-15,1.3066713386351156e-15,1.000000000000002,32,1.887379141862766e-15,2.5963004898715615e-15,1.953131175753424e-15,1.6521804583295382e-15,2.4316470949937646e-15
1,mid,M_BC,M_BCA,forward_lineage,ridge_linear,False,1.1359775102048955e-06,1.1965523350029867e-06,1.1948701134939577e-06,1.0000043286636007,32,4.328644106377233e-06,,,,
1,mid,M_BC,M_BCA,forward_lineage,low_rank_residual,False,7.94774761579686e-07,8.613124127229335e-07,8.593821630403717e-07,1.0000045035491316,32,4.50352884973082e-06,,,,
1,mid,M_BC,M_BCA,forward_lineage,whitened_cca,False,4.2926285757921615e-15,4.410441426927964e-15,4.394972387277734e-15,1.0000000000000038,32,3.774758283725532e-15,,,,
1,mid,M_BCA,M_BC,reverse_lineage,orthogonal_procrustes,True,1.3108991934751398e-15,1.3138191023365668e-15,1.3066713386351156e-15,1.000000000000002,32,1.887379141862766e-15,2.5963004898715615e-15,1.953131175753424e-15,1.6521804583295382e-15,2.4316470949937646e-15
1,mid,M_BCA,M_BC,reverse_lineage,ridge_linear,False,1.1359775102048955e-06,1.1965523350029867e-06,1.1948701134939577e-06,1.0000043286636007,32,4.328644106377233e-06,,,,
1,mid,M_BCA,M_BC,reverse_lineage,low_rank_residual,False,7.94774761579686e-07,8.613124127229335e-07,8.593821630403717e-07,1.0000045035491316,32,4.50352884973082e-06,,,,
1,mid,M_BCA,M_BC,reverse_lineage,whitened_cca,False,4.2926285757921615e-15,4.410441426927964e-15,4.394972387277734e-15,1.0000000000000038,32,3.774758283725532e-15,,,,
1,mid,M_CA,M_CAB,forward_lineage,orthogonal_procrustes,True,1.3108991934751398e-15,1.3138191023365668e-15,1.3066713386351156e-15,1.000000000000002,32,1.887379141862766e-15,2.5963004898715615e-15,1.953131175753424e-15,1.6521804583295382e-15,2.4316470949937646e-15
1,mid,M_CA,M_CAB,forward_lineage,ridge_linear,False,1.1359775102048955e-06,1.1965523350029867e-06,1.1948701134939577e-06,1.0000043286636007,32,4.328644106377233e-06,,,,
1,mid,M_CA,M_CAB,forward_lineage,low_rank_residual,False,7.94774761579686e-07,8.613124127229335e-07,8.593821630403717e-07,1.0000045035491316,32,4.50352884973082e-06,,,,
1,mid,M_CA,M_CAB,forward_lineage,whitened_cca,False,4.2926285757921615e-15,4.410441426927964e-15,4.394972387277734e-15,1.0000000000000038,32,3.774758283725532e-15,,,,
1,mid,M_CAB,M_CA,reverse_lineage,orthogonal_procrustes,True,1.3108991934751398e-15,1.3138191023365668e-15,1.3066713386351156e-15,1.000000000000002,32,1.887379141862766e-15,2.5963004898715615e-15,1.953131175753424e-15,1.6521804583295382e-15,2.4316470949937646e-15
1,mid,M_CAB,M_CA,reverse_lineage,ridge_linear,False,1.1359775102048955e-06,1.1965523350029867e-06,1.1948701134939577e-06,1.0000043286636007,32,4.328644106377233e-06,,,,
1,mid,M_CAB,M_CA,reverse_lineage,low_rank_residual,False,7.94774761579686e-07,8.613124127229335e-07,8.593821630403717e-07,1.0000045035491316,32,4.50352884973082e-06,,,,
1,mid,M_CAB,M_CA,reverse_lineage,whitened_cca,False,4.2926285757921615e-15,4.410441426927964e-15,4.394972387277734e-15,1.0000000000000038,32,3.774758283725532e-15,,,,
1,mid,M_CB,M_CBA,forward_lineage,orthogonal_procrustes,True,1.3108991934751398e-15,1.3138191023365668e-15,1.3066713386351156e-15,1.000000000000002,32,1.887379141862766e-15,2.5963004898715615e-15,1.953131175753424e-15,1.6521804583295382e-15,2.4316470949937646e-15
1,mid,M_CB,M_CBA,forward_lineage,ridge_linear,False,1.1359775102048955e-06,1.1965523350029867e-06,1.1948701134939577e-06,1.0000043286636007,32,4.328644106377233e-06,,,,
1,mid,M_CB,M_CBA,forward_lineage,low_rank_residual,False,7.94774761579686e-07,8.613124127229335e-07,8.593821630403717e-07,1.0000045035491316,32,4.50352884973082e-06,,,,
1,mid,M_CB,M_CBA,forward_lineage,whitened_cca,False,4.2926285757921615e-15,4.410441426927964e-15,4.394972387277734e-15,1.0000000000000038,32,3.774758283725532e-15,,,,
1,mid,M_CBA,M_CB,reverse_lineage,orthogonal_procrustes,True,1.3108991934751398e-15,1.3138191023365668e-15,1.3066713386351156e-15,1.000000000000002,32,1.887379141862766e-15,2.5963004898715615e-15,1.953131175753424e-15,1.6521804583295382e-15,2.4316470949937646e-15
1,mid,M_CBA,M_CB,reverse_lineage,ridge_linear,False,1.1359775102048955e-06,1.1965523350029867e-06,1.1948701134939577e-06,1.0000043286636007,32,4.328644106377233e-06,,,,
1,mid,M_CBA,M_CB,reverse_lineage,low_rank_residual,False,7.94774761579686e-07,8.613124127229335e-07,8.593821630403717e-07,1.0000045035491316,32,4.50352884973082e-06,,,,
1,mid,M_CBA,M_CB,reverse_lineage,whitened_cca,False,4.2926285757921615e-15,4.410441426927964e-15,4.394972387277734e-15,1.0000000000000038,32,3.774758283725532e-15,,,,
1,mid,M_AB,M_B,loop_closing,orthogonal_procrustes,True,1.3108991934751398e-15,1.3138191023365668e-15,1.3066713386351156e-15,1.000000000000002,32,1.887379141862766e-15,2.5963004898715615e-15,1.953131175753424e-15,1.6521804583295382e-15,2.4316470949937646e-15
1,mid,M_AB,M_B,loop_closing,ridge_linear,False,1.1359775102048955e-06,1.1965523350029867e-06,1.1948701134939577e-06,1.0000043286636007,32,4.328644106377233e-06,,,,
1,mid,M_AB,M_B,loop_closing,low_rank_residual,False,7.94774761579686e-07,8.613124127229335e-07,8.593821630403717e-07,1.0000045035491316,32,4.50352884973082e-06,,,,
1,mid,M_AB,M_B,loop_closing,whitened_cca,False,4.2926285757921615e-15,4.410441426927964e-15,4.394972387277734e-15,1.0000000000000038,32,3.774758283725532e-15,,,,
1,mid,M_B,M_AB,loop_closing,orthogonal_procrustes,True,1.3108991934751398e-15,1.3138191023365668e-15,1.3066713386351156e-15,1.000000000000002,32,1.887379141862766e-15,2.5963004898715615e-15,1.953131175753424e-15,1.6521804583295382e-15,2.4316470949937646e-15
1,mid,M_B,M_AB,loop_closing,ridge_linear,False,1.1359775102048955e-06,1.1965523350029867e-06,1.1948701134939577e-06,1.0000043286636007,32,4.328644106377233e-06,,,,
1,mid,M_B,M_AB,loop_closing,low_rank_residual,False,7.94774761579686e-07,8.613124127229335e-07,8.593821630403717e-07,1.0000045035491316,32,4.50352884973082e-06,,,,
1,mid,M_B,M_AB,loop_closing,whitened_cca,False,4.2926285757921615e-15,4.410441426927964e-15,4.394972387277734e-15,1.0000000000000038,32,3.774758283725532e-15,,,,
1,mid,M_AC,M_C,loop_closing,orthogonal_procrustes,True,1.3108991934751398e-15,1.3138191023365668e-15,1.3066713386351156e-15,1.000000000000002,32,1.887379141862766e-15,2.5963004898715615e-15,1.953131175753424e-15,1.6521804583295382e-15,2.4316470949937646e-15
1,mid,M_AC,M_C,loop_closing,ridge_linear,False,1.1359775102048955e-06,1.1965523350029867e-06,1.1948701134939577e-06,1.0000043286636007,32,4.328644106377233e-06,,,,
1,mid,M_AC,M_C,loop_closing,low_rank_residual,False,7.94774761579686e-07,8.613124127229335e-07,8.593821630403717e-07,1.0000045035491316,32,4.50352884973082e-06,,,,
1,mid,M_AC,M_C,loop_closing,whitened_cca,False,4.2926285757921615e-15,4.410441426927964e-15,4.394972387277734e-15,1.0000000000000038,32,3.774758283725532e-15,,,,
1,mid,M_C,M_AC,loop_closing,orthogonal_procrustes,True,1.3108991934751398e-15,1.3138191023365668e-15,1.3066713386351156e-15,1.000000000000002,32,1.887379141862766e-15,2.5963004898715615e-15,1.953131175753424e-15,1.6521804583295382e-15,2.4316470949937646e-15
1,mid,M_C,M_AC,loop_closing,ridge_linear,False,1.1359775102048955e-06,1.1965523350029867e-06,1.1948701134939577e-06,1.0000043286636007,32,4.328644106377233e-06,,,,
1,mid,M_C,M_AC,loop_closing,low_rank_residual,False,7.94774761579686e-07,8.613124127229335e-07,8.593821630403717e-07,1.0000045035491316,32,4.50352884973082e-06,,,,
1,mid,M_C,M_AC,loop_closing,whitened_cca,False,4.2926285757921615e-15,4.410441426927964e-15,4.394972387277734e-15,1.0000000000000038,32,3.774758283725532e-15,,,,
1,mid,M_BC,M_C,loop_closing,orthogonal_procrustes,True,1.3108991934751398e-15,1.3138191023365668e-15,1.3066713386351156e-15,1.000000000000002,32,1.887379141862766e-15,2.5963004898715615e-15,1.953131175753424e-15,1.6521804583295382e-15,2.4316470949937646e-15
1,mid,M_BC,M_C,loop_closing,ridge_linear,False,1.1359775102048955e-06,1.1965523350029867e-06,1.1948701134939577e-06,1.0000043286636007,32,4.328644106377233e-06,,,,
1,mid,M_BC,M_C,loop_closing,low_rank_residual,False,7.94774761579686e-07,8.613124127229335e-07,8.593821630403717e-07,1.0000045035491316,32,4.50352884973082e-06,,,,
1,mid,M_BC,M_C,loop_closing,whitened_cca,False,4.2926285757921615e-15,4.410441426927964e-15,4.394972387277734e-15,1.0000000000000038,32,3.774758283725532e-15,,,,
1,mid,M_C,M_BC,loop_closing,orthogonal_procrustes,True,1.3108991934751398e-15,1.3138191023365668e-15,1.3066713386351156e-15,1.000000000000002,32,1.887379141862766e-15,2.5963004898715615e-15,1.953131175753424e-15,1.6521804583295382e-15,2.4316470949937646e-15
1,mid,M_C,M_BC,loop_closing,ridge_linear,False,1.1359775102048955e-06,1.1965523350029867e-06,1.1948701134939577e-06,1.0000043286636007,32,4.328644106377233e-06,,,,
1,mid,M_C,M_BC,loop_closing,low_rank_residual,False,7.94774761579686e-07,8.613124127229335e-07,8.593821630403717e-07,1.0000045035491316,32,4.50352884973082e-06,,,,
1,mid,M_C,M_BC,loop_closing,whitened_cca,False,4.2926285757921615e-15,4.410441426927964e-15,4.394972387277734e-15,1.0000000000000038,32,3.774758283725532e-15,,,,
1,mid,M_ABC,M_BAC,same_depth_closing,orthogonal_procrustes,True,1.3108991934751398e-15,1.3138191023365668e-15,1.3066713386351156e-15,1.000000000000002,32,1.887379141862766e-15,2.5963004898715615e-15,1.953131175753424e-15,1.6521804583295382e-15,2.4316470949937646e-15
1,mid,M_ABC,M_BAC,same_depth_closing,ridge_linear,False,1.1359775102048955e-06,1.1965523350029867e-06,1.1948701134939577e-06,1.0000043286636007,32,4.328644106377233e-06,,,,
1,mid,M_ABC,M_BAC,same_depth_closing,low_rank_residual,False,7.94774761579686e-07,8.613124127229335e-07,8.593821630403717e-07,1.0000045035491316,32,4.50352884973082e-06,,,,
1,mid,M_ABC,M_BAC,same_depth_closing,whitened_cca,False,4.2926285757921615e-15,4.410441426927964e-15,4.394972387277734e-15,1.0000000000000038,32,3.774758283725532e-15,,,,
1,mid,M_BAC,M_ABC,same_depth_closing,orthogonal_procrustes,True,1.3108991934751398e-15,1.3138191023365668e-15,1.3066713386351156e-15,1.000000000000002,32,1.887379141862766e-15,2.5963004898715615e-15,1.953131175753424e-15,1.6521804583295382e-15,2.4316470949937646e-15
1,mid,M_BAC,M_ABC,same_depth_closing,ridge_linear,False,1.1359775102048955e-06,1.1965523350029867e-06,1.1948701134939577e-06,1.0000043286636007,32,4.328644106377233e-06,,,,
1,mid,M_BAC,M_ABC,same_depth_closing,low_rank_residual,False,7.94774761579686e-07,8.613124127229335e-07,8.593821630403717e-07,1.0000045035491316,32,4.50352884973082e-06,,,,
1,mid,M_BAC,M_ABC,same_depth_closing,whitened_cca,False,4.2926285757921615e-15,4.410441426927964e-15,4.394972387277734e-15,1.0000000000000038,32,3.774758283725532e-15,,,,
1,mid,M_ABC,M_ACB,same_depth_closing,orthogonal_procrustes,True,1.3108991934751398e-15,1.3138191023365668e-15,1.3066713386351156e-15,1.000000000000002,32,1.887379141862766e-15,2.5963004898715615e-15,1.953131175753424e-15,1.6521804583295382e-15,2.4316470949937646e-15
1,mid,M_ABC,M_ACB,same_depth_closing,ridge_linear,False,1.1359775102048955e-06,1.1965523350029867e-06,1.1948701134939577e-06,1.0000043286636007,32,4.328644106377233e-06,,,,
1,mid,M_ABC,M_ACB,same_depth_closing,low_rank_residual,False,7.94774761579686e-07,8.613124127229335e-07,8.593821630403717e-07,1.0000045035491316,32,4.50352884973082e-06,,,,
1,mid,M_ABC,M_ACB,same_depth_closing,whitened_cca,False,4.2926285757921615e-15,4.410441426927964e-15,4.394972387277734e-15,1.0000000000000038,32,3.774758283725532e-15,,,,
1,mid,M_ACB,M_ABC,same_depth_closing,orthogonal_procrustes,True,1.3108991934751398e-15,1.3138191023365668e-15,1.3066713386351156e-15,1.000000000000002,32,1.887379141862766e-15,2.5963004898715615e-15,1.953131175753424e-15,1.6521804583295382e-15,2.4316470949937646e-15
1,mid,M_ACB,M_ABC,same_depth_closing,ridge_linear,False,1.1359775102048955e-06,1.1965523350029867e-06,1.1948701134939577e-06,1.0000043286636007,32,4.328644106377233e-06,,,,
1,mid,M_ACB,M_ABC,same_depth_closing,low_rank_residual,False,7.94774761579686e-07,8.613124127229335e-07,8.593821630403717e-07,1.0000045035491316,32,4.50352884973082e-06,,,,
1,mid,M_ACB,M_ABC,same_depth_closing,whitened_cca,False,4.2926285757921615e-15,4.410441426927964e-15,4.394972387277734e-15,1.0000000000000038,32,3.774758283725532e-15,,,,
1,mid,M_ACB,M_CAB,same_depth_closing,orthogonal_procrustes,True,1.3108991934751398e-15,1.3138191023365668e-15,1.3066713386351156e-15,1.000000000000002,32,1.887379141862766e-15,2.5963004898715615e-15,1.953131175753424e-15,1.6521804583295382e-15,2.4316470949937646e-15
1,mid,M_ACB,M_CAB,same_depth_closing,ridge_linear,False,1.1359775102048955e-06,1.1965523350029867e-06,1.1948701134939577e-06,1.0000043286636007,32,4.328644106377233e-06,,,,
1,mid,M_ACB,M_CAB,same_depth_closing,low_rank_residual,False,7.94774761579686e-07,8.613124127229335e-07,8.593821630403717e-07,1.0000045035491316,32,4.50352884973082e-06,,,,
1,mid,M_ACB,M_CAB,same_depth_closing,whitened_cca,False,4.2926285757921615e-15,4.410441426927964e-15,4.394972387277734e-15,1.0000000000000038,32,3.774758283725532e-15,,,,
1,mid,M_CAB,M_ACB,same_depth_closing,orthogonal_procrustes,True,1.3108991934751398e-15,1.3138191023365668e-15,1.3066713386351156e-15,1.000000000000002,32,1.887379141862766e-15,2.5963004898715615e-15,1.953131175753424e-15,1.6521804583295382e-15,2.4316470949937646e-15
1,mid,M_CAB,M_ACB,same_depth_closing,ridge_linear,False,1.1359775102048955e-06,1.1965523350029867e-06,1.1948701134939577e-06,1.0000043286636007,32,4.328644106377233e-06,,,,
1,mid,M_CAB,M_ACB,same_depth_closing,low_rank_residual,False,7.94774761579686e-07,8.613124127229335e-07,8.593821630403717e-07,1.0000045035491316,32,4.50352884973082e-06,,,,
1,mid,M_CAB,M_ACB,same_depth_closing,whitened_cca,False,4.2926285757921615e-15,4.410441426927964e-15,4.394972387277734e-15,1.0000000000000038,32,3.774758283725532e-15,,,,
1,mid,M_BAC,M_BCA,same_depth_closing,orthogonal_procrustes,True,1.3108991934751398e-15,1.3138191023365668e-15,1.3066713386351156e-15,1.000000000000002,32,1.887379141862766e-15,2.5963004898715615e-15,1.953131175753424e-15,1.6521804583295382e-15,2.4316470949937646e-15
1,mid,M_BAC,M_BCA,same_depth_closing,ridge_linear,False,1.1359775102048955e-06,1.1965523350029867e-06,1.1948701134939577e-06,1.0000043286636007,32,4.328644106377233e-06,,,,
1,mid,M_BAC,M_BCA,same_depth_closing,low_rank_residual,False,7.94774761579686e-07,8.613124127229335e-07,8.593821630403717e-07,1.0000045035491316,32,4.50352884973082e-06,,,,
1,mid,M_BAC,M_BCA,same_depth_closing,whitened_cca,False,4.2926285757921615e-15,4.410441426927964e-15,4.394972387277734e-15,1.0000000000000038,32,3.774758283725532e-15,,,,
1,mid,M_BCA,M_BAC,same_depth_closing,orthogonal_procrustes,True,1.3108991934751398e-15,1.3138191023365668e-15,1.3066713386351156e-15,1.000000000000002,32,1.887379141862766e-15,2.5963004898715615e-15,1.953131175753424e-15,1.6521804583295382e-15,2.4316470949937646e-15
1,mid,M_BCA,M_BAC,same_depth_closing,ridge_linear,False,1.1359775102048955e-06,1.1965523350029867e-06,1.1948701134939577e-06,1.0000043286636007,32,4.328644106377233e-06,,,,
1,mid,M_BCA,M_BAC,same_depth_closing,low_rank_residual,False,7.94774761579686e-07,8.613124127229335e-07,8.593821630403717e-07,1.0000045035491316,32,4.50352884973082e-06,,,,
1,mid,M_BCA,M_BAC,same_depth_closing,whitened_cca,False,4.2926285757921615e-15,4.410441426927964e-15,4.394972387277734e-15,1.0000000000000038,32,3.774758283725532e-15,,,,
1,mid,M_BCA,M_CBA,same_depth_closing,orthogonal_procrustes,True,1.3108991934751398e-15,1.3138191023365668e-15,1.3066713386351156e-15,1.000000000000002,32,1.887379141862766e-15,2.5963004898715615e-15,1.953131175753424e-15,1.6521804583295382e-15,2.4316470949937646e-15
1,mid,M_BCA,M_CBA,same_depth_closing,ridge_linear,False,1.1359775102048955e-06,1.1965523350029867e-06,1.1948701134939577e-06,1.0000043286636007,32,4.328644106377233e-06,,,,
1,mid,M_BCA,M_CBA,same_depth_closing,low_rank_residual,False,7.94774761579686e-07,8.613124127229335e-07,8.593821630403717e-07,1.0000045035491316,32,4.50352884973082e-06,,,,
1,mid,M_BCA,M_CBA,same_depth_closing,whitened_cca,False,4.2926285757921615e-15,4.410441426927964e-15,4.394972387277734e-15,1.0000000000000038,32,3.774758283725532e-15,,,,
1,mid,M_CBA,M_BCA,same_depth_closing,orthogonal_procrustes,True,1.3108991934751398e-15,1.3138191023365668e-15,1.3066713386351156e-15,1.000000000000002,32,1.887379141862766e-15,2.5963004898715615e-15,1.953131175753424e-15,1.6521804583295382e-15,2.4316470949937646e-15
1,mid,M_CBA,M_BCA,same_depth_closing,ridge_linear,False,1.1359775102048955e-06,1.1965523350029867e-06,1.1948701134939577e-06,1.0000043286636007,32,4.328644106377233e-06,,,,
1,mid,M_CBA,M_BCA,same_depth_closing,low_rank_residual,False,7.94774761579686e-07,8.613124127229335e-07,8.593821630403717e-07,1.0000045035491316,32,4.50352884973082e-06,,,,
1,mid,M_CBA,M_BCA,same_depth_closing,whitened_cca,False,4.2926285757921615e-15,4.410441426927964e-15,4.394972387277734e-15,1.0000000000000038,32,3.774758283725532e-15,,,,
1,mid,M_CAB,M_CBA,same_depth_closing,orthogonal_procrustes,True,1.3108991934751398e-15,1.3138191023365668e-15,1.3066713386351156e-15,1.000000000000002,32,1.887379141862766e-15,2.5963004898715615e-15,1.953131175753424e-15,1.6521804583295382e-15,2.4316470949937646e-15
1,mid,M_CAB,M_CBA,same_depth_closing,ridge_linear,False,1.1359775102048955e-06,1.1965523350029867e-06,1.1948701134939577e-06,1.0000043286636007,32,4.328644106377233e-06,,,,
1,mid,M_CAB,M_CBA,same_depth_closing,low_rank_residual,False,7.94774761579686e-07,8.613124127229335e-07,8.593821630403717e-07,1.0000045035491316,32,4.50352884973082e-06,,,,
1,mid,M_CAB,M_CBA,same_depth_closing,whitened_cca,False,4.2926285757921615e-15,4.410441426927964e-15,4.394972387277734e-15,1.0000000000000038,32,3.774758283725532e-15,,,,
1,mid,M_CBA,M_CAB,same_depth_closing,orthogonal_procrustes,True,1.3108991934751398e-15,1.3138191023365668e-15,1.3066713386351156e-15,1.000000000000002,32,1.887379141862766e-15,2.5963004898715615e-15,1.953131175753424e-15,1.6521804583295382e-15,2.4316470949937646e-15
1,mid,M_CBA,M_CAB,same_depth_closing,ridge_linear,False,1.1359775102048955e-06,1.1965523350029867e-06,1.1948701134939577e-06,1.0000043286636007,32,4.328644106377233e-06,,,,
1,mid,M_CBA,M_CAB,same_depth_closing,low_rank_residual,False,7.94774761579686e-07,8.613124127229335e-07,8.593821630403717e-07,1.0000045035491316,32,4.50352884973082e-06,,,,
1,mid,M_CBA,M_CAB,same_depth_closing,whitened_cca,False,4.2926285757921615e-15,4.410441426927964e-15,4.394972387277734e-15,1.0000000000000038,32,3.774758283725532e-15,,,,
1,mid,M_AB,M_BA,same_depth_closing,orthogonal_procrustes,True,1.3108991934751398e-15,1.3138191023365668e-15,1.3066713386351156e-15,1.000000000000002,32,1.887379141862766e-15,2.5963004898715615e-15,1.953131175753424e-15,1.6521804583295382e-15,2.4316470949937646e-15
1,mid,M_AB,M_BA,same_depth_closing,ridge_linear,False,1.1359775102048955e-06,1.1965523350029867e-06,1.1948701134939577e-06,1.0000043286636007,32,4.328644106377233e-06,,,,
1,mid,M_AB,M_BA,same_depth_closing,low_rank_residual,False,7.94774761579686e-07,8.613124127229335e-07,8.593821630403717e-07,1.0000045035491316,32,4.50352884973082e-06,,,,
1,mid,M_AB,M_BA,same_depth_closing,whitened_cca,False,4.2926285757921615e-15,4.410441426927964e-15,4.394972387277734e-15,1.0000000000000038,32,3.774758283725532e-15,,,,
1,mid,M_BA,M_AB,same_depth_closing,orthogonal_procrustes,True,1.3108991934751398e-15,1.3138191023365668e-15,1.3066713386351156e-15,1.000000000000002,32,1.887379141862766e-15,2.5963004898715615e-15,1.953131175753424e-15,1.6521804583295382e-15,2.4316470949937646e-15
1,mid,M_BA,M_AB,same_depth_closing,ridge_linear,False,1.1359775102048955e-06,1.1965523350029867e-06,1.1948701134939577e-06,1.0000043286636007,32,4.328644106377233e-06,,,,
1,mid,M_BA,M_AB,same_depth_closing,low_rank_residual,False,7.94774761579686e-07,8.613124127229335e-07,8.593821630403717e-07,1.0000045035491316,32,4.50352884973082e-06,,,,
1,mid,M_BA,M_AB,same_depth_closing,whitened_cca,False,4.2926285757921615e-15,4.410441426927964e-15,4.394972387277734e-15,1.0000000000000038,32,3.774758283725532e-15,,,,
1,mid,M_AC,M_CA,same_depth_closing,orthogonal_procrustes,True,1.3108991934751398e-15,1.3138191023365668e-15,1.3066713386351156e-15,1.000000000000002,32,1.887379141862766e-15,2.5963004898715615e-15,1.953131175753424e-15,1.6521804583295382e-15,2.4316470949937646e-15
1,mid,M_AC,M_CA,same_depth_closing,ridge_linear,False,1.1359775102048955e-06,1.1965523350029867e-06,1.1948701134939577e-06,1.0000043286636007,32,4.328644106377233e-06,,,,
1,mid,M_AC,M_CA,same_depth_closing,low_rank_residual,False,7.94774761579686e-07,8.613124127229335e-07,8.593821630403717e-07,1.0000045035491316,32,4.50352884973082e-06,,,,
1,mid,M_AC,M_CA,same_depth_closing,whitened_cca,False,4.2926285757921615e-15,4.410441426927964e-15,4.394972387277734e-15,1.0000000000000038,32,3.774758283725532e-15,,,,
1,mid,M_CA,M_AC,same_depth_closing,orthogonal_procrustes,True,1.3108991934751398e-15,1.3138191023365668e-15,1.3066713386351156e-15,1.000000000000002,32,1.887379141862766e-15,2.5963004898715615e-15,1.953131175753424e-15,1.6521804583295382e-15,2.4316470949937646e-15
1,mid,M_CA,M_AC,same_depth_closing,ridge_linear,False,1.1359775102048955e-06,1.1965523350029867e-06,1.1948701134939577e-06,1.0000043286636007,32,4.328644106377233e-06,,,,
1,mid,M_CA,M_AC,same_depth_closing,low_rank_residual,False,7.94774761579686e-07,8.613124127229335e-07,8.593821630403717e-07,1.0000045035491316,32,4.50352884973082e-06,,,,
1,mid,M_CA,M_AC,same_depth_closing,whitened_cca,False,4.2926285757921615e-15,4.410441426927964e-15,4.394972387277734e-15,1.0000000000000038,32,3.774758283725532e-15,,,,
1,mid,M_BC,M_CB,same_depth_closing,orthogonal_procrustes,True,1.3108991934751398e-15,1.3138191023365668e-15,1.3066713386351156e-15,1.000000000000002,32,1.887379141862766e-15,2.5963004898715615e-15,1.953131175753424e-15,1.6521804583295382e-15,2.4316470949937646e-15
1,mid,M_BC,M_CB,same_depth_closing,ridge_linear,False,1.1359775102048955e-06,1.1965523350029867e-06,1.1948701134939577e-06,1.0000043286636007,32,4.328644106377233e-06,,,,
1,mid,M_BC,M_CB,same_depth_closing,low_rank_residual,False,7.94774761579686e-07,8.613124127229335e-07,8.593821630403717e-07,1.0000045035491316,32,4.50352884973082e-06,,,,
1,mid,M_BC,M_CB,same_depth_closing,whitened_cca,False,4.2926285757921615e-15,4.410441426927964e-15,4.394972387277734e-15,1.0000000000000038,32,3.774758283725532e-15,,,,
1,mid,M_CB,M_BC,same_depth_closing,orthogonal_procrustes,True,1.3108991934751398e-15,1.3138191023365668e-15,1.3066713386351156e-15,1.000000000000002,32,1.887379141862766e-15,2.5963004898715615e-15,1.953131175753424e-15,1.6521804583295382e-15,2.4316470949937646e-15
1,mid,M_CB,M_BC,same_depth_closing,ridge_linear,False,1.1359775102048955e-06,1.1965523350029867e-06,1.1948701134939577e-06,1.0000043286636007,32,4.328644106377233e-06,,,,
1,mid,M_CB,M_BC,same_depth_closing,low_rank_residual,False,7.94774761579686e-07,8.613124127229335e-07,8.593821630403717e-07,1.0000045035491316,32,4.50352884973082e-06,,,,
1,mid,M_CB,M_BC,same_depth_closing,whitened_cca,False,4.2926285757921615e-15,4.410441426927964e-15,4.394972387277734e-15,1.0000000000000038,32,3.774758283725532e-15,,,,
1,mid,M_A,M_B,same_depth_closing,orthogonal_procrustes,True,1.3108991934751398e-15,1.3138191023365668e-15,1.3066713386351156e-15,1.000000000000002,32,1.887379141862766e-15,2.5963004898715615e-15,1.953131175753424e-15,1.6521804583295382e-15,2.4316470949937646e-15
1,mid,M_A,M_B,same_depth_closing,ridge_linear,False,1.1359775102048955e-06,1.1965523350029867e-06,1.1948701134939577e-06,1.0000043286636007,32,4.328644106377233e-06,,,,
1,mid,M_A,M_B,same_depth_closing,low_rank_residual,False,7.94774761579686e-07,8.613124127229335e-07,8.593821630403717e-07,1.0000045035491316,32,4.50352884973082e-06,,,,
1,mid,M_A,M_B,same_depth_closing,whitened_cca,False,4.2926285757921615e-15,4.410441426927964e-15,4.394972387277734e-15,1.0000000000000038,32,3.774758283725532e-15,,,,
1,mid,M_B,M_A,same_depth_closing,orthogonal_procrustes,True,1.3108991934751398e-15,1.3138191023365668e-15,1.3066713386351156e-15,1.000000000000002,32,1.887379141862766e-15,2.5963004898715615e-15,1.953131175753424e-15,1.6521804583295382e-15,2.4316470949937646e-15
1,mid,M_B,M_A,same_depth_closing,ridge_linear,False,1.1359775102048955e-06,1.1965523350029867e-06,1.1948701134939577e-06,1.0000043286636007,32,4.328644106377233e-06,,,,
1,mid,M_B,M_A,same_depth_closing,low_rank_residual,False,7.94774761579686e-07,8.613124127229335e-07,8.593821630403717e-07,1.0000045035491316,32,4.50352884973082e-06,,,,
1,mid,M_B,M_A,same_depth_closing,whitened_cca,False,4.2926285757921615e-15,4.410441426927964e-15,4.394972387277734e-15,1.0000000000000038,32,3.774758283725532e-15,,,,
1,mid,M_A,M_C,same_depth_closing,orthogonal_procrustes,True,1.3108991934751398e-15,1.3138191023365668e-15,1.3066713386351156e-15,1.000000000000002,32,1.887379141862766e-15,2.5963004898715615e-15,1.953131175753424e-15,1.6521804583295382e-15,2.4316470949937646e-15
1,mid,M_A,M_C,same_depth_closing,ridge_linear,False,1.1359775102048955e-06,1.1965523350029867e-06,1.1948701134939577e-06,1.0000043286636007,32,4.328644106377233e-06,,,,
1,mid,M_A,M_C,same_depth_closing,low_rank_residual,False,7.94774761579686e-07,8.613124127229335e-07,8.593821630403717e-07,1.0000045035491316,32,4.50352884973082e-06,,,,
1,mid,M_A,M_C,same_depth_closing,whitened_cca,False,4.2926285757921615e-15,4.410441426927964e-15,4.394972387277734e-15,1.0000000000000038,32,3.774758283725532e-15,,,,
1,mid,M_C,M_A,same_depth_closing,orthogonal_procrustes,True,1.3108991934751398e-15,1.3138191023365668e-15,1.3066713386351156e-15,1.000000000000002,32,1.887379141862766e-15,2.5963004898715615e-15,1.953131175753424e-15,1.6521804583295382e-15,2.4316470949937646e-15
1,mid,M_C,M_A,same_depth_closing,ridge_linear,False,1.1359775102048955e-06,1.1965523350029867e-06,1.1948701134939577e-06,1.0000043286636007,32,4.328644106377233e-06,,,,
1,mid,M_C,M_A,same_depth_closing,low_rank_residual,False,7.94774761579686e-07,8.613124127229335e-07,8.593821630403717e-07,1.0000045035491316,32,4.50352884973082e-06,,,,
1,mid,M_C,M_A,same_depth_closing,whitened_cca,False,4.2926285757921615e-15,4.410441426927964e-15,4.394972387277734e-15,1.0000000000000038,32,3.774758283725532e-15,,,,
1,mid,M_B,M_C,same_depth_closing,orthogonal_procrustes,True,1.3108991934751398e-15,1.3138191023365668e-15,1.3066713386351156e-15,1.000000000000002,32,1.887379141862766e-15,2.5963004898715615e-15,1.953131175753424e-15,1.6521804583295382e-15,2.4316470949937646e-15
1,mid,M_B,M_C,same_depth_closing,ridge_linear,False,1.1359775102048955e-06,1.1965523350029867e-06,1.1948701134939577e-06,1.0000043286636007,32,4.328644106377233e-06,,,,
1,mid,M_B,M_C,same_depth_closing,low_rank_residual,False,7.94774761579686e-07,8.613124127229335e-07,8.593821630403717e-07,1.0000045035491316,32,4.50352884973082e-06,,,,
1,mid,M_B,M_C,same_depth_closing,whitened_cca,False,4.2926285757921615e-15,4.410441426927964e-15,4.394972387277734e-15,1.0000000000000038,32,3.774758283725532e-15,,,,
1,mid,M_C,M_B,same_depth_closing,orthogonal_procrustes,True,1.3108991934751398e-15,1.3138191023365668e-15,1.3066713386351156e-15,1.000000000000002,32,1.887379141862766e-15,2.5963004898715615e-15,1.953131175753424e-15,1.6521804583295382e-15,2.4316470949937646e-15
1,mid,M_C,M_B,same_depth_closing,ridge_linear,False,1.1359775102048955e-06,1.1965523350029867e-06,1.1948701134939577e-06,1.0000043286636007,32,4.328644106377233e-06,,,,
1,mid,M_C,M_B,same_depth_closing,low_rank_residual,False,7.94774761579686e-07,8.613124127229335e-07,8.593821630403717e-07,1.0000045035491316,32,4.50352884973082e-06,,,,
1,mid,M_C,M_B,same_depth_closing,whitened_cca,False,4.2926285757921615e-15,4.410441426927964e-15,4.394972387277734e-15,1.0000000000000038,32,3.774758283725532e-15,,,,
1,late,M0,M_A,forward_lineage,orthogonal_procrustes,True,1.9872152554625214e-15,1.9767284851002902e-15,1.9555563551800966e-15,1.0000000000000016,64,1.4432899320127035e-15,3.8878469334186305e-15,2.653708445921772e-15,2.472411723720867e-15,2.9109401677475334e-15
1,late,M0,M_A,forward_lineage,ridge_linear,False,1.3467285894102018e-06,1.5251375501185923e-06,1.5152073154524933e-06,1.0000058464331478,64,5.846398160147537e-06,,,,
1,late,M0,M_A,forward_lineage,low_rank_residual,False,7.192713518165806e-07,9.04929809796661e-07,8.998169528687578e-07,1.0000059844927325,64,5.984456918572967e-06,,,,
1,late,M0,M_A,forward_lineage,whitened_cca,False,4.718003972515272e-15,4.878145526153779e-15,4.820433724197847e-15,1.0000000000000036,64,3.552713678800501e-15,,,,
1,late,M_A,M0,reverse_lineage,orthogonal_procrustes,True,1.9872152554625214e-15,1.9767284851002902e-15,1.9555563551800966e-15,1.0000000000000016,64,1.4432899320127035e-15,3.8878469334186305e-15,2.653708445921772e-15,2.472411723720867e-15,2.9109401677475334e-15
1,late,M_A,M0,reverse_lineage,ridge_linear,False,1.3467285894102018e-06,1.5251375501185923e-06,1.5152073154524933e-06,1.0000058464331478,64,5.846398160147537e-06,,,,
1,late,M_A,M0,reverse_lineage,low_rank_residual,False,7.192713518165806e-07,9.04929809796661e-07,8.998169528687578e-07,1.0000059844927325,64,5.984456918572967e-06,,,,
1,late,M_A,M0,reverse_lineage,whitened_cca,False,4.718003972515272e-15,4.878145526153779e-15,4.820433724197847e-15,1.0000000000000036,64,3.552713678800501e-15,,,,
1,late,M0,M_B,forward_lineage,orthogonal_procrustes,True,1.9872152554625214e-15,1.9767284851002902e-15,1.9555563551800966e-15,1.0000000000000016,64,1.4432899320127035e-15,3.8878469334186305e-15,2.653708445921772e-15,2.472411723720867e-15,2.9109401677475334e-15
1,late,M0,M_B,forward_lineage,ridge_linear,False,1.3467285894102018e-06,1.5251375501185923e-06,1.5152073154524933e-06,1.0000058464331478,64,5.846398160147537e-06,,,,
1,late,M0,M_B,forward_lineage,low_rank_residual,False,7.192713518165806e-07,9.04929809796661e-07,8.998169528687578e-07,1.0000059844927325,64,5.984456918572967e-06,,,,
1,late,M0,M_B,forward_lineage,whitened_cca,False,4.718003972515272e-15,4.878145526153779e-15,4.820433724197847e-15,1.0000000000000036,64,3.552713678800501e-15,,,,
1,late,M_B,M0,reverse_lineage,orthogonal_procrustes,True,1.9872152554625214e-15,1.9767284851002902e-15,1.9555563551800966e-15,1.0000000000000016,64,1.4432899320127035e-15,3.8878469334186305e-15,2.653708445921772e-15,2.472411723720867e-15,2.9109401677475334e-15
1,late,M_B,M0,reverse_lineage,ridge_linear,False,1.3467285894102018e-06,1.5251375501185923e-06,1.5152073154524933e-06,1.0000058464331478,64,5.846398160147537e-06,,,,
1,late,M_B,M0,reverse_lineage,low_rank_residual,False,7.192713518165806e-07,9.04929809796661e-07,8.998169528687578e-07,1.0000059844927325,64,5.984456918572967e-06,,,,
1,late,M_B,M0,reverse_lineage,whitened_cca,False,4.718003972515272e-15,4.878145526153779e-15,4.820433724197847e-15,1.0000000000000036,64,3.552713678800501e-15,,,,
1,late,M0,M_C,forward_lineage,orthogonal_procrustes,True,1.9872152554625214e-15,1.9767284851002902e-15,1.9555563551800966e-15,1.0000000000000016,64,1.4432899320127035e-15,3.8878469334186305e-15,2.653708445921772e-15,2.472411723720867e-15,2.9109401677475334e-15
1,late,M0,M_C,forward_lineage,ridge_linear,False,1.3467285894102018e-06,1.5251375501185923e-06,1.5152073154524933e-06,1.0000058464331478,64,5.846398160147537e-06,,,,
1,late,M0,M_C,forward_lineage,low_rank_residual,False,7.192713518165806e-07,9.04929809796661e-07,8.998169528687578e-07,1.0000059844927325,64,5.984456918572967e-06,,,,
1,late,M0,M_C,forward_lineage,whitened_cca,False,4.718003972515272e-15,4.878145526153779e-15,4.820433724197847e-15,1.0000000000000036,64,3.552713678800501e-15,,,,
1,late,M_C,M0,reverse_lineage,orthogonal_procrustes,True,1.9872152554625214e-15,1.9767284851002902e-15,1.9555563551800966e-15,1.0000000000000016,64,1.4432899320127035e-15,3.8878469334186305e-15,2.653708445921772e-15,2.472411723720867e-15,2.9109401677475334e-15
1,late,M_C,M0,reverse_lineage,ridge_linear,False,1.3467285894102018e-06,1.5251375501185923e-06,1.5152073154524933e-06,1.0000058464331478,64,5.846398160147537e-06,,,,
1,late,M_C,M0,reverse_lineage,low_rank_residual,False,7.192713518165806e-07,9.04929809796661e-07,8.998169528687578e-07,1.0000059844927325,64,5.984456918572967e-06,,,,
1,late,M_C,M0,reverse_lineage,whitened_cca,False,4.718003972515272e-15,4.878145526153779e-15,4.820433724197847e-15,1.0000000000000036,64,3.552713678800501e-15,,,,
1,late,M_A,M_AB,forward_lineage,orthogonal_procrustes,True,1.9872152554625214e-15,1.9767284851002902e-15,1.9555563551800966e-15,1.0000000000000016,64,1.4432899320127035e-15,3.8878469334186305e-15,2.653708445921772e-15,2.472411723720867e-15,2.9109401677475334e-15
1,late,M_A,M_AB,forward_lineage,ridge_linear,False,1.3467285894102018e-06,1.5251375501185923e-06,1.5152073154524933e-06,1.0000058464331478,64,5.846398160147537e-06,,,,
1,late,M_A,M_AB,forward_lineage,low_rank_residual,False,7.192713518165806e-07,9.04929809796661e-07,8.998169528687578e-07,1.0000059844927325,64,5.984456918572967e-06,,,,
1,late,M_A,M_AB,forward_lineage,whitened_cca,False,4.718003972515272e-15,4.878145526153779e-15,4.820433724197847e-15,1.0000000000000036,64,3.552713678800501e-15,,,,
1,late,M_AB,M_A,reverse_lineage,orthogonal_procrustes,True,1.9872152554625214e-15,1.9767284851002902e-15,1.9555563551800966e-15,1.0000000000000016,64,1.4432899320127035e-15,3.8878469334186305e-15,2.653708445921772e-15,2.472411723720867e-15,2.9109401677475334e-15
1,late,M_AB,M_A,reverse_lineage,ridge_linear,False,1.3467285894102018e-06,1.5251375501185923e-06,1.5152073154524933e-06,1.0000058464331478,64,5.846398160147537e-06,,,,
1,late,M_AB,M_A,reverse_lineage,low_rank_residual,False,7.192713518165806e-07,9.04929809796661e-07,8.998169528687578e-07,1.0000059844927325,64,5.984456918572967e-06,,,,
1,late,M_AB,M_A,reverse_lineage,whitened_cca,False,4.718003972515272e-15,4.878145526153779e-15,4.820433724197847e-15,1.0000000000000036,64,3.552713678800501e-15,,,,
1,late,M_A,M_AC,forward_lineage,orthogonal_procrustes,True,1.9872152554625214e-15,1.9767284851002902e-15,1.9555563551800966e-15,1.0000000000000016,64,1.4432899320127035e-15,3.8878469334186305e-15,2.653708445921772e-15,2.472411723720867e-15,2.9109401677475334e-15
1,late,M_A,M_AC,forward_lineage,ridge_linear,False,1.3467285894102018e-06,1.5251375501185923e-06,1.5152073154524933e-06,1.0000058464331478,64,5.846398160147537e-06,,,,
1,late,M_A,M_AC,forward_lineage,low_rank_residual,False,7.192713518165806e-07,9.04929809796661e-07,8.998169528687578e-07,1.0000059844927325,64,5.984456918572967e-06,,,,
1,late,M_A,M_AC,forward_lineage,whitened_cca,False,4.718003972515272e-15,4.878145526153779e-15,4.820433724197847e-15,1.0000000000000036,64,3.552713678800501e-15,,,,
1,late,M_AC,M_A,reverse_lineage,orthogonal_procrustes,True,1.9872152554625214e-15,1.9767284851002902e-15,1.9555563551800966e-15,1.0000000000000016,64,1.4432899320127035e-15,3.8878469334186305e-15,2.653708445921772e-15,2.472411723720867e-15,2.9109401677475334e-15
1,late,M_AC,M_A,reverse_lineage,ridge_linear,False,1.3467285894102018e-06,1.5251375501185923e-06,1.5152073154524933e-06,1.0000058464331478,64,5.846398160147537e-06,,,,
1,late,M_AC,M_A,reverse_lineage,low_rank_residual,False,7.192713518165806e-07,9.04929809796661e-07,8.998169528687578e-07,1.0000059844927325,64,5.984456918572967e-06,,,,
1,late,M_AC,M_A,reverse_lineage,whitened_cca,False,4.718003972515272e-15,4.878145526153779e-15,4.820433724197847e-15,1.0000000000000036,64,3.552713678800501e-15,,,,
1,late,M_B,M_BA,forward_lineage,orthogonal_procrustes,True,1.9872152554625214e-15,1.9767284851002902e-15,1.9555563551800966e-15,1.0000000000000016,64,1.4432899320127035e-15,3.8878469334186305e-15,2.653708445921772e-15,2.472411723720867e-15,2.9109401677475334e-15
1,late,M_B,M_BA,forward_lineage,ridge_linear,False,1.3467285894102018e-06,1.5251375501185923e-06,1.5152073154524933e-06,1.0000058464331478,64,5.846398160147537e-06,,,,
1,late,M_B,M_BA,forward_lineage,low_rank_residual,False,7.192713518165806e-07,9.04929809796661e-07,8.998169528687578e-07,1.0000059844927325,64,5.984456918572967e-06,,,,
1,late,M_B,M_BA,forward_lineage,whitened_cca,False,4.718003972515272e-15,4.878145526153779e-15,4.820433724197847e-15,1.0000000000000036,64,3.552713678800501e-15,,,,
1,late,M_BA,M_B,reverse_lineage,orthogonal_procrustes,True,1.9872152554625214e-15,1.9767284851002902e-15,1.9555563551800966e-15,1.0000000000000016,64,1.4432899320127035e-15,3.8878469334186305e-15,2.653708445921772e-15,2.472411723720867e-15,2.9109401677475334e-15
1,late,M_BA,M_B,reverse_lineage,ridge_linear,False,1.3467285894102018e-06,1.5251375501185923e-06,1.5152073154524933e-06,1.0000058464331478,64,5.846398160147537e-06,,,,
1,late,M_BA,M_B,reverse_lineage,low_rank_residual,False,7.192713518165806e-07,9.04929809796661e-07,8.998169528687578e-07,1.0000059844927325,64,5.984456918572967e-06,,,,
1,late,M_BA,M_B,reverse_lineage,whitened_cca,False,4.718003972515272e-15,4.878145526153779e-15,4.820433724197847e-15,1.0000000000000036,64,3.552713678800501e-15,,,,
1,late,M_B,M_BC,forward_lineage,orthogonal_procrustes,True,1.9872152554625214e-15,1.9767284851002902e-15,1.9555563551800966e-15,1.0000000000000016,64,1.4432899320127035e-15,3.8878469334186305e-15,2.653708445921772e-15,2.472411723720867e-15,2.9109401677475334e-15
1,late,M_B,M_BC,forward_lineage,ridge_linear,False,1.3467285894102018e-06,1.5251375501185923e-06,1.5152073154524933e-06,1.0000058464331478,64,5.846398160147537e-06,,,,
1,late,M_B,M_BC,forward_lineage,low_rank_residual,False,7.192713518165806e-07,9.04929809796661e-07,8.998169528687578e-07,1.0000059844927325,64,5.984456918572967e-06,,,,
1,late,M_B,M_BC,forward_lineage,whitened_cca,False,4.718003972515272e-15,4.878145526153779e-15,4.820433724197847e-15,1.0000000000000036,64,3.552713678800501e-15,,,,
1,late,M_BC,M_B,reverse_lineage,orthogonal_procrustes,True,1.9872152554625214e-15,1.9767284851002902e-15,1.9555563551800966e-15,1.0000000000000016,64,1.4432899320127035e-15,3.8878469334186305e-15,2.653708445921772e-15,2.472411723720867e-15,2.9109401677475334e-15
1,late,M_BC,M_B,reverse_lineage,ridge_linear,False,1.3467285894102018e-06,1.5251375501185923e-06,1.5152073154524933e-06,1.0000058464331478,64,5.846398160147537e-06,,,,
1,late,M_BC,M_B,reverse_lineage,low_rank_residual,False,7.192713518165806e-07,9.04929809796661e-07,8.998169528687578e-07,1.0000059844927325,64,5.984456918572967e-06,,,,
1,late,M_BC,M_B,reverse_lineage,whitened_cca,False,4.718003972515272e-15,4.878145526153779e-15,4.820433724197847e-15,1.0000000000000036,64,3.552713678800501e-15,,,,
1,late,M_C,M_CA,forward_lineage,orthogonal_procrustes,True,1.9872152554625214e-15,1.9767284851002902e-15,1.9555563551800966e-15,1.0000000000000016,64,1.4432899320127035e-15,3.8878469334186305e-15,2.653708445921772e-15,2.472411723720867e-15,2.9109401677475334e-15
1,late,M_C,M_CA,forward_lineage,ridge_linear,False,1.3467285894102018e-06,1.5251375501185923e-06,1.5152073154524933e-06,1.0000058464331478,64,5.846398160147537e-06,,,,
1,late,M_C,M_CA,forward_lineage,low_rank_residual,False,7.192713518165806e-07,9.04929809796661e-07,8.998169528687578e-07,1.0000059844927325,64,5.984456918572967e-06,,,,
1,late,M_C,M_CA,forward_lineage,whitened_cca,False,4.718003972515272e-15,4.878145526153779e-15,4.820433724197847e-15,1.0000000000000036,64,3.552713678800501e-15,,,,
1,late,M_CA,M_C,reverse_lineage,orthogonal_procrustes,True,1.9872152554625214e-15,1.9767284851002902e-15,1.9555563551800966e-15,1.0000000000000016,64,1.4432899320127035e-15,3.8878469334186305e-15,2.653708445921772e-15,2.472411723720867e-15,2.9109401677475334e-15
1,late,M_CA,M_C,reverse_lineage,ridge_linear,False,1.3467285894102018e-06,1.5251375501185923e-06,1.5152073154524933e-06,1.0000058464331478,64,5.846398160147537e-06,,,,
1,late,M_CA,M_C,reverse_lineage,low_rank_residual,False,7.192713518165806e-07,9.04929809796661e-07,8.998169528687578e-07,1.0000059844927325,64,5.984456918572967e-06,,,,
1,late,M_CA,M_C,reverse_lineage,whitened_cca,False,4.718003972515272e-15,4.878145526153779e-15,4.820433724197847e-15,1.0000000000000036,64,3.552713678800501e-15,,,,
1,late,M_C,M_CB,forward_lineage,orthogonal_procrustes,True,1.9872152554625214e-15,1.9767284851002902e-15,1.9555563551800966e-15,1.0000000000000016,64,1.4432899320127035e-15,3.8878469334186305e-15,2.653708445921772e-15,2.472411723720867e-15,2.9109401677475334e-15
1,late,M_C,M_CB,forward_lineage,ridge_linear,False,1.3467285894102018e-06,1.5251375501185923e-06,1.5152073154524933e-06,1.0000058464331478,64,5.846398160147537e-06,,,,
1,late,M_C,M_CB,forward_lineage,low_rank_residual,False,7.192713518165806e-07,9.04929809796661e-07,8.998169528687578e-07,1.0000059844927325,64,5.984456918572967e-06,,,,
1,late,M_C,M_CB,forward_lineage,whitened_cca,False,4.718003972515272e-15,4.878145526153779e-15,4.820433724197847e-15,1.0000000000000036,64,3.552713678800501e-15,,,,
1,late,M_CB,M_C,reverse_lineage,orthogonal_procrustes,True,1.9872152554625214e-15,1.9767284851002902e-15,1.9555563551800966e-15,1.0000000000000016,64,1.4432899320127035e-15,3.8878469334186305e-15,2.653708445921772e-15,2.472411723720867e-15,2.9109401677475334e-15
1,late,M_CB,M_C,reverse_lineage,ridge_linear,False,1.3467285894102018e-06,1.5251375501185923e-06,1.5152073154524933e-06,1.0000058464331478,64,5.846398160147537e-06,,,,
1,late,M_CB,M_C,reverse_lineage,low_rank_residual,False,7.192713518165806e-07,9.04929809796661e-07,8.998169528687578e-07,1.0000059844927325,64,5.984456918572967e-06,,,,
1,late,M_CB,M_C,reverse_lineage,whitened_cca,False,4.718003972515272e-15,4.878145526153779e-15,4.820433724197847e-15,1.0000000000000036,64,3.552713678800501e-15,,,,
1,late,M_AB,M_ABC,forward_lineage,orthogonal_procrustes,True,1.9872152554625214e-15,1.9767284851002902e-15,1.9555563551800966e-15,1.0000000000000016,64,1.4432899320127035e-15,3.8878469334186305e-15,2.653708445921772e-15,2.472411723720867e-15,2.9109401677475334e-15
1,late,M_AB,M_ABC,forward_lineage,ridge_linear,False,1.3467285894102018e-06,1.5251375501185923e-06,1.5152073154524933e-06,1.0000058464331478,64,5.846398160147537e-06,,,,
1,late,M_AB,M_ABC,forward_lineage,low_rank_residual,False,7.192713518165806e-07,9.04929809796661e-07,8.998169528687578e-07,1.0000059844927325,64,5.984456918572967e-06,,,,
1,late,M_AB,M_ABC,forward_lineage,whitened_cca,False,4.718003972515272e-15,4.878145526153779e-15,4.820433724197847e-15,1.0000000000000036,64,3.552713678800501e-15,,,,
1,late,M_ABC,M_AB,reverse_lineage,orthogonal_procrustes,True,1.9872152554625214e-15,1.9767284851002902e-15,1.9555563551800966e-15,1.0000000000000016,64,1.4432899320127035e-15,3.8878469334186305e-15,2.653708445921772e-15,2.472411723720867e-15,2.9109401677475334e-15
1,late,M_ABC,M_AB,reverse_lineage,ridge_linear,False,1.3467285894102018e-06,1.5251375501185923e-06,1.5152073154524933e-06,1.0000058464331478,64,5.846398160147537e-06,,,,
1,late,M_ABC,M_AB,reverse_lineage,low_rank_residual,False,7.192713518165806e-07,9.04929809796661e-07,8.998169528687578e-07,1.0000059844927325,64,5.984456918572967e-06,,,,
1,late,M_ABC,M_AB,reverse_lineage,whitened_cca,False,4.718003972515272e-15,4.878145526153779e-15,4.820433724197847e-15,1.0000000000000036,64,3.552713678800501e-15,,,,
1,late,M_AC,M_ACB,forward_lineage,orthogonal_procrustes,True,1.9872152554625214e-15,1.9767284851002902e-15,1.9555563551800966e-15,1.0000000000000016,64,1.4432899320127035e-15,3.8878469334186305e-15,2.653708445921772e-15,2.472411723720867e-15,2.9109401677475334e-15
1,late,M_AC,M_ACB,forward_lineage,ridge_linear,False,1.3467285894102018e-06,1.5251375501185923e-06,1.5152073154524933e-06,1.0000058464331478,64,5.846398160147537e-06,,,,
1,late,M_AC,M_ACB,forward_lineage,low_rank_residual,False,7.192713518165806e-07,9.04929809796661e-07,8.998169528687578e-07,1.0000059844927325,64,5.984456918572967e-06,,,,
1,late,M_AC,M_ACB,forward_lineage,whitened_cca,False,4.718003972515272e-15,4.878145526153779e-15,4.820433724197847e-15,1.0000000000000036,64,3.552713678800501e-15,,,,
1,late,M_ACB,M_AC,reverse_lineage,orthogonal_procrustes,True,1.9872152554625214e-15,1.9767284851002902e-15,1.9555563551800966e-15,1.0000000000000016,64,1.4432899320127035e-15,3.8878469334186305e-15,2.653708445921772e-15,2.472411723720867e-15,2.9109401677475334e-15
1,late,M_ACB,M_AC,reverse_lineage,ridge_linear,False,1.3467285894102018e-06,1.5251375501185923e-06,1.5152073154524933e-06,1.0000058464331478,64,5.846398160147537e-06,,,,
1,late,M_ACB,M_AC,reverse_lineage,low_rank_residual,False,7.192713518165806e-07,9.04929809796661e-07,8.998169528687578e-07,1.0000059844927325,64,5.984456918572967e-06,,,,
1,late,M_ACB,M_AC,reverse_lineage,whitened_cca,False,4.718003972515272e-15,4.878145526153779e-15,4.820433724197847e-15,1.0000000000000036,64,3.552713678800501e-15,,,,
1,late,M_BA,M_BAC,forward_lineage,orthogonal_procrustes,True,1.9872152554625214e-15,1.9767284851002902e-15,1.9555563551800966e-15,1.0000000000000016,64,1.4432899320127035e-15,3.8878469334186305e-15,2.653708445921772e-15,2.472411723720867e-15,2.9109401677475334e-15
1,late,M_BA,M_BAC,forward_lineage,ridge_linear,False,1.3467285894102018e-06,1.5251375501185923e-06,1.5152073154524933e-06,1.0000058464331478,64,5.846398160147537e-06,,,,
1,late,M_BA,M_BAC,forward_lineage,low_rank_residual,False,7.192713518165806e-07,9.04929809796661e-07,8.998169528687578e-07,1.0000059844927325,64,5.984456918572967e-06,,,,
1,late,M_BA,M_BAC,forward_lineage,whitened_cca,False,4.718003972515272e-15,4.878145526153779e-15,4.820433724197847e-15,1.0000000000000036,64,3.552713678800501e-15,,,,
1,late,M_BAC,M_BA,reverse_lineage,orthogonal_procrustes,True,1.9872152554625214e-15,1.9767284851002902e-15,1.9555563551800966e-15,1.0000000000000016,64,1.4432899320127035e-15,3.8878469334186305e-15,2.653708445921772e-15,2.472411723720867e-15,2.9109401677475334e-15
1,late,M_BAC,M_BA,reverse_lineage,ridge_linear,False,1.3467285894102018e-06,1.5251375501185923e-06,1.5152073154524933e-06,1.0000058464331478,64,5.846398160147537e-06,,,,
1,late,M_BAC,M_BA,reverse_lineage,low_rank_residual,False,7.192713518165806e-07,9.04929809796661e-07,8.998169528687578e-07,1.0000059844927325,64,5.984456918572967e-06,,,,
1,late,M_BAC,M_BA,reverse_lineage,whitened_cca,False,4.718003972515272e-15,4.878145526153779e-15,4.820433724197847e-15,1.0000000000000036,64,3.552713678800501e-15,,,,
1,late,M_BC,M_BCA,forward_lineage,orthogonal_procrustes,True,1.9872152554625214e-15,1.9767284851002902e-15,1.9555563551800966e-15,1.0000000000000016,64,1.4432899320127035e-15,3.8878469334186305e-15,2.653708445921772e-15,2.472411723720867e-15,2.9109401677475334e-15
1,late,M_BC,M_BCA,forward_lineage,ridge_linear,False,1.3467285894102018e-06,1.5251375501185923e-06,1.5152073154524933e-06,1.0000058464331478,64,5.846398160147537e-06,,,,
1,late,M_BC,M_BCA,forward_lineage,low_rank_residual,False,7.192713518165806e-07,9.04929809796661e-07,8.998169528687578e-07,1.0000059844927325,64,5.984456918572967e-06,,,,
1,late,M_BC,M_BCA,forward_lineage,whitened_cca,False,4.718003972515272e-15,4.878145526153779e-15,4.820433724197847e-15,1.0000000000000036,64,3.552713678800501e-15,,,,
1,late,M_BCA,M_BC,reverse_lineage,orthogonal_procrustes,True,1.9872152554625214e-15,1.9767284851002902e-15,1.9555563551800966e-15,1.0000000000000016,64,1.4432899320127035e-15,3.8878469334186305e-15,2.653708445921772e-15,2.472411723720867e-15,2.9109401677475334e-15
1,late,M_BCA,M_BC,reverse_lineage,ridge_linear,False,1.3467285894102018e-06,1.5251375501185923e-06,1.5152073154524933e-06,1.0000058464331478,64,5.846398160147537e-06,,,,
1,late,M_BCA,M_BC,reverse_lineage,low_rank_residual,False,7.192713518165806e-07,9.04929809796661e-07,8.998169528687578e-07,1.0000059844927325,64,5.984456918572967e-06,,,,
1,late,M_BCA,M_BC,reverse_lineage,whitened_cca,False,4.718003972515272e-15,4.878145526153779e-15,4.820433724197847e-15,1.0000000000000036,64,3.552713678800501e-15,,,,
1,late,M_CA,M_CAB,forward_lineage,orthogonal_procrustes,True,1.9872152554625214e-15,1.9767284851002902e-15,1.9555563551800966e-15,1.0000000000000016,64,1.4432899320127035e-15,3.8878469334186305e-15,2.653708445921772e-15,2.472411723720867e-15,2.9109401677475334e-15
1,late,M_CA,M_CAB,forward_lineage,ridge_linear,False,1.3467285894102018e-06,1.5251375501185923e-06,1.5152073154524933e-06,1.0000058464331478,64,5.846398160147537e-06,,,,
1,late,M_CA,M_CAB,forward_lineage,low_rank_residual,False,7.192713518165806e-07,9.04929809796661e-07,8.998169528687578e-07,1.0000059844927325,64,5.984456918572967e-06,,,,
1,late,M_CA,M_CAB,forward_lineage,whitened_cca,False,4.718003972515272e-15,4.878145526153779e-15,4.820433724197847e-15,1.0000000000000036,64,3.552713678800501e-15,,,,
1,late,M_CAB,M_CA,reverse_lineage,orthogonal_procrustes,True,1.9872152554625214e-15,1.9767284851002902e-15,1.9555563551800966e-15,1.0000000000000016,64,1.4432899320127035e-15,3.8878469334186305e-15,2.653708445921772e-15,2.472411723720867e-15,2.9109401677475334e-15
1,late,M_CAB,M_CA,reverse_lineage,ridge_linear,False,1.3467285894102018e-06,1.5251375501185923e-06,1.5152073154524933e-06,1.0000058464331478,64,5.846398160147537e-06,,,,
1,late,M_CAB,M_CA,reverse_lineage,low_rank_residual,False,7.192713518165806e-07,9.04929809796661e-07,8.998169528687578e-07,1.0000059844927325,64,5.984456918572967e-06,,,,
1,late,M_CAB,M_CA,reverse_lineage,whitened_cca,False,4.718003972515272e-15,4.878145526153779e-15,4.820433724197847e-15,1.0000000000000036,64,3.552713678800501e-15,,,,
1,late,M_CB,M_CBA,forward_lineage,orthogonal_procrustes,True,1.9872152554625214e-15,1.9767284851002902e-15,1.9555563551800966e-15,1.0000000000000016,64,1.4432899320127035e-15,3.8878469334186305e-15,2.653708445921772e-15,2.472411723720867e-15,2.9109401677475334e-15
1,late,M_CB,M_CBA,forward_lineage,ridge_linear,False,1.3467285894102018e-06,1.5251375501185923e-06,1.5152073154524933e-06,1.0000058464331478,64,5.846398160147537e-06,,,,
1,late,M_CB,M_CBA,forward_lineage,low_rank_residual,False,7.192713518165806e-07,9.04929809796661e-07,8.998169528687578e-07,1.0000059844927325,64,5.984456918572967e-06,,,,
1,late,M_CB,M_CBA,forward_lineage,whitened_cca,False,4.718003972515272e-15,4.878145526153779e-15,4.820433724197847e-15,1.0000000000000036,64,3.552713678800501e-15,,,,
1,late,M_CBA,M_CB,reverse_lineage,orthogonal_procrustes,True,1.9872152554625214e-15,1.9767284851002902e-15,1.9555563551800966e-15,1.0000000000000016,64,1.4432899320127035e-15,3.8878469334186305e-15,2.653708445921772e-15,2.472411723720867e-15,2.9109401677475334e-15
1,late,M_CBA,M_CB,reverse_lineage,ridge_linear,False,1.3467285894102018e-06,1.5251375501185923e-06,1.5152073154524933e-06,1.0000058464331478,64,5.846398160147537e-06,,,,
1,late,M_CBA,M_CB,reverse_lineage,low_rank_residual,False,7.192713518165806e-07,9.04929809796661e-07,8.998169528687578e-07,1.0000059844927325,64,5.984456918572967e-06,,,,
1,late,M_CBA,M_CB,reverse_lineage,whitened_cca,False,4.718003972515272e-15,4.878145526153779e-15,4.820433724197847e-15,1.0000000000000036,64,3.552713678800501e-15,,,,
1,late,M_AB,M_B,loop_closing,orthogonal_procrustes,True,1.9872152554625214e-15,1.9767284851002902e-15,1.9555563551800966e-15,1.0000000000000016,64,1.4432899320127035e-15,3.8878469334186305e-15,2.653708445921772e-15,2.472411723720867e-15,2.9109401677475334e-15
1,late,M_AB,M_B,loop_closing,ridge_linear,False,1.3467285894102018e-06,1.5251375501185923e-06,1.5152073154524933e-06,1.0000058464331478,64,5.846398160147537e-06,,,,
1,late,M_AB,M_B,loop_closing,low_rank_residual,False,7.192713518165806e-07,9.04929809796661e-07,8.998169528687578e-07,1.0000059844927325,64,5.984456918572967e-06,,,,
1,late,M_AB,M_B,loop_closing,whitened_cca,False,4.718003972515272e-15,4.878145526153779e-15,4.820433724197847e-15,1.0000000000000036,64,3.552713678800501e-15,,,,
1,late,M_B,M_AB,loop_closing,orthogonal_procrustes,True,1.9872152554625214e-15,1.9767284851002902e-15,1.9555563551800966e-15,1.0000000000000016,64,1.4432899320127035e-15,3.8878469334186305e-15,2.653708445921772e-15,2.472411723720867e-15,2.9109401677475334e-15
1,late,M_B,M_AB,loop_closing,ridge_linear,False,1.3467285894102018e-06,1.5251375501185923e-06,1.5152073154524933e-06,1.0000058464331478,64,5.846398160147537e-06,,,,
1,late,M_B,M_AB,loop_closing,low_rank_residual,False,7.192713518165806e-07,9.04929809796661e-07,8.998169528687578e-07,1.0000059844927325,64,5.984456918572967e-06,,,,
1,late,M_B,M_AB,loop_closing,whitened_cca,False,4.718003972515272e-15,4.878145526153779e-15,4.820433724197847e-15,1.0000000000000036,64,3.552713678800501e-15,,,,
1,late,M_AC,M_C,loop_closing,orthogonal_procrustes,True,1.9872152554625214e-15,1.9767284851002902e-15,1.9555563551800966e-15,1.0000000000000016,64,1.4432899320127035e-15,3.8878469334186305e-15,2.653708445921772e-15,2.472411723720867e-15,2.9109401677475334e-15
1,late,M_AC,M_C,loop_closing,ridge_linear,False,1.3467285894102018e-06,1.5251375501185923e-06,1.5152073154524933e-06,1.0000058464331478,64,5.846398160147537e-06,,,,
1,late,M_AC,M_C,loop_closing,low_rank_residual,False,7.192713518165806e-07,9.04929809796661e-07,8.998169528687578e-07,1.0000059844927325,64,5.984456918572967e-06,,,,
1,late,M_AC,M_C,loop_closing,whitened_cca,False,4.718003972515272e-15,4.878145526153779e-15,4.820433724197847e-15,1.0000000000000036,64,3.552713678800501e-15,,,,
1,late,M_C,M_AC,loop_closing,orthogonal_procrustes,True,1.9872152554625214e-15,1.9767284851002902e-15,1.9555563551800966e-15,1.0000000000000016,64,1.4432899320127035e-15,3.8878469334186305e-15,2.653708445921772e-15,2.472411723720867e-15,2.9109401677475334e-15
1,late,M_C,M_AC,loop_closing,ridge_linear,False,1.3467285894102018e-06,1.5251375501185923e-06,1.5152073154524933e-06,1.0000058464331478,64,5.846398160147537e-06,,,,
1,late,M_C,M_AC,loop_closing,low_rank_residual,False,7.192713518165806e-07,9.04929809796661e-07,8.998169528687578e-07,1.0000059844927325,64,5.984456918572967e-06,,,,
1,late,M_C,M_AC,loop_closing,whitened_cca,False,4.718003972515272e-15,4.878145526153779e-15,4.820433724197847e-15,1.0000000000000036,64,3.552713678800501e-15,,,,
1,late,M_BC,M_C,loop_closing,orthogonal_procrustes,True,1.9872152554625214e-15,1.9767284851002902e-15,1.9555563551800966e-15,1.0000000000000016,64,1.4432899320127035e-15,3.8878469334186305e-15,2.653708445921772e-15,2.472411723720867e-15,2.9109401677475334e-15
1,late,M_BC,M_C,loop_closing,ridge_linear,False,1.3467285894102018e-06,1.5251375501185923e-06,1.5152073154524933e-06,1.0000058464331478,64,5.846398160147537e-06,,,,
1,late,M_BC,M_C,loop_closing,low_rank_residual,False,7.192713518165806e-07,9.04929809796661e-07,8.998169528687578e-07,1.0000059844927325,64,5.984456918572967e-06,,,,
1,late,M_BC,M_C,loop_closing,whitened_cca,False,4.718003972515272e-15,4.878145526153779e-15,4.820433724197847e-15,1.0000000000000036,64,3.552713678800501e-15,,,,
1,late,M_C,M_BC,loop_closing,orthogonal_procrustes,True,1.9872152554625214e-15,1.9767284851002902e-15,1.9555563551800966e-15,1.0000000000000016,64,1.4432899320127035e-15,3.8878469334186305e-15,2.653708445921772e-15,2.472411723720867e-15,2.9109401677475334e-15
1,late,M_C,M_BC,loop_closing,ridge_linear,False,1.3467285894102018e-06,1.5251375501185923e-06,1.5152073154524933e-06,1.0000058464331478,64,5.846398160147537e-06,,,,
1,late,M_C,M_BC,loop_closing,low_rank_residual,False,7.192713518165806e-07,9.04929809796661e-07,8.998169528687578e-07,1.0000059844927325,64,5.984456918572967e-06,,,,
1,late,M_C,M_BC,loop_closing,whitened_cca,False,4.718003972515272e-15,4.878145526153779e-15,4.820433724197847e-15,1.0000000000000036,64,3.552713678800501e-15,,,,
1,late,M_ABC,M_BAC,same_depth_closing,orthogonal_procrustes,True,1.9872152554625214e-15,1.9767284851002902e-15,1.9555563551800966e-15,1.0000000000000016,64,1.4432899320127035e-15,3.8878469334186305e-15,2.653708445921772e-15,2.472411723720867e-15,2.9109401677475334e-15
1,late,M_ABC,M_BAC,same_depth_closing,ridge_linear,False,1.3467285894102018e-06,1.5251375501185923e-06,1.5152073154524933e-06,1.0000058464331478,64,5.846398160147537e-06,,,,
1,late,M_ABC,M_BAC,same_depth_closing,low_rank_residual,False,7.192713518165806e-07,9.04929809796661e-07,8.998169528687578e-07,1.0000059844927325,64,5.984456918572967e-06,,,,
1,late,M_ABC,M_BAC,same_depth_closing,whitened_cca,False,4.718003972515272e-15,4.878145526153779e-15,4.820433724197847e-15,1.0000000000000036,64,3.552713678800501e-15,,,,
1,late,M_BAC,M_ABC,same_depth_closing,orthogonal_procrustes,True,1.9872152554625214e-15,1.9767284851002902e-15,1.9555563551800966e-15,1.0000000000000016,64,1.4432899320127035e-15,3.8878469334186305e-15,2.653708445921772e-15,2.472411723720867e-15,2.9109401677475334e-15
1,late,M_BAC,M_ABC,same_depth_closing,ridge_linear,False,1.3467285894102018e-06,1.5251375501185923e-06,1.5152073154524933e-06,1.0000058464331478,64,5.846398160147537e-06,,,,
1,late,M_BAC,M_ABC,same_depth_closing,low_rank_residual,False,7.192713518165806e-07,9.04929809796661e-07,8.998169528687578e-07,1.0000059844927325,64,5.984456918572967e-06,,,,
1,late,M_BAC,M_ABC,same_depth_closing,whitened_cca,False,4.718003972515272e-15,4.878145526153779e-15,4.820433724197847e-15,1.0000000000000036,64,3.552713678800501e-15,,,,
1,late,M_ABC,M_ACB,same_depth_closing,orthogonal_procrustes,True,1.9872152554625214e-15,1.9767284851002902e-15,1.9555563551800966e-15,1.0000000000000016,64,1.4432899320127035e-15,3.8878469334186305e-15,2.653708445921772e-15,2.472411723720867e-15,2.9109401677475334e-15
1,late,M_ABC,M_ACB,same_depth_closing,ridge_linear,False,1.3467285894102018e-06,1.5251375501185923e-06,1.5152073154524933e-06,1.0000058464331478,64,5.846398160147537e-06,,,,
1,late,M_ABC,M_ACB,same_depth_closing,low_rank_residual,False,7.192713518165806e-07,9.04929809796661e-07,8.998169528687578e-07,1.0000059844927325,64,5.984456918572967e-06,,,,
1,late,M_ABC,M_ACB,same_depth_closing,whitened_cca,False,4.718003972515272e-15,4.878145526153779e-15,4.820433724197847e-15,1.0000000000000036,64,3.552713678800501e-15,,,,
1,late,M_ACB,M_ABC,same_depth_closing,orthogonal_procrustes,True,1.9872152554625214e-15,1.9767284851002902e-15,1.9555563551800966e-15,1.0000000000000016,64,1.4432899320127035e-15,3.8878469334186305e-15,2.653708445921772e-15,2.472411723720867e-15,2.9109401677475334e-15
1,late,M_ACB,M_ABC,same_depth_closing,ridge_linear,False,1.3467285894102018e-06,1.5251375501185923e-06,1.5152073154524933e-06,1.0000058464331478,64,5.846398160147537e-06,,,,
1,late,M_ACB,M_ABC,same_depth_closing,low_rank_residual,False,7.192713518165806e-07,9.04929809796661e-07,8.998169528687578e-07,1.0000059844927325,64,5.984456918572967e-06,,,,
1,late,M_ACB,M_ABC,same_depth_closing,whitened_cca,False,4.718003972515272e-15,4.878145526153779e-15,4.820433724197847e-15,1.0000000000000036,64,3.552713678800501e-15,,,,
1,late,M_ACB,M_CAB,same_depth_closing,orthogonal_procrustes,True,1.9872152554625214e-15,1.9767284851002902e-15,1.9555563551800966e-15,1.0000000000000016,64,1.4432899320127035e-15,3.8878469334186305e-15,2.653708445921772e-15,2.472411723720867e-15,2.9109401677475334e-15
1,late,M_ACB,M_CAB,same_depth_closing,ridge_linear,False,1.3467285894102018e-06,1.5251375501185923e-06,1.5152073154524933e-06,1.0000058464331478,64,5.846398160147537e-06,,,,
1,late,M_ACB,M_CAB,same_depth_closing,low_rank_residual,False,7.192713518165806e-07,9.04929809796661e-07,8.998169528687578e-07,1.0000059844927325,64,5.984456918572967e-06,,,,
1,late,M_ACB,M_CAB,same_depth_closing,whitened_cca,False,4.718003972515272e-15,4.878145526153779e-15,4.820433724197847e-15,1.0000000000000036,64,3.552713678800501e-15,,,,
1,late,M_CAB,M_ACB,same_depth_closing,orthogonal_procrustes,True,1.9872152554625214e-15,1.9767284851002902e-15,1.9555563551800966e-15,1.0000000000000016,64,1.4432899320127035e-15,3.8878469334186305e-15,2.653708445921772e-15,2.472411723720867e-15,2.9109401677475334e-15
1,late,M_CAB,M_ACB,same_depth_closing,ridge_linear,False,1.3467285894102018e-06,1.5251375501185923e-06,1.5152073154524933e-06,1.0000058464331478,64,5.846398160147537e-06,,,,
1,late,M_CAB,M_ACB,same_depth_closing,low_rank_residual,False,7.192713518165806e-07,9.04929809796661e-07,8.998169528687578e-07,1.0000059844927325,64,5.984456918572967e-06,,,,
1,late,M_CAB,M_ACB,same_depth_closing,whitened_cca,False,4.718003972515272e-15,4.878145526153779e-15,4.820433724197847e-15,1.0000000000000036,64,3.552713678800501e-15,,,,
1,late,M_BAC,M_BCA,same_depth_closing,orthogonal_procrustes,True,1.9872152554625214e-15,1.9767284851002902e-15,1.9555563551800966e-15,1.0000000000000016,64,1.4432899320127035e-15,3.8878469334186305e-15,2.653708445921772e-15,2.472411723720867e-15,2.9109401677475334e-15
1,late,M_BAC,M_BCA,same_depth_closing,ridge_linear,False,1.3467285894102018e-06,1.5251375501185923e-06,1.5152073154524933e-06,1.0000058464331478,64,5.846398160147537e-06,,,,
1,late,M_BAC,M_BCA,same_depth_closing,low_rank_residual,False,7.192713518165806e-07,9.04929809796661e-07,8.998169528687578e-07,1.0000059844927325,64,5.984456918572967e-06,,,,
1,late,M_BAC,M_BCA,same_depth_closing,whitened_cca,False,4.718003972515272e-15,4.878145526153779e-15,4.820433724197847e-15,1.0000000000000036,64,3.552713678800501e-15,,,,
1,late,M_BCA,M_BAC,same_depth_closing,orthogonal_procrustes,True,1.9872152554625214e-15,1.9767284851002902e-15,1.9555563551800966e-15,1.0000000000000016,64,1.4432899320127035e-15,3.8878469334186305e-15,2.653708445921772e-15,2.472411723720867e-15,2.9109401677475334e-15
1,late,M_BCA,M_BAC,same_depth_closing,ridge_linear,False,1.3467285894102018e-06,1.5251375501185923e-06,1.5152073154524933e-06,1.0000058464331478,64,5.846398160147537e-06,,,,
1,late,M_BCA,M_BAC,same_depth_closing,low_rank_residual,False,7.192713518165806e-07,9.04929809796661e-07,8.998169528687578e-07,1.0000059844927325,64,5.984456918572967e-06,,,,
1,late,M_BCA,M_BAC,same_depth_closing,whitened_cca,False,4.718003972515272e-15,4.878145526153779e-15,4.820433724197847e-15,1.0000000000000036,64,3.552713678800501e-15,,,,
1,late,M_BCA,M_CBA,same_depth_closing,orthogonal_procrustes,True,1.9872152554625214e-15,1.9767284851002902e-15,1.9555563551800966e-15,1.0000000000000016,64,1.4432899320127035e-15,3.8878469334186305e-15,2.653708445921772e-15,2.472411723720867e-15,2.9109401677475334e-15
1,late,M_BCA,M_CBA,same_depth_closing,ridge_linear,False,1.3467285894102018e-06,1.5251375501185923e-06,1.5152073154524933e-06,1.0000058464331478,64,5.846398160147537e-06,,,,
1,late,M_BCA,M_CBA,same_depth_closing,low_rank_residual,False,7.192713518165806e-07,9.04929809796661e-07,8.998169528687578e-07,1.0000059844927325,64,5.984456918572967e-06,,,,
1,late,M_BCA,M_CBA,same_depth_closing,whitened_cca,False,4.718003972515272e-15,4.878145526153779e-15,4.820433724197847e-15,1.0000000000000036,64,3.552713678800501e-15,,,,
1,late,M_CBA,M_BCA,same_depth_closing,orthogonal_procrustes,True,1.9872152554625214e-15,1.9767284851002902e-15,1.9555563551800966e-15,1.0000000000000016,64,1.4432899320127035e-15,3.8878469334186305e-15,2.653708445921772e-15,2.472411723720867e-15,2.9109401677475334e-15
1,late,M_CBA,M_BCA,same_depth_closing,ridge_linear,False,1.3467285894102018e-06,1.5251375501185923e-06,1.5152073154524933e-06,1.0000058464331478,64,5.846398160147537e-06,,,,
1,late,M_CBA,M_BCA,same_depth_closing,low_rank_residual,False,7.192713518165806e-07,9.04929809796661e-07,8.998169528687578e-07,1.0000059844927325,64,5.984456918572967e-06,,,,
1,late,M_CBA,M_BCA,same_depth_closing,whitened_cca,False,4.718003972515272e-15,4.878145526153779e-15,4.820433724197847e-15,1.0000000000000036,64,3.552713678800501e-15,,,,
1,late,M_CAB,M_CBA,same_depth_closing,orthogonal_procrustes,True,1.9872152554625214e-15,1.9767284851002902e-15,1.9555563551800966e-15,1.0000000000000016,64,1.4432899320127035e-15,3.8878469334186305e-15,2.653708445921772e-15,2.472411723720867e-15,2.9109401677475334e-15
1,late,M_CAB,M_CBA,same_depth_closing,ridge_linear,False,1.3467285894102018e-06,1.5251375501185923e-06,1.5152073154524933e-06,1.0000058464331478,64,5.846398160147537e-06,,,,
1,late,M_CAB,M_CBA,same_depth_closing,low_rank_residual,False,7.192713518165806e-07,9.04929809796661e-07,8.998169528687578e-07,1.0000059844927325,64,5.984456918572967e-06,,,,
1,late,M_CAB,M_CBA,same_depth_closing,whitened_cca,False,4.718003972515272e-15,4.878145526153779e-15,4.820433724197847e-15,1.0000000000000036,64,3.552713678800501e-15,,,,
1,late,M_CBA,M_CAB,same_depth_closing,orthogonal_procrustes,True,1.9872152554625214e-15,1.9767284851002902e-15,1.9555563551800966e-15,1.0000000000000016,64,1.4432899320127035e-15,3.8878469334186305e-15,2.653708445921772e-15,2.472411723720867e-15,2.9109401677475334e-15
1,late,M_CBA,M_CAB,same_depth_closing,ridge_linear,False,1.3467285894102018e-06,1.5251375501185923e-06,1.5152073154524933e-06,1.0000058464331478,64,5.846398160147537e-06,,,,
1,late,M_CBA,M_CAB,same_depth_closing,low_rank_residual,False,7.192713518165806e-07,9.04929809796661e-07,8.998169528687578e-07,1.0000059844927325,64,5.984456918572967e-06,,,,
1,late,M_CBA,M_CAB,same_depth_closing,whitened_cca,False,4.718003972515272e-15,4.878145526153779e-15,4.820433724197847e-15,1.0000000000000036,64,3.552713678800501e-15,,,,
1,late,M_AB,M_BA,same_depth_closing,orthogonal_procrustes,True,1.9872152554625214e-15,1.9767284851002902e-15,1.9555563551800966e-15,1.0000000000000016,64,1.4432899320127035e-15,3.8878469334186305e-15,2.653708445921772e-15,2.472411723720867e-15,2.9109401677475334e-15
1,late,M_AB,M_BA,same_depth_closing,ridge_linear,False,1.3467285894102018e-06,1.5251375501185923e-06,1.5152073154524933e-06,1.0000058464331478,64,5.846398160147537e-06,,,,
1,late,M_AB,M_BA,same_depth_closing,low_rank_residual,False,7.192713518165806e-07,9.04929809796661e-07,8.998169528687578e-07,1.0000059844927325,64,5.984456918572967e-06,,,,
1,late,M_AB,M_BA,same_depth_closing,whitened_cca,False,4.718003972515272e-15,4.878145526153779e-15,4.820433724197847e-15,1.0000000000000036,64,3.552713678800501e-15,,,,
1,late,M_BA,M_AB,same_depth_closing,orthogonal_procrustes,True,1.9872152554625214e-15,1.9767284851002902e-15,1.9555563551800966e-15,1.0000000000000016,64,1.4432899320127035e-15,3.8878469334186305e-15,2.653708445921772e-15,2.472411723720867e-15,2.9109401677475334e-15
1,late,M_BA,M_AB,same_depth_closing,ridge_linear,False,1.3467285894102018e-06,1.5251375501185923e-06,1.5152073154524933e-06,1.0000058464331478,64,5.846398160147537e-06,,,,
1,late,M_BA,M_AB,same_depth_closing,low_rank_residual,False,7.192713518165806e-07,9.04929809796661e-07,8.998169528687578e-07,1.0000059844927325,64,5.984456918572967e-06,,,,
1,late,M_BA,M_AB,same_depth_closing,whitened_cca,False,4.718003972515272e-15,4.878145526153779e-15,4.820433724197847e-15,1.0000000000000036,64,3.552713678800501e-15,,,,
1,late,M_AC,M_CA,same_depth_closing,orthogonal_procrustes,True,1.9872152554625214e-15,1.9767284851002902e-15,1.9555563551800966e-15,1.0000000000000016,64,1.4432899320127035e-15,3.8878469334186305e-15,2.653708445921772e-15,2.472411723720867e-15,2.9109401677475334e-15
1,late,M_AC,M_CA,same_depth_closing,ridge_linear,False,1.3467285894102018e-06,1.5251375501185923e-06,1.5152073154524933e-06,1.0000058464331478,64,5.846398160147537e-06,,,,
1,late,M_AC,M_CA,same_depth_closing,low_rank_residual,False,7.192713518165806e-07,9.04929809796661e-07,8.998169528687578e-07,1.0000059844927325,64,5.984456918572967e-06,,,,
1,late,M_AC,M_CA,same_depth_closing,whitened_cca,False,4.718003972515272e-15,4.878145526153779e-15,4.820433724197847e-15,1.0000000000000036,64,3.552713678800501e-15,,,,
1,late,M_CA,M_AC,same_depth_closing,orthogonal_procrustes,True,1.9872152554625214e-15,1.9767284851002902e-15,1.9555563551800966e-15,1.0000000000000016,64,1.4432899320127035e-15,3.8878469334186305e-15,2.653708445921772e-15,2.472411723720867e-15,2.9109401677475334e-15
1,late,M_CA,M_AC,same_depth_closing,ridge_linear,False,1.3467285894102018e-06,1.5251375501185923e-06,1.5152073154524933e-06,1.0000058464331478,64,5.846398160147537e-06,,,,
1,late,M_CA,M_AC,same_depth_closing,low_rank_residual,False,7.192713518165806e-07,9.04929809796661e-07,8.998169528687578e-07,1.0000059844927325,64,5.984456918572967e-06,,,,
1,late,M_CA,M_AC,same_depth_closing,whitened_cca,False,4.718003972515272e-15,4.878145526153779e-15,4.820433724197847e-15,1.0000000000000036,64,3.552713678800501e-15,,,,
1,late,M_BC,M_CB,same_depth_closing,orthogonal_procrustes,True,1.9872152554625214e-15,1.9767284851002902e-15,1.9555563551800966e-15,1.0000000000000016,64,1.4432899320127035e-15,3.8878469334186305e-15,2.653708445921772e-15,2.472411723720867e-15,2.9109401677475334e-15
1,late,M_BC,M_CB,same_depth_closing,ridge_linear,False,1.3467285894102018e-06,1.5251375501185923e-06,1.5152073154524933e-06,1.0000058464331478,64,5.846398160147537e-06,,,,
1,late,M_BC,M_CB,same_depth_closing,low_rank_residual,False,7.192713518165806e-07,9.04929809796661e-07,8.998169528687578e-07,1.0000059844927325,64,5.984456918572967e-06,,,,
1,late,M_BC,M_CB,same_depth_closing,whitened_cca,False,4.718003972515272e-15,4.878145526153779e-15,4.820433724197847e-15,1.0000000000000036,64,3.552713678800501e-15,,,,
1,late,M_CB,M_BC,same_depth_closing,orthogonal_procrustes,True,1.9872152554625214e-15,1.9767284851002902e-15,1.9555563551800966e-15,1.0000000000000016,64,1.4432899320127035e-15,3.8878469334186305e-15,2.653708445921772e-15,2.472411723720867e-15,2.9109401677475334e-15
1,late,M_CB,M_BC,same_depth_closing,ridge_linear,False,1.3467285894102018e-06,1.5251375501185923e-06,1.5152073154524933e-06,1.0000058464331478,64,5.846398160147537e-06,,,,
1,late,M_CB,M_BC,same_depth_closing,low_rank_residual,False,7.192713518165806e-07,9.04929809796661e-07,8.998169528687578e-07,1.0000059844927325,64,5.984456918572967e-06,,,,
1,late,M_CB,M_BC,same_depth_closing,whitened_cca,False,4.718003972515272e-15,4.878145526153779e-15,4.820433724197847e-15,1.0000000000000036,64,3.552713678800501e-15,,,,
1,late,M_A,M_B,same_depth_closing,orthogonal_procrustes,True,1.9872152554625214e-15,1.9767284851002902e-15,1.9555563551800966e-15,1.0000000000000016,64,1.4432899320127035e-15,3.8878469334186305e-15,2.653708445921772e-15,2.472411723720867e-15,2.9109401677475334e-15
1,late,M_A,M_B,same_depth_closing,ridge_linear,False,1.3467285894102018e-06,1.5251375501185923e-06,1.5152073154524933e-06,1.0000058464331478,64,5.846398160147537e-06,,,,
1,late,M_A,M_B,same_depth_closing,low_rank_residual,False,7.192713518165806e-07,9.04929809796661e-07,8.998169528687578e-07,1.0000059844927325,64,5.984456918572967e-06,,,,
1,late,M_A,M_B,same_depth_closing,whitened_cca,False,4.718003972515272e-15,4.878145526153779e-15,4.820433724197847e-15,1.0000000000000036,64,3.552713678800501e-15,,,,
1,late,M_B,M_A,same_depth_closing,orthogonal_procrustes,True,1.9872152554625214e-15,1.9767284851002902e-15,1.9555563551800966e-15,1.0000000000000016,64,1.4432899320127035e-15,3.8878469334186305e-15,2.653708445921772e-15,2.472411723720867e-15,2.9109401677475334e-15
1,late,M_B,M_A,same_depth_closing,ridge_linear,False,1.3467285894102018e-06,1.5251375501185923e-06,1.5152073154524933e-06,1.0000058464331478,64,5.846398160147537e-06,,,,
1,late,M_B,M_A,same_depth_closing,low_rank_residual,False,7.192713518165806e-07,9.04929809796661e-07,8.998169528687578e-07,1.0000059844927325,64,5.984456918572967e-06,,,,
1,late,M_B,M_A,same_depth_closing,whitened_cca,False,4.718003972515272e-15,4.878145526153779e-15,4.820433724197847e-15,1.0000000000000036,64,3.552713678800501e-15,,,,
1,late,M_A,M_C,same_depth_closing,orthogonal_procrustes,True,1.9872152554625214e-15,1.9767284851002902e-15,1.9555563551800966e-15,1.0000000000000016,64,1.4432899320127035e-15,3.8878469334186305e-15,2.653708445921772e-15,2.472411723720867e-15,2.9109401677475334e-15
1,late,M_A,M_C,same_depth_closing,ridge_linear,False,1.3467285894102018e-06,1.5251375501185923e-06,1.5152073154524933e-06,1.0000058464331478,64,5.846398160147537e-06,,,,
1,late,M_A,M_C,same_depth_closing,low_rank_residual,False,7.192713518165806e-07,9.04929809796661e-07,8.998169528687578e-07,1.0000059844927325,64,5.984456918572967e-06,,,,
1,late,M_A,M_C,same_depth_closing,whitened_cca,False,4.718003972515272e-15,4.878145526153779e-15,4.820433724197847e-15,1.0000000000000036,64,3.552713678800501e-15,,,,
1,late,M_C,M_A,same_depth_closing,orthogonal_procrustes,True,1.9872152554625214e-15,1.9767284851002902e-15,1.9555563551800966e-15,1.0000000000000016,64,1.4432899320127035e-15,3.8878469334186305e-15,2.653708445921772e-15,2.472411723720867e-15,2.9109401677475334e-15
1,late,M_C,M_A,same_depth_closing,ridge_linear,False,1.3467285894102018e-06,1.5251375501185923e-06,1.5152073154524933e-06,1.0000058464331478,64,5.846398160147537e-06,,,,
1,late,M_C,M_A,same_depth_closing,low_rank_residual,False,7.192713518165806e-07,9.04929809796661e-07,8.998169528687578e-07,1.0000059844927325,64,5.984456918572967e-06,,,,
1,late,M_C,M_A,same_depth_closing,whitened_cca,False,4.718003972515272e-15,4.878145526153779e-15,4.820433724197847e-15,1.0000000000000036,64,3.552713678800501e-15,,,,
1,late,M_B,M_C,same_depth_closing,orthogonal_procrustes,True,1.9872152554625214e-15,1.9767284851002902e-15,1.9555563551800966e-15,1.0000000000000016,64,1.4432899320127035e-15,3.8878469334186305e-15,2.653708445921772e-15,2.472411723720867e-15,2.9109401677475334e-15
1,late,M_B,M_C,same_depth_closing,ridge_linear,False,1.3467285894102018e-06,1.5251375501185923e-06,1.5152073154524933e-06,1.0000058464331478,64,5.846398160147537e-06,,,,
1,late,M_B,M_C,same_depth_closing,low_rank_residual,False,7.192713518165806e-07,9.04929809796661e-07,8.998169528687578e-07,1.0000059844927325,64,5.984456918572967e-06,,,,
1,late,M_B,M_C,same_depth_closing,whitened_cca,False,4.718003972515272e-15,4.878145526153779e-15,4.820433724197847e-15,1.0000000000000036,64,3.552713678800501e-15,,,,
1,late,M_C,M_B,same_depth_closing,orthogonal_procrustes,True,1.9872152554625214e-15,1.9767284851002902e-15,1.9555563551800966e-15,1.0000000000000016,64,1.4432899320127035e-15,3.8878469334186305e-15,2.653708445921772e-15,2.472411723720867e-15,2.9109401677475334e-15
1,late,M_C,M_B,same_depth_closing,ridge_linear,False,1.3467285894102018e-06,1.5251375501185923e-06,1.5152073154524933e-06,1.0000058464331478,64,5.846398160147537e-06,,,,
1,late,M_C,M_B,same_depth_closing,low_rank_residual,False,7.192713518165806e-07,9.04929809796661e-07,8.998169528687578e-07,1.0000059844927325,64,5.984456918572967e-06,,,,
1,late,M_C,M_B,same_depth_closing,whitened_cca,False,4.718003972515272e-15,4.878145526153779e-15,4.820433724197847e-15,1.0000000000000036,64,3.552713678800501e-15,,,,
1,adapter,M0,M_A,forward_lineage,orthogonal_procrustes,False,0.43021175312543036,0.44763956062020294,0.4268249157708604,1.000000000000001,64,9.992007221626409e-16,,,,
1,adapter,M0,M_A,forward_lineage,ridge_linear,True,0.37720000821252975,0.3950923775279009,0.3702474365562789,93474561085.79807,4,1.522470154281506,0.9706884890230768,0.05011049390493683,0.03677973844814121,0.07510355723139599
1,adapter,M0,M_A,forward_lineage,low_rank_residual,False,0.42484365267455765,0.44020090597870415,0.4187279640886283,205924825.07866743,60,1.238318752518092,,,,
1,adapter,M0,M_A,forward_lineage,whitened_cca,False,0.38826733349758835,0.4059401241287864,0.3793707228111248,2.3952088680951893,64,1.017052493838293,,,,
1,adapter,M_A,M0,reverse_lineage,orthogonal_procrustes,False,0.523462247376815,0.5407981536465282,0.5253203873847011,1.0000000000000013,64,1.3322676295501878e-15,,,,
1,adapter,M_A,M0,reverse_lineage,ridge_linear,True,0.387693405957486,0.40522924626052337,0.3836899608544756,96448841060.74648,4,1.1378363087027175,0.9710808150892547,0.05472495370700895,0.04334329719177049,0.07502773683505573
1,adapter,M_A,M0,reverse_lineage,low_rank_residual,False,0.5301246632169617,0.5445265287495397,0.5303637934697661,186114877.36239976,60,1.1213076041161747,,,,
1,adapter,M_A,M0,reverse_lineage,whitened_cca,False,0.3998081635027753,0.420604303249676,0.39904800167639304,2.3952088680948984,64,0.7990826405268401,,,,
1,adapter,M0,M_B,forward_lineage,orthogonal_procrustes,False,0.27555889225926355,0.29198410243547446,0.2804191322173414,1.0000000000000013,64,1.2212453270876722e-15,,,,
1,adapter,M0,M_B,forward_lineage,ridge_linear,True,0.261931965794432,0.27718496478268034,0.26312385257515725,77384853469.0215,4,1.2560719890258836,0.9685136445499614,0.03168093226457578,0.023615284262037194,0.04239149026035777
1,adapter,M0,M_B,forward_lineage,low_rank_residual,False,0.2802399126766019,0.2960137927002454,0.2832626946967618,206795095.37776357,60,1.0203085734901154,,,,
1,adapter,M0,M_B,forward_lineage,whitened_cca,False,0.26455397470653136,0.2791797542062227,0.26489648547461714,1.42590715482251,64,0.3928512533484081,,,,
1,adapter,M_B,M0,reverse_lineage,orthogonal_procrustes,False,0.29724469445170587,0.31853522388202143,0.30702334903564343,1.0000000000000016,64,1.4432899320127035e-15,,,,
1,adapter,M_B,M0,reverse_lineage,ridge_linear,True,0.26108347489845724,0.2779841391252171,0.2630213309114464,66198130920.93244,4,1.049727110393246,0.9685185631227677,0.034683756396542954,0.0250698821262178,0.04724762830167155
1,adapter,M_B,M0,reverse_lineage,low_rank_residual,False,0.3044225283819485,0.32531551798317726,0.31286004030082576,199720294.72995088,60,1.0055102486430159,,,,
1,adapter,M_B,M0,reverse_lineage,whitened_cca,False,0.2636537163378969,0.28193287080055923,0.26665876559379237,1.4259071548222084,64,0.3238250792379448,,,,
1,adapter,M0,M_C,forward_lineage,orthogonal_procrustes,False,0.28564141863816994,0.3003071374810792,0.29536857650959397,1.0000000000000016,64,1.5543122344752192e-15,,,,
1,adapter,M0,M_C,forward_lineage,ridge_linear,True,0.2781469468697248,0.29162985340945613,0.2860977500871273,19484202431.085438,4,1.154728736830204,0.9686699277462706,0.034917817234795125,0.024003841457261317,0.05249973121098283
1,adapter,M0,M_C,forward_lineage,low_rank_residual,False,0.2879247162846174,0.30145974990730995,0.29734929889319456,216562404.6878895,60,1.031655305209747,,,,
1,adapter,M0,M_C,forward_lineage,whitened_cca,False,0.28156764719624194,0.2936390377472768,0.2889181208800745,1.3482472012089053,64,0.3195487872910341,,,,
1,adapter,M_C,M0,reverse_lineage,orthogonal_procrustes,False,0.29782150928711465,0.3191413567152801,0.3100759129767328,1.0000000000000013,64,1.2212453270876722e-15,,,,
1,adapter,M_C,M0,reverse_lineage,ridge_linear,True,0.2750643842829503,0.29186231147816427,0.2852172639268059,16945827476.219164,4,1.0561350059355636,0.9686719528727582,0.036091107320126346,0.027188811615115844,0.053003176106662275
1,adapter,M_C,M0,reverse_lineage,low_rank_residual,False,0.30281296687698384,0.3234718414683457,0.31483905952911756,203604921.3751622,60,1.0097177470532976,,,,
1,adapter,M_C,M0,reverse_lineage,whitened_cca,False,0.2783640744639739,0.29751865660696797,0.2893207210356877,1.3482472012091027,64,0.28149362798645805,,,,
1,adapter,M_A,M_AB,forward_lineage,orthogonal_procrustes,False,0.42273903264572704,0.44553092458110155,0.41919687144125767,1.0000000000000016,64,1.4432899320127035e-15,,,,
1,adapter,M_A,M_AB,forward_lineage,ridge_linear,True,0.3682741901791076,0.3911296541093525,0.36334498616098665,12141968197.799059,4,1.053398685275932,0.9694304750637757,0.05321722220297099,0.039263667533641314,0.07761219980960955
1,adapter,M_A,M_AB,forward_lineage,low_rank_residual,False,0.4296304508504481,0.45166721331080517,0.42513542212740607,182895579.31245556,60,1.0445425246820477,,,,
1,adapter,M_A,M_AB,forward_lineage,whitened_cca,False,0.37644239768463633,0.40102152607313163,0.37438460641518023,1.5617000409213804,64,0.43060453270361876,,,,
1,adapter,M_AB,M_A,reverse_lineage,orthogonal_procrustes,False,0.3812149581966423,0.40609244141859047,0.3763298880514314,1.0000000000000013,64,1.3322676295501878e-15,,,,
1,adapter,M_AB,M_A,reverse_lineage,ridge_linear,True,0.3614716248096214,0.3889733994775598,0.3580255938425178,16343512419.822794,4,1.2029822848714649,0.9694625903176528,0.05225455354026952,0.03749379876705678,0.07229580460769193
1,adapter,M_AB,M_A,reverse_lineage,low_rank_residual,False,0.38448810690753904,0.4090422477679572,0.3785379972696853,173767664.41563928,60,1.065724006762236,,,,
1,adapter,M_AB,M_A,reverse_lineage,whitened_cca,False,0.3691038712387772,0.3980721627645679,0.3636907585372444,1.5617000409214024,64,0.4691726553189136,,,,
1,adapter,M_A,M_AC,forward_lineage,orthogonal_procrustes,False,0.4755342363776806,0.5026231137842138,0.4884125933951611,1.000000000000001,64,9.992007221626409e-16,,,,
1,adapter,M_A,M_AC,forward_lineage,ridge_linear,True,0.39166109668672056,0.42922240638135545,0.3984444415051873,1029159900038.7045,4,1.0291599000379916,0.9698349700738207,0.05673203381953051,0.03990845615878925,0.09429825541867703
1,adapter,M_A,M_AC,forward_lineage,low_rank_residual,False,0.489795232423958,0.5164596934452865,0.5035924474534711,172107705.00505957,60,1.0424726260497563,,,,
1,adapter,M_A,M_AC,forward_lineage,whitened_cca,False,0.4020500630905316,0.44168625623187424,0.41238532090902896,1.622593475548425,64,0.43467179926245536,,,,
1,adapter,M_AC,M_A,reverse_lineage,orthogonal_procrustes,False,0.4085584701899641,0.43754213665090635,0.41280346814730656,1.0000000000000013,64,1.2212453270876722e-15,,,,
1,adapter,M_AC,M_A,reverse_lineage,ridge_linear,True,0.38332832918468795,0.4219419419754913,0.38895859467208943,105311888255.31946,4,1.3255233631056371,0.9696166296721934,0.05078628817355528,0.034453558388515916,0.0900090726431782
1,adapter,M_AC,M_A,reverse_lineage,low_rank_residual,False,0.4128122839225477,0.44285707812519387,0.41742196723460573,176181833.85107514,60,1.0581910938620662,,,,
1,adapter,M_AC,M_A,reverse_lineage,whitened_cca,False,0.3930356353166224,0.43668253001743923,0.3958237462892015,1.6225934755481304,64,0.5495888841322065,,,,
1,adapter,M_B,M_BA,forward_lineage,orthogonal_procrustes,False,0.386404818400362,0.40394755256672377,0.3818152721431732,1.0000000000000016,64,1.4432899320127035e-15,,,,
1,adapter,M_B,M_BA,forward_lineage,ridge_linear,True,0.34260578522837953,0.3654043530917924,0.34155774178985754,20360274573.542713,4,1.2912194012610707,0.9700106856587878,0.047903366899259246,0.036009004176933916,0.06757654384307821
1,adapter,M_B,M_BA,forward_lineage,low_rank_residual,False,0.39373070057690374,0.40950183362381526,0.388029232160737,158821213.56099254,60,1.0425223550974245,,,,
1,adapter,M_B,M_BA,forward_lineage,whitened_cca,False,0.3501241678078136,0.3729826761282427,0.348536862740784,1.835225348439702,64,0.6251960042989994,,,,
1,adapter,M_BA,M_B,reverse_lineage,orthogonal_procrustes,False,0.4436137871923445,0.4566574452691645,0.4370769879185136,1.000000000000001,64,1.1102230246251565e-15,,,,
1,adapter,M_BA,M_B,reverse_lineage,ridge_linear,True,0.3633778998621009,0.38092835488058774,0.3622762846055207,17799143802.481945,4,1.0937295371871916,0.9699193820456583,0.050863533117476996,0.03964877422719145,0.06562862930261304
1,adapter,M_BA,M_B,reverse_lineage,low_rank_residual,False,0.45503600418648366,0.4656432596774745,0.4474536504045987,165875178.31041387,60,1.0506489246033328,,,,
1,adapter,M_BA,M_B,reverse_lineage,whitened_cca,False,0.3732675129454475,0.39297010417037015,0.3743532386714111,1.8352253484397811,64,0.6079974248519103,,,,
1,adapter,M_B,M_BC,forward_lineage,orthogonal_procrustes,False,0.31547877271888775,0.3316227161872532,0.3268117319759212,1.0000000000000016,64,1.4432899320127035e-15,,,,
1,adapter,M_B,M_BC,forward_lineage,ridge_linear,True,0.3054175790336017,0.32571882600268726,0.3163507800574932,19560131597.59942,4,0.9925734040003726,0.9687247750654364,0.04053015985463307,0.03137340300470878,0.05852920076325555
1,adapter,M_B,M_BC,forward_lineage,low_rank_residual,False,0.3207203744827606,0.33610167564648424,0.33143688582023695,183380731.9882738,60,1.0237810444922355,,,,
1,adapter,M_B,M_BC,forward_lineage,whitened_cca,False,0.30975170464179164,0.3299043424909315,0.32250310116450753,1.1972884457222934,64,0.17701408458588697,,,,
1,adapter,M_BC,M_B,reverse_lineage,orthogonal_procrustes,False,0.3099780758451967,0.3285489272269895,0.31807786022220824,1.0000000000000013,64,1.2212453270876722e-15,,,,
1,adapter,M_BC,M_B,reverse_lineage,ridge_linear,True,0.30240857294704615,0.32313455227637766,0.3126263893751311,22970522328.959667,4,1.0779187611050973,0.9687125735116734,0.04121569442756914,0.029719721536297795,0.057369202358518834
1,adapter,M_BC,M_B,reverse_lineage,low_rank_residual,False,0.315374926639896,0.33317625183144717,0.3224209702680347,185544795.3725131,60,1.0168692903204466,,,,
1,adapter,M_BC,M_B,reverse_lineage,whitened_cca,False,0.3066339984617578,0.32938942314509445,0.31624240374747264,1.1972884457222002,64,0.18365243368260786,,,,
1,adapter,M_C,M_CA,forward_lineage,orthogonal_procrustes,False,0.4220202927469371,0.43919454737479563,0.4203552060701197,1.0000000000000013,64,1.3322676295501878e-15,,,,
1,adapter,M_C,M_CA,forward_lineage,ridge_linear,True,0.36856707708888753,0.4010974959846196,0.3721858032340071,42814905895.637856,4,1.4321335625694323,0.9704231176138837,0.04509342317808215,0.035358617485468063,0.06248473942637945
1,adapter,M_C,M_CA,forward_lineage,low_rank_residual,False,0.4273192267137161,0.4452508590916111,0.4255770785346794,171850946.55095184,60,1.0989268132335661,,,,
1,adapter,M_C,M_CA,forward_lineage,whitened_cca,False,0.3778404353732609,0.41552834585859866,0.38017494862468404,2.04211998514121,64,0.7792360685267924,,,,
1,adapter,M_CA,M_C,reverse_lineage,orthogonal_procrustes,False,0.5074291825032439,0.5143971393868633,0.5048621094679487,1.0000000000000013,64,1.3322676295501878e-15,,,,
1,adapter,M_CA,M_C,reverse_lineage,ridge_linear,True,0.38766315376035343,0.413978200744165,0.3900540622958642,40322602090.62558,4,1.058721040461903,0.9702977493831719,0.05534692703559391,0.041512327733691366,0.07591978654086254
1,adapter,M_CA,M_C,reverse_lineage,low_rank_residual,False,0.5243043232790621,0.5304202539704146,0.5214316383626754,177319623.84367523,60,1.0738275703127935,,,,
1,adapter,M_CA,M_C,reverse_lineage,whitened_cca,False,0.4001303196228739,0.42677991200902804,0.4059163964108065,2.0421199851411154,64,0.682472485564021,,,,
1,adapter,M_C,M_CB,forward_lineage,orthogonal_procrustes,False,0.3118615295851151,0.3286220626942082,0.32217499013442513,1.0000000000000013,64,1.2212453270876722e-15,,,,
1,adapter,M_C,M_CB,forward_lineage,ridge_linear,True,0.30719385328913956,0.327123690138361,0.31870851475000206,15726025014.095469,4,1.0811023942416793,0.9686278194032708,0.039826101280030585,0.028554257166188143,0.05615368094091976
1,adapter,M_C,M_CB,forward_lineage,low_rank_residual,False,0.3172979469863856,0.332793391898172,0.3262355805108732,190817779.87453178,60,1.0203728854611986,,,,
1,adapter,M_C,M_CB,forward_lineage,whitened_cca,False,0.31138718995863157,0.33321553959308753,0.32279769579122003,1.1938814943923017,64,0.18372602776681568,,,,
1,adapter,M_CB,M_C,reverse_lineage,orthogonal_procrustes,False,0.32710760841356534,0.3419655477533435,0.34036120922134877,1.0000000000000013,64,1.3322676295501878e-15,,,,
1,adapter,M_CB,M_C,reverse_lineage,ridge_linear,True,0.3081085849914401,0.3272022368849106,0.3203005599744017,15052291071.722713,4,1.0006582142045015,0.968653937508325,0.041010741231266336,0.032125517938467595,0.05397537938617796
1,adapter,M_CB,M_C,reverse_lineage,low_rank_residual,False,0.332950724529349,0.3464028349663337,0.34536021534916733,177431941.77751797,60,1.026930007059668,,,,
1,adapter,M_CB,M_C,reverse_lineage,whitened_cca,False,0.31232898520911256,0.3314110266718426,0.3260915819389012,1.193881494392928,64,0.17137237319975318,,,,
1,adapter,M_AB,M_ABC,forward_lineage,orthogonal_procrustes,False,0.31546405937943184,0.3329245836852549,0.3319378672330661,1.000000000000001,64,1.1102230246251565e-15,,,,
1,adapter,M_AB,M_ABC,forward_lineage,ridge_linear,True,0.3038447524351175,0.3263580506027088,0.31865859910828565,62198234186.09632,4,1.0093498460663182,0.9688589942424902,0.04538532069468893,0.03224491860137413,0.06751163815436506
1,adapter,M_AB,M_ABC,forward_lineage,low_rank_residual,False,0.32158412620778054,0.3389066551010261,0.33712831867679277,185175855.44226328,60,1.0281256009389839,,,,
1,adapter,M_AB,M_ABC,forward_lineage,whitened_cca,False,0.30831588858920794,0.3306900441821679,0.3249748599805278,1.2013424128322316,64,0.17931217065048366,,,,
1,adapter,M_ABC,M_AB,reverse_lineage,orthogonal_procrustes,False,0.3080870585436722,0.3286948998465958,0.32088799568550197,1.0000000000000013,64,1.3322676295501878e-15,,,,
1,adapter,M_ABC,M_AB,reverse_lineage,ridge_linear,True,0.3005697422306228,0.32422177599840946,0.3147376653299162,158190779308.06085,4,1.0970156928601877,0.9688456491631406,0.04404267791830993,0.030344463787602156,0.06261110857269814
1,adapter,M_ABC,M_AB,reverse_lineage,low_rank_residual,False,0.31399224515476426,0.3344344846351588,0.32541600072440896,183779236.9774631,60,1.024027356155534,,,,
1,adapter,M_ABC,M_AB,reverse_lineage,whitened_cca,False,0.30491723449813496,0.33065319273519267,0.3184776166012096,1.2013424128323982,64,0.1881888809344031,,,,
1,adapter,M_AC,M_ACB,forward_lineage,orthogonal_procrustes,False,0.307890596741627,0.32453396445076155,0.31733979103972754,1.0000000000000013,64,1.2212453270876722e-15,,,,
1,adapter,M_AC,M_ACB,forward_lineage,ridge_linear,True,0.3050038547139977,0.32282626679907556,0.31379813087317715,35272589533.17628,4,1.084773437647773,0.9687363514840789,0.04498867195831627,0.03205516627825589,0.06752482732203911
1,adapter,M_AC,M_ACB,forward_lineage,low_rank_residual,False,0.31123883693503146,0.3275836291307847,0.3197116368975567,187379899.1549674,60,1.0288491099322976,,,,
1,adapter,M_AC,M_ACB,forward_lineage,whitened_cca,False,0.3094177285225933,0.328462353692156,0.31779762564469693,1.1467965271402865,64,0.1466304668120847,,,,
1,adapter,M_ACB,M_AC,reverse_lineage,orthogonal_procrustes,False,0.32710641474565005,0.34293933776058766,0.340818998941685,1.0000000000000013,64,1.3322676295501878e-15,,,,
1,adapter,M_ACB,M_AC,reverse_lineage,ridge_linear,True,0.3058117691575409,0.3232811059048849,0.3163868503892327,19245360549.23024,4,0.9714436232221915,0.9687521305811548,0.04650816367249415,0.03216003848400074,0.07183763948718272
1,adapter,M_ACB,M_AC,reverse_lineage,low_rank_residual,False,0.33093646623945583,0.3463445557276598,0.34389545203738175,194467960.10351947,60,1.0252370033212785,,,,
1,adapter,M_ACB,M_AC,reverse_lineage,whitened_cca,False,0.31024547490487614,0.3279102201195286,0.3226151610322689,1.1467965271291243,64,0.1281506980916819,,,,
1,adapter,M_BA,M_BAC,forward_lineage,orthogonal_procrustes,False,0.4788805707421892,0.5039620341690667,0.4941578464446467,1.000000000000001,64,9.992007221626409e-16,,,,
1,adapter,M_BA,M_BAC,forward_lineage,ridge_linear,True,0.3933016200741667,0.42917454762589663,0.4028483506083281,14665528566.817877,4,1.0428891606062836,0.970050939357749,0.05781778321557103,0.04189624233063392,0.0831170305807007
1,adapter,M_BA,M_BAC,forward_lineage,low_rank_residual,False,0.49409083878032506,0.518149614439596,0.509578546213744,150020865.49384147,60,1.0301752007125329,,,,
1,adapter,M_BA,M_BAC,forward_lineage,whitened_cca,False,0.40422674022554955,0.443115605859026,0.41763844382835785,1.6679322644445806,64,0.4590022045853942,,,,
1,adapter,M_BAC,M_BA,reverse_lineage,orthogonal_procrustes,False,0.4112381287256175,0.4384936232724985,0.4178174002520319,1.0000000000000013,64,1.2212453270876722e-15,,,,
1,adapter,M_BAC,M_BA,reverse_lineage,ridge_linear,True,0.3846111936003698,0.4236657329487148,0.3930334546340713,22757033743.37996,4,1.3736654674700222,0.9698697093170378,0.05045308698567616,0.0367459404663683,0.06945637789314561
1,adapter,M_BAC,M_BA,reverse_lineage,low_rank_residual,False,0.41535308396782405,0.4436709727489138,0.42192004458700094,150519908.33509168,60,1.0696706697144578,,,,
1,adapter,M_BAC,M_BA,reverse_lineage,whitened_cca,False,0.39472946153507316,0.43814853135061455,0.40060246867964605,1.6679322644448387,64,0.5827357522150449,,,,
1,adapter,M_BC,M_BCA,forward_lineage,orthogonal_procrustes,False,0.4146626528014197,0.4318029542655588,0.41420943742787103,1.0000000000000022,64,2.220446049250313e-15,,,,
1,adapter,M_BC,M_BCA,forward_lineage,ridge_linear,True,0.361209947906295,0.39593089618398064,0.3666762735051034,27872309760.634407,4,1.4299301951378303,0.9704741991316934,0.045300790738711835,0.03321898842359775,0.06219941358216573
1,adapter,M_BC,M_BCA,forward_lineage,low_rank_residual,False,0.4193966188400416,0.4377481342507147,0.41889211425453926,176486579.06693742,60,1.081722044906885,,,,
1,adapter,M_BC,M_BCA,forward_lineage,whitened_cca,False,0.3699400894629543,0.4101943034268178,0.3747008068288721,2.060717096523383,64,0.7764957414727222,,,,
1,adapter,M_BCA,M_BC,reverse_lineage,orthogonal_procrustes,False,0.4965907497635347,0.5029603221964792,0.4954715622800046,1.000000000000001,64,9.992007221626409e-16,,,,
1,adapter,M_BCA,M_BC,reverse_lineage,ridge_linear,True,0.3812353673401861,0.40894631467928566,0.3857191214472162,22028043718.129093,4,1.0701016705993993,0.9703711744040785,0.05499975423467712,0.0425957625576661,0.081129591535251
1,adapter,M_BCA,M_BC,reverse_lineage,low_rank_residual,False,0.5128665188427937,0.5186385073353831,0.5115375363414588,173663398.85447165,60,1.0715094454356873,,,,
1,adapter,M_BCA,M_BC,reverse_lineage,whitened_cca,False,0.39334043475196884,0.421606151847651,0.401552537608639,2.0607170965232267,64,0.7031398065786197,,,,
1,adapter,M_CA,M_CAB,forward_lineage,orthogonal_procrustes,False,0.43498695037721397,0.4541284953261231,0.43161910858050756,1.0000000000000018,64,1.6653345369377348e-15,,,,
1,adapter,M_CA,M_CAB,forward_lineage,ridge_linear,True,0.37683700478660775,0.39684633313779516,0.37560629514598387,12020347132.874996,4,1.0355913732075634,0.9695172931324363,0.05649664749083717,0.043750908713412986,0.07724740630094577
1,adapter,M_CA,M_CAB,forward_lineage,low_rank_residual,False,0.44525298864622165,0.46282972292518887,0.43924903615230276,164457518.53427854,60,1.0300026589949998,,,,
1,adapter,M_CA,M_CAB,forward_lineage,whitened_cca,False,0.38574101193591376,0.40687474497679355,0.3871276014649481,1.5430666736744616,64,0.4102716265748956,,,,
1,adapter,M_CAB,M_CA,reverse_lineage,orthogonal_procrustes,False,0.38996046018429054,0.41208041165964426,0.3868286405099678,1.000000000000001,64,1.1102230246251565e-15,,,,
1,adapter,M_CAB,M_CA,reverse_lineage,ridge_linear,True,0.3704966904448916,0.3947621753679992,0.3715751288423417,12840536161.810032,4,1.2161571211558309,0.9695051270927771,0.05552450633144049,0.04243472619345585,0.07541887659729288
1,adapter,M_CAB,M_CA,reverse_lineage,low_rank_residual,False,0.3956982451264535,0.41691455465963423,0.39029754704379305,166201545.13521454,60,1.0514058270530264,,,,
1,adapter,M_CAB,M_CA,reverse_lineage,whitened_cca,False,0.37895982114184446,0.4051765591057351,0.37920509424030846,1.5430666736750913,64,0.4658543226790782,,,,
1,adapter,M_CB,M_CBA,forward_lineage,orthogonal_procrustes,False,0.38705732217928335,0.40470309524113374,0.3830712969232919,1.0000000000000016,64,1.5543122344752192e-15,,,,
1,adapter,M_CB,M_CBA,forward_lineage,ridge_linear,True,0.34151979401638033,0.36473968009564195,0.3424756355503616,178367902693.44623,4,1.3049547232985679,0.9700563738060795,0.047297398504915295,0.03534199623762334,0.061093019726552504
1,adapter,M_CB,M_CBA,forward_lineage,low_rank_residual,False,0.3947938798096502,0.41087677034933173,0.3898335555362804,163955350.80119514,60,1.0430484860149258,,,,
1,adapter,M_CB,M_CBA,forward_lineage,whitened_cca,False,0.34899978415873456,0.3725247484701034,0.34921331148182544,1.8528800310512152,64,0.6358619781750798,,,,
1,adapter,M_CBA,M_CB,reverse_lineage,orthogonal_procrustes,False,0.44248572911789047,0.45485243097085387,0.43660190804672266,1.0000000000000009,64,8.881784197001252e-16,,,,
1,adapter,M_CBA,M_CB,reverse_lineage,ridge_linear,True,0.36422968302431125,0.3823134269592639,0.36442840972144547,43925636821.23417,4,1.0935693728792144,0.9698963734331854,0.05134361159319223,0.03806564796566428,0.07393574782566611
1,adapter,M_CBA,M_CB,reverse_lineage,low_rank_residual,False,0.4550068929046351,0.465019931168557,0.44820254608341237,159032938.19824496,60,1.0447807786759071,,,,
1,adapter,M_CBA,M_CB,reverse_lineage,whitened_cca,False,0.37436190879218445,0.39428483864937086,0.3773773224128905,1.8528800310513118,64,0.6173987340687649,,,,
1,adapter,M_AB,M_B,loop_closing,orthogonal_procrustes,False,0.11605572117054687,0.12028045583937082,0.11547836487265846,1.0000000000000013,64,1.2212453270876722e-15,,,,
1,adapter,M_AB,M_B,loop_closing,ridge_linear,True,0.10687967965281496,0.11213286522505729,0.10818851295691635,111638045350.12555,4,1.1325227341956368,0.9683551512274549,0.013637713677290093,0.009949236596464722,0.018749654787601697
1,adapter,M_AB,M_B,loop_closing,low_rank_residual,False,0.12501430087093302,0.1266889234448184,0.12145484894425311,182410454.83070967,60,1.0455382023408188,,,,
1,adapter,M_AB,M_B,loop_closing,whitened_cca,False,0.10772129999178041,0.11309111557970736,0.10904023535842383,1.2594485257405468,64,0.24645469387782093,,,,
1,adapter,M_B,M_AB,loop_closing,orthogonal_procrustes,False,0.11409472279046651,0.11916247960026274,0.11442982095880486,1.0000000000000013,64,1.3322676295501878e-15,,,,
1,adapter,M_B,M_AB,loop_closing,ridge_linear,True,0.09798680739067865,0.10349574158772448,0.09976420693675404,92777180861.15587,4,1.0502183517609933,0.9683554771221149,0.012756342879232491,0.009724356971603353,0.017529768817202262
1,adapter,M_B,M_AB,loop_closing,low_rank_residual,False,0.12511075072156,0.12818460239863386,0.12305538604929031,178295585.9640353,60,1.0148931436080944,,,,
1,adapter,M_B,M_AB,loop_closing,whitened_cca,False,0.09864210306057886,0.10417229274334897,0.10046700060475702,1.259448525740503,64,0.21686271877974317,,,,
1,adapter,M_AC,M_C,loop_closing,orthogonal_procrustes,False,0.16149826157346714,0.16872893193779395,0.16288768295723763,1.0000000000000013,64,1.3322676295501878e-15,,,,
1,adapter,M_AC,M_C,loop_closing,ridge_linear,True,0.14562277951125913,0.15187499651582612,0.14976931955899977,16395214834.976948,4,1.185049668436687,0.968569147664826,0.01775187797413796,0.013432395782973146,0.02503747787668217
1,adapter,M_AC,M_C,loop_closing,low_rank_residual,False,0.17561444914716465,0.17837457658585512,0.17560160627018742,196539105.762896,60,1.0508356770298564,,,,
1,adapter,M_AC,M_C,loop_closing,whitened_cca,False,0.147919331388907,0.15395619218307674,0.15219191211759958,1.357742632657413,64,0.3369503948209214,,,,
1,adapter,M_C,M_AC,loop_closing,orthogonal_procrustes,False,0.16107465401367896,0.1704993877048987,0.16438455496591695,1.0000000000000016,64,1.4432899320127035e-15,,,,
1,adapter,M_C,M_AC,loop_closing,ridge_linear,True,0.13045880275565444,0.13725191746007862,0.1358209687455568,13896320622.832594,4,1.056069544257763,0.9685832106358107,0.016297803729226446,0.012197045447584655,0.021521970905148347
1,adapter,M_C,M_AC,loop_closing,low_rank_residual,False,0.1786857228235972,0.18504572684540352,0.18156602112169593,190732393.77361128,60,1.0175588995478626,,,,
1,adapter,M_C,M_AC,loop_closing,whitened_cca,False,0.13215811766870836,0.13913479364327622,0.13749263280778234,1.3577426326573692,64,0.2797421915138706,,,,
1,adapter,M_BC,M_C,loop_closing,orthogonal_procrustes,False,0.08186439214304035,0.08623322473794186,0.08230244028397365,1.0000000000000013,64,1.2212453270876722e-15,,,,
1,adapter,M_BC,M_C,loop_closing,ridge_linear,True,0.07692314440433837,0.08094157033033411,0.07780206499683584,724449073570.3351,4,1.025303020068047,0.9682513867861066,0.009909633618880687,0.0076434982029278346,0.013291134004053155
1,adapter,M_BC,M_C,loop_closing,low_rank_residual,False,0.08569462179964979,0.08943136381160871,0.0855111718951686,170950082.77941898,60,1.0079232351411782,,,,
1,adapter,M_BC,M_C,loop_closing,whitened_cca,False,0.07700560883833166,0.08102769337293034,0.07783330257008242,1.0738503384115068,64,0.0708695576674907,,,,
1,adapter,M_C,M_BC,loop_closing,orthogonal_procrustes,False,0.08053217034661767,0.0847887085863629,0.08108058755520323,1.0000000000000013,64,1.2212453270876722e-15,,,,
1,adapter,M_C,M_BC,loop_closing,ridge_linear,True,0.07628605353425524,0.08048684115337726,0.07721571101183669,129155460641.46709,4,1.0391977253849454,0.9682509208397105,0.009485796227580175,0.007334905467393077,0.01306576775473389
1,adapter,M_C,M_BC,loop_closing,low_rank_residual,False,0.08358836994841001,0.08727361849506286,0.08369905815665434,174778131.3006552,60,1.0069644490604188,,,,
1,adapter,M_C,M_BC,loop_closing,whitened_cca,False,0.07636661955512553,0.08055089168324482,0.07734262943762896,1.0738503384114988,64,0.07166407491020832,,,,
1,adapter,M_ABC,M_BAC,same_depth_closing,orthogonal_procrustes,False,0.13943266766274764,0.14344932255801074,0.14343965528497213,1.0000000000000016,64,1.5543122344752192e-15,,,,
1,adapter,M_ABC,M_BAC,same_depth_closing,ridge_linear,True,0.11803744308543913,0.12356279043684822,0.1259501894553248,1057557570731.7522,4,1.0575575707315985,0.9683320396003512,0.016168412022017947,0.012214967557292258,0.021944275607833262
1,adapter,M_ABC,M_BAC,same_depth_closing,low_rank_residual,False,0.14693716688904063,0.14822102749142546,0.14924861334652292,176762024.4412324,60,1.0312871789893736,,,,
1,adapter,M_ABC,M_BAC,same_depth_closing,whitened_cca,False,0.11866092252431434,0.1240470503073631,0.12629503183734073,1.2765075331413818,64,0.23511418292086728,,,,
1,adapter,M_BAC,M_ABC,same_depth_closing,orthogonal_procrustes,False,0.13837850367893187,0.14158814477735449,0.14231039588104313,1.000000000000001,64,9.992007221626409e-16,,,,
1,adapter,M_BAC,M_ABC,same_depth_closing,ridge_linear,True,0.12371813976995111,0.12838727595796384,0.1319241556101713,205077058865.01053,4,1.1391913519549592,0.9683286846806014,0.017039945641369344,0.012890628409860102,0.023633841091013453
1,adapter,M_BAC,M_ABC,same_depth_closing,low_rank_residual,False,0.14390673263483353,0.1442279351828155,0.14636501221104972,176303769.3081976,60,1.0306366283034563,,,,
1,adapter,M_BAC,M_ABC,same_depth_closing,whitened_cca,False,0.12442584991690829,0.12917199512349847,0.13319012842223196,1.2765075331413887,64,0.25474855260451634,,,,
1,adapter,M_ABC,M_ACB,same_depth_closing,orthogonal_procrustes,False,0.3005103983860459,0.320950367340348,0.3164340076846444,1.0000000000000013,64,1.2212453270876722e-15,,,,
1,adapter,M_ABC,M_ACB,same_depth_closing,ridge_linear,True,0.294463634810486,0.31835548285904947,0.3106554236746994,75255131879.89821,4,1.0975260096378865,0.9688176985116117,0.043129425680995245,0.031155735108300914,0.06605012541153502
1,adapter,M_ABC,M_ACB,same_depth_closing,low_rank_residual,False,0.3070465433059486,0.32632814724929,0.3214574398125357,196193081.05804104,60,1.0190965512806414,,,,
1,adapter,M_ABC,M_ACB,same_depth_closing,whitened_cca,False,0.29848652977007867,0.3241754800089735,0.3141897644675898,1.1646039409744213,64,0.16007661484548208,,,,
1,adapter,M_ACB,M_ABC,same_depth_closing,orthogonal_procrustes,False,0.31146081563591993,0.32807890118397454,0.3309722259413448,1.0000000000000009,64,8.881784197001252e-16,,,,
1,adapter,M_ACB,M_ABC,same_depth_closing,ridge_linear,True,0.2965535131879331,0.3180860978117458,0.3137515543670519,47381850660.68172,4,0.9882966046388554,0.9688152560966311,0.044888139441610575,0.03276450122487756,0.06282136759371003
1,adapter,M_ACB,M_ABC,same_depth_closing,low_rank_residual,False,0.31881074308896395,0.3339928280229401,0.3370886124447395,196742904.82920155,60,1.0173040147139494,,,,
1,adapter,M_ACB,M_ABC,same_depth_closing,whitened_cca,False,0.3006855582570048,0.3222314068252229,0.31989619441192096,1.1646039409739195,64,0.14533637067253224,,,,
1,adapter,M_ACB,M_CAB,same_depth_closing,orthogonal_procrustes,False,0.09695248500234846,0.10584134578969889,0.10115141430442348,1.0000000000000013,64,1.2212453270876722e-15,,,,
1,adapter,M_ACB,M_CAB,same_depth_closing,ridge_linear,True,0.08977620799431198,0.09671268337624232,0.09515889894110399,12574060724.983496,4,1.0927662591464158,0.9682795991775518,0.012695279294917112,0.009272011315734772,0.018347709355547012
1,adapter,M_ACB,M_CAB,same_depth_closing,low_rank_residual,False,0.10952339866236376,0.1160080653098688,0.11309613777107037,173070969.97335675,60,1.0204302362535982,,,,
1,adapter,M_ACB,M_CAB,same_depth_closing,whitened_cca,False,0.0900300975760771,0.09709638419535811,0.09563809171227142,1.1485782243776965,64,0.14262202972326532,,,,
1,adapter,M_CAB,M_ACB,same_depth_closing,orthogonal_procrustes,False,0.09810973809861594,0.1075663153054057,0.10231039564116966,1.0000000000000016,64,1.5543122344752192e-15,,,,
1,adapter,M_CAB,M_ACB,same_depth_closing,ridge_linear,True,0.08913936979191404,0.09677267082426004,0.09466398541186424,9663757170.253878,4,1.0188931829210242,0.9682800099492481,0.012915650719264935,0.009380282455413957,0.01836530138130017
1,adapter,M_CAB,M_ACB,same_depth_closing,low_rank_residual,False,0.11167879586530857,0.11946735072698582,0.1153517574303698,174194120.98164394,60,1.0277059072502048,,,,
1,adapter,M_CAB,M_ACB,same_depth_closing,whitened_cca,False,0.08940264154068936,0.0969661781199903,0.094731951560743,1.1485782243776452,64,0.13476066227771377,,,,
1,adapter,M_BAC,M_BCA,same_depth_closing,orthogonal_procrustes,False,0.3782939951084588,0.40303934902186295,0.38351793953409485,1.0000000000000016,64,1.4432899320127035e-15,,,,
1,adapter,M_BAC,M_BCA,same_depth_closing,ridge_linear,True,0.346679288362051,0.3847666732457104,0.35328851299171743,28569839859.074116,4,1.406062068760089,0.9690499320533771,0.04636840875895201,0.03241226273797287,0.07392355138798826
1,adapter,M_BAC,M_BCA,same_depth_closing,low_rank_residual,False,0.3807914221419297,0.4063144786883779,0.3859105240300706,183316037.34452006,60,1.0832697827561912,,,,
1,adapter,M_BAC,M_BCA,same_depth_closing,whitened_cca,False,0.3533996862510873,0.39603174765212124,0.3589858570757012,1.6888341507114129,64,0.6083330804744638,,,,
1,adapter,M_BCA,M_BAC,same_depth_closing,orthogonal_procrustes,False,0.45150787305258355,0.4728466569567595,0.46131200505543013,1.0000000000000013,64,1.3322676295501878e-15,,,,
1,adapter,M_BCA,M_BAC,same_depth_closing,ridge_linear,True,0.34962133429983294,0.3846210709202038,0.356164970840945,21976113119.912678,4,1.0351159853907532,0.969164128943026,0.051000278878583154,0.039569782238730956,0.07161977349813861
1,adapter,M_BCA,M_BAC,same_depth_closing,low_rank_residual,False,0.46497420826004493,0.4856371559960917,0.47450977742685263,176381212.333899,60,1.0711127811390733,,,,
1,adapter,M_BCA,M_BAC,same_depth_closing,whitened_cca,False,0.35674136032043147,0.39238429059470986,0.3662588494207167,1.6888341507113918,64,0.46184995373834214,,,,
1,adapter,M_BCA,M_CBA,same_depth_closing,orthogonal_procrustes,False,0.1516693974183703,0.16042970456169964,0.15622294160045555,1.000000000000001,64,1.1102230246251565e-15,,,,
1,adapter,M_BCA,M_CBA,same_depth_closing,ridge_linear,True,0.14142355596090392,0.1527102030290691,0.14654371254876497,101109709943.73878,4,1.0442695480947857,0.9683662813007887,0.02440393226994124,0.018122130358143043,0.036669847643597556
1,adapter,M_BCA,M_CBA,same_depth_closing,low_rank_residual,False,0.15576127166652587,0.16282333652326242,0.15879797190197037,139108178.585247,60,1.0303502935310835,,,,
1,adapter,M_BCA,M_CBA,same_depth_closing,whitened_cca,False,0.1420987959487458,0.15314239729002346,0.14693065648826437,1.1915316561732106,64,0.1739363054137446,,,,
1,adapter,M_CBA,M_BCA,same_depth_closing,orthogonal_procrustes,False,0.14938997056427408,0.1583870580035039,0.15491893185454444,1.0000000000000013,64,1.2212453270876722e-15,,,,
1,adapter,M_CBA,M_BCA,same_depth_closing,ridge_linear,True,0.1428689148069061,0.1539572230929968,0.14862497016371476,76471196986.62573,4,1.0745429207904686,0.9683621553158377,0.023660105685086266,0.019305006286527843,0.03141803560688108
1,adapter,M_CBA,M_BCA,same_depth_closing,low_rank_residual,False,0.15372560094063506,0.16128361954853365,0.15814635108436847,135481368.0588781,60,1.018432180217602,,,,
1,adapter,M_CBA,M_BCA,same_depth_closing,whitened_cca,False,0.1435604151351537,0.15505035773892967,0.1497635053117829,1.1915316561733493,64,0.17700490530831847,,,,
1,adapter,M_CAB,M_CBA,same_depth_closing,orthogonal_procrustes,False,0.37159509546944025,0.3910530705238336,0.3659392080147655,1.0000000000000013,64,1.3322676295501878e-15,,,,
1,adapter,M_CAB,M_CBA,same_depth_closing,ridge_linear,True,0.33583448753134304,0.3598595982590319,0.33582315526384654,119568473867.45273,4,1.3022731207721263,0.9695480150769771,0.04727679946471644,0.034459486833949074,0.0667980501781582
1,adapter,M_CAB,M_CBA,same_depth_closing,low_rank_residual,False,0.3768821821921388,0.3944239231906085,0.370999621659611,156955947.8167428,60,1.0675274828046186,,,,
1,adapter,M_CAB,M_CBA,same_depth_closing,whitened_cca,False,0.3427869593680985,0.3671033493031689,0.3410612447938557,1.6969575744815755,64,0.5614240564836641,,,,
1,adapter,M_CBA,M_CAB,same_depth_closing,orthogonal_procrustes,False,0.4133675146830979,0.4303388044658675,0.4093444345523932,1.0000000000000016,64,1.5543122344752192e-15,,,,
1,adapter,M_CBA,M_CAB,same_depth_closing,ridge_linear,True,0.3547759814414936,0.37467669089211963,0.35436470109293894,43864547192.80412,4,1.0806787893032697,0.9694263947997359,0.05019772382872311,0.03713006336695118,0.06598463233414686
1,adapter,M_CBA,M_CAB,same_depth_closing,low_rank_residual,False,0.42472356483551293,0.4389968031155403,0.42065186490045237,154347976.64674994,60,1.0327980807710824,,,,
1,adapter,M_CBA,M_CAB,same_depth_closing,whitened_cca,False,0.3631558425688105,0.3846245633905873,0.3655389072420924,1.6969575744815097,64,0.5098596953913211,,,,
1,adapter,M_AB,M_BA,same_depth_closing,orthogonal_procrustes,False,0.3712427134708194,0.38989685409694325,0.3666008300754021,1.0000000000000016,64,1.4432899320127035e-15,,,,
1,adapter,M_AB,M_BA,same_depth_closing,ridge_linear,True,0.3366229929291721,0.3599295858973718,0.33428890891731106,40727493076.59185,4,1.3082578908842282,0.9697476326173707,0.04673223918275446,0.033001875244360976,0.06792982387388771
1,adapter,M_AB,M_BA,same_depth_closing,low_rank_residual,False,0.37456518127079397,0.3913502130553954,0.36930881167957685,145719859.02766794,60,1.0726152426424582,,,,
1,adapter,M_AB,M_BA,same_depth_closing,whitened_cca,False,0.34408431135513484,0.36720377873291865,0.340408909349181,1.6627798650573675,64,0.5500638101399857,,,,
1,adapter,M_BA,M_AB,same_depth_closing,orthogonal_procrustes,False,0.4190052292956413,0.43667643788782157,0.41584997761816767,1.000000000000001,64,9.992007221626409e-16,,,,
1,adapter,M_BA,M_AB,same_depth_closing,ridge_linear,True,0.3536678320886149,0.37318503019658766,0.35280146683521946,26017799460.731247,4,1.0490813892083746,0.9696565992192637,0.05111714303244831,0.037446285808866435,0.0738034334246361
1,adapter,M_BA,M_AB,same_depth_closing,low_rank_residual,False,0.42733869325139967,0.4426871714337653,0.4240662300299014,142687866.2196712,60,1.0319518353661585,,,,
1,adapter,M_BA,M_AB,same_depth_closing,whitened_cca,False,0.3626054450893696,0.3843741149407844,0.3634781710876017,1.6627798650576826,64,0.48027588718900105,,,,
1,adapter,M_AC,M_CA,same_depth_closing,orthogonal_procrustes,False,0.3804871175932475,0.40446924884047863,0.3849575112245488,1.000000000000001,64,1.1102230246251565e-15,,,,
1,adapter,M_AC,M_CA,same_depth_closing,ridge_linear,True,0.34432469407654337,0.38071953437140166,0.3498367360175307,24858904963.09181,4,1.3967233320838732,0.9692146435473772,0.04419227155270462,0.0310521376146794,0.06619708009837383
1,adapter,M_AC,M_CA,same_depth_closing,low_rank_residual,False,0.3835815830448804,0.40830203767703205,0.38758176155278545,171488531.35074085,60,1.0753363485686867,,,,
1,adapter,M_AC,M_CA,same_depth_closing,whitened_cca,False,0.3515406848684384,0.3918973847252153,0.35506990552549866,1.569464034619403,64,0.5385311758200646,,,,
1,adapter,M_CA,M_AC,same_depth_closing,orthogonal_procrustes,False,0.4562904909505313,0.4786966407593877,0.466596965069769,1.0000000000000013,64,1.3322676295501878e-15,,,,
1,adapter,M_CA,M_AC,same_depth_closing,ridge_linear,True,0.3532371589920842,0.38727331576787616,0.3586122800129281,20740440799.659348,4,0.9602382437744706,0.9693396800772874,0.05312601569697081,0.037971775140740065,0.07930313982656687
1,adapter,M_CA,M_AC,same_depth_closing,low_rank_residual,False,0.47293986405701927,0.4942529799745,0.4831139771506036,169754575.01117003,60,1.0433022231598053,,,,
1,adapter,M_CA,M_AC,same_depth_closing,whitened_cca,False,0.36124910271931554,0.396198493497043,0.369996457286071,1.5694640346200497,64,0.38368107977122745,,,,
1,adapter,M_BC,M_CB,same_depth_closing,orthogonal_procrustes,False,0.28457375658214223,0.30080220137350655,0.2942603064686177,1.0000000000000016,64,1.5543122344752192e-15,,,,
1,adapter,M_BC,M_CB,same_depth_closing,ridge_linear,True,0.2786291536668724,0.2975072099613996,0.2899497842572457,33864257568.532867,4,1.083662379031703,0.9685126703637844,0.03636617258134254,0.0281162650290356,0.05028302147350941
1,adapter,M_BC,M_CB,same_depth_closing,low_rank_residual,False,0.2884380511561173,0.30404978983884084,0.2973987795169851,175621064.2944985,60,1.015331844399622,,,,
1,adapter,M_BC,M_CB,same_depth_closing,whitened_cca,False,0.28175361808522603,0.30249052752796557,0.29284997649404576,1.1846927828329255,64,0.1751197575486192,,,,
1,adapter,M_CB,M_BC,same_depth_closing,orthogonal_procrustes,False,0.29362839424646864,0.30777266176886464,0.3062556374827051,1.0000000000000013,64,1.3322676295501878e-15,,,,
1,adapter,M_CB,M_BC,same_depth_closing,ridge_linear,True,0.2806662202248797,0.2993080216103775,0.29296340023791495,61651027102.018196,4,0.9964311455769191,0.9685315002714114,0.03943812067394267,0.03174638783506586,0.0538781764123824
1,adapter,M_CB,M_BC,same_depth_closing,low_rank_residual,False,0.2983140973536712,0.31170228845494435,0.310505177379598,176289722.74333632,60,1.0171838898301144,,,,
1,adapter,M_CB,M_BC,same_depth_closing,whitened_cca,False,0.28385849591626044,0.30226949337483183,0.2977581857962645,1.184692782832851,64,0.16442163406233035,,,,
1,adapter,M_A,M_B,same_depth_closing,orthogonal_procrustes,False,0.4597487500187696,0.4772276370349872,0.4531833935428994,1.000000000000001,64,1.1102230246251565e-15,,,,
1,adapter,M_A,M_B,same_depth_closing,ridge_linear,True,0.39098372109923124,0.41094559467175173,0.38594025375594343,82853887765.46051,4,1.0686413450991579,0.9709169820756309,0.05520496553708085,0.04373235448736508,0.07393858595384901
1,adapter,M_A,M_B,same_depth_closing,low_rank_residual,False,0.47105296708176186,0.48700310163806904,0.4620722113787964,189259626.57500097,60,1.0830301112867757,,,,
1,adapter,M_A,M_B,same_depth_closing,whitened_cca,False,0.4039201016488184,0.4251625737840205,0.4019787380061611,1.7482918237243195,64,0.5739815340004252,,,,
1,adapter,M_B,M_A,same_depth_closing,orthogonal_procrustes,False,0.40758401582401715,0.43094029515956583,0.4031468384450717,1.0000000000000016,64,1.4432899320127035e-15,,,,
1,adapter,M_B,M_A,same_depth_closing,ridge_linear,True,0.3770766743947076,0.4039881080364456,0.37565354774506987,33139488422.08707,4,1.2041981282527268,0.9709606342257112,0.05159826029854384,0.03978505717967788,0.06903457808909973
1,adapter,M_B,M_A,same_depth_closing,low_rank_residual,False,0.4148574348331995,0.4376726635577364,0.4084818630497918,180859552.7651778,60,1.0484683632321057,,,,
1,adapter,M_B,M_A,same_depth_closing,whitened_cca,False,0.38751013866593037,0.4159137639506266,0.38463399545966304,1.7482918237243894,64,0.5579948012252115,,,,
1,adapter,M_A,M_C,same_depth_closing,orthogonal_procrustes,False,0.5324800426788163,0.5447764486886302,0.535442509129123,1.000000000000001,64,9.992007221626409e-16,,,,
1,adapter,M_A,M_C,same_depth_closing,ridge_linear,True,0.4318950243753723,0.46111616609838,0.43581455025804045,38266788108.80374,4,1.087457459969519,0.9711616319544161,0.06298787605213158,0.0483044513281747,0.08579568409136877
1,adapter,M_A,M_C,same_depth_closing,low_rank_residual,False,0.5518284086118764,0.5632147545584762,0.5545500874341462,178825423.14427435,60,1.0834751228839927,,,,
1,adapter,M_A,M_C,same_depth_closing,whitened_cca,False,0.4486418802306195,0.4795130365641429,0.45730499497271465,2.1677219598982145,64,0.7803859941990634,,,,
1,adapter,M_C,M_A,same_depth_closing,orthogonal_procrustes,False,0.4562838732037519,0.4792134705998436,0.45671165607938896,1.0000000000000013,64,1.2212453270876722e-15,,,,
1,adapter,M_C,M_A,same_depth_closing,ridge_linear,True,0.40987251015497395,0.4447638085123449,0.4165815078479416,46760256546.02881,4,1.374327550473507,0.9713639828277055,0.054328579663576126,0.04087117208052043,0.07637795500650807
1,adapter,M_C,M_A,same_depth_closing,low_rank_residual,False,0.46623058797226685,0.490121938557511,0.4669005547220317,180745684.3121536,60,1.0796045250653887,,,,
1,adapter,M_C,M_A,same_depth_closing,whitened_cca,False,0.4223021686586592,0.4632870591214147,0.4269163217110889,2.1677219598980404,64,0.8060571811342685,,,,
1,adapter,M_B,M_C,same_depth_closing,orthogonal_procrustes,False,0.3493026272032597,0.36587435469233737,0.3615378140013656,1.0000000000000018,64,1.7763568394002505e-15,,,,
1,adapter,M_B,M_C,same_depth_closing,ridge_linear,True,0.3332369295289272,0.3537402783538765,0.3444409285584757,46606647395.41404,4,1.0069209435644118,0.9689293786796883,0.04527724952287776,0.03431439538237033,0.062885532457405
1,adapter,M_B,M_C,same_depth_closing,low_rank_residual,False,0.35599704098584556,0.3710514129294242,0.36713856423729274,193850298.57391912,60,1.036584507165952,,,,
1,adapter,M_B,M_C,same_depth_closing,whitened_cca,False,0.33887759589182004,0.3594158154002416,0.3517726977007412,1.2196205899619523,64,0.19589194119064268,,,,
1,adapter,M_C,M_B,same_depth_closing,orthogonal_procrustes,False,0.3376269065285669,0.35641103695413384,0.3466519960187518,1.000000000000001,64,1.1102230246251565e-15,,,,
1,adapter,M_C,M_B,same_depth_closing,ridge_linear,True,0.33146750069685055,0.35302543403503805,0.3421179545482384,39297777693.873085,4,1.0702951566927599,0.9688989551783055,0.04406888601931016,0.03294521644580043,0.06108676134704213
1,adapter,M_C,M_B,same_depth_closing,low_rank_residual,False,0.3454138592500561,0.36245171539359233,0.3525919415160326,172234820.3417681,60,1.0249576629623567,,,,
1,adapter,M_C,M_B,same_depth_closing,whitened_cca,False,0.337049266484727,0.36052336208644375,0.3471764107103617,1.219620589962103,64,0.2018853430564005,,,,
1,penultimate,M0,M_A,forward_lineage,orthogonal_procrustes,False,0.23658061686789347,0.23845774253857346,0.23537281110772987,1.0000000000000013,64,1.3322676295501878e-15,,,,
1,penultimate,M0,M_A,forward_lineage,ridge_linear,False,1.2817360136981223e-06,1.4696815148696457e-06,1.427138110686445e-06,10.101920784596063,64,2.4613250411047023,,,,
1,penultimate,M0,M_A,forward_lineage,low_rank_residual,False,2.047192059545844e-06,1.996284186735727e-06,2.049640377818669e-06,10.101860092286199,64,2.461323192562462,,,,
1,penultimate,M0,M_A,forward_lineage,whitened_cca,True,1.3696872756036124e-07,1.437230326772603e-07,1.4579165662426454e-07,10.101951300604355,64,2.4613373817758806,1.121577413506776e-14,6.450312249702477e-08,6.05398756228579e-08,6.869149435925966e-08
1,penultimate,M_A,M0,reverse_lineage,orthogonal_procrustes,False,0.25063765965057727,0.2502762433948199,0.2498242364197841,1.0000000000000018,64,1.6653345369377348e-15,,,,
1,penultimate,M_A,M0,reverse_lineage,ridge_linear,False,2.259909059260452e-06,2.674511482802274e-06,2.57678289313749e-06,10.101728172793825,64,3.3318211278260614,,,,
1,penultimate,M_A,M0,reverse_lineage,low_rank_residual,False,3.8502795935202995e-06,3.86119714893794e-06,3.974515355128453e-06,10.10184412660848,64,3.3318255760316133,,,,
1,penultimate,M_A,M0,reverse_lineage,whitened_cca,True,1.5007763370994391e-07,1.5690715921000333e-07,1.6097365255584086e-07,10.101951300604334,64,3.3319048975112455,1.180638408388128e-14,6.885696751961114e-08,6.187610659160805e-08,7.666030595614141e-08
1,penultimate,M0,M_B,forward_lineage,orthogonal_procrustes,False,0.13838780540086812,0.14350475697513898,0.14238302723057059,1.0000000000000016,64,1.5543122344752192e-15,,,,
1,penultimate,M0,M_B,forward_lineage,ridge_linear,False,1.2022076167594286e-06,1.3735799951192885e-06,1.3418938919760685e-06,3.2667167447138743,64,1.238286615392488,,,,
1,penultimate,M0,M_B,forward_lineage,low_rank_residual,False,2.031987794153288e-06,1.942593330724349e-06,2.016225334513118e-06,3.2667109917094783,64,1.2382854529000769,,,,
1,penultimate,M0,M_B,forward_lineage,whitened_cca,True,1.331120420044147e-07,1.4024605729424712e-07,1.4180003128802195e-07,3.266715031143625,64,1.238288596470962,1.1668485811373554e-14,6.213288681052628e-08,5.729284918896619e-08,6.69288965004536e-08
1,penultimate,M_B,M0,reverse_lineage,orthogonal_procrustes,False,0.14154508304160124,0.1468143975003395,0.1461800594769875,1.0000000000000016,64,1.5543122344752192e-15,,,,
1,penultimate,M_B,M0,reverse_lineage,ridge_linear,False,1.3069157779976706e-06,1.5014182732784558e-06,1.471044227456782e-06,3.2666911233373837,64,1.2701525789579589,,,,
1,penultimate,M_B,M0,reverse_lineage,low_rank_residual,False,2.413111002540372e-06,2.332521105319539e-06,2.4391394600014324e-06,3.2667029695171723,64,1.2701549857650387,,,,
1,penultimate,M_B,M0,reverse_lineage,whitened_cca,True,1.3596131067997854e-07,1.4359212951813251e-07,1.454988758192846e-07,3.2667150311436477,64,1.2701667062036475,1.1834454954992934e-14,6.315807739358172e-08,5.8679752754321724e-08,6.801488572117988e-08
1,penultimate,M0,M_C,forward_lineage,orthogonal_procrustes,False,0.13867358445044742,0.143172776319942,0.1446643975962575,1.000000000000001,64,1.1102230246251565e-15,,,,
1,penultimate,M0,M_C,forward_lineage,ridge_linear,False,1.2781210011251664e-06,1.4509445574589152e-06,1.4304540784851843e-06,3.507991609632709,64,1.4782537127577149,,,,
1,penultimate,M0,M_C,forward_lineage,low_rank_residual,False,2.0075469715037454e-06,1.917943672680068e-06,2.0043563437322307e-06,3.5080009483535624,64,1.4782554891976063,,,,
1,penultimate,M0,M_C,forward_lineage,whitened_cca,True,1.3361405183238539e-07,1.3985568630293229e-07,1.4214151545301862e-07,3.5080089994205617,64,1.4782658193834264,1.1646879673235016e-14,6.162257899350104e-08,5.633574100996412e-08,6.608362243029657e-08
1,penultimate,M_C,M0,reverse_lineage,orthogonal_procrustes,False,0.14053166252515764,0.14576610977295837,0.1469051951409794,1.0000000000000018,64,1.7763568394002505e-15,,,,
1,penultimate,M_C,M0,reverse_lineage,ridge_linear,False,1.2463983093468451e-06,1.412525931228476e-06,1.3929069200799277e-06,3.5080014151257193,64,1.212950289604824,,,,
1,penultimate,M_C,M0,reverse_lineage,low_rank_residual,False,1.976507401274089e-06,1.9480449251048136e-06,1.9956103738163312e-06,3.5079966787902443,64,1.2129494492045605,,,,
1,penultimate,M_C,M0,reverse_lineage,whitened_cca,True,1.3474710796247734e-07,1.4182985247011645e-07,1.4351331281535126e-07,3.508008999420547,64,1.2129557204181771,1.1630557341705278e-14,6.184876896316637e-08,5.6353053479314996e-08,6.654457358947926e-08
1,penultimate,M_A,M_AB,forward_lineage,orthogonal_procrustes,False,0.21711455179356742,0.22128363810239585,0.21509020174085816,1.0000000000000016,64,1.5543122344752192e-15,,,,
1,penultimate,M_A,M_AB,forward_lineage,ridge_linear,False,1.8832863092004237e-06,2.2152774351964373e-06,2.138683312387145e-06,7.584642810744476,64,2.7184287537883867,,,,
1,penultimate,M_A,M_AB,forward_lineage,low_rank_residual,False,3.5614904819331535e-06,3.4920283313979993e-06,3.6186972012353545e-06,7.584713995149042,64,2.7184329246860517,,,,
1,penultimate,M_A,M_AB,forward_lineage,whitened_cca,True,1.4997446921279701e-07,1.5687112271279214e-07,1.6149193152831e-07,7.5847816921153495,64,2.7184885878612777,1.3898837405985697e-14,7.218528032975799e-08,6.64197539697361e-08,7.906176044124208e-08
1,penultimate,M_AB,M_A,reverse_lineage,orthogonal_procrustes,False,0.20986594215824514,0.2154556571848122,0.20783464192973233,1.0000000000000016,64,1.4432899320127035e-15,,,,
1,penultimate,M_AB,M_A,reverse_lineage,ridge_linear,False,1.28184010747742e-06,1.4707239532068212e-06,1.4279558635323568e-06,7.584755681258675,64,2.10285629873136,,,,
1,penultimate,M_AB,M_A,reverse_lineage,low_rank_residual,False,2.3612435888684354e-06,2.2803700201670996e-06,2.3645477321071187e-06,7.584712453902563,64,2.102854168727365,,,,
1,penultimate,M_AB,M_A,reverse_lineage,whitened_cca,True,1.4226372123153212e-07,1.4933308564476542e-07,1.5233602758584694e-07,7.584781692115303,64,2.102868729525791,1.317407935785019e-14,6.963194352037443e-08,6.4114141861896e-08,7.555847811775285e-08
1,penultimate,M_A,M_AC,forward_lineage,orthogonal_procrustes,False,0.2416630927608463,0.2468119353772843,0.24581460435738128,1.0000000000000013,64,1.3322676295501878e-15,,,,
1,penultimate,M_A,M_AC,forward_lineage,ridge_linear,False,2.7173837214091107e-06,3.2081752990969966e-06,3.1071710013463063e-06,14.03320508146053,64,4.312331554459919,,,,
1,penultimate,M_A,M_AC,forward_lineage,low_rank_residual,False,3.848512731684202e-06,4.014263124305229e-06,4.0807052122985575e-06,14.033364791097412,64,4.312335465087814,,,,
1,penultimate,M_A,M_AC,forward_lineage,whitened_cca,True,1.5461270733403213e-07,1.6170625435111006e-07,1.6561791199862528e-07,14.033541702344975,64,4.312445594710492,1.197868788508628e-14,6.868309898494941e-08,6.25367752827135e-08,7.49357319506909e-08
1,penultimate,M_AC,M_A,reverse_lineage,orthogonal_procrustes,False,0.2304798803590528,0.2376140049510058,0.23359769453148427,1.0000000000000018,64,1.6653345369377348e-15,,,,
1,penultimate,M_AC,M_A,reverse_lineage,ridge_linear,False,1.3515313875127636e-06,1.5371332006086283e-06,1.497914496270712e-06,14.033478603888806,64,2.8069286602152776,,,,
1,penultimate,M_AC,M_A,reverse_lineage,low_rank_residual,False,2.005540620197425e-06,2.0099653205116996e-06,2.0309626031226314e-06,14.033391718910824,64,2.8069271670119527,,,,
1,penultimate,M_AC,M_A,reverse_lineage,whitened_cca,True,1.4127119688073074e-07,1.487645024287043e-07,1.489298437291774e-07,14.033541702345001,64,2.806945452600881,1.0835178259190401e-14,6.612361635346762e-08,6.052859038143332e-08,7.214100835340495e-08
1,penultimate,M_B,M_BA,forward_lineage,orthogonal_procrustes,False,0.21296725439717534,0.21538070228167006,0.21068156493278495,1.0000000000000013,64,1.2212453270876722e-15,,,,
1,penultimate,M_B,M_BA,forward_lineage,ridge_linear,False,1.3115821024540596e-06,1.5088735528034053e-06,1.4631812894267939e-06,8.447469874894209,64,2.2687189137265595,,,,
1,penultimate,M_B,M_BA,forward_lineage,low_rank_residual,False,2.309407322682194e-06,2.2519858974545604e-06,2.327103326349511e-06,8.447411682122354,64,2.2687165045761595,,,,
1,penultimate,M_B,M_BA,forward_lineage,whitened_cca,True,1.4344955403776314e-07,1.5168033938336068e-07,1.547688106353764e-07,8.447509189075737,64,2.268736150085032,1.1788481882603612e-14,7.018135446917679e-08,6.412833175284962e-08,7.673565088167366e-08
1,penultimate,M_BA,M_B,reverse_lineage,orthogonal_procrustes,False,0.22204940828946224,0.2223207010369102,0.2191921468053032,1.0000000000000018,64,1.6653345369377348e-15,,,,
1,penultimate,M_BA,M_B,reverse_lineage,ridge_linear,False,2.10473617248582e-06,2.4873698875192945e-06,2.397042710757796e-06,8.447307039523933,64,2.8939910644838243,,,,
1,penultimate,M_BA,M_B,reverse_lineage,low_rank_residual,False,3.85617318705917e-06,3.817611496686207e-06,3.94630818428984e-06,8.447400337590981,64,2.8939956762330334,,,,
1,penultimate,M_BA,M_B,reverse_lineage,whitened_cca,True,1.530538614337757e-07,1.605399101893445e-07,1.6496955683183406e-07,8.44750918907579,64,2.894072666170282,1.2333308952351243e-14,7.373273582210859e-08,6.697431661600906e-08,7.89230095898439e-08
1,penultimate,M_B,M_BC,forward_lineage,orthogonal_procrustes,False,0.15623333705516376,0.16170424067630404,0.16242308898498456,1.0000000000000016,64,1.5543122344752192e-15,,,,
1,penultimate,M_B,M_BC,forward_lineage,ridge_linear,False,1.4084590598922041e-06,1.6146171011336358e-06,1.5862969246450815e-06,4.774876098288558,64,1.9050441725062792,,,,
1,penultimate,M_B,M_BC,forward_lineage,low_rank_residual,False,2.381068367942071e-06,2.3048255947345527e-06,2.4181501382190437e-06,4.774900026041857,64,1.905046991203356,,,,
1,penultimate,M_B,M_BC,forward_lineage,whitened_cca,True,1.4117081059532198e-07,1.4914937171545821e-07,1.5222765964810224e-07,4.774920027261882,64,1.9050680442950427,1.1287052223476351e-14,6.57025802623292e-08,6.020293382625045e-08,6.96607206434289e-08
1,penultimate,M_BC,M_B,reverse_lineage,orthogonal_procrustes,False,0.15552983997061914,0.16158529820625386,0.16132547533670608,1.0000000000000013,64,1.2212453270876722e-15,,,,
1,penultimate,M_BC,M_B,reverse_lineage,ridge_linear,False,1.2457228624145444e-06,1.415875991447199e-06,1.3889743236413072e-06,4.77491157395305,64,1.566524490789579,,,,
1,penultimate,M_BC,M_B,reverse_lineage,low_rank_residual,False,2.049052746697817e-06,2.0196083833296522e-06,2.05692908569165e-06,4.774898164548001,64,1.5665230604041949,,,,
1,penultimate,M_BC,M_B,reverse_lineage,whitened_cca,True,1.394547542140323e-07,1.4808886700341348e-07,1.5019290567971046e-07,4.774920027261879,64,1.5665307218329203,1.139521422341501e-14,6.446313884063234e-08,5.929829301083339e-08,6.877397698509419e-08
1,penultimate,M_C,M_CA,forward_lineage,orthogonal_procrustes,False,0.23488111209288418,0.23622414832538596,0.23319567833182114,1.0000000000000018,64,1.6653345369377348e-15,,,,
1,penultimate,M_C,M_CA,forward_lineage,ridge_linear,False,1.2864888885682825e-06,1.468265439493751e-06,1.4268510739383612e-06,12.039173071903525,64,2.652312175221478,,,,
1,penultimate,M_C,M_CA,forward_lineage,low_rank_residual,False,1.942563157060012e-06,1.9598662173959695e-06,1.976820218225223e-06,12.039098340423699,64,2.6523104998415765,,,,
1,penultimate,M_C,M_CA,forward_lineage,whitened_cca,True,1.4263578605333862e-07,1.504985152309384e-07,1.5086867994489638e-07,12.039211032918727,64,2.652324516101482,1.2088919192433851e-14,6.796505835597025e-08,6.279690805728203e-08,7.329212760188175e-08
1,penultimate,M_CA,M_C,reverse_lineage,orthogonal_procrustes,False,0.24853278461344933,0.24644749862756707,0.24619799424900374,1.0000000000000018,64,1.7763568394002505e-15,,,,
1,penultimate,M_CA,M_C,reverse_lineage,ridge_linear,False,2.3626980259846756e-06,2.799956395619983e-06,2.712508962932142e-06,12.038964115027026,64,3.816290654119541,,,,
1,penultimate,M_CA,M_C,reverse_lineage,low_rank_residual,False,3.7098120084422033e-06,3.7840569922976463e-06,3.862328310359154e-06,12.03910576293456,64,3.816294916091431,,,,
1,penultimate,M_CA,M_C,reverse_lineage,whitened_cca,True,1.5792697537993255e-07,1.6256473593859606e-07,1.6730757513872724e-07,12.039211032918699,64,3.816378008356439,1.2954599750164744e-14,7.150534453281641e-08,6.473642188739524e-08,7.743697150118648e-08
1,penultimate,M_C,M_CB,forward_lineage,orthogonal_procrustes,False,0.15756993031850514,0.16258333286956603,0.1641527922593187,1.0000000000000016,64,1.5543122344752192e-15,,,,
1,penultimate,M_C,M_CB,forward_lineage,ridge_linear,False,1.2474496914844525e-06,1.4149471426405705e-06,1.3855413438272004e-06,4.916365960382713,64,1.5887236410552255,,,,
1,penultimate,M_C,M_CB,forward_lineage,low_rank_residual,False,1.933723492020544e-06,1.9117397645881908e-06,1.948674284138232e-06,4.916351670675185,64,1.5887222192278543,,,,
1,penultimate,M_C,M_CB,forward_lineage,whitened_cca,True,1.3886902512500577e-07,1.4603343417801333e-07,1.48198925420944e-07,4.916371027383081,64,1.5887284028933264,1.1215716667325208e-14,6.500588991149186e-08,5.917491103126895e-08,7.112910296752661e-08
1,penultimate,M_CB,M_C,reverse_lineage,orthogonal_procrustes,False,0.15971755229193216,0.16409261721005192,0.1666583532746539,1.0000000000000013,64,1.3322676295501878e-15,,,,
1,penultimate,M_CB,M_C,reverse_lineage,ridge_linear,False,1.4304728990626696e-06,1.6434758049225308e-06,1.6203939728513146e-06,4.916323516439783,64,1.963666723140292,,,,
1,penultimate,M_CB,M_C,reverse_lineage,low_rank_residual,False,2.36182680979821e-06,2.305062604456326e-06,2.4085792991836123e-06,4.916348652368598,64,1.9636695817136345,,,,
1,penultimate,M_CB,M_C,reverse_lineage,whitened_cca,True,1.4215119271965697e-07,1.4807263932148327e-07,1.5138685239372648e-07,4.91637102738309,64,1.963691895216778,1.1151123970094048e-14,6.62436687350657e-08,6.182036203063175e-08,7.187410250561871e-08
1,penultimate,M_AB,M_ABC,forward_lineage,orthogonal_procrustes,False,0.15922468190138483,0.16469116137007042,0.16649206907444355,1.0000000000000013,64,1.3322676295501878e-15,,,,
1,penultimate,M_AB,M_ABC,forward_lineage,ridge_linear,False,1.4782865304291799e-06,1.698323237477389e-06,1.664891084977199e-06,5.233877425095233,64,2.072617927176076,,,,
1,penultimate,M_AB,M_ABC,forward_lineage,low_rank_residual,False,2.503720047771975e-06,2.437121712240257e-06,2.5469005927500063e-06,5.233907432755791,64,2.072621025886097,,,,
1,penultimate,M_AB,M_ABC,forward_lineage,whitened_cca,True,1.425183513364251e-07,1.4916117223390413e-07,1.5299984154914905e-07,5.233934075207187,64,2.0726475940135445,1.1598575367117045e-14,6.630956314342817e-08,6.085804077751177e-08,7.128214531572232e-08
1,penultimate,M_ABC,M_AB,reverse_lineage,orthogonal_procrustes,False,0.1584906365653202,0.16472014625413525,0.165274246819063,1.0000000000000016,64,1.5543122344752192e-15,,,,
1,penultimate,M_ABC,M_AB,reverse_lineage,ridge_linear,False,1.2532729551156771e-06,1.42465185525884e-06,1.3984941872544068e-06,5.23392306160637,64,1.652466107619975,,,,
1,penultimate,M_ABC,M_AB,reverse_lineage,low_rank_residual,False,2.067532267915862e-06,2.038964796173307e-06,2.069949019565323e-06,5.233905464234848,64,1.6524645079562286,,,,
1,penultimate,M_ABC,M_AB,reverse_lineage,whitened_cca,True,1.4051935449129595e-07,1.4801713378375885e-07,1.5058599464279988e-07,5.233934075207189,64,1.6524733657061732,1.147585295784925e-14,6.515168693365801e-08,6.064656844545559e-08,7.029067822926393e-08
1,penultimate,M_AC,M_ACB,forward_lineage,orthogonal_procrustes,False,0.15676049265636055,0.16062190208461902,0.1620898182052427,1.0000000000000016,64,1.5543122344752192e-15,,,,
1,penultimate,M_AC,M_ACB,forward_lineage,ridge_linear,False,1.2387753840453323e-06,1.4112710540811898e-06,1.382178581714086e-06,4.553800995791429,64,1.5261383468598173,,,,
1,penultimate,M_AC,M_ACB,forward_lineage,low_rank_residual,False,2.0313884577611786e-06,1.991933692231326e-06,2.0283713538048834e-06,4.553787254703825,64,1.5261367857375856,,,,
1,penultimate,M_AC,M_ACB,forward_lineage,whitened_cca,True,1.3843315441842518e-07,1.458621292403904e-07,1.4760777447847563e-07,4.553805018430886,64,1.5261430335893678,1.0744589425477229e-14,6.599091003410736e-08,6.12855957237218e-08,7.04398833934966e-08
1,penultimate,M_ACB,M_AC,reverse_lineage,orthogonal_procrustes,False,0.15969976298702887,0.16309076847352122,0.16561426416519653,1.0000000000000016,64,1.4432899320127035e-15,,,,
1,penultimate,M_ACB,M_AC,reverse_lineage,ridge_linear,False,1.416165496558906e-06,1.6290022360116717e-06,1.5990512226355408e-06,4.553760500217852,64,1.8172377992214392,,,,
1,penultimate,M_ACB,M_AC,reverse_lineage,low_rank_residual,False,2.535461402874795e-06,2.454397844889745e-06,2.5661177762942004e-06,4.553784051627478,64,1.8172407799693282,,,,
1,penultimate,M_ACB,M_AC,reverse_lineage,whitened_cca,True,1.4195460498155787e-07,1.489450897863454e-07,1.5143783607071338e-07,4.553805018430867,64,1.8172619050940217,1.1003968851169651e-14,6.743606119521982e-08,6.226357164476112e-08,7.396057644423148e-08
1,penultimate,M_BA,M_BAC,forward_lineage,orthogonal_procrustes,False,0.24555809778803508,0.2504033840370079,0.25034644091788616,1.0000000000000013,64,1.2212453270876722e-15,,,,
1,penultimate,M_BA,M_BAC,forward_lineage,ridge_linear,False,2.9543091713042413e-06,3.504506035995163e-06,3.39081303232782e-06,15.246926823413794,64,4.507509834582267,,,,
1,penultimate,M_BA,M_BAC,forward_lineage,low_rank_residual,False,4.105550980737018e-06,4.323548488776873e-06,4.385418442862395e-06,15.247109729985363,64,4.507513766341197,,,,
1,penultimate,M_BA,M_BAC,forward_lineage,whitened_cca,True,1.5839140148948846e-07,1.689484672408664e-07,1.7257342507553686e-07,15.24734851886839,64,4.5076462694384745,1.2642042437302822e-14,7.074402569705527e-08,6.419697390402811e-08,7.931483782403948e-08
1,penultimate,M_BAC,M_BA,reverse_lineage,orthogonal_procrustes,False,0.2341304242326287,0.24118391197940356,0.2380406569150675,1.000000000000001,64,1.1102230246251565e-15,,,,
1,penultimate,M_BAC,M_BA,reverse_lineage,ridge_linear,False,1.3961409864676806e-06,1.6006257582293217e-06,1.551893059198288e-06,15.247265136489952,64,2.953390478685272,,,,
1,penultimate,M_BAC,M_BA,reverse_lineage,low_rank_residual,False,2.0834166882261606e-06,2.1011253163538997e-06,2.1121762145577113e-06,15.247161104363041,64,2.953388906007473,,,,
1,penultimate,M_BAC,M_BA,reverse_lineage,whitened_cca,True,1.4373999841286372e-07,1.546364096381765e-07,1.55825027374517e-07,15.247348518868469,64,2.953411358552851,1.1910815452882505e-14,6.769546990099423e-08,6.342082048383722e-08,7.214554265292633e-08
1,penultimate,M_BC,M_BCA,forward_lineage,orthogonal_procrustes,False,0.2312923860602896,0.23224767377364922,0.22957044907340204,1.0000000000000018,64,1.6653345369377348e-15,,,,
1,penultimate,M_BC,M_BCA,forward_lineage,ridge_linear,False,1.2940357396331065e-06,1.4784208974775625e-06,1.4357638987072143e-06,12.200473803935875,64,2.6549392472127433,,,,
1,penultimate,M_BC,M_BCA,forward_lineage,low_rank_residual,False,2.0036585072007234e-06,2.022911907002657e-06,2.035186950107123e-06,12.200382745080352,64,2.654937263332198,,,,
1,penultimate,M_BC,M_BCA,forward_lineage,whitened_cca,True,1.421518140027714e-07,1.5449155731081187e-07,1.5399213981643472e-07,12.200518695378058,64,2.6549536632110864,1.1104771200846687e-14,6.747780273490357e-08,6.348601193748673e-08,7.299522251565855e-08
1,penultimate,M_BCA,M_BC,reverse_lineage,orthogonal_procrustes,False,0.24471204246842415,0.24208422893505446,0.2422949772740784,1.0000000000000018,64,1.7763568394002505e-15,,,,
1,penultimate,M_BCA,M_BC,reverse_lineage,ridge_linear,False,2.5439974292005728e-06,3.00948593943592e-06,2.919234346594038e-06,12.200217402017271,64,3.8728357847512194,,,,
1,penultimate,M_BCA,M_BC,reverse_lineage,low_rank_residual,False,4.060877672137774e-06,4.1260160662282885e-06,4.219426830718008e-06,12.200381925262473,64,3.8728406669812556,,,,
1,penultimate,M_BCA,M_BC,reverse_lineage,whitened_cca,True,1.5758060599097358e-07,1.684821782736157e-07,1.701651381986213e-07,12.200518695378122,64,3.872942328976636,1.2363466593852987e-14,7.14854663134358e-08,6.537278769632535e-08,7.769288549937995e-08
1,penultimate,M_CA,M_CAB,forward_lineage,orthogonal_procrustes,False,0.22592287405955644,0.22887468123298718,0.2234082251344327,1.0000000000000018,64,1.6653345369377348e-15,,,,
1,penultimate,M_CA,M_CAB,forward_lineage,ridge_linear,False,1.6833757272757452e-06,1.977249105505096e-06,1.9163545329883233e-06,6.6670250976643946,64,2.4121293778471937,,,,
1,penultimate,M_CA,M_CAB,forward_lineage,low_rank_residual,False,3.474761019505461e-06,3.3645189022566915e-06,3.493061184752559e-06,6.667082528936227,64,2.4121333838925443,,,,
1,penultimate,M_CA,M_CAB,forward_lineage,whitened_cca,True,1.5322518255324748e-07,1.5976609840317917e-07,1.6341258667008908e-07,6.667114336103468,64,2.4121689881870183,1.1311783103479118e-14,7.53521256038562e-08,6.906331080049346e-08,8.423386398365064e-08
1,penultimate,M_CAB,M_CA,reverse_lineage,orthogonal_procrustes,False,0.21772356645490146,0.22228111789668317,0.21556489387796338,1.0000000000000022,64,2.1094237467877974e-15,,,,
1,penultimate,M_CAB,M_CA,reverse_lineage,ridge_linear,False,1.226633566883765e-06,1.411579957227041e-06,1.3720835177235264e-06,6.667101161203149,64,1.9969930295095377,,,,
1,penultimate,M_CAB,M_CA,reverse_lineage,low_rank_residual,False,2.3653263517414795e-06,2.2777620739313267e-06,2.35896204538666e-06,6.667070059160909,64,1.996991097977749,,,,
1,penultimate,M_CAB,M_CA,reverse_lineage,whitened_cca,True,1.4504040902426025e-07,1.5254887672501698e-07,1.547773255244404e-07,6.667114336103452,64,1.9970011586286063,1.079721590862272e-14,7.162478585882056e-08,6.603421477616575e-08,7.727321985915037e-08
1,penultimate,M_CB,M_CBA,forward_lineage,orthogonal_procrustes,False,0.21383418307572158,0.21601557789306125,0.21156522776479794,1.0000000000000016,64,1.5543122344752192e-15,,,,
1,penultimate,M_CB,M_CBA,forward_lineage,ridge_linear,False,1.313236713198838e-06,1.5099566719875074e-06,1.4717263513982675e-06,8.855191466152807,64,2.3274309807965485,,,,
1,penultimate,M_CB,M_CBA,forward_lineage,low_rank_residual,False,2.269197577473965e-06,2.2171064399660666e-06,2.290368412365451e-06,8.855131634913095,64,2.3274286930312282,,,,
1,penultimate,M_CB,M_CBA,forward_lineage,whitened_cca,True,1.4496161233669424e-07,1.534365292096749e-07,1.5574337570743597e-07,8.855233830310526,64,2.3274485624314925,1.345043697748907e-14,7.114242519884788e-08,6.535469364208835e-08,7.763644799805225e-08
1,penultimate,M_CBA,M_CB,reverse_lineage,orthogonal_procrustes,False,0.22280121541114753,0.22271217716914693,0.21991982397181922,1.0000000000000013,64,1.2212453270876722e-15,,,,
1,penultimate,M_CBA,M_CB,reverse_lineage,ridge_linear,False,2.1273239837989065e-06,2.5286429208426827e-06,2.4510625734378387e-06,8.855024801783966,64,2.993822959205999,,,,
1,penultimate,M_CBA,M_CB,reverse_lineage,low_rank_residual,False,3.7795079026111182e-06,3.764189021802621e-06,3.894308597059252e-06,8.855120696110209,64,2.993827382232187,,,,
1,penultimate,M_CBA,M_CB,reverse_lineage,whitened_cca,True,1.5403842304391034e-07,1.6173679521712778e-07,1.6597516512357196e-07,8.855233830310539,64,2.9939056477848194,1.4066847559311883e-14,7.517601328270747e-08,6.755511748367161e-08,8.448953577764764e-08
1,penultimate,M_AB,M_B,loop_closing,orthogonal_procrustes,False,0.05464277825862554,0.054807278366104835,0.054726216530259844,1.0000000000000016,64,1.4432899320127035e-15,,,,
1,penultimate,M_AB,M_B,loop_closing,ridge_linear,False,1.2138279269446135e-06,1.3888615257110497e-06,1.3563055035203948e-06,1.494763071259,64,0.4121243622903207,,,,
1,penultimate,M_AB,M_B,loop_closing,low_rank_residual,False,2.493249701716155e-06,2.3748412635886515e-06,2.4782308050367634e-06,1.4947623963017065,64,0.41212394178288936,,,,
1,penultimate,M_AB,M_B,loop_closing,whitened_cca,True,1.386795433135684e-07,1.4570493071553882e-07,1.4945478451755396e-07,1.4947644988702191,64,0.4121266087497675,1.2140317777368973e-14,6.778406868492874e-08,6.22625894052535e-08,7.310115785603132e-08
1,penultimate,M_B,M_AB,loop_closing,orthogonal_procrustes,False,0.05457698473601287,0.054868588456888544,0.054783497016607625,1.0000000000000016,64,1.4432899320127035e-15,,,,
1,penultimate,M_B,M_AB,loop_closing,ridge_linear,False,1.1870465220102023e-06,1.358338306125739e-06,1.3304012792754433e-06,1.4947623674145476,64,0.397366061922819,,,,
1,penultimate,M_B,M_AB,loop_closing,low_rank_residual,False,2.357322931556208e-06,2.259495098962964e-06,2.363968906319182e-06,1.494763450375258,64,0.3973667546550169,,,,
1,penultimate,M_B,M_AB,loop_closing,whitened_cca,True,1.3819945639767693e-07,1.4545874811414718e-07,1.493625681294011e-07,1.4947644988702222,64,0.39736867632138584,1.2114755293390977e-14,6.782911663723948e-08,6.284042679934943e-08,7.276903756330796e-08
1,penultimate,M_AC,M_C,loop_closing,orthogonal_procrustes,False,0.07124720340197199,0.07371691274882769,0.07319438413266015,1.0000000000000013,64,1.3322676295501878e-15,,,,
1,penultimate,M_AC,M_C,loop_closing,ridge_linear,False,1.2195853357974339e-06,1.3823972729347933e-06,1.3639742000576516e-06,1.8616252877053905,64,0.6415863139767091,,,,
1,penultimate,M_AC,M_C,loop_closing,low_rank_residual,False,2.0682019446246637e-06,2.0181205941296386e-06,2.065047728728543e-06,1.8616233391198902,64,0.6415854603689586,,,,
1,penultimate,M_AC,M_C,loop_closing,whitened_cca,True,1.358137092371119e-07,1.424399245720158e-07,1.447406778218315e-07,1.8616279664854176,64,0.641590433898939,1.1241798377229376e-14,6.387809194501701e-08,5.847134776790924e-08,6.90157174797861e-08
1,penultimate,M_C,M_AC,loop_closing,orthogonal_procrustes,False,0.07145924236896338,0.07427611488934936,0.07369094186680812,1.0000000000000013,64,1.3322676295501878e-15,,,,
1,penultimate,M_C,M_AC,loop_closing,ridge_linear,False,1.1951367082425165e-06,1.3615501223527868e-06,1.3401690626035301e-06,1.8616214485943752,64,0.6215619775102352,,,,
1,penultimate,M_C,M_AC,loop_closing,low_rank_residual,False,1.9733056532728694e-06,1.9464884001778864e-06,1.9963297912698037e-06,1.8616236089104337,64,0.6215630655324361,,,,
1,penultimate,M_C,M_AC,loop_closing,whitened_cca,True,1.3565410377772978e-07,1.431133838657922e-07,1.4520672770968984e-07,1.8616279664854303,64,0.6215682163787937,1.1159962070474697e-14,6.424664274995431e-08,6.001265793285523e-08,7.016681419963129e-08
1,penultimate,M_BC,M_C,loop_closing,orthogonal_procrustes,False,0.03981577458748987,0.041661121245577484,0.040553560413864445,1.0000000000000018,64,1.6653345369377348e-15,,,,
1,penultimate,M_BC,M_C,loop_closing,ridge_linear,False,1.1915369955818104e-06,1.3527159480909635e-06,1.3338827265045941e-06,1.5255859934705234,64,0.43064441493391925,,,,
1,penultimate,M_BC,M_C,loop_closing,low_rank_residual,False,1.977019456366621e-06,1.9550786954071387e-06,1.9905543319787865e-06,1.5255869909644129,64,0.430645186479351,,,,
1,penultimate,M_BC,M_C,loop_closing,whitened_cca,True,1.369592234062489e-07,1.450401335885997e-07,1.4674463465254998e-07,1.5255914007143216,64,0.4306501799974972,1.0998997170439247e-14,6.43809526822914e-08,5.9217984596523565e-08,6.957935406273463e-08
1,penultimate,M_C,M_BC,loop_closing,orthogonal_procrustes,False,0.03962767845510453,0.04149008137445204,0.04038493433959614,1.0000000000000018,64,1.6653345369377348e-15,,,,
1,penultimate,M_C,M_BC,loop_closing,ridge_linear,False,1.1774752169277216e-06,1.3367146479075576e-06,1.3161773744615665e-06,1.5255908454505887,64,0.4204664339913977,,,,
1,penultimate,M_C,M_BC,loop_closing,low_rank_residual,False,1.9040669238843122e-06,1.8795927293931871e-06,1.9208323408430183e-06,1.5255893330181833,64,0.42046567230405907,,,,
1,penultimate,M_C,M_BC,loop_closing,whitened_cca,True,1.363909935204038e-07,1.4437682797378918e-07,1.4620925216636621e-07,1.5255914007143252,64,0.4204686659451491,1.098845687448161e-14,6.423577899290174e-08,5.955839874723232e-08,6.911514136176687e-08
1,penultimate,M_ABC,M_BAC,same_depth_closing,orthogonal_procrustes,False,0.06537034847739853,0.06628323793778876,0.06676755939558655,1.0000000000000013,64,1.2212453270876722e-15,,,,
1,penultimate,M_ABC,M_BAC,same_depth_closing,ridge_linear,False,1.1817626956841466e-06,1.3428880631231686e-06,1.324731991644003e-06,1.5813361988275692,64,0.46443614399959865,,,,
1,penultimate,M_ABC,M_BAC,same_depth_closing,low_rank_residual,False,2.107197330047193e-06,2.0589639097717867e-06,2.1031203844553167e-06,1.581337855893772,64,0.46443702212064664,,,,
1,penultimate,M_ABC,M_BAC,same_depth_closing,whitened_cca,True,1.3772083689756448e-07,1.4723248228153118e-07,1.4856826881623428e-07,1.5813377893418663,64,0.46443831957108495,1.1717423069830372e-14,6.564308328615921e-08,6.02403280424628e-08,7.057858266851222e-08
1,penultimate,M_BAC,M_ABC,same_depth_closing,orthogonal_procrustes,False,0.06520857741802875,0.06596204260608995,0.06660646197351039,1.0000000000000016,64,1.4432899320127035e-15,,,,
1,penultimate,M_BAC,M_ABC,same_depth_closing,ridge_linear,False,1.2023725396438352e-06,1.3700078996226518e-06,1.3511012481270024e-06,1.5813358902755432,64,0.4601529308632295,,,,
1,penultimate,M_BAC,M_ABC,same_depth_closing,low_rank_residual,False,2.1854869769738247e-06,2.1255440792030856e-06,2.178639356202546e-06,1.58133548849184,64,0.46015259695876887,,,,
1,penultimate,M_BAC,M_ABC,same_depth_closing,whitened_cca,True,1.3773252476199915e-07,1.4699862766208653e-07,1.485350306167211e-07,1.5813377893418687,64,0.4601552858145439,1.169949642695413e-14,6.574076096682474e-08,6.087400348291867e-08,7.081460231810435e-08
1,penultimate,M_ABC,M_ACB,same_depth_closing,orthogonal_procrustes,False,0.15442170163089355,0.16038007863609047,0.16318839072627953,1.0000000000000016,64,1.5543122344752192e-15,,,,
1,penultimate,M_ABC,M_ACB,same_depth_closing,ridge_linear,False,1.229507344812243e-06,1.4009605774004345e-06,1.3721432937117376e-06,4.680528007377194,64,1.5646736558895769,,,,
1,penultimate,M_ABC,M_ACB,same_depth_closing,low_rank_residual,False,2.042408623739323e-06,2.015275514054031e-06,2.0447870430401193e-06,4.680513702944497,64,1.5646720585812293,,,,
1,penultimate,M_ABC,M_ACB,same_depth_closing,whitened_cca,True,1.399628976868691e-07,1.4823048824889753e-07,1.4902561401291985e-07,4.6805349495478135,64,1.5646794920188052,1.0723698524367958e-14,6.602187120163122e-08,6.108818419221432e-08,7.269284272828442e-08
1,penultimate,M_ACB,M_ABC,same_depth_closing,orthogonal_procrustes,False,0.1559381665228203,0.16098888318280144,0.16518978487294597,1.0000000000000018,64,1.7763568394002505e-15,,,,
1,penultimate,M_ACB,M_ABC,same_depth_closing,ridge_linear,False,1.4081459320281851e-06,1.6144081731618407e-06,1.5885520653706394e-06,4.680491134808441,64,1.8496752024187335,,,,
1,penultimate,M_ACB,M_ABC,same_depth_closing,low_rank_residual,False,2.504512012692458e-06,2.4214906730278674e-06,2.5392508050415065e-06,4.68051627740328,64,1.8496782165260544,,,,
1,penultimate,M_ACB,M_ABC,same_depth_closing,whitened_cca,True,1.4254322858961965e-07,1.4974808012238943e-07,1.5212083908516439e-07,4.680534949547801,64,1.8496987763525876,1.0791114283565481e-14,6.746065073169878e-08,6.341520553132399e-08,7.291950084398839e-08
1,penultimate,M_ACB,M_CAB,same_depth_closing,orthogonal_procrustes,False,0.05190859323242185,0.05546645110048659,0.05452211620358209,1.0000000000000016,64,1.4432899320127035e-15,,,,
1,penultimate,M_ACB,M_CAB,same_depth_closing,ridge_linear,False,1.2025563448644723e-06,1.3722569736696825e-06,1.3463401316075227e-06,1.4524095332379756,64,0.37378052301338893,,,,
1,penultimate,M_ACB,M_CAB,same_depth_closing,low_rank_residual,False,2.3695378627207597e-06,2.2656534587409316e-06,2.358650695341853e-06,1.452407710960072,64,0.373779389630277,,,,
1,penultimate,M_ACB,M_CAB,same_depth_closing,whitened_cca,True,1.4067953648384383e-07,1.4769263091635368e-07,1.5045149953505498e-07,1.4524095577638625,64,0.3737821243163798,1.1073466621652715e-14,6.911536056478975e-08,6.454322251333054e-08,7.422905436216134e-08
1,penultimate,M_CAB,M_ACB,same_depth_closing,orthogonal_procrustes,False,0.0521126333492115,0.05576898596279987,0.0547280451213429,1.0000000000000016,64,1.5543122344752192e-15,,,,
1,penultimate,M_CAB,M_ACB,same_depth_closing,ridge_linear,False,1.1863135652555153e-06,1.3652263021714013e-06,1.3333469157312122e-06,1.452404843416204,64,0.3770076041606346,,,,
1,penultimate,M_CAB,M_ACB,same_depth_closing,low_rank_residual,False,2.356267602489601e-06,2.2622797260169397e-06,2.3474612661210625e-06,1.4524065726105078,64,0.3770088103662378,,,,
1,penultimate,M_CAB,M_ACB,same_depth_closing,whitened_cca,True,1.4090771187694286e-07,1.4817221805068953e-07,1.5069659189570903e-07,1.452409557763862,64,0.37701264502676657,1.1070436905145706e-14,6.929735209383081e-08,6.292517393593186e-08,7.471803632618815e-08
1,penultimate,M_BAC,M_BCA,same_depth_closing,orthogonal_procrustes,False,0.21793118450958454,0.22376696118266404,0.21911636417459773,1.0000000000000013,64,1.3322676295501878e-15,,,,
1,penultimate,M_BAC,M_BCA,same_depth_closing,ridge_linear,False,1.3306831727932664e-06,1.5253163731146754e-06,1.4755814952160546e-06,11.846423852564602,64,2.6392107709452297,,,,
1,penultimate,M_BAC,M_BCA,same_depth_closing,low_rank_residual,False,2.0211736682751917e-06,2.0333152193670743e-06,2.037914417587801e-06,11.846342457012296,64,2.6392088873173862,,,,
1,penultimate,M_BAC,M_BCA,same_depth_closing,whitened_cca,True,1.420790449666412e-07,1.526402343188044e-07,1.5363813272111111e-07,11.84648238844171,64,2.6392289473540536,1.1371583609454866e-14,6.840581489776569e-08,6.355606866749953e-08,7.396709075996654e-08
1,penultimate,M_BCA,M_BAC,same_depth_closing,orthogonal_procrustes,False,0.23089419852864163,0.23442842382091048,0.23219360543436302,1.000000000000002,64,1.887379141862766e-15,,,,
1,penultimate,M_BCA,M_BAC,same_depth_closing,ridge_linear,False,2.4861093114714215e-06,2.9468185910970946e-06,2.8566403722626063e-06,11.846193391596984,64,3.7626987053269474,,,,
1,penultimate,M_BCA,M_BAC,same_depth_closing,low_rank_residual,False,3.872416014747987e-06,3.967748265391046e-06,4.0464098521429195e-06,11.846330748732624,64,3.762702921742341,,,,
1,penultimate,M_BCA,M_BAC,same_depth_closing,whitened_cca,True,1.5697502485800078e-07,1.6673121257619995e-07,1.695902128133859e-07,11.846482388441746,64,3.762801875028339,1.2113767959401419e-14,7.242127724152193e-08,6.578732261813281e-08,7.952769416958143e-08
1,penultimate,M_BCA,M_CBA,same_depth_closing,orthogonal_procrustes,False,0.08549494648435896,0.08728944705026746,0.08736909133517343,1.0000000000000013,64,1.3322676295501878e-15,,,,
1,penultimate,M_BCA,M_CBA,same_depth_closing,ridge_linear,False,1.2520919469506239e-06,1.4543892377526631e-06,1.4116250007201665e-06,2.3236492760939367,64,0.8570970695930398,,,,
1,penultimate,M_BCA,M_CBA,same_depth_closing,low_rank_residual,False,3.33665850274128e-06,3.155790463407755e-06,3.301172698764639e-06,2.3236448869411617,64,0.8570953846661326,,,,
1,penultimate,M_BCA,M_CBA,same_depth_closing,whitened_cca,True,1.487186415109391e-07,1.5787767194183e-07,1.6016559972495785e-07,2.323655425648159,64,0.8571040822169828,1.1569393750601436e-14,8.240176944450752e-08,7.403468847266611e-08,9.025953639419524e-08
1,penultimate,M_CBA,M_BCA,same_depth_closing,orthogonal_procrustes,False,0.08493948579330965,0.08678244109352289,0.08699988615259127,1.0000000000000013,64,1.2212453270876722e-15,,,,
1,penultimate,M_CBA,M_BCA,same_depth_closing,ridge_linear,False,1.2678304407922806e-06,1.486220969495162e-06,1.4431339247650226e-06,2.3236421787609336,64,0.879709060942594,,,,
1,penultimate,M_CBA,M_BCA,same_depth_closing,low_rank_residual,False,3.2987688958384085e-06,3.1246451156386027e-06,3.3000345015121325e-06,2.3236508511603775,64,0.8797118525460986,,,,
1,penultimate,M_CBA,M_BCA,same_depth_closing,whitened_cca,True,1.4788216006951178e-07,1.5722980672161063e-07,1.5949300695566628e-07,2.3236554256481408,64,0.87972026764819,1.1557924411398011e-14,8.208841200317002e-08,7.419230221750668e-08,8.940521348256224e-08
1,penultimate,M_CAB,M_CBA,same_depth_closing,orthogonal_procrustes,False,0.2067518864567851,0.21087581790371848,0.20464391893398204,1.0000000000000013,64,1.2212453270876722e-15,,,,
1,penultimate,M_CAB,M_CBA,same_depth_closing,ridge_linear,False,1.3163842100707096e-06,1.5189939317603418e-06,1.4762387002617725e-06,8.37730020633409,64,2.2459539623109,,,,
1,penultimate,M_CAB,M_CBA,same_depth_closing,low_rank_residual,False,2.335717071244183e-06,2.282269908502617e-06,2.351093970510457e-06,8.377248110625505,64,2.2459517619893132,,,,
1,penultimate,M_CAB,M_CBA,same_depth_closing,whitened_cca,True,1.4573459384705815e-07,1.5410805488017664e-07,1.5627013287367993e-07,8.377346707875972,64,2.245973060752318,1.1847653767937467e-14,7.160054072284964e-08,6.632885388513305e-08,7.750016255820246e-08
1,penultimate,M_CBA,M_CAB,same_depth_closing,orthogonal_procrustes,False,0.21413535653128984,0.21656773255081696,0.21200927259893493,1.0000000000000016,64,1.5543122344752192e-15,,,,
1,penultimate,M_CBA,M_CAB,same_depth_closing,ridge_linear,False,2.0555186660617485e-06,2.444063846087465e-06,2.3769580681480844e-06,8.377157839149865,64,2.892528985953051,,,,
1,penultimate,M_CBA,M_CAB,same_depth_closing,low_rank_residual,False,3.693753271983616e-06,3.6769242166743476e-06,3.8168775443724045e-06,8.377246438165248,64,2.8925334285343385,,,,
1,penultimate,M_CBA,M_CAB,same_depth_closing,whitened_cca,True,1.5428676171266355e-07,1.610971285183454e-07,1.6517427559068413e-07,8.377346707876043,64,2.89260648699034,1.2435381575378288e-14,7.518159096556446e-08,6.886844785985622e-08,8.15261827791501e-08
1,penultimate,M_AB,M_BA,same_depth_closing,orthogonal_procrustes,False,0.2067713462192581,0.21013421807355961,0.20526221163236177,1.0000000000000018,64,1.7763568394002505e-15,,,,
1,penultimate,M_AB,M_BA,same_depth_closing,ridge_linear,False,1.344036039270023e-06,1.5474052831864582e-06,1.499559700589448e-06,8.219359508729571,64,2.2624165951681148,,,,
1,penultimate,M_AB,M_BA,same_depth_closing,low_rank_residual,False,2.3146025133110855e-06,2.2616376248446966e-06,2.334164287331532e-06,8.219309406824463,64,2.262414394103223,,,,
1,penultimate,M_AB,M_BA,same_depth_closing,whitened_cca,True,1.4591505506526983e-07,1.5229665318819578e-07,1.5472684698454039e-07,8.219407647823823,64,2.2624371116680337,1.147919039948577e-14,7.222278246386236e-08,6.671837182024808e-08,8.010049697889919e-08
1,penultimate,M_BA,M_AB,same_depth_closing,orthogonal_procrustes,False,0.21532968704236866,0.21714780525234384,0.21377739735997808,1.000000000000002,64,1.887379141862766e-15,,,,
1,penultimate,M_BA,M_AB,same_depth_closing,ridge_linear,False,2.049487198995141e-06,2.4238980845080686e-06,2.3412330520267164e-06,8.219216995687116,64,2.8026836791686613,,,,
1,penultimate,M_BA,M_AB,same_depth_closing,low_rank_residual,False,3.6461922328117486e-06,3.6307375680167083e-06,3.762273263457559e-06,8.219300975517811,64,2.802687953630915,,,,
1,penultimate,M_BA,M_AB,same_depth_closing,whitened_cca,True,1.5500352576675746e-07,1.603944511763034e-07,1.6438337408504632e-07,8.219407647823802,64,2.802761183360035,1.2032525967929999e-14,7.581198076174391e-08,6.824718505161216e-08,8.337383582304806e-08
1,penultimate,M_AC,M_CA,same_depth_closing,orthogonal_procrustes,False,0.2189023573332583,0.22435674660350416,0.2203631452426158,1.0000000000000013,64,1.2212453270876722e-15,,,,
1,penultimate,M_AC,M_CA,same_depth_closing,ridge_linear,False,1.3055794038818799e-06,1.4906048373677699e-06,1.4448471000399432e-06,10.856832103308761,64,2.571625301030676,,,,
1,penultimate,M_AC,M_CA,same_depth_closing,low_rank_residual,False,1.8941034674714477e-06,1.9008764750562716e-06,1.907554083040226e-06,10.856773469043585,64,2.571623702376192,,,,
1,penultimate,M_AC,M_CA,same_depth_closing,whitened_cca,True,1.414952278314752e-07,1.4932904341467485e-07,1.5051160641518433e-07,10.856878482568975,64,2.5716409896371193,1.1303143540424983e-14,6.833997351268551e-08,6.263341637031438e-08,7.419210914505993e-08
1,penultimate,M_CA,M_AC,same_depth_closing,orthogonal_procrustes,False,0.2323146592676238,0.23584208025814113,0.23422827592048878,1.0000000000000016,64,1.5543122344752192e-15,,,,
1,penultimate,M_CA,M_AC,same_depth_closing,ridge_linear,False,2.2108427310871603e-06,2.625978282969265e-06,2.5421208558126846e-06,10.856663597839832,64,3.4797954346134023,,,,
1,penultimate,M_CA,M_AC,same_depth_closing,low_rank_residual,False,3.436930271300338e-06,3.521240205537374e-06,3.594633331890629e-06,10.85677096546758,64,3.479799115016521,,,,
1,penultimate,M_CA,M_AC,same_depth_closing,whitened_cca,True,1.5546350378177157e-07,1.6102262503660227e-07,1.661141873150374e-07,10.85687848256901,64,3.4798737555642,1.1721226318495879e-14,7.202524584561615e-08,6.598775045644792e-08,7.803283249441486e-08
1,penultimate,M_BC,M_CB,same_depth_closing,orthogonal_procrustes,False,0.14434102160297255,0.14948536611287075,0.15000065209157115,1.000000000000001,64,1.1102230246251565e-15,,,,
1,penultimate,M_BC,M_CB,same_depth_closing,ridge_linear,False,1.2241816069233587e-06,1.3887987527293704e-06,1.3608477395985783e-06,4.200127568445791,64,1.4356021007821906,,,,
1,penultimate,M_BC,M_CB,same_depth_closing,low_rank_residual,False,2.033860181688397e-06,1.9981678388400473e-06,2.0355432844354018e-06,4.200116729453357,64,1.4356006657191975,,,,
1,penultimate,M_BC,M_CB,same_depth_closing,whitened_cca,True,1.3947669035933677e-07,1.4806678238666088e-07,1.507012146631219e-07,4.200132830867071,64,1.435607057361846,1.262756083200878e-14,6.596525444634649e-08,6.067727209124844e-08,7.026502202617864e-08
1,penultimate,M_CB,M_BC,same_depth_closing,orthogonal_procrustes,False,0.14561715411072454,0.15025365030629168,0.15165696156832142,1.0000000000000016,64,1.5543122344752192e-15,,,,
1,penultimate,M_CB,M_BC,same_depth_closing,ridge_linear,False,1.3522325312212415e-06,1.5502393028630197e-06,1.5289081219600305e-06,4.200098716498632,64,1.698370338977095,,,,
1,penultimate,M_CB,M_BC,same_depth_closing,low_rank_residual,False,2.3585841640501387e-06,2.2726248851188697e-06,2.3861976489130736e-06,4.200117714569126,64,1.6983730411183315,,,,
1,penultimate,M_CB,M_BC,same_depth_closing,whitened_cca,True,1.416261966275885e-07,1.4953875472694406e-07,1.5303339305478714e-07,4.200132830867146,64,1.6983899087168024,1.3121205893014055e-14,6.665194217675866e-08,6.088841240297723e-08,7.159072014097111e-08
1,penultimate,M_A,M_B,same_depth_closing,orthogonal_procrustes,False,0.22903603851921742,0.2315368544731872,0.22637613403880755,1.0000000000000018,64,1.7763568394002505e-15,,,,
1,penultimate,M_A,M_B,same_depth_closing,ridge_linear,False,1.951506982893999e-06,2.294433073898466e-06,2.2099200381344684e-06,7.908902106737426,64,2.8282789969815396,,,,
1,penultimate,M_A,M_B,same_depth_closing,low_rank_residual,False,3.6430985654544112e-06,3.578199475573355e-06,3.6988928771663888e-06,7.908981958979623,64,2.8282834358596065,,,,
1,penultimate,M_A,M_B,same_depth_closing,whitened_cca,True,1.4985730381942693e-07,1.5724322039172336e-07,1.6147164953744574e-07,7.909054267916433,64,2.828343433857481,1.2141494959472407e-14,7.16679143526449e-08,6.447873443439643e-08,7.788578474374286e-08
1,penultimate,M_B,M_A,same_depth_closing,orthogonal_procrustes,False,0.22112284933885462,0.22569101989052337,0.21896881921257957,1.0000000000000016,64,1.4432899320127035e-15,,,,
1,penultimate,M_B,M_A,same_depth_closing,ridge_linear,False,1.2683729568846246e-06,1.4546330703765056e-06,1.413468810517745e-06,7.909033531143092,64,2.1339211970586494,,,,
1,penultimate,M_B,M_A,same_depth_closing,low_rank_residual,False,2.266958753297468e-06,2.2093085642486765e-06,2.2875809879597333e-06,7.908984657155473,64,2.1339189843254704,,,,
1,penultimate,M_B,M_A,same_depth_closing,whitened_cca,True,1.4093634794802503e-07,1.48700234642129e-07,1.5163210158518202e-07,7.909054267916464,64,2.1339316728775266,1.2014908156311246e-14,6.786322482883207e-08,6.300222885276481e-08,7.401490468402994e-08
1,penultimate,M_A,M_C,same_depth_closing,orthogonal_procrustes,False,0.26097014587668055,0.2606819708039783,0.26265575389670814,1.0000000000000016,64,1.5543122344752192e-15,,,,
1,penultimate,M_A,M_C,same_depth_closing,ridge_linear,False,2.912113007567774e-06,3.4283746105997456e-06,3.3216066067247706e-06,15.399431549229382,64,4.675388246968446,,,,
1,penultimate,M_A,M_C,same_depth_closing,low_rank_residual,False,4.0630165020881345e-06,4.246558642313407e-06,4.306352870367927e-06,15.399630313263133,64,4.675392580812415,,,,
1,penultimate,M_A,M_C,same_depth_closing,whitened_cca,True,1.5656031728647242e-07,1.650039025961515e-07,1.686754453623055e-07,15.399811241706328,64,4.675513671107236,1.2080979818846988e-14,6.778702769888564e-08,6.183837754020215e-08,7.677559946048134e-08
1,penultimate,M_C,M_A,same_depth_closing,orthogonal_procrustes,False,0.2496342118566529,0.2528709342129238,0.25129516703764593,1.0000000000000013,64,1.3322676295501878e-15,,,,
1,penultimate,M_C,M_A,same_depth_closing,ridge_linear,False,1.3357994473699334e-06,1.5192852335006794e-06,1.4837361158964125e-06,15.399759828509092,64,2.879830206877186,,,,
1,penultimate,M_C,M_A,same_depth_closing,low_rank_residual,False,1.9985438737145204e-06,2.021564769548511e-06,2.0449863060768013e-06,15.39965557834357,64,2.879828702975972,,,,
1,penultimate,M_C,M_A,same_depth_closing,whitened_cca,True,1.4180653895298598e-07,1.506612444731232e-07,1.5078953126861795e-07,15.399811241706301,64,2.879843381866022,1.1573918896165815e-14,6.524239705756333e-08,6.03306623233787e-08,7.109282935890262e-08
1,penultimate,M_B,M_C,same_depth_closing,orthogonal_procrustes,False,0.1703769599749191,0.17545892855259207,0.17761262184085094,1.000000000000001,64,1.1102230246251565e-15,,,,
1,penultimate,M_B,M_C,same_depth_closing,ridge_linear,False,1.4961867854317672e-06,1.719088061463717e-06,1.6872349620231804e-06,5.510282828536646,64,2.168584282677304,,,,
1,penultimate,M_B,M_C,same_depth_closing,low_rank_residual,False,2.3769594220572745e-06,2.33590204886382e-06,2.433191610941883e-06,5.510312727443131,64,2.168587160277086,,,,
1,penultimate,M_B,M_C,same_depth_closing,whitened_cca,True,1.4111207059421647e-07,1.4766784848525483e-07,1.503876018192192e-07,5.510341497378635,64,2.1686140327855306,1.2292239260217533e-14,6.398061112850189e-08,5.989359121825878e-08,6.882940651328642e-08
1,penultimate,M_C,M_B,same_depth_closing,orthogonal_procrustes,False,0.16880851221283663,0.17461005138769944,0.17567881961047416,1.0000000000000013,64,1.3322676295501878e-15,,,,
1,penultimate,M_C,M_B,same_depth_closing,ridge_linear,False,1.2687125065215998e-06,1.4422669877682122e-06,1.4135820346556968e-06,5.510333469768211,64,1.7023803465142462,,,,
1,penultimate,M_C,M_B,same_depth_closing,low_rank_residual,False,1.9370191375659464e-06,1.925898567982965e-06,1.9613450748201083e-06,5.510317105473063,64,1.70237900269457,,,,
1,penultimate,M_C,M_B,same_depth_closing,whitened_cca,True,1.3843528993692535e-07,1.454951045677384e-07,1.4767308565118198e-07,5.510341497378643,64,1.7023861310953372,1.2008847474235789e-14,6.333680339596734e-08,5.85367113937095e-08,6.838601057341782e-08
2,early,M0,M_A,forward_lineage,orthogonal_procrustes,True,3.551912222942939e-15,3.551977276745266e-15,3.56364106199874e-15,1.000000000000001,32,9.992007221626409e-16,5.02275342940024e-15,3.2183749089367754e-15,2.7884435013163578e-15,3.8255727334301485e-15
2,early,M0,M_A,forward_lineage,ridge_linear,False,2.49221653503345e-06,2.5755967671213495e-06,2.591069740211422e-06,1.0000362678380885,32,3.6266520366257105e-05,,,,
2,early,M0,M_A,forward_lineage,low_rank_residual,False,2.03908550477747e-06,2.123323337058196e-06,2.129862428279466e-06,1.0000363344024406,32,3.6333082299666586e-05,,,,
2,early,M0,M_A,forward_lineage,whitened_cca,False,4.203139640910901e-15,4.3285474304335826e-15,4.3143762155348915e-15,1.0000000000000286,32,2.853273173286652e-14,,,,
2,early,M_A,M0,reverse_lineage,orthogonal_procrustes,True,3.551912222942939e-15,3.551977276745266e-15,3.56364106199874e-15,1.000000000000001,32,9.992007221626409e-16,5.02275342940024e-15,3.2183749089367754e-15,2.7884435013163578e-15,3.8255727334301485e-15
2,early,M_A,M0,reverse_lineage,ridge_linear,False,2.49221653503345e-06,2.5755967671213495e-06,2.591069740211422e-06,1.0000362678380885,32,3.6266520366257105e-05,,,,
2,early,M_A,M0,reverse_lineage,low_rank_residual,False,2.03908550477747e-06,2.123323337058196e-06,2.129862428279466e-06,1.0000363344024406,32,3.6333082299666586e-05,,,,
2,early,M_A,M0,reverse_lineage,whitened_cca,False,4.203139640910901e-15,4.3285474304335826e-15,4.3143762155348915e-15,1.0000000000000286,32,2.853273173286652e-14,,,,
2,early,M0,M_B,forward_lineage,orthogonal_procrustes,True,3.551912222942939e-15,3.551977276745266e-15,3.56364106199874e-15,1.000000000000001,32,9.992007221626409e-16,5.02275342940024e-15,3.2183749089367754e-15,2.7884435013163578e-15,3.8255727334301485e-15
2,early,M0,M_B,forward_lineage,ridge_linear,False,2.49221653503345e-06,2.5755967671213495e-06,2.591069740211422e-06,1.0000362678380885,32,3.6266520366257105e-05,,,,
2,early,M0,M_B,forward_lineage,low_rank_residual,False,2.03908550477747e-06,2.123323337058196e-06,2.129862428279466e-06,1.0000363344024406,32,3.6333082299666586e-05,,,,
2,early,M0,M_B,forward_lineage,whitened_cca,False,4.203139640910901e-15,4.3285474304335826e-15,4.3143762155348915e-15,1.0000000000000286,32,2.853273173286652e-14,,,,
2,early,M_B,M0,reverse_lineage,orthogonal_procrustes,True,3.551912222942939e-15,3.551977276745266e-15,3.56364106199874e-15,1.000000000000001,32,9.992007221626409e-16,5.02275342940024e-15,3.2183749089367754e-15,2.7884435013163578e-15,3.8255727334301485e-15
2,early,M_B,M0,reverse_lineage,ridge_linear,False,2.49221653503345e-06,2.5755967671213495e-06,2.591069740211422e-06,1.0000362678380885,32,3.6266520366257105e-05,,,,
2,early,M_B,M0,reverse_lineage,low_rank_residual,False,2.03908550477747e-06,2.123323337058196e-06,2.129862428279466e-06,1.0000363344024406,32,3.6333082299666586e-05,,,,
2,early,M_B,M0,reverse_lineage,whitened_cca,False,4.203139640910901e-15,4.3285474304335826e-15,4.3143762155348915e-15,1.0000000000000286,32,2.853273173286652e-14,,,,
2,early,M0,M_C,forward_lineage,orthogonal_procrustes,True,3.551912222942939e-15,3.551977276745266e-15,3.56364106199874e-15,1.000000000000001,32,9.992007221626409e-16,5.02275342940024e-15,3.2183749089367754e-15,2.7884435013163578e-15,3.8255727334301485e-15
2,early,M0,M_C,forward_lineage,ridge_linear,False,2.49221653503345e-06,2.5755967671213495e-06,2.591069740211422e-06,1.0000362678380885,32,3.6266520366257105e-05,,,,
2,early,M0,M_C,forward_lineage,low_rank_residual,False,2.03908550477747e-06,2.123323337058196e-06,2.129862428279466e-06,1.0000363344024406,32,3.6333082299666586e-05,,,,
2,early,M0,M_C,forward_lineage,whitened_cca,False,4.203139640910901e-15,4.3285474304335826e-15,4.3143762155348915e-15,1.0000000000000286,32,2.853273173286652e-14,,,,
2,early,M_C,M0,reverse_lineage,orthogonal_procrustes,True,3.551912222942939e-15,3.551977276745266e-15,3.56364106199874e-15,1.000000000000001,32,9.992007221626409e-16,5.02275342940024e-15,3.2183749089367754e-15,2.7884435013163578e-15,3.8255727334301485e-15
2,early,M_C,M0,reverse_lineage,ridge_linear,False,2.49221653503345e-06,2.5755967671213495e-06,2.591069740211422e-06,1.0000362678380885,32,3.6266520366257105e-05,,,,
2,early,M_C,M0,reverse_lineage,low_rank_residual,False,2.03908550477747e-06,2.123323337058196e-06,2.129862428279466e-06,1.0000363344024406,32,3.6333082299666586e-05,,,,
2,early,M_C,M0,reverse_lineage,whitened_cca,False,4.203139640910901e-15,4.3285474304335826e-15,4.3143762155348915e-15,1.0000000000000286,32,2.853273173286652e-14,,,,
2,early,M_A,M_AB,forward_lineage,orthogonal_procrustes,True,3.551912222942939e-15,3.551977276745266e-15,3.56364106199874e-15,1.000000000000001,32,9.992007221626409e-16,5.02275342940024e-15,3.2183749089367754e-15,2.7884435013163578e-15,3.8255727334301485e-15
2,early,M_A,M_AB,forward_lineage,ridge_linear,False,2.49221653503345e-06,2.5755967671213495e-06,2.591069740211422e-06,1.0000362678380885,32,3.6266520366257105e-05,,,,
2,early,M_A,M_AB,forward_lineage,low_rank_residual,False,2.03908550477747e-06,2.123323337058196e-06,2.129862428279466e-06,1.0000363344024406,32,3.6333082299666586e-05,,,,
2,early,M_A,M_AB,forward_lineage,whitened_cca,False,4.203139640910901e-15,4.3285474304335826e-15,4.3143762155348915e-15,1.0000000000000286,32,2.853273173286652e-14,,,,
2,early,M_AB,M_A,reverse_lineage,orthogonal_procrustes,True,3.551912222942939e-15,3.551977276745266e-15,3.56364106199874e-15,1.000000000000001,32,9.992007221626409e-16,5.02275342940024e-15,3.2183749089367754e-15,2.7884435013163578e-15,3.8255727334301485e-15
2,early,M_AB,M_A,reverse_lineage,ridge_linear,False,2.49221653503345e-06,2.5755967671213495e-06,2.591069740211422e-06,1.0000362678380885,32,3.6266520366257105e-05,,,,
2,early,M_AB,M_A,reverse_lineage,low_rank_residual,False,2.03908550477747e-06,2.123323337058196e-06,2.129862428279466e-06,1.0000363344024406,32,3.6333082299666586e-05,,,,
2,early,M_AB,M_A,reverse_lineage,whitened_cca,False,4.203139640910901e-15,4.3285474304335826e-15,4.3143762155348915e-15,1.0000000000000286,32,2.853273173286652e-14,,,,
2,early,M_A,M_AC,forward_lineage,orthogonal_procrustes,True,3.551912222942939e-15,3.551977276745266e-15,3.56364106199874e-15,1.000000000000001,32,9.992007221626409e-16,5.02275342940024e-15,3.2183749089367754e-15,2.7884435013163578e-15,3.8255727334301485e-15
2,early,M_A,M_AC,forward_lineage,ridge_linear,False,2.49221653503345e-06,2.5755967671213495e-06,2.591069740211422e-06,1.0000362678380885,32,3.6266520366257105e-05,,,,
2,early,M_A,M_AC,forward_lineage,low_rank_residual,False,2.03908550477747e-06,2.123323337058196e-06,2.129862428279466e-06,1.0000363344024406,32,3.6333082299666586e-05,,,,
2,early,M_A,M_AC,forward_lineage,whitened_cca,False,4.203139640910901e-15,4.3285474304335826e-15,4.3143762155348915e-15,1.0000000000000286,32,2.853273173286652e-14,,,,
2,early,M_AC,M_A,reverse_lineage,orthogonal_procrustes,True,3.551912222942939e-15,3.551977276745266e-15,3.56364106199874e-15,1.000000000000001,32,9.992007221626409e-16,5.02275342940024e-15,3.2183749089367754e-15,2.7884435013163578e-15,3.8255727334301485e-15
2,early,M_AC,M_A,reverse_lineage,ridge_linear,False,2.49221653503345e-06,2.5755967671213495e-06,2.591069740211422e-06,1.0000362678380885,32,3.6266520366257105e-05,,,,
2,early,M_AC,M_A,reverse_lineage,low_rank_residual,False,2.03908550477747e-06,2.123323337058196e-06,2.129862428279466e-06,1.0000363344024406,32,3.6333082299666586e-05,,,,
2,early,M_AC,M_A,reverse_lineage,whitened_cca,False,4.203139640910901e-15,4.3285474304335826e-15,4.3143762155348915e-15,1.0000000000000286,32,2.853273173286652e-14,,,,
2,early,M_B,M_BA,forward_lineage,orthogonal_procrustes,True,3.551912222942939e-15,3.551977276745266e-15,3.56364106199874e-15,1.000000000000001,32,9.992007221626409e-16,5.02275342940024e-15,3.2183749089367754e-15,2.7884435013163578e-15,3.8255727334301485e-15
2,early,M_B,M_BA,forward_lineage,ridge_linear,False,2.49221653503345e-06,2.5755967671213495e-06,2.591069740211422e-06,1.0000362678380885,32,3.6266520366257105e-05,,,,
2,early,M_B,M_BA,forward_lineage,low_rank_residual,False,2.03908550477747e-06,2.123323337058196e-06,2.129862428279466e-06,1.0000363344024406,32,3.6333082299666586e-05,,,,
2,early,M_B,M_BA,forward_lineage,whitened_cca,False,4.203139640910901e-15,4.3285474304335826e-15,4.3143762155348915e-15,1.0000000000000286,32,2.853273173286652e-14,,,,
2,early,M_BA,M_B,reverse_lineage,orthogonal_procrustes,True,3.551912222942939e-15,3.551977276745266e-15,3.56364106199874e-15,1.000000000000001,32,9.992007221626409e-16,5.02275342940024e-15,3.2183749089367754e-15,2.7884435013163578e-15,3.8255727334301485e-15
2,early,M_BA,M_B,reverse_lineage,ridge_linear,False,2.49221653503345e-06,2.5755967671213495e-06,2.591069740211422e-06,1.0000362678380885,32,3.6266520366257105e-05,,,,
2,early,M_BA,M_B,reverse_lineage,low_rank_residual,False,2.03908550477747e-06,2.123323337058196e-06,2.129862428279466e-06,1.0000363344024406,32,3.6333082299666586e-05,,,,
2,early,M_BA,M_B,reverse_lineage,whitened_cca,False,4.203139640910901e-15,4.3285474304335826e-15,4.3143762155348915e-15,1.0000000000000286,32,2.853273173286652e-14,,,,
2,early,M_B,M_BC,forward_lineage,orthogonal_procrustes,True,3.551912222942939e-15,3.551977276745266e-15,3.56364106199874e-15,1.000000000000001,32,9.992007221626409e-16,5.02275342940024e-15,3.2183749089367754e-15,2.7884435013163578e-15,3.8255727334301485e-15
2,early,M_B,M_BC,forward_lineage,ridge_linear,False,2.49221653503345e-06,2.5755967671213495e-06,2.591069740211422e-06,1.0000362678380885,32,3.6266520366257105e-05,,,,
2,early,M_B,M_BC,forward_lineage,low_rank_residual,False,2.03908550477747e-06,2.123323337058196e-06,2.129862428279466e-06,1.0000363344024406,32,3.6333082299666586e-05,,,,
2,early,M_B,M_BC,forward_lineage,whitened_cca,False,4.203139640910901e-15,4.3285474304335826e-15,4.3143762155348915e-15,1.0000000000000286,32,2.853273173286652e-14,,,,
2,early,M_BC,M_B,reverse_lineage,orthogonal_procrustes,True,3.551912222942939e-15,3.551977276745266e-15,3.56364106199874e-15,1.000000000000001,32,9.992007221626409e-16,5.02275342940024e-15,3.2183749089367754e-15,2.7884435013163578e-15,3.8255727334301485e-15
2,early,M_BC,M_B,reverse_lineage,ridge_linear,False,2.49221653503345e-06,2.5755967671213495e-06,2.591069740211422e-06,1.0000362678380885,32,3.6266520366257105e-05,,,,
2,early,M_BC,M_B,reverse_lineage,low_rank_residual,False,2.03908550477747e-06,2.123323337058196e-06,2.129862428279466e-06,1.0000363344024406,32,3.6333082299666586e-05,,,,
2,early,M_BC,M_B,reverse_lineage,whitened_cca,False,4.203139640910901e-15,4.3285474304335826e-15,4.3143762155348915e-15,1.0000000000000286,32,2.853273173286652e-14,,,,
2,early,M_C,M_CA,forward_lineage,orthogonal_procrustes,True,3.551912222942939e-15,3.551977276745266e-15,3.56364106199874e-15,1.000000000000001,32,9.992007221626409e-16,5.02275342940024e-15,3.2183749089367754e-15,2.7884435013163578e-15,3.8255727334301485e-15
2,early,M_C,M_CA,forward_lineage,ridge_linear,False,2.49221653503345e-06,2.5755967671213495e-06,2.591069740211422e-06,1.0000362678380885,32,3.6266520366257105e-05,,,,
2,early,M_C,M_CA,forward_lineage,low_rank_residual,False,2.03908550477747e-06,2.123323337058196e-06,2.129862428279466e-06,1.0000363344024406,32,3.6333082299666586e-05,,,,
2,early,M_C,M_CA,forward_lineage,whitened_cca,False,4.203139640910901e-15,4.3285474304335826e-15,4.3143762155348915e-15,1.0000000000000286,32,2.853273173286652e-14,,,,
2,early,M_CA,M_C,reverse_lineage,orthogonal_procrustes,True,3.551912222942939e-15,3.551977276745266e-15,3.56364106199874e-15,1.000000000000001,32,9.992007221626409e-16,5.02275342940024e-15,3.2183749089367754e-15,2.7884435013163578e-15,3.8255727334301485e-15
2,early,M_CA,M_C,reverse_lineage,ridge_linear,False,2.49221653503345e-06,2.5755967671213495e-06,2.591069740211422e-06,1.0000362678380885,32,3.6266520366257105e-05,,,,
2,early,M_CA,M_C,reverse_lineage,low_rank_residual,False,2.03908550477747e-06,2.123323337058196e-06,2.129862428279466e-06,1.0000363344024406,32,3.6333082299666586e-05,,,,
2,early,M_CA,M_C,reverse_lineage,whitened_cca,False,4.203139640910901e-15,4.3285474304335826e-15,4.3143762155348915e-15,1.0000000000000286,32,2.853273173286652e-14,,,,
2,early,M_C,M_CB,forward_lineage,orthogonal_procrustes,True,3.551912222942939e-15,3.551977276745266e-15,3.56364106199874e-15,1.000000000000001,32,9.992007221626409e-16,5.02275342940024e-15,3.2183749089367754e-15,2.7884435013163578e-15,3.8255727334301485e-15
2,early,M_C,M_CB,forward_lineage,ridge_linear,False,2.49221653503345e-06,2.5755967671213495e-06,2.591069740211422e-06,1.0000362678380885,32,3.6266520366257105e-05,,,,
2,early,M_C,M_CB,forward_lineage,low_rank_residual,False,2.03908550477747e-06,2.123323337058196e-06,2.129862428279466e-06,1.0000363344024406,32,3.6333082299666586e-05,,,,
2,early,M_C,M_CB,forward_lineage,whitened_cca,False,4.203139640910901e-15,4.3285474304335826e-15,4.3143762155348915e-15,1.0000000000000286,32,2.853273173286652e-14,,,,
2,early,M_CB,M_C,reverse_lineage,orthogonal_procrustes,True,3.551912222942939e-15,3.551977276745266e-15,3.56364106199874e-15,1.000000000000001,32,9.992007221626409e-16,5.02275342940024e-15,3.2183749089367754e-15,2.7884435013163578e-15,3.8255727334301485e-15
2,early,M_CB,M_C,reverse_lineage,ridge_linear,False,2.49221653503345e-06,2.5755967671213495e-06,2.591069740211422e-06,1.0000362678380885,32,3.6266520366257105e-05,,,,
2,early,M_CB,M_C,reverse_lineage,low_rank_residual,False,2.03908550477747e-06,2.123323337058196e-06,2.129862428279466e-06,1.0000363344024406,32,3.6333082299666586e-05,,,,
2,early,M_CB,M_C,reverse_lineage,whitened_cca,False,4.203139640910901e-15,4.3285474304335826e-15,4.3143762155348915e-15,1.0000000000000286,32,2.853273173286652e-14,,,,
2,early,M_AB,M_ABC,forward_lineage,orthogonal_procrustes,True,3.551912222942939e-15,3.551977276745266e-15,3.56364106199874e-15,1.000000000000001,32,9.992007221626409e-16,5.02275342940024e-15,3.2183749089367754e-15,2.7884435013163578e-15,3.8255727334301485e-15
2,early,M_AB,M_ABC,forward_lineage,ridge_linear,False,2.49221653503345e-06,2.5755967671213495e-06,2.591069740211422e-06,1.0000362678380885,32,3.6266520366257105e-05,,,,
2,early,M_AB,M_ABC,forward_lineage,low_rank_residual,False,2.03908550477747e-06,2.123323337058196e-06,2.129862428279466e-06,1.0000363344024406,32,3.6333082299666586e-05,,,,
2,early,M_AB,M_ABC,forward_lineage,whitened_cca,False,4.203139640910901e-15,4.3285474304335826e-15,4.3143762155348915e-15,1.0000000000000286,32,2.853273173286652e-14,,,,
2,early,M_ABC,M_AB,reverse_lineage,orthogonal_procrustes,True,3.551912222942939e-15,3.551977276745266e-15,3.56364106199874e-15,1.000000000000001,32,9.992007221626409e-16,5.02275342940024e-15,3.2183749089367754e-15,2.7884435013163578e-15,3.8255727334301485e-15
2,early,M_ABC,M_AB,reverse_lineage,ridge_linear,False,2.49221653503345e-06,2.5755967671213495e-06,2.591069740211422e-06,1.0000362678380885,32,3.6266520366257105e-05,,,,
2,early,M_ABC,M_AB,reverse_lineage,low_rank_residual,False,2.03908550477747e-06,2.123323337058196e-06,2.129862428279466e-06,1.0000363344024406,32,3.6333082299666586e-05,,,,
2,early,M_ABC,M_AB,reverse_lineage,whitened_cca,False,4.203139640910901e-15,4.3285474304335826e-15,4.3143762155348915e-15,1.0000000000000286,32,2.853273173286652e-14,,,,
2,early,M_AC,M_ACB,forward_lineage,orthogonal_procrustes,True,3.551912222942939e-15,3.551977276745266e-15,3.56364106199874e-15,1.000000000000001,32,9.992007221626409e-16,5.02275342940024e-15,3.2183749089367754e-15,2.7884435013163578e-15,3.8255727334301485e-15
2,early,M_AC,M_ACB,forward_lineage,ridge_linear,False,2.49221653503345e-06,2.5755967671213495e-06,2.591069740211422e-06,1.0000362678380885,32,3.6266520366257105e-05,,,,
2,early,M_AC,M_ACB,forward_lineage,low_rank_residual,False,2.03908550477747e-06,2.123323337058196e-06,2.129862428279466e-06,1.0000363344024406,32,3.6333082299666586e-05,,,,
2,early,M_AC,M_ACB,forward_lineage,whitened_cca,False,4.203139640910901e-15,4.3285474304335826e-15,4.3143762155348915e-15,1.0000000000000286,32,2.853273173286652e-14,,,,
2,early,M_ACB,M_AC,reverse_lineage,orthogonal_procrustes,True,3.551912222942939e-15,3.551977276745266e-15,3.56364106199874e-15,1.000000000000001,32,9.992007221626409e-16,5.02275342940024e-15,3.2183749089367754e-15,2.7884435013163578e-15,3.8255727334301485e-15
2,early,M_ACB,M_AC,reverse_lineage,ridge_linear,False,2.49221653503345e-06,2.5755967671213495e-06,2.591069740211422e-06,1.0000362678380885,32,3.6266520366257105e-05,,,,
2,early,M_ACB,M_AC,reverse_lineage,low_rank_residual,False,2.03908550477747e-06,2.123323337058196e-06,2.129862428279466e-06,1.0000363344024406,32,3.6333082299666586e-05,,,,
2,early,M_ACB,M_AC,reverse_lineage,whitened_cca,False,4.203139640910901e-15,4.3285474304335826e-15,4.3143762155348915e-15,1.0000000000000286,32,2.853273173286652e-14,,,,
2,early,M_BA,M_BAC,forward_lineage,orthogonal_procrustes,True,3.551912222942939e-15,3.551977276745266e-15,3.56364106199874e-15,1.000000000000001,32,9.992007221626409e-16,5.02275342940024e-15,3.2183749089367754e-15,2.7884435013163578e-15,3.8255727334301485e-15
2,early,M_BA,M_BAC,forward_lineage,ridge_linear,False,2.49221653503345e-06,2.5755967671213495e-06,2.591069740211422e-06,1.0000362678380885,32,3.6266520366257105e-05,,,,
2,early,M_BA,M_BAC,forward_lineage,low_rank_residual,False,2.03908550477747e-06,2.123323337058196e-06,2.129862428279466e-06,1.0000363344024406,32,3.6333082299666586e-05,,,,
2,early,M_BA,M_BAC,forward_lineage,whitened_cca,False,4.203139640910901e-15,4.3285474304335826e-15,4.3143762155348915e-15,1.0000000000000286,32,2.853273173286652e-14,,,,
2,early,M_BAC,M_BA,reverse_lineage,orthogonal_procrustes,True,3.551912222942939e-15,3.551977276745266e-15,3.56364106199874e-15,1.000000000000001,32,9.992007221626409e-16,5.02275342940024e-15,3.2183749089367754e-15,2.7884435013163578e-15,3.8255727334301485e-15
2,early,M_BAC,M_BA,reverse_lineage,ridge_linear,False,2.49221653503345e-06,2.5755967671213495e-06,2.591069740211422e-06,1.0000362678380885,32,3.6266520366257105e-05,,,,
2,early,M_BAC,M_BA,reverse_lineage,low_rank_residual,False,2.03908550477747e-06,2.123323337058196e-06,2.129862428279466e-06,1.0000363344024406,32,3.6333082299666586e-05,,,,
2,early,M_BAC,M_BA,reverse_lineage,whitened_cca,False,4.203139640910901e-15,4.3285474304335826e-15,4.3143762155348915e-15,1.0000000000000286,32,2.853273173286652e-14,,,,
2,early,M_BC,M_BCA,forward_lineage,orthogonal_procrustes,True,3.551912222942939e-15,3.551977276745266e-15,3.56364106199874e-15,1.000000000000001,32,9.992007221626409e-16,5.02275342940024e-15,3.2183749089367754e-15,2.7884435013163578e-15,3.8255727334301485e-15
2,early,M_BC,M_BCA,forward_lineage,ridge_linear,False,2.49221653503345e-06,2.5755967671213495e-06,2.591069740211422e-06,1.0000362678380885,32,3.6266520366257105e-05,,,,
2,early,M_BC,M_BCA,forward_lineage,low_rank_residual,False,2.03908550477747e-06,2.123323337058196e-06,2.129862428279466e-06,1.0000363344024406,32,3.6333082299666586e-05,,,,
2,early,M_BC,M_BCA,forward_lineage,whitened_cca,False,4.203139640910901e-15,4.3285474304335826e-15,4.3143762155348915e-15,1.0000000000000286,32,2.853273173286652e-14,,,,
2,early,M_BCA,M_BC,reverse_lineage,orthogonal_procrustes,True,3.551912222942939e-15,3.551977276745266e-15,3.56364106199874e-15,1.000000000000001,32,9.992007221626409e-16,5.02275342940024e-15,3.2183749089367754e-15,2.7884435013163578e-15,3.8255727334301485e-15
2,early,M_BCA,M_BC,reverse_lineage,ridge_linear,False,2.49221653503345e-06,2.5755967671213495e-06,2.591069740211422e-06,1.0000362678380885,32,3.6266520366257105e-05,,,,
2,early,M_BCA,M_BC,reverse_lineage,low_rank_residual,False,2.03908550477747e-06,2.123323337058196e-06,2.129862428279466e-06,1.0000363344024406,32,3.6333082299666586e-05,,,,
2,early,M_BCA,M_BC,reverse_lineage,whitened_cca,False,4.203139640910901e-15,4.3285474304335826e-15,4.3143762155348915e-15,1.0000000000000286,32,2.853273173286652e-14,,,,
2,early,M_CA,M_CAB,forward_lineage,orthogonal_procrustes,True,3.551912222942939e-15,3.551977276745266e-15,3.56364106199874e-15,1.000000000000001,32,9.992007221626409e-16,5.02275342940024e-15,3.2183749089367754e-15,2.7884435013163578e-15,3.8255727334301485e-15
2,early,M_CA,M_CAB,forward_lineage,ridge_linear,False,2.49221653503345e-06,2.5755967671213495e-06,2.591069740211422e-06,1.0000362678380885,32,3.6266520366257105e-05,,,,
2,early,M_CA,M_CAB,forward_lineage,low_rank_residual,False,2.03908550477747e-06,2.123323337058196e-06,2.129862428279466e-06,1.0000363344024406,32,3.6333082299666586e-05,,,,
2,early,M_CA,M_CAB,forward_lineage,whitened_cca,False,4.203139640910901e-15,4.3285474304335826e-15,4.3143762155348915e-15,1.0000000000000286,32,2.853273173286652e-14,,,,
2,early,M_CAB,M_CA,reverse_lineage,orthogonal_procrustes,True,3.551912222942939e-15,3.551977276745266e-15,3.56364106199874e-15,1.000000000000001,32,9.992007221626409e-16,5.02275342940024e-15,3.2183749089367754e-15,2.7884435013163578e-15,3.8255727334301485e-15
2,early,M_CAB,M_CA,reverse_lineage,ridge_linear,False,2.49221653503345e-06,2.5755967671213495e-06,2.591069740211422e-06,1.0000362678380885,32,3.6266520366257105e-05,,,,
2,early,M_CAB,M_CA,reverse_lineage,low_rank_residual,False,2.03908550477747e-06,2.123323337058196e-06,2.129862428279466e-06,1.0000363344024406,32,3.6333082299666586e-05,,,,
2,early,M_CAB,M_CA,reverse_lineage,whitened_cca,False,4.203139640910901e-15,4.3285474304335826e-15,4.3143762155348915e-15,1.0000000000000286,32,2.853273173286652e-14,,,,
2,early,M_CB,M_CBA,forward_lineage,orthogonal_procrustes,True,3.551912222942939e-15,3.551977276745266e-15,3.56364106199874e-15,1.000000000000001,32,9.992007221626409e-16,5.02275342940024e-15,3.2183749089367754e-15,2.7884435013163578e-15,3.8255727334301485e-15
2,early,M_CB,M_CBA,forward_lineage,ridge_linear,False,2.49221653503345e-06,2.5755967671213495e-06,2.591069740211422e-06,1.0000362678380885,32,3.6266520366257105e-05,,,,
2,early,M_CB,M_CBA,forward_lineage,low_rank_residual,False,2.03908550477747e-06,2.123323337058196e-06,2.129862428279466e-06,1.0000363344024406,32,3.6333082299666586e-05,,,,
2,early,M_CB,M_CBA,forward_lineage,whitened_cca,False,4.203139640910901e-15,4.3285474304335826e-15,4.3143762155348915e-15,1.0000000000000286,32,2.853273173286652e-14,,,,
2,early,M_CBA,M_CB,reverse_lineage,orthogonal_procrustes,True,3.551912222942939e-15,3.551977276745266e-15,3.56364106199874e-15,1.000000000000001,32,9.992007221626409e-16,5.02275342940024e-15,3.2183749089367754e-15,2.7884435013163578e-15,3.8255727334301485e-15
2,early,M_CBA,M_CB,reverse_lineage,ridge_linear,False,2.49221653503345e-06,2.5755967671213495e-06,2.591069740211422e-06,1.0000362678380885,32,3.6266520366257105e-05,,,,
2,early,M_CBA,M_CB,reverse_lineage,low_rank_residual,False,2.03908550477747e-06,2.123323337058196e-06,2.129862428279466e-06,1.0000363344024406,32,3.6333082299666586e-05,,,,
2,early,M_CBA,M_CB,reverse_lineage,whitened_cca,False,4.203139640910901e-15,4.3285474304335826e-15,4.3143762155348915e-15,1.0000000000000286,32,2.853273173286652e-14,,,,
2,early,M_AB,M_B,loop_closing,orthogonal_procrustes,True,3.551912222942939e-15,3.551977276745266e-15,3.56364106199874e-15,1.000000000000001,32,9.992007221626409e-16,5.02275342940024e-15,3.2183749089367754e-15,2.7884435013163578e-15,3.8255727334301485e-15
2,early,M_AB,M_B,loop_closing,ridge_linear,False,2.49221653503345e-06,2.5755967671213495e-06,2.591069740211422e-06,1.0000362678380885,32,3.6266520366257105e-05,,,,
2,early,M_AB,M_B,loop_closing,low_rank_residual,False,2.03908550477747e-06,2.123323337058196e-06,2.129862428279466e-06,1.0000363344024406,32,3.6333082299666586e-05,,,,
2,early,M_AB,M_B,loop_closing,whitened_cca,False,4.203139640910901e-15,4.3285474304335826e-15,4.3143762155348915e-15,1.0000000000000286,32,2.853273173286652e-14,,,,
2,early,M_B,M_AB,loop_closing,orthogonal_procrustes,True,3.551912222942939e-15,3.551977276745266e-15,3.56364106199874e-15,1.000000000000001,32,9.992007221626409e-16,5.02275342940024e-15,3.2183749089367754e-15,2.7884435013163578e-15,3.8255727334301485e-15
2,early,M_B,M_AB,loop_closing,ridge_linear,False,2.49221653503345e-06,2.5755967671213495e-06,2.591069740211422e-06,1.0000362678380885,32,3.6266520366257105e-05,,,,
2,early,M_B,M_AB,loop_closing,low_rank_residual,False,2.03908550477747e-06,2.123323337058196e-06,2.129862428279466e-06,1.0000363344024406,32,3.6333082299666586e-05,,,,
2,early,M_B,M_AB,loop_closing,whitened_cca,False,4.203139640910901e-15,4.3285474304335826e-15,4.3143762155348915e-15,1.0000000000000286,32,2.853273173286652e-14,,,,
2,early,M_AC,M_C,loop_closing,orthogonal_procrustes,True,3.551912222942939e-15,3.551977276745266e-15,3.56364106199874e-15,1.000000000000001,32,9.992007221626409e-16,5.02275342940024e-15,3.2183749089367754e-15,2.7884435013163578e-15,3.8255727334301485e-15
2,early,M_AC,M_C,loop_closing,ridge_linear,False,2.49221653503345e-06,2.5755967671213495e-06,2.591069740211422e-06,1.0000362678380885,32,3.6266520366257105e-05,,,,
2,early,M_AC,M_C,loop_closing,low_rank_residual,False,2.03908550477747e-06,2.123323337058196e-06,2.129862428279466e-06,1.0000363344024406,32,3.6333082299666586e-05,,,,
2,early,M_AC,M_C,loop_closing,whitened_cca,False,4.203139640910901e-15,4.3285474304335826e-15,4.3143762155348915e-15,1.0000000000000286,32,2.853273173286652e-14,,,,
2,early,M_C,M_AC,loop_closing,orthogonal_procrustes,True,3.551912222942939e-15,3.551977276745266e-15,3.56364106199874e-15,1.000000000000001,32,9.992007221626409e-16,5.02275342940024e-15,3.2183749089367754e-15,2.7884435013163578e-15,3.8255727334301485e-15
2,early,M_C,M_AC,loop_closing,ridge_linear,False,2.49221653503345e-06,2.5755967671213495e-06,2.591069740211422e-06,1.0000362678380885,32,3.6266520366257105e-05,,,,
2,early,M_C,M_AC,loop_closing,low_rank_residual,False,2.03908550477747e-06,2.123323337058196e-06,2.129862428279466e-06,1.0000363344024406,32,3.6333082299666586e-05,,,,
2,early,M_C,M_AC,loop_closing,whitened_cca,False,4.203139640910901e-15,4.3285474304335826e-15,4.3143762155348915e-15,1.0000000000000286,32,2.853273173286652e-14,,,,
2,early,M_BC,M_C,loop_closing,orthogonal_procrustes,True,3.551912222942939e-15,3.551977276745266e-15,3.56364106199874e-15,1.000000000000001,32,9.992007221626409e-16,5.02275342940024e-15,3.2183749089367754e-15,2.7884435013163578e-15,3.8255727334301485e-15
2,early,M_BC,M_C,loop_closing,ridge_linear,False,2.49221653503345e-06,2.5755967671213495e-06,2.591069740211422e-06,1.0000362678380885,32,3.6266520366257105e-05,,,,
2,early,M_BC,M_C,loop_closing,low_rank_residual,False,2.03908550477747e-06,2.123323337058196e-06,2.129862428279466e-06,1.0000363344024406,32,3.6333082299666586e-05,,,,
2,early,M_BC,M_C,loop_closing,whitened_cca,False,4.203139640910901e-15,4.3285474304335826e-15,4.3143762155348915e-15,1.0000000000000286,32,2.853273173286652e-14,,,,
2,early,M_C,M_BC,loop_closing,orthogonal_procrustes,True,3.551912222942939e-15,3.551977276745266e-15,3.56364106199874e-15,1.000000000000001,32,9.992007221626409e-16,5.02275342940024e-15,3.2183749089367754e-15,2.7884435013163578e-15,3.8255727334301485e-15
2,early,M_C,M_BC,loop_closing,ridge_linear,False,2.49221653503345e-06,2.5755967671213495e-06,2.591069740211422e-06,1.0000362678380885,32,3.6266520366257105e-05,,,,
2,early,M_C,M_BC,loop_closing,low_rank_residual,False,2.03908550477747e-06,2.123323337058196e-06,2.129862428279466e-06,1.0000363344024406,32,3.6333082299666586e-05,,,,
2,early,M_C,M_BC,loop_closing,whitened_cca,False,4.203139640910901e-15,4.3285474304335826e-15,4.3143762155348915e-15,1.0000000000000286,32,2.853273173286652e-14,,,,
2,early,M_ABC,M_BAC,same_depth_closing,orthogonal_procrustes,True,3.551912222942939e-15,3.551977276745266e-15,3.56364106199874e-15,1.000000000000001,32,9.992007221626409e-16,5.02275342940024e-15,3.2183749089367754e-15,2.7884435013163578e-15,3.8255727334301485e-15
2,early,M_ABC,M_BAC,same_depth_closing,ridge_linear,False,2.49221653503345e-06,2.5755967671213495e-06,2.591069740211422e-06,1.0000362678380885,32,3.6266520366257105e-05,,,,
2,early,M_ABC,M_BAC,same_depth_closing,low_rank_residual,False,2.03908550477747e-06,2.123323337058196e-06,2.129862428279466e-06,1.0000363344024406,32,3.6333082299666586e-05,,,,
2,early,M_ABC,M_BAC,same_depth_closing,whitened_cca,False,4.203139640910901e-15,4.3285474304335826e-15,4.3143762155348915e-15,1.0000000000000286,32,2.853273173286652e-14,,,,
2,early,M_BAC,M_ABC,same_depth_closing,orthogonal_procrustes,True,3.551912222942939e-15,3.551977276745266e-15,3.56364106199874e-15,1.000000000000001,32,9.992007221626409e-16,5.02275342940024e-15,3.2183749089367754e-15,2.7884435013163578e-15,3.8255727334301485e-15
2,early,M_BAC,M_ABC,same_depth_closing,ridge_linear,False,2.49221653503345e-06,2.5755967671213495e-06,2.591069740211422e-06,1.0000362678380885,32,3.6266520366257105e-05,,,,
2,early,M_BAC,M_ABC,same_depth_closing,low_rank_residual,False,2.03908550477747e-06,2.123323337058196e-06,2.129862428279466e-06,1.0000363344024406,32,3.6333082299666586e-05,,,,
2,early,M_BAC,M_ABC,same_depth_closing,whitened_cca,False,4.203139640910901e-15,4.3285474304335826e-15,4.3143762155348915e-15,1.0000000000000286,32,2.853273173286652e-14,,,,
2,early,M_ABC,M_ACB,same_depth_closing,orthogonal_procrustes,True,3.551912222942939e-15,3.551977276745266e-15,3.56364106199874e-15,1.000000000000001,32,9.992007221626409e-16,5.02275342940024e-15,3.2183749089367754e-15,2.7884435013163578e-15,3.8255727334301485e-15
2,early,M_ABC,M_ACB,same_depth_closing,ridge_linear,False,2.49221653503345e-06,2.5755967671213495e-06,2.591069740211422e-06,1.0000362678380885,32,3.6266520366257105e-05,,,,
2,early,M_ABC,M_ACB,same_depth_closing,low_rank_residual,False,2.03908550477747e-06,2.123323337058196e-06,2.129862428279466e-06,1.0000363344024406,32,3.6333082299666586e-05,,,,
2,early,M_ABC,M_ACB,same_depth_closing,whitened_cca,False,4.203139640910901e-15,4.3285474304335826e-15,4.3143762155348915e-15,1.0000000000000286,32,2.853273173286652e-14,,,,
2,early,M_ACB,M_ABC,same_depth_closing,orthogonal_procrustes,True,3.551912222942939e-15,3.551977276745266e-15,3.56364106199874e-15,1.000000000000001,32,9.992007221626409e-16,5.02275342940024e-15,3.2183749089367754e-15,2.7884435013163578e-15,3.8255727334301485e-15
2,early,M_ACB,M_ABC,same_depth_closing,ridge_linear,False,2.49221653503345e-06,2.5755967671213495e-06,2.591069740211422e-06,1.0000362678380885,32,3.6266520366257105e-05,,,,
2,early,M_ACB,M_ABC,same_depth_closing,low_rank_residual,False,2.03908550477747e-06,2.123323337058196e-06,2.129862428279466e-06,1.0000363344024406,32,3.6333082299666586e-05,,,,
2,early,M_ACB,M_ABC,same_depth_closing,whitened_cca,False,4.203139640910901e-15,4.3285474304335826e-15,4.3143762155348915e-15,1.0000000000000286,32,2.853273173286652e-14,,,,
2,early,M_ACB,M_CAB,same_depth_closing,orthogonal_procrustes,True,3.551912222942939e-15,3.551977276745266e-15,3.56364106199874e-15,1.000000000000001,32,9.992007221626409e-16,5.02275342940024e-15,3.2183749089367754e-15,2.7884435013163578e-15,3.8255727334301485e-15
2,early,M_ACB,M_CAB,same_depth_closing,ridge_linear,False,2.49221653503345e-06,2.5755967671213495e-06,2.591069740211422e-06,1.0000362678380885,32,3.6266520366257105e-05,,,,
2,early,M_ACB,M_CAB,same_depth_closing,low_rank_residual,False,2.03908550477747e-06,2.123323337058196e-06,2.129862428279466e-06,1.0000363344024406,32,3.6333082299666586e-05,,,,
2,early,M_ACB,M_CAB,same_depth_closing,whitened_cca,False,4.203139640910901e-15,4.3285474304335826e-15,4.3143762155348915e-15,1.0000000000000286,32,2.853273173286652e-14,,,,
2,early,M_CAB,M_ACB,same_depth_closing,orthogonal_procrustes,True,3.551912222942939e-15,3.551977276745266e-15,3.56364106199874e-15,1.000000000000001,32,9.992007221626409e-16,5.02275342940024e-15,3.2183749089367754e-15,2.7884435013163578e-15,3.8255727334301485e-15
2,early,M_CAB,M_ACB,same_depth_closing,ridge_linear,False,2.49221653503345e-06,2.5755967671213495e-06,2.591069740211422e-06,1.0000362678380885,32,3.6266520366257105e-05,,,,
2,early,M_CAB,M_ACB,same_depth_closing,low_rank_residual,False,2.03908550477747e-06,2.123323337058196e-06,2.129862428279466e-06,1.0000363344024406,32,3.6333082299666586e-05,,,,
2,early,M_CAB,M_ACB,same_depth_closing,whitened_cca,False,4.203139640910901e-15,4.3285474304335826e-15,4.3143762155348915e-15,1.0000000000000286,32,2.853273173286652e-14,,,,
2,early,M_BAC,M_BCA,same_depth_closing,orthogonal_procrustes,True,3.551912222942939e-15,3.551977276745266e-15,3.56364106199874e-15,1.000000000000001,32,9.992007221626409e-16,5.02275342940024e-15,3.2183749089367754e-15,2.7884435013163578e-15,3.8255727334301485e-15
2,early,M_BAC,M_BCA,same_depth_closing,ridge_linear,False,2.49221653503345e-06,2.5755967671213495e-06,2.591069740211422e-06,1.0000362678380885,32,3.6266520366257105e-05,,,,
2,early,M_BAC,M_BCA,same_depth_closing,low_rank_residual,False,2.03908550477747e-06,2.123323337058196e-06,2.129862428279466e-06,1.0000363344024406,32,3.6333082299666586e-05,,,,
2,early,M_BAC,M_BCA,same_depth_closing,whitened_cca,False,4.203139640910901e-15,4.3285474304335826e-15,4.3143762155348915e-15,1.0000000000000286,32,2.853273173286652e-14,,,,
2,early,M_BCA,M_BAC,same_depth_closing,orthogonal_procrustes,True,3.551912222942939e-15,3.551977276745266e-15,3.56364106199874e-15,1.000000000000001,32,9.992007221626409e-16,5.02275342940024e-15,3.2183749089367754e-15,2.7884435013163578e-15,3.8255727334301485e-15
2,early,M_BCA,M_BAC,same_depth_closing,ridge_linear,False,2.49221653503345e-06,2.5755967671213495e-06,2.591069740211422e-06,1.0000362678380885,32,3.6266520366257105e-05,,,,
2,early,M_BCA,M_BAC,same_depth_closing,low_rank_residual,False,2.03908550477747e-06,2.123323337058196e-06,2.129862428279466e-06,1.0000363344024406,32,3.6333082299666586e-05,,,,
2,early,M_BCA,M_BAC,same_depth_closing,whitened_cca,False,4.203139640910901e-15,4.3285474304335826e-15,4.3143762155348915e-15,1.0000000000000286,32,2.853273173286652e-14,,,,
2,early,M_BCA,M_CBA,same_depth_closing,orthogonal_procrustes,True,3.551912222942939e-15,3.551977276745266e-15,3.56364106199874e-15,1.000000000000001,32,9.992007221626409e-16,5.02275342940024e-15,3.2183749089367754e-15,2.7884435013163578e-15,3.8255727334301485e-15
2,early,M_BCA,M_CBA,same_depth_closing,ridge_linear,False,2.49221653503345e-06,2.5755967671213495e-06,2.591069740211422e-06,1.0000362678380885,32,3.6266520366257105e-05,,,,
2,early,M_BCA,M_CBA,same_depth_closing,low_rank_residual,False,2.03908550477747e-06,2.123323337058196e-06,2.129862428279466e-06,1.0000363344024406,32,3.6333082299666586e-05,,,,
2,early,M_BCA,M_CBA,same_depth_closing,whitened_cca,False,4.203139640910901e-15,4.3285474304335826e-15,4.3143762155348915e-15,1.0000000000000286,32,2.853273173286652e-14,,,,
2,early,M_CBA,M_BCA,same_depth_closing,orthogonal_procrustes,True,3.551912222942939e-15,3.551977276745266e-15,3.56364106199874e-15,1.000000000000001,32,9.992007221626409e-16,5.02275342940024e-15,3.2183749089367754e-15,2.7884435013163578e-15,3.8255727334301485e-15
2,early,M_CBA,M_BCA,same_depth_closing,ridge_linear,False,2.49221653503345e-06,2.5755967671213495e-06,2.591069740211422e-06,1.0000362678380885,32,3.6266520366257105e-05,,,,
2,early,M_CBA,M_BCA,same_depth_closing,low_rank_residual,False,2.03908550477747e-06,2.123323337058196e-06,2.129862428279466e-06,1.0000363344024406,32,3.6333082299666586e-05,,,,
2,early,M_CBA,M_BCA,same_depth_closing,whitened_cca,False,4.203139640910901e-15,4.3285474304335826e-15,4.3143762155348915e-15,1.0000000000000286,32,2.853273173286652e-14,,,,
2,early,M_CAB,M_CBA,same_depth_closing,orthogonal_procrustes,True,3.551912222942939e-15,3.551977276745266e-15,3.56364106199874e-15,1.000000000000001,32,9.992007221626409e-16,5.02275342940024e-15,3.2183749089367754e-15,2.7884435013163578e-15,3.8255727334301485e-15
2,early,M_CAB,M_CBA,same_depth_closing,ridge_linear,False,2.49221653503345e-06,2.5755967671213495e-06,2.591069740211422e-06,1.0000362678380885,32,3.6266520366257105e-05,,,,
2,early,M_CAB,M_CBA,same_depth_closing,low_rank_residual,False,2.03908550477747e-06,2.123323337058196e-06,2.129862428279466e-06,1.0000363344024406,32,3.6333082299666586e-05,,,,
2,early,M_CAB,M_CBA,same_depth_closing,whitened_cca,False,4.203139640910901e-15,4.3285474304335826e-15,4.3143762155348915e-15,1.0000000000000286,32,2.853273173286652e-14,,,,
2,early,M_CBA,M_CAB,same_depth_closing,orthogonal_procrustes,True,3.551912222942939e-15,3.551977276745266e-15,3.56364106199874e-15,1.000000000000001,32,9.992007221626409e-16,5.02275342940024e-15,3.2183749089367754e-15,2.7884435013163578e-15,3.8255727334301485e-15
2,early,M_CBA,M_CAB,same_depth_closing,ridge_linear,False,2.49221653503345e-06,2.5755967671213495e-06,2.591069740211422e-06,1.0000362678380885,32,3.6266520366257105e-05,,,,
2,early,M_CBA,M_CAB,same_depth_closing,low_rank_residual,False,2.03908550477747e-06,2.123323337058196e-06,2.129862428279466e-06,1.0000363344024406,32,3.6333082299666586e-05,,,,
2,early,M_CBA,M_CAB,same_depth_closing,whitened_cca,False,4.203139640910901e-15,4.3285474304335826e-15,4.3143762155348915e-15,1.0000000000000286,32,2.853273173286652e-14,,,,
2,early,M_AB,M_BA,same_depth_closing,orthogonal_procrustes,True,3.551912222942939e-15,3.551977276745266e-15,3.56364106199874e-15,1.000000000000001,32,9.992007221626409e-16,5.02275342940024e-15,3.2183749089367754e-15,2.7884435013163578e-15,3.8255727334301485e-15
2,early,M_AB,M_BA,same_depth_closing,ridge_linear,False,2.49221653503345e-06,2.5755967671213495e-06,2.591069740211422e-06,1.0000362678380885,32,3.6266520366257105e-05,,,,
2,early,M_AB,M_BA,same_depth_closing,low_rank_residual,False,2.03908550477747e-06,2.123323337058196e-06,2.129862428279466e-06,1.0000363344024406,32,3.6333082299666586e-05,,,,
2,early,M_AB,M_BA,same_depth_closing,whitened_cca,False,4.203139640910901e-15,4.3285474304335826e-15,4.3143762155348915e-15,1.0000000000000286,32,2.853273173286652e-14,,,,
2,early,M_BA,M_AB,same_depth_closing,orthogonal_procrustes,True,3.551912222942939e-15,3.551977276745266e-15,3.56364106199874e-15,1.000000000000001,32,9.992007221626409e-16,5.02275342940024e-15,3.2183749089367754e-15,2.7884435013163578e-15,3.8255727334301485e-15
2,early,M_BA,M_AB,same_depth_closing,ridge_linear,False,2.49221653503345e-06,2.5755967671213495e-06,2.591069740211422e-06,1.0000362678380885,32,3.6266520366257105e-05,,,,
2,early,M_BA,M_AB,same_depth_closing,low_rank_residual,False,2.03908550477747e-06,2.123323337058196e-06,2.129862428279466e-06,1.0000363344024406,32,3.6333082299666586e-05,,,,
2,early,M_BA,M_AB,same_depth_closing,whitened_cca,False,4.203139640910901e-15,4.3285474304335826e-15,4.3143762155348915e-15,1.0000000000000286,32,2.853273173286652e-14,,,,
2,early,M_AC,M_CA,same_depth_closing,orthogonal_procrustes,True,3.551912222942939e-15,3.551977276745266e-15,3.56364106199874e-15,1.000000000000001,32,9.992007221626409e-16,5.02275342940024e-15,3.2183749089367754e-15,2.7884435013163578e-15,3.8255727334301485e-15
2,early,M_AC,M_CA,same_depth_closing,ridge_linear,False,2.49221653503345e-06,2.5755967671213495e-06,2.591069740211422e-06,1.0000362678380885,32,3.6266520366257105e-05,,,,
2,early,M_AC,M_CA,same_depth_closing,low_rank_residual,False,2.03908550477747e-06,2.123323337058196e-06,2.129862428279466e-06,1.0000363344024406,32,3.6333082299666586e-05,,,,
2,early,M_AC,M_CA,same_depth_closing,whitened_cca,False,4.203139640910901e-15,4.3285474304335826e-15,4.3143762155348915e-15,1.0000000000000286,32,2.853273173286652e-14,,,,
2,early,M_CA,M_AC,same_depth_closing,orthogonal_procrustes,True,3.551912222942939e-15,3.551977276745266e-15,3.56364106199874e-15,1.000000000000001,32,9.992007221626409e-16,5.02275342940024e-15,3.2183749089367754e-15,2.7884435013163578e-15,3.8255727334301485e-15
2,early,M_CA,M_AC,same_depth_closing,ridge_linear,False,2.49221653503345e-06,2.5755967671213495e-06,2.591069740211422e-06,1.0000362678380885,32,3.6266520366257105e-05,,,,
2,early,M_CA,M_AC,same_depth_closing,low_rank_residual,False,2.03908550477747e-06,2.123323337058196e-06,2.129862428279466e-06,1.0000363344024406,32,3.6333082299666586e-05,,,,
2,early,M_CA,M_AC,same_depth_closing,whitened_cca,False,4.203139640910901e-15,4.3285474304335826e-15,4.3143762155348915e-15,1.0000000000000286,32,2.853273173286652e-14,,,,
2,early,M_BC,M_CB,same_depth_closing,orthogonal_procrustes,True,3.551912222942939e-15,3.551977276745266e-15,3.56364106199874e-15,1.000000000000001,32,9.992007221626409e-16,5.02275342940024e-15,3.2183749089367754e-15,2.7884435013163578e-15,3.8255727334301485e-15
2,early,M_BC,M_CB,same_depth_closing,ridge_linear,False,2.49221653503345e-06,2.5755967671213495e-06,2.591069740211422e-06,1.0000362678380885,32,3.6266520366257105e-05,,,,
2,early,M_BC,M_CB,same_depth_closing,low_rank_residual,False,2.03908550477747e-06,2.123323337058196e-06,2.129862428279466e-06,1.0000363344024406,32,3.6333082299666586e-05,,,,
2,early,M_BC,M_CB,same_depth_closing,whitened_cca,False,4.203139640910901e-15,4.3285474304335826e-15,4.3143762155348915e-15,1.0000000000000286,32,2.853273173286652e-14,,,,
2,early,M_CB,M_BC,same_depth_closing,orthogonal_procrustes,True,3.551912222942939e-15,3.551977276745266e-15,3.56364106199874e-15,1.000000000000001,32,9.992007221626409e-16,5.02275342940024e-15,3.2183749089367754e-15,2.7884435013163578e-15,3.8255727334301485e-15
2,early,M_CB,M_BC,same_depth_closing,ridge_linear,False,2.49221653503345e-06,2.5755967671213495e-06,2.591069740211422e-06,1.0000362678380885,32,3.6266520366257105e-05,,,,
2,early,M_CB,M_BC,same_depth_closing,low_rank_residual,False,2.03908550477747e-06,2.123323337058196e-06,2.129862428279466e-06,1.0000363344024406,32,3.6333082299666586e-05,,,,
2,early,M_CB,M_BC,same_depth_closing,whitened_cca,False,4.203139640910901e-15,4.3285474304335826e-15,4.3143762155348915e-15,1.0000000000000286,32,2.853273173286652e-14,,,,
2,early,M_A,M_B,same_depth_closing,orthogonal_procrustes,True,3.551912222942939e-15,3.551977276745266e-15,3.56364106199874e-15,1.000000000000001,32,9.992007221626409e-16,5.02275342940024e-15,3.2183749089367754e-15,2.7884435013163578e-15,3.8255727334301485e-15
2,early,M_A,M_B,same_depth_closing,ridge_linear,False,2.49221653503345e-06,2.5755967671213495e-06,2.591069740211422e-06,1.0000362678380885,32,3.6266520366257105e-05,,,,
2,early,M_A,M_B,same_depth_closing,low_rank_residual,False,2.03908550477747e-06,2.123323337058196e-06,2.129862428279466e-06,1.0000363344024406,32,3.6333082299666586e-05,,,,
2,early,M_A,M_B,same_depth_closing,whitened_cca,False,4.203139640910901e-15,4.3285474304335826e-15,4.3143762155348915e-15,1.0000000000000286,32,2.853273173286652e-14,,,,
2,early,M_B,M_A,same_depth_closing,orthogonal_procrustes,True,3.551912222942939e-15,3.551977276745266e-15,3.56364106199874e-15,1.000000000000001,32,9.992007221626409e-16,5.02275342940024e-15,3.2183749089367754e-15,2.7884435013163578e-15,3.8255727334301485e-15
2,early,M_B,M_A,same_depth_closing,ridge_linear,False,2.49221653503345e-06,2.5755967671213495e-06,2.591069740211422e-06,1.0000362678380885,32,3.6266520366257105e-05,,,,
2,early,M_B,M_A,same_depth_closing,low_rank_residual,False,2.03908550477747e-06,2.123323337058196e-06,2.129862428279466e-06,1.0000363344024406,32,3.6333082299666586e-05,,,,
2,early,M_B,M_A,same_depth_closing,whitened_cca,False,4.203139640910901e-15,4.3285474304335826e-15,4.3143762155348915e-15,1.0000000000000286,32,2.853273173286652e-14,,,,
2,early,M_A,M_C,same_depth_closing,orthogonal_procrustes,True,3.551912222942939e-15,3.551977276745266e-15,3.56364106199874e-15,1.000000000000001,32,9.992007221626409e-16,5.02275342940024e-15,3.2183749089367754e-15,2.7884435013163578e-15,3.8255727334301485e-15
2,early,M_A,M_C,same_depth_closing,ridge_linear,False,2.49221653503345e-06,2.5755967671213495e-06,2.591069740211422e-06,1.0000362678380885,32,3.6266520366257105e-05,,,,
2,early,M_A,M_C,same_depth_closing,low_rank_residual,False,2.03908550477747e-06,2.123323337058196e-06,2.129862428279466e-06,1.0000363344024406,32,3.6333082299666586e-05,,,,
2,early,M_A,M_C,same_depth_closing,whitened_cca,False,4.203139640910901e-15,4.3285474304335826e-15,4.3143762155348915e-15,1.0000000000000286,32,2.853273173286652e-14,,,,
2,early,M_C,M_A,same_depth_closing,orthogonal_procrustes,True,3.551912222942939e-15,3.551977276745266e-15,3.56364106199874e-15,1.000000000000001,32,9.992007221626409e-16,5.02275342940024e-15,3.2183749089367754e-15,2.7884435013163578e-15,3.8255727334301485e-15
2,early,M_C,M_A,same_depth_closing,ridge_linear,False,2.49221653503345e-06,2.5755967671213495e-06,2.591069740211422e-06,1.0000362678380885,32,3.6266520366257105e-05,,,,
2,early,M_C,M_A,same_depth_closing,low_rank_residual,False,2.03908550477747e-06,2.123323337058196e-06,2.129862428279466e-06,1.0000363344024406,32,3.6333082299666586e-05,,,,
2,early,M_C,M_A,same_depth_closing,whitened_cca,False,4.203139640910901e-15,4.3285474304335826e-15,4.3143762155348915e-15,1.0000000000000286,32,2.853273173286652e-14,,,,
2,early,M_B,M_C,same_depth_closing,orthogonal_procrustes,True,3.551912222942939e-15,3.551977276745266e-15,3.56364106199874e-15,1.000000000000001,32,9.992007221626409e-16,5.02275342940024e-15,3.2183749089367754e-15,2.7884435013163578e-15,3.8255727334301485e-15
2,early,M_B,M_C,same_depth_closing,ridge_linear,False,2.49221653503345e-06,2.5755967671213495e-06,2.591069740211422e-06,1.0000362678380885,32,3.6266520366257105e-05,,,,
2,early,M_B,M_C,same_depth_closing,low_rank_residual,False,2.03908550477747e-06,2.123323337058196e-06,2.129862428279466e-06,1.0000363344024406,32,3.6333082299666586e-05,,,,
2,early,M_B,M_C,same_depth_closing,whitened_cca,False,4.203139640910901e-15,4.3285474304335826e-15,4.3143762155348915e-15,1.0000000000000286,32,2.853273173286652e-14,,,,
2,early,M_C,M_B,same_depth_closing,orthogonal_procrustes,True,3.551912222942939e-15,3.551977276745266e-15,3.56364106199874e-15,1.000000000000001,32,9.992007221626409e-16,5.02275342940024e-15,3.2183749089367754e-15,2.7884435013163578e-15,3.8255727334301485e-15
2,early,M_C,M_B,same_depth_closing,ridge_linear,False,2.49221653503345e-06,2.5755967671213495e-06,2.591069740211422e-06,1.0000362678380885,32,3.6266520366257105e-05,,,,
2,early,M_C,M_B,same_depth_closing,low_rank_residual,False,2.03908550477747e-06,2.123323337058196e-06,2.129862428279466e-06,1.0000363344024406,32,3.6333082299666586e-05,,,,
2,early,M_C,M_B,same_depth_closing,whitened_cca,False,4.203139640910901e-15,4.3285474304335826e-15,4.3143762155348915e-15,1.0000000000000286,32,2.853273173286652e-14,,,,
2,mid,M0,M_A,forward_lineage,orthogonal_procrustes,True,1.3108991934751398e-15,1.3138191023365668e-15,1.3066713386351156e-15,1.000000000000002,32,1.887379141862766e-15,2.5963004898715615e-15,2.0503399975299733e-15,1.6380421511878505e-15,2.6961657669529184e-15
2,mid,M0,M_A,forward_lineage,ridge_linear,False,1.1359775102048955e-06,1.1965523350029867e-06,1.1948701134939577e-06,1.0000043286636007,32,4.328644106377233e-06,,,,
2,mid,M0,M_A,forward_lineage,low_rank_residual,False,7.94774761579686e-07,8.613124127229335e-07,8.593821630403717e-07,1.0000045035491316,32,4.50352884973082e-06,,,,
2,mid,M0,M_A,forward_lineage,whitened_cca,False,4.2926285757921615e-15,4.410441426927964e-15,4.394972387277734e-15,1.0000000000000038,32,3.774758283725532e-15,,,,
2,mid,M_A,M0,reverse_lineage,orthogonal_procrustes,True,1.3108991934751398e-15,1.3138191023365668e-15,1.3066713386351156e-15,1.000000000000002,32,1.887379141862766e-15,2.5963004898715615e-15,2.0503399975299733e-15,1.6380421511878505e-15,2.6961657669529184e-15
2,mid,M_A,M0,reverse_lineage,ridge_linear,False,1.1359775102048955e-06,1.1965523350029867e-06,1.1948701134939577e-06,1.0000043286636007,32,4.328644106377233e-06,,,,
2,mid,M_A,M0,reverse_lineage,low_rank_residual,False,7.94774761579686e-07,8.613124127229335e-07,8.593821630403717e-07,1.0000045035491316,32,4.50352884973082e-06,,,,
2,mid,M_A,M0,reverse_lineage,whitened_cca,False,4.2926285757921615e-15,4.410441426927964e-15,4.394972387277734e-15,1.0000000000000038,32,3.774758283725532e-15,,,,
2,mid,M0,M_B,forward_lineage,orthogonal_procrustes,True,1.3108991934751398e-15,1.3138191023365668e-15,1.3066713386351156e-15,1.000000000000002,32,1.887379141862766e-15,2.5963004898715615e-15,2.0503399975299733e-15,1.6380421511878505e-15,2.6961657669529184e-15
2,mid,M0,M_B,forward_lineage,ridge_linear,False,1.1359775102048955e-06,1.1965523350029867e-06,1.1948701134939577e-06,1.0000043286636007,32,4.328644106377233e-06,,,,
2,mid,M0,M_B,forward_lineage,low_rank_residual,False,7.94774761579686e-07,8.613124127229335e-07,8.593821630403717e-07,1.0000045035491316,32,4.50352884973082e-06,,,,
2,mid,M0,M_B,forward_lineage,whitened_cca,False,4.2926285757921615e-15,4.410441426927964e-15,4.394972387277734e-15,1.0000000000000038,32,3.774758283725532e-15,,,,
2,mid,M_B,M0,reverse_lineage,orthogonal_procrustes,True,1.3108991934751398e-15,1.3138191023365668e-15,1.3066713386351156e-15,1.000000000000002,32,1.887379141862766e-15,2.5963004898715615e-15,2.0503399975299733e-15,1.6380421511878505e-15,2.6961657669529184e-15
2,mid,M_B,M0,reverse_lineage,ridge_linear,False,1.1359775102048955e-06,1.1965523350029867e-06,1.1948701134939577e-06,1.0000043286636007,32,4.328644106377233e-06,,,,
2,mid,M_B,M0,reverse_lineage,low_rank_residual,False,7.94774761579686e-07,8.613124127229335e-07,8.593821630403717e-07,1.0000045035491316,32,4.50352884973082e-06,,,,
2,mid,M_B,M0,reverse_lineage,whitened_cca,False,4.2926285757921615e-15,4.410441426927964e-15,4.394972387277734e-15,1.0000000000000038,32,3.774758283725532e-15,,,,
2,mid,M0,M_C,forward_lineage,orthogonal_procrustes,True,1.3108991934751398e-15,1.3138191023365668e-15,1.3066713386351156e-15,1.000000000000002,32,1.887379141862766e-15,2.5963004898715615e-15,2.0503399975299733e-15,1.6380421511878505e-15,2.6961657669529184e-15
2,mid,M0,M_C,forward_lineage,ridge_linear,False,1.1359775102048955e-06,1.1965523350029867e-06,1.1948701134939577e-06,1.0000043286636007,32,4.328644106377233e-06,,,,
2,mid,M0,M_C,forward_lineage,low_rank_residual,False,7.94774761579686e-07,8.613124127229335e-07,8.593821630403717e-07,1.0000045035491316,32,4.50352884973082e-06,,,,
2,mid,M0,M_C,forward_lineage,whitened_cca,False,4.2926285757921615e-15,4.410441426927964e-15,4.394972387277734e-15,1.0000000000000038,32,3.774758283725532e-15,,,,
2,mid,M_C,M0,reverse_lineage,orthogonal_procrustes,True,1.3108991934751398e-15,1.3138191023365668e-15,1.3066713386351156e-15,1.000000000000002,32,1.887379141862766e-15,2.5963004898715615e-15,2.0503399975299733e-15,1.6380421511878505e-15,2.6961657669529184e-15
2,mid,M_C,M0,reverse_lineage,ridge_linear,False,1.1359775102048955e-06,1.1965523350029867e-06,1.1948701134939577e-06,1.0000043286636007,32,4.328644106377233e-06,,,,
2,mid,M_C,M0,reverse_lineage,low_rank_residual,False,7.94774761579686e-07,8.613124127229335e-07,8.593821630403717e-07,1.0000045035491316,32,4.50352884973082e-06,,,,
2,mid,M_C,M0,reverse_lineage,whitened_cca,False,4.2926285757921615e-15,4.410441426927964e-15,4.394972387277734e-15,1.0000000000000038,32,3.774758283725532e-15,,,,
2,mid,M_A,M_AB,forward_lineage,orthogonal_procrustes,True,1.3108991934751398e-15,1.3138191023365668e-15,1.3066713386351156e-15,1.000000000000002,32,1.887379141862766e-15,2.5963004898715615e-15,2.0503399975299733e-15,1.6380421511878505e-15,2.6961657669529184e-15
2,mid,M_A,M_AB,forward_lineage,ridge_linear,False,1.1359775102048955e-06,1.1965523350029867e-06,1.1948701134939577e-06,1.0000043286636007,32,4.328644106377233e-06,,,,
2,mid,M_A,M_AB,forward_lineage,low_rank_residual,False,7.94774761579686e-07,8.613124127229335e-07,8.593821630403717e-07,1.0000045035491316,32,4.50352884973082e-06,,,,
2,mid,M_A,M_AB,forward_lineage,whitened_cca,False,4.2926285757921615e-15,4.410441426927964e-15,4.394972387277734e-15,1.0000000000000038,32,3.774758283725532e-15,,,,
2,mid,M_AB,M_A,reverse_lineage,orthogonal_procrustes,True,1.3108991934751398e-15,1.3138191023365668e-15,1.3066713386351156e-15,1.000000000000002,32,1.887379141862766e-15,2.5963004898715615e-15,2.0503399975299733e-15,1.6380421511878505e-15,2.6961657669529184e-15
2,mid,M_AB,M_A,reverse_lineage,ridge_linear,False,1.1359775102048955e-06,1.1965523350029867e-06,1.1948701134939577e-06,1.0000043286636007,32,4.328644106377233e-06,,,,
2,mid,M_AB,M_A,reverse_lineage,low_rank_residual,False,7.94774761579686e-07,8.613124127229335e-07,8.593821630403717e-07,1.0000045035491316,32,4.50352884973082e-06,,,,
2,mid,M_AB,M_A,reverse_lineage,whitened_cca,False,4.2926285757921615e-15,4.410441426927964e-15,4.394972387277734e-15,1.0000000000000038,32,3.774758283725532e-15,,,,
2,mid,M_A,M_AC,forward_lineage,orthogonal_procrustes,True,1.3108991934751398e-15,1.3138191023365668e-15,1.3066713386351156e-15,1.000000000000002,32,1.887379141862766e-15,2.5963004898715615e-15,2.0503399975299733e-15,1.6380421511878505e-15,2.6961657669529184e-15
2,mid,M_A,M_AC,forward_lineage,ridge_linear,False,1.1359775102048955e-06,1.1965523350029867e-06,1.1948701134939577e-06,1.0000043286636007,32,4.328644106377233e-06,,,,
2,mid,M_A,M_AC,forward_lineage,low_rank_residual,False,7.94774761579686e-07,8.613124127229335e-07,8.593821630403717e-07,1.0000045035491316,32,4.50352884973082e-06,,,,
2,mid,M_A,M_AC,forward_lineage,whitened_cca,False,4.2926285757921615e-15,4.410441426927964e-15,4.394972387277734e-15,1.0000000000000038,32,3.774758283725532e-15,,,,
2,mid,M_AC,M_A,reverse_lineage,orthogonal_procrustes,True,1.3108991934751398e-15,1.3138191023365668e-15,1.3066713386351156e-15,1.000000000000002,32,1.887379141862766e-15,2.5963004898715615e-15,2.0503399975299733e-15,1.6380421511878505e-15,2.6961657669529184e-15
2,mid,M_AC,M_A,reverse_lineage,ridge_linear,False,1.1359775102048955e-06,1.1965523350029867e-06,1.1948701134939577e-06,1.0000043286636007,32,4.328644106377233e-06,,,,
2,mid,M_AC,M_A,reverse_lineage,low_rank_residual,False,7.94774761579686e-07,8.613124127229335e-07,8.593821630403717e-07,1.0000045035491316,32,4.50352884973082e-06,,,,
2,mid,M_AC,M_A,reverse_lineage,whitened_cca,False,4.2926285757921615e-15,4.410441426927964e-15,4.394972387277734e-15,1.0000000000000038,32,3.774758283725532e-15,,,,
2,mid,M_B,M_BA,forward_lineage,orthogonal_procrustes,True,1.3108991934751398e-15,1.3138191023365668e-15,1.3066713386351156e-15,1.000000000000002,32,1.887379141862766e-15,2.5963004898715615e-15,2.0503399975299733e-15,1.6380421511878505e-15,2.6961657669529184e-15
2,mid,M_B,M_BA,forward_lineage,ridge_linear,False,1.1359775102048955e-06,1.1965523350029867e-06,1.1948701134939577e-06,1.0000043286636007,32,4.328644106377233e-06,,,,
2,mid,M_B,M_BA,forward_lineage,low_rank_residual,False,7.94774761579686e-07,8.613124127229335e-07,8.593821630403717e-07,1.0000045035491316,32,4.50352884973082e-06,,,,
2,mid,M_B,M_BA,forward_lineage,whitened_cca,False,4.2926285757921615e-15,4.410441426927964e-15,4.394972387277734e-15,1.0000000000000038,32,3.774758283725532e-15,,,,
2,mid,M_BA,M_B,reverse_lineage,orthogonal_procrustes,True,1.3108991934751398e-15,1.3138191023365668e-15,1.3066713386351156e-15,1.000000000000002,32,1.887379141862766e-15,2.5963004898715615e-15,2.0503399975299733e-15,1.6380421511878505e-15,2.6961657669529184e-15
2,mid,M_BA,M_B,reverse_lineage,ridge_linear,False,1.1359775102048955e-06,1.1965523350029867e-06,1.1948701134939577e-06,1.0000043286636007,32,4.328644106377233e-06,,,,
2,mid,M_BA,M_B,reverse_lineage,low_rank_residual,False,7.94774761579686e-07,8.613124127229335e-07,8.593821630403717e-07,1.0000045035491316,32,4.50352884973082e-06,,,,
2,mid,M_BA,M_B,reverse_lineage,whitened_cca,False,4.2926285757921615e-15,4.410441426927964e-15,4.394972387277734e-15,1.0000000000000038,32,3.774758283725532e-15,,,,
2,mid,M_B,M_BC,forward_lineage,orthogonal_procrustes,True,1.3108991934751398e-15,1.3138191023365668e-15,1.3066713386351156e-15,1.000000000000002,32,1.887379141862766e-15,2.5963004898715615e-15,2.0503399975299733e-15,1.6380421511878505e-15,2.6961657669529184e-15
2,mid,M_B,M_BC,forward_lineage,ridge_linear,False,1.1359775102048955e-06,1.1965523350029867e-06,1.1948701134939577e-06,1.0000043286636007,32,4.328644106377233e-06,,,,
2,mid,M_B,M_BC,forward_lineage,low_rank_residual,False,7.94774761579686e-07,8.613124127229335e-07,8.593821630403717e-07,1.0000045035491316,32,4.50352884973082e-06,,,,
2,mid,M_B,M_BC,forward_lineage,whitened_cca,False,4.2926285757921615e-15,4.410441426927964e-15,4.394972387277734e-15,1.0000000000000038,32,3.774758283725532e-15,,,,
2,mid,M_BC,M_B,reverse_lineage,orthogonal_procrustes,True,1.3108991934751398e-15,1.3138191023365668e-15,1.3066713386351156e-15,1.000000000000002,32,1.887379141862766e-15,2.5963004898715615e-15,2.0503399975299733e-15,1.6380421511878505e-15,2.6961657669529184e-15
2,mid,M_BC,M_B,reverse_lineage,ridge_linear,False,1.1359775102048955e-06,1.1965523350029867e-06,1.1948701134939577e-06,1.0000043286636007,32,4.328644106377233e-06,,,,
2,mid,M_BC,M_B,reverse_lineage,low_rank_residual,False,7.94774761579686e-07,8.613124127229335e-07,8.593821630403717e-07,1.0000045035491316,32,4.50352884973082e-06,,,,
2,mid,M_BC,M_B,reverse_lineage,whitened_cca,False,4.2926285757921615e-15,4.410441426927964e-15,4.394972387277734e-15,1.0000000000000038,32,3.774758283725532e-15,,,,
2,mid,M_C,M_CA,forward_lineage,orthogonal_procrustes,True,1.3108991934751398e-15,1.3138191023365668e-15,1.3066713386351156e-15,1.000000000000002,32,1.887379141862766e-15,2.5963004898715615e-15,2.0503399975299733e-15,1.6380421511878505e-15,2.6961657669529184e-15
2,mid,M_C,M_CA,forward_lineage,ridge_linear,False,1.1359775102048955e-06,1.1965523350029867e-06,1.1948701134939577e-06,1.0000043286636007,32,4.328644106377233e-06,,,,
2,mid,M_C,M_CA,forward_lineage,low_rank_residual,False,7.94774761579686e-07,8.613124127229335e-07,8.593821630403717e-07,1.0000045035491316,32,4.50352884973082e-06,,,,
2,mid,M_C,M_CA,forward_lineage,whitened_cca,False,4.2926285757921615e-15,4.410441426927964e-15,4.394972387277734e-15,1.0000000000000038,32,3.774758283725532e-15,,,,
2,mid,M_CA,M_C,reverse_lineage,orthogonal_procrustes,True,1.3108991934751398e-15,1.3138191023365668e-15,1.3066713386351156e-15,1.000000000000002,32,1.887379141862766e-15,2.5963004898715615e-15,2.0503399975299733e-15,1.6380421511878505e-15,2.6961657669529184e-15
2,mid,M_CA,M_C,reverse_lineage,ridge_linear,False,1.1359775102048955e-06,1.1965523350029867e-06,1.1948701134939577e-06,1.0000043286636007,32,4.328644106377233e-06,,,,
2,mid,M_CA,M_C,reverse_lineage,low_rank_residual,False,7.94774761579686e-07,8.613124127229335e-07,8.593821630403717e-07,1.0000045035491316,32,4.50352884973082e-06,,,,
2,mid,M_CA,M_C,reverse_lineage,whitened_cca,False,4.2926285757921615e-15,4.410441426927964e-15,4.394972387277734e-15,1.0000000000000038,32,3.774758283725532e-15,,,,
2,mid,M_C,M_CB,forward_lineage,orthogonal_procrustes,True,1.3108991934751398e-15,1.3138191023365668e-15,1.3066713386351156e-15,1.000000000000002,32,1.887379141862766e-15,2.5963004898715615e-15,2.0503399975299733e-15,1.6380421511878505e-15,2.6961657669529184e-15
2,mid,M_C,M_CB,forward_lineage,ridge_linear,False,1.1359775102048955e-06,1.1965523350029867e-06,1.1948701134939577e-06,1.0000043286636007,32,4.328644106377233e-06,,,,
2,mid,M_C,M_CB,forward_lineage,low_rank_residual,False,7.94774761579686e-07,8.613124127229335e-07,8.593821630403717e-07,1.0000045035491316,32,4.50352884973082e-06,,,,
2,mid,M_C,M_CB,forward_lineage,whitened_cca,False,4.2926285757921615e-15,4.410441426927964e-15,4.394972387277734e-15,1.0000000000000038,32,3.774758283725532e-15,,,,
2,mid,M_CB,M_C,reverse_lineage,orthogonal_procrustes,True,1.3108991934751398e-15,1.3138191023365668e-15,1.3066713386351156e-15,1.000000000000002,32,1.887379141862766e-15,2.5963004898715615e-15,2.0503399975299733e-15,1.6380421511878505e-15,2.6961657669529184e-15
2,mid,M_CB,M_C,reverse_lineage,ridge_linear,False,1.1359775102048955e-06,1.1965523350029867e-06,1.1948701134939577e-06,1.0000043286636007,32,4.328644106377233e-06,,,,
2,mid,M_CB,M_C,reverse_lineage,low_rank_residual,False,7.94774761579686e-07,8.613124127229335e-07,8.593821630403717e-07,1.0000045035491316,32,4.50352884973082e-06,,,,
2,mid,M_CB,M_C,reverse_lineage,whitened_cca,False,4.2926285757921615e-15,4.410441426927964e-15,4.394972387277734e-15,1.0000000000000038,32,3.774758283725532e-15,,,,
2,mid,M_AB,M_ABC,forward_lineage,orthogonal_procrustes,True,1.3108991934751398e-15,1.3138191023365668e-15,1.3066713386351156e-15,1.000000000000002,32,1.887379141862766e-15,2.5963004898715615e-15,2.0503399975299733e-15,1.6380421511878505e-15,2.6961657669529184e-15
2,mid,M_AB,M_ABC,forward_lineage,ridge_linear,False,1.1359775102048955e-06,1.1965523350029867e-06,1.1948701134939577e-06,1.0000043286636007,32,4.328644106377233e-06,,,,
2,mid,M_AB,M_ABC,forward_lineage,low_rank_residual,False,7.94774761579686e-07,8.613124127229335e-07,8.593821630403717e-07,1.0000045035491316,32,4.50352884973082e-06,,,,
2,mid,M_AB,M_ABC,forward_lineage,whitened_cca,False,4.2926285757921615e-15,4.410441426927964e-15,4.394972387277734e-15,1.0000000000000038,32,3.774758283725532e-15,,,,
2,mid,M_ABC,M_AB,reverse_lineage,orthogonal_procrustes,True,1.3108991934751398e-15,1.3138191023365668e-15,1.3066713386351156e-15,1.000000000000002,32,1.887379141862766e-15,2.5963004898715615e-15,2.0503399975299733e-15,1.6380421511878505e-15,2.6961657669529184e-15
2,mid,M_ABC,M_AB,reverse_lineage,ridge_linear,False,1.1359775102048955e-06,1.1965523350029867e-06,1.1948701134939577e-06,1.0000043286636007,32,4.328644106377233e-06,,,,
2,mid,M_ABC,M_AB,reverse_lineage,low_rank_residual,False,7.94774761579686e-07,8.613124127229335e-07,8.593821630403717e-07,1.0000045035491316,32,4.50352884973082e-06,,,,
2,mid,M_ABC,M_AB,reverse_lineage,whitened_cca,False,4.2926285757921615e-15,4.410441426927964e-15,4.394972387277734e-15,1.0000000000000038,32,3.774758283725532e-15,,,,
2,mid,M_AC,M_ACB,forward_lineage,orthogonal_procrustes,True,1.3108991934751398e-15,1.3138191023365668e-15,1.3066713386351156e-15,1.000000000000002,32,1.887379141862766e-15,2.5963004898715615e-15,2.0503399975299733e-15,1.6380421511878505e-15,2.6961657669529184e-15
2,mid,M_AC,M_ACB,forward_lineage,ridge_linear,False,1.1359775102048955e-06,1.1965523350029867e-06,1.1948701134939577e-06,1.0000043286636007,32,4.328644106377233e-06,,,,
2,mid,M_AC,M_ACB,forward_lineage,low_rank_residual,False,7.94774761579686e-07,8.613124127229335e-07,8.593821630403717e-07,1.0000045035491316,32,4.50352884973082e-06,,,,
2,mid,M_AC,M_ACB,forward_lineage,whitened_cca,False,4.2926285757921615e-15,4.410441426927964e-15,4.394972387277734e-15,1.0000000000000038,32,3.774758283725532e-15,,,,
2,mid,M_ACB,M_AC,reverse_lineage,orthogonal_procrustes,True,1.3108991934751398e-15,1.3138191023365668e-15,1.3066713386351156e-15,1.000000000000002,32,1.887379141862766e-15,2.5963004898715615e-15,2.0503399975299733e-15,1.6380421511878505e-15,2.6961657669529184e-15
2,mid,M_ACB,M_AC,reverse_lineage,ridge_linear,False,1.1359775102048955e-06,1.1965523350029867e-06,1.1948701134939577e-06,1.0000043286636007,32,4.328644106377233e-06,,,,
2,mid,M_ACB,M_AC,reverse_lineage,low_rank_residual,False,7.94774761579686e-07,8.613124127229335e-07,8.593821630403717e-07,1.0000045035491316,32,4.50352884973082e-06,,,,
2,mid,M_ACB,M_AC,reverse_lineage,whitened_cca,False,4.2926285757921615e-15,4.410441426927964e-15,4.394972387277734e-15,1.0000000000000038,32,3.774758283725532e-15,,,,
2,mid,M_BA,M_BAC,forward_lineage,orthogonal_procrustes,True,1.3108991934751398e-15,1.3138191023365668e-15,1.3066713386351156e-15,1.000000000000002,32,1.887379141862766e-15,2.5963004898715615e-15,2.0503399975299733e-15,1.6380421511878505e-15,2.6961657669529184e-15
2,mid,M_BA,M_BAC,forward_lineage,ridge_linear,False,1.1359775102048955e-06,1.1965523350029867e-06,1.1948701134939577e-06,1.0000043286636007,32,4.328644106377233e-06,,,,
2,mid,M_BA,M_BAC,forward_lineage,low_rank_residual,False,7.94774761579686e-07,8.613124127229335e-07,8.593821630403717e-07,1.0000045035491316,32,4.50352884973082e-06,,,,
2,mid,M_BA,M_BAC,forward_lineage,whitened_cca,False,4.2926285757921615e-15,4.410441426927964e-15,4.394972387277734e-15,1.0000000000000038,32,3.774758283725532e-15,,,,
2,mid,M_BAC,M_BA,reverse_lineage,orthogonal_procrustes,True,1.3108991934751398e-15,1.3138191023365668e-15,1.3066713386351156e-15,1.000000000000002,32,1.887379141862766e-15,2.5963004898715615e-15,2.0503399975299733e-15,1.6380421511878505e-15,2.6961657669529184e-15
2,mid,M_BAC,M_BA,reverse_lineage,ridge_linear,False,1.1359775102048955e-06,1.1965523350029867e-06,1.1948701134939577e-06,1.0000043286636007,32,4.328644106377233e-06,,,,
2,mid,M_BAC,M_BA,reverse_lineage,low_rank_residual,False,7.94774761579686e-07,8.613124127229335e-07,8.593821630403717e-07,1.0000045035491316,32,4.50352884973082e-06,,,,
2,mid,M_BAC,M_BA,reverse_lineage,whitened_cca,False,4.2926285757921615e-15,4.410441426927964e-15,4.394972387277734e-15,1.0000000000000038,32,3.774758283725532e-15,,,,
2,mid,M_BC,M_BCA,forward_lineage,orthogonal_procrustes,True,1.3108991934751398e-15,1.3138191023365668e-15,1.3066713386351156e-15,1.000000000000002,32,1.887379141862766e-15,2.5963004898715615e-15,2.0503399975299733e-15,1.6380421511878505e-15,2.6961657669529184e-15
2,mid,M_BC,M_BCA,forward_lineage,ridge_linear,False,1.1359775102048955e-06,1.1965523350029867e-06,1.1948701134939577e-06,1.0000043286636007,32,4.328644106377233e-06,,,,
2,mid,M_BC,M_BCA,forward_lineage,low_rank_residual,False,7.94774761579686e-07,8.613124127229335e-07,8.593821630403717e-07,1.0000045035491316,32,4.50352884973082e-06,,,,
2,mid,M_BC,M_BCA,forward_lineage,whitened_cca,False,4.2926285757921615e-15,4.410441426927964e-15,4.394972387277734e-15,1.0000000000000038,32,3.774758283725532e-15,,,,
2,mid,M_BCA,M_BC,reverse_lineage,orthogonal_procrustes,True,1.3108991934751398e-15,1.3138191023365668e-15,1.3066713386351156e-15,1.000000000000002,32,1.887379141862766e-15,2.5963004898715615e-15,2.0503399975299733e-15,1.6380421511878505e-15,2.6961657669529184e-15
2,mid,M_BCA,M_BC,reverse_lineage,ridge_linear,False,1.1359775102048955e-06,1.1965523350029867e-06,1.1948701134939577e-06,1.0000043286636007,32,4.328644106377233e-06,,,,
2,mid,M_BCA,M_BC,reverse_lineage,low_rank_residual,False,7.94774761579686e-07,8.613124127229335e-07,8.593821630403717e-07,1.0000045035491316,32,4.50352884973082e-06,,,,
2,mid,M_BCA,M_BC,reverse_lineage,whitened_cca,False,4.2926285757921615e-15,4.410441426927964e-15,4.394972387277734e-15,1.0000000000000038,32,3.774758283725532e-15,,,,
2,mid,M_CA,M_CAB,forward_lineage,orthogonal_procrustes,True,1.3108991934751398e-15,1.3138191023365668e-15,1.3066713386351156e-15,1.000000000000002,32,1.887379141862766e-15,2.5963004898715615e-15,2.0503399975299733e-15,1.6380421511878505e-15,2.6961657669529184e-15
2,mid,M_CA,M_CAB,forward_lineage,ridge_linear,False,1.1359775102048955e-06,1.1965523350029867e-06,1.1948701134939577e-06,1.0000043286636007,32,4.328644106377233e-06,,,,
2,mid,M_CA,M_CAB,forward_lineage,low_rank_residual,False,7.94774761579686e-07,8.613124127229335e-07,8.593821630403717e-07,1.0000045035491316,32,4.50352884973082e-06,,,,
2,mid,M_CA,M_CAB,forward_lineage,whitened_cca,False,4.2926285757921615e-15,4.410441426927964e-15,4.394972387277734e-15,1.0000000000000038,32,3.774758283725532e-15,,,,
2,mid,M_CAB,M_CA,reverse_lineage,orthogonal_procrustes,True,1.3108991934751398e-15,1.3138191023365668e-15,1.3066713386351156e-15,1.000000000000002,32,1.887379141862766e-15,2.5963004898715615e-15,2.0503399975299733e-15,1.6380421511878505e-15,2.6961657669529184e-15
2,mid,M_CAB,M_CA,reverse_lineage,ridge_linear,False,1.1359775102048955e-06,1.1965523350029867e-06,1.1948701134939577e-06,1.0000043286636007,32,4.328644106377233e-06,,,,
2,mid,M_CAB,M_CA,reverse_lineage,low_rank_residual,False,7.94774761579686e-07,8.613124127229335e-07,8.593821630403717e-07,1.0000045035491316,32,4.50352884973082e-06,,,,
2,mid,M_CAB,M_CA,reverse_lineage,whitened_cca,False,4.2926285757921615e-15,4.410441426927964e-15,4.394972387277734e-15,1.0000000000000038,32,3.774758283725532e-15,,,,
2,mid,M_CB,M_CBA,forward_lineage,orthogonal_procrustes,True,1.3108991934751398e-15,1.3138191023365668e-15,1.3066713386351156e-15,1.000000000000002,32,1.887379141862766e-15,2.5963004898715615e-15,2.0503399975299733e-15,1.6380421511878505e-15,2.6961657669529184e-15
2,mid,M_CB,M_CBA,forward_lineage,ridge_linear,False,1.1359775102048955e-06,1.1965523350029867e-06,1.1948701134939577e-06,1.0000043286636007,32,4.328644106377233e-06,,,,
2,mid,M_CB,M_CBA,forward_lineage,low_rank_residual,False,7.94774761579686e-07,8.613124127229335e-07,8.593821630403717e-07,1.0000045035491316,32,4.50352884973082e-06,,,,
2,mid,M_CB,M_CBA,forward_lineage,whitened_cca,False,4.2926285757921615e-15,4.410441426927964e-15,4.394972387277734e-15,1.0000000000000038,32,3.774758283725532e-15,,,,
2,mid,M_CBA,M_CB,reverse_lineage,orthogonal_procrustes,True,1.3108991934751398e-15,1.3138191023365668e-15,1.3066713386351156e-15,1.000000000000002,32,1.887379141862766e-15,2.5963004898715615e-15,2.0503399975299733e-15,1.6380421511878505e-15,2.6961657669529184e-15
2,mid,M_CBA,M_CB,reverse_lineage,ridge_linear,False,1.1359775102048955e-06,1.1965523350029867e-06,1.1948701134939577e-06,1.0000043286636007,32,4.328644106377233e-06,,,,
2,mid,M_CBA,M_CB,reverse_lineage,low_rank_residual,False,7.94774761579686e-07,8.613124127229335e-07,8.593821630403717e-07,1.0000045035491316,32,4.50352884973082e-06,,,,
2,mid,M_CBA,M_CB,reverse_lineage,whitened_cca,False,4.2926285757921615e-15,4.410441426927964e-15,4.394972387277734e-15,1.0000000000000038,32,3.774758283725532e-15,,,,
2,mid,M_AB,M_B,loop_closing,orthogonal_procrustes,True,1.3108991934751398e-15,1.3138191023365668e-15,1.3066713386351156e-15,1.000000000000002,32,1.887379141862766e-15,2.5963004898715615e-15,2.0503399975299733e-15,1.6380421511878505e-15,2.6961657669529184e-15
2,mid,M_AB,M_B,loop_closing,ridge_linear,False,1.1359775102048955e-06,1.1965523350029867e-06,1.1948701134939577e-06,1.0000043286636007,32,4.328644106377233e-06,,,,
2,mid,M_AB,M_B,loop_closing,low_rank_residual,False,7.94774761579686e-07,8.613124127229335e-07,8.593821630403717e-07,1.0000045035491316,32,4.50352884973082e-06,,,,
2,mid,M_AB,M_B,loop_closing,whitened_cca,False,4.2926285757921615e-15,4.410441426927964e-15,4.394972387277734e-15,1.0000000000000038,32,3.774758283725532e-15,,,,
2,mid,M_B,M_AB,loop_closing,orthogonal_procrustes,True,1.3108991934751398e-15,1.3138191023365668e-15,1.3066713386351156e-15,1.000000000000002,32,1.887379141862766e-15,2.5963004898715615e-15,2.0503399975299733e-15,1.6380421511878505e-15,2.6961657669529184e-15
2,mid,M_B,M_AB,loop_closing,ridge_linear,False,1.1359775102048955e-06,1.1965523350029867e-06,1.1948701134939577e-06,1.0000043286636007,32,4.328644106377233e-06,,,,
2,mid,M_B,M_AB,loop_closing,low_rank_residual,False,7.94774761579686e-07,8.613124127229335e-07,8.593821630403717e-07,1.0000045035491316,32,4.50352884973082e-06,,,,
2,mid,M_B,M_AB,loop_closing,whitened_cca,False,4.2926285757921615e-15,4.410441426927964e-15,4.394972387277734e-15,1.0000000000000038,32,3.774758283725532e-15,,,,
2,mid,M_AC,M_C,loop_closing,orthogonal_procrustes,True,1.3108991934751398e-15,1.3138191023365668e-15,1.3066713386351156e-15,1.000000000000002,32,1.887379141862766e-15,2.5963004898715615e-15,2.0503399975299733e-15,1.6380421511878505e-15,2.6961657669529184e-15
2,mid,M_AC,M_C,loop_closing,ridge_linear,False,1.1359775102048955e-06,1.1965523350029867e-06,1.1948701134939577e-06,1.0000043286636007,32,4.328644106377233e-06,,,,
2,mid,M_AC,M_C,loop_closing,low_rank_residual,False,7.94774761579686e-07,8.613124127229335e-07,8.593821630403717e-07,1.0000045035491316,32,4.50352884973082e-06,,,,
2,mid,M_AC,M_C,loop_closing,whitened_cca,False,4.2926285757921615e-15,4.410441426927964e-15,4.394972387277734e-15,1.0000000000000038,32,3.774758283725532e-15,,,,
2,mid,M_C,M_AC,loop_closing,orthogonal_procrustes,True,1.3108991934751398e-15,1.3138191023365668e-15,1.3066713386351156e-15,1.000000000000002,32,1.887379141862766e-15,2.5963004898715615e-15,2.0503399975299733e-15,1.6380421511878505e-15,2.6961657669529184e-15
2,mid,M_C,M_AC,loop_closing,ridge_linear,False,1.1359775102048955e-06,1.1965523350029867e-06,1.1948701134939577e-06,1.0000043286636007,32,4.328644106377233e-06,,,,
2,mid,M_C,M_AC,loop_closing,low_rank_residual,False,7.94774761579686e-07,8.613124127229335e-07,8.593821630403717e-07,1.0000045035491316,32,4.50352884973082e-06,,,,
2,mid,M_C,M_AC,loop_closing,whitened_cca,False,4.2926285757921615e-15,4.410441426927964e-15,4.394972387277734e-15,1.0000000000000038,32,3.774758283725532e-15,,,,
2,mid,M_BC,M_C,loop_closing,orthogonal_procrustes,True,1.3108991934751398e-15,1.3138191023365668e-15,1.3066713386351156e-15,1.000000000000002,32,1.887379141862766e-15,2.5963004898715615e-15,2.0503399975299733e-15,1.6380421511878505e-15,2.6961657669529184e-15
2,mid,M_BC,M_C,loop_closing,ridge_linear,False,1.1359775102048955e-06,1.1965523350029867e-06,1.1948701134939577e-06,1.0000043286636007,32,4.328644106377233e-06,,,,
2,mid,M_BC,M_C,loop_closing,low_rank_residual,False,7.94774761579686e-07,8.613124127229335e-07,8.593821630403717e-07,1.0000045035491316,32,4.50352884973082e-06,,,,
2,mid,M_BC,M_C,loop_closing,whitened_cca,False,4.2926285757921615e-15,4.410441426927964e-15,4.394972387277734e-15,1.0000000000000038,32,3.774758283725532e-15,,,,
2,mid,M_C,M_BC,loop_closing,orthogonal_procrustes,True,1.3108991934751398e-15,1.3138191023365668e-15,1.3066713386351156e-15,1.000000000000002,32,1.887379141862766e-15,2.5963004898715615e-15,2.0503399975299733e-15,1.6380421511878505e-15,2.6961657669529184e-15
2,mid,M_C,M_BC,loop_closing,ridge_linear,False,1.1359775102048955e-06,1.1965523350029867e-06,1.1948701134939577e-06,1.0000043286636007,32,4.328644106377233e-06,,,,
2,mid,M_C,M_BC,loop_closing,low_rank_residual,False,7.94774761579686e-07,8.613124127229335e-07,8.593821630403717e-07,1.0000045035491316,32,4.50352884973082e-06,,,,
2,mid,M_C,M_BC,loop_closing,whitened_cca,False,4.2926285757921615e-15,4.410441426927964e-15,4.394972387277734e-15,1.0000000000000038,32,3.774758283725532e-15,,,,
2,mid,M_ABC,M_BAC,same_depth_closing,orthogonal_procrustes,True,1.3108991934751398e-15,1.3138191023365668e-15,1.3066713386351156e-15,1.000000000000002,32,1.887379141862766e-15,2.5963004898715615e-15,2.0503399975299733e-15,1.6380421511878505e-15,2.6961657669529184e-15
2,mid,M_ABC,M_BAC,same_depth_closing,ridge_linear,False,1.1359775102048955e-06,1.1965523350029867e-06,1.1948701134939577e-06,1.0000043286636007,32,4.328644106377233e-06,,,,
2,mid,M_ABC,M_BAC,same_depth_closing,low_rank_residual,False,7.94774761579686e-07,8.613124127229335e-07,8.593821630403717e-07,1.0000045035491316,32,4.50352884973082e-06,,,,
2,mid,M_ABC,M_BAC,same_depth_closing,whitened_cca,False,4.2926285757921615e-15,4.410441426927964e-15,4.394972387277734e-15,1.0000000000000038,32,3.774758283725532e-15,,,,
2,mid,M_BAC,M_ABC,same_depth_closing,orthogonal_procrustes,True,1.3108991934751398e-15,1.3138191023365668e-15,1.3066713386351156e-15,1.000000000000002,32,1.887379141862766e-15,2.5963004898715615e-15,2.0503399975299733e-15,1.6380421511878505e-15,2.6961657669529184e-15
2,mid,M_BAC,M_ABC,same_depth_closing,ridge_linear,False,1.1359775102048955e-06,1.1965523350029867e-06,1.1948701134939577e-06,1.0000043286636007,32,4.328644106377233e-06,,,,
2,mid,M_BAC,M_ABC,same_depth_closing,low_rank_residual,False,7.94774761579686e-07,8.613124127229335e-07,8.593821630403717e-07,1.0000045035491316,32,4.50352884973082e-06,,,,
2,mid,M_BAC,M_ABC,same_depth_closing,whitened_cca,False,4.2926285757921615e-15,4.410441426927964e-15,4.394972387277734e-15,1.0000000000000038,32,3.774758283725532e-15,,,,
2,mid,M_ABC,M_ACB,same_depth_closing,orthogonal_procrustes,True,1.3108991934751398e-15,1.3138191023365668e-15,1.3066713386351156e-15,1.000000000000002,32,1.887379141862766e-15,2.5963004898715615e-15,2.0503399975299733e-15,1.6380421511878505e-15,2.6961657669529184e-15
2,mid,M_ABC,M_ACB,same_depth_closing,ridge_linear,False,1.1359775102048955e-06,1.1965523350029867e-06,1.1948701134939577e-06,1.0000043286636007,32,4.328644106377233e-06,,,,
2,mid,M_ABC,M_ACB,same_depth_closing,low_rank_residual,False,7.94774761579686e-07,8.613124127229335e-07,8.593821630403717e-07,1.0000045035491316,32,4.50352884973082e-06,,,,
2,mid,M_ABC,M_ACB,same_depth_closing,whitened_cca,False,4.2926285757921615e-15,4.410441426927964e-15,4.394972387277734e-15,1.0000000000000038,32,3.774758283725532e-15,,,,
2,mid,M_ACB,M_ABC,same_depth_closing,orthogonal_procrustes,True,1.3108991934751398e-15,1.3138191023365668e-15,1.3066713386351156e-15,1.000000000000002,32,1.887379141862766e-15,2.5963004898715615e-15,2.0503399975299733e-15,1.6380421511878505e-15,2.6961657669529184e-15
2,mid,M_ACB,M_ABC,same_depth_closing,ridge_linear,False,1.1359775102048955e-06,1.1965523350029867e-06,1.1948701134939577e-06,1.0000043286636007,32,4.328644106377233e-06,,,,
2,mid,M_ACB,M_ABC,same_depth_closing,low_rank_residual,False,7.94774761579686e-07,8.613124127229335e-07,8.593821630403717e-07,1.0000045035491316,32,4.50352884973082e-06,,,,
2,mid,M_ACB,M_ABC,same_depth_closing,whitened_cca,False,4.2926285757921615e-15,4.410441426927964e-15,4.394972387277734e-15,1.0000000000000038,32,3.774758283725532e-15,,,,
2,mid,M_ACB,M_CAB,same_depth_closing,orthogonal_procrustes,True,1.3108991934751398e-15,1.3138191023365668e-15,1.3066713386351156e-15,1.000000000000002,32,1.887379141862766e-15,2.5963004898715615e-15,2.0503399975299733e-15,1.6380421511878505e-15,2.6961657669529184e-15
2,mid,M_ACB,M_CAB,same_depth_closing,ridge_linear,False,1.1359775102048955e-06,1.1965523350029867e-06,1.1948701134939577e-06,1.0000043286636007,32,4.328644106377233e-06,,,,
2,mid,M_ACB,M_CAB,same_depth_closing,low_rank_residual,False,7.94774761579686e-07,8.613124127229335e-07,8.593821630403717e-07,1.0000045035491316,32,4.50352884973082e-06,,,,
2,mid,M_ACB,M_CAB,same_depth_closing,whitened_cca,False,4.2926285757921615e-15,4.410441426927964e-15,4.394972387277734e-15,1.0000000000000038,32,3.774758283725532e-15,,,,
2,mid,M_CAB,M_ACB,same_depth_closing,orthogonal_procrustes,True,1.3108991934751398e-15,1.3138191023365668e-15,1.3066713386351156e-15,1.000000000000002,32,1.887379141862766e-15,2.5963004898715615e-15,2.0503399975299733e-15,1.6380421511878505e-15,2.6961657669529184e-15
2,mid,M_CAB,M_ACB,same_depth_closing,ridge_linear,False,1.1359775102048955e-06,1.1965523350029867e-06,1.1948701134939577e-06,1.0000043286636007,32,4.328644106377233e-06,,,,
2,mid,M_CAB,M_ACB,same_depth_closing,low_rank_residual,False,7.94774761579686e-07,8.613124127229335e-07,8.593821630403717e-07,1.0000045035491316,32,4.50352884973082e-06,,,,
2,mid,M_CAB,M_ACB,same_depth_closing,whitened_cca,False,4.2926285757921615e-15,4.410441426927964e-15,4.394972387277734e-15,1.0000000000000038,32,3.774758283725532e-15,,,,
2,mid,M_BAC,M_BCA,same_depth_closing,orthogonal_procrustes,True,1.3108991934751398e-15,1.3138191023365668e-15,1.3066713386351156e-15,1.000000000000002,32,1.887379141862766e-15,2.5963004898715615e-15,2.0503399975299733e-15,1.6380421511878505e-15,2.6961657669529184e-15
2,mid,M_BAC,M_BCA,same_depth_closing,ridge_linear,False,1.1359775102048955e-06,1.1965523350029867e-06,1.1948701134939577e-06,1.0000043286636007,32,4.328644106377233e-06,,,,
2,mid,M_BAC,M_BCA,same_depth_closing,low_rank_residual,False,7.94774761579686e-07,8.613124127229335e-07,8.593821630403717e-07,1.0000045035491316,32,4.50352884973082e-06,,,,
2,mid,M_BAC,M_BCA,same_depth_closing,whitened_cca,False,4.2926285757921615e-15,4.410441426927964e-15,4.394972387277734e-15,1.0000000000000038,32,3.774758283725532e-15,,,,
2,mid,M_BCA,M_BAC,same_depth_closing,orthogonal_procrustes,True,1.3108991934751398e-15,1.3138191023365668e-15,1.3066713386351156e-15,1.000000000000002,32,1.887379141862766e-15,2.5963004898715615e-15,2.0503399975299733e-15,1.6380421511878505e-15,2.6961657669529184e-15
2,mid,M_BCA,M_BAC,same_depth_closing,ridge_linear,False,1.1359775102048955e-06,1.1965523350029867e-06,1.1948701134939577e-06,1.0000043286636007,32,4.328644106377233e-06,,,,
2,mid,M_BCA,M_BAC,same_depth_closing,low_rank_residual,False,7.94774761579686e-07,8.613124127229335e-07,8.593821630403717e-07,1.0000045035491316,32,4.50352884973082e-06,,,,
2,mid,M_BCA,M_BAC,same_depth_closing,whitened_cca,False,4.2926285757921615e-15,4.410441426927964e-15,4.394972387277734e-15,1.0000000000000038,32,3.774758283725532e-15,,,,
2,mid,M_BCA,M_CBA,same_depth_closing,orthogonal_procrustes,True,1.3108991934751398e-15,1.3138191023365668e-15,1.3066713386351156e-15,1.000000000000002,32,1.887379141862766e-15,2.5963004898715615e-15,2.0503399975299733e-15,1.6380421511878505e-15,2.6961657669529184e-15
2,mid,M_BCA,M_CBA,same_depth_closing,ridge_linear,False,1.1359775102048955e-06,1.1965523350029867e-06,1.1948701134939577e-06,1.0000043286636007,32,4.328644106377233e-06,,,,
2,mid,M_BCA,M_CBA,same_depth_closing,low_rank_residual,False,7.94774761579686e-07,8.613124127229335e-07,8.593821630403717e-07,1.0000045035491316,32,4.50352884973082e-06,,,,
2,mid,M_BCA,M_CBA,same_depth_closing,whitened_cca,False,4.2926285757921615e-15,4.410441426927964e-15,4.394972387277734e-15,1.0000000000000038,32,3.774758283725532e-15,,,,
2,mid,M_CBA,M_BCA,same_depth_closing,orthogonal_procrustes,True,1.3108991934751398e-15,1.3138191023365668e-15,1.3066713386351156e-15,1.000000000000002,32,1.887379141862766e-15,2.5963004898715615e-15,2.0503399975299733e-15,1.6380421511878505e-15,2.6961657669529184e-15
2,mid,M_CBA,M_BCA,same_depth_closing,ridge_linear,False,1.1359775102048955e-06,1.1965523350029867e-06,1.1948701134939577e-06,1.0000043286636007,32,4.328644106377233e-06,,,,
2,mid,M_CBA,M_BCA,same_depth_closing,low_rank_residual,False,7.94774761579686e-07,8.613124127229335e-07,8.593821630403717e-07,1.0000045035491316,32,4.50352884973082e-06,,,,
2,mid,M_CBA,M_BCA,same_depth_closing,whitened_cca,False,4.2926285757921615e-15,4.410441426927964e-15,4.394972387277734e-15,1.0000000000000038,32,3.774758283725532e-15,,,,
2,mid,M_CAB,M_CBA,same_depth_closing,orthogonal_procrustes,True,1.3108991934751398e-15,1.3138191023365668e-15,1.3066713386351156e-15,1.000000000000002,32,1.887379141862766e-15,2.5963004898715615e-15,2.0503399975299733e-15,1.6380421511878505e-15,2.6961657669529184e-15
2,mid,M_CAB,M_CBA,same_depth_closing,ridge_linear,False,1.1359775102048955e-06,1.1965523350029867e-06,1.1948701134939577e-06,1.0000043286636007,32,4.328644106377233e-06,,,,
2,mid,M_CAB,M_CBA,same_depth_closing,low_rank_residual,False,7.94774761579686e-07,8.613124127229335e-07,8.593821630403717e-07,1.0000045035491316,32,4.50352884973082e-06,,,,
2,mid,M_CAB,M_CBA,same_depth_closing,whitened_cca,False,4.2926285757921615e-15,4.410441426927964e-15,4.394972387277734e-15,1.0000000000000038,32,3.774758283725532e-15,,,,
2,mid,M_CBA,M_CAB,same_depth_closing,orthogonal_procrustes,True,1.3108991934751398e-15,1.3138191023365668e-15,1.3066713386351156e-15,1.000000000000002,32,1.887379141862766e-15,2.5963004898715615e-15,2.0503399975299733e-15,1.6380421511878505e-15,2.6961657669529184e-15
2,mid,M_CBA,M_CAB,same_depth_closing,ridge_linear,False,1.1359775102048955e-06,1.1965523350029867e-06,1.1948701134939577e-06,1.0000043286636007,32,4.328644106377233e-06,,,,
2,mid,M_CBA,M_CAB,same_depth_closing,low_rank_residual,False,7.94774761579686e-07,8.613124127229335e-07,8.593821630403717e-07,1.0000045035491316,32,4.50352884973082e-06,,,,
2,mid,M_CBA,M_CAB,same_depth_closing,whitened_cca,False,4.2926285757921615e-15,4.410441426927964e-15,4.394972387277734e-15,1.0000000000000038,32,3.774758283725532e-15,,,,
2,mid,M_AB,M_BA,same_depth_closing,orthogonal_procrustes,True,1.3108991934751398e-15,1.3138191023365668e-15,1.3066713386351156e-15,1.000000000000002,32,1.887379141862766e-15,2.5963004898715615e-15,2.0503399975299733e-15,1.6380421511878505e-15,2.6961657669529184e-15
2,mid,M_AB,M_BA,same_depth_closing,ridge_linear,False,1.1359775102048955e-06,1.1965523350029867e-06,1.1948701134939577e-06,1.0000043286636007,32,4.328644106377233e-06,,,,
2,mid,M_AB,M_BA,same_depth_closing,low_rank_residual,False,7.94774761579686e-07,8.613124127229335e-07,8.593821630403717e-07,1.0000045035491316,32,4.50352884973082e-06,,,,
2,mid,M_AB,M_BA,same_depth_closing,whitened_cca,False,4.2926285757921615e-15,4.410441426927964e-15,4.394972387277734e-15,1.0000000000000038,32,3.774758283725532e-15,,,,
2,mid,M_BA,M_AB,same_depth_closing,orthogonal_procrustes,True,1.3108991934751398e-15,1.3138191023365668e-15,1.3066713386351156e-15,1.000000000000002,32,1.887379141862766e-15,2.5963004898715615e-15,2.0503399975299733e-15,1.6380421511878505e-15,2.6961657669529184e-15
2,mid,M_BA,M_AB,same_depth_closing,ridge_linear,False,1.1359775102048955e-06,1.1965523350029867e-06,1.1948701134939577e-06,1.0000043286636007,32,4.328644106377233e-06,,,,
2,mid,M_BA,M_AB,same_depth_closing,low_rank_residual,False,7.94774761579686e-07,8.613124127229335e-07,8.593821630403717e-07,1.0000045035491316,32,4.50352884973082e-06,,,,
2,mid,M_BA,M_AB,same_depth_closing,whitened_cca,False,4.2926285757921615e-15,4.410441426927964e-15,4.394972387277734e-15,1.0000000000000038,32,3.774758283725532e-15,,,,
2,mid,M_AC,M_CA,same_depth_closing,orthogonal_procrustes,True,1.3108991934751398e-15,1.3138191023365668e-15,1.3066713386351156e-15,1.000000000000002,32,1.887379141862766e-15,2.5963004898715615e-15,2.0503399975299733e-15,1.6380421511878505e-15,2.6961657669529184e-15
2,mid,M_AC,M_CA,same_depth_closing,ridge_linear,False,1.1359775102048955e-06,1.1965523350029867e-06,1.1948701134939577e-06,1.0000043286636007,32,4.328644106377233e-06,,,,
2,mid,M_AC,M_CA,same_depth_closing,low_rank_residual,False,7.94774761579686e-07,8.613124127229335e-07,8.593821630403717e-07,1.0000045035491316,32,4.50352884973082e-06,,,,
2,mid,M_AC,M_CA,same_depth_closing,whitened_cca,False,4.2926285757921615e-15,4.410441426927964e-15,4.394972387277734e-15,1.0000000000000038,32,3.774758283725532e-15,,,,
2,mid,M_CA,M_AC,same_depth_closing,orthogonal_procrustes,True,1.3108991934751398e-15,1.3138191023365668e-15,1.3066713386351156e-15,1.000000000000002,32,1.887379141862766e-15,2.5963004898715615e-15,2.0503399975299733e-15,1.6380421511878505e-15,2.6961657669529184e-15
2,mid,M_CA,M_AC,same_depth_closing,ridge_linear,False,1.1359775102048955e-06,1.1965523350029867e-06,1.1948701134939577e-06,1.0000043286636007,32,4.328644106377233e-06,,,,
2,mid,M_CA,M_AC,same_depth_closing,low_rank_residual,False,7.94774761579686e-07,8.613124127229335e-07,8.593821630403717e-07,1.0000045035491316,32,4.50352884973082e-06,,,,
2,mid,M_CA,M_AC,same_depth_closing,whitened_cca,False,4.2926285757921615e-15,4.410441426927964e-15,4.394972387277734e-15,1.0000000000000038,32,3.774758283725532e-15,,,,
2,mid,M_BC,M_CB,same_depth_closing,orthogonal_procrustes,True,1.3108991934751398e-15,1.3138191023365668e-15,1.3066713386351156e-15,1.000000000000002,32,1.887379141862766e-15,2.5963004898715615e-15,2.0503399975299733e-15,1.6380421511878505e-15,2.6961657669529184e-15
2,mid,M_BC,M_CB,same_depth_closing,ridge_linear,False,1.1359775102048955e-06,1.1965523350029867e-06,1.1948701134939577e-06,1.0000043286636007,32,4.328644106377233e-06,,,,
2,mid,M_BC,M_CB,same_depth_closing,low_rank_residual,False,7.94774761579686e-07,8.613124127229335e-07,8.593821630403717e-07,1.0000045035491316,32,4.50352884973082e-06,,,,
2,mid,M_BC,M_CB,same_depth_closing,whitened_cca,False,4.2926285757921615e-15,4.410441426927964e-15,4.394972387277734e-15,1.0000000000000038,32,3.774758283725532e-15,,,,
2,mid,M_CB,M_BC,same_depth_closing,orthogonal_procrustes,True,1.3108991934751398e-15,1.3138191023365668e-15,1.3066713386351156e-15,1.000000000000002,32,1.887379141862766e-15,2.5963004898715615e-15,2.0503399975299733e-15,1.6380421511878505e-15,2.6961657669529184e-15
2,mid,M_CB,M_BC,same_depth_closing,ridge_linear,False,1.1359775102048955e-06,1.1965523350029867e-06,1.1948701134939577e-06,1.0000043286636007,32,4.328644106377233e-06,,,,
2,mid,M_CB,M_BC,same_depth_closing,low_rank_residual,False,7.94774761579686e-07,8.613124127229335e-07,8.593821630403717e-07,1.0000045035491316,32,4.50352884973082e-06,,,,
2,mid,M_CB,M_BC,same_depth_closing,whitened_cca,False,4.2926285757921615e-15,4.410441426927964e-15,4.394972387277734e-15,1.0000000000000038,32,3.774758283725532e-15,,,,
2,mid,M_A,M_B,same_depth_closing,orthogonal_procrustes,True,1.3108991934751398e-15,1.3138191023365668e-15,1.3066713386351156e-15,1.000000000000002,32,1.887379141862766e-15,2.5963004898715615e-15,2.0503399975299733e-15,1.6380421511878505e-15,2.6961657669529184e-15
2,mid,M_A,M_B,same_depth_closing,ridge_linear,False,1.1359775102048955e-06,1.1965523350029867e-06,1.1948701134939577e-06,1.0000043286636007,32,4.328644106377233e-06,,,,
2,mid,M_A,M_B,same_depth_closing,low_rank_residual,False,7.94774761579686e-07,8.613124127229335e-07,8.593821630403717e-07,1.0000045035491316,32,4.50352884973082e-06,,,,
2,mid,M_A,M_B,same_depth_closing,whitened_cca,False,4.2926285757921615e-15,4.410441426927964e-15,4.394972387277734e-15,1.0000000000000038,32,3.774758283725532e-15,,,,
2,mid,M_B,M_A,same_depth_closing,orthogonal_procrustes,True,1.3108991934751398e-15,1.3138191023365668e-15,1.3066713386351156e-15,1.000000000000002,32,1.887379141862766e-15,2.5963004898715615e-15,2.0503399975299733e-15,1.6380421511878505e-15,2.6961657669529184e-15
2,mid,M_B,M_A,same_depth_closing,ridge_linear,False,1.1359775102048955e-06,1.1965523350029867e-06,1.1948701134939577e-06,1.0000043286636007,32,4.328644106377233e-06,,,,
2,mid,M_B,M_A,same_depth_closing,low_rank_residual,False,7.94774761579686e-07,8.613124127229335e-07,8.593821630403717e-07,1.0000045035491316,32,4.50352884973082e-06,,,,
2,mid,M_B,M_A,same_depth_closing,whitened_cca,False,4.2926285757921615e-15,4.410441426927964e-15,4.394972387277734e-15,1.0000000000000038,32,3.774758283725532e-15,,,,
2,mid,M_A,M_C,same_depth_closing,orthogonal_procrustes,True,1.3108991934751398e-15,1.3138191023365668e-15,1.3066713386351156e-15,1.000000000000002,32,1.887379141862766e-15,2.5963004898715615e-15,2.0503399975299733e-15,1.6380421511878505e-15,2.6961657669529184e-15
2,mid,M_A,M_C,same_depth_closing,ridge_linear,False,1.1359775102048955e-06,1.1965523350029867e-06,1.1948701134939577e-06,1.0000043286636007,32,4.328644106377233e-06,,,,
2,mid,M_A,M_C,same_depth_closing,low_rank_residual,False,7.94774761579686e-07,8.613124127229335e-07,8.593821630403717e-07,1.0000045035491316,32,4.50352884973082e-06,,,,
2,mid,M_A,M_C,same_depth_closing,whitened_cca,False,4.2926285757921615e-15,4.410441426927964e-15,4.394972387277734e-15,1.0000000000000038,32,3.774758283725532e-15,,,,
2,mid,M_C,M_A,same_depth_closing,orthogonal_procrustes,True,1.3108991934751398e-15,1.3138191023365668e-15,1.3066713386351156e-15,1.000000000000002,32,1.887379141862766e-15,2.5963004898715615e-15,2.0503399975299733e-15,1.6380421511878505e-15,2.6961657669529184e-15
2,mid,M_C,M_A,same_depth_closing,ridge_linear,False,1.1359775102048955e-06,1.1965523350029867e-06,1.1948701134939577e-06,1.0000043286636007,32,4.328644106377233e-06,,,,
2,mid,M_C,M_A,same_depth_closing,low_rank_residual,False,7.94774761579686e-07,8.613124127229335e-07,8.593821630403717e-07,1.0000045035491316,32,4.50352884973082e-06,,,,
2,mid,M_C,M_A,same_depth_closing,whitened_cca,False,4.2926285757921615e-15,4.410441426927964e-15,4.394972387277734e-15,1.0000000000000038,32,3.774758283725532e-15,,,,
2,mid,M_B,M_C,same_depth_closing,orthogonal_procrustes,True,1.3108991934751398e-15,1.3138191023365668e-15,1.3066713386351156e-15,1.000000000000002,32,1.887379141862766e-15,2.5963004898715615e-15,2.0503399975299733e-15,1.6380421511878505e-15,2.6961657669529184e-15
2,mid,M_B,M_C,same_depth_closing,ridge_linear,False,1.1359775102048955e-06,1.1965523350029867e-06,1.1948701134939577e-06,1.0000043286636007,32,4.328644106377233e-06,,,,
2,mid,M_B,M_C,same_depth_closing,low_rank_residual,False,7.94774761579686e-07,8.613124127229335e-07,8.593821630403717e-07,1.0000045035491316,32,4.50352884973082e-06,,,,
2,mid,M_B,M_C,same_depth_closing,whitened_cca,False,4.2926285757921615e-15,4.410441426927964e-15,4.394972387277734e-15,1.0000000000000038,32,3.774758283725532e-15,,,,
2,mid,M_C,M_B,same_depth_closing,orthogonal_procrustes,True,1.3108991934751398e-15,1.3138191023365668e-15,1.3066713386351156e-15,1.000000000000002,32,1.887379141862766e-15,2.5963004898715615e-15,2.0503399975299733e-15,1.6380421511878505e-15,2.6961657669529184e-15
2,mid,M_C,M_B,same_depth_closing,ridge_linear,False,1.1359775102048955e-06,1.1965523350029867e-06,1.1948701134939577e-06,1.0000043286636007,32,4.328644106377233e-06,,,,
2,mid,M_C,M_B,same_depth_closing,low_rank_residual,False,7.94774761579686e-07,8.613124127229335e-07,8.593821630403717e-07,1.0000045035491316,32,4.50352884973082e-06,,,,
2,mid,M_C,M_B,same_depth_closing,whitened_cca,False,4.2926285757921615e-15,4.410441426927964e-15,4.394972387277734e-15,1.0000000000000038,32,3.774758283725532e-15,,,,
2,late,M0,M_A,forward_lineage,orthogonal_procrustes,True,1.9872152554625214e-15,1.9767284851002902e-15,1.9555563551800966e-15,1.0000000000000016,64,1.4432899320127035e-15,3.8878469334186305e-15,2.6844362706106337e-15,2.4757247646209116e-15,2.9441382347833087e-15
2,late,M0,M_A,forward_lineage,ridge_linear,False,1.3467285894102018e-06,1.5251375501185923e-06,1.5152073154524933e-06,1.0000058464331478,64,5.846398160147537e-06,,,,
2,late,M0,M_A,forward_lineage,low_rank_residual,False,7.192713518165806e-07,9.04929809796661e-07,8.998169528687578e-07,1.0000059844927325,64,5.984456918572967e-06,,,,
2,late,M0,M_A,forward_lineage,whitened_cca,False,4.718003972515272e-15,4.878145526153779e-15,4.820433724197847e-15,1.0000000000000036,64,3.552713678800501e-15,,,,
2,late,M_A,M0,reverse_lineage,orthogonal_procrustes,True,1.9872152554625214e-15,1.9767284851002902e-15,1.9555563551800966e-15,1.0000000000000016,64,1.4432899320127035e-15,3.8878469334186305e-15,2.6844362706106337e-15,2.4757247646209116e-15,2.9441382347833087e-15
2,late,M_A,M0,reverse_lineage,ridge_linear,False,1.3467285894102018e-06,1.5251375501185923e-06,1.5152073154524933e-06,1.0000058464331478,64,5.846398160147537e-06,,,,
2,late,M_A,M0,reverse_lineage,low_rank_residual,False,7.192713518165806e-07,9.04929809796661e-07,8.998169528687578e-07,1.0000059844927325,64,5.984456918572967e-06,,,,
2,late,M_A,M0,reverse_lineage,whitened_cca,False,4.718003972515272e-15,4.878145526153779e-15,4.820433724197847e-15,1.0000000000000036,64,3.552713678800501e-15,,,,
2,late,M0,M_B,forward_lineage,orthogonal_procrustes,True,1.9872152554625214e-15,1.9767284851002902e-15,1.9555563551800966e-15,1.0000000000000016,64,1.4432899320127035e-15,3.8878469334186305e-15,2.6844362706106337e-15,2.4757247646209116e-15,2.9441382347833087e-15
2,late,M0,M_B,forward_lineage,ridge_linear,False,1.3467285894102018e-06,1.5251375501185923e-06,1.5152073154524933e-06,1.0000058464331478,64,5.846398160147537e-06,,,,
2,late,M0,M_B,forward_lineage,low_rank_residual,False,7.192713518165806e-07,9.04929809796661e-07,8.998169528687578e-07,1.0000059844927325,64,5.984456918572967e-06,,,,
2,late,M0,M_B,forward_lineage,whitened_cca,False,4.718003972515272e-15,4.878145526153779e-15,4.820433724197847e-15,1.0000000000000036,64,3.552713678800501e-15,,,,
2,late,M_B,M0,reverse_lineage,orthogonal_procrustes,True,1.9872152554625214e-15,1.9767284851002902e-15,1.9555563551800966e-15,1.0000000000000016,64,1.4432899320127035e-15,3.8878469334186305e-15,2.6844362706106337e-15,2.4757247646209116e-15,2.9441382347833087e-15
2,late,M_B,M0,reverse_lineage,ridge_linear,False,1.3467285894102018e-06,1.5251375501185923e-06,1.5152073154524933e-06,1.0000058464331478,64,5.846398160147537e-06,,,,
2,late,M_B,M0,reverse_lineage,low_rank_residual,False,7.192713518165806e-07,9.04929809796661e-07,8.998169528687578e-07,1.0000059844927325,64,5.984456918572967e-06,,,,
2,late,M_B,M0,reverse_lineage,whitened_cca,False,4.718003972515272e-15,4.878145526153779e-15,4.820433724197847e-15,1.0000000000000036,64,3.552713678800501e-15,,,,
2,late,M0,M_C,forward_lineage,orthogonal_procrustes,True,1.9872152554625214e-15,1.9767284851002902e-15,1.9555563551800966e-15,1.0000000000000016,64,1.4432899320127035e-15,3.8878469334186305e-15,2.6844362706106337e-15,2.4757247646209116e-15,2.9441382347833087e-15
2,late,M0,M_C,forward_lineage,ridge_linear,False,1.3467285894102018e-06,1.5251375501185923e-06,1.5152073154524933e-06,1.0000058464331478,64,5.846398160147537e-06,,,,
2,late,M0,M_C,forward_lineage,low_rank_residual,False,7.192713518165806e-07,9.04929809796661e-07,8.998169528687578e-07,1.0000059844927325,64,5.984456918572967e-06,,,,
2,late,M0,M_C,forward_lineage,whitened_cca,False,4.718003972515272e-15,4.878145526153779e-15,4.820433724197847e-15,1.0000000000000036,64,3.552713678800501e-15,,,,
2,late,M_C,M0,reverse_lineage,orthogonal_procrustes,True,1.9872152554625214e-15,1.9767284851002902e-15,1.9555563551800966e-15,1.0000000000000016,64,1.4432899320127035e-15,3.8878469334186305e-15,2.6844362706106337e-15,2.4757247646209116e-15,2.9441382347833087e-15
2,late,M_C,M0,reverse_lineage,ridge_linear,False,1.3467285894102018e-06,1.5251375501185923e-06,1.5152073154524933e-06,1.0000058464331478,64,5.846398160147537e-06,,,,
2,late,M_C,M0,reverse_lineage,low_rank_residual,False,7.192713518165806e-07,9.04929809796661e-07,8.998169528687578e-07,1.0000059844927325,64,5.984456918572967e-06,,,,
2,late,M_C,M0,reverse_lineage,whitened_cca,False,4.718003972515272e-15,4.878145526153779e-15,4.820433724197847e-15,1.0000000000000036,64,3.552713678800501e-15,,,,
2,late,M_A,M_AB,forward_lineage,orthogonal_procrustes,True,1.9872152554625214e-15,1.9767284851002902e-15,1.9555563551800966e-15,1.0000000000000016,64,1.4432899320127035e-15,3.8878469334186305e-15,2.6844362706106337e-15,2.4757247646209116e-15,2.9441382347833087e-15
2,late,M_A,M_AB,forward_lineage,ridge_linear,False,1.3467285894102018e-06,1.5251375501185923e-06,1.5152073154524933e-06,1.0000058464331478,64,5.846398160147537e-06,,,,
2,late,M_A,M_AB,forward_lineage,low_rank_residual,False,7.192713518165806e-07,9.04929809796661e-07,8.998169528687578e-07,1.0000059844927325,64,5.984456918572967e-06,,,,
2,late,M_A,M_AB,forward_lineage,whitened_cca,False,4.718003972515272e-15,4.878145526153779e-15,4.820433724197847e-15,1.0000000000000036,64,3.552713678800501e-15,,,,
2,late,M_AB,M_A,reverse_lineage,orthogonal_procrustes,True,1.9872152554625214e-15,1.9767284851002902e-15,1.9555563551800966e-15,1.0000000000000016,64,1.4432899320127035e-15,3.8878469334186305e-15,2.6844362706106337e-15,2.4757247646209116e-15,2.9441382347833087e-15
2,late,M_AB,M_A,reverse_lineage,ridge_linear,False,1.3467285894102018e-06,1.5251375501185923e-06,1.5152073154524933e-06,1.0000058464331478,64,5.846398160147537e-06,,,,
2,late,M_AB,M_A,reverse_lineage,low_rank_residual,False,7.192713518165806e-07,9.04929809796661e-07,8.998169528687578e-07,1.0000059844927325,64,5.984456918572967e-06,,,,
2,late,M_AB,M_A,reverse_lineage,whitened_cca,False,4.718003972515272e-15,4.878145526153779e-15,4.820433724197847e-15,1.0000000000000036,64,3.552713678800501e-15,,,,
2,late,M_A,M_AC,forward_lineage,orthogonal_procrustes,True,1.9872152554625214e-15,1.9767284851002902e-15,1.9555563551800966e-15,1.0000000000000016,64,1.4432899320127035e-15,3.8878469334186305e-15,2.6844362706106337e-15,2.4757247646209116e-15,2.9441382347833087e-15
2,late,M_A,M_AC,forward_lineage,ridge_linear,False,1.3467285894102018e-06,1.5251375501185923e-06,1.5152073154524933e-06,1.0000058464331478,64,5.846398160147537e-06,,,,
2,late,M_A,M_AC,forward_lineage,low_rank_residual,False,7.192713518165806e-07,9.04929809796661e-07,8.998169528687578e-07,1.0000059844927325,64,5.984456918572967e-06,,,,
2,late,M_A,M_AC,forward_lineage,whitened_cca,False,4.718003972515272e-15,4.878145526153779e-15,4.820433724197847e-15,1.0000000000000036,64,3.552713678800501e-15,,,,
2,late,M_AC,M_A,reverse_lineage,orthogonal_procrustes,True,1.9872152554625214e-15,1.9767284851002902e-15,1.9555563551800966e-15,1.0000000000000016,64,1.4432899320127035e-15,3.8878469334186305e-15,2.6844362706106337e-15,2.4757247646209116e-15,2.9441382347833087e-15
2,late,M_AC,M_A,reverse_lineage,ridge_linear,False,1.3467285894102018e-06,1.5251375501185923e-06,1.5152073154524933e-06,1.0000058464331478,64,5.846398160147537e-06,,,,
2,late,M_AC,M_A,reverse_lineage,low_rank_residual,False,7.192713518165806e-07,9.04929809796661e-07,8.998169528687578e-07,1.0000059844927325,64,5.984456918572967e-06,,,,
2,late,M_AC,M_A,reverse_lineage,whitened_cca,False,4.718003972515272e-15,4.878145526153779e-15,4.820433724197847e-15,1.0000000000000036,64,3.552713678800501e-15,,,,
2,late,M_B,M_BA,forward_lineage,orthogonal_procrustes,True,1.9872152554625214e-15,1.9767284851002902e-15,1.9555563551800966e-15,1.0000000000000016,64,1.4432899320127035e-15,3.8878469334186305e-15,2.6844362706106337e-15,2.4757247646209116e-15,2.9441382347833087e-15
2,late,M_B,M_BA,forward_lineage,ridge_linear,False,1.3467285894102018e-06,1.5251375501185923e-06,1.5152073154524933e-06,1.0000058464331478,64,5.846398160147537e-06,,,,
2,late,M_B,M_BA,forward_lineage,low_rank_residual,False,7.192713518165806e-07,9.04929809796661e-07,8.998169528687578e-07,1.0000059844927325,64,5.984456918572967e-06,,,,
2,late,M_B,M_BA,forward_lineage,whitened_cca,False,4.718003972515272e-15,4.878145526153779e-15,4.820433724197847e-15,1.0000000000000036,64,3.552713678800501e-15,,,,
2,late,M_BA,M_B,reverse_lineage,orthogonal_procrustes,True,1.9872152554625214e-15,1.9767284851002902e-15,1.9555563551800966e-15,1.0000000000000016,64,1.4432899320127035e-15,3.8878469334186305e-15,2.6844362706106337e-15,2.4757247646209116e-15,2.9441382347833087e-15
2,late,M_BA,M_B,reverse_lineage,ridge_linear,False,1.3467285894102018e-06,1.5251375501185923e-06,1.5152073154524933e-06,1.0000058464331478,64,5.846398160147537e-06,,,,
2,late,M_BA,M_B,reverse_lineage,low_rank_residual,False,7.192713518165806e-07,9.04929809796661e-07,8.998169528687578e-07,1.0000059844927325,64,5.984456918572967e-06,,,,
2,late,M_BA,M_B,reverse_lineage,whitened_cca,False,4.718003972515272e-15,4.878145526153779e-15,4.820433724197847e-15,1.0000000000000036,64,3.552713678800501e-15,,,,
2,late,M_B,M_BC,forward_lineage,orthogonal_procrustes,True,1.9872152554625214e-15,1.9767284851002902e-15,1.9555563551800966e-15,1.0000000000000016,64,1.4432899320127035e-15,3.8878469334186305e-15,2.6844362706106337e-15,2.4757247646209116e-15,2.9441382347833087e-15
2,late,M_B,M_BC,forward_lineage,ridge_linear,False,1.3467285894102018e-06,1.5251375501185923e-06,1.5152073154524933e-06,1.0000058464331478,64,5.846398160147537e-06,,,,
2,late,M_B,M_BC,forward_lineage,low_rank_residual,False,7.192713518165806e-07,9.04929809796661e-07,8.998169528687578e-07,1.0000059844927325,64,5.984456918572967e-06,,,,
2,late,M_B,M_BC,forward_lineage,whitened_cca,False,4.718003972515272e-15,4.878145526153779e-15,4.820433724197847e-15,1.0000000000000036,64,3.552713678800501e-15,,,,
2,late,M_BC,M_B,reverse_lineage,orthogonal_procrustes,True,1.9872152554625214e-15,1.9767284851002902e-15,1.9555563551800966e-15,1.0000000000000016,64,1.4432899320127035e-15,3.8878469334186305e-15,2.6844362706106337e-15,2.4757247646209116e-15,2.9441382347833087e-15
2,late,M_BC,M_B,reverse_lineage,ridge_linear,False,1.3467285894102018e-06,1.5251375501185923e-06,1.5152073154524933e-06,1.0000058464331478,64,5.846398160147537e-06,,,,
2,late,M_BC,M_B,reverse_lineage,low_rank_residual,False,7.192713518165806e-07,9.04929809796661e-07,8.998169528687578e-07,1.0000059844927325,64,5.984456918572967e-06,,,,
2,late,M_BC,M_B,reverse_lineage,whitened_cca,False,4.718003972515272e-15,4.878145526153779e-15,4.820433724197847e-15,1.0000000000000036,64,3.552713678800501e-15,,,,
2,late,M_C,M_CA,forward_lineage,orthogonal_procrustes,True,1.9872152554625214e-15,1.9767284851002902e-15,1.9555563551800966e-15,1.0000000000000016,64,1.4432899320127035e-15,3.8878469334186305e-15,2.6844362706106337e-15,2.4757247646209116e-15,2.9441382347833087e-15
2,late,M_C,M_CA,forward_lineage,ridge_linear,False,1.3467285894102018e-06,1.5251375501185923e-06,1.5152073154524933e-06,1.0000058464331478,64,5.846398160147537e-06,,,,
2,late,M_C,M_CA,forward_lineage,low_rank_residual,False,7.192713518165806e-07,9.04929809796661e-07,8.998169528687578e-07,1.0000059844927325,64,5.984456918572967e-06,,,,
2,late,M_C,M_CA,forward_lineage,whitened_cca,False,4.718003972515272e-15,4.878145526153779e-15,4.820433724197847e-15,1.0000000000000036,64,3.552713678800501e-15,,,,
2,late,M_CA,M_C,reverse_lineage,orthogonal_procrustes,True,1.9872152554625214e-15,1.9767284851002902e-15,1.9555563551800966e-15,1.0000000000000016,64,1.4432899320127035e-15,3.8878469334186305e-15,2.6844362706106337e-15,2.4757247646209116e-15,2.9441382347833087e-15
2,late,M_CA,M_C,reverse_lineage,ridge_linear,False,1.3467285894102018e-06,1.5251375501185923e-06,1.5152073154524933e-06,1.0000058464331478,64,5.846398160147537e-06,,,,
2,late,M_CA,M_C,reverse_lineage,low_rank_residual,False,7.192713518165806e-07,9.04929809796661e-07,8.998169528687578e-07,1.0000059844927325,64,5.984456918572967e-06,,,,
2,late,M_CA,M_C,reverse_lineage,whitened_cca,False,4.718003972515272e-15,4.878145526153779e-15,4.820433724197847e-15,1.0000000000000036,64,3.552713678800501e-15,,,,
2,late,M_C,M_CB,forward_lineage,orthogonal_procrustes,True,1.9872152554625214e-15,1.9767284851002902e-15,1.9555563551800966e-15,1.0000000000000016,64,1.4432899320127035e-15,3.8878469334186305e-15,2.6844362706106337e-15,2.4757247646209116e-15,2.9441382347833087e-15
2,late,M_C,M_CB,forward_lineage,ridge_linear,False,1.3467285894102018e-06,1.5251375501185923e-06,1.5152073154524933e-06,1.0000058464331478,64,5.846398160147537e-06,,,,
2,late,M_C,M_CB,forward_lineage,low_rank_residual,False,7.192713518165806e-07,9.04929809796661e-07,8.998169528687578e-07,1.0000059844927325,64,5.984456918572967e-06,,,,
2,late,M_C,M_CB,forward_lineage,whitened_cca,False,4.718003972515272e-15,4.878145526153779e-15,4.820433724197847e-15,1.0000000000000036,64,3.552713678800501e-15,,,,
2,late,M_CB,M_C,reverse_lineage,orthogonal_procrustes,True,1.9872152554625214e-15,1.9767284851002902e-15,1.9555563551800966e-15,1.0000000000000016,64,1.4432899320127035e-15,3.8878469334186305e-15,2.6844362706106337e-15,2.4757247646209116e-15,2.9441382347833087e-15
2,late,M_CB,M_C,reverse_lineage,ridge_linear,False,1.3467285894102018e-06,1.5251375501185923e-06,1.5152073154524933e-06,1.0000058464331478,64,5.846398160147537e-06,,,,
2,late,M_CB,M_C,reverse_lineage,low_rank_residual,False,7.192713518165806e-07,9.04929809796661e-07,8.998169528687578e-07,1.0000059844927325,64,5.984456918572967e-06,,,,
2,late,M_CB,M_C,reverse_lineage,whitened_cca,False,4.718003972515272e-15,4.878145526153779e-15,4.820433724197847e-15,1.0000000000000036,64,3.552713678800501e-15,,,,
2,late,M_AB,M_ABC,forward_lineage,orthogonal_procrustes,True,1.9872152554625214e-15,1.9767284851002902e-15,1.9555563551800966e-15,1.0000000000000016,64,1.4432899320127035e-15,3.8878469334186305e-15,2.6844362706106337e-15,2.4757247646209116e-15,2.9441382347833087e-15
2,late,M_AB,M_ABC,forward_lineage,ridge_linear,False,1.3467285894102018e-06,1.5251375501185923e-06,1.5152073154524933e-06,1.0000058464331478,64,5.846398160147537e-06,,,,
2,late,M_AB,M_ABC,forward_lineage,low_rank_residual,False,7.192713518165806e-07,9.04929809796661e-07,8.998169528687578e-07,1.0000059844927325,64,5.984456918572967e-06,,,,
2,late,M_AB,M_ABC,forward_lineage,whitened_cca,False,4.718003972515272e-15,4.878145526153779e-15,4.820433724197847e-15,1.0000000000000036,64,3.552713678800501e-15,,,,
2,late,M_ABC,M_AB,reverse_lineage,orthogonal_procrustes,True,1.9872152554625214e-15,1.9767284851002902e-15,1.9555563551800966e-15,1.0000000000000016,64,1.4432899320127035e-15,3.8878469334186305e-15,2.6844362706106337e-15,2.4757247646209116e-15,2.9441382347833087e-15
2,late,M_ABC,M_AB,reverse_lineage,ridge_linear,False,1.3467285894102018e-06,1.5251375501185923e-06,1.5152073154524933e-06,1.0000058464331478,64,5.846398160147537e-06,,,,
2,late,M_ABC,M_AB,reverse_lineage,low_rank_residual,False,7.192713518165806e-07,9.04929809796661e-07,8.998169528687578e-07,1.0000059844927325,64,5.984456918572967e-06,,,,
2,late,M_ABC,M_AB,reverse_lineage,whitened_cca,False,4.718003972515272e-15,4.878145526153779e-15,4.820433724197847e-15,1.0000000000000036,64,3.552713678800501e-15,,,,
2,late,M_AC,M_ACB,forward_lineage,orthogonal_procrustes,True,1.9872152554625214e-15,1.9767284851002902e-15,1.9555563551800966e-15,1.0000000000000016,64,1.4432899320127035e-15,3.8878469334186305e-15,2.6844362706106337e-15,2.4757247646209116e-15,2.9441382347833087e-15
2,late,M_AC,M_ACB,forward_lineage,ridge_linear,False,1.3467285894102018e-06,1.5251375501185923e-06,1.5152073154524933e-06,1.0000058464331478,64,5.846398160147537e-06,,,,
2,late,M_AC,M_ACB,forward_lineage,low_rank_residual,False,7.192713518165806e-07,9.04929809796661e-07,8.998169528687578e-07,1.0000059844927325,64,5.984456918572967e-06,,,,
2,late,M_AC,M_ACB,forward_lineage,whitened_cca,False,4.718003972515272e-15,4.878145526153779e-15,4.820433724197847e-15,1.0000000000000036,64,3.552713678800501e-15,,,,
2,late,M_ACB,M_AC,reverse_lineage,orthogonal_procrustes,True,1.9872152554625214e-15,1.9767284851002902e-15,1.9555563551800966e-15,1.0000000000000016,64,1.4432899320127035e-15,3.8878469334186305e-15,2.6844362706106337e-15,2.4757247646209116e-15,2.9441382347833087e-15
2,late,M_ACB,M_AC,reverse_lineage,ridge_linear,False,1.3467285894102018e-06,1.5251375501185923e-06,1.5152073154524933e-06,1.0000058464331478,64,5.846398160147537e-06,,,,
2,late,M_ACB,M_AC,reverse_lineage,low_rank_residual,False,7.192713518165806e-07,9.04929809796661e-07,8.998169528687578e-07,1.0000059844927325,64,5.984456918572967e-06,,,,
2,late,M_ACB,M_AC,reverse_lineage,whitened_cca,False,4.718003972515272e-15,4.878145526153779e-15,4.820433724197847e-15,1.0000000000000036,64,3.552713678800501e-15,,,,
2,late,M_BA,M_BAC,forward_lineage,orthogonal_procrustes,True,1.9872152554625214e-15,1.9767284851002902e-15,1.9555563551800966e-15,1.0000000000000016,64,1.4432899320127035e-15,3.8878469334186305e-15,2.6844362706106337e-15,2.4757247646209116e-15,2.9441382347833087e-15
2,late,M_BA,M_BAC,forward_lineage,ridge_linear,False,1.3467285894102018e-06,1.5251375501185923e-06,1.5152073154524933e-06,1.0000058464331478,64,5.846398160147537e-06,,,,
2,late,M_BA,M_BAC,forward_lineage,low_rank_residual,False,7.192713518165806e-07,9.04929809796661e-07,8.998169528687578e-07,1.0000059844927325,64,5.984456918572967e-06,,,,
2,late,M_BA,M_BAC,forward_lineage,whitened_cca,False,4.718003972515272e-15,4.878145526153779e-15,4.820433724197847e-15,1.0000000000000036,64,3.552713678800501e-15,,,,
2,late,M_BAC,M_BA,reverse_lineage,orthogonal_procrustes,True,1.9872152554625214e-15,1.9767284851002902e-15,1.9555563551800966e-15,1.0000000000000016,64,1.4432899320127035e-15,3.8878469334186305e-15,2.6844362706106337e-15,2.4757247646209116e-15,2.9441382347833087e-15
2,late,M_BAC,M_BA,reverse_lineage,ridge_linear,False,1.3467285894102018e-06,1.5251375501185923e-06,1.5152073154524933e-06,1.0000058464331478,64,5.846398160147537e-06,,,,
2,late,M_BAC,M_BA,reverse_lineage,low_rank_residual,False,7.192713518165806e-07,9.04929809796661e-07,8.998169528687578e-07,1.0000059844927325,64,5.984456918572967e-06,,,,
2,late,M_BAC,M_BA,reverse_lineage,whitened_cca,False,4.718003972515272e-15,4.878145526153779e-15,4.820433724197847e-15,1.0000000000000036,64,3.552713678800501e-15,,,,
2,late,M_BC,M_BCA,forward_lineage,orthogonal_procrustes,True,1.9872152554625214e-15,1.9767284851002902e-15,1.9555563551800966e-15,1.0000000000000016,64,1.4432899320127035e-15,3.8878469334186305e-15,2.6844362706106337e-15,2.4757247646209116e-15,2.9441382347833087e-15
2,late,M_BC,M_BCA,forward_lineage,ridge_linear,False,1.3467285894102018e-06,1.5251375501185923e-06,1.5152073154524933e-06,1.0000058464331478,64,5.846398160147537e-06,,,,
2,late,M_BC,M_BCA,forward_lineage,low_rank_residual,False,7.192713518165806e-07,9.04929809796661e-07,8.998169528687578e-07,1.0000059844927325,64,5.984456918572967e-06,,,,
2,late,M_BC,M_BCA,forward_lineage,whitened_cca,False,4.718003972515272e-15,4.878145526153779e-15,4.820433724197847e-15,1.0000000000000036,64,3.552713678800501e-15,,,,
2,late,M_BCA,M_BC,reverse_lineage,orthogonal_procrustes,True,1.9872152554625214e-15,1.9767284851002902e-15,1.9555563551800966e-15,1.0000000000000016,64,1.4432899320127035e-15,3.8878469334186305e-15,2.6844362706106337e-15,2.4757247646209116e-15,2.9441382347833087e-15
2,late,M_BCA,M_BC,reverse_lineage,ridge_linear,False,1.3467285894102018e-06,1.5251375501185923e-06,1.5152073154524933e-06,1.0000058464331478,64,5.846398160147537e-06,,,,
2,late,M_BCA,M_BC,reverse_lineage,low_rank_residual,False,7.192713518165806e-07,9.04929809796661e-07,8.998169528687578e-07,1.0000059844927325,64,5.984456918572967e-06,,,,
2,late,M_BCA,M_BC,reverse_lineage,whitened_cca,False,4.718003972515272e-15,4.878145526153779e-15,4.820433724197847e-15,1.0000000000000036,64,3.552713678800501e-15,,,,
2,late,M_CA,M_CAB,forward_lineage,orthogonal_procrustes,True,1.9872152554625214e-15,1.9767284851002902e-15,1.9555563551800966e-15,1.0000000000000016,64,1.4432899320127035e-15,3.8878469334186305e-15,2.6844362706106337e-15,2.4757247646209116e-15,2.9441382347833087e-15
2,late,M_CA,M_CAB,forward_lineage,ridge_linear,False,1.3467285894102018e-06,1.5251375501185923e-06,1.5152073154524933e-06,1.0000058464331478,64,5.846398160147537e-06,,,,
2,late,M_CA,M_CAB,forward_lineage,low_rank_residual,False,7.192713518165806e-07,9.04929809796661e-07,8.998169528687578e-07,1.0000059844927325,64,5.984456918572967e-06,,,,
2,late,M_CA,M_CAB,forward_lineage,whitened_cca,False,4.718003972515272e-15,4.878145526153779e-15,4.820433724197847e-15,1.0000000000000036,64,3.552713678800501e-15,,,,
2,late,M_CAB,M_CA,reverse_lineage,orthogonal_procrustes,True,1.9872152554625214e-15,1.9767284851002902e-15,1.9555563551800966e-15,1.0000000000000016,64,1.4432899320127035e-15,3.8878469334186305e-15,2.6844362706106337e-15,2.4757247646209116e-15,2.9441382347833087e-15
2,late,M_CAB,M_CA,reverse_lineage,ridge_linear,False,1.3467285894102018e-06,1.5251375501185923e-06,1.5152073154524933e-06,1.0000058464331478,64,5.846398160147537e-06,,,,
2,late,M_CAB,M_CA,reverse_lineage,low_rank_residual,False,7.192713518165806e-07,9.04929809796661e-07,8.998169528687578e-07,1.0000059844927325,64,5.984456918572967e-06,,,,
2,late,M_CAB,M_CA,reverse_lineage,whitened_cca,False,4.718003972515272e-15,4.878145526153779e-15,4.820433724197847e-15,1.0000000000000036,64,3.552713678800501e-15,,,,
2,late,M_CB,M_CBA,forward_lineage,orthogonal_procrustes,True,1.9872152554625214e-15,1.9767284851002902e-15,1.9555563551800966e-15,1.0000000000000016,64,1.4432899320127035e-15,3.8878469334186305e-15,2.6844362706106337e-15,2.4757247646209116e-15,2.9441382347833087e-15
2,late,M_CB,M_CBA,forward_lineage,ridge_linear,False,1.3467285894102018e-06,1.5251375501185923e-06,1.5152073154524933e-06,1.0000058464331478,64,5.846398160147537e-06,,,,
2,late,M_CB,M_CBA,forward_lineage,low_rank_residual,False,7.192713518165806e-07,9.04929809796661e-07,8.998169528687578e-07,1.0000059844927325,64,5.984456918572967e-06,,,,
2,late,M_CB,M_CBA,forward_lineage,whitened_cca,False,4.718003972515272e-15,4.878145526153779e-15,4.820433724197847e-15,1.0000000000000036,64,3.552713678800501e-15,,,,
2,late,M_CBA,M_CB,reverse_lineage,orthogonal_procrustes,True,1.9872152554625214e-15,1.9767284851002902e-15,1.9555563551800966e-15,1.0000000000000016,64,1.4432899320127035e-15,3.8878469334186305e-15,2.6844362706106337e-15,2.4757247646209116e-15,2.9441382347833087e-15
2,late,M_CBA,M_CB,reverse_lineage,ridge_linear,False,1.3467285894102018e-06,1.5251375501185923e-06,1.5152073154524933e-06,1.0000058464331478,64,5.846398160147537e-06,,,,
2,late,M_CBA,M_CB,reverse_lineage,low_rank_residual,False,7.192713518165806e-07,9.04929809796661e-07,8.998169528687578e-07,1.0000059844927325,64,5.984456918572967e-06,,,,
2,late,M_CBA,M_CB,reverse_lineage,whitened_cca,False,4.718003972515272e-15,4.878145526153779e-15,4.820433724197847e-15,1.0000000000000036,64,3.552713678800501e-15,,,,
2,late,M_AB,M_B,loop_closing,orthogonal_procrustes,True,1.9872152554625214e-15,1.9767284851002902e-15,1.9555563551800966e-15,1.0000000000000016,64,1.4432899320127035e-15,3.8878469334186305e-15,2.6844362706106337e-15,2.4757247646209116e-15,2.9441382347833087e-15
2,late,M_AB,M_B,loop_closing,ridge_linear,False,1.3467285894102018e-06,1.5251375501185923e-06,1.5152073154524933e-06,1.0000058464331478,64,5.846398160147537e-06,,,,
2,late,M_AB,M_B,loop_closing,low_rank_residual,False,7.192713518165806e-07,9.04929809796661e-07,8.998169528687578e-07,1.0000059844927325,64,5.984456918572967e-06,,,,
2,late,M_AB,M_B,loop_closing,whitened_cca,False,4.718003972515272e-15,4.878145526153779e-15,4.820433724197847e-15,1.0000000000000036,64,3.552713678800501e-15,,,,
2,late,M_B,M_AB,loop_closing,orthogonal_procrustes,True,1.9872152554625214e-15,1.9767284851002902e-15,1.9555563551800966e-15,1.0000000000000016,64,1.4432899320127035e-15,3.8878469334186305e-15,2.6844362706106337e-15,2.4757247646209116e-15,2.9441382347833087e-15
2,late,M_B,M_AB,loop_closing,ridge_linear,False,1.3467285894102018e-06,1.5251375501185923e-06,1.5152073154524933e-06,1.0000058464331478,64,5.846398160147537e-06,,,,
2,late,M_B,M_AB,loop_closing,low_rank_residual,False,7.192713518165806e-07,9.04929809796661e-07,8.998169528687578e-07,1.0000059844927325,64,5.984456918572967e-06,,,,
2,late,M_B,M_AB,loop_closing,whitened_cca,False,4.718003972515272e-15,4.878145526153779e-15,4.820433724197847e-15,1.0000000000000036,64,3.552713678800501e-15,,,,
2,late,M_AC,M_C,loop_closing,orthogonal_procrustes,True,1.9872152554625214e-15,1.9767284851002902e-15,1.9555563551800966e-15,1.0000000000000016,64,1.4432899320127035e-15,3.8878469334186305e-15,2.6844362706106337e-15,2.4757247646209116e-15,2.9441382347833087e-15
2,late,M_AC,M_C,loop_closing,ridge_linear,False,1.3467285894102018e-06,1.5251375501185923e-06,1.5152073154524933e-06,1.0000058464331478,64,5.846398160147537e-06,,,,
2,late,M_AC,M_C,loop_closing,low_rank_residual,False,7.192713518165806e-07,9.04929809796661e-07,8.998169528687578e-07,1.0000059844927325,64,5.984456918572967e-06,,,,
2,late,M_AC,M_C,loop_closing,whitened_cca,False,4.718003972515272e-15,4.878145526153779e-15,4.820433724197847e-15,1.0000000000000036,64,3.552713678800501e-15,,,,
2,late,M_C,M_AC,loop_closing,orthogonal_procrustes,True,1.9872152554625214e-15,1.9767284851002902e-15,1.9555563551800966e-15,1.0000000000000016,64,1.4432899320127035e-15,3.8878469334186305e-15,2.6844362706106337e-15,2.4757247646209116e-15,2.9441382347833087e-15
2,late,M_C,M_AC,loop_closing,ridge_linear,False,1.3467285894102018e-06,1.5251375501185923e-06,1.5152073154524933e-06,1.0000058464331478,64,5.846398160147537e-06,,,,
2,late,M_C,M_AC,loop_closing,low_rank_residual,False,7.192713518165806e-07,9.04929809796661e-07,8.998169528687578e-07,1.0000059844927325,64,5.984456918572967e-06,,,,
2,late,M_C,M_AC,loop_closing,whitened_cca,False,4.718003972515272e-15,4.878145526153779e-15,4.820433724197847e-15,1.0000000000000036,64,3.552713678800501e-15,,,,
2,late,M_BC,M_C,loop_closing,orthogonal_procrustes,True,1.9872152554625214e-15,1.9767284851002902e-15,1.9555563551800966e-15,1.0000000000000016,64,1.4432899320127035e-15,3.8878469334186305e-15,2.6844362706106337e-15,2.4757247646209116e-15,2.9441382347833087e-15
2,late,M_BC,M_C,loop_closing,ridge_linear,False,1.3467285894102018e-06,1.5251375501185923e-06,1.5152073154524933e-06,1.0000058464331478,64,5.846398160147537e-06,,,,
2,late,M_BC,M_C,loop_closing,low_rank_residual,False,7.192713518165806e-07,9.04929809796661e-07,8.998169528687578e-07,1.0000059844927325,64,5.984456918572967e-06,,,,
2,late,M_BC,M_C,loop_closing,whitened_cca,False,4.718003972515272e-15,4.878145526153779e-15,4.820433724197847e-15,1.0000000000000036,64,3.552713678800501e-15,,,,
2,late,M_C,M_BC,loop_closing,orthogonal_procrustes,True,1.9872152554625214e-15,1.9767284851002902e-15,1.9555563551800966e-15,1.0000000000000016,64,1.4432899320127035e-15,3.8878469334186305e-15,2.6844362706106337e-15,2.4757247646209116e-15,2.9441382347833087e-15
2,late,M_C,M_BC,loop_closing,ridge_linear,False,1.3467285894102018e-06,1.5251375501185923e-06,1.5152073154524933e-06,1.0000058464331478,64,5.846398160147537e-06,,,,
2,late,M_C,M_BC,loop_closing,low_rank_residual,False,7.192713518165806e-07,9.04929809796661e-07,8.998169528687578e-07,1.0000059844927325,64,5.984456918572967e-06,,,,
2,late,M_C,M_BC,loop_closing,whitened_cca,False,4.718003972515272e-15,4.878145526153779e-15,4.820433724197847e-15,1.0000000000000036,64,3.552713678800501e-15,,,,
2,late,M_ABC,M_BAC,same_depth_closing,orthogonal_procrustes,True,1.9872152554625214e-15,1.9767284851002902e-15,1.9555563551800966e-15,1.0000000000000016,64,1.4432899320127035e-15,3.8878469334186305e-15,2.6844362706106337e-15,2.4757247646209116e-15,2.9441382347833087e-15
2,late,M_ABC,M_BAC,same_depth_closing,ridge_linear,False,1.3467285894102018e-06,1.5251375501185923e-06,1.5152073154524933e-06,1.0000058464331478,64,5.846398160147537e-06,,,,
2,late,M_ABC,M_BAC,same_depth_closing,low_rank_residual,False,7.192713518165806e-07,9.04929809796661e-07,8.998169528687578e-07,1.0000059844927325,64,5.984456918572967e-06,,,,
2,late,M_ABC,M_BAC,same_depth_closing,whitened_cca,False,4.718003972515272e-15,4.878145526153779e-15,4.820433724197847e-15,1.0000000000000036,64,3.552713678800501e-15,,,,
2,late,M_BAC,M_ABC,same_depth_closing,orthogonal_procrustes,True,1.9872152554625214e-15,1.9767284851002902e-15,1.9555563551800966e-15,1.0000000000000016,64,1.4432899320127035e-15,3.8878469334186305e-15,2.6844362706106337e-15,2.4757247646209116e-15,2.9441382347833087e-15
2,late,M_BAC,M_ABC,same_depth_closing,ridge_linear,False,1.3467285894102018e-06,1.5251375501185923e-06,1.5152073154524933e-06,1.0000058464331478,64,5.846398160147537e-06,,,,
2,late,M_BAC,M_ABC,same_depth_closing,low_rank_residual,False,7.192713518165806e-07,9.04929809796661e-07,8.998169528687578e-07,1.0000059844927325,64,5.984456918572967e-06,,,,
2,late,M_BAC,M_ABC,same_depth_closing,whitened_cca,False,4.718003972515272e-15,4.878145526153779e-15,4.820433724197847e-15,1.0000000000000036,64,3.552713678800501e-15,,,,
2,late,M_ABC,M_ACB,same_depth_closing,orthogonal_procrustes,True,1.9872152554625214e-15,1.9767284851002902e-15,1.9555563551800966e-15,1.0000000000000016,64,1.4432899320127035e-15,3.8878469334186305e-15,2.6844362706106337e-15,2.4757247646209116e-15,2.9441382347833087e-15
2,late,M_ABC,M_ACB,same_depth_closing,ridge_linear,False,1.3467285894102018e-06,1.5251375501185923e-06,1.5152073154524933e-06,1.0000058464331478,64,5.846398160147537e-06,,,,
2,late,M_ABC,M_ACB,same_depth_closing,low_rank_residual,False,7.192713518165806e-07,9.04929809796661e-07,8.998169528687578e-07,1.0000059844927325,64,5.984456918572967e-06,,,,
2,late,M_ABC,M_ACB,same_depth_closing,whitened_cca,False,4.718003972515272e-15,4.878145526153779e-15,4.820433724197847e-15,1.0000000000000036,64,3.552713678800501e-15,,,,
2,late,M_ACB,M_ABC,same_depth_closing,orthogonal_procrustes,True,1.9872152554625214e-15,1.9767284851002902e-15,1.9555563551800966e-15,1.0000000000000016,64,1.4432899320127035e-15,3.8878469334186305e-15,2.6844362706106337e-15,2.4757247646209116e-15,2.9441382347833087e-15
2,late,M_ACB,M_ABC,same_depth_closing,ridge_linear,False,1.3467285894102018e-06,1.5251375501185923e-06,1.5152073154524933e-06,1.0000058464331478,64,5.846398160147537e-06,,,,
2,late,M_ACB,M_ABC,same_depth_closing,low_rank_residual,False,7.192713518165806e-07,9.04929809796661e-07,8.998169528687578e-07,1.0000059844927325,64,5.984456918572967e-06,,,,
2,late,M_ACB,M_ABC,same_depth_closing,whitened_cca,False,4.718003972515272e-15,4.878145526153779e-15,4.820433724197847e-15,1.0000000000000036,64,3.552713678800501e-15,,,,
2,late,M_ACB,M_CAB,same_depth_closing,orthogonal_procrustes,True,1.9872152554625214e-15,1.9767284851002902e-15,1.9555563551800966e-15,1.0000000000000016,64,1.4432899320127035e-15,3.8878469334186305e-15,2.6844362706106337e-15,2.4757247646209116e-15,2.9441382347833087e-15
2,late,M_ACB,M_CAB,same_depth_closing,ridge_linear,False,1.3467285894102018e-06,1.5251375501185923e-06,1.5152073154524933e-06,1.0000058464331478,64,5.846398160147537e-06,,,,
2,late,M_ACB,M_CAB,same_depth_closing,low_rank_residual,False,7.192713518165806e-07,9.04929809796661e-07,8.998169528687578e-07,1.0000059844927325,64,5.984456918572967e-06,,,,
2,late,M_ACB,M_CAB,same_depth_closing,whitened_cca,False,4.718003972515272e-15,4.878145526153779e-15,4.820433724197847e-15,1.0000000000000036,64,3.552713678800501e-15,,,,
2,late,M_CAB,M_ACB,same_depth_closing,orthogonal_procrustes,True,1.9872152554625214e-15,1.9767284851002902e-15,1.9555563551800966e-15,1.0000000000000016,64,1.4432899320127035e-15,3.8878469334186305e-15,2.6844362706106337e-15,2.4757247646209116e-15,2.9441382347833087e-15
2,late,M_CAB,M_ACB,same_depth_closing,ridge_linear,False,1.3467285894102018e-06,1.5251375501185923e-06,1.5152073154524933e-06,1.0000058464331478,64,5.846398160147537e-06,,,,
2,late,M_CAB,M_ACB,same_depth_closing,low_rank_residual,False,7.192713518165806e-07,9.04929809796661e-07,8.998169528687578e-07,1.0000059844927325,64,5.984456918572967e-06,,,,
2,late,M_CAB,M_ACB,same_depth_closing,whitened_cca,False,4.718003972515272e-15,4.878145526153779e-15,4.820433724197847e-15,1.0000000000000036,64,3.552713678800501e-15,,,,
2,late,M_BAC,M_BCA,same_depth_closing,orthogonal_procrustes,True,1.9872152554625214e-15,1.9767284851002902e-15,1.9555563551800966e-15,1.0000000000000016,64,1.4432899320127035e-15,3.8878469334186305e-15,2.6844362706106337e-15,2.4757247646209116e-15,2.9441382347833087e-15
2,late,M_BAC,M_BCA,same_depth_closing,ridge_linear,False,1.3467285894102018e-06,1.5251375501185923e-06,1.5152073154524933e-06,1.0000058464331478,64,5.846398160147537e-06,,,,
2,late,M_BAC,M_BCA,same_depth_closing,low_rank_residual,False,7.192713518165806e-07,9.04929809796661e-07,8.998169528687578e-07,1.0000059844927325,64,5.984456918572967e-06,,,,
2,late,M_BAC,M_BCA,same_depth_closing,whitened_cca,False,4.718003972515272e-15,4.878145526153779e-15,4.820433724197847e-15,1.0000000000000036,64,3.552713678800501e-15,,,,
2,late,M_BCA,M_BAC,same_depth_closing,orthogonal_procrustes,True,1.9872152554625214e-15,1.9767284851002902e-15,1.9555563551800966e-15,1.0000000000000016,64,1.4432899320127035e-15,3.8878469334186305e-15,2.6844362706106337e-15,2.4757247646209116e-15,2.9441382347833087e-15
2,late,M_BCA,M_BAC,same_depth_closing,ridge_linear,False,1.3467285894102018e-06,1.5251375501185923e-06,1.5152073154524933e-06,1.0000058464331478,64,5.846398160147537e-06,,,,
2,late,M_BCA,M_BAC,same_depth_closing,low_rank_residual,False,7.192713518165806e-07,9.04929809796661e-07,8.998169528687578e-07,1.0000059844927325,64,5.984456918572967e-06,,,,
2,late,M_BCA,M_BAC,same_depth_closing,whitened_cca,False,4.718003972515272e-15,4.878145526153779e-15,4.820433724197847e-15,1.0000000000000036,64,3.552713678800501e-15,,,,
2,late,M_BCA,M_CBA,same_depth_closing,orthogonal_procrustes,True,1.9872152554625214e-15,1.9767284851002902e-15,1.9555563551800966e-15,1.0000000000000016,64,1.4432899320127035e-15,3.8878469334186305e-15,2.6844362706106337e-15,2.4757247646209116e-15,2.9441382347833087e-15
2,late,M_BCA,M_CBA,same_depth_closing,ridge_linear,False,1.3467285894102018e-06,1.5251375501185923e-06,1.5152073154524933e-06,1.0000058464331478,64,5.846398160147537e-06,,,,
2,late,M_BCA,M_CBA,same_depth_closing,low_rank_residual,False,7.192713518165806e-07,9.04929809796661e-07,8.998169528687578e-07,1.0000059844927325,64,5.984456918572967e-06,,,,
2,late,M_BCA,M_CBA,same_depth_closing,whitened_cca,False,4.718003972515272e-15,4.878145526153779e-15,4.820433724197847e-15,1.0000000000000036,64,3.552713678800501e-15,,,,
2,late,M_CBA,M_BCA,same_depth_closing,orthogonal_procrustes,True,1.9872152554625214e-15,1.9767284851002902e-15,1.9555563551800966e-15,1.0000000000000016,64,1.4432899320127035e-15,3.8878469334186305e-15,2.6844362706106337e-15,2.4757247646209116e-15,2.9441382347833087e-15
2,late,M_CBA,M_BCA,same_depth_closing,ridge_linear,False,1.3467285894102018e-06,1.5251375501185923e-06,1.5152073154524933e-06,1.0000058464331478,64,5.846398160147537e-06,,,,
2,late,M_CBA,M_BCA,same_depth_closing,low_rank_residual,False,7.192713518165806e-07,9.04929809796661e-07,8.998169528687578e-07,1.0000059844927325,64,5.984456918572967e-06,,,,
2,late,M_CBA,M_BCA,same_depth_closing,whitened_cca,False,4.718003972515272e-15,4.878145526153779e-15,4.820433724197847e-15,1.0000000000000036,64,3.552713678800501e-15,,,,
2,late,M_CAB,M_CBA,same_depth_closing,orthogonal_procrustes,True,1.9872152554625214e-15,1.9767284851002902e-15,1.9555563551800966e-15,1.0000000000000016,64,1.4432899320127035e-15,3.8878469334186305e-15,2.6844362706106337e-15,2.4757247646209116e-15,2.9441382347833087e-15
2,late,M_CAB,M_CBA,same_depth_closing,ridge_linear,False,1.3467285894102018e-06,1.5251375501185923e-06,1.5152073154524933e-06,1.0000058464331478,64,5.846398160147537e-06,,,,
2,late,M_CAB,M_CBA,same_depth_closing,low_rank_residual,False,7.192713518165806e-07,9.04929809796661e-07,8.998169528687578e-07,1.0000059844927325,64,5.984456918572967e-06,,,,
2,late,M_CAB,M_CBA,same_depth_closing,whitened_cca,False,4.718003972515272e-15,4.878145526153779e-15,4.820433724197847e-15,1.0000000000000036,64,3.552713678800501e-15,,,,
2,late,M_CBA,M_CAB,same_depth_closing,orthogonal_procrustes,True,1.9872152554625214e-15,1.9767284851002902e-15,1.9555563551800966e-15,1.0000000000000016,64,1.4432899320127035e-15,3.8878469334186305e-15,2.6844362706106337e-15,2.4757247646209116e-15,2.9441382347833087e-15
2,late,M_CBA,M_CAB,same_depth_closing,ridge_linear,False,1.3467285894102018e-06,1.5251375501185923e-06,1.5152073154524933e-06,1.0000058464331478,64,5.846398160147537e-06,,,,
2,late,M_CBA,M_CAB,same_depth_closing,low_rank_residual,False,7.192713518165806e-07,9.04929809796661e-07,8.998169528687578e-07,1.0000059844927325,64,5.984456918572967e-06,,,,
2,late,M_CBA,M_CAB,same_depth_closing,whitened_cca,False,4.718003972515272e-15,4.878145526153779e-15,4.820433724197847e-15,1.0000000000000036,64,3.552713678800501e-15,,,,
2,late,M_AB,M_BA,same_depth_closing,orthogonal_procrustes,True,1.9872152554625214e-15,1.9767284851002902e-15,1.9555563551800966e-15,1.0000000000000016,64,1.4432899320127035e-15,3.8878469334186305e-15,2.6844362706106337e-15,2.4757247646209116e-15,2.9441382347833087e-15
2,late,M_AB,M_BA,same_depth_closing,ridge_linear,False,1.3467285894102018e-06,1.5251375501185923e-06,1.5152073154524933e-06,1.0000058464331478,64,5.846398160147537e-06,,,,
2,late,M_AB,M_BA,same_depth_closing,low_rank_residual,False,7.192713518165806e-07,9.04929809796661e-07,8.998169528687578e-07,1.0000059844927325,64,5.984456918572967e-06,,,,
2,late,M_AB,M_BA,same_depth_closing,whitened_cca,False,4.718003972515272e-15,4.878145526153779e-15,4.820433724197847e-15,1.0000000000000036,64,3.552713678800501e-15,,,,
2,late,M_BA,M_AB,same_depth_closing,orthogonal_procrustes,True,1.9872152554625214e-15,1.9767284851002902e-15,1.9555563551800966e-15,1.0000000000000016,64,1.4432899320127035e-15,3.8878469334186305e-15,2.6844362706106337e-15,2.4757247646209116e-15,2.9441382347833087e-15
2,late,M_BA,M_AB,same_depth_closing,ridge_linear,False,1.3467285894102018e-06,1.5251375501185923e-06,1.5152073154524933e-06,1.0000058464331478,64,5.846398160147537e-06,,,,
2,late,M_BA,M_AB,same_depth_closing,low_rank_residual,False,7.192713518165806e-07,9.04929809796661e-07,8.998169528687578e-07,1.0000059844927325,64,5.984456918572967e-06,,,,
2,late,M_BA,M_AB,same_depth_closing,whitened_cca,False,4.718003972515272e-15,4.878145526153779e-15,4.820433724197847e-15,1.0000000000000036,64,3.552713678800501e-15,,,,
2,late,M_AC,M_CA,same_depth_closing,orthogonal_procrustes,True,1.9872152554625214e-15,1.9767284851002902e-15,1.9555563551800966e-15,1.0000000000000016,64,1.4432899320127035e-15,3.8878469334186305e-15,2.6844362706106337e-15,2.4757247646209116e-15,2.9441382347833087e-15
2,late,M_AC,M_CA,same_depth_closing,ridge_linear,False,1.3467285894102018e-06,1.5251375501185923e-06,1.5152073154524933e-06,1.0000058464331478,64,5.846398160147537e-06,,,,
2,late,M_AC,M_CA,same_depth_closing,low_rank_residual,False,7.192713518165806e-07,9.04929809796661e-07,8.998169528687578e-07,1.0000059844927325,64,5.984456918572967e-06,,,,
2,late,M_AC,M_CA,same_depth_closing,whitened_cca,False,4.718003972515272e-15,4.878145526153779e-15,4.820433724197847e-15,1.0000000000000036,64,3.552713678800501e-15,,,,
2,late,M_CA,M_AC,same_depth_closing,orthogonal_procrustes,True,1.9872152554625214e-15,1.9767284851002902e-15,1.9555563551800966e-15,1.0000000000000016,64,1.4432899320127035e-15,3.8878469334186305e-15,2.6844362706106337e-15,2.4757247646209116e-15,2.9441382347833087e-15
2,late,M_CA,M_AC,same_depth_closing,ridge_linear,False,1.3467285894102018e-06,1.5251375501185923e-06,1.5152073154524933e-06,1.0000058464331478,64,5.846398160147537e-06,,,,
2,late,M_CA,M_AC,same_depth_closing,low_rank_residual,False,7.192713518165806e-07,9.04929809796661e-07,8.998169528687578e-07,1.0000059844927325,64,5.984456918572967e-06,,,,
2,late,M_CA,M_AC,same_depth_closing,whitened_cca,False,4.718003972515272e-15,4.878145526153779e-15,4.820433724197847e-15,1.0000000000000036,64,3.552713678800501e-15,,,,
2,late,M_BC,M_CB,same_depth_closing,orthogonal_procrustes,True,1.9872152554625214e-15,1.9767284851002902e-15,1.9555563551800966e-15,1.0000000000000016,64,1.4432899320127035e-15,3.8878469334186305e-15,2.6844362706106337e-15,2.4757247646209116e-15,2.9441382347833087e-15
2,late,M_BC,M_CB,same_depth_closing,ridge_linear,False,1.3467285894102018e-06,1.5251375501185923e-06,1.5152073154524933e-06,1.0000058464331478,64,5.846398160147537e-06,,,,
2,late,M_BC,M_CB,same_depth_closing,low_rank_residual,False,7.192713518165806e-07,9.04929809796661e-07,8.998169528687578e-07,1.0000059844927325,64,5.984456918572967e-06,,,,
2,late,M_BC,M_CB,same_depth_closing,whitened_cca,False,4.718003972515272e-15,4.878145526153779e-15,4.820433724197847e-15,1.0000000000000036,64,3.552713678800501e-15,,,,
2,late,M_CB,M_BC,same_depth_closing,orthogonal_procrustes,True,1.9872152554625214e-15,1.9767284851002902e-15,1.9555563551800966e-15,1.0000000000000016,64,1.4432899320127035e-15,3.8878469334186305e-15,2.6844362706106337e-15,2.4757247646209116e-15,2.9441382347833087e-15
2,late,M_CB,M_BC,same_depth_closing,ridge_linear,False,1.3467285894102018e-06,1.5251375501185923e-06,1.5152073154524933e-06,1.0000058464331478,64,5.846398160147537e-06,,,,
2,late,M_CB,M_BC,same_depth_closing,low_rank_residual,False,7.192713518165806e-07,9.04929809796661e-07,8.998169528687578e-07,1.0000059844927325,64,5.984456918572967e-06,,,,
2,late,M_CB,M_BC,same_depth_closing,whitened_cca,False,4.718003972515272e-15,4.878145526153779e-15,4.820433724197847e-15,1.0000000000000036,64,3.552713678800501e-15,,,,
2,late,M_A,M_B,same_depth_closing,orthogonal_procrustes,True,1.9872152554625214e-15,1.9767284851002902e-15,1.9555563551800966e-15,1.0000000000000016,64,1.4432899320127035e-15,3.8878469334186305e-15,2.6844362706106337e-15,2.4757247646209116e-15,2.9441382347833087e-15
2,late,M_A,M_B,same_depth_closing,ridge_linear,False,1.3467285894102018e-06,1.5251375501185923e-06,1.5152073154524933e-06,1.0000058464331478,64,5.846398160147537e-06,,,,
2,late,M_A,M_B,same_depth_closing,low_rank_residual,False,7.192713518165806e-07,9.04929809796661e-07,8.998169528687578e-07,1.0000059844927325,64,5.984456918572967e-06,,,,
2,late,M_A,M_B,same_depth_closing,whitened_cca,False,4.718003972515272e-15,4.878145526153779e-15,4.820433724197847e-15,1.0000000000000036,64,3.552713678800501e-15,,,,
2,late,M_B,M_A,same_depth_closing,orthogonal_procrustes,True,1.9872152554625214e-15,1.9767284851002902e-15,1.9555563551800966e-15,1.0000000000000016,64,1.4432899320127035e-15,3.8878469334186305e-15,2.6844362706106337e-15,2.4757247646209116e-15,2.9441382347833087e-15
2,late,M_B,M_A,same_depth_closing,ridge_linear,False,1.3467285894102018e-06,1.5251375501185923e-06,1.5152073154524933e-06,1.0000058464331478,64,5.846398160147537e-06,,,,
2,late,M_B,M_A,same_depth_closing,low_rank_residual,False,7.192713518165806e-07,9.04929809796661e-07,8.998169528687578e-07,1.0000059844927325,64,5.984456918572967e-06,,,,
2,late,M_B,M_A,same_depth_closing,whitened_cca,False,4.718003972515272e-15,4.878145526153779e-15,4.820433724197847e-15,1.0000000000000036,64,3.552713678800501e-15,,,,
2,late,M_A,M_C,same_depth_closing,orthogonal_procrustes,True,1.9872152554625214e-15,1.9767284851002902e-15,1.9555563551800966e-15,1.0000000000000016,64,1.4432899320127035e-15,3.8878469334186305e-15,2.6844362706106337e-15,2.4757247646209116e-15,2.9441382347833087e-15
2,late,M_A,M_C,same_depth_closing,ridge_linear,False,1.3467285894102018e-06,1.5251375501185923e-06,1.5152073154524933e-06,1.0000058464331478,64,5.846398160147537e-06,,,,
2,late,M_A,M_C,same_depth_closing,low_rank_residual,False,7.192713518165806e-07,9.04929809796661e-07,8.998169528687578e-07,1.0000059844927325,64,5.984456918572967e-06,,,,
2,late,M_A,M_C,same_depth_closing,whitened_cca,False,4.718003972515272e-15,4.878145526153779e-15,4.820433724197847e-15,1.0000000000000036,64,3.552713678800501e-15,,,,
2,late,M_C,M_A,same_depth_closing,orthogonal_procrustes,True,1.9872152554625214e-15,1.9767284851002902e-15,1.9555563551800966e-15,1.0000000000000016,64,1.4432899320127035e-15,3.8878469334186305e-15,2.6844362706106337e-15,2.4757247646209116e-15,2.9441382347833087e-15
2,late,M_C,M_A,same_depth_closing,ridge_linear,False,1.3467285894102018e-06,1.5251375501185923e-06,1.5152073154524933e-06,1.0000058464331478,64,5.846398160147537e-06,,,,
2,late,M_C,M_A,same_depth_closing,low_rank_residual,False,7.192713518165806e-07,9.04929809796661e-07,8.998169528687578e-07,1.0000059844927325,64,5.984456918572967e-06,,,,
2,late,M_C,M_A,same_depth_closing,whitened_cca,False,4.718003972515272e-15,4.878145526153779e-15,4.820433724197847e-15,1.0000000000000036,64,3.552713678800501e-15,,,,
2,late,M_B,M_C,same_depth_closing,orthogonal_procrustes,True,1.9872152554625214e-15,1.9767284851002902e-15,1.9555563551800966e-15,1.0000000000000016,64,1.4432899320127035e-15,3.8878469334186305e-15,2.6844362706106337e-15,2.4757247646209116e-15,2.9441382347833087e-15
2,late,M_B,M_C,same_depth_closing,ridge_linear,False,1.3467285894102018e-06,1.5251375501185923e-06,1.5152073154524933e-06,1.0000058464331478,64,5.846398160147537e-06,,,,
2,late,M_B,M_C,same_depth_closing,low_rank_residual,False,7.192713518165806e-07,9.04929809796661e-07,8.998169528687578e-07,1.0000059844927325,64,5.984456918572967e-06,,,,
2,late,M_B,M_C,same_depth_closing,whitened_cca,False,4.718003972515272e-15,4.878145526153779e-15,4.820433724197847e-15,1.0000000000000036,64,3.552713678800501e-15,,,,
2,late,M_C,M_B,same_depth_closing,orthogonal_procrustes,True,1.9872152554625214e-15,1.9767284851002902e-15,1.9555563551800966e-15,1.0000000000000016,64,1.4432899320127035e-15,3.8878469334186305e-15,2.6844362706106337e-15,2.4757247646209116e-15,2.9441382347833087e-15
2,late,M_C,M_B,same_depth_closing,ridge_linear,False,1.3467285894102018e-06,1.5251375501185923e-06,1.5152073154524933e-06,1.0000058464331478,64,5.846398160147537e-06,,,,
2,late,M_C,M_B,same_depth_closing,low_rank_residual,False,7.192713518165806e-07,9.04929809796661e-07,8.998169528687578e-07,1.0000059844927325,64,5.984456918572967e-06,,,,
2,late,M_C,M_B,same_depth_closing,whitened_cca,False,4.718003972515272e-15,4.878145526153779e-15,4.820433724197847e-15,1.0000000000000036,64,3.552713678800501e-15,,,,
2,adapter,M0,M_A,forward_lineage,orthogonal_procrustes,False,0.48891778811889886,0.5078600797903982,0.48743953575625426,1.0000000000000013,64,1.2212453270876722e-15,,,,
2,adapter,M0,M_A,forward_lineage,ridge_linear,True,0.4269378278726902,0.4588672761146531,0.4271151143153782,51389030760.33216,4,1.4127731304373303,0.9700874135094513,0.050934251591979285,0.03458903206194209,0.07760807975051721
2,adapter,M0,M_A,forward_lineage,low_rank_residual,False,0.48508896788953054,0.5024394521235469,0.48191664054331046,215256502.43303156,60,1.1165827712702803,,,,
2,adapter,M0,M_A,forward_lineage,whitened_cca,False,0.4396391007684598,0.4718839754886419,0.4353826618701296,2.4056493129686607,64,0.8870612637963327,,,,
2,adapter,M_A,M0,reverse_lineage,orthogonal_procrustes,False,0.6118342551979957,0.6311174671830946,0.6173009554473012,1.0000000000000016,64,1.4432899320127035e-15,,,,
2,adapter,M_A,M0,reverse_lineage,ridge_linear,True,0.4496214479293982,0.47546531719408824,0.45036974166258836,63263146326.31601,4,1.3111784740483958,0.970306923980014,0.054908698628597694,0.03875902573618101,0.07638184629957974
2,adapter,M_A,M0,reverse_lineage,low_rank_residual,False,0.6127775855156646,0.6293548398663167,0.6167255228501205,241655982.52757522,60,1.1638771178074865,,,,
2,adapter,M_A,M0,reverse_lineage,whitened_cca,False,0.4649841660160176,0.49869127194740165,0.4714291835456658,2.405649312968792,64,0.9259084269381082,,,,
2,adapter,M0,M_B,forward_lineage,orthogonal_procrustes,False,0.29670404763711894,0.31500928382998233,0.3071078436009582,1.0000000000000013,64,1.3322676295501878e-15,,,,
2,adapter,M0,M_B,forward_lineage,ridge_linear,True,0.28002150287937955,0.302527172284996,0.289480062574007,46538894013.491455,4,1.162487479442117,0.9684760872386932,0.03059684396155079,0.02262546778696694,0.04070280209898296
2,adapter,M0,M_B,forward_lineage,low_rank_residual,False,0.29960290957415175,0.31806375786415647,0.30768607302205986,233757851.94788706,60,1.0120151377173467,,,,
2,adapter,M0,M_B,forward_lineage,whitened_cca,False,0.2831106306370273,0.30583384216019416,0.29172950387535995,1.214830251345288,64,0.2148301492138721,,,,
2,adapter,M_B,M0,reverse_lineage,orthogonal_procrustes,False,0.3406186689597632,0.3614449689922101,0.35414928738091994,1.0000000000000013,64,1.2212453270876722e-15,,,,
2,adapter,M_B,M0,reverse_lineage,ridge_linear,True,0.2784775117050141,0.29982182896845583,0.2871244093906859,61625582030.13921,4,0.9027043111929047,0.9684876678282168,0.03443871711700754,0.02539410473220714,0.04639461704363731
2,adapter,M_B,M0,reverse_lineage,low_rank_residual,False,0.348066848115496,0.3686591189374752,0.35902137243211246,232790140.5464592,60,1.004075026523804,,,,
2,adapter,M_B,M0,reverse_lineage,whitened_cca,False,0.28151663649656905,0.3039561245363543,0.2914265319787021,1.214830251345311,64,0.17683981217860745,,,,
2,adapter,M0,M_C,forward_lineage,orthogonal_procrustes,False,0.31437987230129244,0.3303324620769559,0.32856819031974893,1.0000000000000009,64,8.881784197001252e-16,,,,
2,adapter,M0,M_C,forward_lineage,ridge_linear,True,0.30630456170248566,0.3206294329044472,0.32028764437918755,99404300804.2555,4,1.1622453215999347,0.9685745328233267,0.03290143165880425,0.023411522405778193,0.04753505749607757
2,adapter,M0,M_C,forward_lineage,low_rank_residual,False,0.3192581035063603,0.33238273783173683,0.33087099603287046,243195110.55865937,60,1.011278012925754,,,,
2,adapter,M0,M_C,forward_lineage,whitened_cca,False,0.31045914714416034,0.3233518980526275,0.3242168039460957,1.218950065490922,64,0.2189497803494691,,,,
2,adapter,M_C,M0,reverse_lineage,orthogonal_procrustes,False,0.3512982807644677,0.3746859450192731,0.3701673363995537,1.0000000000000013,64,1.3322676295501878e-15,,,,
2,adapter,M_C,M0,reverse_lineage,ridge_linear,True,0.30421769121046677,0.3180543712209243,0.31852557672928916,422951527914.94183,4,0.9316951052019193,0.9685946692152523,0.03552526598814034,0.027087734462123685,0.04798003563755896
2,adapter,M_C,M0,reverse_lineage,low_rank_residual,False,0.3588022880103773,0.37900864621169655,0.37479374976729707,233683294.55695316,60,1.0059615634841965,,,,
2,adapter,M_C,M0,reverse_lineage,whitened_cca,False,0.308327243737814,0.32538177953646047,0.3241621068626282,1.2189500654908878,64,0.17962208365323873,,,,
2,adapter,M_A,M_AB,forward_lineage,orthogonal_procrustes,False,0.4731765474268769,0.4953992385331993,0.4695299807521656,1.0000000000000013,64,1.2212453270876722e-15,,,,
2,adapter,M_A,M_AB,forward_lineage,ridge_linear,True,0.42214221319904177,0.44783470852659507,0.4219191326798131,73884425102.59444,4,1.3810215708374098,0.9695387692212943,0.0515608872423985,0.037483246625041315,0.07753150652013593
2,adapter,M_A,M_AB,forward_lineage,low_rank_residual,False,0.4754364386370938,0.4962887901362683,0.47078789721598974,201637060.4310417,60,1.1348140143328618,,,,
2,adapter,M_A,M_AB,forward_lineage,whitened_cca,False,0.43372805550906307,0.46423922285168917,0.43842688150156917,1.9429541371214238,64,0.7544481724650507,,,,
2,adapter,M_AB,M_A,reverse_lineage,orthogonal_procrustes,False,0.4439550450776307,0.4670926807093861,0.4368821861411723,1.0000000000000016,64,1.5543122344752192e-15,,,,
2,adapter,M_AB,M_A,reverse_lineage,ridge_linear,True,0.41112910060809305,0.44067228766620187,0.4154407297672275,79875247979.51141,4,1.1865468250809186,0.9693976786645234,0.055118903844331185,0.03868842509202614,0.08753847282554052
2,adapter,M_AB,M_A,reverse_lineage,low_rank_residual,False,0.4479324512002092,0.4695348775355552,0.43982716136189354,176974785.946963,60,1.0234620883587104,,,,
2,adapter,M_AB,M_A,reverse_lineage,whitened_cca,False,0.4218752319295008,0.4529685180142299,0.42244314294551893,1.942954137121409,64,0.6065815274405117,,,,
2,adapter,M_A,M_AC,forward_lineage,orthogonal_procrustes,False,0.5104232056816813,0.529049910563294,0.5198695406840697,1.0000000000000016,64,1.4432899320127035e-15,,,,
2,adapter,M_A,M_AC,forward_lineage,ridge_linear,True,0.44022130607550525,0.4739331202950406,0.4506749578752874,1275223971008.782,4,1.2752239710082924,0.9702538890038802,0.056341060026803,0.04092277241314422,0.0792517066463116
2,adapter,M_A,M_AC,forward_lineage,low_rank_residual,False,0.5142412655944415,0.5322236730242802,0.5240453731593888,196240162.87384042,60,1.1281576836931742,,,,
2,adapter,M_A,M_AC,forward_lineage,whitened_cca,False,0.45555631343455916,0.4897030758617429,0.4706360876243249,1.982856934615495,64,0.7611937910099896,,,,
2,adapter,M_AC,M_A,reverse_lineage,orthogonal_procrustes,False,0.45901046309397936,0.4855213616298937,0.464746609936243,1.0000000000000009,64,7.771561172376096e-16,,,,
2,adapter,M_AC,M_A,reverse_lineage,ridge_linear,True,0.42760706606666876,0.459899416609348,0.4414767460768242,87936989487.27481,4,1.220731330871593,0.970119853309586,0.05388775293797127,0.03792575119942409,0.07900935509807809
2,adapter,M_AC,M_A,reverse_lineage,low_rank_residual,False,0.4620434209782496,0.48787985648224735,0.46806465706938916,191445895.71171308,60,1.0508732665885527,,,,
2,adapter,M_AC,M_A,reverse_lineage,whitened_cca,False,0.44160517241862496,0.48305423482906706,0.45287781782607256,1.9828569346154779,64,0.6400206621551077,,,,
2,adapter,M_B,M_BA,forward_lineage,orthogonal_procrustes,False,0.4355774851714032,0.4572233230629526,0.43167537588549054,1.000000000000001,64,9.992007221626409e-16,,,,
2,adapter,M_B,M_BA,forward_lineage,ridge_linear,True,0.3901499299932299,0.4198428652059692,0.3950573849641802,97983661531.58286,4,1.229448034019191,0.9693659160030427,0.047363226498218836,0.03615558100159167,0.06680065477728143
2,adapter,M_B,M_BA,forward_lineage,low_rank_residual,False,0.43942276950445436,0.4588922229409042,0.4337331239502602,181021292.8480672,60,1.0380570267233586,,,,
2,adapter,M_B,M_BA,forward_lineage,whitened_cca,False,0.39923030849548363,0.4295885980249703,0.40271597163577555,1.9653673558827567,64,0.6413924123961464,,,,
2,adapter,M_BA,M_B,reverse_lineage,orthogonal_procrustes,False,0.4922190533981249,0.5133971128002665,0.48982151465546914,1.000000000000001,64,1.1102230246251565e-15,,,,
2,adapter,M_BA,M_B,reverse_lineage,ridge_linear,True,0.40811469198168765,0.43452743890633033,0.4143340551330169,63184041671.296814,4,1.2932528949931574,0.9694453300342614,0.04864341995010691,0.03682752486757466,0.06396343354084329
2,adapter,M_BA,M_B,reverse_lineage,low_rank_residual,False,0.49610048895160175,0.5149790136140119,0.49211041724347065,194391501.10604122,60,1.0850061649070528,,,,
2,adapter,M_BA,M_B,reverse_lineage,whitened_cca,False,0.4188293181804197,0.45030582175795153,0.42972043532005916,1.965367355883019,64,0.7392948173290486,,,,
2,adapter,M_B,M_BC,forward_lineage,orthogonal_procrustes,False,0.32973889857707694,0.3389248133309199,0.33900007139697,1.000000000000001,64,9.992007221626409e-16,,,,
2,adapter,M_B,M_BC,forward_lineage,ridge_linear,True,0.3204667027349001,0.33598779806027756,0.33239621507052497,40139427803.84023,4,1.0489500612419158,0.9686410573191796,0.03932076824394543,0.030006485136737572,0.05446209650340154
2,adapter,M_B,M_BC,forward_lineage,low_rank_residual,False,0.3328860927890629,0.340587441268285,0.3408838560963534,192615375.58565906,60,1.0075824951287284,,,,
2,adapter,M_B,M_BC,forward_lineage,whitened_cca,False,0.3250844083332477,0.3382481828934407,0.3374640195661716,1.216118036776236,64,0.19955900099826562,,,,
2,adapter,M_BC,M_B,reverse_lineage,orthogonal_procrustes,False,0.329594364751978,0.34379169788851993,0.33892689594945485,1.000000000000001,64,1.1102230246251565e-15,,,,
2,adapter,M_BC,M_B,reverse_lineage,ridge_linear,True,0.3185649790371655,0.3322926682834693,0.3295570668950414,46060391990.053345,4,1.042795349172315,0.9686423409984287,0.038177086454702205,0.02762053092367536,0.05544834328671518
2,adapter,M_BC,M_B,reverse_lineage,low_rank_residual,False,0.3328214551247466,0.34548209218381826,0.34080011979097796,203709073.42371178,60,1.0054270642960244,,,,
2,adapter,M_BC,M_B,reverse_lineage,whitened_cca,False,0.3231099627284433,0.3411109058442159,0.3349201442568287,1.2161180367761235,64,0.1924575604939407,,,,
2,adapter,M_C,M_CA,forward_lineage,orthogonal_procrustes,False,0.47233375728461535,0.49347226666755284,0.47289676481907067,1.0000000000000013,64,1.3322676295501878e-15,,,,
2,adapter,M_C,M_CA,forward_lineage,ridge_linear,True,0.4140435726534291,0.44604704962318403,0.4200954000125223,22716332515.459404,4,1.242121632794341,0.9713328952225311,0.04823574396021844,0.03691101691545487,0.061686255305150706
2,adapter,M_C,M_CA,forward_lineage,low_rank_residual,False,0.47520426419129097,0.49449340813035764,0.4745655320740662,185307669.7444579,60,1.0597025705396141,,,,
2,adapter,M_C,M_CA,forward_lineage,whitened_cca,False,0.42904366672081123,0.46955717081200643,0.4354708737988908,2.2753930949927574,64,0.7499509209307819,,,,
2,adapter,M_CA,M_C,reverse_lineage,orthogonal_procrustes,False,0.5466859524523545,0.5563643231829105,0.5453713269634082,1.000000000000001,64,1.1102230246251565e-15,,,,
2,adapter,M_CA,M_C,reverse_lineage,ridge_linear,True,0.4491513275741012,0.47740987246920846,0.4557848293615596,20623228807.910347,4,1.260975694299764,0.9719809385505284,0.05549190453787922,0.04020327572136645,0.07858353716582032
2,adapter,M_CA,M_C,reverse_lineage,low_rank_residual,False,0.5555755916237569,0.5630069410526389,0.5535481093829544,206442670.62020344,60,1.1450712746230622,,,,
2,adapter,M_CA,M_C,reverse_lineage,whitened_cca,False,0.46996102535426726,0.5007070787540333,0.4823894313695429,2.2753930949926686,64,0.953232506968535,,,,
2,adapter,M_C,M_CB,forward_lineage,orthogonal_procrustes,False,0.3247515200367035,0.33985655682939175,0.33764459745443726,1.0000000000000013,64,1.3322676295501878e-15,,,,
2,adapter,M_C,M_CB,forward_lineage,ridge_linear,True,0.32079374574642217,0.3362397246934514,0.33459939386200016,111035323657.85324,4,1.0690300141575355,0.9685805643671342,0.03764281611304046,0.02636648139147335,0.05066504734572282
2,adapter,M_C,M_CB,forward_lineage,low_rank_residual,False,0.32869240617214107,0.34393864673706676,0.34029465362358763,185553123.57137704,60,1.0058620022185665,,,,
2,adapter,M_C,M_CB,forward_lineage,whitened_cca,False,0.32532067345854726,0.3443747533186204,0.340503591442585,1.2132069352036792,64,0.19628833134395574,,,,
2,adapter,M_CB,M_C,reverse_lineage,orthogonal_procrustes,False,0.3384289374734382,0.3489230198033529,0.35150231023514134,1.000000000000001,64,9.992007221626409e-16,,,,
2,adapter,M_CB,M_C,reverse_lineage,ridge_linear,True,0.3201211534536834,0.33579291934118977,0.3354543054890836,176340183731.15912,4,1.0540341674464784,0.9685815018908025,0.04013444695552684,0.030631226102652762,0.05303549198054418
2,adapter,M_CB,M_C,reverse_lineage,low_rank_residual,False,0.3429927036370796,0.35334807889493236,0.3547729407394883,178044622.1991706,60,1.0091718719984861,,,,
2,adapter,M_CB,M_C,reverse_lineage,whitened_cca,False,0.3246330396975514,0.3383766552883131,0.33994016827197354,1.2132069352037118,64,0.19088565272001878,,,,
2,adapter,M_AB,M_ABC,forward_lineage,orthogonal_procrustes,False,0.32653346170315567,0.33798544534830244,0.3396116726151498,1.0000000000000016,64,1.4432899320127035e-15,,,,
2,adapter,M_AB,M_ABC,forward_lineage,ridge_linear,True,0.3188322140169504,0.33591101240573257,0.33318989493305445,187748197332.8625,4,1.0490801040622417,0.9687007852859659,0.04271670328279563,0.02968668455117393,0.06397361118370665
2,adapter,M_AB,M_ABC,forward_lineage,low_rank_residual,False,0.33014832921200815,0.34086465483869455,0.34214347748933166,197662934.10478452,60,1.017401134464727,,,,
2,adapter,M_AB,M_ABC,forward_lineage,whitened_cca,False,0.323558458333452,0.33890006764899233,0.3395032317016844,1.2180648979367052,64,0.20438810973334387,,,,
2,adapter,M_ABC,M_AB,reverse_lineage,orthogonal_procrustes,False,0.3275662596633589,0.34426007946612625,0.33981700818110905,1.0000000000000016,64,1.4432899320127035e-15,,,,
2,adapter,M_ABC,M_AB,reverse_lineage,ridge_linear,True,0.3163545592129475,0.332265069608701,0.3309166369777337,45895206499.05741,4,1.0284576249207547,0.9687089782542647,0.04109645273820257,0.03178463600971865,0.057425216309145405
2,adapter,M_ABC,M_AB,reverse_lineage,low_rank_residual,False,0.33135019241366526,0.34727526280460014,0.34232871638551576,198224781.73806074,60,1.0077978097083018,,,,
2,adapter,M_ABC,M_AB,reverse_lineage,whitened_cca,False,0.32094856359232865,0.34084024044671163,0.33548701582503,1.2180648979361373,64,0.19100532276912308,,,,
2,adapter,M_AC,M_ACB,forward_lineage,orthogonal_procrustes,False,0.32629756807516697,0.3384553449459311,0.33827021616608344,1.0000000000000013,64,1.2212453270876722e-15,,,,
2,adapter,M_AC,M_ACB,forward_lineage,ridge_linear,True,0.3223407233291644,0.3355468799369052,0.33449020974282706,27365223796.20672,4,1.1044042895401571,0.9685773154303775,0.039224661719015924,0.028915034774445524,0.052771488421385196
2,adapter,M_AC,M_ACB,forward_lineage,low_rank_residual,False,0.32946586135881706,0.3416224295120309,0.3402365500210905,227864981.9411665,60,1.0065812969332777,,,,
2,adapter,M_AC,M_ACB,forward_lineage,whitened_cca,False,0.326982423571988,0.3433068583261189,0.3401783946721046,1.2239997664043356,64,0.2130689829456599,,,,
2,adapter,M_ACB,M_AC,reverse_lineage,orthogonal_procrustes,False,0.34528327053708907,0.35311265708486067,0.3577594380219197,1.000000000000001,64,9.992007221626409e-16,,,,
2,adapter,M_ACB,M_AC,reverse_lineage,ridge_linear,True,0.32245447931405957,0.33486234362149314,0.33579996112338806,17365385734.174473,4,1.0115624401897458,0.9685901787502783,0.04176353299736228,0.030627101396083437,0.05659710818892401
2,adapter,M_ACB,M_AC,reverse_lineage,low_rank_residual,False,0.34968641591784433,0.35717736373946807,0.36085654414221924,218768224.1044134,60,1.008102014418897,,,,
2,adapter,M_ACB,M_AC,reverse_lineage,whitened_cca,False,0.32710834962669,0.3380462197527066,0.3407044485740907,1.2239997664031212,64,0.19239490333013465,,,,
2,adapter,M_BA,M_BAC,forward_lineage,orthogonal_procrustes,False,0.4985941490855256,0.5166868771020264,0.5082050336739407,1.0000000000000009,64,7.771561172376096e-16,,,,
2,adapter,M_BA,M_BAC,forward_lineage,ridge_linear,True,0.427884189947493,0.4593698989036485,0.438406079304873,88683635198.80264,4,1.1368019437443606,0.970255707170991,0.05727602867029415,0.04321997898150271,0.08109426003198716
2,adapter,M_BA,M_BAC,forward_lineage,low_rank_residual,False,0.5042747004355641,0.5205733852636182,0.5133019128927907,189774825.52396956,60,1.050106041554098,,,,
2,adapter,M_BA,M_BAC,forward_lineage,whitened_cca,False,0.44250703091564153,0.4739898448414301,0.4571401821762583,1.805036160864041,64,0.6129668635340173,,,,
2,adapter,M_BAC,M_BA,reverse_lineage,orthogonal_procrustes,False,0.44275749342634585,0.46681775381392193,0.44832944520577633,1.0000000000000016,64,1.4432899320127035e-15,,,,
2,adapter,M_BAC,M_BA,reverse_lineage,ridge_linear,True,0.4117149395052865,0.44213624283325503,0.42423302629746695,446307672735.60205,4,1.2456908875815922,0.9700878206847706,0.051078354984048994,0.03811571131984259,0.07123878759517943
2,adapter,M_BAC,M_BA,reverse_lineage,low_rank_residual,False,0.445345897614102,0.46808104744057055,0.45037134176675375,190673996.0190567,60,1.0386070012794153,,,,
2,adapter,M_BAC,M_BA,reverse_lineage,whitened_cca,False,0.4246410804358978,0.4624370210273762,0.4348206805425147,1.8050361608635952,64,0.5857440327216578,,,,
2,adapter,M_BC,M_BCA,forward_lineage,orthogonal_procrustes,False,0.46318958401531535,0.4842890644740041,0.4645011176649485,1.000000000000001,64,1.1102230246251565e-15,,,,
2,adapter,M_BC,M_BCA,forward_lineage,ridge_linear,True,0.4042828619746812,0.43686600588707764,0.41235778768638326,19301319906.474533,4,1.2672512973685064,0.9709672728045009,0.049509005999546524,0.03794562492082049,0.06923819408832911
2,adapter,M_BC,M_BCA,forward_lineage,low_rank_residual,False,0.467421606408873,0.48673339489240364,0.46695657399141344,174460187.38792622,60,1.048598230351858,,,,
2,adapter,M_BC,M_BCA,forward_lineage,whitened_cca,False,0.41796495440703463,0.4596399150247665,0.4261530583821693,2.295390215090626,64,0.7613655852398434,,,,
2,adapter,M_BCA,M_BC,reverse_lineage,orthogonal_procrustes,False,0.5303913741027898,0.540125948122927,0.5311596037407811,1.0000000000000013,64,1.2212453270876722e-15,,,,
2,adapter,M_BCA,M_BC,reverse_lineage,ridge_linear,True,0.4380349446713363,0.46832472501341,0.4473640962440029,17678373703.486763,4,1.2869197773445762,0.9714701236379745,0.05395848202168076,0.037352513008855844,0.08137521933783148
2,adapter,M_BCA,M_BC,reverse_lineage,low_rank_residual,False,0.5382173877001142,0.5461481824312377,0.5378271629670709,193964664.22503895,60,1.1404164356107165,,,,
2,adapter,M_BCA,M_BC,reverse_lineage,whitened_cca,False,0.45687958673201534,0.4888275451915969,0.47241408145302466,2.295390215091345,64,0.9601773483333741,,,,
2,adapter,M_CA,M_CAB,forward_lineage,orthogonal_procrustes,False,0.47544270786438575,0.4919606835092069,0.472064273799458,1.0000000000000013,64,1.3322676295501878e-15,,,,
2,adapter,M_CA,M_CAB,forward_lineage,ridge_linear,True,0.42285892847913065,0.442190362273335,0.42230491649865004,1228757850539.9717,4,1.2287578505398478,0.9697341552267978,0.05838881939048349,0.04373559457242279,0.08181165548304054
2,adapter,M_CA,M_CAB,forward_lineage,low_rank_residual,False,0.4851887930033068,0.498815403156217,0.4794065515145732,188738792.2853285,60,1.055129288379683,,,,
2,adapter,M_CA,M_CAB,forward_lineage,whitened_cca,False,0.43474902446592656,0.45809803965420254,0.43733669855752094,1.7148090222978365,64,0.5931412967567693,,,,
2,adapter,M_CAB,M_CA,reverse_lineage,orthogonal_procrustes,False,0.4369865563844507,0.4564293783007903,0.43335691952989125,1.0000000000000016,64,1.4432899320127035e-15,,,,
2,adapter,M_CAB,M_CA,reverse_lineage,ridge_linear,True,0.41035505438706465,0.43636672529646947,0.4138917964710262,150388017863.95752,4,1.1394380339601147,0.9695714332571086,0.05576843100505476,0.04160781739995604,0.07730832940033334
2,adapter,M_CAB,M_CA,reverse_lineage,low_rank_residual,False,0.4442333723502992,0.46147953087275895,0.43855956470136503,187388538.61038655,60,1.0222883924663118,,,,
2,adapter,M_CAB,M_CA,reverse_lineage,whitened_cca,False,0.42118043290732,0.4484926068243375,0.4226873406181384,1.7148090222982961,64,0.502349678760799,,,,
2,adapter,M_CB,M_CBA,forward_lineage,orthogonal_procrustes,False,0.4353673323646627,0.4564887039523002,0.43062752581540426,1.0000000000000018,64,1.7763568394002505e-15,,,,
2,adapter,M_CB,M_CBA,forward_lineage,ridge_linear,True,0.3871175595792315,0.4159792652586393,0.3916219865378686,67810726648.31271,4,1.2190545486174984,0.9694450981976364,0.046627351119209993,0.03678004567160849,0.06436660783841916
2,adapter,M_CB,M_CBA,forward_lineage,low_rank_residual,False,0.43860193406449693,0.45728452638446665,0.4323261917570983,190973501.42369264,60,1.0489037772970498,,,,
2,adapter,M_CB,M_CBA,forward_lineage,whitened_cca,False,0.39613881183187294,0.4263718592648016,0.39886811921239534,2.012879394754142,64,0.6505621983459294,,,,
2,adapter,M_CBA,M_CB,reverse_lineage,orthogonal_procrustes,False,0.48942658173368164,0.5089437272661687,0.4854872628005965,1.0000000000000013,64,1.3322676295501878e-15,,,,
2,adapter,M_CBA,M_CB,reverse_lineage,ridge_linear,True,0.40907384739467584,0.4354638782929314,0.41389576213452384,86539502559.22795,4,1.3193692738014657,0.9695636903684228,0.04944870008547362,0.03852916937848035,0.06752291367994931
2,adapter,M_CBA,M_CB,reverse_lineage,low_rank_residual,False,0.4933884347609116,0.5105382827652758,0.4882735574247493,195580333.27511948,60,1.1095160815820855,,,,
2,adapter,M_CBA,M_CB,reverse_lineage,whitened_cca,False,0.42010223275862224,0.4515722881649124,0.43053425304225107,2.012879394753878,64,0.7834456867318866,,,,
2,adapter,M_AB,M_B,loop_closing,orthogonal_procrustes,False,0.11238843071961238,0.11601314430579188,0.11179928309032895,1.0000000000000016,64,1.5543122344752192e-15,,,,
2,adapter,M_AB,M_B,loop_closing,ridge_linear,True,0.09936556277827024,0.10611412445712541,0.1008805791849148,21420284399.795036,4,1.096014283706509,0.9682737222144742,0.012061623721279134,0.008796200948838179,0.018453356307235515
2,adapter,M_AB,M_B,loop_closing,low_rank_residual,False,0.11652449425669899,0.11793920303550982,0.11385030229564877,202896581.95948032,60,1.0423526136322097,,,,
2,adapter,M_AB,M_B,loop_closing,whitened_cca,False,0.09969898990974273,0.10675108802351647,0.10125065062997654,1.191993899478106,64,0.18048443927345548,,,,
2,adapter,M_B,M_AB,loop_closing,orthogonal_procrustes,False,0.10988865276910743,0.1136088536165735,0.10941006506596575,1.0000000000000013,64,1.3322676295501878e-15,,,,
2,adapter,M_B,M_AB,loop_closing,ridge_linear,True,0.09403557351955859,0.10111906589169856,0.09567305766261547,16777338582.15101,4,1.0616962041853681,0.9682729447348363,0.01149644109252628,0.008333294695428754,0.015325815606515693
2,adapter,M_B,M_AB,loop_closing,low_rank_residual,False,0.11686913087856175,0.11810789810506932,0.11429311338244824,197674205.19013062,60,1.0227892911209147,,,,
2,adapter,M_B,M_AB,loop_closing,whitened_cca,False,0.09432731813238071,0.10121024628131851,0.09590056359323289,1.191993899478006,64,0.1713409070110079,,,,
2,adapter,M_AC,M_C,loop_closing,orthogonal_procrustes,False,0.14258112670925654,0.14684540215805164,0.1446716056986237,1.000000000000002,64,1.9984014443252818e-15,,,,
2,adapter,M_AC,M_C,loop_closing,ridge_linear,True,0.1216251802157433,0.12742349199014422,0.12703121556967642,28780949807.674747,4,1.1633028526548805,0.9682755826273569,0.013585228391588483,0.009648061310490478,0.018913413767760623
2,adapter,M_AC,M_C,loop_closing,low_rank_residual,False,0.14645382202362883,0.1480902095276248,0.14732557257045803,191954378.82120183,60,1.0530003897278306,,,,
2,adapter,M_AC,M_C,loop_closing,whitened_cca,False,0.12203851996934656,0.12801053282143024,0.1275783906535679,1.2736705593795166,64,0.2551254479421856,,,,
2,adapter,M_C,M_AC,loop_closing,orthogonal_procrustes,False,0.14157716406617352,0.14604903116711548,0.1439652992704134,1.000000000000002,64,1.887379141862766e-15,,,,
2,adapter,M_C,M_AC,loop_closing,ridge_linear,True,0.11490361378874535,0.1208619824147209,0.12040380910031118,32958010693.465267,4,1.0690201496300389,0.9682754156310552,0.013111794814597686,0.010022736534352646,0.0176901090311701
2,adapter,M_C,M_AC,loop_closing,low_rank_residual,False,0.15040702265805478,0.1514981746903807,0.15088699072859782,189790290.2212137,60,1.02753321507607,,,,
2,adapter,M_C,M_AC,loop_closing,whitened_cca,False,0.11525193612815593,0.12112384301983345,0.12075254918369813,1.2736705593795252,64,0.23048638119480835,,,,
2,adapter,M_BC,M_C,loop_closing,orthogonal_procrustes,False,0.09150046190693979,0.09270943032961115,0.09075764922354707,1.0000000000000009,64,8.881784197001252e-16,,,,
2,adapter,M_BC,M_C,loop_closing,ridge_linear,True,0.08271243350222587,0.08493411012783066,0.08421739682769674,8602522509.167578,4,1.0015397870287588,0.9682485627915131,0.00972565317089765,0.007411363951792473,0.01279878099297276
2,adapter,M_BC,M_C,loop_closing,low_rank_residual,False,0.09604417130367351,0.09660579285692768,0.09424762475910511,210268880.1651183,60,1.0040129238360398,,,,
2,adapter,M_BC,M_C,loop_closing,whitened_cca,False,0.0828052291328097,0.08518573438836129,0.08431301942937941,1.0660953965021105,64,0.06249438297421017,,,,
2,adapter,M_C,M_BC,loop_closing,orthogonal_procrustes,False,0.08910252397719208,0.09035021918960343,0.08868580416322609,1.0000000000000013,64,1.3322676295501878e-15,,,,
2,adapter,M_C,M_BC,loop_closing,ridge_linear,False,0.08218695531649257,0.08497436980889181,0.08398015092629837,9476428211.436567,4,1.055531105373324,,,,
2,adapter,M_C,M_BC,loop_closing,low_rank_residual,False,0.09152799141588858,0.0923784529915968,0.09039462316184542,213528662.8077055,60,1.0055831146746852,,,,
2,adapter,M_C,M_BC,loop_closing,whitened_cca,True,0.08227776744537883,0.08489892735522714,0.08407827890084699,1.066095396502054,64,0.06557002842548099,0.9682484702397256,0.899289479812702,0.8525410526079937,0.9389373138933841
2,adapter,M_ABC,M_BAC,same_depth_closing,orthogonal_procrustes,False,0.12449697211242264,0.1273204964867327,0.12385706190114917,1.000000000000001,64,1.1102230246251565e-15,,,,
2,adapter,M_ABC,M_BAC,same_depth_closing,ridge_linear,True,0.11074511447199624,0.11437728211694832,0.11297057822767616,1030355888571.1937,4,1.0303558885710016,0.968265327583603,0.013882944681125466,0.010885667601835418,0.018225723789001936
2,adapter,M_ABC,M_BAC,same_depth_closing,low_rank_residual,False,0.13163342665571356,0.13283247135239054,0.12989876553971347,174946032.57447055,60,1.0325021255736568,,,,
2,adapter,M_ABC,M_BAC,same_depth_closing,whitened_cca,False,0.11099549240291702,0.1147238595795483,0.11307872793806338,1.1632921768494113,64,0.14594133780669472,,,,
2,adapter,M_BAC,M_ABC,same_depth_closing,orthogonal_procrustes,False,0.12176719494150665,0.12418227644745211,0.12125939860699377,1.0000000000000016,64,1.4432899320127035e-15,,,,
2,adapter,M_BAC,M_ABC,same_depth_closing,ridge_linear,True,0.11272963725632638,0.1163730398158314,0.11488622022454766,112003250745.85893,4,1.1059155664457947,0.9682642021769775,0.013412580541396067,0.010356758373463134,0.017708584798008624
2,adapter,M_BAC,M_ABC,same_depth_closing,low_rank_residual,False,0.1263411372046103,0.12764365333938027,0.12560094862491972,177414292.00514197,60,1.0347159558552286,,,,
2,adapter,M_BAC,M_ABC,same_depth_closing,whitened_cca,False,0.112991356618119,0.1165637544234356,0.11535407016663538,1.1632921768493685,64,0.15705928891248377,,,,
2,adapter,M_ABC,M_ACB,same_depth_closing,orthogonal_procrustes,False,0.3115109384962149,0.32927317373357756,0.3236440338783515,1.0000000000000013,64,1.2212453270876722e-15,,,,
2,adapter,M_ABC,M_ACB,same_depth_closing,ridge_linear,True,0.30582078358119413,0.32355971626458496,0.3189354778853002,83099980161.26566,4,1.0315571876462875,0.9686004404046077,0.04045077367670917,0.030429598232330157,0.05619856490873496
2,adapter,M_ABC,M_ACB,same_depth_closing,low_rank_residual,False,0.3164352914831679,0.3342640999318417,0.3278805223119569,185778472.98222953,60,1.010391917042244,,,,
2,adapter,M_ABC,M_ACB,same_depth_closing,whitened_cca,False,0.30987499784023503,0.33097772096285777,0.3228898578891076,1.1518930741675963,64,0.14122608606800513,,,,
2,adapter,M_ACB,M_ABC,same_depth_closing,orthogonal_procrustes,False,0.31494877369577795,0.3282793474298217,0.32866487329765287,1.000000000000001,64,1.1102230246251565e-15,,,,
2,adapter,M_ACB,M_ABC,same_depth_closing,ridge_linear,True,0.3063750695001273,0.32415294798291644,0.3201857861004122,160812402479.40482,4,1.0212442949089298,0.9686072597618319,0.03998110699629593,0.031122549384566333,0.05645406037999058
2,adapter,M_ACB,M_ABC,same_depth_closing,low_rank_residual,False,0.3200065242483153,0.33321923268771203,0.3333143384754843,176304238.32235378,60,1.0169160051241137,,,,
2,adapter,M_ACB,M_ABC,same_depth_closing,whitened_cca,False,0.31045909011485734,0.32665734849834044,0.325476963401478,1.151893074167426,64,0.14182371374117664,,,,
2,adapter,M_ACB,M_CAB,same_depth_closing,orthogonal_procrustes,False,0.09697571010517478,0.10213916855790198,0.10012347924916341,1.0000000000000013,64,1.3322676295501878e-15,,,,
2,adapter,M_ACB,M_CAB,same_depth_closing,ridge_linear,True,0.08796809986976277,0.0937205369964701,0.09140078871725027,37991313575.71984,4,1.0545085871518765,0.9682735757673553,0.011055739910393563,0.008634408165156692,0.015875662181551144
2,adapter,M_ACB,M_CAB,same_depth_closing,low_rank_residual,False,0.10953678415614407,0.11372468848482509,0.11157619754630635,172016661.30645475,60,1.020162749440363,,,,
2,adapter,M_ACB,M_CAB,same_depth_closing,whitened_cca,False,0.08822789880540935,0.09378792733532539,0.09162565950150403,1.1930084475700127,64,0.1716482062186303,,,,
2,adapter,M_CAB,M_ACB,same_depth_closing,orthogonal_procrustes,False,0.0968035423660304,0.10184939526295268,0.09973639727539435,1.0000000000000016,64,1.5543122344752192e-15,,,,
2,adapter,M_CAB,M_ACB,same_depth_closing,ridge_linear,True,0.09105309618856183,0.09636304660787902,0.0945611713481432,84421673763.40636,4,1.0971265402733719,0.9682736341512549,0.01198668746861574,0.008997009150359055,0.0171703447905488
2,adapter,M_CAB,M_ACB,same_depth_closing,low_rank_residual,False,0.1043394743280873,0.10881033493141853,0.10608990187585483,176139792.22311798,60,1.046302085212904,,,,
2,adapter,M_CAB,M_ACB,same_depth_closing,whitened_cca,False,0.09134998223111368,0.09696029382428706,0.09497890075959005,1.1930084475700136,64,0.18191555971751505,,,,
2,adapter,M_BAC,M_BCA,same_depth_closing,orthogonal_procrustes,False,0.4044562225729245,0.4262822679846594,0.4112455361170966,1.0000000000000016,64,1.4432899320127035e-15,,,,
2,adapter,M_BAC,M_BCA,same_depth_closing,ridge_linear,True,0.37087889631418364,0.4018740286327392,0.3825543810417223,30855998885.32411,4,1.2251978407326474,0.9699229812986893,0.04570105123518497,0.03448872644085973,0.06059934983913181
2,adapter,M_BAC,M_BCA,same_depth_closing,low_rank_residual,False,0.4075442387858784,0.4289155446700012,0.41413905815879515,165141078.21926114,60,1.0527849078888345,,,,
2,adapter,M_BAC,M_BCA,same_depth_closing,whitened_cca,False,0.3809992079248954,0.4194187763512576,0.3914497906024851,1.8625187548374658,64,0.5884599529385711,,,,
2,adapter,M_BCA,M_BAC,same_depth_closing,orthogonal_procrustes,False,0.46132505691877723,0.47537319208783,0.469685155431738,1.000000000000001,64,1.1102230246251565e-15,,,,
2,adapter,M_BCA,M_BAC,same_depth_closing,ridge_linear,True,0.38324863213889027,0.4135062446287038,0.3935363327359179,40007491116.32719,4,1.226858882000457,0.9701147361534848,0.04925369818504025,0.03588591231225185,0.07276600246728022
2,adapter,M_BCA,M_BAC,same_depth_closing,low_rank_residual,False,0.4671206067377863,0.4802929685932558,0.475487264506697,192587593.4479691,60,1.1232377582989452,,,,
2,adapter,M_BCA,M_BAC,same_depth_closing,whitened_cca,False,0.394738545758089,0.424450196455741,0.40845400232815643,1.8625187548372533,64,0.6787651360447521,,,,
2,adapter,M_BCA,M_CBA,same_depth_closing,orthogonal_procrustes,False,0.15048580534023617,0.15807757723091195,0.15436817422405885,1.000000000000001,64,1.1102230246251565e-15,,,,
2,adapter,M_BCA,M_CBA,same_depth_closing,ridge_linear,True,0.14545994305849128,0.15566330829739686,0.14948651515734482,25714830513.69841,4,1.05793114416051,0.9683132172750658,0.023155794769587817,0.016980977252527417,0.035629535766130566
2,adapter,M_BCA,M_CBA,same_depth_closing,low_rank_residual,False,0.15399947201430422,0.1612304105682514,0.15678114832750173,146136520.63793385,60,1.0278873620901072,,,,
2,adapter,M_BCA,M_CBA,same_depth_closing,whitened_cca,False,0.14598416178571053,0.1560412573119516,0.14961138527516152,1.134843251041562,64,0.12886080495191354,,,,
2,adapter,M_CBA,M_BCA,same_depth_closing,orthogonal_procrustes,False,0.14992449721482817,0.15810983673002318,0.15482275633397063,1.0000000000000013,64,1.2212453270876722e-15,,,,
2,adapter,M_CBA,M_BCA,same_depth_closing,ridge_linear,True,0.14541815714991976,0.1558359806892348,0.14961794568226208,27162036690.9613,4,1.0347607651995685,0.9683129310404501,0.0235494696429145,0.01778611682256017,0.032147294540944435
2,adapter,M_CBA,M_BCA,same_depth_closing,low_rank_residual,False,0.15301488470015603,0.1612097681770352,0.15725591977380626,152539572.80568153,60,1.017913371135476,,,,
2,adapter,M_CBA,M_BCA,same_depth_closing,whitened_cca,False,0.14593145642587937,0.15670033575695289,0.15057578710464523,1.134843251041612,64,0.12433737956761637,,,,
2,adapter,M_CAB,M_CBA,same_depth_closing,orthogonal_procrustes,False,0.40657936688477936,0.42507829533957203,0.39925379762599267,1.0000000000000013,64,1.2212453270876722e-15,,,,
2,adapter,M_CAB,M_CBA,same_depth_closing,ridge_linear,True,0.375078519034075,0.4003634866923349,0.3766107198029069,30262558380.155083,4,1.197474523637277,0.9690968252794486,0.04694410065775338,0.03671358370072015,0.067441121368877
2,adapter,M_CAB,M_CBA,same_depth_closing,low_rank_residual,False,0.409215894775196,0.42562693100445714,0.4012891674188882,189447407.83530608,60,1.0503193364541952,,,,
2,adapter,M_CAB,M_CBA,same_depth_closing,whitened_cca,False,0.3834056924031182,0.40961161570194415,0.38287142868976726,1.7264240515941707,64,0.5314368536744144,,,,
2,adapter,M_CBA,M_CAB,same_depth_closing,orthogonal_procrustes,False,0.44774890526967076,0.4651605909385809,0.4426117392913258,1.0000000000000016,64,1.4432899320127035e-15,,,,
2,adapter,M_CBA,M_CAB,same_depth_closing,ridge_linear,True,0.3865630909171516,0.40905693458809644,0.3880481862277208,32228551803.523964,4,1.236759575155983,0.969158319605119,0.04999765639518773,0.03837490852650752,0.0728305407525701
2,adapter,M_CBA,M_CAB,same_depth_closing,low_rank_residual,False,0.4520643683063282,0.46722206910663333,0.44681615814345627,196492699.0776582,60,1.0852315350083035,,,,
2,adapter,M_CBA,M_CAB,same_depth_closing,whitened_cca,False,0.3956227700887146,0.42095275885891914,0.4003750185321219,1.7264240515943292,64,0.5751502119157529,,,,
2,adapter,M_AB,M_BA,same_depth_closing,orthogonal_procrustes,False,0.4100639111953586,0.4288805018437377,0.4039453882655842,1.0000000000000013,64,1.3322676295501878e-15,,,,
2,adapter,M_AB,M_BA,same_depth_closing,ridge_linear,True,0.3759311094223359,0.40063024656032814,0.37877955251899664,1233975095311.8882,4,1.2339750953109057,0.9692955999774049,0.04673575331612743,0.036627643028048024,0.06484134018427903
2,adapter,M_AB,M_BA,same_depth_closing,low_rank_residual,False,0.4113721732478058,0.42851484960885733,0.404923915740383,173256405.143868,60,1.0549571215060043,,,,
2,adapter,M_AB,M_BA,same_depth_closing,whitened_cca,False,0.3850575081055875,0.41045941915026235,0.38604072956129815,1.8026952749419758,64,0.575335013275551,,,,
2,adapter,M_BA,M_AB,same_depth_closing,orthogonal_procrustes,False,0.45308093616983713,0.4715918907298479,0.4485609811131782,1.0000000000000016,64,1.5543122344752192e-15,,,,
2,adapter,M_BA,M_AB,same_depth_closing,ridge_linear,True,0.3883971090653998,0.4105443779822675,0.3915422353239594,342509721185.464,4,1.2456996816499804,0.9693976039578461,0.04891069980706482,0.03812429670197466,0.0656206937717717
2,adapter,M_BA,M_AB,same_depth_closing,low_rank_residual,False,0.4561111492329913,0.4727720118872219,0.4516263570981854,203758973.72568306,60,1.094447998677877,,,,
2,adapter,M_BA,M_AB,same_depth_closing,whitened_cca,False,0.3983579329909276,0.423808808908118,0.40427732372024605,1.8026952749416902,64,0.6212383933437847,,,,
2,adapter,M_AC,M_CA,same_depth_closing,orthogonal_procrustes,False,0.41913166611144137,0.44016853450828775,0.4237142341981076,1.000000000000001,64,1.1102230246251565e-15,,,,
2,adapter,M_AC,M_CA,same_depth_closing,ridge_linear,True,0.3857070095349278,0.4173479302778775,0.3952624513733303,48378216828.84626,4,1.2156812107265131,0.9703588976140592,0.04686503384887732,0.033738504197069495,0.06575576431016966
2,adapter,M_AC,M_CA,same_depth_closing,low_rank_residual,False,0.4228464475014877,0.4432112558929212,0.4272914538678409,195760021.84413227,60,1.0533724492983367,,,,
2,adapter,M_AC,M_CA,same_depth_closing,whitened_cca,False,0.39729554389213817,0.4365772993858491,0.40588457473599554,1.8561807224013653,64,0.5906657612686718,,,,
2,adapter,M_CA,M_AC,same_depth_closing,orthogonal_procrustes,False,0.48169325973858135,0.49357578405946795,0.4862655859315893,1.000000000000001,64,9.992007221626409e-16,,,,
2,adapter,M_CA,M_AC,same_depth_closing,ridge_linear,True,0.399979310420845,0.4292977081813745,0.4078788079333187,36158974942.95048,4,1.176322952760152,0.9706771335388682,0.0518152275638433,0.0379875785618093,0.07184886983707026
2,adapter,M_CA,M_AC,same_depth_closing,low_rank_residual,False,0.49022345597286787,0.5004553235358623,0.4947639584607775,205323602.5274712,60,1.1046700186255165,,,,
2,adapter,M_CA,M_AC,same_depth_closing,whitened_cca,False,0.413442803808724,0.44279216582152486,0.42508658941605093,1.8561807224017253,64,0.6686037916880385,,,,
2,adapter,M_BC,M_CB,same_depth_closing,orthogonal_procrustes,False,0.30056509894725,0.3153481577640674,0.31182340011541143,1.0000000000000013,64,1.2212453270876722e-15,,,,
2,adapter,M_BC,M_CB,same_depth_closing,ridge_linear,True,0.2933383945491317,0.3079470863323154,0.30534126171416043,14973168668.882933,4,1.0633215796163953,0.968525495140025,0.03492632491647396,0.02636369522278878,0.04711885356940793
2,adapter,M_BC,M_CB,same_depth_closing,low_rank_residual,False,0.30379821014151165,0.31828900325278026,0.3140735359400659,177787076.7934429,60,1.0045909811139204,,,,
2,adapter,M_BC,M_CB,same_depth_closing,whitened_cca,False,0.2969397848486899,0.31530732886370166,0.30980912592602283,1.2199981584284856,64,0.19790464583699108,,,,
2,adapter,M_CB,M_BC,same_depth_closing,orthogonal_procrustes,False,0.3050152598290946,0.3155219414710229,0.31721078989703466,1.0000000000000013,64,1.3322676295501878e-15,,,,
2,adapter,M_CB,M_BC,same_depth_closing,ridge_linear,True,0.2929631808668919,0.3091315699163187,0.30695951129107835,13948136561.502872,4,1.0827832892950937,0.9685288945875895,0.034926995317089635,0.02687296069583943,0.04760142223288261
2,adapter,M_CB,M_BC,same_depth_closing,low_rank_residual,False,0.3085051522897238,0.31860197399267215,0.3198034417007841,176618920.3113805,60,1.0088747526745545,,,,
2,adapter,M_CB,M_BC,same_depth_closing,whitened_cca,False,0.29656067824493104,0.31055629527005296,0.31073371010196515,1.2199981584285262,64,0.2004577845698421,,,,
2,adapter,M_A,M_B,same_depth_closing,orthogonal_procrustes,False,0.5167606688156885,0.5417497387642681,0.5165599505839129,1.0000000000000013,64,1.3322676295501878e-15,,,,
2,adapter,M_A,M_B,same_depth_closing,ridge_linear,True,0.4484014925263857,0.4781243182236046,0.4506421739095561,65108210853.667816,4,1.4324231341669458,0.9698807572034028,0.05337910209775764,0.0388765939800868,0.07599202870868649
2,adapter,M_A,M_B,same_depth_closing,low_rank_residual,False,0.520167749319853,0.5438684853300962,0.5174169243578499,230270322.04882163,60,1.2427970401829096,,,,
2,adapter,M_A,M_B,same_depth_closing,whitened_cca,False,0.46235695150234485,0.49916398683855223,0.47132580227004534,2.1307341465867298,64,0.8973018129518546,,,,
2,adapter,M_B,M_A,same_depth_closing,orthogonal_procrustes,False,0.47406345571162145,0.5002089035770382,0.47037041485273984,1.0000000000000013,64,1.3322676295501878e-15,,,,
2,adapter,M_B,M_A,same_depth_closing,ridge_linear,True,0.4300749593437637,0.46477890395145005,0.4371977835605998,53020832104.61574,4,1.1755728577143731,0.9696977154235623,0.05430332926948908,0.04041111367313327,0.07422251978342462
2,adapter,M_B,M_A,same_depth_closing,low_rank_residual,False,0.48050657051525636,0.5045047623464811,0.4742023269113818,200750061.76574817,60,1.0394746434669544,,,,
2,adapter,M_B,M_A,same_depth_closing,whitened_cca,False,0.44207793899470155,0.4782371620366716,0.44577709513028696,2.1307341465869527,64,0.668733691347194,,,,
2,adapter,M_A,M_C,same_depth_closing,orthogonal_procrustes,False,0.5743621905991392,0.5898320211764938,0.5782243247494537,1.0000000000000013,64,1.2212453270876722e-15,,,,
2,adapter,M_A,M_C,same_depth_closing,ridge_linear,True,0.4878117065694188,0.520290011614871,0.49595846161518325,68339142199.33022,4,1.3643240404261034,0.9712207247250755,0.060405018127953784,0.044479896932123196,0.08758726337700166
2,adapter,M_A,M_C,same_depth_closing,low_rank_residual,False,0.5791469826821052,0.593742486211683,0.5826450404194188,230571108.51038003,60,1.2204381766878907,,,,
2,adapter,M_A,M_C,same_depth_closing,whitened_cca,False,0.5093437304778198,0.5447816217458218,0.5237361706560237,2.3988320357780357,64,1.048081970398734,,,,
2,adapter,M_C,M_A,same_depth_closing,orthogonal_procrustes,False,0.5128722298459634,0.5383669248084417,0.5143902617682136,1.000000000000001,64,9.992007221626409e-16,,,,
2,adapter,M_C,M_A,same_depth_closing,ridge_linear,True,0.458073058006216,0.48950822011179884,0.46848880266436105,543562520591.25745,4,1.232413574510918,0.970925809190587,0.05624207287624811,0.040562093828933575,0.08013769950603102
2,adapter,M_C,M_A,same_depth_closing,low_rank_residual,False,0.5157934850953314,0.5392924083630392,0.5163472890967223,205586430.27753633,60,1.062979900037399,,,,
2,adapter,M_C,M_A,same_depth_closing,whitened_cca,False,0.47512129965562205,0.5160463998212754,0.4836172373179852,2.398832035777417,64,0.7782803213641696,,,,
2,adapter,M_B,M_C,same_depth_closing,orthogonal_procrustes,False,0.3616064371495083,0.37044183109594453,0.3719153924720745,1.0000000000000016,64,1.4432899320127035e-15,,,,
2,adapter,M_B,M_C,same_depth_closing,ridge_linear,True,0.34757164913992483,0.36177598227603114,0.3605028231117715,150851811057.01834,4,1.015972178953727,0.9687386836688046,0.04325306051998692,0.03434083283234473,0.05841118751804969
2,adapter,M_B,M_C,same_depth_closing,low_rank_residual,False,0.3666519894292343,0.37425983491749676,0.3756261867098866,201225884.990048,60,1.0114062551340326,,,,
2,adapter,M_B,M_C,same_depth_closing,whitened_cca,False,0.3533129119327285,0.3653888662123413,0.36653664351763043,1.1884960208762112,64,0.17328385062769514,,,,
2,adapter,M_C,M_B,same_depth_closing,orthogonal_procrustes,False,0.3519755268285853,0.3661991564754713,0.36334673946171164,1.000000000000001,64,1.1102230246251565e-15,,,,
2,adapter,M_C,M_B,same_depth_closing,ridge_linear,True,0.34614447374379864,0.36024126627621467,0.3590592115162281,302408359591.3094,4,1.0307885393053708,0.9687432787573562,0.04069686306734354,0.0302141760743092,0.055095765531033944
2,adapter,M_C,M_B,same_depth_closing,low_rank_residual,False,0.356561769280223,0.3696577622743226,0.36652370029186343,206218185.5317315,60,1.0072113348503464,,,,
2,adapter,M_C,M_B,same_depth_closing,whitened_cca,False,0.3518188075238079,0.36979403116264065,0.36604048527169486,1.1884960208758237,64,0.17252361570085928,,,,
2,penultimate,M0,M_A,forward_lineage,orthogonal_procrustes,False,0.24465441934878368,0.24798369044029134,0.24467596663523256,1.0000000000000016,64,1.4432899320127035e-15,,,,
2,penultimate,M0,M_A,forward_lineage,ridge_linear,False,1.2202727082986067e-06,1.3876011303930433e-06,1.35748054725804e-06,6.567882518427854,64,2.141282989107559,,,,
2,penultimate,M0,M_A,forward_lineage,low_rank_residual,False,1.5836016594566104e-06,1.5884328885942074e-06,1.5945494155462972e-06,6.567873527570038,64,2.1412824022524064,,,,
2,penultimate,M0,M_A,forward_lineage,whitened_cca,True,1.2894339137341136e-07,1.3575190731053026e-07,1.3871921580442968e-07,6.567891562601539,64,2.141288563504535,1.1556802533041134e-14,5.8432151696708655e-08,5.4251742255053e-08,6.310698453926717e-08
2,penultimate,M_A,M0,reverse_lineage,orthogonal_procrustes,False,0.25989386793218944,0.2617957484426734,0.26094444701720776,1.0000000000000013,64,1.2212453270876722e-15,,,,
2,penultimate,M_A,M0,reverse_lineage,ridge_linear,False,1.4310307497851546e-06,1.6050185279741392e-06,1.5722213151569417e-06,6.567850515962831,64,2.2043319925554785,,,,
2,penultimate,M_A,M0,reverse_lineage,low_rank_residual,False,2.1518121327712915e-06,2.1353395286693965e-06,2.1815450727040345e-06,6.567869771351839,64,2.204333311889363,,,,
2,penultimate,M_A,M0,reverse_lineage,whitened_cca,True,1.390998644897938e-07,1.4535561307746367e-07,1.5019082580656248e-07,6.567891562601562,64,2.204349057087289,1.1940158431946048e-14,6.098122350984791e-08,5.577574956534277e-08,6.565703180673362e-08
2,penultimate,M0,M_B,forward_lineage,orthogonal_procrustes,False,0.14212106360542065,0.14784255515193814,0.14735643092160872,1.0000000000000013,64,1.3322676295501878e-15,,,,
2,penultimate,M0,M_B,forward_lineage,ridge_linear,False,1.1905415047957952e-06,1.357696857106983e-06,1.3395327473613158e-06,3.0841373660463782,64,1.252608039263393,,,,
2,penultimate,M0,M_B,forward_lineage,low_rank_residual,False,1.7013050084402611e-06,1.6800589805324516e-06,1.7036392902372265e-06,3.084133508202987,64,1.2526071172156579,,,,
2,penultimate,M0,M_B,forward_lineage,whitened_cca,True,1.2818572428245996e-07,1.338347047897475e-07,1.354859176513917e-07,3.08414013568505,64,1.25261134074705,1.1999819423773255e-14,5.8262137807361646e-08,5.386880088789492e-08,6.272970812530049e-08
2,penultimate,M_B,M0,reverse_lineage,orthogonal_procrustes,False,0.14739156586978303,0.1530691505931101,0.15316693129524128,1.0000000000000016,64,1.4432899320127035e-15,,,,
2,penultimate,M_B,M0,reverse_lineage,ridge_linear,False,1.2797603998137764e-06,1.445167870173813e-06,1.428579179256299e-06,3.0841309578301233,64,1.124349162499688,,,,
2,penultimate,M_B,M0,reverse_lineage,low_rank_residual,False,2.062731744268176e-06,2.0229205580223985e-06,2.06735275736443e-06,3.0841383341444075,64,1.1243507101594283,,,,
2,penultimate,M_B,M0,reverse_lineage,whitened_cca,True,1.3279287926667453e-07,1.3830787993296003e-07,1.4082336531558358e-07,3.08414013568503,64,1.1243548352690742,1.2401012724308639e-14,5.9484574060098684e-08,5.522962945333522e-08,6.360498205898403e-08
2,penultimate,M0,M_C,forward_lineage,orthogonal_procrustes,False,0.1458030115866671,0.15127999609894474,0.1522214604837313,1.000000000000001,64,9.992007221626409e-16,,,,
2,penultimate,M0,M_C,forward_lineage,ridge_linear,False,1.2043066727579544e-06,1.368711369070273e-06,1.3552595576170005e-06,3.2279397011217323,64,1.2603696510224214,,,,
2,penultimate,M0,M_C,forward_lineage,low_rank_residual,False,1.6730983393839182e-06,1.6598872924480407e-06,1.683471911964522e-06,3.227937165449533,64,1.2603690966972834,,,,
2,penultimate,M0,M_C,forward_lineage,whitened_cca,True,1.2711462867732136e-07,1.3467171889962772e-07,1.356933302493109e-07,3.2279417705265256,64,1.260372519592531,1.0828679202758745e-14,5.736409370842291e-08,5.3729673640113575e-08,6.11186262623696e-08
2,penultimate,M_C,M0,reverse_lineage,orthogonal_procrustes,False,0.14950952496597789,0.15547985598234312,0.1562737686841008,1.0000000000000018,64,1.7763568394002505e-15,,,,
2,penultimate,M_C,M0,reverse_lineage,ridge_linear,False,1.3170383075199486e-06,1.4867960289628326e-06,1.4672097729024581e-06,3.2279301077958333,64,1.220058126999896,,,,
2,penultimate,M_C,M0,reverse_lineage,low_rank_residual,False,1.9970745252525993e-06,2.013475633944141e-06,2.0204256267113566e-06,3.227935868977976,64,1.220059271105665,,,,
2,penultimate,M_C,M0,reverse_lineage,whitened_cca,True,1.3046742601386732e-07,1.3891579885043048e-07,1.4002237402920624e-07,3.22794177052654,64,1.220065241204141,1.1089417467346008e-14,5.756846995692601e-08,5.354327932428767e-08,6.418996129518002e-08
2,penultimate,M_A,M_AB,forward_lineage,orthogonal_procrustes,False,0.22434937220806955,0.22858959264806697,0.22124903181576128,1.0000000000000016,64,1.4432899320127035e-15,,,,
2,penultimate,M_A,M_AB,forward_lineage,ridge_linear,False,1.3100992431730733e-06,1.4784103211907353e-06,1.4470072837501958e-06,5.600407065185371,64,2.0409061756326747,,,,
2,penultimate,M_A,M_AB,forward_lineage,low_rank_residual,False,2.0973884580154735e-06,2.0629175730326547e-06,2.115030277830461e-06,5.6004142604112435,64,2.040906868439741,,,,
2,penultimate,M_A,M_AB,forward_lineage,whitened_cca,True,1.4266723314182636e-07,1.4891878208313667e-07,1.5315275295314862e-07,5.6004294480542365,64,2.0409171056087683,1.231853466814072e-14,6.505695043389514e-08,6.027393033547718e-08,7.026259633063128e-08
2,penultimate,M_AB,M_A,reverse_lineage,orthogonal_procrustes,False,0.22045597658717686,0.22545966869764567,0.21699593665048159,1.0000000000000013,64,1.3322676295501878e-15,,,,
2,penultimate,M_AB,M_A,reverse_lineage,ridge_linear,False,1.2225152534753808e-06,1.3849136944938822e-06,1.3572498658867777e-06,5.600419574546761,64,1.8516069643137592,,,,
2,penultimate,M_AB,M_A,reverse_lineage,low_rank_residual,False,1.8795794750117278e-06,1.8587667440867111e-06,1.886608030042052e-06,5.600415867840811,64,1.8516067160372243,,,,
2,penultimate,M_AB,M_A,reverse_lineage,whitened_cca,True,1.3930151301104125e-07,1.4598131336236312e-07,1.4920847998783803e-07,5.6004294480542525,64,1.8516122840835183,1.1665208690473001e-14,6.549893583278707e-08,5.977769708129791e-08,7.086152642162278e-08
2,penultimate,M_A,M_AC,forward_lineage,orthogonal_procrustes,False,0.23691447306839789,0.24117249653975636,0.24022532960731252,1.0000000000000013,64,1.2212453270876722e-15,,,,
2,penultimate,M_A,M_AC,forward_lineage,ridge_linear,False,1.326143992631119e-06,1.489260178776185e-06,1.4626720782492038e-06,6.879568602218745,64,2.2562320448763775,,,,
2,penultimate,M_A,M_AC,forward_lineage,low_rank_residual,False,2.1708859936888035e-06,2.1398451153040693e-06,2.1999466973352156e-06,6.879585918289179,64,2.2562331353087695,,,,
2,penultimate,M_A,M_AC,forward_lineage,whitened_cca,True,1.4155510420705313e-07,1.499523565211035e-07,1.525353266172249e-07,6.879593999987144,64,2.256242810059498,1.2720888625638744e-14,6.338777206298086e-08,5.896106215880238e-08,6.85462957525066e-08
2,penultimate,M_AC,M_A,reverse_lineage,orthogonal_procrustes,False,0.22918654053106938,0.23499119794257906,0.2315478808098654,1.0000000000000016,64,1.4432899320127035e-15,,,,
2,penultimate,M_AC,M_A,reverse_lineage,ridge_linear,False,1.251439390064179e-06,1.414505819173178e-06,1.3812967332532088e-06,6.879576990383416,64,2.227124610903614,,,,
2,penultimate,M_AC,M_A,reverse_lineage,low_rank_residual,False,1.8761882648642312e-06,1.9004918039166394e-06,1.8915945047467089e-06,6.879572739293367,64,2.2271243513814327,,,,
2,penultimate,M_AC,M_A,reverse_lineage,whitened_cca,True,1.3602792372426367e-07,1.4669411452084354e-07,1.4715953168295602e-07,6.879593999987163,64,2.2271323780271253,1.2166481711915294e-14,6.312477449152094e-08,5.8667474314467894e-08,6.813040268892102e-08
2,penultimate,M_B,M_BA,forward_lineage,orthogonal_procrustes,False,0.22142187696051904,0.22600216485878744,0.21844953105728032,1.0000000000000018,64,1.6653345369377348e-15,,,,
2,penultimate,M_B,M_BA,forward_lineage,ridge_linear,False,1.2087008841078785e-06,1.3715335964835504e-06,1.3401561547509236e-06,5.7684525267518305,64,1.8817776158129904,,,,
2,penultimate,M_B,M_BA,forward_lineage,low_rank_residual,False,1.7996146059746154e-06,1.793902459022363e-06,1.8063229360954023e-06,5.768444268501974,64,1.8817770057859515,,,,
2,penultimate,M_B,M_BA,forward_lineage,whitened_cca,True,1.3987830818774036e-07,1.464245672694558e-07,1.4905069391686756e-07,5.768460324622196,64,1.881782448417964,1.1684544791183982e-14,6.608305191940945e-08,6.16874362911365e-08,7.133469924059745e-08
2,penultimate,M_BA,M_B,reverse_lineage,orthogonal_procrustes,False,0.22907148510632808,0.23256697185338812,0.22624097843943725,1.0000000000000018,64,1.7763568394002505e-15,,,,
2,penultimate,M_BA,M_B,reverse_lineage,ridge_linear,False,1.356000664907319e-06,1.526807045171854e-06,1.495368285115749e-06,5.7684283169440524,64,2.0947100527819256,,,,
2,penultimate,M_BA,M_B,reverse_lineage,low_rank_residual,False,2.1779888678134025e-06,2.151300965699837e-06,2.1941268460887124e-06,5.768441024275114,64,2.09471117566885,,,,
2,penultimate,M_BA,M_B,reverse_lineage,whitened_cca,True,1.4623099765320849e-07,1.5240148777613805e-07,1.5547514141009594e-07,5.768460324622203,64,2.094725036861368,1.1824871350287895e-14,6.713259632148933e-08,6.3656620737479e-08,7.194189506089361e-08
2,penultimate,M_B,M_BC,forward_lineage,orthogonal_procrustes,False,0.15359434639013983,0.15706803733327807,0.1576754052220551,1.0000000000000016,64,1.5543122344752192e-15,,,,
2,penultimate,M_B,M_BC,forward_lineage,ridge_linear,False,1.2153047472874809e-06,1.3750390862150617e-06,1.3604538952220866e-06,3.5128338052849313,64,1.3142086860256712,,,,
2,penultimate,M_B,M_BC,forward_lineage,low_rank_residual,False,1.9310031340820516e-06,1.9149105389931584e-06,1.956752652170216e-06,3.512835921437428,64,1.3142090122937313,,,,
2,penultimate,M_B,M_BC,forward_lineage,whitened_cca,True,1.3721204774187218e-07,1.442303608286772e-07,1.466387312292801e-07,3.5128378189024985,64,1.3142118935270255,1.2186378268001088e-14,6.281452472217914e-08,5.7702377711848746e-08,6.649185252593773e-08
2,penultimate,M_BC,M_B,reverse_lineage,orthogonal_procrustes,False,0.15313479725246998,0.15704884317951995,0.15680247230927577,1.0000000000000013,64,1.2212453270876722e-15,,,,
2,penultimate,M_BC,M_B,reverse_lineage,ridge_linear,False,1.24374733701559e-06,1.4076727813004643e-06,1.3869352097512074e-06,3.5128290546399894,64,1.3677403402160182,,,,
2,penultimate,M_BC,M_B,reverse_lineage,low_rank_residual,False,1.9719193325869247e-06,2.0069291604171605e-06,2.003104975108202e-06,3.512832097034753,64,1.367740843101184,,,,
2,penultimate,M_BC,M_B,reverse_lineage,whitened_cca,True,1.3751393097282119e-07,1.447219761938082e-07,1.4608701871009534e-07,3.512837818902507,64,1.3677459153742904,1.2426583855529536e-14,6.364598350641639e-08,5.969213802626918e-08,6.835422819813116e-08
2,penultimate,M_C,M_CA,forward_lineage,orthogonal_procrustes,False,0.23415141474777118,0.2380582830273526,0.23276710765637945,1.0000000000000013,64,1.2212453270876722e-15,,,,
2,penultimate,M_C,M_CA,forward_lineage,ridge_linear,False,1.2712040085432322e-06,1.4423324915270239e-06,1.4093514693587786e-06,6.982508117220086,64,2.2497928331621537,,,,
2,penultimate,M_C,M_CA,forward_lineage,low_rank_residual,False,1.796595915992385e-06,1.8357937632799274e-06,1.8315421627014007e-06,6.982499660640094,64,2.2497923580214443,,,,
2,penultimate,M_C,M_CA,forward_lineage,whitened_cca,True,1.3695794203151873e-07,1.4631863842442758e-07,1.4850929910009065e-07,6.982526806915618,64,2.2498018872962215,1.179601508100158e-14,6.382897219399679e-08,5.871521915654624e-08,6.861373387966581e-08
2,penultimate,M_CA,M_C,reverse_lineage,orthogonal_procrustes,False,0.24508800511058987,0.24651336195141335,0.24355602650676023,1.000000000000001,64,1.1102230246251565e-15,,,,
2,penultimate,M_CA,M_C,reverse_lineage,ridge_linear,False,1.415412982897928e-06,1.5843455993277043e-06,1.5497567492112582e-06,6.982485975814882,64,2.278291179433006,,,,
2,penultimate,M_CA,M_C,reverse_lineage,low_rank_residual,False,2.209065613328776e-06,2.175927310812231e-06,2.224667191626376e-06,6.982504368607611,64,2.278292344164646,,,,
2,penultimate,M_CA,M_C,reverse_lineage,whitened_cca,True,1.4481121401007376e-07,1.5274920924764674e-07,1.5662331313815037e-07,6.982526806915647,64,2.2783079109518094,1.2094589641788838e-14,6.496283212397277e-08,5.8453933927098284e-08,7.052341370833148e-08
2,penultimate,M_C,M_CB,forward_lineage,orthogonal_procrustes,False,0.15478893565720278,0.15892470776733975,0.1604588359720631,1.0000000000000016,64,1.5543122344752192e-15,,,,
2,penultimate,M_C,M_CB,forward_lineage,ridge_linear,False,1.2567897458992897e-06,1.4219125460079177e-06,1.3964789454177453e-06,3.9474495010154245,64,1.5409814562537232,,,,
2,penultimate,M_C,M_CB,forward_lineage,low_rank_residual,False,1.905341025923843e-06,1.9277629553461785e-06,1.9311255736958926e-06,3.947451280143802,64,1.5409816676062478,,,,
2,penultimate,M_C,M_CB,forward_lineage,whitened_cca,True,1.3507593955950274e-07,1.4339732083829823e-07,1.4554168855626168e-07,3.9474617643787475,64,1.5409890977395786,1.0846121049726497e-14,6.198557854901219e-08,5.734221502023098e-08,6.740193927405698e-08
2,penultimate,M_CB,M_C,reverse_lineage,orthogonal_procrustes,False,0.15715092326368563,0.16066484522700492,0.16315023469753487,1.0000000000000013,64,1.2212453270876722e-15,,,,
2,penultimate,M_CB,M_C,reverse_lineage,ridge_linear,False,1.2509688615306475e-06,1.4067031681953839e-06,1.3925692498404519e-06,3.947453856683862,64,1.4281614246315981,,,,
2,penultimate,M_CB,M_C,reverse_lineage,low_rank_residual,False,1.9971782644945542e-06,1.977336992684905e-06,2.0277521493749707e-06,3.9474597810418333,64,1.428162230413819,,,,
2,penultimate,M_CB,M_C,reverse_lineage,whitened_cca,True,1.3701507396834772e-07,1.4428897984604717e-07,1.4744215139794248e-07,3.9474617643787493,64,1.4281665655615303,1.0955538199688561e-14,6.237451503700651e-08,5.769862586967463e-08,6.629291376430831e-08
2,penultimate,M_AB,M_ABC,forward_lineage,orthogonal_procrustes,False,0.15604973011829393,0.16043260861881273,0.1614107534804003,1.000000000000001,64,1.1102230246251565e-15,,,,
2,penultimate,M_AB,M_ABC,forward_lineage,ridge_linear,False,1.2049563092154165e-06,1.3650137295777482e-06,1.3512139243219977e-06,3.733515222422423,64,1.3772117905041332,,,,
2,penultimate,M_AB,M_ABC,forward_lineage,low_rank_residual,False,1.907438543855066e-06,1.8952878947510446e-06,1.942509660509691e-06,3.733515385267592,64,1.3772117823993164,,,,
2,penultimate,M_AB,M_ABC,forward_lineage,whitened_cca,True,1.3871118334368156e-07,1.461026296554512e-07,1.493511526872711e-07,3.7335195724406383,64,1.3772153138450882,1.1843808728597866e-14,6.451056141880796e-08,6.007547320717062e-08,7.044567257070075e-08
2,penultimate,M_ABC,M_AB,reverse_lineage,orthogonal_procrustes,False,0.15578767695528795,0.16066936572826862,0.1605680822932957,1.0000000000000016,64,1.5543122344752192e-15,,,,
2,penultimate,M_ABC,M_AB,reverse_lineage,ridge_linear,False,1.2503083949966002e-06,1.4148079106034234e-06,1.3934155028374373e-06,3.7335076004270955,64,1.4531884465068496,,,,
2,penultimate,M_ABC,M_AB,reverse_lineage,low_rank_residual,False,1.9840349277703093e-06,2.027675356578887e-06,2.0209269876196852e-06,3.7335122275305967,64,1.453189183431222,,,,
2,penultimate,M_ABC,M_AB,reverse_lineage,whitened_cca,True,1.389229768848236e-07,1.4696450351724587e-07,1.4901831137580346e-07,3.733519572440632,64,1.4531956867338427,1.1894525380562281e-14,6.456309890143036e-08,5.9224387714160036e-08,6.959704460603998e-08
2,penultimate,M_AC,M_ACB,forward_lineage,orthogonal_procrustes,False,0.15831067870450666,0.16065523717495345,0.16350301282973054,1.000000000000002,64,1.887379141862766e-15,,,,
2,penultimate,M_AC,M_ACB,forward_lineage,ridge_linear,False,1.223316288271295e-06,1.386528409932632e-06,1.3644614489675195e-06,3.4037711847183827,64,1.359037251057256,,,,
2,penultimate,M_AC,M_ACB,forward_lineage,low_rank_residual,False,1.8151149868554645e-06,1.827189278237213e-06,1.8357545263020717e-06,3.4037710121494684,64,1.35903717767324,,,,
2,penultimate,M_AC,M_ACB,forward_lineage,whitened_cca,True,1.3488582303377658e-07,1.4644130207056242e-07,1.476626456266136e-07,3.4037775755052726,64,1.3590416780292522,1.220620574588494e-14,6.240271101810505e-08,5.73284509952586e-08,6.71460941622179e-08
2,penultimate,M_ACB,M_AC,reverse_lineage,orthogonal_procrustes,False,0.1615642490750622,0.16330674952968485,0.16714073891670958,1.0000000000000016,64,1.5543122344752192e-15,,,,
2,penultimate,M_ACB,M_AC,reverse_lineage,ridge_linear,False,1.2234519119358079e-06,1.3804909649954162e-06,1.3679280684873603e-06,3.4037734755707847,64,1.249089562333706,,,,
2,penultimate,M_ACB,M_AC,reverse_lineage,low_rank_residual,False,1.942885011305547e-06,1.9134173251329306e-06,1.965336275402474e-06,3.4037780207698307,64,1.2490903642364903,,,,
2,penultimate,M_ACB,M_AC,reverse_lineage,whitened_cca,True,1.370290761146162e-07,1.477626504531836e-07,1.4976101967074845e-07,3.4037775755052837,64,1.2490925280555987,1.2251277982825394e-14,6.293896788016355e-08,5.83956818976721e-08,6.840715613440455e-08
2,penultimate,M_BA,M_BAC,forward_lineage,orthogonal_procrustes,False,0.23558284489290562,0.23962640090165918,0.2384996447585376,1.000000000000001,64,9.992007221626409e-16,,,,
2,penultimate,M_BA,M_BAC,forward_lineage,ridge_linear,False,1.366210206086309e-06,1.5313859837885974e-06,1.503630739150395e-06,7.254330393564611,64,2.392673933032955,,,,
2,penultimate,M_BA,M_BAC,forward_lineage,low_rank_residual,False,2.2860934674914275e-06,2.256091543231783e-06,2.3138325181659623e-06,7.2543542842204145,64,2.392675333506384,,,,
2,penultimate,M_BA,M_BAC,forward_lineage,whitened_cca,True,1.4760204207830422e-07,1.5429576000893882e-07,1.5813096520956708e-07,7.254364247404428,64,2.3926879785500597,1.1726645054032673e-14,6.753793515390233e-08,6.165407267474847e-08,7.375249681160199e-08
2,penultimate,M_BAC,M_BA,reverse_lineage,orthogonal_procrustes,False,0.227202098867081,0.2326527214864688,0.2289881476423048,1.000000000000001,64,1.1102230246251565e-15,,,,
2,penultimate,M_BAC,M_BA,reverse_lineage,ridge_linear,False,1.2370858162558675e-06,1.398415253653372e-06,1.366430914018935e-06,7.254346404452428,64,2.2536132499355834,,,,
2,penultimate,M_BAC,M_BA,reverse_lineage,low_rank_residual,False,1.893722796094853e-06,1.9145477243865354e-06,1.8990725413131487e-06,7.254337170717529,64,2.2536127331562037,,,,
2,penultimate,M_BAC,M_BA,reverse_lineage,whitened_cca,True,1.4052929405600098e-07,1.4878076752927853e-07,1.5109365660991236e-07,7.254364247404452,64,2.253621178566121,1.1209953149971111e-14,6.620898290005125e-08,6.160657869292365e-08,7.065771654748685e-08
2,penultimate,M_BC,M_BCA,forward_lineage,orthogonal_procrustes,False,0.23154181276102567,0.2352653732765957,0.22990329216949268,1.0000000000000013,64,1.3322676295501878e-15,,,,
2,penultimate,M_BC,M_BCA,forward_lineage,ridge_linear,False,1.2406712699968145e-06,1.4087341519651105e-06,1.379049411563038e-06,6.428009784669251,64,2.141226959007347,,,,
2,penultimate,M_BC,M_BCA,forward_lineage,low_rank_residual,False,1.8320855367339255e-06,1.8763613549594433e-06,1.8601207089150405e-06,6.428003192581174,64,2.141226552305597,,,,
2,penultimate,M_BC,M_BCA,forward_lineage,whitened_cca,True,1.3975233843212283e-07,1.487770297466774e-07,1.5149189906895324e-07,6.428024433953193,64,2.141234353959283,1.1703872593477397e-14,6.644233457932288e-08,6.126264080865771e-08,7.137399753390673e-08
2,penultimate,M_BCA,M_BC,reverse_lineage,orthogonal_procrustes,False,0.2419016441049834,0.2432215568707808,0.24033836221657862,1.0000000000000013,64,1.3322676295501878e-15,,,,
2,penultimate,M_BCA,M_BC,reverse_lineage,ridge_linear,False,1.3452444288566788e-06,1.509238755393314e-06,1.482550381861176e-06,6.427996289450767,64,2.140619166376688,,,,
2,penultimate,M_BCA,M_BC,reverse_lineage,low_rank_residual,False,2.2086512065559784e-06,2.1701813680386825e-06,2.224140982243646e-06,6.4280101060118815,64,2.140620173315966,,,,
2,penultimate,M_BCA,M_BC,reverse_lineage,whitened_cca,True,1.4765537453184636e-07,1.541351314401899e-07,1.5977504854906065e-07,6.42802443395317,64,2.1406312756372694,1.2116786621924171e-14,6.783150158206029e-08,6.240179500197678e-08,7.261526048308139e-08
2,penultimate,M_CA,M_CAB,forward_lineage,orthogonal_procrustes,False,0.2294056026419439,0.23180720442152908,0.2262830125584313,1.0000000000000013,64,1.3322676295501878e-15,,,,
2,penultimate,M_CA,M_CAB,forward_lineage,ridge_linear,False,1.3833672793749008e-06,1.5625277229598017e-06,1.52446098173105e-06,5.862691314385674,64,2.2007298454464657,,,,
2,penultimate,M_CA,M_CAB,forward_lineage,low_rank_residual,False,2.210600215015453e-06,2.1818875402820712e-06,2.225589853723082e-06,5.8627039335284525,64,2.20073093077064,,,,
2,penultimate,M_CA,M_CAB,forward_lineage,whitened_cca,True,1.4601960880263756e-07,1.5408004581874765e-07,1.5732160629372338e-07,5.862726370675658,64,2.200746430406441,1.1763663087056042e-14,6.754292025200753e-08,6.248649512489361e-08,7.335615926284387e-08
2,penultimate,M_CAB,M_CA,reverse_lineage,orthogonal_procrustes,False,0.22379471644369053,0.22741716210419716,0.22102349766598806,1.0000000000000013,64,1.3322676295501878e-15,,,,
2,penultimate,M_CAB,M_CA,reverse_lineage,ridge_linear,False,1.2079133353051905e-06,1.3755663375717504e-06,1.3464265008321494e-06,5.862722266240827,64,1.8326911289315873,,,,
2,penultimate,M_CAB,M_CA,reverse_lineage,low_rank_residual,False,1.855848132317253e-06,1.8476480266244099e-06,1.872108346421584e-06,5.8627197765818275,64,1.832690928986568,,,,
2,penultimate,M_CAB,M_CA,reverse_lineage,whitened_cca,True,1.4024461759571095e-07,1.4928826636635127e-07,1.515988591056019e-07,5.862726370675637,64,1.832694317560463,1.1500872351568966e-14,6.644492845348496e-08,6.124067050188045e-08,7.119986230189857e-08
2,penultimate,M_CB,M_CBA,forward_lineage,orthogonal_procrustes,False,0.2214153351692148,0.22561766882741005,0.21827724710875354,1.000000000000002,64,1.9984014443252818e-15,,,,
2,penultimate,M_CB,M_CBA,forward_lineage,ridge_linear,False,1.2107997867844275e-06,1.3737136791706653e-06,1.3415129650492974e-06,5.78808302945563,64,1.8932456205754542,,,,
2,penultimate,M_CB,M_CBA,forward_lineage,low_rank_residual,False,1.8062616979999131e-06,1.8116417118277913e-06,1.8266675509032455e-06,5.788075254642336,64,1.8932450337611106,,,,
2,penultimate,M_CB,M_CBA,forward_lineage,whitened_cca,True,1.4074042122224246e-07,1.4904530749384027e-07,1.5152327790367512e-07,5.7880909037410015,64,1.8932505509607318,1.1376939632427117e-14,6.73107398984181e-08,6.166173219553871e-08,7.196918323007252e-08
2,penultimate,M_CBA,M_CB,reverse_lineage,orthogonal_procrustes,False,0.22889313915588647,0.23194288913606773,0.22581265102587292,1.0000000000000016,64,1.4432899320127035e-15,,,,
2,penultimate,M_CBA,M_CB,reverse_lineage,ridge_linear,False,1.361588161316331e-06,1.5321156236406334e-06,1.5012194072408186e-06,5.788057941811888,64,2.0920793698529097,,,,
2,penultimate,M_CBA,M_CB,reverse_lineage,low_rank_residual,False,2.2031273821882418e-06,2.178097010236838e-06,2.223937124999547e-06,5.78807175181595,64,2.0920805645126994,,,,
2,penultimate,M_CBA,M_CB,reverse_lineage,whitened_cca,True,1.4702515277170454e-07,1.5479194757822582e-07,1.585390486889014e-07,5.788090903740964,64,2.0920946988075366,1.1769245032866441e-14,6.791784756031646e-08,6.251875235466999e-08,7.452177913382697e-08
2,penultimate,M_AB,M_B,loop_closing,orthogonal_procrustes,False,0.052280011008677484,0.05416771103386159,0.05388422032569276,1.0000000000000016,64,1.4432899320127035e-15,,,,
2,penultimate,M_AB,M_B,loop_closing,ridge_linear,False,1.1823451662156328e-06,1.3416591199867149e-06,1.324041045756448e-06,1.4961258843949437,64,0.40858489500469164,,,,
2,penultimate,M_AB,M_B,loop_closing,low_rank_residual,False,1.6772939820413174e-06,1.640457429580049e-06,1.6836812351856557e-06,1.4961255171780394,64,0.40858467481821525,,,,
2,penultimate,M_AB,M_B,loop_closing,whitened_cca,True,1.364229042417146e-07,1.4400365567412278e-07,1.4520803497752944e-07,1.496125238226402,64,0.40858577278915176,1.3088482695505569e-14,6.41314791632955e-08,5.975235565494367e-08,6.842753600365427e-08
2,penultimate,M_B,M_AB,loop_closing,orthogonal_procrustes,False,0.051940947543447476,0.053861297979282664,0.05354643370156487,1.0000000000000013,64,1.2212453270876722e-15,,,,
2,penultimate,M_B,M_AB,loop_closing,ridge_linear,False,1.1769658312944458e-06,1.3366311105499857e-06,1.315475178493904e-06,1.4961206017098,64,0.40264891140550785,,,,
2,penultimate,M_B,M_AB,loop_closing,low_rank_residual,False,1.6582362705813667e-06,1.6244276968335238e-06,1.6604446496485055e-06,1.4961215293378562,64,0.40264951274858773,,,,
2,penultimate,M_B,M_AB,loop_closing,whitened_cca,True,1.3561432044948207e-07,1.4319274746943057e-07,1.4440500458822086e-07,1.4961252382264039,64,0.40265347508789684,1.2967884003240069e-14,6.462530129614799e-08,6.036258181804892e-08,7.059129103490114e-08
2,penultimate,M_AC,M_C,loop_closing,orthogonal_procrustes,False,0.061489886055617546,0.06389496760031366,0.0635010236789625,1.0000000000000013,64,1.3322676295501878e-15,,,,
2,penultimate,M_AC,M_C,loop_closing,ridge_linear,False,1.203917040127476e-06,1.359214220140164e-06,1.347193100949292e-06,1.7048126632766183,64,0.538243138873244,,,,
2,penultimate,M_AC,M_C,loop_closing,low_rank_residual,False,1.7128778432300954e-06,1.7164401936713903e-06,1.742868172498864e-06,1.7048129033270494,64,0.5382432850903204,,,,
2,penultimate,M_AC,M_C,loop_closing,whitened_cca,True,1.3191640458923123e-07,1.4293613097399972e-07,1.4213618265669635e-07,1.704816519212093,64,0.5382476055410973,1.3558638882350152e-14,6.103010295348577e-08,5.654612952178888e-08,6.739963245760282e-08
2,penultimate,M_C,M_AC,loop_closing,orthogonal_procrustes,False,0.06135720544687742,0.06384045778956528,0.06341794550512671,1.0000000000000013,64,1.2212453270876722e-15,,,,
2,penultimate,M_C,M_AC,loop_closing,ridge_linear,False,1.2141647782998777e-06,1.374479389704831e-06,1.3591166028498374e-06,1.7048133726949848,64,0.5413637282322267,,,,
2,penultimate,M_C,M_AC,loop_closing,low_rank_residual,False,1.7455100541304601e-06,1.7554262342283483e-06,1.7808640649331403e-06,1.7048135261725794,64,0.5413638254639483,,,,
2,penultimate,M_C,M_AC,loop_closing,whitened_cca,True,1.3154520726678636e-07,1.4279337926413918e-07,1.4188269528123374e-07,1.7048165192120721,64,0.5413677706656507,1.3405328077683015e-14,6.094186393965122e-08,5.679343100344906e-08,6.535462482718034e-08
2,penultimate,M_BC,M_C,loop_closing,orthogonal_procrustes,False,0.04552783637744394,0.045701620601135653,0.045743366912601634,1.0000000000000013,64,1.3322676295501878e-15,,,,
2,penultimate,M_BC,M_C,loop_closing,ridge_linear,False,1.1995554272675808e-06,1.3544870588848083e-06,1.343364478070218e-06,1.56075234471508,64,0.43252740381780563,,,,
2,penultimate,M_BC,M_C,loop_closing,low_rank_residual,False,1.935813556248853e-06,1.9390249542615507e-06,1.9487363747433905e-06,1.5607546276044006,64,0.43252871752135524,,,,
2,penultimate,M_BC,M_C,loop_closing,whitened_cca,True,1.3416665758808644e-07,1.430497468728934e-07,1.4462027592305045e-07,1.5607537742923194,64,0.4325295244425511,1.1039703527427469e-14,6.310801042103727e-08,5.8590958215277233e-08,6.758889347869717e-08
2,penultimate,M_C,M_BC,loop_closing,orthogonal_procrustes,False,0.0451509130820901,0.04537212172124927,0.045431121857514294,1.000000000000001,64,1.1102230246251565e-15,,,,
2,penultimate,M_C,M_BC,loop_closing,ridge_linear,False,1.192586519444454e-06,1.3504136925280892e-06,1.337354523231315e-06,1.560751121803406,64,0.4657911418561136,,,,
2,penultimate,M_C,M_BC,loop_closing,low_rank_residual,False,1.8562440681522244e-06,1.8564700103675672e-06,1.8750770545312763e-06,1.5607494275513911,64,0.46579008771229435,,,,
2,penultimate,M_C,M_BC,loop_closing,whitened_cca,True,1.3314882190871959e-07,1.4205906041872179e-07,1.4386862266255876e-07,1.5607537742923066,64,0.4657943960079769,1.0967341649252944e-14,6.267314548881753e-08,5.7608119323280524e-08,6.699047442790698e-08
2,penultimate,M_ABC,M_BAC,same_depth_closing,orthogonal_procrustes,False,0.06087336289320779,0.062482493668599245,0.060549557262880874,1.000000000000001,64,1.1102230246251565e-15,,,,
2,penultimate,M_ABC,M_BAC,same_depth_closing,ridge_linear,False,1.207591029934396e-06,1.366585754554202e-06,1.353983683635072e-06,1.678732352765192,64,0.5292663149697037,,,,
2,penultimate,M_ABC,M_BAC,same_depth_closing,low_rank_residual,False,1.908540769999488e-06,1.9144889216031785e-06,1.9298113851469376e-06,1.678732538668162,64,0.529266434846621,,,,
2,penultimate,M_ABC,M_BAC,same_depth_closing,whitened_cca,True,1.3844142185712138e-07,1.458602373131182e-07,1.4875709525431414e-07,1.6787391807939283,64,0.5292723688380325,1.1590756041457929e-14,6.608736135790436e-08,6.05294015470207e-08,7.175105676667448e-08
2,penultimate,M_BAC,M_ABC,same_depth_closing,orthogonal_procrustes,False,0.060443637659236576,0.061981654097933145,0.060144869284299955,1.0000000000000018,64,1.6653345369377348e-15,,,,
2,penultimate,M_BAC,M_ABC,same_depth_closing,ridge_linear,False,1.1812510274103448e-06,1.3369432680612408e-06,1.3270765063110388e-06,1.67874071090668,64,0.5184931106422154,,,,
2,penultimate,M_BAC,M_ABC,same_depth_closing,low_rank_residual,False,1.837758624170715e-06,1.822665837258425e-06,1.8441965736046621e-06,1.6787410106163132,64,0.5184932853193506,,,,
2,penultimate,M_BAC,M_ABC,same_depth_closing,whitened_cca,True,1.3740148907029746e-07,1.4467100295516982e-07,1.4769844007324504e-07,1.678739180793931,64,0.5184935895411528,1.1543073922290496e-14,6.536919522255444e-08,6.109333129181643e-08,7.089173176252336e-08
2,penultimate,M_ABC,M_ACB,same_depth_closing,orthogonal_procrustes,False,0.1490279777690811,0.15463987548597471,0.15447766680063482,1.0000000000000013,64,1.3322676295501878e-15,,,,
2,penultimate,M_ABC,M_ACB,same_depth_closing,ridge_linear,False,1.2402119453977036e-06,1.4059566910912933e-06,1.3836098922880825e-06,3.5934131460407226,64,1.4107131717281898,,,,
2,penultimate,M_ABC,M_ACB,same_depth_closing,low_rank_residual,False,1.957571908873632e-06,1.9975798179283393e-06,1.9874052001105776e-06,3.5934163410880036,64,1.410713701071864,,,,
2,penultimate,M_ABC,M_ACB,same_depth_closing,whitened_cca,True,1.3962181509460063e-07,1.48683025670486e-07,1.4959129516603452e-07,3.593423499662088,64,1.4107196855022952,1.1796471238521247e-14,6.590782058170188e-08,6.096971910820005e-08,7.091846434293741e-08
2,penultimate,M_ACB,M_ABC,same_depth_closing,orthogonal_procrustes,False,0.14997997701264373,0.1550606890943722,0.156008152470129,1.0000000000000013,64,1.3322676295501878e-15,,,,
2,penultimate,M_ACB,M_ABC,same_depth_closing,ridge_linear,False,1.2028143697602069e-06,1.3598844299487104e-06,1.345849073257183e-06,3.593419206307882,64,1.3267730330138114,,,,
2,penultimate,M_ACB,M_ABC,same_depth_closing,low_rank_residual,False,1.9070152875979684e-06,1.8941685473796988e-06,1.9353537191561794e-06,3.593420434741778,64,1.3267732047501828,,,,
2,penultimate,M_ACB,M_ABC,same_depth_closing,whitened_cca,True,1.3983817219592738e-07,1.4880139335462872e-07,1.5057510397517666e-07,3.593423499662093,64,1.3267764470791832,1.1822175559255583e-14,6.55854302356522e-08,6.039918625189997e-08,7.097434589748922e-08
2,penultimate,M_ACB,M_CAB,same_depth_closing,orthogonal_procrustes,False,0.04771361845728171,0.049865777706379004,0.04890335761634021,1.0000000000000018,64,1.7763568394002505e-15,,,,
2,penultimate,M_ACB,M_CAB,same_depth_closing,ridge_linear,False,1.1693703084333053e-06,1.326055239648465e-06,1.3084803017973037e-06,1.479109388992011,64,0.38854504018416125,,,,
2,penultimate,M_ACB,M_CAB,same_depth_closing,low_rank_residual,False,1.825655822348777e-06,1.791449078375363e-06,1.8311867445719312e-06,1.4791100663746986,64,0.38854551039479235,,,,
2,penultimate,M_ACB,M_CAB,same_depth_closing,whitened_cca,True,1.3794154960047403e-07,1.4721423600065144e-07,1.4861763984184887e-07,1.4791126212271881,64,0.38854841007890484,1.2221933357995815e-14,6.550043861964526e-08,6.100460507154116e-08,7.149228701837454e-08
2,penultimate,M_CAB,M_ACB,same_depth_closing,orthogonal_procrustes,False,0.047636545547972156,0.04979390220135379,0.048828943453743966,1.0000000000000018,64,1.7763568394002505e-15,,,,
2,penultimate,M_CAB,M_ACB,same_depth_closing,ridge_linear,False,1.1738173181857651e-06,1.3359480203380804e-06,1.3115556457505125e-06,1.4791125153708378,64,0.39941788437547,,,,
2,penultimate,M_CAB,M_ACB,same_depth_closing,low_rank_residual,False,1.8365630475102397e-06,1.801627070298309e-06,1.832065845122149e-06,1.4791121582243079,64,0.3994176799247786,,,,
2,penultimate,M_CAB,M_ACB,same_depth_closing,whitened_cca,True,1.37784356318375e-07,1.4700188860529186e-07,1.4853125038196453e-07,1.4791126212271843,64,0.3994191141122527,1.2224514715582007e-14,6.553081603752744e-08,6.041031785162079e-08,7.056333512512856e-08
2,penultimate,M_BAC,M_BCA,same_depth_closing,orthogonal_procrustes,False,0.20888647234185712,0.21372971496771295,0.21086441889016505,1.0000000000000016,64,1.4432899320127035e-15,,,,
2,penultimate,M_BAC,M_BCA,same_depth_closing,ridge_linear,False,1.2005205032613928e-06,1.3648904124855593e-06,1.3380308688231501e-06,5.7616271158282055,64,1.9315015306290382,,,,
2,penultimate,M_BAC,M_BCA,same_depth_closing,low_rank_residual,False,1.8546352324285706e-06,1.8652531578167725e-06,1.858867821961983e-06,5.761618764700949,64,1.9315008696095686,,,,
2,penultimate,M_BAC,M_BCA,same_depth_closing,whitened_cca,True,1.3952206904660223e-07,1.4888220098016253e-07,1.5089534589333837e-07,5.761635949164558,64,1.931506700034517,1.1114444369908065e-14,6.724121275142298e-08,6.066244536574955e-08,7.307932245042244e-08
2,penultimate,M_BCA,M_BAC,same_depth_closing,orthogonal_procrustes,False,0.21807163703208896,0.22112964693153964,0.22045742959915282,1.0000000000000016,64,1.5543122344752192e-15,,,,
2,penultimate,M_BCA,M_BAC,same_depth_closing,ridge_linear,False,1.3297853099306213e-06,1.4968599681547498e-06,1.4702343047917294e-06,5.761609676104498,64,2.0373599305161174,,,,
2,penultimate,M_BCA,M_BAC,same_depth_closing,low_rank_residual,False,2.2992974846082653e-06,2.2477644236950372e-06,2.3084731255747557e-06,5.761627105581496,64,2.0373614080190543,,,,
2,penultimate,M_BCA,M_BAC,same_depth_closing,whitened_cca,True,1.479517761382821e-07,1.5477866601313255e-07,1.5899205686838584e-07,5.761635949164538,64,2.037372050203162,1.1505900781233131e-14,6.871915416938517e-08,6.354452956297133e-08,7.480812026197056e-08
2,penultimate,M_BCA,M_CBA,same_depth_closing,orthogonal_procrustes,False,0.08005955225833723,0.08239227531503376,0.0818627181439427,1.0000000000000013,64,1.3322676295501878e-15,,,,
2,penultimate,M_BCA,M_CBA,same_depth_closing,ridge_linear,False,1.1726085062087857e-06,1.3381426705807444e-06,1.3062918271955668e-06,2.2152820780918456,64,0.8109924791440919,,,,
2,penultimate,M_BCA,M_CBA,same_depth_closing,low_rank_residual,False,2.0587503994334037e-06,2.0224230848554133e-06,2.0587675840832505e-06,2.2152805978035532,64,0.810991889210513,,,,
2,penultimate,M_BCA,M_CBA,same_depth_closing,whitened_cca,True,1.4468235929236597e-07,1.5212427984352083e-07,1.55708275265167e-07,2.2152863198067854,64,0.8109967064154617,1.1719950171828654e-14,7.234998059773321e-08,6.719224570533218e-08,7.768854270065175e-08
2,penultimate,M_CBA,M_BCA,same_depth_closing,orthogonal_procrustes,False,0.07976188206205514,0.08223133203393379,0.08180831630409138,1.0000000000000013,64,1.2212453270876722e-15,,,,
2,penultimate,M_CBA,M_BCA,same_depth_closing,ridge_linear,False,1.1857323054325504e-06,1.3511392606547482e-06,1.3254191811359313e-06,2.2152814399680123,64,0.8220643138059679,,,,
2,penultimate,M_CBA,M_BCA,same_depth_closing,low_rank_residual,False,2.054235845504307e-06,2.0252409159647654e-06,2.0757193048211375e-06,2.215284465892579,64,0.822065383826023,,,,
2,penultimate,M_CBA,M_BCA,same_depth_closing,whitened_cca,True,1.4482273855387175e-07,1.5193781465206953e-07,1.56103730992129e-07,2.21528631980678,64,0.8220689828010201,1.1621345064528686e-14,7.286945730101943e-08,6.516301229722648e-08,8.097514837861873e-08
2,penultimate,M_CAB,M_CBA,same_depth_closing,orthogonal_procrustes,False,0.21068739678348014,0.2143565648426892,0.20659648779152004,1.0000000000000013,64,1.3322676295501878e-15,,,,
2,penultimate,M_CAB,M_CBA,same_depth_closing,ridge_linear,False,1.199262766639904e-06,1.362442070850708e-06,1.3262625271483026e-06,6.0445216267427435,64,1.9071387984631796,,,,
2,penultimate,M_CAB,M_CBA,same_depth_closing,low_rank_residual,False,1.8755163234439519e-06,1.8675185995341633e-06,1.8884665938555512e-06,6.044512784027554,64,1.9071381450546663,,,,
2,penultimate,M_CAB,M_CBA,same_depth_closing,whitened_cca,True,1.419154436674004e-07,1.5022584256295154e-07,1.5181362772688808e-07,6.044531442538371,64,1.9071442152209166,1.251405977825989e-14,6.844201302874662e-08,6.381766009255796e-08,7.374289740687021e-08
2,penultimate,M_CBA,M_CAB,same_depth_closing,orthogonal_procrustes,False,0.2165556798492749,0.2192909495441554,0.2126292639420701,1.000000000000002,64,1.9984014443252818e-15,,,,
2,penultimate,M_CBA,M_CAB,same_depth_closing,ridge_linear,False,1.370806642698881e-06,1.5396975488199205e-06,1.5104974449551116e-06,6.044496533234637,64,2.207457118377598,,,,
2,penultimate,M_CBA,M_CAB,same_depth_closing,low_rank_residual,False,2.2945669048700234e-06,2.2638364178354046e-06,2.324174156526704e-06,6.044515582060701,64,2.207458643175716,,,,
2,penultimate,M_CBA,M_CAB,same_depth_closing,whitened_cca,True,1.4828440083849176e-07,1.5572449557405992e-07,1.5865426103545874e-07,6.044531442538346,64,2.2074734591319896,1.3051130919148228e-14,6.968549967593781e-08,6.39137540839841e-08,7.463080783632341e-08
2,penultimate,M_AB,M_BA,same_depth_closing,orthogonal_procrustes,False,0.21127349247581784,0.21480024776066975,0.20747081101078169,1.000000000000002,64,1.9984014443252818e-15,,,,
2,penultimate,M_AB,M_BA,same_depth_closing,ridge_linear,False,1.2005489530357069e-06,1.3628262585111463e-06,1.3326423340402847e-06,5.925748208680301,64,1.867030434986813,,,,
2,penultimate,M_AB,M_BA,same_depth_closing,low_rank_residual,False,1.8459220143100204e-06,1.8310897170601724e-06,1.8579899083925605e-06,5.925740033700888,64,1.8670298292269387,,,,
2,penultimate,M_AB,M_BA,same_depth_closing,whitened_cca,True,1.4171059198949435e-07,1.4896803724686875e-07,1.5088238122039778e-07,5.925757168470244,64,1.8670354302484429,1.1867720734439868e-14,6.804473016160968e-08,6.262593852356758e-08,7.310135670176305e-08
2,penultimate,M_BA,M_AB,same_depth_closing,orthogonal_procrustes,False,0.21715493965366503,0.21978930107357075,0.2135237097370794,1.0000000000000013,64,1.3322676295501878e-15,,,,
2,penultimate,M_BA,M_AB,same_depth_closing,ridge_linear,False,1.3584787334248715e-06,1.530905163986718e-06,1.4960094139821977e-06,5.925724622176854,64,2.193039795372163,,,,
2,penultimate,M_BA,M_AB,same_depth_closing,low_rank_residual,False,2.240894212668694e-06,2.209036281496968e-06,2.2570553394003135e-06,5.925740720410836,64,2.193041142124897,,,,
2,penultimate,M_BA,M_AB,same_depth_closing,whitened_cca,True,1.4717091048419194e-07,1.5455731506436167e-07,1.5650221500582258e-07,5.925757168470238,64,2.193055315342614,1.1947888603581686e-14,6.822681547183832e-08,6.246171458833117e-08,7.389664441787133e-08
2,penultimate,M_AC,M_CA,same_depth_closing,orthogonal_procrustes,False,0.21354272959960635,0.21759104441016,0.21418361364743657,1.0000000000000013,64,1.3322676295501878e-15,,,,
2,penultimate,M_AC,M_CA,same_depth_closing,ridge_linear,False,1.2183125677352284e-06,1.3843767933201853e-06,1.354882795599342e-06,6.185494593412839,64,2.0123349282806893,,,,
2,penultimate,M_AC,M_CA,same_depth_closing,low_rank_residual,False,1.848569033143455e-06,1.863790830342796e-06,1.864178109698513e-06,6.185486633432868,64,2.012334375149339,,,,
2,penultimate,M_AC,M_CA,same_depth_closing,whitened_cca,True,1.3595609953471019e-07,1.477334630320679e-07,1.5053659273135686e-07,6.185505890887019,64,2.0123411830508147,1.2132554965333077e-14,6.437516522878254e-08,5.9198178228200876e-08,7.058472308418768e-08
2,penultimate,M_CA,M_AC,same_depth_closing,orthogonal_procrustes,False,0.2230344468573125,0.2251269682334375,0.223817970615002,1.0000000000000013,64,1.3322676295501878e-15,,,,
2,penultimate,M_CA,M_AC,same_depth_closing,ridge_linear,False,1.386344611692134e-06,1.5576606322986717e-06,1.5244862437459162e-06,6.185470671264203,64,2.1602413082740473,,,,
2,penultimate,M_CA,M_AC,same_depth_closing,low_rank_residual,False,2.3246225855474105e-06,2.268712811582016e-06,2.3297272731750292e-06,6.18548927441199,64,2.1602427289457395,,,,
2,penultimate,M_CA,M_AC,same_depth_closing,whitened_cca,True,1.4334049291208608e-07,1.538015688818753e-07,1.5814677072557468e-07,6.18550589088703,64,2.160257013874224,1.2709887551092372e-14,6.521579137387639e-08,6.107516948916801e-08,7.004539219969538e-08
2,penultimate,M_BC,M_CB,same_depth_closing,orthogonal_procrustes,False,0.141336923618496,0.14585584624343112,0.14616909408962106,1.0000000000000013,64,1.3322676295501878e-15,,,,
2,penultimate,M_BC,M_CB,same_depth_closing,ridge_linear,False,1.229836425147229e-06,1.3941803092066705e-06,1.3714913250093272e-06,3.3593399550938,64,1.315190934019585,,,,
2,penultimate,M_BC,M_CB,same_depth_closing,low_rank_residual,False,1.929813406872426e-06,1.9623197429399284e-06,1.952564430998718e-06,3.359342177221026,64,1.3151913174463485,,,,
2,penultimate,M_BC,M_CB,same_depth_closing,whitened_cca,True,1.3828807160422867e-07,1.4555376692329985e-07,1.4777191633884073e-07,3.3593480638314075,64,1.3151964492118962,1.2910545784685326e-14,6.476567627900596e-08,5.971202688365583e-08,7.057318718647658e-08
2,penultimate,M_CB,M_BC,same_depth_closing,orthogonal_procrustes,False,0.14230566285812019,0.14638978323267296,0.14760632060876488,1.0000000000000018,64,1.6653345369377348e-15,,,,
2,penultimate,M_CB,M_BC,same_depth_closing,ridge_linear,False,1.222993656288329e-06,1.3805417785132542e-06,1.3662495461223472e-06,3.359342921823125,64,1.2599028539185406,,,,
2,penultimate,M_CB,M_BC,same_depth_closing,low_rank_residual,False,1.936252491114069e-06,1.9270503761384214e-06,1.9671891614457383e-06,3.3593458058893004,64,1.2599033556052224,,,,
2,penultimate,M_CB,M_BC,same_depth_closing,whitened_cca,True,1.3851839386071522e-07,1.4567727249296237e-07,1.4887955007593116e-07,3.359348063831403,64,1.259906738847743,1.3108763754849316e-14,6.43770355881644e-08,5.96169091858564e-08,6.991988269239377e-08
2,penultimate,M_A,M_B,same_depth_closing,orthogonal_procrustes,False,0.23855078993472256,0.24414716247180662,0.23715372886583969,1.0000000000000016,64,1.4432899320127035e-15,,,,
2,penultimate,M_A,M_B,same_depth_closing,ridge_linear,False,1.3287806491248646e-06,1.498945983658941e-06,1.469515138834805e-06,5.624293529264455,64,1.994805006732488,,,,
2,penultimate,M_A,M_B,same_depth_closing,low_rank_residual,False,2.0780875937273432e-06,2.056896033804923e-06,2.1074068061571295e-06,5.624299542048747,64,1.994805628024035,,,,
2,penultimate,M_A,M_B,same_depth_closing,whitened_cca,True,1.4257870806495104e-07,1.4926112202854442e-07,1.5194102546259562e-07,5.624317859573674,64,1.9948164631517904,1.2711055348789617e-14,6.51742035980018e-08,5.8847150045834864e-08,7.06766844070534e-08
2,penultimate,M_B,M_A,same_depth_closing,orthogonal_procrustes,False,0.2328906619189663,0.23944205053113227,0.23113681701048913,1.0000000000000016,64,1.4432899320127035e-15,,,,
2,penultimate,M_B,M_A,same_depth_closing,ridge_linear,False,1.2419859686604382e-06,1.4062251850855406e-06,1.3773916639658167e-06,5.624307893956449,64,1.9059928419979817,,,,
2,penultimate,M_B,M_A,same_depth_closing,low_rank_residual,False,1.844711792852476e-06,1.8340306938134572e-06,1.8550390686470325e-06,5.624303004465775,64,1.905992525755778,,,,
2,penultimate,M_B,M_A,same_depth_closing,whitened_cca,True,1.3834364411294413e-07,1.452897562740829e-07,1.4728967861130994e-07,5.624317859573686,64,1.905998506230986,1.2841632859853982e-14,6.496026833510055e-08,6.014491497717591e-08,6.94533810784972e-08
2,penultimate,M_A,M_C,same_depth_closing,orthogonal_procrustes,False,0.2592052082575611,0.2624006255827188,0.26040325375715456,1.0000000000000016,64,1.4432899320127035e-15,,,,
2,penultimate,M_A,M_C,same_depth_closing,ridge_linear,False,1.366553795056217e-06,1.5279978046928917e-06,1.4996713493902325e-06,7.950453920696351,64,2.425041388224095,,,,
2,penultimate,M_A,M_C,same_depth_closing,low_rank_residual,False,2.0805429841704784e-06,2.0731752678392086e-06,2.119509537316343e-06,7.95046991817155,64,2.425042182547256,,,,
2,penultimate,M_A,M_C,same_depth_closing,whitened_cca,True,1.4235333828010965e-07,1.5030956252885394e-07,1.533228044747043e-07,7.950486897477912,64,2.425054048598341,1.0905375038714429e-14,6.3470853468947e-08,5.7714437752818075e-08,6.864751989282945e-08
2,penultimate,M_C,M_A,same_depth_closing,orthogonal_procrustes,False,0.250209112933601,0.2554571252469326,0.25066855707145747,1.0000000000000018,64,1.7763568394002505e-15,,,,
2,penultimate,M_C,M_A,same_depth_closing,ridge_linear,False,1.3143829741690338e-06,1.4818518827818585e-06,1.4444782892229916e-06,7.950460579384266,64,2.5056095974630055,,,,
2,penultimate,M_C,M_A,same_depth_closing,low_rank_residual,False,1.8731108935052004e-06,1.9163131329537176e-06,1.907492477262036e-06,7.950460555083709,64,2.505609603358453,,,,
2,penultimate,M_C,M_A,same_depth_closing,whitened_cca,True,1.3651932164660519e-07,1.4554736804778442e-07,1.4674979014649357e-07,7.950486897477896,64,2.5056205906892925,1.0825374162174058e-14,6.242897176645168e-08,5.7917806783581346e-08,6.712799531197107e-08
2,penultimate,M_B,M_C,same_depth_closing,orthogonal_procrustes,False,0.16720111211078154,0.17016980187042713,0.1723371493061703,1.0000000000000013,64,1.3322676295501878e-15,,,,
2,penultimate,M_B,M_C,same_depth_closing,ridge_linear,False,1.2430121911946902e-06,1.4005804953726844e-06,1.3867570856008253e-06,4.1032322664699095,64,1.4645365870358868,,,,
2,penultimate,M_B,M_C,same_depth_closing,low_rank_residual,False,1.987650472119656e-06,1.958532537079548e-06,2.009546216422549e-06,4.103236749663402,64,1.464537148316852,,,,
2,penultimate,M_B,M_C,same_depth_closing,whitened_cca,True,1.3615024072593136e-07,1.436990001944097e-07,1.4535912333523832e-07,4.10323861202164,64,1.4645409098454891,1.1669143998514602e-14,6.184565009628657e-08,5.809012545258612e-08,6.670797874743448e-08
2,penultimate,M_C,M_B,same_depth_closing,orthogonal_procrustes,False,0.16532074171791933,0.16892226880957367,0.17021318129986207,1.0000000000000016,64,1.4432899320127035e-15,,,,
2,penultimate,M_C,M_B,same_depth_closing,ridge_linear,False,1.2747787083384321e-06,1.4389539482802924e-06,1.4156498777192576e-06,4.103224590435994,64,1.602506551821601,,,,
2,penultimate,M_C,M_B,same_depth_closing,low_rank_residual,False,1.955676720561414e-06,1.97675718961072e-06,1.9864573593825548e-06,4.103227493078547,64,1.6025069213425036,,,,
2,penultimate,M_C,M_B,same_depth_closing,whitened_cca,True,1.3486222587154614e-07,1.436587082575188e-07,1.4477004100369688e-07,4.103238612021669,64,1.6025148409886132,1.1599120108906749e-14,6.152215688238183e-08,5.734011818275113e-08,6.589201660006446e-08
