seed,layer,source,target,path_relation,selected_method,matrix_artifact_key,fit_residual,transport_validation_residual,transport_test_residual,condition_number,effective_rank,singular_value_spread,inverse_consistency,bootstrap_instability_mean,bootstrap_instability_ci_low,bootstrap_instability_ci_high,matrix_artifact_path,matrix_artifact_sha256
0,early,M0,M_A,forward_lineage,orthogonal_procrustes,early__M0__M_A,3.551912222942939e-15,3.551977276745266e-15,3.56364106199874e-15,1.000000000000001,32,9.992007221626409e-16,5.02275342940024e-15,3.2126591791339275e-15,2.8757029229287345e-15,3.7664938350076996e-15,/Users/tinggong/Documents/Codex/2026-07-20/model-lineage-holonomy/work/TwistedMerge-model-lineage-holonomy/reports/tmp/model_lineage_holonomy/pilot/transport_maps_seed_0.npz,30942ce8c144bd47d72c23115249231950e8f17f2d4ff7d726a3d77eb576d8e6
0,early,M_A,M0,reverse_lineage,orthogonal_procrustes,early__M_A__M0,3.551912222942939e-15,3.551977276745266e-15,3.56364106199874e-15,1.000000000000001,32,9.992007221626409e-16,5.02275342940024e-15,3.2126591791339275e-15,2.8757029229287345e-15,3.7664938350076996e-15,/Users/tinggong/Documents/Codex/2026-07-20/model-lineage-holonomy/work/TwistedMerge-model-lineage-holonomy/reports/tmp/model_lineage_holonomy/pilot/transport_maps_seed_0.npz,30942ce8c144bd47d72c23115249231950e8f17f2d4ff7d726a3d77eb576d8e6
0,early,M0,M_B,forward_lineage,orthogonal_procrustes,early__M0__M_B,3.551912222942939e-15,3.551977276745266e-15,3.56364106199874e-15,1.000000000000001,32,9.992007221626409e-16,5.02275342940024e-15,3.2126591791339275e-15,2.8757029229287345e-15,3.7664938350076996e-15,/Users/tinggong/Documents/Codex/2026-07-20/model-lineage-holonomy/work/TwistedMerge-model-lineage-holonomy/reports/tmp/model_lineage_holonomy/pilot/transport_maps_seed_0.npz,30942ce8c144bd47d72c23115249231950e8f17f2d4ff7d726a3d77eb576d8e6
0,early,M_B,M0,reverse_lineage,orthogonal_procrustes,early__M_B__M0,3.551912222942939e-15,3.551977276745266e-15,3.56364106199874e-15,1.000000000000001,32,9.992007221626409e-16,5.02275342940024e-15,3.2126591791339275e-15,2.8757029229287345e-15,3.7664938350076996e-15,/Users/tinggong/Documents/Codex/2026-07-20/model-lineage-holonomy/work/TwistedMerge-model-lineage-holonomy/reports/tmp/model_lineage_holonomy/pilot/transport_maps_seed_0.npz,30942ce8c144bd47d72c23115249231950e8f17f2d4ff7d726a3d77eb576d8e6
0,early,M0,M_C,forward_lineage,orthogonal_procrustes,early__M0__M_C,3.551912222942939e-15,3.551977276745266e-15,3.56364106199874e-15,1.000000000000001,32,9.992007221626409e-16,5.02275342940024e-15,3.2126591791339275e-15,2.8757029229287345e-15,3.7664938350076996e-15,/Users/tinggong/Documents/Codex/2026-07-20/model-lineage-holonomy/work/TwistedMerge-model-lineage-holonomy/reports/tmp/model_lineage_holonomy/pilot/transport_maps_seed_0.npz,30942ce8c144bd47d72c23115249231950e8f17f2d4ff7d726a3d77eb576d8e6
0,early,M_C,M0,reverse_lineage,orthogonal_procrustes,early__M_C__M0,3.551912222942939e-15,3.551977276745266e-15,3.56364106199874e-15,1.000000000000001,32,9.992007221626409e-16,5.02275342940024e-15,3.2126591791339275e-15,2.8757029229287345e-15,3.7664938350076996e-15,/Users/tinggong/Documents/Codex/2026-07-20/model-lineage-holonomy/work/TwistedMerge-model-lineage-holonomy/reports/tmp/model_lineage_holonomy/pilot/transport_maps_seed_0.npz,30942ce8c144bd47d72c23115249231950e8f17f2d4ff7d726a3d77eb576d8e6
0,early,M_A,M_AB,forward_lineage,orthogonal_procrustes,early__M_A__M_AB,3.551912222942939e-15,3.551977276745266e-15,3.56364106199874e-15,1.000000000000001,32,9.992007221626409e-16,5.02275342940024e-15,3.2126591791339275e-15,2.8757029229287345e-15,3.7664938350076996e-15,/Users/tinggong/Documents/Codex/2026-07-20/model-lineage-holonomy/work/TwistedMerge-model-lineage-holonomy/reports/tmp/model_lineage_holonomy/pilot/transport_maps_seed_0.npz,30942ce8c144bd47d72c23115249231950e8f17f2d4ff7d726a3d77eb576d8e6
0,early,M_AB,M_A,reverse_lineage,orthogonal_procrustes,early__M_AB__M_A,3.551912222942939e-15,3.551977276745266e-15,3.56364106199874e-15,1.000000000000001,32,9.992007221626409e-16,5.02275342940024e-15,3.2126591791339275e-15,2.8757029229287345e-15,3.7664938350076996e-15,/Users/tinggong/Documents/Codex/2026-07-20/model-lineage-holonomy/work/TwistedMerge-model-lineage-holonomy/reports/tmp/model_lineage_holonomy/pilot/transport_maps_seed_0.npz,30942ce8c144bd47d72c23115249231950e8f17f2d4ff7d726a3d77eb576d8e6
0,early,M_A,M_AC,forward_lineage,orthogonal_procrustes,early__M_A__M_AC,3.551912222942939e-15,3.551977276745266e-15,3.56364106199874e-15,1.000000000000001,32,9.992007221626409e-16,5.02275342940024e-15,3.2126591791339275e-15,2.8757029229287345e-15,3.7664938350076996e-15,/Users/tinggong/Documents/Codex/2026-07-20/model-lineage-holonomy/work/TwistedMerge-model-lineage-holonomy/reports/tmp/model_lineage_holonomy/pilot/transport_maps_seed_0.npz,30942ce8c144bd47d72c23115249231950e8f17f2d4ff7d726a3d77eb576d8e6
0,early,M_AC,M_A,reverse_lineage,orthogonal_procrustes,early__M_AC__M_A,3.551912222942939e-15,3.551977276745266e-15,3.56364106199874e-15,1.000000000000001,32,9.992007221626409e-16,5.02275342940024e-15,3.2126591791339275e-15,2.8757029229287345e-15,3.7664938350076996e-15,/Users/tinggong/Documents/Codex/2026-07-20/model-lineage-holonomy/work/TwistedMerge-model-lineage-holonomy/reports/tmp/model_lineage_holonomy/pilot/transport_maps_seed_0.npz,30942ce8c144bd47d72c23115249231950e8f17f2d4ff7d726a3d77eb576d8e6
0,early,M_B,M_BA,forward_lineage,orthogonal_procrustes,early__M_B__M_BA,3.551912222942939e-15,3.551977276745266e-15,3.56364106199874e-15,1.000000000000001,32,9.992007221626409e-16,5.02275342940024e-15,3.2126591791339275e-15,2.8757029229287345e-15,3.7664938350076996e-15,/Users/tinggong/Documents/Codex/2026-07-20/model-lineage-holonomy/work/TwistedMerge-model-lineage-holonomy/reports/tmp/model_lineage_holonomy/pilot/transport_maps_seed_0.npz,30942ce8c144bd47d72c23115249231950e8f17f2d4ff7d726a3d77eb576d8e6
0,early,M_BA,M_B,reverse_lineage,orthogonal_procrustes,early__M_BA__M_B,3.551912222942939e-15,3.551977276745266e-15,3.56364106199874e-15,1.000000000000001,32,9.992007221626409e-16,5.02275342940024e-15,3.2126591791339275e-15,2.8757029229287345e-15,3.7664938350076996e-15,/Users/tinggong/Documents/Codex/2026-07-20/model-lineage-holonomy/work/TwistedMerge-model-lineage-holonomy/reports/tmp/model_lineage_holonomy/pilot/transport_maps_seed_0.npz,30942ce8c144bd47d72c23115249231950e8f17f2d4ff7d726a3d77eb576d8e6
0,early,M_B,M_BC,forward_lineage,orthogonal_procrustes,early__M_B__M_BC,3.551912222942939e-15,3.551977276745266e-15,3.56364106199874e-15,1.000000000000001,32,9.992007221626409e-16,5.02275342940024e-15,3.2126591791339275e-15,2.8757029229287345e-15,3.7664938350076996e-15,/Users/tinggong/Documents/Codex/2026-07-20/model-lineage-holonomy/work/TwistedMerge-model-lineage-holonomy/reports/tmp/model_lineage_holonomy/pilot/transport_maps_seed_0.npz,30942ce8c144bd47d72c23115249231950e8f17f2d4ff7d726a3d77eb576d8e6
0,early,M_BC,M_B,reverse_lineage,orthogonal_procrustes,early__M_BC__M_B,3.551912222942939e-15,3.551977276745266e-15,3.56364106199874e-15,1.000000000000001,32,9.992007221626409e-16,5.02275342940024e-15,3.2126591791339275e-15,2.8757029229287345e-15,3.7664938350076996e-15,/Users/tinggong/Documents/Codex/2026-07-20/model-lineage-holonomy/work/TwistedMerge-model-lineage-holonomy/reports/tmp/model_lineage_holonomy/pilot/transport_maps_seed_0.npz,30942ce8c144bd47d72c23115249231950e8f17f2d4ff7d726a3d77eb576d8e6
0,early,M_C,M_CA,forward_lineage,orthogonal_procrustes,early__M_C__M_CA,3.551912222942939e-15,3.551977276745266e-15,3.56364106199874e-15,1.000000000000001,32,9.992007221626409e-16,5.02275342940024e-15,3.2126591791339275e-15,2.8757029229287345e-15,3.7664938350076996e-15,/Users/tinggong/Documents/Codex/2026-07-20/model-lineage-holonomy/work/TwistedMerge-model-lineage-holonomy/reports/tmp/model_lineage_holonomy/pilot/transport_maps_seed_0.npz,30942ce8c144bd47d72c23115249231950e8f17f2d4ff7d726a3d77eb576d8e6
0,early,M_CA,M_C,reverse_lineage,orthogonal_procrustes,early__M_CA__M_C,3.551912222942939e-15,3.551977276745266e-15,3.56364106199874e-15,1.000000000000001,32,9.992007221626409e-16,5.02275342940024e-15,3.2126591791339275e-15,2.8757029229287345e-15,3.7664938350076996e-15,/Users/tinggong/Documents/Codex/2026-07-20/model-lineage-holonomy/work/TwistedMerge-model-lineage-holonomy/reports/tmp/model_lineage_holonomy/pilot/transport_maps_seed_0.npz,30942ce8c144bd47d72c23115249231950e8f17f2d4ff7d726a3d77eb576d8e6
0,early,M_C,M_CB,forward_lineage,orthogonal_procrustes,early__M_C__M_CB,3.551912222942939e-15,3.551977276745266e-15,3.56364106199874e-15,1.000000000000001,32,9.992007221626409e-16,5.02275342940024e-15,3.2126591791339275e-15,2.8757029229287345e-15,3.7664938350076996e-15,/Users/tinggong/Documents/Codex/2026-07-20/model-lineage-holonomy/work/TwistedMerge-model-lineage-holonomy/reports/tmp/model_lineage_holonomy/pilot/transport_maps_seed_0.npz,30942ce8c144bd47d72c23115249231950e8f17f2d4ff7d726a3d77eb576d8e6
0,early,M_CB,M_C,reverse_lineage,orthogonal_procrustes,early__M_CB__M_C,3.551912222942939e-15,3.551977276745266e-15,3.56364106199874e-15,1.000000000000001,32,9.992007221626409e-16,5.02275342940024e-15,3.2126591791339275e-15,2.8757029229287345e-15,3.7664938350076996e-15,/Users/tinggong/Documents/Codex/2026-07-20/model-lineage-holonomy/work/TwistedMerge-model-lineage-holonomy/reports/tmp/model_lineage_holonomy/pilot/transport_maps_seed_0.npz,30942ce8c144bd47d72c23115249231950e8f17f2d4ff7d726a3d77eb576d8e6
0,early,M_AB,M_ABC,forward_lineage,orthogonal_procrustes,early__M_AB__M_ABC,3.551912222942939e-15,3.551977276745266e-15,3.56364106199874e-15,1.000000000000001,32,9.992007221626409e-16,5.02275342940024e-15,3.2126591791339275e-15,2.8757029229287345e-15,3.7664938350076996e-15,/Users/tinggong/Documents/Codex/2026-07-20/model-lineage-holonomy/work/TwistedMerge-model-lineage-holonomy/reports/tmp/model_lineage_holonomy/pilot/transport_maps_seed_0.npz,30942ce8c144bd47d72c23115249231950e8f17f2d4ff7d726a3d77eb576d8e6
0,early,M_ABC,M_AB,reverse_lineage,orthogonal_procrustes,early__M_ABC__M_AB,3.551912222942939e-15,3.551977276745266e-15,3.56364106199874e-15,1.000000000000001,32,9.992007221626409e-16,5.02275342940024e-15,3.2126591791339275e-15,2.8757029229287345e-15,3.7664938350076996e-15,/Users/tinggong/Documents/Codex/2026-07-20/model-lineage-holonomy/work/TwistedMerge-model-lineage-holonomy/reports/tmp/model_lineage_holonomy/pilot/transport_maps_seed_0.npz,30942ce8c144bd47d72c23115249231950e8f17f2d4ff7d726a3d77eb576d8e6
0,early,M_AC,M_ACB,forward_lineage,orthogonal_procrustes,early__M_AC__M_ACB,3.551912222942939e-15,3.551977276745266e-15,3.56364106199874e-15,1.000000000000001,32,9.992007221626409e-16,5.02275342940024e-15,3.2126591791339275e-15,2.8757029229287345e-15,3.7664938350076996e-15,/Users/tinggong/Documents/Codex/2026-07-20/model-lineage-holonomy/work/TwistedMerge-model-lineage-holonomy/reports/tmp/model_lineage_holonomy/pilot/transport_maps_seed_0.npz,30942ce8c144bd47d72c23115249231950e8f17f2d4ff7d726a3d77eb576d8e6
0,early,M_ACB,M_AC,reverse_lineage,orthogonal_procrustes,early__M_ACB__M_AC,3.551912222942939e-15,3.551977276745266e-15,3.56364106199874e-15,1.000000000000001,32,9.992007221626409e-16,5.02275342940024e-15,3.2126591791339275e-15,2.8757029229287345e-15,3.7664938350076996e-15,/Users/tinggong/Documents/Codex/2026-07-20/model-lineage-holonomy/work/TwistedMerge-model-lineage-holonomy/reports/tmp/model_lineage_holonomy/pilot/transport_maps_seed_0.npz,30942ce8c144bd47d72c23115249231950e8f17f2d4ff7d726a3d77eb576d8e6
0,early,M_BA,M_BAC,forward_lineage,orthogonal_procrustes,early__M_BA__M_BAC,3.551912222942939e-15,3.551977276745266e-15,3.56364106199874e-15,1.000000000000001,32,9.992007221626409e-16,5.02275342940024e-15,3.2126591791339275e-15,2.8757029229287345e-15,3.7664938350076996e-15,/Users/tinggong/Documents/Codex/2026-07-20/model-lineage-holonomy/work/TwistedMerge-model-lineage-holonomy/reports/tmp/model_lineage_holonomy/pilot/transport_maps_seed_0.npz,30942ce8c144bd47d72c23115249231950e8f17f2d4ff7d726a3d77eb576d8e6
0,early,M_BAC,M_BA,reverse_lineage,orthogonal_procrustes,early__M_BAC__M_BA,3.551912222942939e-15,3.551977276745266e-15,3.56364106199874e-15,1.000000000000001,32,9.992007221626409e-16,5.02275342940024e-15,3.2126591791339275e-15,2.8757029229287345e-15,3.7664938350076996e-15,/Users/tinggong/Documents/Codex/2026-07-20/model-lineage-holonomy/work/TwistedMerge-model-lineage-holonomy/reports/tmp/model_lineage_holonomy/pilot/transport_maps_seed_0.npz,30942ce8c144bd47d72c23115249231950e8f17f2d4ff7d726a3d77eb576d8e6
0,early,M_BC,M_BCA,forward_lineage,orthogonal_procrustes,early__M_BC__M_BCA,3.551912222942939e-15,3.551977276745266e-15,3.56364106199874e-15,1.000000000000001,32,9.992007221626409e-16,5.02275342940024e-15,3.2126591791339275e-15,2.8757029229287345e-15,3.7664938350076996e-15,/Users/tinggong/Documents/Codex/2026-07-20/model-lineage-holonomy/work/TwistedMerge-model-lineage-holonomy/reports/tmp/model_lineage_holonomy/pilot/transport_maps_seed_0.npz,30942ce8c144bd47d72c23115249231950e8f17f2d4ff7d726a3d77eb576d8e6
0,early,M_BCA,M_BC,reverse_lineage,orthogonal_procrustes,early__M_BCA__M_BC,3.551912222942939e-15,3.551977276745266e-15,3.56364106199874e-15,1.000000000000001,32,9.992007221626409e-16,5.02275342940024e-15,3.2126591791339275e-15,2.8757029229287345e-15,3.7664938350076996e-15,/Users/tinggong/Documents/Codex/2026-07-20/model-lineage-holonomy/work/TwistedMerge-model-lineage-holonomy/reports/tmp/model_lineage_holonomy/pilot/transport_maps_seed_0.npz,30942ce8c144bd47d72c23115249231950e8f17f2d4ff7d726a3d77eb576d8e6
0,early,M_CA,M_CAB,forward_lineage,orthogonal_procrustes,early__M_CA__M_CAB,3.551912222942939e-15,3.551977276745266e-15,3.56364106199874e-15,1.000000000000001,32,9.992007221626409e-16,5.02275342940024e-15,3.2126591791339275e-15,2.8757029229287345e-15,3.7664938350076996e-15,/Users/tinggong/Documents/Codex/2026-07-20/model-lineage-holonomy/work/TwistedMerge-model-lineage-holonomy/reports/tmp/model_lineage_holonomy/pilot/transport_maps_seed_0.npz,30942ce8c144bd47d72c23115249231950e8f17f2d4ff7d726a3d77eb576d8e6
0,early,M_CAB,M_CA,reverse_lineage,orthogonal_procrustes,early__M_CAB__M_CA,3.551912222942939e-15,3.551977276745266e-15,3.56364106199874e-15,1.000000000000001,32,9.992007221626409e-16,5.02275342940024e-15,3.2126591791339275e-15,2.8757029229287345e-15,3.7664938350076996e-15,/Users/tinggong/Documents/Codex/2026-07-20/model-lineage-holonomy/work/TwistedMerge-model-lineage-holonomy/reports/tmp/model_lineage_holonomy/pilot/transport_maps_seed_0.npz,30942ce8c144bd47d72c23115249231950e8f17f2d4ff7d726a3d77eb576d8e6
0,early,M_CB,M_CBA,forward_lineage,orthogonal_procrustes,early__M_CB__M_CBA,3.551912222942939e-15,3.551977276745266e-15,3.56364106199874e-15,1.000000000000001,32,9.992007221626409e-16,5.02275342940024e-15,3.2126591791339275e-15,2.8757029229287345e-15,3.7664938350076996e-15,/Users/tinggong/Documents/Codex/2026-07-20/model-lineage-holonomy/work/TwistedMerge-model-lineage-holonomy/reports/tmp/model_lineage_holonomy/pilot/transport_maps_seed_0.npz,30942ce8c144bd47d72c23115249231950e8f17f2d4ff7d726a3d77eb576d8e6
0,early,M_CBA,M_CB,reverse_lineage,orthogonal_procrustes,early__M_CBA__M_CB,3.551912222942939e-15,3.551977276745266e-15,3.56364106199874e-15,1.000000000000001,32,9.992007221626409e-16,5.02275342940024e-15,3.2126591791339275e-15,2.8757029229287345e-15,3.7664938350076996e-15,/Users/tinggong/Documents/Codex/2026-07-20/model-lineage-holonomy/work/TwistedMerge-model-lineage-holonomy/reports/tmp/model_lineage_holonomy/pilot/transport_maps_seed_0.npz,30942ce8c144bd47d72c23115249231950e8f17f2d4ff7d726a3d77eb576d8e6
0,early,M_AB,M_B,loop_closing,orthogonal_procrustes,early__M_AB__M_B,3.551912222942939e-15,3.551977276745266e-15,3.56364106199874e-15,1.000000000000001,32,9.992007221626409e-16,5.02275342940024e-15,3.2126591791339275e-15,2.8757029229287345e-15,3.7664938350076996e-15,/Users/tinggong/Documents/Codex/2026-07-20/model-lineage-holonomy/work/TwistedMerge-model-lineage-holonomy/reports/tmp/model_lineage_holonomy/pilot/transport_maps_seed_0.npz,30942ce8c144bd47d72c23115249231950e8f17f2d4ff7d726a3d77eb576d8e6
0,early,M_B,M_AB,loop_closing,orthogonal_procrustes,early__M_B__M_AB,3.551912222942939e-15,3.551977276745266e-15,3.56364106199874e-15,1.000000000000001,32,9.992007221626409e-16,5.02275342940024e-15,3.2126591791339275e-15,2.8757029229287345e-15,3.7664938350076996e-15,/Users/tinggong/Documents/Codex/2026-07-20/model-lineage-holonomy/work/TwistedMerge-model-lineage-holonomy/reports/tmp/model_lineage_holonomy/pilot/transport_maps_seed_0.npz,30942ce8c144bd47d72c23115249231950e8f17f2d4ff7d726a3d77eb576d8e6
0,early,M_AC,M_C,loop_closing,orthogonal_procrustes,early__M_AC__M_C,3.551912222942939e-15,3.551977276745266e-15,3.56364106199874e-15,1.000000000000001,32,9.992007221626409e-16,5.02275342940024e-15,3.2126591791339275e-15,2.8757029229287345e-15,3.7664938350076996e-15,/Users/tinggong/Documents/Codex/2026-07-20/model-lineage-holonomy/work/TwistedMerge-model-lineage-holonomy/reports/tmp/model_lineage_holonomy/pilot/transport_maps_seed_0.npz,30942ce8c144bd47d72c23115249231950e8f17f2d4ff7d726a3d77eb576d8e6
0,early,M_C,M_AC,loop_closing,orthogonal_procrustes,early__M_C__M_AC,3.551912222942939e-15,3.551977276745266e-15,3.56364106199874e-15,1.000000000000001,32,9.992007221626409e-16,5.02275342940024e-15,3.2126591791339275e-15,2.8757029229287345e-15,3.7664938350076996e-15,/Users/tinggong/Documents/Codex/2026-07-20/model-lineage-holonomy/work/TwistedMerge-model-lineage-holonomy/reports/tmp/model_lineage_holonomy/pilot/transport_maps_seed_0.npz,30942ce8c144bd47d72c23115249231950e8f17f2d4ff7d726a3d77eb576d8e6
0,early,M_BC,M_C,loop_closing,orthogonal_procrustes,early__M_BC__M_C,3.551912222942939e-15,3.551977276745266e-15,3.56364106199874e-15,1.000000000000001,32,9.992007221626409e-16,5.02275342940024e-15,3.2126591791339275e-15,2.8757029229287345e-15,3.7664938350076996e-15,/Users/tinggong/Documents/Codex/2026-07-20/model-lineage-holonomy/work/TwistedMerge-model-lineage-holonomy/reports/tmp/model_lineage_holonomy/pilot/transport_maps_seed_0.npz,30942ce8c144bd47d72c23115249231950e8f17f2d4ff7d726a3d77eb576d8e6
0,early,M_C,M_BC,loop_closing,orthogonal_procrustes,early__M_C__M_BC,3.551912222942939e-15,3.551977276745266e-15,3.56364106199874e-15,1.000000000000001,32,9.992007221626409e-16,5.02275342940024e-15,3.2126591791339275e-15,2.8757029229287345e-15,3.7664938350076996e-15,/Users/tinggong/Documents/Codex/2026-07-20/model-lineage-holonomy/work/TwistedMerge-model-lineage-holonomy/reports/tmp/model_lineage_holonomy/pilot/transport_maps_seed_0.npz,30942ce8c144bd47d72c23115249231950e8f17f2d4ff7d726a3d77eb576d8e6
0,early,M_ABC,M_BAC,same_depth_closing,orthogonal_procrustes,early__M_ABC__M_BAC,3.551912222942939e-15,3.551977276745266e-15,3.56364106199874e-15,1.000000000000001,32,9.992007221626409e-16,5.02275342940024e-15,3.2126591791339275e-15,2.8757029229287345e-15,3.7664938350076996e-15,/Users/tinggong/Documents/Codex/2026-07-20/model-lineage-holonomy/work/TwistedMerge-model-lineage-holonomy/reports/tmp/model_lineage_holonomy/pilot/transport_maps_seed_0.npz,30942ce8c144bd47d72c23115249231950e8f17f2d4ff7d726a3d77eb576d8e6
0,early,M_BAC,M_ABC,same_depth_closing,orthogonal_procrustes,early__M_BAC__M_ABC,3.551912222942939e-15,3.551977276745266e-15,3.56364106199874e-15,1.000000000000001,32,9.992007221626409e-16,5.02275342940024e-15,3.2126591791339275e-15,2.8757029229287345e-15,3.7664938350076996e-15,/Users/tinggong/Documents/Codex/2026-07-20/model-lineage-holonomy/work/TwistedMerge-model-lineage-holonomy/reports/tmp/model_lineage_holonomy/pilot/transport_maps_seed_0.npz,30942ce8c144bd47d72c23115249231950e8f17f2d4ff7d726a3d77eb576d8e6
0,early,M_ABC,M_ACB,same_depth_closing,orthogonal_procrustes,early__M_ABC__M_ACB,3.551912222942939e-15,3.551977276745266e-15,3.56364106199874e-15,1.000000000000001,32,9.992007221626409e-16,5.02275342940024e-15,3.2126591791339275e-15,2.8757029229287345e-15,3.7664938350076996e-15,/Users/tinggong/Documents/Codex/2026-07-20/model-lineage-holonomy/work/TwistedMerge-model-lineage-holonomy/reports/tmp/model_lineage_holonomy/pilot/transport_maps_seed_0.npz,30942ce8c144bd47d72c23115249231950e8f17f2d4ff7d726a3d77eb576d8e6
0,early,M_ACB,M_ABC,same_depth_closing,orthogonal_procrustes,early__M_ACB__M_ABC,3.551912222942939e-15,3.551977276745266e-15,3.56364106199874e-15,1.000000000000001,32,9.992007221626409e-16,5.02275342940024e-15,3.2126591791339275e-15,2.8757029229287345e-15,3.7664938350076996e-15,/Users/tinggong/Documents/Codex/2026-07-20/model-lineage-holonomy/work/TwistedMerge-model-lineage-holonomy/reports/tmp/model_lineage_holonomy/pilot/transport_maps_seed_0.npz,30942ce8c144bd47d72c23115249231950e8f17f2d4ff7d726a3d77eb576d8e6
0,early,M_ACB,M_CAB,same_depth_closing,orthogonal_procrustes,early__M_ACB__M_CAB,3.551912222942939e-15,3.551977276745266e-15,3.56364106199874e-15,1.000000000000001,32,9.992007221626409e-16,5.02275342940024e-15,3.2126591791339275e-15,2.8757029229287345e-15,3.7664938350076996e-15,/Users/tinggong/Documents/Codex/2026-07-20/model-lineage-holonomy/work/TwistedMerge-model-lineage-holonomy/reports/tmp/model_lineage_holonomy/pilot/transport_maps_seed_0.npz,30942ce8c144bd47d72c23115249231950e8f17f2d4ff7d726a3d77eb576d8e6
0,early,M_CAB,M_ACB,same_depth_closing,orthogonal_procrustes,early__M_CAB__M_ACB,3.551912222942939e-15,3.551977276745266e-15,3.56364106199874e-15,1.000000000000001,32,9.992007221626409e-16,5.02275342940024e-15,3.2126591791339275e-15,2.8757029229287345e-15,3.7664938350076996e-15,/Users/tinggong/Documents/Codex/2026-07-20/model-lineage-holonomy/work/TwistedMerge-model-lineage-holonomy/reports/tmp/model_lineage_holonomy/pilot/transport_maps_seed_0.npz,30942ce8c144bd47d72c23115249231950e8f17f2d4ff7d726a3d77eb576d8e6
0,early,M_BAC,M_BCA,same_depth_closing,orthogonal_procrustes,early__M_BAC__M_BCA,3.551912222942939e-15,3.551977276745266e-15,3.56364106199874e-15,1.000000000000001,32,9.992007221626409e-16,5.02275342940024e-15,3.2126591791339275e-15,2.8757029229287345e-15,3.7664938350076996e-15,/Users/tinggong/Documents/Codex/2026-07-20/model-lineage-holonomy/work/TwistedMerge-model-lineage-holonomy/reports/tmp/model_lineage_holonomy/pilot/transport_maps_seed_0.npz,30942ce8c144bd47d72c23115249231950e8f17f2d4ff7d726a3d77eb576d8e6
0,early,M_BCA,M_BAC,same_depth_closing,orthogonal_procrustes,early__M_BCA__M_BAC,3.551912222942939e-15,3.551977276745266e-15,3.56364106199874e-15,1.000000000000001,32,9.992007221626409e-16,5.02275342940024e-15,3.2126591791339275e-15,2.8757029229287345e-15,3.7664938350076996e-15,/Users/tinggong/Documents/Codex/2026-07-20/model-lineage-holonomy/work/TwistedMerge-model-lineage-holonomy/reports/tmp/model_lineage_holonomy/pilot/transport_maps_seed_0.npz,30942ce8c144bd47d72c23115249231950e8f17f2d4ff7d726a3d77eb576d8e6
0,early,M_BCA,M_CBA,same_depth_closing,orthogonal_procrustes,early__M_BCA__M_CBA,3.551912222942939e-15,3.551977276745266e-15,3.56364106199874e-15,1.000000000000001,32,9.992007221626409e-16,5.02275342940024e-15,3.2126591791339275e-15,2.8757029229287345e-15,3.7664938350076996e-15,/Users/tinggong/Documents/Codex/2026-07-20/model-lineage-holonomy/work/TwistedMerge-model-lineage-holonomy/reports/tmp/model_lineage_holonomy/pilot/transport_maps_seed_0.npz,30942ce8c144bd47d72c23115249231950e8f17f2d4ff7d726a3d77eb576d8e6
0,early,M_CBA,M_BCA,same_depth_closing,orthogonal_procrustes,early__M_CBA__M_BCA,3.551912222942939e-15,3.551977276745266e-15,3.56364106199874e-15,1.000000000000001,32,9.992007221626409e-16,5.02275342940024e-15,3.2126591791339275e-15,2.8757029229287345e-15,3.7664938350076996e-15,/Users/tinggong/Documents/Codex/2026-07-20/model-lineage-holonomy/work/TwistedMerge-model-lineage-holonomy/reports/tmp/model_lineage_holonomy/pilot/transport_maps_seed_0.npz,30942ce8c144bd47d72c23115249231950e8f17f2d4ff7d726a3d77eb576d8e6
0,early,M_CAB,M_CBA,same_depth_closing,orthogonal_procrustes,early__M_CAB__M_CBA,3.551912222942939e-15,3.551977276745266e-15,3.56364106199874e-15,1.000000000000001,32,9.992007221626409e-16,5.02275342940024e-15,3.2126591791339275e-15,2.8757029229287345e-15,3.7664938350076996e-15,/Users/tinggong/Documents/Codex/2026-07-20/model-lineage-holonomy/work/TwistedMerge-model-lineage-holonomy/reports/tmp/model_lineage_holonomy/pilot/transport_maps_seed_0.npz,30942ce8c144bd47d72c23115249231950e8f17f2d4ff7d726a3d77eb576d8e6
0,early,M_CBA,M_CAB,same_depth_closing,orthogonal_procrustes,early__M_CBA__M_CAB,3.551912222942939e-15,3.551977276745266e-15,3.56364106199874e-15,1.000000000000001,32,9.992007221626409e-16,5.02275342940024e-15,3.2126591791339275e-15,2.8757029229287345e-15,3.7664938350076996e-15,/Users/tinggong/Documents/Codex/2026-07-20/model-lineage-holonomy/work/TwistedMerge-model-lineage-holonomy/reports/tmp/model_lineage_holonomy/pilot/transport_maps_seed_0.npz,30942ce8c144bd47d72c23115249231950e8f17f2d4ff7d726a3d77eb576d8e6
0,early,M_AB,M_BA,same_depth_closing,orthogonal_procrustes,early__M_AB__M_BA,3.551912222942939e-15,3.551977276745266e-15,3.56364106199874e-15,1.000000000000001,32,9.992007221626409e-16,5.02275342940024e-15,3.2126591791339275e-15,2.8757029229287345e-15,3.7664938350076996e-15,/Users/tinggong/Documents/Codex/2026-07-20/model-lineage-holonomy/work/TwistedMerge-model-lineage-holonomy/reports/tmp/model_lineage_holonomy/pilot/transport_maps_seed_0.npz,30942ce8c144bd47d72c23115249231950e8f17f2d4ff7d726a3d77eb576d8e6
0,early,M_BA,M_AB,same_depth_closing,orthogonal_procrustes,early__M_BA__M_AB,3.551912222942939e-15,3.551977276745266e-15,3.56364106199874e-15,1.000000000000001,32,9.992007221626409e-16,5.02275342940024e-15,3.2126591791339275e-15,2.8757029229287345e-15,3.7664938350076996e-15,/Users/tinggong/Documents/Codex/2026-07-20/model-lineage-holonomy/work/TwistedMerge-model-lineage-holonomy/reports/tmp/model_lineage_holonomy/pilot/transport_maps_seed_0.npz,30942ce8c144bd47d72c23115249231950e8f17f2d4ff7d726a3d77eb576d8e6
0,early,M_AC,M_CA,same_depth_closing,orthogonal_procrustes,early__M_AC__M_CA,3.551912222942939e-15,3.551977276745266e-15,3.56364106199874e-15,1.000000000000001,32,9.992007221626409e-16,5.02275342940024e-15,3.2126591791339275e-15,2.8757029229287345e-15,3.7664938350076996e-15,/Users/tinggong/Documents/Codex/2026-07-20/model-lineage-holonomy/work/TwistedMerge-model-lineage-holonomy/reports/tmp/model_lineage_holonomy/pilot/transport_maps_seed_0.npz,30942ce8c144bd47d72c23115249231950e8f17f2d4ff7d726a3d77eb576d8e6
0,early,M_CA,M_AC,same_depth_closing,orthogonal_procrustes,early__M_CA__M_AC,3.551912222942939e-15,3.551977276745266e-15,3.56364106199874e-15,1.000000000000001,32,9.992007221626409e-16,5.02275342940024e-15,3.2126591791339275e-15,2.8757029229287345e-15,3.7664938350076996e-15,/Users/tinggong/Documents/Codex/2026-07-20/model-lineage-holonomy/work/TwistedMerge-model-lineage-holonomy/reports/tmp/model_lineage_holonomy/pilot/transport_maps_seed_0.npz,30942ce8c144bd47d72c23115249231950e8f17f2d4ff7d726a3d77eb576d8e6
0,early,M_BC,M_CB,same_depth_closing,orthogonal_procrustes,early__M_BC__M_CB,3.551912222942939e-15,3.551977276745266e-15,3.56364106199874e-15,1.000000000000001,32,9.992007221626409e-16,5.02275342940024e-15,3.2126591791339275e-15,2.8757029229287345e-15,3.7664938350076996e-15,/Users/tinggong/Documents/Codex/2026-07-20/model-lineage-holonomy/work/TwistedMerge-model-lineage-holonomy/reports/tmp/model_lineage_holonomy/pilot/transport_maps_seed_0.npz,30942ce8c144bd47d72c23115249231950e8f17f2d4ff7d726a3d77eb576d8e6
0,early,M_CB,M_BC,same_depth_closing,orthogonal_procrustes,early__M_CB__M_BC,3.551912222942939e-15,3.551977276745266e-15,3.56364106199874e-15,1.000000000000001,32,9.992007221626409e-16,5.02275342940024e-15,3.2126591791339275e-15,2.8757029229287345e-15,3.7664938350076996e-15,/Users/tinggong/Documents/Codex/2026-07-20/model-lineage-holonomy/work/TwistedMerge-model-lineage-holonomy/reports/tmp/model_lineage_holonomy/pilot/transport_maps_seed_0.npz,30942ce8c144bd47d72c23115249231950e8f17f2d4ff7d726a3d77eb576d8e6
0,early,M_A,M_B,same_depth_closing,orthogonal_procrustes,early__M_A__M_B,3.551912222942939e-15,3.551977276745266e-15,3.56364106199874e-15,1.000000000000001,32,9.992007221626409e-16,5.02275342940024e-15,3.2126591791339275e-15,2.8757029229287345e-15,3.7664938350076996e-15,/Users/tinggong/Documents/Codex/2026-07-20/model-lineage-holonomy/work/TwistedMerge-model-lineage-holonomy/reports/tmp/model_lineage_holonomy/pilot/transport_maps_seed_0.npz,30942ce8c144bd47d72c23115249231950e8f17f2d4ff7d726a3d77eb576d8e6
0,early,M_B,M_A,same_depth_closing,orthogonal_procrustes,early__M_B__M_A,3.551912222942939e-15,3.551977276745266e-15,3.56364106199874e-15,1.000000000000001,32,9.992007221626409e-16,5.02275342940024e-15,3.2126591791339275e-15,2.8757029229287345e-15,3.7664938350076996e-15,/Users/tinggong/Documents/Codex/2026-07-20/model-lineage-holonomy/work/TwistedMerge-model-lineage-holonomy/reports/tmp/model_lineage_holonomy/pilot/transport_maps_seed_0.npz,30942ce8c144bd47d72c23115249231950e8f17f2d4ff7d726a3d77eb576d8e6
0,early,M_A,M_C,same_depth_closing,orthogonal_procrustes,early__M_A__M_C,3.551912222942939e-15,3.551977276745266e-15,3.56364106199874e-15,1.000000000000001,32,9.992007221626409e-16,5.02275342940024e-15,3.2126591791339275e-15,2.8757029229287345e-15,3.7664938350076996e-15,/Users/tinggong/Documents/Codex/2026-07-20/model-lineage-holonomy/work/TwistedMerge-model-lineage-holonomy/reports/tmp/model_lineage_holonomy/pilot/transport_maps_seed_0.npz,30942ce8c144bd47d72c23115249231950e8f17f2d4ff7d726a3d77eb576d8e6
0,early,M_C,M_A,same_depth_closing,orthogonal_procrustes,early__M_C__M_A,3.551912222942939e-15,3.551977276745266e-15,3.56364106199874e-15,1.000000000000001,32,9.992007221626409e-16,5.02275342940024e-15,3.2126591791339275e-15,2.8757029229287345e-15,3.7664938350076996e-15,/Users/tinggong/Documents/Codex/2026-07-20/model-lineage-holonomy/work/TwistedMerge-model-lineage-holonomy/reports/tmp/model_lineage_holonomy/pilot/transport_maps_seed_0.npz,30942ce8c144bd47d72c23115249231950e8f17f2d4ff7d726a3d77eb576d8e6
0,early,M_B,M_C,same_depth_closing,orthogonal_procrustes,early__M_B__M_C,3.551912222942939e-15,3.551977276745266e-15,3.56364106199874e-15,1.000000000000001,32,9.992007221626409e-16,5.02275342940024e-15,3.2126591791339275e-15,2.8757029229287345e-15,3.7664938350076996e-15,/Users/tinggong/Documents/Codex/2026-07-20/model-lineage-holonomy/work/TwistedMerge-model-lineage-holonomy/reports/tmp/model_lineage_holonomy/pilot/transport_maps_seed_0.npz,30942ce8c144bd47d72c23115249231950e8f17f2d4ff7d726a3d77eb576d8e6
0,early,M_C,M_B,same_depth_closing,orthogonal_procrustes,early__M_C__M_B,3.551912222942939e-15,3.551977276745266e-15,3.56364106199874e-15,1.000000000000001,32,9.992007221626409e-16,5.02275342940024e-15,3.2126591791339275e-15,2.8757029229287345e-15,3.7664938350076996e-15,/Users/tinggong/Documents/Codex/2026-07-20/model-lineage-holonomy/work/TwistedMerge-model-lineage-holonomy/reports/tmp/model_lineage_holonomy/pilot/transport_maps_seed_0.npz,30942ce8c144bd47d72c23115249231950e8f17f2d4ff7d726a3d77eb576d8e6
0,mid,M0,M_A,forward_lineage,orthogonal_procrustes,mid__M0__M_A,1.3108991934751398e-15,1.3138191023365668e-15,1.3066713386351156e-15,1.000000000000002,32,1.887379141862766e-15,2.5963004898715615e-15,1.9898486000485244e-15,1.6321483366196535e-15,2.5996610755403085e-15,/Users/tinggong/Documents/Codex/2026-07-20/model-lineage-holonomy/work/TwistedMerge-model-lineage-holonomy/reports/tmp/model_lineage_holonomy/pilot/transport_maps_seed_0.npz,30942ce8c144bd47d72c23115249231950e8f17f2d4ff7d726a3d77eb576d8e6
0,mid,M_A,M0,reverse_lineage,orthogonal_procrustes,mid__M_A__M0,1.3108991934751398e-15,1.3138191023365668e-15,1.3066713386351156e-15,1.000000000000002,32,1.887379141862766e-15,2.5963004898715615e-15,1.9898486000485244e-15,1.6321483366196535e-15,2.5996610755403085e-15,/Users/tinggong/Documents/Codex/2026-07-20/model-lineage-holonomy/work/TwistedMerge-model-lineage-holonomy/reports/tmp/model_lineage_holonomy/pilot/transport_maps_seed_0.npz,30942ce8c144bd47d72c23115249231950e8f17f2d4ff7d726a3d77eb576d8e6
0,mid,M0,M_B,forward_lineage,orthogonal_procrustes,mid__M0__M_B,1.3108991934751398e-15,1.3138191023365668e-15,1.3066713386351156e-15,1.000000000000002,32,1.887379141862766e-15,2.5963004898715615e-15,1.9898486000485244e-15,1.6321483366196535e-15,2.5996610755403085e-15,/Users/tinggong/Documents/Codex/2026-07-20/model-lineage-holonomy/work/TwistedMerge-model-lineage-holonomy/reports/tmp/model_lineage_holonomy/pilot/transport_maps_seed_0.npz,30942ce8c144bd47d72c23115249231950e8f17f2d4ff7d726a3d77eb576d8e6
0,mid,M_B,M0,reverse_lineage,orthogonal_procrustes,mid__M_B__M0,1.3108991934751398e-15,1.3138191023365668e-15,1.3066713386351156e-15,1.000000000000002,32,1.887379141862766e-15,2.5963004898715615e-15,1.9898486000485244e-15,1.6321483366196535e-15,2.5996610755403085e-15,/Users/tinggong/Documents/Codex/2026-07-20/model-lineage-holonomy/work/TwistedMerge-model-lineage-holonomy/reports/tmp/model_lineage_holonomy/pilot/transport_maps_seed_0.npz,30942ce8c144bd47d72c23115249231950e8f17f2d4ff7d726a3d77eb576d8e6
0,mid,M0,M_C,forward_lineage,orthogonal_procrustes,mid__M0__M_C,1.3108991934751398e-15,1.3138191023365668e-15,1.3066713386351156e-15,1.000000000000002,32,1.887379141862766e-15,2.5963004898715615e-15,1.9898486000485244e-15,1.6321483366196535e-15,2.5996610755403085e-15,/Users/tinggong/Documents/Codex/2026-07-20/model-lineage-holonomy/work/TwistedMerge-model-lineage-holonomy/reports/tmp/model_lineage_holonomy/pilot/transport_maps_seed_0.npz,30942ce8c144bd47d72c23115249231950e8f17f2d4ff7d726a3d77eb576d8e6
0,mid,M_C,M0,reverse_lineage,orthogonal_procrustes,mid__M_C__M0,1.3108991934751398e-15,1.3138191023365668e-15,1.3066713386351156e-15,1.000000000000002,32,1.887379141862766e-15,2.5963004898715615e-15,1.9898486000485244e-15,1.6321483366196535e-15,2.5996610755403085e-15,/Users/tinggong/Documents/Codex/2026-07-20/model-lineage-holonomy/work/TwistedMerge-model-lineage-holonomy/reports/tmp/model_lineage_holonomy/pilot/transport_maps_seed_0.npz,30942ce8c144bd47d72c23115249231950e8f17f2d4ff7d726a3d77eb576d8e6
0,mid,M_A,M_AB,forward_lineage,orthogonal_procrustes,mid__M_A__M_AB,1.3108991934751398e-15,1.3138191023365668e-15,1.3066713386351156e-15,1.000000000000002,32,1.887379141862766e-15,2.5963004898715615e-15,1.9898486000485244e-15,1.6321483366196535e-15,2.5996610755403085e-15,/Users/tinggong/Documents/Codex/2026-07-20/model-lineage-holonomy/work/TwistedMerge-model-lineage-holonomy/reports/tmp/model_lineage_holonomy/pilot/transport_maps_seed_0.npz,30942ce8c144bd47d72c23115249231950e8f17f2d4ff7d726a3d77eb576d8e6
0,mid,M_AB,M_A,reverse_lineage,orthogonal_procrustes,mid__M_AB__M_A,1.3108991934751398e-15,1.3138191023365668e-15,1.3066713386351156e-15,1.000000000000002,32,1.887379141862766e-15,2.5963004898715615e-15,1.9898486000485244e-15,1.6321483366196535e-15,2.5996610755403085e-15,/Users/tinggong/Documents/Codex/2026-07-20/model-lineage-holonomy/work/TwistedMerge-model-lineage-holonomy/reports/tmp/model_lineage_holonomy/pilot/transport_maps_seed_0.npz,30942ce8c144bd47d72c23115249231950e8f17f2d4ff7d726a3d77eb576d8e6
0,mid,M_A,M_AC,forward_lineage,orthogonal_procrustes,mid__M_A__M_AC,1.3108991934751398e-15,1.3138191023365668e-15,1.3066713386351156e-15,1.000000000000002,32,1.887379141862766e-15,2.5963004898715615e-15,1.9898486000485244e-15,1.6321483366196535e-15,2.5996610755403085e-15,/Users/tinggong/Documents/Codex/2026-07-20/model-lineage-holonomy/work/TwistedMerge-model-lineage-holonomy/reports/tmp/model_lineage_holonomy/pilot/transport_maps_seed_0.npz,30942ce8c144bd47d72c23115249231950e8f17f2d4ff7d726a3d77eb576d8e6
0,mid,M_AC,M_A,reverse_lineage,orthogonal_procrustes,mid__M_AC__M_A,1.3108991934751398e-15,1.3138191023365668e-15,1.3066713386351156e-15,1.000000000000002,32,1.887379141862766e-15,2.5963004898715615e-15,1.9898486000485244e-15,1.6321483366196535e-15,2.5996610755403085e-15,/Users/tinggong/Documents/Codex/2026-07-20/model-lineage-holonomy/work/TwistedMerge-model-lineage-holonomy/reports/tmp/model_lineage_holonomy/pilot/transport_maps_seed_0.npz,30942ce8c144bd47d72c23115249231950e8f17f2d4ff7d726a3d77eb576d8e6
0,mid,M_B,M_BA,forward_lineage,orthogonal_procrustes,mid__M_B__M_BA,1.3108991934751398e-15,1.3138191023365668e-15,1.3066713386351156e-15,1.000000000000002,32,1.887379141862766e-15,2.5963004898715615e-15,1.9898486000485244e-15,1.6321483366196535e-15,2.5996610755403085e-15,/Users/tinggong/Documents/Codex/2026-07-20/model-lineage-holonomy/work/TwistedMerge-model-lineage-holonomy/reports/tmp/model_lineage_holonomy/pilot/transport_maps_seed_0.npz,30942ce8c144bd47d72c23115249231950e8f17f2d4ff7d726a3d77eb576d8e6
0,mid,M_BA,M_B,reverse_lineage,orthogonal_procrustes,mid__M_BA__M_B,1.3108991934751398e-15,1.3138191023365668e-15,1.3066713386351156e-15,1.000000000000002,32,1.887379141862766e-15,2.5963004898715615e-15,1.9898486000485244e-15,1.6321483366196535e-15,2.5996610755403085e-15,/Users/tinggong/Documents/Codex/2026-07-20/model-lineage-holonomy/work/TwistedMerge-model-lineage-holonomy/reports/tmp/model_lineage_holonomy/pilot/transport_maps_seed_0.npz,30942ce8c144bd47d72c23115249231950e8f17f2d4ff7d726a3d77eb576d8e6
0,mid,M_B,M_BC,forward_lineage,orthogonal_procrustes,mid__M_B__M_BC,1.3108991934751398e-15,1.3138191023365668e-15,1.3066713386351156e-15,1.000000000000002,32,1.887379141862766e-15,2.5963004898715615e-15,1.9898486000485244e-15,1.6321483366196535e-15,2.5996610755403085e-15,/Users/tinggong/Documents/Codex/2026-07-20/model-lineage-holonomy/work/TwistedMerge-model-lineage-holonomy/reports/tmp/model_lineage_holonomy/pilot/transport_maps_seed_0.npz,30942ce8c144bd47d72c23115249231950e8f17f2d4ff7d726a3d77eb576d8e6
0,mid,M_BC,M_B,reverse_lineage,orthogonal_procrustes,mid__M_BC__M_B,1.3108991934751398e-15,1.3138191023365668e-15,1.3066713386351156e-15,1.000000000000002,32,1.887379141862766e-15,2.5963004898715615e-15,1.9898486000485244e-15,1.6321483366196535e-15,2.5996610755403085e-15,/Users/tinggong/Documents/Codex/2026-07-20/model-lineage-holonomy/work/TwistedMerge-model-lineage-holonomy/reports/tmp/model_lineage_holonomy/pilot/transport_maps_seed_0.npz,30942ce8c144bd47d72c23115249231950e8f17f2d4ff7d726a3d77eb576d8e6
0,mid,M_C,M_CA,forward_lineage,orthogonal_procrustes,mid__M_C__M_CA,1.3108991934751398e-15,1.3138191023365668e-15,1.3066713386351156e-15,1.000000000000002,32,1.887379141862766e-15,2.5963004898715615e-15,1.9898486000485244e-15,1.6321483366196535e-15,2.5996610755403085e-15,/Users/tinggong/Documents/Codex/2026-07-20/model-lineage-holonomy/work/TwistedMerge-model-lineage-holonomy/reports/tmp/model_lineage_holonomy/pilot/transport_maps_seed_0.npz,30942ce8c144bd47d72c23115249231950e8f17f2d4ff7d726a3d77eb576d8e6
0,mid,M_CA,M_C,reverse_lineage,orthogonal_procrustes,mid__M_CA__M_C,1.3108991934751398e-15,1.3138191023365668e-15,1.3066713386351156e-15,1.000000000000002,32,1.887379141862766e-15,2.5963004898715615e-15,1.9898486000485244e-15,1.6321483366196535e-15,2.5996610755403085e-15,/Users/tinggong/Documents/Codex/2026-07-20/model-lineage-holonomy/work/TwistedMerge-model-lineage-holonomy/reports/tmp/model_lineage_holonomy/pilot/transport_maps_seed_0.npz,30942ce8c144bd47d72c23115249231950e8f17f2d4ff7d726a3d77eb576d8e6
0,mid,M_C,M_CB,forward_lineage,orthogonal_procrustes,mid__M_C__M_CB,1.3108991934751398e-15,1.3138191023365668e-15,1.3066713386351156e-15,1.000000000000002,32,1.887379141862766e-15,2.5963004898715615e-15,1.9898486000485244e-15,1.6321483366196535e-15,2.5996610755403085e-15,/Users/tinggong/Documents/Codex/2026-07-20/model-lineage-holonomy/work/TwistedMerge-model-lineage-holonomy/reports/tmp/model_lineage_holonomy/pilot/transport_maps_seed_0.npz,30942ce8c144bd47d72c23115249231950e8f17f2d4ff7d726a3d77eb576d8e6
0,mid,M_CB,M_C,reverse_lineage,orthogonal_procrustes,mid__M_CB__M_C,1.3108991934751398e-15,1.3138191023365668e-15,1.3066713386351156e-15,1.000000000000002,32,1.887379141862766e-15,2.5963004898715615e-15,1.9898486000485244e-15,1.6321483366196535e-15,2.5996610755403085e-15,/Users/tinggong/Documents/Codex/2026-07-20/model-lineage-holonomy/work/TwistedMerge-model-lineage-holonomy/reports/tmp/model_lineage_holonomy/pilot/transport_maps_seed_0.npz,30942ce8c144bd47d72c23115249231950e8f17f2d4ff7d726a3d77eb576d8e6
0,mid,M_AB,M_ABC,forward_lineage,orthogonal_procrustes,mid__M_AB__M_ABC,1.3108991934751398e-15,1.3138191023365668e-15,1.3066713386351156e-15,1.000000000000002,32,1.887379141862766e-15,2.5963004898715615e-15,1.9898486000485244e-15,1.6321483366196535e-15,2.5996610755403085e-15,/Users/tinggong/Documents/Codex/2026-07-20/model-lineage-holonomy/work/TwistedMerge-model-lineage-holonomy/reports/tmp/model_lineage_holonomy/pilot/transport_maps_seed_0.npz,30942ce8c144bd47d72c23115249231950e8f17f2d4ff7d726a3d77eb576d8e6
0,mid,M_ABC,M_AB,reverse_lineage,orthogonal_procrustes,mid__M_ABC__M_AB,1.3108991934751398e-15,1.3138191023365668e-15,1.3066713386351156e-15,1.000000000000002,32,1.887379141862766e-15,2.5963004898715615e-15,1.9898486000485244e-15,1.6321483366196535e-15,2.5996610755403085e-15,/Users/tinggong/Documents/Codex/2026-07-20/model-lineage-holonomy/work/TwistedMerge-model-lineage-holonomy/reports/tmp/model_lineage_holonomy/pilot/transport_maps_seed_0.npz,30942ce8c144bd47d72c23115249231950e8f17f2d4ff7d726a3d77eb576d8e6
0,mid,M_AC,M_ACB,forward_lineage,orthogonal_procrustes,mid__M_AC__M_ACB,1.3108991934751398e-15,1.3138191023365668e-15,1.3066713386351156e-15,1.000000000000002,32,1.887379141862766e-15,2.5963004898715615e-15,1.9898486000485244e-15,1.6321483366196535e-15,2.5996610755403085e-15,/Users/tinggong/Documents/Codex/2026-07-20/model-lineage-holonomy/work/TwistedMerge-model-lineage-holonomy/reports/tmp/model_lineage_holonomy/pilot/transport_maps_seed_0.npz,30942ce8c144bd47d72c23115249231950e8f17f2d4ff7d726a3d77eb576d8e6
0,mid,M_ACB,M_AC,reverse_lineage,orthogonal_procrustes,mid__M_ACB__M_AC,1.3108991934751398e-15,1.3138191023365668e-15,1.3066713386351156e-15,1.000000000000002,32,1.887379141862766e-15,2.5963004898715615e-15,1.9898486000485244e-15,1.6321483366196535e-15,2.5996610755403085e-15,/Users/tinggong/Documents/Codex/2026-07-20/model-lineage-holonomy/work/TwistedMerge-model-lineage-holonomy/reports/tmp/model_lineage_holonomy/pilot/transport_maps_seed_0.npz,30942ce8c144bd47d72c23115249231950e8f17f2d4ff7d726a3d77eb576d8e6
0,mid,M_BA,M_BAC,forward_lineage,orthogonal_procrustes,mid__M_BA__M_BAC,1.3108991934751398e-15,1.3138191023365668e-15,1.3066713386351156e-15,1.000000000000002,32,1.887379141862766e-15,2.5963004898715615e-15,1.9898486000485244e-15,1.6321483366196535e-15,2.5996610755403085e-15,/Users/tinggong/Documents/Codex/2026-07-20/model-lineage-holonomy/work/TwistedMerge-model-lineage-holonomy/reports/tmp/model_lineage_holonomy/pilot/transport_maps_seed_0.npz,30942ce8c144bd47d72c23115249231950e8f17f2d4ff7d726a3d77eb576d8e6
0,mid,M_BAC,M_BA,reverse_lineage,orthogonal_procrustes,mid__M_BAC__M_BA,1.3108991934751398e-15,1.3138191023365668e-15,1.3066713386351156e-15,1.000000000000002,32,1.887379141862766e-15,2.5963004898715615e-15,1.9898486000485244e-15,1.6321483366196535e-15,2.5996610755403085e-15,/Users/tinggong/Documents/Codex/2026-07-20/model-lineage-holonomy/work/TwistedMerge-model-lineage-holonomy/reports/tmp/model_lineage_holonomy/pilot/transport_maps_seed_0.npz,30942ce8c144bd47d72c23115249231950e8f17f2d4ff7d726a3d77eb576d8e6
0,mid,M_BC,M_BCA,forward_lineage,orthogonal_procrustes,mid__M_BC__M_BCA,1.3108991934751398e-15,1.3138191023365668e-15,1.3066713386351156e-15,1.000000000000002,32,1.887379141862766e-15,2.5963004898715615e-15,1.9898486000485244e-15,1.6321483366196535e-15,2.5996610755403085e-15,/Users/tinggong/Documents/Codex/2026-07-20/model-lineage-holonomy/work/TwistedMerge-model-lineage-holonomy/reports/tmp/model_lineage_holonomy/pilot/transport_maps_seed_0.npz,30942ce8c144bd47d72c23115249231950e8f17f2d4ff7d726a3d77eb576d8e6
0,mid,M_BCA,M_BC,reverse_lineage,orthogonal_procrustes,mid__M_BCA__M_BC,1.3108991934751398e-15,1.3138191023365668e-15,1.3066713386351156e-15,1.000000000000002,32,1.887379141862766e-15,2.5963004898715615e-15,1.9898486000485244e-15,1.6321483366196535e-15,2.5996610755403085e-15,/Users/tinggong/Documents/Codex/2026-07-20/model-lineage-holonomy/work/TwistedMerge-model-lineage-holonomy/reports/tmp/model_lineage_holonomy/pilot/transport_maps_seed_0.npz,30942ce8c144bd47d72c23115249231950e8f17f2d4ff7d726a3d77eb576d8e6
0,mid,M_CA,M_CAB,forward_lineage,orthogonal_procrustes,mid__M_CA__M_CAB,1.3108991934751398e-15,1.3138191023365668e-15,1.3066713386351156e-15,1.000000000000002,32,1.887379141862766e-15,2.5963004898715615e-15,1.9898486000485244e-15,1.6321483366196535e-15,2.5996610755403085e-15,/Users/tinggong/Documents/Codex/2026-07-20/model-lineage-holonomy/work/TwistedMerge-model-lineage-holonomy/reports/tmp/model_lineage_holonomy/pilot/transport_maps_seed_0.npz,30942ce8c144bd47d72c23115249231950e8f17f2d4ff7d726a3d77eb576d8e6
0,mid,M_CAB,M_CA,reverse_lineage,orthogonal_procrustes,mid__M_CAB__M_CA,1.3108991934751398e-15,1.3138191023365668e-15,1.3066713386351156e-15,1.000000000000002,32,1.887379141862766e-15,2.5963004898715615e-15,1.9898486000485244e-15,1.6321483366196535e-15,2.5996610755403085e-15,/Users/tinggong/Documents/Codex/2026-07-20/model-lineage-holonomy/work/TwistedMerge-model-lineage-holonomy/reports/tmp/model_lineage_holonomy/pilot/transport_maps_seed_0.npz,30942ce8c144bd47d72c23115249231950e8f17f2d4ff7d726a3d77eb576d8e6
0,mid,M_CB,M_CBA,forward_lineage,orthogonal_procrustes,mid__M_CB__M_CBA,1.3108991934751398e-15,1.3138191023365668e-15,1.3066713386351156e-15,1.000000000000002,32,1.887379141862766e-15,2.5963004898715615e-15,1.9898486000485244e-15,1.6321483366196535e-15,2.5996610755403085e-15,/Users/tinggong/Documents/Codex/2026-07-20/model-lineage-holonomy/work/TwistedMerge-model-lineage-holonomy/reports/tmp/model_lineage_holonomy/pilot/transport_maps_seed_0.npz,30942ce8c144bd47d72c23115249231950e8f17f2d4ff7d726a3d77eb576d8e6
0,mid,M_CBA,M_CB,reverse_lineage,orthogonal_procrustes,mid__M_CBA__M_CB,1.3108991934751398e-15,1.3138191023365668e-15,1.3066713386351156e-15,1.000000000000002,32,1.887379141862766e-15,2.5963004898715615e-15,1.9898486000485244e-15,1.6321483366196535e-15,2.5996610755403085e-15,/Users/tinggong/Documents/Codex/2026-07-20/model-lineage-holonomy/work/TwistedMerge-model-lineage-holonomy/reports/tmp/model_lineage_holonomy/pilot/transport_maps_seed_0.npz,30942ce8c144bd47d72c23115249231950e8f17f2d4ff7d726a3d77eb576d8e6
0,mid,M_AB,M_B,loop_closing,orthogonal_procrustes,mid__M_AB__M_B,1.3108991934751398e-15,1.3138191023365668e-15,1.3066713386351156e-15,1.000000000000002,32,1.887379141862766e-15,2.5963004898715615e-15,1.9898486000485244e-15,1.6321483366196535e-15,2.5996610755403085e-15,/Users/tinggong/Documents/Codex/2026-07-20/model-lineage-holonomy/work/TwistedMerge-model-lineage-holonomy/reports/tmp/model_lineage_holonomy/pilot/transport_maps_seed_0.npz,30942ce8c144bd47d72c23115249231950e8f17f2d4ff7d726a3d77eb576d8e6
0,mid,M_B,M_AB,loop_closing,orthogonal_procrustes,mid__M_B__M_AB,1.3108991934751398e-15,1.3138191023365668e-15,1.3066713386351156e-15,1.000000000000002,32,1.887379141862766e-15,2.5963004898715615e-15,1.9898486000485244e-15,1.6321483366196535e-15,2.5996610755403085e-15,/Users/tinggong/Documents/Codex/2026-07-20/model-lineage-holonomy/work/TwistedMerge-model-lineage-holonomy/reports/tmp/model_lineage_holonomy/pilot/transport_maps_seed_0.npz,30942ce8c144bd47d72c23115249231950e8f17f2d4ff7d726a3d77eb576d8e6
0,mid,M_AC,M_C,loop_closing,orthogonal_procrustes,mid__M_AC__M_C,1.3108991934751398e-15,1.3138191023365668e-15,1.3066713386351156e-15,1.000000000000002,32,1.887379141862766e-15,2.5963004898715615e-15,1.9898486000485244e-15,1.6321483366196535e-15,2.5996610755403085e-15,/Users/tinggong/Documents/Codex/2026-07-20/model-lineage-holonomy/work/TwistedMerge-model-lineage-holonomy/reports/tmp/model_lineage_holonomy/pilot/transport_maps_seed_0.npz,30942ce8c144bd47d72c23115249231950e8f17f2d4ff7d726a3d77eb576d8e6
0,mid,M_C,M_AC,loop_closing,orthogonal_procrustes,mid__M_C__M_AC,1.3108991934751398e-15,1.3138191023365668e-15,1.3066713386351156e-15,1.000000000000002,32,1.887379141862766e-15,2.5963004898715615e-15,1.9898486000485244e-15,1.6321483366196535e-15,2.5996610755403085e-15,/Users/tinggong/Documents/Codex/2026-07-20/model-lineage-holonomy/work/TwistedMerge-model-lineage-holonomy/reports/tmp/model_lineage_holonomy/pilot/transport_maps_seed_0.npz,30942ce8c144bd47d72c23115249231950e8f17f2d4ff7d726a3d77eb576d8e6
0,mid,M_BC,M_C,loop_closing,orthogonal_procrustes,mid__M_BC__M_C,1.3108991934751398e-15,1.3138191023365668e-15,1.3066713386351156e-15,1.000000000000002,32,1.887379141862766e-15,2.5963004898715615e-15,1.9898486000485244e-15,1.6321483366196535e-15,2.5996610755403085e-15,/Users/tinggong/Documents/Codex/2026-07-20/model-lineage-holonomy/work/TwistedMerge-model-lineage-holonomy/reports/tmp/model_lineage_holonomy/pilot/transport_maps_seed_0.npz,30942ce8c144bd47d72c23115249231950e8f17f2d4ff7d726a3d77eb576d8e6
0,mid,M_C,M_BC,loop_closing,orthogonal_procrustes,mid__M_C__M_BC,1.3108991934751398e-15,1.3138191023365668e-15,1.3066713386351156e-15,1.000000000000002,32,1.887379141862766e-15,2.5963004898715615e-15,1.9898486000485244e-15,1.6321483366196535e-15,2.5996610755403085e-15,/Users/tinggong/Documents/Codex/2026-07-20/model-lineage-holonomy/work/TwistedMerge-model-lineage-holonomy/reports/tmp/model_lineage_holonomy/pilot/transport_maps_seed_0.npz,30942ce8c144bd47d72c23115249231950e8f17f2d4ff7d726a3d77eb576d8e6
0,mid,M_ABC,M_BAC,same_depth_closing,orthogonal_procrustes,mid__M_ABC__M_BAC,1.3108991934751398e-15,1.3138191023365668e-15,1.3066713386351156e-15,1.000000000000002,32,1.887379141862766e-15,2.5963004898715615e-15,1.9898486000485244e-15,1.6321483366196535e-15,2.5996610755403085e-15,/Users/tinggong/Documents/Codex/2026-07-20/model-lineage-holonomy/work/TwistedMerge-model-lineage-holonomy/reports/tmp/model_lineage_holonomy/pilot/transport_maps_seed_0.npz,30942ce8c144bd47d72c23115249231950e8f17f2d4ff7d726a3d77eb576d8e6
0,mid,M_BAC,M_ABC,same_depth_closing,orthogonal_procrustes,mid__M_BAC__M_ABC,1.3108991934751398e-15,1.3138191023365668e-15,1.3066713386351156e-15,1.000000000000002,32,1.887379141862766e-15,2.5963004898715615e-15,1.9898486000485244e-15,1.6321483366196535e-15,2.5996610755403085e-15,/Users/tinggong/Documents/Codex/2026-07-20/model-lineage-holonomy/work/TwistedMerge-model-lineage-holonomy/reports/tmp/model_lineage_holonomy/pilot/transport_maps_seed_0.npz,30942ce8c144bd47d72c23115249231950e8f17f2d4ff7d726a3d77eb576d8e6
0,mid,M_ABC,M_ACB,same_depth_closing,orthogonal_procrustes,mid__M_ABC__M_ACB,1.3108991934751398e-15,1.3138191023365668e-15,1.3066713386351156e-15,1.000000000000002,32,1.887379141862766e-15,2.5963004898715615e-15,1.9898486000485244e-15,1.6321483366196535e-15,2.5996610755403085e-15,/Users/tinggong/Documents/Codex/2026-07-20/model-lineage-holonomy/work/TwistedMerge-model-lineage-holonomy/reports/tmp/model_lineage_holonomy/pilot/transport_maps_seed_0.npz,30942ce8c144bd47d72c23115249231950e8f17f2d4ff7d726a3d77eb576d8e6
0,mid,M_ACB,M_ABC,same_depth_closing,orthogonal_procrustes,mid__M_ACB__M_ABC,1.3108991934751398e-15,1.3138191023365668e-15,1.3066713386351156e-15,1.000000000000002,32,1.887379141862766e-15,2.5963004898715615e-15,1.9898486000485244e-15,1.6321483366196535e-15,2.5996610755403085e-15,/Users/tinggong/Documents/Codex/2026-07-20/model-lineage-holonomy/work/TwistedMerge-model-lineage-holonomy/reports/tmp/model_lineage_holonomy/pilot/transport_maps_seed_0.npz,30942ce8c144bd47d72c23115249231950e8f17f2d4ff7d726a3d77eb576d8e6
0,mid,M_ACB,M_CAB,same_depth_closing,orthogonal_procrustes,mid__M_ACB__M_CAB,1.3108991934751398e-15,1.3138191023365668e-15,1.3066713386351156e-15,1.000000000000002,32,1.887379141862766e-15,2.5963004898715615e-15,1.9898486000485244e-15,1.6321483366196535e-15,2.5996610755403085e-15,/Users/tinggong/Documents/Codex/2026-07-20/model-lineage-holonomy/work/TwistedMerge-model-lineage-holonomy/reports/tmp/model_lineage_holonomy/pilot/transport_maps_seed_0.npz,30942ce8c144bd47d72c23115249231950e8f17f2d4ff7d726a3d77eb576d8e6
0,mid,M_CAB,M_ACB,same_depth_closing,orthogonal_procrustes,mid__M_CAB__M_ACB,1.3108991934751398e-15,1.3138191023365668e-15,1.3066713386351156e-15,1.000000000000002,32,1.887379141862766e-15,2.5963004898715615e-15,1.9898486000485244e-15,1.6321483366196535e-15,2.5996610755403085e-15,/Users/tinggong/Documents/Codex/2026-07-20/model-lineage-holonomy/work/TwistedMerge-model-lineage-holonomy/reports/tmp/model_lineage_holonomy/pilot/transport_maps_seed_0.npz,30942ce8c144bd47d72c23115249231950e8f17f2d4ff7d726a3d77eb576d8e6
0,mid,M_BAC,M_BCA,same_depth_closing,orthogonal_procrustes,mid__M_BAC__M_BCA,1.3108991934751398e-15,1.3138191023365668e-15,1.3066713386351156e-15,1.000000000000002,32,1.887379141862766e-15,2.5963004898715615e-15,1.9898486000485244e-15,1.6321483366196535e-15,2.5996610755403085e-15,/Users/tinggong/Documents/Codex/2026-07-20/model-lineage-holonomy/work/TwistedMerge-model-lineage-holonomy/reports/tmp/model_lineage_holonomy/pilot/transport_maps_seed_0.npz,30942ce8c144bd47d72c23115249231950e8f17f2d4ff7d726a3d77eb576d8e6
0,mid,M_BCA,M_BAC,same_depth_closing,orthogonal_procrustes,mid__M_BCA__M_BAC,1.3108991934751398e-15,1.3138191023365668e-15,1.3066713386351156e-15,1.000000000000002,32,1.887379141862766e-15,2.5963004898715615e-15,1.9898486000485244e-15,1.6321483366196535e-15,2.5996610755403085e-15,/Users/tinggong/Documents/Codex/2026-07-20/model-lineage-holonomy/work/TwistedMerge-model-lineage-holonomy/reports/tmp/model_lineage_holonomy/pilot/transport_maps_seed_0.npz,30942ce8c144bd47d72c23115249231950e8f17f2d4ff7d726a3d77eb576d8e6
0,mid,M_BCA,M_CBA,same_depth_closing,orthogonal_procrustes,mid__M_BCA__M_CBA,1.3108991934751398e-15,1.3138191023365668e-15,1.3066713386351156e-15,1.000000000000002,32,1.887379141862766e-15,2.5963004898715615e-15,1.9898486000485244e-15,1.6321483366196535e-15,2.5996610755403085e-15,/Users/tinggong/Documents/Codex/2026-07-20/model-lineage-holonomy/work/TwistedMerge-model-lineage-holonomy/reports/tmp/model_lineage_holonomy/pilot/transport_maps_seed_0.npz,30942ce8c144bd47d72c23115249231950e8f17f2d4ff7d726a3d77eb576d8e6
0,mid,M_CBA,M_BCA,same_depth_closing,orthogonal_procrustes,mid__M_CBA__M_BCA,1.3108991934751398e-15,1.3138191023365668e-15,1.3066713386351156e-15,1.000000000000002,32,1.887379141862766e-15,2.5963004898715615e-15,1.9898486000485244e-15,1.6321483366196535e-15,2.5996610755403085e-15,/Users/tinggong/Documents/Codex/2026-07-20/model-lineage-holonomy/work/TwistedMerge-model-lineage-holonomy/reports/tmp/model_lineage_holonomy/pilot/transport_maps_seed_0.npz,30942ce8c144bd47d72c23115249231950e8f17f2d4ff7d726a3d77eb576d8e6
0,mid,M_CAB,M_CBA,same_depth_closing,orthogonal_procrustes,mid__M_CAB__M_CBA,1.3108991934751398e-15,1.3138191023365668e-15,1.3066713386351156e-15,1.000000000000002,32,1.887379141862766e-15,2.5963004898715615e-15,1.9898486000485244e-15,1.6321483366196535e-15,2.5996610755403085e-15,/Users/tinggong/Documents/Codex/2026-07-20/model-lineage-holonomy/work/TwistedMerge-model-lineage-holonomy/reports/tmp/model_lineage_holonomy/pilot/transport_maps_seed_0.npz,30942ce8c144bd47d72c23115249231950e8f17f2d4ff7d726a3d77eb576d8e6
0,mid,M_CBA,M_CAB,same_depth_closing,orthogonal_procrustes,mid__M_CBA__M_CAB,1.3108991934751398e-15,1.3138191023365668e-15,1.3066713386351156e-15,1.000000000000002,32,1.887379141862766e-15,2.5963004898715615e-15,1.9898486000485244e-15,1.6321483366196535e-15,2.5996610755403085e-15,/Users/tinggong/Documents/Codex/2026-07-20/model-lineage-holonomy/work/TwistedMerge-model-lineage-holonomy/reports/tmp/model_lineage_holonomy/pilot/transport_maps_seed_0.npz,30942ce8c144bd47d72c23115249231950e8f17f2d4ff7d726a3d77eb576d8e6
0,mid,M_AB,M_BA,same_depth_closing,orthogonal_procrustes,mid__M_AB__M_BA,1.3108991934751398e-15,1.3138191023365668e-15,1.3066713386351156e-15,1.000000000000002,32,1.887379141862766e-15,2.5963004898715615e-15,1.9898486000485244e-15,1.6321483366196535e-15,2.5996610755403085e-15,/Users/tinggong/Documents/Codex/2026-07-20/model-lineage-holonomy/work/TwistedMerge-model-lineage-holonomy/reports/tmp/model_lineage_holonomy/pilot/transport_maps_seed_0.npz,30942ce8c144bd47d72c23115249231950e8f17f2d4ff7d726a3d77eb576d8e6
0,mid,M_BA,M_AB,same_depth_closing,orthogonal_procrustes,mid__M_BA__M_AB,1.3108991934751398e-15,1.3138191023365668e-15,1.3066713386351156e-15,1.000000000000002,32,1.887379141862766e-15,2.5963004898715615e-15,1.9898486000485244e-15,1.6321483366196535e-15,2.5996610755403085e-15,/Users/tinggong/Documents/Codex/2026-07-20/model-lineage-holonomy/work/TwistedMerge-model-lineage-holonomy/reports/tmp/model_lineage_holonomy/pilot/transport_maps_seed_0.npz,30942ce8c144bd47d72c23115249231950e8f17f2d4ff7d726a3d77eb576d8e6
0,mid,M_AC,M_CA,same_depth_closing,orthogonal_procrustes,mid__M_AC__M_CA,1.3108991934751398e-15,1.3138191023365668e-15,1.3066713386351156e-15,1.000000000000002,32,1.887379141862766e-15,2.5963004898715615e-15,1.9898486000485244e-15,1.6321483366196535e-15,2.5996610755403085e-15,/Users/tinggong/Documents/Codex/2026-07-20/model-lineage-holonomy/work/TwistedMerge-model-lineage-holonomy/reports/tmp/model_lineage_holonomy/pilot/transport_maps_seed_0.npz,30942ce8c144bd47d72c23115249231950e8f17f2d4ff7d726a3d77eb576d8e6
0,mid,M_CA,M_AC,same_depth_closing,orthogonal_procrustes,mid__M_CA__M_AC,1.3108991934751398e-15,1.3138191023365668e-15,1.3066713386351156e-15,1.000000000000002,32,1.887379141862766e-15,2.5963004898715615e-15,1.9898486000485244e-15,1.6321483366196535e-15,2.5996610755403085e-15,/Users/tinggong/Documents/Codex/2026-07-20/model-lineage-holonomy/work/TwistedMerge-model-lineage-holonomy/reports/tmp/model_lineage_holonomy/pilot/transport_maps_seed_0.npz,30942ce8c144bd47d72c23115249231950e8f17f2d4ff7d726a3d77eb576d8e6
0,mid,M_BC,M_CB,same_depth_closing,orthogonal_procrustes,mid__M_BC__M_CB,1.3108991934751398e-15,1.3138191023365668e-15,1.3066713386351156e-15,1.000000000000002,32,1.887379141862766e-15,2.5963004898715615e-15,1.9898486000485244e-15,1.6321483366196535e-15,2.5996610755403085e-15,/Users/tinggong/Documents/Codex/2026-07-20/model-lineage-holonomy/work/TwistedMerge-model-lineage-holonomy/reports/tmp/model_lineage_holonomy/pilot/transport_maps_seed_0.npz,30942ce8c144bd47d72c23115249231950e8f17f2d4ff7d726a3d77eb576d8e6
0,mid,M_CB,M_BC,same_depth_closing,orthogonal_procrustes,mid__M_CB__M_BC,1.3108991934751398e-15,1.3138191023365668e-15,1.3066713386351156e-15,1.000000000000002,32,1.887379141862766e-15,2.5963004898715615e-15,1.9898486000485244e-15,1.6321483366196535e-15,2.5996610755403085e-15,/Users/tinggong/Documents/Codex/2026-07-20/model-lineage-holonomy/work/TwistedMerge-model-lineage-holonomy/reports/tmp/model_lineage_holonomy/pilot/transport_maps_seed_0.npz,30942ce8c144bd47d72c23115249231950e8f17f2d4ff7d726a3d77eb576d8e6
0,mid,M_A,M_B,same_depth_closing,orthogonal_procrustes,mid__M_A__M_B,1.3108991934751398e-15,1.3138191023365668e-15,1.3066713386351156e-15,1.000000000000002,32,1.887379141862766e-15,2.5963004898715615e-15,1.9898486000485244e-15,1.6321483366196535e-15,2.5996610755403085e-15,/Users/tinggong/Documents/Codex/2026-07-20/model-lineage-holonomy/work/TwistedMerge-model-lineage-holonomy/reports/tmp/model_lineage_holonomy/pilot/transport_maps_seed_0.npz,30942ce8c144bd47d72c23115249231950e8f17f2d4ff7d726a3d77eb576d8e6
0,mid,M_B,M_A,same_depth_closing,orthogonal_procrustes,mid__M_B__M_A,1.3108991934751398e-15,1.3138191023365668e-15,1.3066713386351156e-15,1.000000000000002,32,1.887379141862766e-15,2.5963004898715615e-15,1.9898486000485244e-15,1.6321483366196535e-15,2.5996610755403085e-15,/Users/tinggong/Documents/Codex/2026-07-20/model-lineage-holonomy/work/TwistedMerge-model-lineage-holonomy/reports/tmp/model_lineage_holonomy/pilot/transport_maps_seed_0.npz,30942ce8c144bd47d72c23115249231950e8f17f2d4ff7d726a3d77eb576d8e6
0,mid,M_A,M_C,same_depth_closing,orthogonal_procrustes,mid__M_A__M_C,1.3108991934751398e-15,1.3138191023365668e-15,1.3066713386351156e-15,1.000000000000002,32,1.887379141862766e-15,2.5963004898715615e-15,1.9898486000485244e-15,1.6321483366196535e-15,2.5996610755403085e-15,/Users/tinggong/Documents/Codex/2026-07-20/model-lineage-holonomy/work/TwistedMerge-model-lineage-holonomy/reports/tmp/model_lineage_holonomy/pilot/transport_maps_seed_0.npz,30942ce8c144bd47d72c23115249231950e8f17f2d4ff7d726a3d77eb576d8e6
0,mid,M_C,M_A,same_depth_closing,orthogonal_procrustes,mid__M_C__M_A,1.3108991934751398e-15,1.3138191023365668e-15,1.3066713386351156e-15,1.000000000000002,32,1.887379141862766e-15,2.5963004898715615e-15,1.9898486000485244e-15,1.6321483366196535e-15,2.5996610755403085e-15,/Users/tinggong/Documents/Codex/2026-07-20/model-lineage-holonomy/work/TwistedMerge-model-lineage-holonomy/reports/tmp/model_lineage_holonomy/pilot/transport_maps_seed_0.npz,30942ce8c144bd47d72c23115249231950e8f17f2d4ff7d726a3d77eb576d8e6
0,mid,M_B,M_C,same_depth_closing,orthogonal_procrustes,mid__M_B__M_C,1.3108991934751398e-15,1.3138191023365668e-15,1.3066713386351156e-15,1.000000000000002,32,1.887379141862766e-15,2.5963004898715615e-15,1.9898486000485244e-15,1.6321483366196535e-15,2.5996610755403085e-15,/Users/tinggong/Documents/Codex/2026-07-20/model-lineage-holonomy/work/TwistedMerge-model-lineage-holonomy/reports/tmp/model_lineage_holonomy/pilot/transport_maps_seed_0.npz,30942ce8c144bd47d72c23115249231950e8f17f2d4ff7d726a3d77eb576d8e6
0,mid,M_C,M_B,same_depth_closing,orthogonal_procrustes,mid__M_C__M_B,1.3108991934751398e-15,1.3138191023365668e-15,1.3066713386351156e-15,1.000000000000002,32,1.887379141862766e-15,2.5963004898715615e-15,1.9898486000485244e-15,1.6321483366196535e-15,2.5996610755403085e-15,/Users/tinggong/Documents/Codex/2026-07-20/model-lineage-holonomy/work/TwistedMerge-model-lineage-holonomy/reports/tmp/model_lineage_holonomy/pilot/transport_maps_seed_0.npz,30942ce8c144bd47d72c23115249231950e8f17f2d4ff7d726a3d77eb576d8e6
0,late,M0,M_A,forward_lineage,orthogonal_procrustes,late__M0__M_A,1.9872152554625214e-15,1.9767284851002902e-15,1.9555563551800966e-15,1.0000000000000016,64,1.4432899320127035e-15,3.8878469334186305e-15,2.6481144900056975e-15,2.4735782084083593e-15,2.9533804995860336e-15,/Users/tinggong/Documents/Codex/2026-07-20/model-lineage-holonomy/work/TwistedMerge-model-lineage-holonomy/reports/tmp/model_lineage_holonomy/pilot/transport_maps_seed_0.npz,30942ce8c144bd47d72c23115249231950e8f17f2d4ff7d726a3d77eb576d8e6
0,late,M_A,M0,reverse_lineage,orthogonal_procrustes,late__M_A__M0,1.9872152554625214e-15,1.9767284851002902e-15,1.9555563551800966e-15,1.0000000000000016,64,1.4432899320127035e-15,3.8878469334186305e-15,2.6481144900056975e-15,2.4735782084083593e-15,2.9533804995860336e-15,/Users/tinggong/Documents/Codex/2026-07-20/model-lineage-holonomy/work/TwistedMerge-model-lineage-holonomy/reports/tmp/model_lineage_holonomy/pilot/transport_maps_seed_0.npz,30942ce8c144bd47d72c23115249231950e8f17f2d4ff7d726a3d77eb576d8e6
0,late,M0,M_B,forward_lineage,orthogonal_procrustes,late__M0__M_B,1.9872152554625214e-15,1.9767284851002902e-15,1.9555563551800966e-15,1.0000000000000016,64,1.4432899320127035e-15,3.8878469334186305e-15,2.6481144900056975e-15,2.4735782084083593e-15,2.9533804995860336e-15,/Users/tinggong/Documents/Codex/2026-07-20/model-lineage-holonomy/work/TwistedMerge-model-lineage-holonomy/reports/tmp/model_lineage_holonomy/pilot/transport_maps_seed_0.npz,30942ce8c144bd47d72c23115249231950e8f17f2d4ff7d726a3d77eb576d8e6
0,late,M_B,M0,reverse_lineage,orthogonal_procrustes,late__M_B__M0,1.9872152554625214e-15,1.9767284851002902e-15,1.9555563551800966e-15,1.0000000000000016,64,1.4432899320127035e-15,3.8878469334186305e-15,2.6481144900056975e-15,2.4735782084083593e-15,2.9533804995860336e-15,/Users/tinggong/Documents/Codex/2026-07-20/model-lineage-holonomy/work/TwistedMerge-model-lineage-holonomy/reports/tmp/model_lineage_holonomy/pilot/transport_maps_seed_0.npz,30942ce8c144bd47d72c23115249231950e8f17f2d4ff7d726a3d77eb576d8e6
0,late,M0,M_C,forward_lineage,orthogonal_procrustes,late__M0__M_C,1.9872152554625214e-15,1.9767284851002902e-15,1.9555563551800966e-15,1.0000000000000016,64,1.4432899320127035e-15,3.8878469334186305e-15,2.6481144900056975e-15,2.4735782084083593e-15,2.9533804995860336e-15,/Users/tinggong/Documents/Codex/2026-07-20/model-lineage-holonomy/work/TwistedMerge-model-lineage-holonomy/reports/tmp/model_lineage_holonomy/pilot/transport_maps_seed_0.npz,30942ce8c144bd47d72c23115249231950e8f17f2d4ff7d726a3d77eb576d8e6
0,late,M_C,M0,reverse_lineage,orthogonal_procrustes,late__M_C__M0,1.9872152554625214e-15,1.9767284851002902e-15,1.9555563551800966e-15,1.0000000000000016,64,1.4432899320127035e-15,3.8878469334186305e-15,2.6481144900056975e-15,2.4735782084083593e-15,2.9533804995860336e-15,/Users/tinggong/Documents/Codex/2026-07-20/model-lineage-holonomy/work/TwistedMerge-model-lineage-holonomy/reports/tmp/model_lineage_holonomy/pilot/transport_maps_seed_0.npz,30942ce8c144bd47d72c23115249231950e8f17f2d4ff7d726a3d77eb576d8e6
0,late,M_A,M_AB,forward_lineage,orthogonal_procrustes,late__M_A__M_AB,1.9872152554625214e-15,1.9767284851002902e-15,1.9555563551800966e-15,1.0000000000000016,64,1.4432899320127035e-15,3.8878469334186305e-15,2.6481144900056975e-15,2.4735782084083593e-15,2.9533804995860336e-15,/Users/tinggong/Documents/Codex/2026-07-20/model-lineage-holonomy/work/TwistedMerge-model-lineage-holonomy/reports/tmp/model_lineage_holonomy/pilot/transport_maps_seed_0.npz,30942ce8c144bd47d72c23115249231950e8f17f2d4ff7d726a3d77eb576d8e6
0,late,M_AB,M_A,reverse_lineage,orthogonal_procrustes,late__M_AB__M_A,1.9872152554625214e-15,1.9767284851002902e-15,1.9555563551800966e-15,1.0000000000000016,64,1.4432899320127035e-15,3.8878469334186305e-15,2.6481144900056975e-15,2.4735782084083593e-15,2.9533804995860336e-15,/Users/tinggong/Documents/Codex/2026-07-20/model-lineage-holonomy/work/TwistedMerge-model-lineage-holonomy/reports/tmp/model_lineage_holonomy/pilot/transport_maps_seed_0.npz,30942ce8c144bd47d72c23115249231950e8f17f2d4ff7d726a3d77eb576d8e6
0,late,M_A,M_AC,forward_lineage,orthogonal_procrustes,late__M_A__M_AC,1.9872152554625214e-15,1.9767284851002902e-15,1.9555563551800966e-15,1.0000000000000016,64,1.4432899320127035e-15,3.8878469334186305e-15,2.6481144900056975e-15,2.4735782084083593e-15,2.9533804995860336e-15,/Users/tinggong/Documents/Codex/2026-07-20/model-lineage-holonomy/work/TwistedMerge-model-lineage-holonomy/reports/tmp/model_lineage_holonomy/pilot/transport_maps_seed_0.npz,30942ce8c144bd47d72c23115249231950e8f17f2d4ff7d726a3d77eb576d8e6
0,late,M_AC,M_A,reverse_lineage,orthogonal_procrustes,late__M_AC__M_A,1.9872152554625214e-15,1.9767284851002902e-15,1.9555563551800966e-15,1.0000000000000016,64,1.4432899320127035e-15,3.8878469334186305e-15,2.6481144900056975e-15,2.4735782084083593e-15,2.9533804995860336e-15,/Users/tinggong/Documents/Codex/2026-07-20/model-lineage-holonomy/work/TwistedMerge-model-lineage-holonomy/reports/tmp/model_lineage_holonomy/pilot/transport_maps_seed_0.npz,30942ce8c144bd47d72c23115249231950e8f17f2d4ff7d726a3d77eb576d8e6
0,late,M_B,M_BA,forward_lineage,orthogonal_procrustes,late__M_B__M_BA,1.9872152554625214e-15,1.9767284851002902e-15,1.9555563551800966e-15,1.0000000000000016,64,1.4432899320127035e-15,3.8878469334186305e-15,2.6481144900056975e-15,2.4735782084083593e-15,2.9533804995860336e-15,/Users/tinggong/Documents/Codex/2026-07-20/model-lineage-holonomy/work/TwistedMerge-model-lineage-holonomy/reports/tmp/model_lineage_holonomy/pilot/transport_maps_seed_0.npz,30942ce8c144bd47d72c23115249231950e8f17f2d4ff7d726a3d77eb576d8e6
0,late,M_BA,M_B,reverse_lineage,orthogonal_procrustes,late__M_BA__M_B,1.9872152554625214e-15,1.9767284851002902e-15,1.9555563551800966e-15,1.0000000000000016,64,1.4432899320127035e-15,3.8878469334186305e-15,2.6481144900056975e-15,2.4735782084083593e-15,2.9533804995860336e-15,/Users/tinggong/Documents/Codex/2026-07-20/model-lineage-holonomy/work/TwistedMerge-model-lineage-holonomy/reports/tmp/model_lineage_holonomy/pilot/transport_maps_seed_0.npz,30942ce8c144bd47d72c23115249231950e8f17f2d4ff7d726a3d77eb576d8e6
0,late,M_B,M_BC,forward_lineage,orthogonal_procrustes,late__M_B__M_BC,1.9872152554625214e-15,1.9767284851002902e-15,1.9555563551800966e-15,1.0000000000000016,64,1.4432899320127035e-15,3.8878469334186305e-15,2.6481144900056975e-15,2.4735782084083593e-15,2.9533804995860336e-15,/Users/tinggong/Documents/Codex/2026-07-20/model-lineage-holonomy/work/TwistedMerge-model-lineage-holonomy/reports/tmp/model_lineage_holonomy/pilot/transport_maps_seed_0.npz,30942ce8c144bd47d72c23115249231950e8f17f2d4ff7d726a3d77eb576d8e6
0,late,M_BC,M_B,reverse_lineage,orthogonal_procrustes,late__M_BC__M_B,1.9872152554625214e-15,1.9767284851002902e-15,1.9555563551800966e-15,1.0000000000000016,64,1.4432899320127035e-15,3.8878469334186305e-15,2.6481144900056975e-15,2.4735782084083593e-15,2.9533804995860336e-15,/Users/tinggong/Documents/Codex/2026-07-20/model-lineage-holonomy/work/TwistedMerge-model-lineage-holonomy/reports/tmp/model_lineage_holonomy/pilot/transport_maps_seed_0.npz,30942ce8c144bd47d72c23115249231950e8f17f2d4ff7d726a3d77eb576d8e6
0,late,M_C,M_CA,forward_lineage,orthogonal_procrustes,late__M_C__M_CA,1.9872152554625214e-15,1.9767284851002902e-15,1.9555563551800966e-15,1.0000000000000016,64,1.4432899320127035e-15,3.8878469334186305e-15,2.6481144900056975e-15,2.4735782084083593e-15,2.9533804995860336e-15,/Users/tinggong/Documents/Codex/2026-07-20/model-lineage-holonomy/work/TwistedMerge-model-lineage-holonomy/reports/tmp/model_lineage_holonomy/pilot/transport_maps_seed_0.npz,30942ce8c144bd47d72c23115249231950e8f17f2d4ff7d726a3d77eb576d8e6
0,late,M_CA,M_C,reverse_lineage,orthogonal_procrustes,late__M_CA__M_C,1.9872152554625214e-15,1.9767284851002902e-15,1.9555563551800966e-15,1.0000000000000016,64,1.4432899320127035e-15,3.8878469334186305e-15,2.6481144900056975e-15,2.4735782084083593e-15,2.9533804995860336e-15,/Users/tinggong/Documents/Codex/2026-07-20/model-lineage-holonomy/work/TwistedMerge-model-lineage-holonomy/reports/tmp/model_lineage_holonomy/pilot/transport_maps_seed_0.npz,30942ce8c144bd47d72c23115249231950e8f17f2d4ff7d726a3d77eb576d8e6
0,late,M_C,M_CB,forward_lineage,orthogonal_procrustes,late__M_C__M_CB,1.9872152554625214e-15,1.9767284851002902e-15,1.9555563551800966e-15,1.0000000000000016,64,1.4432899320127035e-15,3.8878469334186305e-15,2.6481144900056975e-15,2.4735782084083593e-15,2.9533804995860336e-15,/Users/tinggong/Documents/Codex/2026-07-20/model-lineage-holonomy/work/TwistedMerge-model-lineage-holonomy/reports/tmp/model_lineage_holonomy/pilot/transport_maps_seed_0.npz,30942ce8c144bd47d72c23115249231950e8f17f2d4ff7d726a3d77eb576d8e6
0,late,M_CB,M_C,reverse_lineage,orthogonal_procrustes,late__M_CB__M_C,1.9872152554625214e-15,1.9767284851002902e-15,1.9555563551800966e-15,1.0000000000000016,64,1.4432899320127035e-15,3.8878469334186305e-15,2.6481144900056975e-15,2.4735782084083593e-15,2.9533804995860336e-15,/Users/tinggong/Documents/Codex/2026-07-20/model-lineage-holonomy/work/TwistedMerge-model-lineage-holonomy/reports/tmp/model_lineage_holonomy/pilot/transport_maps_seed_0.npz,30942ce8c144bd47d72c23115249231950e8f17f2d4ff7d726a3d77eb576d8e6
0,late,M_AB,M_ABC,forward_lineage,orthogonal_procrustes,late__M_AB__M_ABC,1.9872152554625214e-15,1.9767284851002902e-15,1.9555563551800966e-15,1.0000000000000016,64,1.4432899320127035e-15,3.8878469334186305e-15,2.6481144900056975e-15,2.4735782084083593e-15,2.9533804995860336e-15,/Users/tinggong/Documents/Codex/2026-07-20/model-lineage-holonomy/work/TwistedMerge-model-lineage-holonomy/reports/tmp/model_lineage_holonomy/pilot/transport_maps_seed_0.npz,30942ce8c144bd47d72c23115249231950e8f17f2d4ff7d726a3d77eb576d8e6
0,late,M_ABC,M_AB,reverse_lineage,orthogonal_procrustes,late__M_ABC__M_AB,1.9872152554625214e-15,1.9767284851002902e-15,1.9555563551800966e-15,1.0000000000000016,64,1.4432899320127035e-15,3.8878469334186305e-15,2.6481144900056975e-15,2.4735782084083593e-15,2.9533804995860336e-15,/Users/tinggong/Documents/Codex/2026-07-20/model-lineage-holonomy/work/TwistedMerge-model-lineage-holonomy/reports/tmp/model_lineage_holonomy/pilot/transport_maps_seed_0.npz,30942ce8c144bd47d72c23115249231950e8f17f2d4ff7d726a3d77eb576d8e6
0,late,M_AC,M_ACB,forward_lineage,orthogonal_procrustes,late__M_AC__M_ACB,1.9872152554625214e-15,1.9767284851002902e-15,1.9555563551800966e-15,1.0000000000000016,64,1.4432899320127035e-15,3.8878469334186305e-15,2.6481144900056975e-15,2.4735782084083593e-15,2.9533804995860336e-15,/Users/tinggong/Documents/Codex/2026-07-20/model-lineage-holonomy/work/TwistedMerge-model-lineage-holonomy/reports/tmp/model_lineage_holonomy/pilot/transport_maps_seed_0.npz,30942ce8c144bd47d72c23115249231950e8f17f2d4ff7d726a3d77eb576d8e6
0,late,M_ACB,M_AC,reverse_lineage,orthogonal_procrustes,late__M_ACB__M_AC,1.9872152554625214e-15,1.9767284851002902e-15,1.9555563551800966e-15,1.0000000000000016,64,1.4432899320127035e-15,3.8878469334186305e-15,2.6481144900056975e-15,2.4735782084083593e-15,2.9533804995860336e-15,/Users/tinggong/Documents/Codex/2026-07-20/model-lineage-holonomy/work/TwistedMerge-model-lineage-holonomy/reports/tmp/model_lineage_holonomy/pilot/transport_maps_seed_0.npz,30942ce8c144bd47d72c23115249231950e8f17f2d4ff7d726a3d77eb576d8e6
0,late,M_BA,M_BAC,forward_lineage,orthogonal_procrustes,late__M_BA__M_BAC,1.9872152554625214e-15,1.9767284851002902e-15,1.9555563551800966e-15,1.0000000000000016,64,1.4432899320127035e-15,3.8878469334186305e-15,2.6481144900056975e-15,2.4735782084083593e-15,2.9533804995860336e-15,/Users/tinggong/Documents/Codex/2026-07-20/model-lineage-holonomy/work/TwistedMerge-model-lineage-holonomy/reports/tmp/model_lineage_holonomy/pilot/transport_maps_seed_0.npz,30942ce8c144bd47d72c23115249231950e8f17f2d4ff7d726a3d77eb576d8e6
0,late,M_BAC,M_BA,reverse_lineage,orthogonal_procrustes,late__M_BAC__M_BA,1.9872152554625214e-15,1.9767284851002902e-15,1.9555563551800966e-15,1.0000000000000016,64,1.4432899320127035e-15,3.8878469334186305e-15,2.6481144900056975e-15,2.4735782084083593e-15,2.9533804995860336e-15,/Users/tinggong/Documents/Codex/2026-07-20/model-lineage-holonomy/work/TwistedMerge-model-lineage-holonomy/reports/tmp/model_lineage_holonomy/pilot/transport_maps_seed_0.npz,30942ce8c144bd47d72c23115249231950e8f17f2d4ff7d726a3d77eb576d8e6
0,late,M_BC,M_BCA,forward_lineage,orthogonal_procrustes,late__M_BC__M_BCA,1.9872152554625214e-15,1.9767284851002902e-15,1.9555563551800966e-15,1.0000000000000016,64,1.4432899320127035e-15,3.8878469334186305e-15,2.6481144900056975e-15,2.4735782084083593e-15,2.9533804995860336e-15,/Users/tinggong/Documents/Codex/2026-07-20/model-lineage-holonomy/work/TwistedMerge-model-lineage-holonomy/reports/tmp/model_lineage_holonomy/pilot/transport_maps_seed_0.npz,30942ce8c144bd47d72c23115249231950e8f17f2d4ff7d726a3d77eb576d8e6
0,late,M_BCA,M_BC,reverse_lineage,orthogonal_procrustes,late__M_BCA__M_BC,1.9872152554625214e-15,1.9767284851002902e-15,1.9555563551800966e-15,1.0000000000000016,64,1.4432899320127035e-15,3.8878469334186305e-15,2.6481144900056975e-15,2.4735782084083593e-15,2.9533804995860336e-15,/Users/tinggong/Documents/Codex/2026-07-20/model-lineage-holonomy/work/TwistedMerge-model-lineage-holonomy/reports/tmp/model_lineage_holonomy/pilot/transport_maps_seed_0.npz,30942ce8c144bd47d72c23115249231950e8f17f2d4ff7d726a3d77eb576d8e6
0,late,M_CA,M_CAB,forward_lineage,orthogonal_procrustes,late__M_CA__M_CAB,1.9872152554625214e-15,1.9767284851002902e-15,1.9555563551800966e-15,1.0000000000000016,64,1.4432899320127035e-15,3.8878469334186305e-15,2.6481144900056975e-15,2.4735782084083593e-15,2.9533804995860336e-15,/Users/tinggong/Documents/Codex/2026-07-20/model-lineage-holonomy/work/TwistedMerge-model-lineage-holonomy/reports/tmp/model_lineage_holonomy/pilot/transport_maps_seed_0.npz,30942ce8c144bd47d72c23115249231950e8f17f2d4ff7d726a3d77eb576d8e6
0,late,M_CAB,M_CA,reverse_lineage,orthogonal_procrustes,late__M_CAB__M_CA,1.9872152554625214e-15,1.9767284851002902e-15,1.9555563551800966e-15,1.0000000000000016,64,1.4432899320127035e-15,3.8878469334186305e-15,2.6481144900056975e-15,2.4735782084083593e-15,2.9533804995860336e-15,/Users/tinggong/Documents/Codex/2026-07-20/model-lineage-holonomy/work/TwistedMerge-model-lineage-holonomy/reports/tmp/model_lineage_holonomy/pilot/transport_maps_seed_0.npz,30942ce8c144bd47d72c23115249231950e8f17f2d4ff7d726a3d77eb576d8e6
0,late,M_CB,M_CBA,forward_lineage,orthogonal_procrustes,late__M_CB__M_CBA,1.9872152554625214e-15,1.9767284851002902e-15,1.9555563551800966e-15,1.0000000000000016,64,1.4432899320127035e-15,3.8878469334186305e-15,2.6481144900056975e-15,2.4735782084083593e-15,2.9533804995860336e-15,/Users/tinggong/Documents/Codex/2026-07-20/model-lineage-holonomy/work/TwistedMerge-model-lineage-holonomy/reports/tmp/model_lineage_holonomy/pilot/transport_maps_seed_0.npz,30942ce8c144bd47d72c23115249231950e8f17f2d4ff7d726a3d77eb576d8e6
0,late,M_CBA,M_CB,reverse_lineage,orthogonal_procrustes,late__M_CBA__M_CB,1.9872152554625214e-15,1.9767284851002902e-15,1.9555563551800966e-15,1.0000000000000016,64,1.4432899320127035e-15,3.8878469334186305e-15,2.6481144900056975e-15,2.4735782084083593e-15,2.9533804995860336e-15,/Users/tinggong/Documents/Codex/2026-07-20/model-lineage-holonomy/work/TwistedMerge-model-lineage-holonomy/reports/tmp/model_lineage_holonomy/pilot/transport_maps_seed_0.npz,30942ce8c144bd47d72c23115249231950e8f17f2d4ff7d726a3d77eb576d8e6
0,late,M_AB,M_B,loop_closing,orthogonal_procrustes,late__M_AB__M_B,1.9872152554625214e-15,1.9767284851002902e-15,1.9555563551800966e-15,1.0000000000000016,64,1.4432899320127035e-15,3.8878469334186305e-15,2.6481144900056975e-15,2.4735782084083593e-15,2.9533804995860336e-15,/Users/tinggong/Documents/Codex/2026-07-20/model-lineage-holonomy/work/TwistedMerge-model-lineage-holonomy/reports/tmp/model_lineage_holonomy/pilot/transport_maps_seed_0.npz,30942ce8c144bd47d72c23115249231950e8f17f2d4ff7d726a3d77eb576d8e6
0,late,M_B,M_AB,loop_closing,orthogonal_procrustes,late__M_B__M_AB,1.9872152554625214e-15,1.9767284851002902e-15,1.9555563551800966e-15,1.0000000000000016,64,1.4432899320127035e-15,3.8878469334186305e-15,2.6481144900056975e-15,2.4735782084083593e-15,2.9533804995860336e-15,/Users/tinggong/Documents/Codex/2026-07-20/model-lineage-holonomy/work/TwistedMerge-model-lineage-holonomy/reports/tmp/model_lineage_holonomy/pilot/transport_maps_seed_0.npz,30942ce8c144bd47d72c23115249231950e8f17f2d4ff7d726a3d77eb576d8e6
0,late,M_AC,M_C,loop_closing,orthogonal_procrustes,late__M_AC__M_C,1.9872152554625214e-15,1.9767284851002902e-15,1.9555563551800966e-15,1.0000000000000016,64,1.4432899320127035e-15,3.8878469334186305e-15,2.6481144900056975e-15,2.4735782084083593e-15,2.9533804995860336e-15,/Users/tinggong/Documents/Codex/2026-07-20/model-lineage-holonomy/work/TwistedMerge-model-lineage-holonomy/reports/tmp/model_lineage_holonomy/pilot/transport_maps_seed_0.npz,30942ce8c144bd47d72c23115249231950e8f17f2d4ff7d726a3d77eb576d8e6
0,late,M_C,M_AC,loop_closing,orthogonal_procrustes,late__M_C__M_AC,1.9872152554625214e-15,1.9767284851002902e-15,1.9555563551800966e-15,1.0000000000000016,64,1.4432899320127035e-15,3.8878469334186305e-15,2.6481144900056975e-15,2.4735782084083593e-15,2.9533804995860336e-15,/Users/tinggong/Documents/Codex/2026-07-20/model-lineage-holonomy/work/TwistedMerge-model-lineage-holonomy/reports/tmp/model_lineage_holonomy/pilot/transport_maps_seed_0.npz,30942ce8c144bd47d72c23115249231950e8f17f2d4ff7d726a3d77eb576d8e6
0,late,M_BC,M_C,loop_closing,orthogonal_procrustes,late__M_BC__M_C,1.9872152554625214e-15,1.9767284851002902e-15,1.9555563551800966e-15,1.0000000000000016,64,1.4432899320127035e-15,3.8878469334186305e-15,2.6481144900056975e-15,2.4735782084083593e-15,2.9533804995860336e-15,/Users/tinggong/Documents/Codex/2026-07-20/model-lineage-holonomy/work/TwistedMerge-model-lineage-holonomy/reports/tmp/model_lineage_holonomy/pilot/transport_maps_seed_0.npz,30942ce8c144bd47d72c23115249231950e8f17f2d4ff7d726a3d77eb576d8e6
0,late,M_C,M_BC,loop_closing,orthogonal_procrustes,late__M_C__M_BC,1.9872152554625214e-15,1.9767284851002902e-15,1.9555563551800966e-15,1.0000000000000016,64,1.4432899320127035e-15,3.8878469334186305e-15,2.6481144900056975e-15,2.4735782084083593e-15,2.9533804995860336e-15,/Users/tinggong/Documents/Codex/2026-07-20/model-lineage-holonomy/work/TwistedMerge-model-lineage-holonomy/reports/tmp/model_lineage_holonomy/pilot/transport_maps_seed_0.npz,30942ce8c144bd47d72c23115249231950e8f17f2d4ff7d726a3d77eb576d8e6
0,late,M_ABC,M_BAC,same_depth_closing,orthogonal_procrustes,late__M_ABC__M_BAC,1.9872152554625214e-15,1.9767284851002902e-15,1.9555563551800966e-15,1.0000000000000016,64,1.4432899320127035e-15,3.8878469334186305e-15,2.6481144900056975e-15,2.4735782084083593e-15,2.9533804995860336e-15,/Users/tinggong/Documents/Codex/2026-07-20/model-lineage-holonomy/work/TwistedMerge-model-lineage-holonomy/reports/tmp/model_lineage_holonomy/pilot/transport_maps_seed_0.npz,30942ce8c144bd47d72c23115249231950e8f17f2d4ff7d726a3d77eb576d8e6
0,late,M_BAC,M_ABC,same_depth_closing,orthogonal_procrustes,late__M_BAC__M_ABC,1.9872152554625214e-15,1.9767284851002902e-15,1.9555563551800966e-15,1.0000000000000016,64,1.4432899320127035e-15,3.8878469334186305e-15,2.6481144900056975e-15,2.4735782084083593e-15,2.9533804995860336e-15,/Users/tinggong/Documents/Codex/2026-07-20/model-lineage-holonomy/work/TwistedMerge-model-lineage-holonomy/reports/tmp/model_lineage_holonomy/pilot/transport_maps_seed_0.npz,30942ce8c144bd47d72c23115249231950e8f17f2d4ff7d726a3d77eb576d8e6
0,late,M_ABC,M_ACB,same_depth_closing,orthogonal_procrustes,late__M_ABC__M_ACB,1.9872152554625214e-15,1.9767284851002902e-15,1.9555563551800966e-15,1.0000000000000016,64,1.4432899320127035e-15,3.8878469334186305e-15,2.6481144900056975e-15,2.4735782084083593e-15,2.9533804995860336e-15,/Users/tinggong/Documents/Codex/2026-07-20/model-lineage-holonomy/work/TwistedMerge-model-lineage-holonomy/reports/tmp/model_lineage_holonomy/pilot/transport_maps_seed_0.npz,30942ce8c144bd47d72c23115249231950e8f17f2d4ff7d726a3d77eb576d8e6
0,late,M_ACB,M_ABC,same_depth_closing,orthogonal_procrustes,late__M_ACB__M_ABC,1.9872152554625214e-15,1.9767284851002902e-15,1.9555563551800966e-15,1.0000000000000016,64,1.4432899320127035e-15,3.8878469334186305e-15,2.6481144900056975e-15,2.4735782084083593e-15,2.9533804995860336e-15,/Users/tinggong/Documents/Codex/2026-07-20/model-lineage-holonomy/work/TwistedMerge-model-lineage-holonomy/reports/tmp/model_lineage_holonomy/pilot/transport_maps_seed_0.npz,30942ce8c144bd47d72c23115249231950e8f17f2d4ff7d726a3d77eb576d8e6
0,late,M_ACB,M_CAB,same_depth_closing,orthogonal_procrustes,late__M_ACB__M_CAB,1.9872152554625214e-15,1.9767284851002902e-15,1.9555563551800966e-15,1.0000000000000016,64,1.4432899320127035e-15,3.8878469334186305e-15,2.6481144900056975e-15,2.4735782084083593e-15,2.9533804995860336e-15,/Users/tinggong/Documents/Codex/2026-07-20/model-lineage-holonomy/work/TwistedMerge-model-lineage-holonomy/reports/tmp/model_lineage_holonomy/pilot/transport_maps_seed_0.npz,30942ce8c144bd47d72c23115249231950e8f17f2d4ff7d726a3d77eb576d8e6
0,late,M_CAB,M_ACB,same_depth_closing,orthogonal_procrustes,late__M_CAB__M_ACB,1.9872152554625214e-15,1.9767284851002902e-15,1.9555563551800966e-15,1.0000000000000016,64,1.4432899320127035e-15,3.8878469334186305e-15,2.6481144900056975e-15,2.4735782084083593e-15,2.9533804995860336e-15,/Users/tinggong/Documents/Codex/2026-07-20/model-lineage-holonomy/work/TwistedMerge-model-lineage-holonomy/reports/tmp/model_lineage_holonomy/pilot/transport_maps_seed_0.npz,30942ce8c144bd47d72c23115249231950e8f17f2d4ff7d726a3d77eb576d8e6
0,late,M_BAC,M_BCA,same_depth_closing,orthogonal_procrustes,late__M_BAC__M_BCA,1.9872152554625214e-15,1.9767284851002902e-15,1.9555563551800966e-15,1.0000000000000016,64,1.4432899320127035e-15,3.8878469334186305e-15,2.6481144900056975e-15,2.4735782084083593e-15,2.9533804995860336e-15,/Users/tinggong/Documents/Codex/2026-07-20/model-lineage-holonomy/work/TwistedMerge-model-lineage-holonomy/reports/tmp/model_lineage_holonomy/pilot/transport_maps_seed_0.npz,30942ce8c144bd47d72c23115249231950e8f17f2d4ff7d726a3d77eb576d8e6
0,late,M_BCA,M_BAC,same_depth_closing,orthogonal_procrustes,late__M_BCA__M_BAC,1.9872152554625214e-15,1.9767284851002902e-15,1.9555563551800966e-15,1.0000000000000016,64,1.4432899320127035e-15,3.8878469334186305e-15,2.6481144900056975e-15,2.4735782084083593e-15,2.9533804995860336e-15,/Users/tinggong/Documents/Codex/2026-07-20/model-lineage-holonomy/work/TwistedMerge-model-lineage-holonomy/reports/tmp/model_lineage_holonomy/pilot/transport_maps_seed_0.npz,30942ce8c144bd47d72c23115249231950e8f17f2d4ff7d726a3d77eb576d8e6
0,late,M_BCA,M_CBA,same_depth_closing,orthogonal_procrustes,late__M_BCA__M_CBA,1.9872152554625214e-15,1.9767284851002902e-15,1.9555563551800966e-15,1.0000000000000016,64,1.4432899320127035e-15,3.8878469334186305e-15,2.6481144900056975e-15,2.4735782084083593e-15,2.9533804995860336e-15,/Users/tinggong/Documents/Codex/2026-07-20/model-lineage-holonomy/work/TwistedMerge-model-lineage-holonomy/reports/tmp/model_lineage_holonomy/pilot/transport_maps_seed_0.npz,30942ce8c144bd47d72c23115249231950e8f17f2d4ff7d726a3d77eb576d8e6
0,late,M_CBA,M_BCA,same_depth_closing,orthogonal_procrustes,late__M_CBA__M_BCA,1.9872152554625214e-15,1.9767284851002902e-15,1.9555563551800966e-15,1.0000000000000016,64,1.4432899320127035e-15,3.8878469334186305e-15,2.6481144900056975e-15,2.4735782084083593e-15,2.9533804995860336e-15,/Users/tinggong/Documents/Codex/2026-07-20/model-lineage-holonomy/work/TwistedMerge-model-lineage-holonomy/reports/tmp/model_lineage_holonomy/pilot/transport_maps_seed_0.npz,30942ce8c144bd47d72c23115249231950e8f17f2d4ff7d726a3d77eb576d8e6
0,late,M_CAB,M_CBA,same_depth_closing,orthogonal_procrustes,late__M_CAB__M_CBA,1.9872152554625214e-15,1.9767284851002902e-15,1.9555563551800966e-15,1.0000000000000016,64,1.4432899320127035e-15,3.8878469334186305e-15,2.6481144900056975e-15,2.4735782084083593e-15,2.9533804995860336e-15,/Users/tinggong/Documents/Codex/2026-07-20/model-lineage-holonomy/work/TwistedMerge-model-lineage-holonomy/reports/tmp/model_lineage_holonomy/pilot/transport_maps_seed_0.npz,30942ce8c144bd47d72c23115249231950e8f17f2d4ff7d726a3d77eb576d8e6
0,late,M_CBA,M_CAB,same_depth_closing,orthogonal_procrustes,late__M_CBA__M_CAB,1.9872152554625214e-15,1.9767284851002902e-15,1.9555563551800966e-15,1.0000000000000016,64,1.4432899320127035e-15,3.8878469334186305e-15,2.6481144900056975e-15,2.4735782084083593e-15,2.9533804995860336e-15,/Users/tinggong/Documents/Codex/2026-07-20/model-lineage-holonomy/work/TwistedMerge-model-lineage-holonomy/reports/tmp/model_lineage_holonomy/pilot/transport_maps_seed_0.npz,30942ce8c144bd47d72c23115249231950e8f17f2d4ff7d726a3d77eb576d8e6
0,late,M_AB,M_BA,same_depth_closing,orthogonal_procrustes,late__M_AB__M_BA,1.9872152554625214e-15,1.9767284851002902e-15,1.9555563551800966e-15,1.0000000000000016,64,1.4432899320127035e-15,3.8878469334186305e-15,2.6481144900056975e-15,2.4735782084083593e-15,2.9533804995860336e-15,/Users/tinggong/Documents/Codex/2026-07-20/model-lineage-holonomy/work/TwistedMerge-model-lineage-holonomy/reports/tmp/model_lineage_holonomy/pilot/transport_maps_seed_0.npz,30942ce8c144bd47d72c23115249231950e8f17f2d4ff7d726a3d77eb576d8e6
0,late,M_BA,M_AB,same_depth_closing,orthogonal_procrustes,late__M_BA__M_AB,1.9872152554625214e-15,1.9767284851002902e-15,1.9555563551800966e-15,1.0000000000000016,64,1.4432899320127035e-15,3.8878469334186305e-15,2.6481144900056975e-15,2.4735782084083593e-15,2.9533804995860336e-15,/Users/tinggong/Documents/Codex/2026-07-20/model-lineage-holonomy/work/TwistedMerge-model-lineage-holonomy/reports/tmp/model_lineage_holonomy/pilot/transport_maps_seed_0.npz,30942ce8c144bd47d72c23115249231950e8f17f2d4ff7d726a3d77eb576d8e6
0,late,M_AC,M_CA,same_depth_closing,orthogonal_procrustes,late__M_AC__M_CA,1.9872152554625214e-15,1.9767284851002902e-15,1.9555563551800966e-15,1.0000000000000016,64,1.4432899320127035e-15,3.8878469334186305e-15,2.6481144900056975e-15,2.4735782084083593e-15,2.9533804995860336e-15,/Users/tinggong/Documents/Codex/2026-07-20/model-lineage-holonomy/work/TwistedMerge-model-lineage-holonomy/reports/tmp/model_lineage_holonomy/pilot/transport_maps_seed_0.npz,30942ce8c144bd47d72c23115249231950e8f17f2d4ff7d726a3d77eb576d8e6
0,late,M_CA,M_AC,same_depth_closing,orthogonal_procrustes,late__M_CA__M_AC,1.9872152554625214e-15,1.9767284851002902e-15,1.9555563551800966e-15,1.0000000000000016,64,1.4432899320127035e-15,3.8878469334186305e-15,2.6481144900056975e-15,2.4735782084083593e-15,2.9533804995860336e-15,/Users/tinggong/Documents/Codex/2026-07-20/model-lineage-holonomy/work/TwistedMerge-model-lineage-holonomy/reports/tmp/model_lineage_holonomy/pilot/transport_maps_seed_0.npz,30942ce8c144bd47d72c23115249231950e8f17f2d4ff7d726a3d77eb576d8e6
0,late,M_BC,M_CB,same_depth_closing,orthogonal_procrustes,late__M_BC__M_CB,1.9872152554625214e-15,1.9767284851002902e-15,1.9555563551800966e-15,1.0000000000000016,64,1.4432899320127035e-15,3.8878469334186305e-15,2.6481144900056975e-15,2.4735782084083593e-15,2.9533804995860336e-15,/Users/tinggong/Documents/Codex/2026-07-20/model-lineage-holonomy/work/TwistedMerge-model-lineage-holonomy/reports/tmp/model_lineage_holonomy/pilot/transport_maps_seed_0.npz,30942ce8c144bd47d72c23115249231950e8f17f2d4ff7d726a3d77eb576d8e6
0,late,M_CB,M_BC,same_depth_closing,orthogonal_procrustes,late__M_CB__M_BC,1.9872152554625214e-15,1.9767284851002902e-15,1.9555563551800966e-15,1.0000000000000016,64,1.4432899320127035e-15,3.8878469334186305e-15,2.6481144900056975e-15,2.4735782084083593e-15,2.9533804995860336e-15,/Users/tinggong/Documents/Codex/2026-07-20/model-lineage-holonomy/work/TwistedMerge-model-lineage-holonomy/reports/tmp/model_lineage_holonomy/pilot/transport_maps_seed_0.npz,30942ce8c144bd47d72c23115249231950e8f17f2d4ff7d726a3d77eb576d8e6
0,late,M_A,M_B,same_depth_closing,orthogonal_procrustes,late__M_A__M_B,1.9872152554625214e-15,1.9767284851002902e-15,1.9555563551800966e-15,1.0000000000000016,64,1.4432899320127035e-15,3.8878469334186305e-15,2.6481144900056975e-15,2.4735782084083593e-15,2.9533804995860336e-15,/Users/tinggong/Documents/Codex/2026-07-20/model-lineage-holonomy/work/TwistedMerge-model-lineage-holonomy/reports/tmp/model_lineage_holonomy/pilot/transport_maps_seed_0.npz,30942ce8c144bd47d72c23115249231950e8f17f2d4ff7d726a3d77eb576d8e6
0,late,M_B,M_A,same_depth_closing,orthogonal_procrustes,late__M_B__M_A,1.9872152554625214e-15,1.9767284851002902e-15,1.9555563551800966e-15,1.0000000000000016,64,1.4432899320127035e-15,3.8878469334186305e-15,2.6481144900056975e-15,2.4735782084083593e-15,2.9533804995860336e-15,/Users/tinggong/Documents/Codex/2026-07-20/model-lineage-holonomy/work/TwistedMerge-model-lineage-holonomy/reports/tmp/model_lineage_holonomy/pilot/transport_maps_seed_0.npz,30942ce8c144bd47d72c23115249231950e8f17f2d4ff7d726a3d77eb576d8e6
0,late,M_A,M_C,same_depth_closing,orthogonal_procrustes,late__M_A__M_C,1.9872152554625214e-15,1.9767284851002902e-15,1.9555563551800966e-15,1.0000000000000016,64,1.4432899320127035e-15,3.8878469334186305e-15,2.6481144900056975e-15,2.4735782084083593e-15,2.9533804995860336e-15,/Users/tinggong/Documents/Codex/2026-07-20/model-lineage-holonomy/work/TwistedMerge-model-lineage-holonomy/reports/tmp/model_lineage_holonomy/pilot/transport_maps_seed_0.npz,30942ce8c144bd47d72c23115249231950e8f17f2d4ff7d726a3d77eb576d8e6
0,late,M_C,M_A,same_depth_closing,orthogonal_procrustes,late__M_C__M_A,1.9872152554625214e-15,1.9767284851002902e-15,1.9555563551800966e-15,1.0000000000000016,64,1.4432899320127035e-15,3.8878469334186305e-15,2.6481144900056975e-15,2.4735782084083593e-15,2.9533804995860336e-15,/Users/tinggong/Documents/Codex/2026-07-20/model-lineage-holonomy/work/TwistedMerge-model-lineage-holonomy/reports/tmp/model_lineage_holonomy/pilot/transport_maps_seed_0.npz,30942ce8c144bd47d72c23115249231950e8f17f2d4ff7d726a3d77eb576d8e6
0,late,M_B,M_C,same_depth_closing,orthogonal_procrustes,late__M_B__M_C,1.9872152554625214e-15,1.9767284851002902e-15,1.9555563551800966e-15,1.0000000000000016,64,1.4432899320127035e-15,3.8878469334186305e-15,2.6481144900056975e-15,2.4735782084083593e-15,2.9533804995860336e-15,/Users/tinggong/Documents/Codex/2026-07-20/model-lineage-holonomy/work/TwistedMerge-model-lineage-holonomy/reports/tmp/model_lineage_holonomy/pilot/transport_maps_seed_0.npz,30942ce8c144bd47d72c23115249231950e8f17f2d4ff7d726a3d77eb576d8e6
0,late,M_C,M_B,same_depth_closing,orthogonal_procrustes,late__M_C__M_B,1.9872152554625214e-15,1.9767284851002902e-15,1.9555563551800966e-15,1.0000000000000016,64,1.4432899320127035e-15,3.8878469334186305e-15,2.6481144900056975e-15,2.4735782084083593e-15,2.9533804995860336e-15,/Users/tinggong/Documents/Codex/2026-07-20/model-lineage-holonomy/work/TwistedMerge-model-lineage-holonomy/reports/tmp/model_lineage_holonomy/pilot/transport_maps_seed_0.npz,30942ce8c144bd47d72c23115249231950e8f17f2d4ff7d726a3d77eb576d8e6
0,adapter,M0,M_A,forward_lineage,ridge_linear,adapter__M0__M_A,0.4398028061874883,0.45748542992693164,0.43590943161373724,138929335014.96936,4,1.3628324202476396,0.9707165219358986,0.05220290391872331,0.03722035666578296,0.07142432565040174,/Users/tinggong/Documents/Codex/2026-07-20/model-lineage-holonomy/work/TwistedMerge-model-lineage-holonomy/reports/tmp/model_lineage_holonomy/pilot/transport_maps_seed_0.npz,30942ce8c144bd47d72c23115249231950e8f17f2d4ff7d726a3d77eb576d8e6
0,adapter,M_A,M0,reverse_lineage,ridge_linear,adapter__M_A__M0,0.44982818780710154,0.4644604381840649,0.4449989483292079,80492367454.29434,4,1.1098578683039202,0.9711174929312077,0.06010344375074727,0.04333499347403798,0.08339369424244324,/Users/tinggong/Documents/Codex/2026-07-20/model-lineage-holonomy/work/TwistedMerge-model-lineage-holonomy/reports/tmp/model_lineage_holonomy/pilot/transport_maps_seed_0.npz,30942ce8c144bd47d72c23115249231950e8f17f2d4ff7d726a3d77eb576d8e6
0,adapter,M0,M_B,forward_lineage,ridge_linear,adapter__M0__M_B,0.2584276231253232,0.27909518187817495,0.2721831483233862,117345677997.55943,4,1.2331392432324657,0.9684484975578375,0.02926611100364431,0.02147537746179438,0.03856478176737055,/Users/tinggong/Documents/Codex/2026-07-20/model-lineage-holonomy/work/TwistedMerge-model-lineage-holonomy/reports/tmp/model_lineage_holonomy/pilot/transport_maps_seed_0.npz,30942ce8c144bd47d72c23115249231950e8f17f2d4ff7d726a3d77eb576d8e6
0,adapter,M_B,M0,reverse_lineage,ridge_linear,adapter__M_B__M0,0.2586767170728136,0.28043039729095365,0.27325812392252774,40250522807.47272,4,0.9865769374180343,0.968455918974211,0.03248992607718391,0.023907786340370957,0.04461248378147389,/Users/tinggong/Documents/Codex/2026-07-20/model-lineage-holonomy/work/TwistedMerge-model-lineage-holonomy/reports/tmp/model_lineage_holonomy/pilot/transport_maps_seed_0.npz,30942ce8c144bd47d72c23115249231950e8f17f2d4ff7d726a3d77eb576d8e6
0,adapter,M0,M_C,forward_lineage,ridge_linear,adapter__M0__M_C,0.29071729390088397,0.2914611248038713,0.30756996189817454,243350204382.92438,4,1.1815360793313197,0.9686055967149102,0.03453715418479044,0.02513115324766493,0.04788138198349621,/Users/tinggong/Documents/Codex/2026-07-20/model-lineage-holonomy/work/TwistedMerge-model-lineage-holonomy/reports/tmp/model_lineage_holonomy/pilot/transport_maps_seed_0.npz,30942ce8c144bd47d72c23115249231950e8f17f2d4ff7d726a3d77eb576d8e6
0,adapter,M_C,M0,reverse_lineage,ridge_linear,adapter__M_C__M0,0.29217335165542113,0.29716609673376365,0.31204098561193017,212948154945.81494,4,1.099153258051349,0.9686169152738006,0.03717361035023001,0.026621329231703794,0.049814570465047094,/Users/tinggong/Documents/Codex/2026-07-20/model-lineage-holonomy/work/TwistedMerge-model-lineage-holonomy/reports/tmp/model_lineage_holonomy/pilot/transport_maps_seed_0.npz,30942ce8c144bd47d72c23115249231950e8f17f2d4ff7d726a3d77eb576d8e6
0,adapter,M_A,M_AB,forward_lineage,ridge_linear,adapter__M_A__M_AB,0.4259095643688918,0.44411270079801407,0.4246612160064918,45142296540.39004,4,1.088012596988325,0.9697108168899811,0.05693551957444432,0.04030299704861534,0.08333918786395723,/Users/tinggong/Documents/Codex/2026-07-20/model-lineage-holonomy/work/TwistedMerge-model-lineage-holonomy/reports/tmp/model_lineage_holonomy/pilot/transport_maps_seed_0.npz,30942ce8c144bd47d72c23115249231950e8f17f2d4ff7d726a3d77eb576d8e6
0,adapter,M_AB,M_A,reverse_lineage,ridge_linear,adapter__M_AB__M_A,0.4155228463813182,0.43780289402928385,0.4170380094532472,335064725181.37354,4,1.1074310546259103,0.9696518803777908,0.0536344272872439,0.03981608740216018,0.07986065430845829,/Users/tinggong/Documents/Codex/2026-07-20/model-lineage-holonomy/work/TwistedMerge-model-lineage-holonomy/reports/tmp/model_lineage_holonomy/pilot/transport_maps_seed_0.npz,30942ce8c144bd47d72c23115249231950e8f17f2d4ff7d726a3d77eb576d8e6
0,adapter,M_A,M_AC,forward_lineage,ridge_linear,adapter__M_A__M_AC,0.4320575418665247,0.4557364606869684,0.4419958355305227,103728411505.07497,4,0.9852540567695677,0.9700919294175581,0.05981317213823503,0.041886473272693285,0.09185433092102328,/Users/tinggong/Documents/Codex/2026-07-20/model-lineage-holonomy/work/TwistedMerge-model-lineage-holonomy/reports/tmp/model_lineage_holonomy/pilot/transport_maps_seed_0.npz,30942ce8c144bd47d72c23115249231950e8f17f2d4ff7d726a3d77eb576d8e6
0,adapter,M_AC,M_A,reverse_lineage,ridge_linear,adapter__M_AC__M_A,0.4277171912403229,0.4523121551409307,0.4363613903387024,70896860696.37425,4,1.2296317214660268,0.9700245464606767,0.05291907673419786,0.03646320543173552,0.08320812854386883,/Users/tinggong/Documents/Codex/2026-07-20/model-lineage-holonomy/work/TwistedMerge-model-lineage-holonomy/reports/tmp/model_lineage_holonomy/pilot/transport_maps_seed_0.npz,30942ce8c144bd47d72c23115249231950e8f17f2d4ff7d726a3d77eb576d8e6
0,adapter,M_B,M_BA,forward_lineage,ridge_linear,adapter__M_B__M_BA,0.3986829481724554,0.4184530186024982,0.3985147816425865,52043665127.11267,4,1.2315442362379347,0.9697473562320714,0.05048976814541186,0.03517556441091626,0.0701815374938112,/Users/tinggong/Documents/Codex/2026-07-20/model-lineage-holonomy/work/TwistedMerge-model-lineage-holonomy/reports/tmp/model_lineage_holonomy/pilot/transport_maps_seed_0.npz,30942ce8c144bd47d72c23115249231950e8f17f2d4ff7d726a3d77eb576d8e6
0,adapter,M_BA,M_B,reverse_lineage,ridge_linear,adapter__M_BA__M_B,0.4101934583473748,0.42445895397142286,0.4086028117691414,38537512773.51148,4,1.082345855188045,0.9698040394059293,0.05365774355254129,0.041955547825174924,0.07131553888656636,/Users/tinggong/Documents/Codex/2026-07-20/model-lineage-holonomy/work/TwistedMerge-model-lineage-holonomy/reports/tmp/model_lineage_holonomy/pilot/transport_maps_seed_0.npz,30942ce8c144bd47d72c23115249231950e8f17f2d4ff7d726a3d77eb576d8e6
0,adapter,M_B,M_BC,forward_lineage,ridge_linear,adapter__M_B__M_BC,0.31603864222570865,0.3242553110631756,0.3321317830254404,23530011878.99294,4,0.997325996708772,0.9686510374712572,0.04044818965270186,0.03137656383752496,0.05529932347516928,/Users/tinggong/Documents/Codex/2026-07-20/model-lineage-holonomy/work/TwistedMerge-model-lineage-holonomy/reports/tmp/model_lineage_holonomy/pilot/transport_maps_seed_0.npz,30942ce8c144bd47d72c23115249231950e8f17f2d4ff7d726a3d77eb576d8e6
0,adapter,M_BC,M_B,reverse_lineage,ridge_linear,adapter__M_BC__M_B,0.31623546408771397,0.32453903950565854,0.33156177562415806,28952955562.302586,4,1.0866024202492872,0.9686550403433615,0.040214917737267146,0.0296932760350356,0.05635663982276425,/Users/tinggong/Documents/Codex/2026-07-20/model-lineage-holonomy/work/TwistedMerge-model-lineage-holonomy/reports/tmp/model_lineage_holonomy/pilot/transport_maps_seed_0.npz,30942ce8c144bd47d72c23115249231950e8f17f2d4ff7d726a3d77eb576d8e6
0,adapter,M_C,M_CA,forward_lineage,ridge_linear,adapter__M_C__M_CA,0.4176538469632162,0.4405035795666079,0.41971458113036064,49545089030.53439,4,1.3146396152181232,0.9714335490160122,0.052787890629179345,0.03571602842728808,0.07151529086941114,/Users/tinggong/Documents/Codex/2026-07-20/model-lineage-holonomy/work/TwistedMerge-model-lineage-holonomy/reports/tmp/model_lineage_holonomy/pilot/transport_maps_seed_0.npz,30942ce8c144bd47d72c23115249231950e8f17f2d4ff7d726a3d77eb576d8e6
0,adapter,M_CA,M_C,reverse_lineage,ridge_linear,adapter__M_CA__M_C,0.43443436883789605,0.4534694231335616,0.43671951854064117,64786374840.00822,4,0.9626750074728051,0.9712483885768542,0.05910198567442484,0.04458002287854123,0.07689938873554757,/Users/tinggong/Documents/Codex/2026-07-20/model-lineage-holonomy/work/TwistedMerge-model-lineage-holonomy/reports/tmp/model_lineage_holonomy/pilot/transport_maps_seed_0.npz,30942ce8c144bd47d72c23115249231950e8f17f2d4ff7d726a3d77eb576d8e6
0,adapter,M_C,M_CB,forward_lineage,ridge_linear,adapter__M_C__M_CB,0.31757200332547064,0.32745602265859397,0.33417358202499325,34927976624.56499,4,1.109136971047166,0.9685664489175406,0.03922845959717944,0.027607013362318442,0.054266324909682556,/Users/tinggong/Documents/Codex/2026-07-20/model-lineage-holonomy/work/TwistedMerge-model-lineage-holonomy/reports/tmp/model_lineage_holonomy/pilot/transport_maps_seed_0.npz,30942ce8c144bd47d72c23115249231950e8f17f2d4ff7d726a3d77eb576d8e6
0,adapter,M_CB,M_C,reverse_lineage,ridge_linear,adapter__M_CB__M_C,0.31732711065776587,0.3247396324804229,0.3355591879674078,24699746053.532333,4,1.0303646057535247,0.9685710061963205,0.04190095453823112,0.02880631128068168,0.06381253250946271,/Users/tinggong/Documents/Codex/2026-07-20/model-lineage-holonomy/work/TwistedMerge-model-lineage-holonomy/reports/tmp/model_lineage_holonomy/pilot/transport_maps_seed_0.npz,30942ce8c144bd47d72c23115249231950e8f17f2d4ff7d726a3d77eb576d8e6
0,adapter,M_AB,M_ABC,forward_lineage,ridge_linear,adapter__M_AB__M_ABC,0.31083518469474525,0.3176568817959023,0.3272789826034987,285908556636.09,4,0.9876761219656927,0.9687514355064357,0.04135804728467678,0.029273341396402457,0.0565173137944495,/Users/tinggong/Documents/Codex/2026-07-20/model-lineage-holonomy/work/TwistedMerge-model-lineage-holonomy/reports/tmp/model_lineage_holonomy/pilot/transport_maps_seed_0.npz,30942ce8c144bd47d72c23115249231950e8f17f2d4ff7d726a3d77eb576d8e6
0,adapter,M_ABC,M_AB,reverse_lineage,ridge_linear,adapter__M_ABC__M_AB,0.3096115956021001,0.3162020635239176,0.32553105219355993,482362745384.4036,4,1.0757451085607257,0.9687666949612492,0.04080263759505628,0.028792455148729107,0.05887980138728472,/Users/tinggong/Documents/Codex/2026-07-20/model-lineage-holonomy/work/TwistedMerge-model-lineage-holonomy/reports/tmp/model_lineage_holonomy/pilot/transport_maps_seed_0.npz,30942ce8c144bd47d72c23115249231950e8f17f2d4ff7d726a3d77eb576d8e6
0,adapter,M_AC,M_ACB,forward_lineage,ridge_linear,adapter__M_AC__M_ACB,0.3161860967309787,0.3226588980576293,0.3278913386840414,492197986425.9536,4,1.1274879426078355,0.9685799386449676,0.03875973364093932,0.026891716744696495,0.05598566964215403,/Users/tinggong/Documents/Codex/2026-07-20/model-lineage-holonomy/work/TwistedMerge-model-lineage-holonomy/reports/tmp/model_lineage_holonomy/pilot/transport_maps_seed_0.npz,30942ce8c144bd47d72c23115249231950e8f17f2d4ff7d726a3d77eb576d8e6
0,adapter,M_ACB,M_AC,reverse_lineage,ridge_linear,adapter__M_ACB__M_AC,0.31619549529315577,0.320184356665013,0.33062179904234335,86350423805.7734,4,1.0027181119361406,0.9685879756341631,0.04266067389267526,0.031151733438912237,0.05812675381511985,/Users/tinggong/Documents/Codex/2026-07-20/model-lineage-holonomy/work/TwistedMerge-model-lineage-holonomy/reports/tmp/model_lineage_holonomy/pilot/transport_maps_seed_0.npz,30942ce8c144bd47d72c23115249231950e8f17f2d4ff7d726a3d77eb576d8e6
0,adapter,M_BA,M_BAC,forward_lineage,ridge_linear,adapter__M_BA__M_BAC,0.42079213117663194,0.4436909501175881,0.4309484679309164,52198087124.20364,4,1.0054325966003759,0.9700077648177,0.05826196928681188,0.04631367273810953,0.07623240781786307,/Users/tinggong/Documents/Codex/2026-07-20/model-lineage-holonomy/work/TwistedMerge-model-lineage-holonomy/reports/tmp/model_lineage_holonomy/pilot/transport_maps_seed_0.npz,30942ce8c144bd47d72c23115249231950e8f17f2d4ff7d726a3d77eb576d8e6
0,adapter,M_BAC,M_BA,reverse_lineage,ridge_linear,adapter__M_BAC__M_BA,0.41617980562333895,0.44141978524578035,0.42484098298109735,44806825629.40877,4,1.2599102726680704,0.9699452739629258,0.05370546027538464,0.03778744261183084,0.076188782577952,/Users/tinggong/Documents/Codex/2026-07-20/model-lineage-holonomy/work/TwistedMerge-model-lineage-holonomy/reports/tmp/model_lineage_holonomy/pilot/transport_maps_seed_0.npz,30942ce8c144bd47d72c23115249231950e8f17f2d4ff7d726a3d77eb576d8e6
0,adapter,M_BC,M_BCA,forward_lineage,ridge_linear,adapter__M_BC__M_BCA,0.40953939639853454,0.4350468875669229,0.41440609981749943,515937957243.73083,4,1.3026089851016163,0.9715149407880393,0.05087728765045985,0.03600447353852933,0.07270922239833472,/Users/tinggong/Documents/Codex/2026-07-20/model-lineage-holonomy/work/TwistedMerge-model-lineage-holonomy/reports/tmp/model_lineage_holonomy/pilot/transport_maps_seed_0.npz,30942ce8c144bd47d72c23115249231950e8f17f2d4ff7d726a3d77eb576d8e6
0,adapter,M_BCA,M_BC,reverse_lineage,ridge_linear,adapter__M_BCA__M_BC,0.42818318276187267,0.4491898041944762,0.4333821892679867,888008493004.6901,4,0.9740198916349263,0.9712937089525902,0.059834646364195596,0.04675017934057124,0.07833535426497037,/Users/tinggong/Documents/Codex/2026-07-20/model-lineage-holonomy/work/TwistedMerge-model-lineage-holonomy/reports/tmp/model_lineage_holonomy/pilot/transport_maps_seed_0.npz,30942ce8c144bd47d72c23115249231950e8f17f2d4ff7d726a3d77eb576d8e6
0,adapter,M_CA,M_CAB,forward_lineage,ridge_linear,adapter__M_CA__M_CAB,0.4337434453237261,0.4511244936448447,0.4355359392630856,102216593327.70085,4,0.9596159809177727,0.9699633581336525,0.061119761385451596,0.04394329337610304,0.08608025008427501,/Users/tinggong/Documents/Codex/2026-07-20/model-lineage-holonomy/work/TwistedMerge-model-lineage-holonomy/reports/tmp/model_lineage_holonomy/pilot/transport_maps_seed_0.npz,30942ce8c144bd47d72c23115249231950e8f17f2d4ff7d726a3d77eb576d8e6
0,adapter,M_CAB,M_CA,reverse_lineage,ridge_linear,adapter__M_CAB__M_CA,0.42317149632331624,0.44367407907256556,0.42727206929759326,82970082699.89088,4,1.167330597583046,0.9699149353753393,0.05607347676378391,0.04207921540323332,0.07767039444509118,/Users/tinggong/Documents/Codex/2026-07-20/model-lineage-holonomy/work/TwistedMerge-model-lineage-holonomy/reports/tmp/model_lineage_holonomy/pilot/transport_maps_seed_0.npz,30942ce8c144bd47d72c23115249231950e8f17f2d4ff7d726a3d77eb576d8e6
0,adapter,M_CB,M_CBA,forward_lineage,ridge_linear,adapter__M_CB__M_CBA,0.39817037406550804,0.41898233205452207,0.39864897744902594,117334886391.58272,4,1.2498882362973722,0.9699011513805168,0.04902384114092305,0.035692179626169905,0.06986923130259023,/Users/tinggong/Documents/Codex/2026-07-20/model-lineage-holonomy/work/TwistedMerge-model-lineage-holonomy/reports/tmp/model_lineage_holonomy/pilot/transport_maps_seed_0.npz,30942ce8c144bd47d72c23115249231950e8f17f2d4ff7d726a3d77eb576d8e6
0,adapter,M_CBA,M_CB,reverse_lineage,ridge_linear,adapter__M_CBA__M_CB,0.41375527639520426,0.4294216506797612,0.4127444127346557,166549696700.26663,4,1.0627627687750323,0.9698739808433782,0.053524455213398686,0.042104103548546594,0.07124119110695894,/Users/tinggong/Documents/Codex/2026-07-20/model-lineage-holonomy/work/TwistedMerge-model-lineage-holonomy/reports/tmp/model_lineage_holonomy/pilot/transport_maps_seed_0.npz,30942ce8c144bd47d72c23115249231950e8f17f2d4ff7d726a3d77eb576d8e6
0,adapter,M_AB,M_B,loop_closing,ridge_linear,adapter__M_AB__M_B,0.0902099449138156,0.09175937462402953,0.09275564085351344,80769511100.8195,4,1.0913006149086844,0.9682735866767836,0.010724561742244005,0.008197692673530425,0.013999394742668083,/Users/tinggong/Documents/Codex/2026-07-20/model-lineage-holonomy/work/TwistedMerge-model-lineage-holonomy/reports/tmp/model_lineage_holonomy/pilot/transport_maps_seed_0.npz,30942ce8c144bd47d72c23115249231950e8f17f2d4ff7d726a3d77eb576d8e6
0,adapter,M_B,M_AB,loop_closing,ridge_linear,adapter__M_B__M_AB,0.08798630406080342,0.0894394909567494,0.09008192165832596,78417160420.96707,4,1.0765434023737226,0.9682728732750029,0.011237238712800985,0.008301218812768192,0.015533268528470699,/Users/tinggong/Documents/Codex/2026-07-20/model-lineage-holonomy/work/TwistedMerge-model-lineage-holonomy/reports/tmp/model_lineage_holonomy/pilot/transport_maps_seed_0.npz,30942ce8c144bd47d72c23115249231950e8f17f2d4ff7d726a3d77eb576d8e6
0,adapter,M_AC,M_C,loop_closing,ridge_linear,adapter__M_AC__M_C,0.1159380494245028,0.11583084827289455,0.12086318009394423,37956426287.73826,4,1.1812766404864912,0.9682985371971847,0.013871783593071785,0.010250364924305772,0.019841512341194655,/Users/tinggong/Documents/Codex/2026-07-20/model-lineage-holonomy/work/TwistedMerge-model-lineage-holonomy/reports/tmp/model_lineage_holonomy/pilot/transport_maps_seed_0.npz,30942ce8c144bd47d72c23115249231950e8f17f2d4ff7d726a3d77eb576d8e6
0,adapter,M_C,M_AC,loop_closing,ridge_linear,adapter__M_C__M_AC,0.11216239105511032,0.11206565068729983,0.11688038119057641,47938703012.68721,4,1.1055464790462133,0.9682987329122911,0.012989328024517958,0.01003660476227167,0.016990870560226464,/Users/tinggong/Documents/Codex/2026-07-20/model-lineage-holonomy/work/TwistedMerge-model-lineage-holonomy/reports/tmp/model_lineage_holonomy/pilot/transport_maps_seed_0.npz,30942ce8c144bd47d72c23115249231950e8f17f2d4ff7d726a3d77eb576d8e6
0,adapter,M_BC,M_C,loop_closing,ridge_linear,adapter__M_BC__M_C,0.07075254474324502,0.07277496336648197,0.07270777947609343,101285705488.4633,4,1.0288968430584908,0.9682498789234603,0.008861884837544652,0.006718689609921096,0.011507742891027904,/Users/tinggong/Documents/Codex/2026-07-20/model-lineage-holonomy/work/TwistedMerge-model-lineage-holonomy/reports/tmp/model_lineage_holonomy/pilot/transport_maps_seed_0.npz,30942ce8c144bd47d72c23115249231950e8f17f2d4ff7d726a3d77eb576d8e6
0,adapter,M_C,M_BC,loop_closing,ridge_linear,adapter__M_C__M_BC,0.07085404889924028,0.07323474500555346,0.07286880831439908,214809321156.8364,4,1.0627413962215437,0.9682497066351758,0.008637984835904704,0.005920298691045779,0.011986556293309827,/Users/tinggong/Documents/Codex/2026-07-20/model-lineage-holonomy/work/TwistedMerge-model-lineage-holonomy/reports/tmp/model_lineage_holonomy/pilot/transport_maps_seed_0.npz,30942ce8c144bd47d72c23115249231950e8f17f2d4ff7d726a3d77eb576d8e6
0,adapter,M_ABC,M_BAC,same_depth_closing,ridge_linear,adapter__M_ABC__M_BAC,0.11387193528482174,0.11813809859237781,0.11828723332748814,56070299258.09431,4,1.049385034646002,0.9682837554598381,0.014317240432888316,0.010997747257184878,0.019326521932587725,/Users/tinggong/Documents/Codex/2026-07-20/model-lineage-holonomy/work/TwistedMerge-model-lineage-holonomy/reports/tmp/model_lineage_holonomy/pilot/transport_maps_seed_0.npz,30942ce8c144bd47d72c23115249231950e8f17f2d4ff7d726a3d77eb576d8e6
0,adapter,M_BAC,M_ABC,same_depth_closing,ridge_linear,adapter__M_BAC__M_ABC,0.11623660934314554,0.12004552697569063,0.12048850912918638,60881289168.95825,4,1.0766537313121984,0.9682834106631814,0.013667800671606466,0.009992947020429188,0.01852272680577316,/Users/tinggong/Documents/Codex/2026-07-20/model-lineage-holonomy/work/TwistedMerge-model-lineage-holonomy/reports/tmp/model_lineage_holonomy/pilot/transport_maps_seed_0.npz,30942ce8c144bd47d72c23115249231950e8f17f2d4ff7d726a3d77eb576d8e6
0,adapter,M_ABC,M_ACB,same_depth_closing,ridge_linear,adapter__M_ABC__M_ACB,0.3002216091954129,0.30904666189440094,0.3165290028883559,19782417130.433846,4,1.0940990839871478,0.9686334339566404,0.03890242492095658,0.029825124658644467,0.05333042297853899,/Users/tinggong/Documents/Codex/2026-07-20/model-lineage-holonomy/work/TwistedMerge-model-lineage-holonomy/reports/tmp/model_lineage_holonomy/pilot/transport_maps_seed_0.npz,30942ce8c144bd47d72c23115249231950e8f17f2d4ff7d726a3d77eb576d8e6
0,adapter,M_ACB,M_ABC,same_depth_closing,ridge_linear,adapter__M_ACB__M_ABC,0.3008708099915187,0.3073369667474047,0.3184897548763289,20670073795.32014,4,1.0287489171041488,0.9686409355956178,0.04035345973829705,0.029762179410646204,0.05681743268935566,/Users/tinggong/Documents/Codex/2026-07-20/model-lineage-holonomy/work/TwistedMerge-model-lineage-holonomy/reports/tmp/model_lineage_holonomy/pilot/transport_maps_seed_0.npz,30942ce8c144bd47d72c23115249231950e8f17f2d4ff7d726a3d77eb576d8e6
0,adapter,M_ACB,M_CAB,same_depth_closing,ridge_linear,adapter__M_ACB__M_CAB,0.0842044417655937,0.0852387454479457,0.09006202167199388,85485943765.59662,4,1.0523708890805432,0.9682716219316432,0.011443118786283351,0.008633018950264042,0.015653033846745934,/Users/tinggong/Documents/Codex/2026-07-20/model-lineage-holonomy/work/TwistedMerge-model-lineage-holonomy/reports/tmp/model_lineage_holonomy/pilot/transport_maps_seed_0.npz,30942ce8c144bd47d72c23115249231950e8f17f2d4ff7d726a3d77eb576d8e6
0,adapter,M_CAB,M_ACB,same_depth_closing,ridge_linear,adapter__M_CAB__M_ACB,0.08495971622718078,0.08647409059279038,0.09101085696793387,206908368706.79913,4,1.0334451289030078,0.9682713737730778,0.011481873131349598,0.008669459666560643,0.015791551015098843,/Users/tinggong/Documents/Codex/2026-07-20/model-lineage-holonomy/work/TwistedMerge-model-lineage-holonomy/reports/tmp/model_lineage_holonomy/pilot/transport_maps_seed_0.npz,30942ce8c144bd47d72c23115249231950e8f17f2d4ff7d726a3d77eb576d8e6
0,adapter,M_BAC,M_BCA,same_depth_closing,ridge_linear,adapter__M_BAC__M_BCA,0.3783056639829691,0.40557267057369994,0.387059524856714,19367112244.188164,4,1.2643363675670305,0.9700158502978665,0.045903653307072724,0.03421102437818001,0.06117258361058642,/Users/tinggong/Documents/Codex/2026-07-20/model-lineage-holonomy/work/TwistedMerge-model-lineage-holonomy/reports/tmp/model_lineage_holonomy/pilot/transport_maps_seed_0.npz,30942ce8c144bd47d72c23115249231950e8f17f2d4ff7d726a3d77eb576d8e6
0,adapter,M_BCA,M_BAC,same_depth_closing,ridge_linear,adapter__M_BCA__M_BAC,0.3838500389017865,0.40898637120305076,0.39456031688177157,16265680031.222013,4,0.9922564382085998,0.9700450822697041,0.053513004269917765,0.03900167401542725,0.07598962668745936,/Users/tinggong/Documents/Codex/2026-07-20/model-lineage-holonomy/work/TwistedMerge-model-lineage-holonomy/reports/tmp/model_lineage_holonomy/pilot/transport_maps_seed_0.npz,30942ce8c144bd47d72c23115249231950e8f17f2d4ff7d726a3d77eb576d8e6
0,adapter,M_BCA,M_CBA,same_depth_closing,ridge_linear,adapter__M_BCA__M_CBA,0.1506571717754197,0.15800063710032547,0.15426307343010456,20667493544.456375,4,1.0529803386843488,0.9683089841362802,0.021727262733966825,0.01626901596359631,0.028871496260541078,/Users/tinggong/Documents/Codex/2026-07-20/model-lineage-holonomy/work/TwistedMerge-model-lineage-holonomy/reports/tmp/model_lineage_holonomy/pilot/transport_maps_seed_0.npz,30942ce8c144bd47d72c23115249231950e8f17f2d4ff7d726a3d77eb576d8e6
0,adapter,M_CBA,M_BCA,same_depth_closing,ridge_linear,adapter__M_CBA__M_BCA,0.15126103535235974,0.15821526042275966,0.15479287044132523,31933158473.783962,4,1.0439076803887652,0.9683036650635741,0.02127402665233045,0.016240589034951663,0.02842531880332483,/Users/tinggong/Documents/Codex/2026-07-20/model-lineage-holonomy/work/TwistedMerge-model-lineage-holonomy/reports/tmp/model_lineage_holonomy/pilot/transport_maps_seed_0.npz,30942ce8c144bd47d72c23115249231950e8f17f2d4ff7d726a3d77eb576d8e6
0,adapter,M_CAB,M_CBA,same_depth_closing,ridge_linear,adapter__M_CAB__M_CBA,0.38926588585683086,0.41161441379851266,0.3865238545154981,998932640442.6909,4,1.2400463626723188,0.9693140249679959,0.047700446769114536,0.03651697425444101,0.06289645752157173,/Users/tinggong/Documents/Codex/2026-07-20/model-lineage-holonomy/work/TwistedMerge-model-lineage-holonomy/reports/tmp/model_lineage_holonomy/pilot/transport_maps_seed_0.npz,30942ce8c144bd47d72c23115249231950e8f17f2d4ff7d726a3d77eb576d8e6
0,adapter,M_CBA,M_CAB,same_depth_closing,ridge_linear,adapter__M_CBA__M_CAB,0.3970828483904013,0.41557461961936826,0.39470714474265217,107260853153.67955,4,1.0554967146702738,0.9693254250653193,0.05357446588256317,0.03779632541772324,0.07467944248721715,/Users/tinggong/Documents/Codex/2026-07-20/model-lineage-holonomy/work/TwistedMerge-model-lineage-holonomy/reports/tmp/model_lineage_holonomy/pilot/transport_maps_seed_0.npz,30942ce8c144bd47d72c23115249231950e8f17f2d4ff7d726a3d77eb576d8e6
0,adapter,M_AB,M_BA,same_depth_closing,ridge_linear,adapter__M_AB__M_BA,0.3933093703663342,0.4136725937666458,0.39021343101646994,65723733096.38339,4,1.1907179040158333,0.9695089320609986,0.0494758637601588,0.036966011638564715,0.06657597465518275,/Users/tinggong/Documents/Codex/2026-07-20/model-lineage-holonomy/work/TwistedMerge-model-lineage-holonomy/reports/tmp/model_lineage_holonomy/pilot/transport_maps_seed_0.npz,30942ce8c144bd47d72c23115249231950e8f17f2d4ff7d726a3d77eb576d8e6
0,adapter,M_BA,M_AB,same_depth_closing,ridge_linear,adapter__M_BA__M_AB,0.39986932271360415,0.41721410739113135,0.39825801879329475,73078119157.91454,4,1.067550142920624,0.9695618638271185,0.052041046669014275,0.03872103152854799,0.07621895006202965,/Users/tinggong/Documents/Codex/2026-07-20/model-lineage-holonomy/work/TwistedMerge-model-lineage-holonomy/reports/tmp/model_lineage_holonomy/pilot/transport_maps_seed_0.npz,30942ce8c144bd47d72c23115249231950e8f17f2d4ff7d726a3d77eb576d8e6
0,adapter,M_AC,M_CA,same_depth_closing,ridge_linear,adapter__M_AC__M_CA,0.39446748679425186,0.4202334290211422,0.40005848476839956,69993351478.36151,4,1.2764173359743474,0.9702376780363807,0.04700686593141689,0.03434651801261707,0.07118428788379463,/Users/tinggong/Documents/Codex/2026-07-20/model-lineage-holonomy/work/TwistedMerge-model-lineage-holonomy/reports/tmp/model_lineage_holonomy/pilot/transport_maps_seed_0.npz,30942ce8c144bd47d72c23115249231950e8f17f2d4ff7d726a3d77eb576d8e6
0,adapter,M_CA,M_AC,same_depth_closing,ridge_linear,adapter__M_CA__M_AC,0.3999490548282502,0.4236283147158186,0.406845515821027,43588965339.381256,4,0.9207799250212215,0.9703030543536818,0.052715095528770094,0.038923548259308105,0.06903684970439793,/Users/tinggong/Documents/Codex/2026-07-20/model-lineage-holonomy/work/TwistedMerge-model-lineage-holonomy/reports/tmp/model_lineage_holonomy/pilot/transport_maps_seed_0.npz,30942ce8c144bd47d72c23115249231950e8f17f2d4ff7d726a3d77eb576d8e6
0,adapter,M_BC,M_CB,same_depth_closing,ridge_linear,adapter__M_BC__M_CB,0.29543726497460904,0.3035505052375942,0.31061409579499916,66331186470.0543,4,1.08505259076116,0.968504139263286,0.036680637155694445,0.026619361094912173,0.05106676358584616,/Users/tinggong/Documents/Codex/2026-07-20/model-lineage-holonomy/work/TwistedMerge-model-lineage-holonomy/reports/tmp/model_lineage_holonomy/pilot/transport_maps_seed_0.npz,30942ce8c144bd47d72c23115249231950e8f17f2d4ff7d726a3d77eb576d8e6
0,adapter,M_CB,M_BC,same_depth_closing,ridge_linear,adapter__M_CB__M_BC,0.2953797797414675,0.30283957183270027,0.3120137574018981,92165301776.71863,4,1.0223150767331313,0.9685037691171109,0.03754932469994731,0.027302763831199114,0.05162657084691706,/Users/tinggong/Documents/Codex/2026-07-20/model-lineage-holonomy/work/TwistedMerge-model-lineage-holonomy/reports/tmp/model_lineage_holonomy/pilot/transport_maps_seed_0.npz,30942ce8c144bd47d72c23115249231950e8f17f2d4ff7d726a3d77eb576d8e6
0,adapter,M_A,M_B,same_depth_closing,ridge_linear,adapter__M_A__M_B,0.44325318674577535,0.45944371516583665,0.4426860257007791,288081590681.37006,4,1.1068889635164672,0.970204984199249,0.05786216632074334,0.04234758942426614,0.0870409759347369,/Users/tinggong/Documents/Codex/2026-07-20/model-lineage-holonomy/work/TwistedMerge-model-lineage-holonomy/reports/tmp/model_lineage_holonomy/pilot/transport_maps_seed_0.npz,30942ce8c144bd47d72c23115249231950e8f17f2d4ff7d726a3d77eb576d8e6
0,adapter,M_B,M_A,same_depth_closing,ridge_linear,adapter__M_B__M_A,0.4249282605308989,0.4476726409970623,0.43095509248684755,784748898822.9541,4,1.1334877715562752,0.9701228844406509,0.05422292931032186,0.039140020143317675,0.06952643826975971,/Users/tinggong/Documents/Codex/2026-07-20/model-lineage-holonomy/work/TwistedMerge-model-lineage-holonomy/reports/tmp/model_lineage_holonomy/pilot/transport_maps_seed_0.npz,30942ce8c144bd47d72c23115249231950e8f17f2d4ff7d726a3d77eb576d8e6
0,adapter,M_A,M_C,same_depth_closing,ridge_linear,adapter__M_A__M_C,0.46546001746517385,0.48418894193675177,0.4704224065122459,17063113126.29486,4,1.0489322006337167,0.9708716318346806,0.06291275234877614,0.04651355259413164,0.08720895563531139,/Users/tinggong/Documents/Codex/2026-07-20/model-lineage-holonomy/work/TwistedMerge-model-lineage-holonomy/reports/tmp/model_lineage_holonomy/pilot/transport_maps_seed_0.npz,30942ce8c144bd47d72c23115249231950e8f17f2d4ff7d726a3d77eb576d8e6
0,adapter,M_C,M_A,same_depth_closing,ridge_linear,adapter__M_C__M_A,0.45314101900343845,0.47457147964134455,0.45974065396421,24054281818.017452,4,1.2708402227352484,0.9710240918460854,0.05643170826769218,0.03897451627001247,0.08273880694950492,/Users/tinggong/Documents/Codex/2026-07-20/model-lineage-holonomy/work/TwistedMerge-model-lineage-holonomy/reports/tmp/model_lineage_holonomy/pilot/transport_maps_seed_0.npz,30942ce8c144bd47d72c23115249231950e8f17f2d4ff7d726a3d77eb576d8e6
0,adapter,M_B,M_C,same_depth_closing,ridge_linear,adapter__M_B__M_C,0.33653478730506076,0.3443649086367021,0.35465708062480567,19946096774.926476,4,1.011500026150149,0.9687091892212588,0.044244131765263456,0.032819638776526806,0.06310382425116859,/Users/tinggong/Documents/Codex/2026-07-20/model-lineage-holonomy/work/TwistedMerge-model-lineage-holonomy/reports/tmp/model_lineage_holonomy/pilot/transport_maps_seed_0.npz,30942ce8c144bd47d72c23115249231950e8f17f2d4ff7d726a3d77eb576d8e6
0,adapter,M_C,M_B,same_depth_closing,ridge_linear,adapter__M_C__M_B,0.33669613033538937,0.34653789429517,0.3539615495301833,25274016973.043446,4,1.1105823463670745,0.9687026900490697,0.04235294111213137,0.031073491657715658,0.06001324387269778,/Users/tinggong/Documents/Codex/2026-07-20/model-lineage-holonomy/work/TwistedMerge-model-lineage-holonomy/reports/tmp/model_lineage_holonomy/pilot/transport_maps_seed_0.npz,30942ce8c144bd47d72c23115249231950e8f17f2d4ff7d726a3d77eb576d8e6
0,penultimate,M0,M_A,forward_lineage,whitened_cca,penultimate__M0__M_A,1.3337543390833158e-07,1.4062968380857032e-07,1.3958147481609365e-07,7.36818015772301,64,2.2749709373506803,1.2035405814339128e-14,6.585602641199363e-08,6.050572242742647e-08,7.273298258098446e-08,/Users/tinggong/Documents/Codex/2026-07-20/model-lineage-holonomy/work/TwistedMerge-model-lineage-holonomy/reports/tmp/model_lineage_holonomy/pilot/transport_maps_seed_0.npz,30942ce8c144bd47d72c23115249231950e8f17f2d4ff7d726a3d77eb576d8e6
0,penultimate,M_A,M0,reverse_lineage,whitened_cca,penultimate__M_A__M0,1.4202450677101368e-07,1.4872406670858417e-07,1.4964413216508735e-07,7.368180157723042,64,2.419327117595125,1.3054642168389057e-14,7.172530131902202e-08,6.352412929624915e-08,8.053457235267152e-08,/Users/tinggong/Documents/Codex/2026-07-20/model-lineage-holonomy/work/TwistedMerge-model-lineage-holonomy/reports/tmp/model_lineage_holonomy/pilot/transport_maps_seed_0.npz,30942ce8c144bd47d72c23115249231950e8f17f2d4ff7d726a3d77eb576d8e6
0,penultimate,M0,M_B,forward_lineage,whitened_cca,penultimate__M0__M_B,1.2959611589671737e-07,1.3653569253746617e-07,1.3744182439698848e-07,4.032818977305899,64,1.3104865013144948,1.186989364235202e-14,6.545955504044247e-08,6.039637222433787e-08,7.041152750271292e-08,/Users/tinggong/Documents/Codex/2026-07-20/model-lineage-holonomy/work/TwistedMerge-model-lineage-holonomy/reports/tmp/model_lineage_holonomy/pilot/transport_maps_seed_0.npz,30942ce8c144bd47d72c23115249231950e8f17f2d4ff7d726a3d77eb576d8e6
0,penultimate,M_B,M0,reverse_lineage,whitened_cca,penultimate__M_B__M0,1.3490355361500518e-07,1.4195917436663403e-07,1.4367399304624572e-07,4.032818977305877,64,1.7404105127646758,1.257842775516414e-14,7.259332304281435e-08,6.575380753806928e-08,8.035840199592004e-08,/Users/tinggong/Documents/Codex/2026-07-20/model-lineage-holonomy/work/TwistedMerge-model-lineage-holonomy/reports/tmp/model_lineage_holonomy/pilot/transport_maps_seed_0.npz,30942ce8c144bd47d72c23115249231950e8f17f2d4ff7d726a3d77eb576d8e6
0,penultimate,M0,M_C,forward_lineage,whitened_cca,penultimate__M0__M_C,1.2840301688212043e-07,1.3539177392783504e-07,1.3571989808053642e-07,4.347191518874156,64,1.8440527700093328,1.267711445412742e-14,6.307373373636825e-08,5.797488014370759e-08,6.846719157396141e-08,/Users/tinggong/Documents/Codex/2026-07-20/model-lineage-holonomy/work/TwistedMerge-model-lineage-holonomy/reports/tmp/model_lineage_holonomy/pilot/transport_maps_seed_0.npz,30942ce8c144bd47d72c23115249231950e8f17f2d4ff7d726a3d77eb576d8e6
0,penultimate,M_C,M0,reverse_lineage,whitened_cca,penultimate__M_C__M0,1.298581354682802e-07,1.3728851684480596e-07,1.3798910547120712e-07,4.347191518874146,64,1.397587495510095,1.278249354581056e-14,6.195390038771301e-08,5.704834955364667e-08,6.734795081293845e-08,/Users/tinggong/Documents/Codex/2026-07-20/model-lineage-holonomy/work/TwistedMerge-model-lineage-holonomy/reports/tmp/model_lineage_holonomy/pilot/transport_maps_seed_0.npz,30942ce8c144bd47d72c23115249231950e8f17f2d4ff7d726a3d77eb576d8e6
0,penultimate,M_A,M_AB,forward_lineage,whitened_cca,penultimate__M_A__M_AB,1.4199199849795702e-07,1.4950486938792165e-07,1.5096738764759846e-07,6.663321369288648,64,1.9909838180123751,1.1831460824379195e-14,7.553207458708429e-08,6.844744359627981e-08,8.263632768690277e-08,/Users/tinggong/Documents/Codex/2026-07-20/model-lineage-holonomy/work/TwistedMerge-model-lineage-holonomy/reports/tmp/model_lineage_holonomy/pilot/transport_maps_seed_0.npz,30942ce8c144bd47d72c23115249231950e8f17f2d4ff7d726a3d77eb576d8e6
0,penultimate,M_AB,M_A,reverse_lineage,whitened_cca,penultimate__M_AB__M_A,1.4092362690643928e-07,1.4971484417887367e-07,1.5027037607758784e-07,6.6633213692886475,64,2.4175970857832327,1.2426033692590256e-14,7.80891978881189e-08,6.983309808328315e-08,8.852017951641777e-08,/Users/tinggong/Documents/Codex/2026-07-20/model-lineage-holonomy/work/TwistedMerge-model-lineage-holonomy/reports/tmp/model_lineage_holonomy/pilot/transport_maps_seed_0.npz,30942ce8c144bd47d72c23115249231950e8f17f2d4ff7d726a3d77eb576d8e6
0,penultimate,M_A,M_AC,forward_lineage,whitened_cca,penultimate__M_A__M_AC,1.4075353213982787e-07,1.495771768725812e-07,1.4889776471073124e-07,6.88620639066731,64,2.3525583000424737,1.206622670095569e-14,7.229513677952214e-08,6.581266288206405e-08,8.060434933644632e-08,/Users/tinggong/Documents/Codex/2026-07-20/model-lineage-holonomy/work/TwistedMerge-model-lineage-holonomy/reports/tmp/model_lineage_holonomy/pilot/transport_maps_seed_0.npz,30942ce8c144bd47d72c23115249231950e8f17f2d4ff7d726a3d77eb576d8e6
0,penultimate,M_AC,M_A,reverse_lineage,whitened_cca,penultimate__M_AC__M_A,1.3364370307457745e-07,1.4399597549446872e-07,1.4164735609368668e-07,6.8862063906672795,64,2.1387033120432246,1.189644411605131e-14,6.664706548766769e-08,6.179110007288892e-08,7.33828467000732e-08,/Users/tinggong/Documents/Codex/2026-07-20/model-lineage-holonomy/work/TwistedMerge-model-lineage-holonomy/reports/tmp/model_lineage_holonomy/pilot/transport_maps_seed_0.npz,30942ce8c144bd47d72c23115249231950e8f17f2d4ff7d726a3d77eb576d8e6
0,penultimate,M_B,M_BA,forward_lineage,whitened_cca,penultimate__M_B__M_BA,1.417327586013301e-07,1.5034520378156117e-07,1.5036682817900797e-07,9.032935103788022,64,2.479179110637407,1.4544120925742876e-14,7.866655658991556e-08,7.155341564332397e-08,8.75490816946347e-08,/Users/tinggong/Documents/Codex/2026-07-20/model-lineage-holonomy/work/TwistedMerge-model-lineage-holonomy/reports/tmp/model_lineage_holonomy/pilot/transport_maps_seed_0.npz,30942ce8c144bd47d72c23115249231950e8f17f2d4ff7d726a3d77eb576d8e6
0,penultimate,M_BA,M_B,reverse_lineage,whitened_cca,penultimate__M_BA__M_B,1.4877971816915973e-07,1.5636290402407882e-07,1.5760902833162612e-07,9.03293510378796,64,2.8814542122271827,1.6794181921817805e-14,8.854236544005536e-08,7.833491160475397e-08,1.0058327951550873e-07,/Users/tinggong/Documents/Codex/2026-07-20/model-lineage-holonomy/work/TwistedMerge-model-lineage-holonomy/reports/tmp/model_lineage_holonomy/pilot/transport_maps_seed_0.npz,30942ce8c144bd47d72c23115249231950e8f17f2d4ff7d726a3d77eb576d8e6
0,penultimate,M_B,M_BC,forward_lineage,whitened_cca,penultimate__M_B__M_BC,1.3875374464685828e-07,1.4600357017400385e-07,1.4932067307270412e-07,7.057453138510003,64,2.640371587840381,1.1533599488239331e-14,7.406352812612877e-08,6.60448149627447e-08,8.398243099249136e-08,/Users/tinggong/Documents/Codex/2026-07-20/model-lineage-holonomy/work/TwistedMerge-model-lineage-holonomy/reports/tmp/model_lineage_holonomy/pilot/transport_maps_seed_0.npz,30942ce8c144bd47d72c23115249231950e8f17f2d4ff7d726a3d77eb576d8e6
0,penultimate,M_BC,M_B,reverse_lineage,whitened_cca,penultimate__M_BC__M_B,1.3570117987765064e-07,1.4294438744755094e-07,1.455608307866979e-07,7.057453138510011,64,1.9690968261606236,1.1068033015829445e-14,6.784498660782876e-08,6.269998733357373e-08,7.420837836391974e-08,/Users/tinggong/Documents/Codex/2026-07-20/model-lineage-holonomy/work/TwistedMerge-model-lineage-holonomy/reports/tmp/model_lineage_holonomy/pilot/transport_maps_seed_0.npz,30942ce8c144bd47d72c23115249231950e8f17f2d4ff7d726a3d77eb576d8e6
0,penultimate,M_C,M_CA,forward_lineage,whitened_cca,penultimate__M_C__M_CA,1.3479744876352868e-07,1.4360092799307357e-07,1.4366805891820207e-07,6.203040382093291,64,2.0795822083912046,1.1765737408333903e-14,6.657452663919917e-08,6.125509160578863e-08,7.17331047448059e-08,/Users/tinggong/Documents/Codex/2026-07-20/model-lineage-holonomy/work/TwistedMerge-model-lineage-holonomy/reports/tmp/model_lineage_holonomy/pilot/transport_maps_seed_0.npz,30942ce8c144bd47d72c23115249231950e8f17f2d4ff7d726a3d77eb576d8e6
0,penultimate,M_CA,M_C,reverse_lineage,whitened_cca,penultimate__M_CA__M_C,1.4234644040972683e-07,1.4990568021484847e-07,1.5194658196990952e-07,6.203040382093296,64,2.0986194398107187,1.2387303129402328e-14,7.201204387019319e-08,6.576415450047661e-08,8.052559841170402e-08,/Users/tinggong/Documents/Codex/2026-07-20/model-lineage-holonomy/work/TwistedMerge-model-lineage-holonomy/reports/tmp/model_lineage_holonomy/pilot/transport_maps_seed_0.npz,30942ce8c144bd47d72c23115249231950e8f17f2d4ff7d726a3d77eb576d8e6
0,penultimate,M_C,M_CB,forward_lineage,whitened_cca,penultimate__M_C__M_CB,1.3323680457411043e-07,1.4211122207300945e-07,1.419032887981494e-07,6.617400061587754,64,1.8574721429962815,1.1397908205616e-14,6.572670276619385e-08,6.038968507337417e-08,7.186391561234024e-08,/Users/tinggong/Documents/Codex/2026-07-20/model-lineage-holonomy/work/TwistedMerge-model-lineage-holonomy/reports/tmp/model_lineage_holonomy/pilot/transport_maps_seed_0.npz,30942ce8c144bd47d72c23115249231950e8f17f2d4ff7d726a3d77eb576d8e6
0,penultimate,M_CB,M_C,reverse_lineage,whitened_cca,penultimate__M_CB__M_C,1.3718819774211081e-07,1.4596873337609884e-07,1.467861470681794e-07,6.617400061587716,64,2.5672077134316806,1.1670990927956054e-14,7.228712127075202e-08,6.409314930963123e-08,8.079958537612663e-08,/Users/tinggong/Documents/Codex/2026-07-20/model-lineage-holonomy/work/TwistedMerge-model-lineage-holonomy/reports/tmp/model_lineage_holonomy/pilot/transport_maps_seed_0.npz,30942ce8c144bd47d72c23115249231950e8f17f2d4ff7d726a3d77eb576d8e6
0,penultimate,M_AB,M_ABC,forward_lineage,whitened_cca,penultimate__M_AB__M_ABC,1.395795477341628e-07,1.4635951182959224e-07,1.4868756102054826e-07,6.468636702300959,64,2.4525616824461416,1.2710183196701762e-14,7.685413884067215e-08,6.861061326367891e-08,8.792678432277673e-08,/Users/tinggong/Documents/Codex/2026-07-20/model-lineage-holonomy/work/TwistedMerge-model-lineage-holonomy/reports/tmp/model_lineage_holonomy/pilot/transport_maps_seed_0.npz,30942ce8c144bd47d72c23115249231950e8f17f2d4ff7d726a3d77eb576d8e6
0,penultimate,M_ABC,M_AB,reverse_lineage,whitened_cca,penultimate__M_ABC__M_AB,1.368486648104505e-07,1.4391767000767804e-07,1.4519398280654738e-07,6.468636702300953,64,1.8850611648193338,1.2316265946675142e-14,6.983889247882113e-08,6.473566948186327e-08,7.538259725793826e-08,/Users/tinggong/Documents/Codex/2026-07-20/model-lineage-holonomy/work/TwistedMerge-model-lineage-holonomy/reports/tmp/model_lineage_holonomy/pilot/transport_maps_seed_0.npz,30942ce8c144bd47d72c23115249231950e8f17f2d4ff7d726a3d77eb576d8e6
0,penultimate,M_AC,M_ACB,forward_lineage,whitened_cca,penultimate__M_AC__M_ACB,1.3203501879553736e-07,1.4215849670648834e-07,1.4235292479701202e-07,5.85635063813596,64,1.7880901788437056,1.1087483700475289e-14,6.542774808827336e-08,6.021173762292106e-08,7.232072412680725e-08,/Users/tinggong/Documents/Codex/2026-07-20/model-lineage-holonomy/work/TwistedMerge-model-lineage-holonomy/reports/tmp/model_lineage_holonomy/pilot/transport_maps_seed_0.npz,30942ce8c144bd47d72c23115249231950e8f17f2d4ff7d726a3d77eb576d8e6
0,penultimate,M_ACB,M_AC,reverse_lineage,whitened_cca,penultimate__M_ACB__M_AC,1.3632686145463443e-07,1.4561583821744666e-07,1.4776558328325165e-07,5.856350638135953,64,2.252182517899162,1.1411819451302994e-14,7.17285392689145e-08,6.44184820838648e-08,7.960700534309173e-08,/Users/tinggong/Documents/Codex/2026-07-20/model-lineage-holonomy/work/TwistedMerge-model-lineage-holonomy/reports/tmp/model_lineage_holonomy/pilot/transport_maps_seed_0.npz,30942ce8c144bd47d72c23115249231950e8f17f2d4ff7d726a3d77eb576d8e6
0,penultimate,M_BA,M_BAC,forward_lineage,whitened_cca,penultimate__M_BA__M_BAC,1.4913491554978288e-07,1.5858384531469157e-07,1.5848807071271562e-07,9.104675867033032,64,3.076231764751331,1.2977547625527384e-14,8.796819894637138e-08,7.881220887494498e-08,1.0083110549142289e-07,/Users/tinggong/Documents/Codex/2026-07-20/model-lineage-holonomy/work/TwistedMerge-model-lineage-holonomy/reports/tmp/model_lineage_holonomy/pilot/transport_maps_seed_0.npz,30942ce8c144bd47d72c23115249231950e8f17f2d4ff7d726a3d77eb576d8e6
0,penultimate,M_BAC,M_BA,reverse_lineage,whitened_cca,penultimate__M_BAC__M_BA,1.4006253294983082e-07,1.4976384480895713e-07,1.4792470040654373e-07,9.104675867033007,64,2.3452425215758415,1.1577268898758433e-14,7.331061428087262e-08,6.706668272872867e-08,8.123627917473058e-08,/Users/tinggong/Documents/Codex/2026-07-20/model-lineage-holonomy/work/TwistedMerge-model-lineage-holonomy/reports/tmp/model_lineage_holonomy/pilot/transport_maps_seed_0.npz,30942ce8c144bd47d72c23115249231950e8f17f2d4ff7d726a3d77eb576d8e6
0,penultimate,M_BC,M_BCA,forward_lineage,whitened_cca,penultimate__M_BC__M_BCA,1.380313424768202e-07,1.4635664112448402e-07,1.474733668143851e-07,5.982374703858952,64,2.0842932543873216,1.0636429423625365e-14,6.950650874581409e-08,6.363974630766533e-08,7.692904348627056e-08,/Users/tinggong/Documents/Codex/2026-07-20/model-lineage-holonomy/work/TwistedMerge-model-lineage-holonomy/reports/tmp/model_lineage_holonomy/pilot/transport_maps_seed_0.npz,30942ce8c144bd47d72c23115249231950e8f17f2d4ff7d726a3d77eb576d8e6
0,penultimate,M_BCA,M_BC,reverse_lineage,whitened_cca,penultimate__M_BCA__M_BC,1.4567099117706898e-07,1.5204356942023216e-07,1.5482526790061882e-07,5.982374703858959,64,1.9908582421341912,1.0831011781421884e-14,7.535718833710087e-08,6.82885488973431e-08,8.380003392821351e-08,/Users/tinggong/Documents/Codex/2026-07-20/model-lineage-holonomy/work/TwistedMerge-model-lineage-holonomy/reports/tmp/model_lineage_holonomy/pilot/transport_maps_seed_0.npz,30942ce8c144bd47d72c23115249231950e8f17f2d4ff7d726a3d77eb576d8e6
0,penultimate,M_CA,M_CAB,forward_lineage,whitened_cca,penultimate__M_CA__M_CAB,1.4529272027110387e-07,1.522029344297824e-07,1.5414729922889433e-07,9.382339418585747,64,2.3745319590150205,1.5953898130633728e-14,7.40458215897764e-08,6.757358594457535e-08,8.185249379456458e-08,/Users/tinggong/Documents/Codex/2026-07-20/model-lineage-holonomy/work/TwistedMerge-model-lineage-holonomy/reports/tmp/model_lineage_holonomy/pilot/transport_maps_seed_0.npz,30942ce8c144bd47d72c23115249231950e8f17f2d4ff7d726a3d77eb576d8e6
0,penultimate,M_CAB,M_CA,reverse_lineage,whitened_cca,penultimate__M_CAB__M_CA,1.4450668533984098e-07,1.5381563217892877e-07,1.538873310327211e-07,9.382339418585854,64,3.153852116359303,1.7362557931646056e-14,7.834464871127545e-08,7.141809149926904e-08,8.885899264604986e-08,/Users/tinggong/Documents/Codex/2026-07-20/model-lineage-holonomy/work/TwistedMerge-model-lineage-holonomy/reports/tmp/model_lineage_holonomy/pilot/transport_maps_seed_0.npz,30942ce8c144bd47d72c23115249231950e8f17f2d4ff7d726a3d77eb576d8e6
0,penultimate,M_CB,M_CBA,forward_lineage,whitened_cca,penultimate__M_CB__M_CBA,1.4077661029833086e-07,1.5067014060678777e-07,1.4885454195805993e-07,7.358313831811935,64,2.221018106340367,1.2928056420011683e-14,7.799823646303128e-08,7.062194328128831e-08,8.727815125627757e-08,/Users/tinggong/Documents/Codex/2026-07-20/model-lineage-holonomy/work/TwistedMerge-model-lineage-holonomy/reports/tmp/model_lineage_holonomy/pilot/transport_maps_seed_0.npz,30942ce8c144bd47d72c23115249231950e8f17f2d4ff7d726a3d77eb576d8e6
0,penultimate,M_CBA,M_CB,reverse_lineage,whitened_cca,penultimate__M_CBA__M_CB,1.4699071238540424e-07,1.5596398109582565e-07,1.554881255685483e-07,7.358313831811992,64,2.4737369389520363,1.3603775143562129e-14,8.703946308161853e-08,7.664313088543276e-08,9.992546310756956e-08,/Users/tinggong/Documents/Codex/2026-07-20/model-lineage-holonomy/work/TwistedMerge-model-lineage-holonomy/reports/tmp/model_lineage_holonomy/pilot/transport_maps_seed_0.npz,30942ce8c144bd47d72c23115249231950e8f17f2d4ff7d726a3d77eb576d8e6
0,penultimate,M_AB,M_B,loop_closing,whitened_cca,penultimate__M_AB__M_B,1.3625712971217486e-07,1.438743625748501e-07,1.4550608563589312e-07,2.4709975568795857,64,0.9759183987566288,1.277515412628575e-14,7.946370904349809e-08,6.98554728854895e-08,9.039796870882183e-08,/Users/tinggong/Documents/Codex/2026-07-20/model-lineage-holonomy/work/TwistedMerge-model-lineage-holonomy/reports/tmp/model_lineage_holonomy/pilot/transport_maps_seed_0.npz,30942ce8c144bd47d72c23115249231950e8f17f2d4ff7d726a3d77eb576d8e6
0,penultimate,M_B,M_AB,loop_closing,whitened_cca,penultimate__M_B__M_AB,1.3536226636190645e-07,1.4273576187440447e-07,1.4445516554044664e-07,2.4709975568795652,64,0.8973008540570725,1.2749800065027506e-14,7.763371482312497e-08,6.895928932572438e-08,8.707574337665952e-08,/Users/tinggong/Documents/Codex/2026-07-20/model-lineage-holonomy/work/TwistedMerge-model-lineage-holonomy/reports/tmp/model_lineage_holonomy/pilot/transport_maps_seed_0.npz,30942ce8c144bd47d72c23115249231950e8f17f2d4ff7d726a3d77eb576d8e6
0,penultimate,M_AC,M_C,loop_closing,whitened_cca,penultimate__M_AC__M_C,1.2853297401344248e-07,1.3754485078251941e-07,1.3693960909236915e-07,1.7916489317737108,64,0.624788373894532,1.1332356865571219e-14,6.49976419947739e-08,5.943564310004378e-08,7.107621981230556e-08,/Users/tinggong/Documents/Codex/2026-07-20/model-lineage-holonomy/work/TwistedMerge-model-lineage-holonomy/reports/tmp/model_lineage_holonomy/pilot/transport_maps_seed_0.npz,30942ce8c144bd47d72c23115249231950e8f17f2d4ff7d726a3d77eb576d8e6
0,penultimate,M_C,M_AC,loop_closing,whitened_cca,penultimate__M_C__M_AC,1.2810285180518352e-07,1.3749599033614576e-07,1.3674593568418883e-07,1.7916489317737165,64,0.5598599559415266,1.129558922043119e-14,6.451357602065325e-08,5.974138885425612e-08,7.021945337818638e-08,/Users/tinggong/Documents/Codex/2026-07-20/model-lineage-holonomy/work/TwistedMerge-model-lineage-holonomy/reports/tmp/model_lineage_holonomy/pilot/transport_maps_seed_0.npz,30942ce8c144bd47d72c23115249231950e8f17f2d4ff7d726a3d77eb576d8e6
0,penultimate,M_BC,M_C,loop_closing,whitened_cca,penultimate__M_BC__M_C,1.313393814169481e-07,1.393320512090476e-07,1.3980514581746805e-07,1.6243094678629275,64,0.5080999570484019,1.1343408506104306e-14,6.599838123455809e-08,6.116562072609469e-08,7.131184619851986e-08,/Users/tinggong/Documents/Codex/2026-07-20/model-lineage-holonomy/work/TwistedMerge-model-lineage-holonomy/reports/tmp/model_lineage_holonomy/pilot/transport_maps_seed_0.npz,30942ce8c144bd47d72c23115249231950e8f17f2d4ff7d726a3d77eb576d8e6
0,penultimate,M_C,M_BC,loop_closing,whitened_cca,penultimate__M_C__M_BC,1.3050504069704467e-07,1.3871343539838386e-07,1.3905937935746564e-07,1.6243094678629273,64,0.4722608108592993,1.125663547214108e-14,6.503328432292281e-08,5.994352027854793e-08,7.129877918897399e-08,/Users/tinggong/Documents/Codex/2026-07-20/model-lineage-holonomy/work/TwistedMerge-model-lineage-holonomy/reports/tmp/model_lineage_holonomy/pilot/transport_maps_seed_0.npz,30942ce8c144bd47d72c23115249231950e8f17f2d4ff7d726a3d77eb576d8e6
0,penultimate,M_ABC,M_BAC,same_depth_closing,whitened_cca,penultimate__M_ABC__M_BAC,1.328416834413299e-07,1.4037133695974125e-07,1.407644204428502e-07,1.8229714453230947,64,0.5855226850171728,1.1786397754229212e-14,6.899312295773814e-08,6.38750601534698e-08,7.571692776975144e-08,/Users/tinggong/Documents/Codex/2026-07-20/model-lineage-holonomy/work/TwistedMerge-model-lineage-holonomy/reports/tmp/model_lineage_holonomy/pilot/transport_maps_seed_0.npz,30942ce8c144bd47d72c23115249231950e8f17f2d4ff7d726a3d77eb576d8e6
0,penultimate,M_BAC,M_ABC,same_depth_closing,whitened_cca,penultimate__M_BAC__M_ABC,1.33243621741505e-07,1.4041500916543979e-07,1.4090006245262927e-07,1.8229714453230885,64,0.6345209149400497,1.181866856370679e-14,7.076800035923466e-08,6.481839292206091e-08,7.685539500823679e-08,/Users/tinggong/Documents/Codex/2026-07-20/model-lineage-holonomy/work/TwistedMerge-model-lineage-holonomy/reports/tmp/model_lineage_holonomy/pilot/transport_maps_seed_0.npz,30942ce8c144bd47d72c23115249231950e8f17f2d4ff7d726a3d77eb576d8e6
0,penultimate,M_ABC,M_ACB,same_depth_closing,whitened_cca,penultimate__M_ABC__M_ACB,1.3620129412599782e-07,1.4423460945977587e-07,1.4558633428387098e-07,5.841192593049142,64,1.8076868037403382,1.2053706015206496e-14,6.92468722131281e-08,6.158007290028471e-08,7.615347644878676e-08,/Users/tinggong/Documents/Codex/2026-07-20/model-lineage-holonomy/work/TwistedMerge-model-lineage-holonomy/reports/tmp/model_lineage_holonomy/pilot/transport_maps_seed_0.npz,30942ce8c144bd47d72c23115249231950e8f17f2d4ff7d726a3d77eb576d8e6
0,penultimate,M_ACB,M_ABC,same_depth_closing,whitened_cca,penultimate__M_ACB__M_ABC,1.3801834875341392e-07,1.4611168664305778e-07,1.4886499567185252e-07,5.84119259304915,64,2.2196270398931586,1.2219372634956746e-14,7.341929596178606e-08,6.611149239054017e-08,8.384433921819541e-08,/Users/tinggong/Documents/Codex/2026-07-20/model-lineage-holonomy/work/TwistedMerge-model-lineage-holonomy/reports/tmp/model_lineage_holonomy/pilot/transport_maps_seed_0.npz,30942ce8c144bd47d72c23115249231950e8f17f2d4ff7d726a3d77eb576d8e6
0,penultimate,M_ACB,M_CAB,same_depth_closing,whitened_cca,penultimate__M_ACB__M_CAB,1.3782776194477273e-07,1.4459779976425779e-07,1.463820024459293e-07,2.1099018233284417,64,0.7340725302355224,1.7793450412887264e-14,7.789739644272475e-08,6.893605220659926e-08,8.774283545811882e-08,/Users/tinggong/Documents/Codex/2026-07-20/model-lineage-holonomy/work/TwistedMerge-model-lineage-holonomy/reports/tmp/model_lineage_holonomy/pilot/transport_maps_seed_0.npz,30942ce8c144bd47d72c23115249231950e8f17f2d4ff7d726a3d77eb576d8e6
0,penultimate,M_CAB,M_ACB,same_depth_closing,whitened_cca,penultimate__M_CAB__M_ACB,1.3839037522654065e-07,1.4556494963841386e-07,1.4709656155284036e-07,2.109901823328446,64,0.7953676256258326,1.8786622354672352e-14,7.922857815328613e-08,7.19141489339602e-08,8.804607425814296e-08,/Users/tinggong/Documents/Codex/2026-07-20/model-lineage-holonomy/work/TwistedMerge-model-lineage-holonomy/reports/tmp/model_lineage_holonomy/pilot/transport_maps_seed_0.npz,30942ce8c144bd47d72c23115249231950e8f17f2d4ff7d726a3d77eb576d8e6
0,penultimate,M_BAC,M_BCA,same_depth_closing,whitened_cca,penultimate__M_BAC__M_BCA,1.374320834390516e-07,1.472768903092222e-07,1.4750689632568818e-07,5.561695657127978,64,2.024301320643473,1.1992526172494715e-14,7.215311901817252e-08,6.47110471165425e-08,7.91278373007735e-08,/Users/tinggong/Documents/Codex/2026-07-20/model-lineage-holonomy/work/TwistedMerge-model-lineage-holonomy/reports/tmp/model_lineage_holonomy/pilot/transport_maps_seed_0.npz,30942ce8c144bd47d72c23115249231950e8f17f2d4ff7d726a3d77eb576d8e6
0,penultimate,M_BCA,M_BAC,same_depth_closing,whitened_cca,penultimate__M_BCA__M_BAC,1.4281510095932256e-07,1.513946492347967e-07,1.533461935785151e-07,5.561695657127986,64,1.8482905184670417,1.2813688327060048e-14,7.604130274529763e-08,6.911646257380459e-08,8.494104238764424e-08,/Users/tinggong/Documents/Codex/2026-07-20/model-lineage-holonomy/work/TwistedMerge-model-lineage-holonomy/reports/tmp/model_lineage_holonomy/pilot/transport_maps_seed_0.npz,30942ce8c144bd47d72c23115249231950e8f17f2d4ff7d726a3d77eb576d8e6
0,penultimate,M_BCA,M_CBA,same_depth_closing,whitened_cca,penultimate__M_BCA__M_CBA,1.43938341740551e-07,1.5108317581602982e-07,1.5189365865816173e-07,5.568995126912612,64,1.6600046933140775,1.1229614681200272e-14,8.084137168148516e-08,7.211584826639798e-08,8.936244866412329e-08,/Users/tinggong/Documents/Codex/2026-07-20/model-lineage-holonomy/work/TwistedMerge-model-lineage-holonomy/reports/tmp/model_lineage_holonomy/pilot/transport_maps_seed_0.npz,30942ce8c144bd47d72c23115249231950e8f17f2d4ff7d726a3d77eb576d8e6
0,penultimate,M_CBA,M_BCA,same_depth_closing,whitened_cca,penultimate__M_CBA__M_BCA,1.458967128546191e-07,1.5457158594493454e-07,1.5447862225559018e-07,5.568995126912575,64,2.258162733361158,1.1585216323199144e-14,9.191446677762881e-08,8.286099993544184e-08,1.0544739386463239e-07,/Users/tinggong/Documents/Codex/2026-07-20/model-lineage-holonomy/work/TwistedMerge-model-lineage-holonomy/reports/tmp/model_lineage_holonomy/pilot/transport_maps_seed_0.npz,30942ce8c144bd47d72c23115249231950e8f17f2d4ff7d726a3d77eb576d8e6
0,penultimate,M_CAB,M_CBA,same_depth_closing,whitened_cca,penultimate__M_CAB__M_CBA,1.41174975992124e-07,1.5175233129466138e-07,1.4984641659145812e-07,5.409472076393643,64,1.922878402477045,1.2110671437454433e-14,8.067328293320526e-08,7.396913655422979e-08,9.142714753495564e-08,/Users/tinggong/Documents/Codex/2026-07-20/model-lineage-holonomy/work/TwistedMerge-model-lineage-holonomy/reports/tmp/model_lineage_holonomy/pilot/transport_maps_seed_0.npz,30942ce8c144bd47d72c23115249231950e8f17f2d4ff7d726a3d77eb576d8e6
0,penultimate,M_CBA,M_CAB,same_depth_closing,whitened_cca,penultimate__M_CBA__M_CAB,1.458714052979828e-07,1.5519982222471768e-07,1.5468864834223462e-07,5.409472076393684,64,1.869246123198124,1.2256449835912534e-14,8.833125276882293e-08,7.930609444388953e-08,9.775612638719444e-08,/Users/tinggong/Documents/Codex/2026-07-20/model-lineage-holonomy/work/TwistedMerge-model-lineage-holonomy/reports/tmp/model_lineage_holonomy/pilot/transport_maps_seed_0.npz,30942ce8c144bd47d72c23115249231950e8f17f2d4ff7d726a3d77eb576d8e6
0,penultimate,M_AB,M_BA,same_depth_closing,whitened_cca,penultimate__M_AB__M_BA,1.409609989497141e-07,1.500053153322539e-07,1.51478273379333e-07,6.690690306539725,64,2.163479325896615,1.091635730580384e-14,7.937194151736894e-08,6.927808217699697e-08,8.826376285317873e-08,/Users/tinggong/Documents/Codex/2026-07-20/model-lineage-holonomy/work/TwistedMerge-model-lineage-holonomy/reports/tmp/model_lineage_holonomy/pilot/transport_maps_seed_0.npz,30942ce8c144bd47d72c23115249231950e8f17f2d4ff7d726a3d77eb576d8e6
0,penultimate,M_BA,M_AB,same_depth_closing,whitened_cca,penultimate__M_BA__M_AB,1.4662922341126017e-07,1.5421521124861042e-07,1.5695181385043706e-07,6.6906903065397,64,2.237207288067934,1.1369109718123673e-14,8.999562215212372e-08,7.868613148072557e-08,1.0295828396119799e-07,/Users/tinggong/Documents/Codex/2026-07-20/model-lineage-holonomy/work/TwistedMerge-model-lineage-holonomy/reports/tmp/model_lineage_holonomy/pilot/transport_maps_seed_0.npz,30942ce8c144bd47d72c23115249231950e8f17f2d4ff7d726a3d77eb576d8e6
0,penultimate,M_AC,M_CA,same_depth_closing,whitened_cca,penultimate__M_AC__M_CA,1.3471209963460197e-07,1.4346364882071035e-07,1.4305390952512638e-07,5.458795750560384,64,1.9662304690239467,1.1346618214748821e-14,6.75002930824627e-08,6.222940865686052e-08,7.373706471340655e-08,/Users/tinggong/Documents/Codex/2026-07-20/model-lineage-holonomy/work/TwistedMerge-model-lineage-holonomy/reports/tmp/model_lineage_holonomy/pilot/transport_maps_seed_0.npz,30942ce8c144bd47d72c23115249231950e8f17f2d4ff7d726a3d77eb576d8e6
0,penultimate,M_CA,M_AC,same_depth_closing,whitened_cca,penultimate__M_CA__M_AC,1.413381384250647e-07,1.4885142386625584e-07,1.5036299506303054e-07,5.458795750560414,64,1.852268284582458,1.2109611735620502e-14,7.224063140626132e-08,6.554020199168929e-08,7.947549657327558e-08,/Users/tinggong/Documents/Codex/2026-07-20/model-lineage-holonomy/work/TwistedMerge-model-lineage-holonomy/reports/tmp/model_lineage_holonomy/pilot/transport_maps_seed_0.npz,30942ce8c144bd47d72c23115249231950e8f17f2d4ff7d726a3d77eb576d8e6
0,penultimate,M_BC,M_CB,same_depth_closing,whitened_cca,penultimate__M_BC__M_CB,1.3426532720526513e-07,1.4395909025482876e-07,1.4367571955438458e-07,5.789031640770101,64,1.7518346003014207,1.231114967162352e-14,6.669131338527932e-08,6.036343312315527e-08,7.263573431834764e-08,/Users/tinggong/Documents/Codex/2026-07-20/model-lineage-holonomy/work/TwistedMerge-model-lineage-holonomy/reports/tmp/model_lineage_holonomy/pilot/transport_maps_seed_0.npz,30942ce8c144bd47d72c23115249231950e8f17f2d4ff7d726a3d77eb576d8e6
0,penultimate,M_CB,M_BC,same_depth_closing,whitened_cca,penultimate__M_CB__M_BC,1.369614923364005e-07,1.4706255626785683e-07,1.4671526627449184e-07,5.7890316407701325,64,2.2614989463394273,1.2887869933112897e-14,7.19294181518847e-08,6.420202863784105e-08,7.909372283875408e-08,/Users/tinggong/Documents/Codex/2026-07-20/model-lineage-holonomy/work/TwistedMerge-model-lineage-holonomy/reports/tmp/model_lineage_holonomy/pilot/transport_maps_seed_0.npz,30942ce8c144bd47d72c23115249231950e8f17f2d4ff7d726a3d77eb576d8e6
0,penultimate,M_A,M_B,same_depth_closing,whitened_cca,penultimate__M_A__M_B,1.4393133652971982e-07,1.4962601842441762e-07,1.5150023158750895e-07,8.360348121566531,64,2.436093658698869,1.160913586143618e-14,7.561059994223172e-08,6.646554506912484e-08,8.628172646888191e-08,/Users/tinggong/Documents/Codex/2026-07-20/model-lineage-holonomy/work/TwistedMerge-model-lineage-holonomy/reports/tmp/model_lineage_holonomy/pilot/transport_maps_seed_0.npz,30942ce8c144bd47d72c23115249231950e8f17f2d4ff7d726a3d77eb576d8e6
0,penultimate,M_B,M_A,same_depth_closing,whitened_cca,penultimate__M_B__M_A,1.4121096589583042e-07,1.4886737467338514e-07,1.4952184330945734e-07,8.360348121566547,64,2.659979981678658,1.1417667211495039e-14,7.535692220244867e-08,6.701019247936853e-08,8.490365183168571e-08,/Users/tinggong/Documents/Codex/2026-07-20/model-lineage-holonomy/work/TwistedMerge-model-lineage-holonomy/reports/tmp/model_lineage_holonomy/pilot/transport_maps_seed_0.npz,30942ce8c144bd47d72c23115249231950e8f17f2d4ff7d726a3d77eb576d8e6
0,penultimate,M_A,M_C,same_depth_closing,whitened_cca,penultimate__M_A__M_C,1.4361809790629952e-07,1.5011263226988154e-07,1.5069158395179468e-07,7.998344999812489,64,2.679684907437465,1.2893912286205413e-14,7.341187922057048e-08,6.539597349101239e-08,8.275380271414578e-08,/Users/tinggong/Documents/Codex/2026-07-20/model-lineage-holonomy/work/TwistedMerge-model-lineage-holonomy/reports/tmp/model_lineage_holonomy/pilot/transport_maps_seed_0.npz,30942ce8c144bd47d72c23115249231950e8f17f2d4ff7d726a3d77eb576d8e6
0,penultimate,M_C,M_A,same_depth_closing,whitened_cca,penultimate__M_C__M_A,1.3547761361043009e-07,1.4355621456489562e-07,1.429190307575141e-07,7.9983449998124465,64,2.2851085392710737,1.2021901323458457e-14,6.560767898285075e-08,6.076017363109985e-08,7.173149611098218e-08,/Users/tinggong/Documents/Codex/2026-07-20/model-lineage-holonomy/work/TwistedMerge-model-lineage-holonomy/reports/tmp/model_lineage_holonomy/pilot/transport_maps_seed_0.npz,30942ce8c144bd47d72c23115249231950e8f17f2d4ff7d726a3d77eb576d8e6
0,penultimate,M_B,M_C,same_depth_closing,whitened_cca,penultimate__M_B__M_C,1.4005976287680222e-07,1.4616301617931996e-07,1.4868638784498963e-07,7.801416983385149,64,2.902075267387097,1.1871865533777222e-14,7.340945886462963e-08,6.578714240415407e-08,8.434714825208565e-08,/Users/tinggong/Documents/Codex/2026-07-20/model-lineage-holonomy/work/TwistedMerge-model-lineage-holonomy/reports/tmp/model_lineage_holonomy/pilot/transport_maps_seed_0.npz,30942ce8c144bd47d72c23115249231950e8f17f2d4ff7d726a3d77eb576d8e6
0,penultimate,M_C,M_B,same_depth_closing,whitened_cca,penultimate__M_C__M_B,1.355040753486886e-07,1.412155962089478e-07,1.4317114637486918e-07,7.80141698338514,64,2.043227097563905,1.1729230188223574e-14,6.574025412387518e-08,6.078401019782836e-08,7.125297288432126e-08,/Users/tinggong/Documents/Codex/2026-07-20/model-lineage-holonomy/work/TwistedMerge-model-lineage-holonomy/reports/tmp/model_lineage_holonomy/pilot/transport_maps_seed_0.npz,30942ce8c144bd47d72c23115249231950e8f17f2d4ff7d726a3d77eb576d8e6
1,early,M0,M_A,forward_lineage,orthogonal_procrustes,early__M0__M_A,3.551912222942939e-15,3.551977276745266e-15,3.56364106199874e-15,1.000000000000001,32,9.992007221626409e-16,5.02275342940024e-15,3.1856807064166695e-15,2.7548415182697055e-15,3.709314572662467e-15,/Users/tinggong/Documents/Codex/2026-07-20/model-lineage-holonomy/work/TwistedMerge-model-lineage-holonomy/reports/tmp/model_lineage_holonomy/pilot/transport_maps_seed_1.npz,41fb2f4162a5d7aeedb836e8c60602acbcb01c680c29fa22f0569134dbc922c4
1,early,M_A,M0,reverse_lineage,orthogonal_procrustes,early__M_A__M0,3.551912222942939e-15,3.551977276745266e-15,3.56364106199874e-15,1.000000000000001,32,9.992007221626409e-16,5.02275342940024e-15,3.1856807064166695e-15,2.7548415182697055e-15,3.709314572662467e-15,/Users/tinggong/Documents/Codex/2026-07-20/model-lineage-holonomy/work/TwistedMerge-model-lineage-holonomy/reports/tmp/model_lineage_holonomy/pilot/transport_maps_seed_1.npz,41fb2f4162a5d7aeedb836e8c60602acbcb01c680c29fa22f0569134dbc922c4
1,early,M0,M_B,forward_lineage,orthogonal_procrustes,early__M0__M_B,3.551912222942939e-15,3.551977276745266e-15,3.56364106199874e-15,1.000000000000001,32,9.992007221626409e-16,5.02275342940024e-15,3.1856807064166695e-15,2.7548415182697055e-15,3.709314572662467e-15,/Users/tinggong/Documents/Codex/2026-07-20/model-lineage-holonomy/work/TwistedMerge-model-lineage-holonomy/reports/tmp/model_lineage_holonomy/pilot/transport_maps_seed_1.npz,41fb2f4162a5d7aeedb836e8c60602acbcb01c680c29fa22f0569134dbc922c4
1,early,M_B,M0,reverse_lineage,orthogonal_procrustes,early__M_B__M0,3.551912222942939e-15,3.551977276745266e-15,3.56364106199874e-15,1.000000000000001,32,9.992007221626409e-16,5.02275342940024e-15,3.1856807064166695e-15,2.7548415182697055e-15,3.709314572662467e-15,/Users/tinggong/Documents/Codex/2026-07-20/model-lineage-holonomy/work/TwistedMerge-model-lineage-holonomy/reports/tmp/model_lineage_holonomy/pilot/transport_maps_seed_1.npz,41fb2f4162a5d7aeedb836e8c60602acbcb01c680c29fa22f0569134dbc922c4
1,early,M0,M_C,forward_lineage,orthogonal_procrustes,early__M0__M_C,3.551912222942939e-15,3.551977276745266e-15,3.56364106199874e-15,1.000000000000001,32,9.992007221626409e-16,5.02275342940024e-15,3.1856807064166695e-15,2.7548415182697055e-15,3.709314572662467e-15,/Users/tinggong/Documents/Codex/2026-07-20/model-lineage-holonomy/work/TwistedMerge-model-lineage-holonomy/reports/tmp/model_lineage_holonomy/pilot/transport_maps_seed_1.npz,41fb2f4162a5d7aeedb836e8c60602acbcb01c680c29fa22f0569134dbc922c4
1,early,M_C,M0,reverse_lineage,orthogonal_procrustes,early__M_C__M0,3.551912222942939e-15,3.551977276745266e-15,3.56364106199874e-15,1.000000000000001,32,9.992007221626409e-16,5.02275342940024e-15,3.1856807064166695e-15,2.7548415182697055e-15,3.709314572662467e-15,/Users/tinggong/Documents/Codex/2026-07-20/model-lineage-holonomy/work/TwistedMerge-model-lineage-holonomy/reports/tmp/model_lineage_holonomy/pilot/transport_maps_seed_1.npz,41fb2f4162a5d7aeedb836e8c60602acbcb01c680c29fa22f0569134dbc922c4
1,early,M_A,M_AB,forward_lineage,orthogonal_procrustes,early__M_A__M_AB,3.551912222942939e-15,3.551977276745266e-15,3.56364106199874e-15,1.000000000000001,32,9.992007221626409e-16,5.02275342940024e-15,3.1856807064166695e-15,2.7548415182697055e-15,3.709314572662467e-15,/Users/tinggong/Documents/Codex/2026-07-20/model-lineage-holonomy/work/TwistedMerge-model-lineage-holonomy/reports/tmp/model_lineage_holonomy/pilot/transport_maps_seed_1.npz,41fb2f4162a5d7aeedb836e8c60602acbcb01c680c29fa22f0569134dbc922c4
1,early,M_AB,M_A,reverse_lineage,orthogonal_procrustes,early__M_AB__M_A,3.551912222942939e-15,3.551977276745266e-15,3.56364106199874e-15,1.000000000000001,32,9.992007221626409e-16,5.02275342940024e-15,3.1856807064166695e-15,2.7548415182697055e-15,3.709314572662467e-15,/Users/tinggong/Documents/Codex/2026-07-20/model-lineage-holonomy/work/TwistedMerge-model-lineage-holonomy/reports/tmp/model_lineage_holonomy/pilot/transport_maps_seed_1.npz,41fb2f4162a5d7aeedb836e8c60602acbcb01c680c29fa22f0569134dbc922c4
1,early,M_A,M_AC,forward_lineage,orthogonal_procrustes,early__M_A__M_AC,3.551912222942939e-15,3.551977276745266e-15,3.56364106199874e-15,1.000000000000001,32,9.992007221626409e-16,5.02275342940024e-15,3.1856807064166695e-15,2.7548415182697055e-15,3.709314572662467e-15,/Users/tinggong/Documents/Codex/2026-07-20/model-lineage-holonomy/work/TwistedMerge-model-lineage-holonomy/reports/tmp/model_lineage_holonomy/pilot/transport_maps_seed_1.npz,41fb2f4162a5d7aeedb836e8c60602acbcb01c680c29fa22f0569134dbc922c4
1,early,M_AC,M_A,reverse_lineage,orthogonal_procrustes,early__M_AC__M_A,3.551912222942939e-15,3.551977276745266e-15,3.56364106199874e-15,1.000000000000001,32,9.992007221626409e-16,5.02275342940024e-15,3.1856807064166695e-15,2.7548415182697055e-15,3.709314572662467e-15,/Users/tinggong/Documents/Codex/2026-07-20/model-lineage-holonomy/work/TwistedMerge-model-lineage-holonomy/reports/tmp/model_lineage_holonomy/pilot/transport_maps_seed_1.npz,41fb2f4162a5d7aeedb836e8c60602acbcb01c680c29fa22f0569134dbc922c4
1,early,M_B,M_BA,forward_lineage,orthogonal_procrustes,early__M_B__M_BA,3.551912222942939e-15,3.551977276745266e-15,3.56364106199874e-15,1.000000000000001,32,9.992007221626409e-16,5.02275342940024e-15,3.1856807064166695e-15,2.7548415182697055e-15,3.709314572662467e-15,/Users/tinggong/Documents/Codex/2026-07-20/model-lineage-holonomy/work/TwistedMerge-model-lineage-holonomy/reports/tmp/model_lineage_holonomy/pilot/transport_maps_seed_1.npz,41fb2f4162a5d7aeedb836e8c60602acbcb01c680c29fa22f0569134dbc922c4
1,early,M_BA,M_B,reverse_lineage,orthogonal_procrustes,early__M_BA__M_B,3.551912222942939e-15,3.551977276745266e-15,3.56364106199874e-15,1.000000000000001,32,9.992007221626409e-16,5.02275342940024e-15,3.1856807064166695e-15,2.7548415182697055e-15,3.709314572662467e-15,/Users/tinggong/Documents/Codex/2026-07-20/model-lineage-holonomy/work/TwistedMerge-model-lineage-holonomy/reports/tmp/model_lineage_holonomy/pilot/transport_maps_seed_1.npz,41fb2f4162a5d7aeedb836e8c60602acbcb01c680c29fa22f0569134dbc922c4
1,early,M_B,M_BC,forward_lineage,orthogonal_procrustes,early__M_B__M_BC,3.551912222942939e-15,3.551977276745266e-15,3.56364106199874e-15,1.000000000000001,32,9.992007221626409e-16,5.02275342940024e-15,3.1856807064166695e-15,2.7548415182697055e-15,3.709314572662467e-15,/Users/tinggong/Documents/Codex/2026-07-20/model-lineage-holonomy/work/TwistedMerge-model-lineage-holonomy/reports/tmp/model_lineage_holonomy/pilot/transport_maps_seed_1.npz,41fb2f4162a5d7aeedb836e8c60602acbcb01c680c29fa22f0569134dbc922c4
1,early,M_BC,M_B,reverse_lineage,orthogonal_procrustes,early__M_BC__M_B,3.551912222942939e-15,3.551977276745266e-15,3.56364106199874e-15,1.000000000000001,32,9.992007221626409e-16,5.02275342940024e-15,3.1856807064166695e-15,2.7548415182697055e-15,3.709314572662467e-15,/Users/tinggong/Documents/Codex/2026-07-20/model-lineage-holonomy/work/TwistedMerge-model-lineage-holonomy/reports/tmp/model_lineage_holonomy/pilot/transport_maps_seed_1.npz,41fb2f4162a5d7aeedb836e8c60602acbcb01c680c29fa22f0569134dbc922c4
1,early,M_C,M_CA,forward_lineage,orthogonal_procrustes,early__M_C__M_CA,3.551912222942939e-15,3.551977276745266e-15,3.56364106199874e-15,1.000000000000001,32,9.992007221626409e-16,5.02275342940024e-15,3.1856807064166695e-15,2.7548415182697055e-15,3.709314572662467e-15,/Users/tinggong/Documents/Codex/2026-07-20/model-lineage-holonomy/work/TwistedMerge-model-lineage-holonomy/reports/tmp/model_lineage_holonomy/pilot/transport_maps_seed_1.npz,41fb2f4162a5d7aeedb836e8c60602acbcb01c680c29fa22f0569134dbc922c4
1,early,M_CA,M_C,reverse_lineage,orthogonal_procrustes,early__M_CA__M_C,3.551912222942939e-15,3.551977276745266e-15,3.56364106199874e-15,1.000000000000001,32,9.992007221626409e-16,5.02275342940024e-15,3.1856807064166695e-15,2.7548415182697055e-15,3.709314572662467e-15,/Users/tinggong/Documents/Codex/2026-07-20/model-lineage-holonomy/work/TwistedMerge-model-lineage-holonomy/reports/tmp/model_lineage_holonomy/pilot/transport_maps_seed_1.npz,41fb2f4162a5d7aeedb836e8c60602acbcb01c680c29fa22f0569134dbc922c4
1,early,M_C,M_CB,forward_lineage,orthogonal_procrustes,early__M_C__M_CB,3.551912222942939e-15,3.551977276745266e-15,3.56364106199874e-15,1.000000000000001,32,9.992007221626409e-16,5.02275342940024e-15,3.1856807064166695e-15,2.7548415182697055e-15,3.709314572662467e-15,/Users/tinggong/Documents/Codex/2026-07-20/model-lineage-holonomy/work/TwistedMerge-model-lineage-holonomy/reports/tmp/model_lineage_holonomy/pilot/transport_maps_seed_1.npz,41fb2f4162a5d7aeedb836e8c60602acbcb01c680c29fa22f0569134dbc922c4
1,early,M_CB,M_C,reverse_lineage,orthogonal_procrustes,early__M_CB__M_C,3.551912222942939e-15,3.551977276745266e-15,3.56364106199874e-15,1.000000000000001,32,9.992007221626409e-16,5.02275342940024e-15,3.1856807064166695e-15,2.7548415182697055e-15,3.709314572662467e-15,/Users/tinggong/Documents/Codex/2026-07-20/model-lineage-holonomy/work/TwistedMerge-model-lineage-holonomy/reports/tmp/model_lineage_holonomy/pilot/transport_maps_seed_1.npz,41fb2f4162a5d7aeedb836e8c60602acbcb01c680c29fa22f0569134dbc922c4
1,early,M_AB,M_ABC,forward_lineage,orthogonal_procrustes,early__M_AB__M_ABC,3.551912222942939e-15,3.551977276745266e-15,3.56364106199874e-15,1.000000000000001,32,9.992007221626409e-16,5.02275342940024e-15,3.1856807064166695e-15,2.7548415182697055e-15,3.709314572662467e-15,/Users/tinggong/Documents/Codex/2026-07-20/model-lineage-holonomy/work/TwistedMerge-model-lineage-holonomy/reports/tmp/model_lineage_holonomy/pilot/transport_maps_seed_1.npz,41fb2f4162a5d7aeedb836e8c60602acbcb01c680c29fa22f0569134dbc922c4
1,early,M_ABC,M_AB,reverse_lineage,orthogonal_procrustes,early__M_ABC__M_AB,3.551912222942939e-15,3.551977276745266e-15,3.56364106199874e-15,1.000000000000001,32,9.992007221626409e-16,5.02275342940024e-15,3.1856807064166695e-15,2.7548415182697055e-15,3.709314572662467e-15,/Users/tinggong/Documents/Codex/2026-07-20/model-lineage-holonomy/work/TwistedMerge-model-lineage-holonomy/reports/tmp/model_lineage_holonomy/pilot/transport_maps_seed_1.npz,41fb2f4162a5d7aeedb836e8c60602acbcb01c680c29fa22f0569134dbc922c4
1,early,M_AC,M_ACB,forward_lineage,orthogonal_procrustes,early__M_AC__M_ACB,3.551912222942939e-15,3.551977276745266e-15,3.56364106199874e-15,1.000000000000001,32,9.992007221626409e-16,5.02275342940024e-15,3.1856807064166695e-15,2.7548415182697055e-15,3.709314572662467e-15,/Users/tinggong/Documents/Codex/2026-07-20/model-lineage-holonomy/work/TwistedMerge-model-lineage-holonomy/reports/tmp/model_lineage_holonomy/pilot/transport_maps_seed_1.npz,41fb2f4162a5d7aeedb836e8c60602acbcb01c680c29fa22f0569134dbc922c4
1,early,M_ACB,M_AC,reverse_lineage,orthogonal_procrustes,early__M_ACB__M_AC,3.551912222942939e-15,3.551977276745266e-15,3.56364106199874e-15,1.000000000000001,32,9.992007221626409e-16,5.02275342940024e-15,3.1856807064166695e-15,2.7548415182697055e-15,3.709314572662467e-15,/Users/tinggong/Documents/Codex/2026-07-20/model-lineage-holonomy/work/TwistedMerge-model-lineage-holonomy/reports/tmp/model_lineage_holonomy/pilot/transport_maps_seed_1.npz,41fb2f4162a5d7aeedb836e8c60602acbcb01c680c29fa22f0569134dbc922c4
1,early,M_BA,M_BAC,forward_lineage,orthogonal_procrustes,early__M_BA__M_BAC,3.551912222942939e-15,3.551977276745266e-15,3.56364106199874e-15,1.000000000000001,32,9.992007221626409e-16,5.02275342940024e-15,3.1856807064166695e-15,2.7548415182697055e-15,3.709314572662467e-15,/Users/tinggong/Documents/Codex/2026-07-20/model-lineage-holonomy/work/TwistedMerge-model-lineage-holonomy/reports/tmp/model_lineage_holonomy/pilot/transport_maps_seed_1.npz,41fb2f4162a5d7aeedb836e8c60602acbcb01c680c29fa22f0569134dbc922c4
1,early,M_BAC,M_BA,reverse_lineage,orthogonal_procrustes,early__M_BAC__M_BA,3.551912222942939e-15,3.551977276745266e-15,3.56364106199874e-15,1.000000000000001,32,9.992007221626409e-16,5.02275342940024e-15,3.1856807064166695e-15,2.7548415182697055e-15,3.709314572662467e-15,/Users/tinggong/Documents/Codex/2026-07-20/model-lineage-holonomy/work/TwistedMerge-model-lineage-holonomy/reports/tmp/model_lineage_holonomy/pilot/transport_maps_seed_1.npz,41fb2f4162a5d7aeedb836e8c60602acbcb01c680c29fa22f0569134dbc922c4
1,early,M_BC,M_BCA,forward_lineage,orthogonal_procrustes,early__M_BC__M_BCA,3.551912222942939e-15,3.551977276745266e-15,3.56364106199874e-15,1.000000000000001,32,9.992007221626409e-16,5.02275342940024e-15,3.1856807064166695e-15,2.7548415182697055e-15,3.709314572662467e-15,/Users/tinggong/Documents/Codex/2026-07-20/model-lineage-holonomy/work/TwistedMerge-model-lineage-holonomy/reports/tmp/model_lineage_holonomy/pilot/transport_maps_seed_1.npz,41fb2f4162a5d7aeedb836e8c60602acbcb01c680c29fa22f0569134dbc922c4
1,early,M_BCA,M_BC,reverse_lineage,orthogonal_procrustes,early__M_BCA__M_BC,3.551912222942939e-15,3.551977276745266e-15,3.56364106199874e-15,1.000000000000001,32,9.992007221626409e-16,5.02275342940024e-15,3.1856807064166695e-15,2.7548415182697055e-15,3.709314572662467e-15,/Users/tinggong/Documents/Codex/2026-07-20/model-lineage-holonomy/work/TwistedMerge-model-lineage-holonomy/reports/tmp/model_lineage_holonomy/pilot/transport_maps_seed_1.npz,41fb2f4162a5d7aeedb836e8c60602acbcb01c680c29fa22f0569134dbc922c4
1,early,M_CA,M_CAB,forward_lineage,orthogonal_procrustes,early__M_CA__M_CAB,3.551912222942939e-15,3.551977276745266e-15,3.56364106199874e-15,1.000000000000001,32,9.992007221626409e-16,5.02275342940024e-15,3.1856807064166695e-15,2.7548415182697055e-15,3.709314572662467e-15,/Users/tinggong/Documents/Codex/2026-07-20/model-lineage-holonomy/work/TwistedMerge-model-lineage-holonomy/reports/tmp/model_lineage_holonomy/pilot/transport_maps_seed_1.npz,41fb2f4162a5d7aeedb836e8c60602acbcb01c680c29fa22f0569134dbc922c4
1,early,M_CAB,M_CA,reverse_lineage,orthogonal_procrustes,early__M_CAB__M_CA,3.551912222942939e-15,3.551977276745266e-15,3.56364106199874e-15,1.000000000000001,32,9.992007221626409e-16,5.02275342940024e-15,3.1856807064166695e-15,2.7548415182697055e-15,3.709314572662467e-15,/Users/tinggong/Documents/Codex/2026-07-20/model-lineage-holonomy/work/TwistedMerge-model-lineage-holonomy/reports/tmp/model_lineage_holonomy/pilot/transport_maps_seed_1.npz,41fb2f4162a5d7aeedb836e8c60602acbcb01c680c29fa22f0569134dbc922c4
1,early,M_CB,M_CBA,forward_lineage,orthogonal_procrustes,early__M_CB__M_CBA,3.551912222942939e-15,3.551977276745266e-15,3.56364106199874e-15,1.000000000000001,32,9.992007221626409e-16,5.02275342940024e-15,3.1856807064166695e-15,2.7548415182697055e-15,3.709314572662467e-15,/Users/tinggong/Documents/Codex/2026-07-20/model-lineage-holonomy/work/TwistedMerge-model-lineage-holonomy/reports/tmp/model_lineage_holonomy/pilot/transport_maps_seed_1.npz,41fb2f4162a5d7aeedb836e8c60602acbcb01c680c29fa22f0569134dbc922c4
1,early,M_CBA,M_CB,reverse_lineage,orthogonal_procrustes,early__M_CBA__M_CB,3.551912222942939e-15,3.551977276745266e-15,3.56364106199874e-15,1.000000000000001,32,9.992007221626409e-16,5.02275342940024e-15,3.1856807064166695e-15,2.7548415182697055e-15,3.709314572662467e-15,/Users/tinggong/Documents/Codex/2026-07-20/model-lineage-holonomy/work/TwistedMerge-model-lineage-holonomy/reports/tmp/model_lineage_holonomy/pilot/transport_maps_seed_1.npz,41fb2f4162a5d7aeedb836e8c60602acbcb01c680c29fa22f0569134dbc922c4
1,early,M_AB,M_B,loop_closing,orthogonal_procrustes,early__M_AB__M_B,3.551912222942939e-15,3.551977276745266e-15,3.56364106199874e-15,1.000000000000001,32,9.992007221626409e-16,5.02275342940024e-15,3.1856807064166695e-15,2.7548415182697055e-15,3.709314572662467e-15,/Users/tinggong/Documents/Codex/2026-07-20/model-lineage-holonomy/work/TwistedMerge-model-lineage-holonomy/reports/tmp/model_lineage_holonomy/pilot/transport_maps_seed_1.npz,41fb2f4162a5d7aeedb836e8c60602acbcb01c680c29fa22f0569134dbc922c4
1,early,M_B,M_AB,loop_closing,orthogonal_procrustes,early__M_B__M_AB,3.551912222942939e-15,3.551977276745266e-15,3.56364106199874e-15,1.000000000000001,32,9.992007221626409e-16,5.02275342940024e-15,3.1856807064166695e-15,2.7548415182697055e-15,3.709314572662467e-15,/Users/tinggong/Documents/Codex/2026-07-20/model-lineage-holonomy/work/TwistedMerge-model-lineage-holonomy/reports/tmp/model_lineage_holonomy/pilot/transport_maps_seed_1.npz,41fb2f4162a5d7aeedb836e8c60602acbcb01c680c29fa22f0569134dbc922c4
1,early,M_AC,M_C,loop_closing,orthogonal_procrustes,early__M_AC__M_C,3.551912222942939e-15,3.551977276745266e-15,3.56364106199874e-15,1.000000000000001,32,9.992007221626409e-16,5.02275342940024e-15,3.1856807064166695e-15,2.7548415182697055e-15,3.709314572662467e-15,/Users/tinggong/Documents/Codex/2026-07-20/model-lineage-holonomy/work/TwistedMerge-model-lineage-holonomy/reports/tmp/model_lineage_holonomy/pilot/transport_maps_seed_1.npz,41fb2f4162a5d7aeedb836e8c60602acbcb01c680c29fa22f0569134dbc922c4
1,early,M_C,M_AC,loop_closing,orthogonal_procrustes,early__M_C__M_AC,3.551912222942939e-15,3.551977276745266e-15,3.56364106199874e-15,1.000000000000001,32,9.992007221626409e-16,5.02275342940024e-15,3.1856807064166695e-15,2.7548415182697055e-15,3.709314572662467e-15,/Users/tinggong/Documents/Codex/2026-07-20/model-lineage-holonomy/work/TwistedMerge-model-lineage-holonomy/reports/tmp/model_lineage_holonomy/pilot/transport_maps_seed_1.npz,41fb2f4162a5d7aeedb836e8c60602acbcb01c680c29fa22f0569134dbc922c4
1,early,M_BC,M_C,loop_closing,orthogonal_procrustes,early__M_BC__M_C,3.551912222942939e-15,3.551977276745266e-15,3.56364106199874e-15,1.000000000000001,32,9.992007221626409e-16,5.02275342940024e-15,3.1856807064166695e-15,2.7548415182697055e-15,3.709314572662467e-15,/Users/tinggong/Documents/Codex/2026-07-20/model-lineage-holonomy/work/TwistedMerge-model-lineage-holonomy/reports/tmp/model_lineage_holonomy/pilot/transport_maps_seed_1.npz,41fb2f4162a5d7aeedb836e8c60602acbcb01c680c29fa22f0569134dbc922c4
1,early,M_C,M_BC,loop_closing,orthogonal_procrustes,early__M_C__M_BC,3.551912222942939e-15,3.551977276745266e-15,3.56364106199874e-15,1.000000000000001,32,9.992007221626409e-16,5.02275342940024e-15,3.1856807064166695e-15,2.7548415182697055e-15,3.709314572662467e-15,/Users/tinggong/Documents/Codex/2026-07-20/model-lineage-holonomy/work/TwistedMerge-model-lineage-holonomy/reports/tmp/model_lineage_holonomy/pilot/transport_maps_seed_1.npz,41fb2f4162a5d7aeedb836e8c60602acbcb01c680c29fa22f0569134dbc922c4
1,early,M_ABC,M_BAC,same_depth_closing,orthogonal_procrustes,early__M_ABC__M_BAC,3.551912222942939e-15,3.551977276745266e-15,3.56364106199874e-15,1.000000000000001,32,9.992007221626409e-16,5.02275342940024e-15,3.1856807064166695e-15,2.7548415182697055e-15,3.709314572662467e-15,/Users/tinggong/Documents/Codex/2026-07-20/model-lineage-holonomy/work/TwistedMerge-model-lineage-holonomy/reports/tmp/model_lineage_holonomy/pilot/transport_maps_seed_1.npz,41fb2f4162a5d7aeedb836e8c60602acbcb01c680c29fa22f0569134dbc922c4
1,early,M_BAC,M_ABC,same_depth_closing,orthogonal_procrustes,early__M_BAC__M_ABC,3.551912222942939e-15,3.551977276745266e-15,3.56364106199874e-15,1.000000000000001,32,9.992007221626409e-16,5.02275342940024e-15,3.1856807064166695e-15,2.7548415182697055e-15,3.709314572662467e-15,/Users/tinggong/Documents/Codex/2026-07-20/model-lineage-holonomy/work/TwistedMerge-model-lineage-holonomy/reports/tmp/model_lineage_holonomy/pilot/transport_maps_seed_1.npz,41fb2f4162a5d7aeedb836e8c60602acbcb01c680c29fa22f0569134dbc922c4
1,early,M_ABC,M_ACB,same_depth_closing,orthogonal_procrustes,early__M_ABC__M_ACB,3.551912222942939e-15,3.551977276745266e-15,3.56364106199874e-15,1.000000000000001,32,9.992007221626409e-16,5.02275342940024e-15,3.1856807064166695e-15,2.7548415182697055e-15,3.709314572662467e-15,/Users/tinggong/Documents/Codex/2026-07-20/model-lineage-holonomy/work/TwistedMerge-model-lineage-holonomy/reports/tmp/model_lineage_holonomy/pilot/transport_maps_seed_1.npz,41fb2f4162a5d7aeedb836e8c60602acbcb01c680c29fa22f0569134dbc922c4
1,early,M_ACB,M_ABC,same_depth_closing,orthogonal_procrustes,early__M_ACB__M_ABC,3.551912222942939e-15,3.551977276745266e-15,3.56364106199874e-15,1.000000000000001,32,9.992007221626409e-16,5.02275342940024e-15,3.1856807064166695e-15,2.7548415182697055e-15,3.709314572662467e-15,/Users/tinggong/Documents/Codex/2026-07-20/model-lineage-holonomy/work/TwistedMerge-model-lineage-holonomy/reports/tmp/model_lineage_holonomy/pilot/transport_maps_seed_1.npz,41fb2f4162a5d7aeedb836e8c60602acbcb01c680c29fa22f0569134dbc922c4
1,early,M_ACB,M_CAB,same_depth_closing,orthogonal_procrustes,early__M_ACB__M_CAB,3.551912222942939e-15,3.551977276745266e-15,3.56364106199874e-15,1.000000000000001,32,9.992007221626409e-16,5.02275342940024e-15,3.1856807064166695e-15,2.7548415182697055e-15,3.709314572662467e-15,/Users/tinggong/Documents/Codex/2026-07-20/model-lineage-holonomy/work/TwistedMerge-model-lineage-holonomy/reports/tmp/model_lineage_holonomy/pilot/transport_maps_seed_1.npz,41fb2f4162a5d7aeedb836e8c60602acbcb01c680c29fa22f0569134dbc922c4
1,early,M_CAB,M_ACB,same_depth_closing,orthogonal_procrustes,early__M_CAB__M_ACB,3.551912222942939e-15,3.551977276745266e-15,3.56364106199874e-15,1.000000000000001,32,9.992007221626409e-16,5.02275342940024e-15,3.1856807064166695e-15,2.7548415182697055e-15,3.709314572662467e-15,/Users/tinggong/Documents/Codex/2026-07-20/model-lineage-holonomy/work/TwistedMerge-model-lineage-holonomy/reports/tmp/model_lineage_holonomy/pilot/transport_maps_seed_1.npz,41fb2f4162a5d7aeedb836e8c60602acbcb01c680c29fa22f0569134dbc922c4
1,early,M_BAC,M_BCA,same_depth_closing,orthogonal_procrustes,early__M_BAC__M_BCA,3.551912222942939e-15,3.551977276745266e-15,3.56364106199874e-15,1.000000000000001,32,9.992007221626409e-16,5.02275342940024e-15,3.1856807064166695e-15,2.7548415182697055e-15,3.709314572662467e-15,/Users/tinggong/Documents/Codex/2026-07-20/model-lineage-holonomy/work/TwistedMerge-model-lineage-holonomy/reports/tmp/model_lineage_holonomy/pilot/transport_maps_seed_1.npz,41fb2f4162a5d7aeedb836e8c60602acbcb01c680c29fa22f0569134dbc922c4
1,early,M_BCA,M_BAC,same_depth_closing,orthogonal_procrustes,early__M_BCA__M_BAC,3.551912222942939e-15,3.551977276745266e-15,3.56364106199874e-15,1.000000000000001,32,9.992007221626409e-16,5.02275342940024e-15,3.1856807064166695e-15,2.7548415182697055e-15,3.709314572662467e-15,/Users/tinggong/Documents/Codex/2026-07-20/model-lineage-holonomy/work/TwistedMerge-model-lineage-holonomy/reports/tmp/model_lineage_holonomy/pilot/transport_maps_seed_1.npz,41fb2f4162a5d7aeedb836e8c60602acbcb01c680c29fa22f0569134dbc922c4
1,early,M_BCA,M_CBA,same_depth_closing,orthogonal_procrustes,early__M_BCA__M_CBA,3.551912222942939e-15,3.551977276745266e-15,3.56364106199874e-15,1.000000000000001,32,9.992007221626409e-16,5.02275342940024e-15,3.1856807064166695e-15,2.7548415182697055e-15,3.709314572662467e-15,/Users/tinggong/Documents/Codex/2026-07-20/model-lineage-holonomy/work/TwistedMerge-model-lineage-holonomy/reports/tmp/model_lineage_holonomy/pilot/transport_maps_seed_1.npz,41fb2f4162a5d7aeedb836e8c60602acbcb01c680c29fa22f0569134dbc922c4
1,early,M_CBA,M_BCA,same_depth_closing,orthogonal_procrustes,early__M_CBA__M_BCA,3.551912222942939e-15,3.551977276745266e-15,3.56364106199874e-15,1.000000000000001,32,9.992007221626409e-16,5.02275342940024e-15,3.1856807064166695e-15,2.7548415182697055e-15,3.709314572662467e-15,/Users/tinggong/Documents/Codex/2026-07-20/model-lineage-holonomy/work/TwistedMerge-model-lineage-holonomy/reports/tmp/model_lineage_holonomy/pilot/transport_maps_seed_1.npz,41fb2f4162a5d7aeedb836e8c60602acbcb01c680c29fa22f0569134dbc922c4
1,early,M_CAB,M_CBA,same_depth_closing,orthogonal_procrustes,early__M_CAB__M_CBA,3.551912222942939e-15,3.551977276745266e-15,3.56364106199874e-15,1.000000000000001,32,9.992007221626409e-16,5.02275342940024e-15,3.1856807064166695e-15,2.7548415182697055e-15,3.709314572662467e-15,/Users/tinggong/Documents/Codex/2026-07-20/model-lineage-holonomy/work/TwistedMerge-model-lineage-holonomy/reports/tmp/model_lineage_holonomy/pilot/transport_maps_seed_1.npz,41fb2f4162a5d7aeedb836e8c60602acbcb01c680c29fa22f0569134dbc922c4
1,early,M_CBA,M_CAB,same_depth_closing,orthogonal_procrustes,early__M_CBA__M_CAB,3.551912222942939e-15,3.551977276745266e-15,3.56364106199874e-15,1.000000000000001,32,9.992007221626409e-16,5.02275342940024e-15,3.1856807064166695e-15,2.7548415182697055e-15,3.709314572662467e-15,/Users/tinggong/Documents/Codex/2026-07-20/model-lineage-holonomy/work/TwistedMerge-model-lineage-holonomy/reports/tmp/model_lineage_holonomy/pilot/transport_maps_seed_1.npz,41fb2f4162a5d7aeedb836e8c60602acbcb01c680c29fa22f0569134dbc922c4
1,early,M_AB,M_BA,same_depth_closing,orthogonal_procrustes,early__M_AB__M_BA,3.551912222942939e-15,3.551977276745266e-15,3.56364106199874e-15,1.000000000000001,32,9.992007221626409e-16,5.02275342940024e-15,3.1856807064166695e-15,2.7548415182697055e-15,3.709314572662467e-15,/Users/tinggong/Documents/Codex/2026-07-20/model-lineage-holonomy/work/TwistedMerge-model-lineage-holonomy/reports/tmp/model_lineage_holonomy/pilot/transport_maps_seed_1.npz,41fb2f4162a5d7aeedb836e8c60602acbcb01c680c29fa22f0569134dbc922c4
1,early,M_BA,M_AB,same_depth_closing,orthogonal_procrustes,early__M_BA__M_AB,3.551912222942939e-15,3.551977276745266e-15,3.56364106199874e-15,1.000000000000001,32,9.992007221626409e-16,5.02275342940024e-15,3.1856807064166695e-15,2.7548415182697055e-15,3.709314572662467e-15,/Users/tinggong/Documents/Codex/2026-07-20/model-lineage-holonomy/work/TwistedMerge-model-lineage-holonomy/reports/tmp/model_lineage_holonomy/pilot/transport_maps_seed_1.npz,41fb2f4162a5d7aeedb836e8c60602acbcb01c680c29fa22f0569134dbc922c4
1,early,M_AC,M_CA,same_depth_closing,orthogonal_procrustes,early__M_AC__M_CA,3.551912222942939e-15,3.551977276745266e-15,3.56364106199874e-15,1.000000000000001,32,9.992007221626409e-16,5.02275342940024e-15,3.1856807064166695e-15,2.7548415182697055e-15,3.709314572662467e-15,/Users/tinggong/Documents/Codex/2026-07-20/model-lineage-holonomy/work/TwistedMerge-model-lineage-holonomy/reports/tmp/model_lineage_holonomy/pilot/transport_maps_seed_1.npz,41fb2f4162a5d7aeedb836e8c60602acbcb01c680c29fa22f0569134dbc922c4
1,early,M_CA,M_AC,same_depth_closing,orthogonal_procrustes,early__M_CA__M_AC,3.551912222942939e-15,3.551977276745266e-15,3.56364106199874e-15,1.000000000000001,32,9.992007221626409e-16,5.02275342940024e-15,3.1856807064166695e-15,2.7548415182697055e-15,3.709314572662467e-15,/Users/tinggong/Documents/Codex/2026-07-20/model-lineage-holonomy/work/TwistedMerge-model-lineage-holonomy/reports/tmp/model_lineage_holonomy/pilot/transport_maps_seed_1.npz,41fb2f4162a5d7aeedb836e8c60602acbcb01c680c29fa22f0569134dbc922c4
1,early,M_BC,M_CB,same_depth_closing,orthogonal_procrustes,early__M_BC__M_CB,3.551912222942939e-15,3.551977276745266e-15,3.56364106199874e-15,1.000000000000001,32,9.992007221626409e-16,5.02275342940024e-15,3.1856807064166695e-15,2.7548415182697055e-15,3.709314572662467e-15,/Users/tinggong/Documents/Codex/2026-07-20/model-lineage-holonomy/work/TwistedMerge-model-lineage-holonomy/reports/tmp/model_lineage_holonomy/pilot/transport_maps_seed_1.npz,41fb2f4162a5d7aeedb836e8c60602acbcb01c680c29fa22f0569134dbc922c4
1,early,M_CB,M_BC,same_depth_closing,orthogonal_procrustes,early__M_CB__M_BC,3.551912222942939e-15,3.551977276745266e-15,3.56364106199874e-15,1.000000000000001,32,9.992007221626409e-16,5.02275342940024e-15,3.1856807064166695e-15,2.7548415182697055e-15,3.709314572662467e-15,/Users/tinggong/Documents/Codex/2026-07-20/model-lineage-holonomy/work/TwistedMerge-model-lineage-holonomy/reports/tmp/model_lineage_holonomy/pilot/transport_maps_seed_1.npz,41fb2f4162a5d7aeedb836e8c60602acbcb01c680c29fa22f0569134dbc922c4
1,early,M_A,M_B,same_depth_closing,orthogonal_procrustes,early__M_A__M_B,3.551912222942939e-15,3.551977276745266e-15,3.56364106199874e-15,1.000000000000001,32,9.992007221626409e-16,5.02275342940024e-15,3.1856807064166695e-15,2.7548415182697055e-15,3.709314572662467e-15,/Users/tinggong/Documents/Codex/2026-07-20/model-lineage-holonomy/work/TwistedMerge-model-lineage-holonomy/reports/tmp/model_lineage_holonomy/pilot/transport_maps_seed_1.npz,41fb2f4162a5d7aeedb836e8c60602acbcb01c680c29fa22f0569134dbc922c4
1,early,M_B,M_A,same_depth_closing,orthogonal_procrustes,early__M_B__M_A,3.551912222942939e-15,3.551977276745266e-15,3.56364106199874e-15,1.000000000000001,32,9.992007221626409e-16,5.02275342940024e-15,3.1856807064166695e-15,2.7548415182697055e-15,3.709314572662467e-15,/Users/tinggong/Documents/Codex/2026-07-20/model-lineage-holonomy/work/TwistedMerge-model-lineage-holonomy/reports/tmp/model_lineage_holonomy/pilot/transport_maps_seed_1.npz,41fb2f4162a5d7aeedb836e8c60602acbcb01c680c29fa22f0569134dbc922c4
1,early,M_A,M_C,same_depth_closing,orthogonal_procrustes,early__M_A__M_C,3.551912222942939e-15,3.551977276745266e-15,3.56364106199874e-15,1.000000000000001,32,9.992007221626409e-16,5.02275342940024e-15,3.1856807064166695e-15,2.7548415182697055e-15,3.709314572662467e-15,/Users/tinggong/Documents/Codex/2026-07-20/model-lineage-holonomy/work/TwistedMerge-model-lineage-holonomy/reports/tmp/model_lineage_holonomy/pilot/transport_maps_seed_1.npz,41fb2f4162a5d7aeedb836e8c60602acbcb01c680c29fa22f0569134dbc922c4
1,early,M_C,M_A,same_depth_closing,orthogonal_procrustes,early__M_C__M_A,3.551912222942939e-15,3.551977276745266e-15,3.56364106199874e-15,1.000000000000001,32,9.992007221626409e-16,5.02275342940024e-15,3.1856807064166695e-15,2.7548415182697055e-15,3.709314572662467e-15,/Users/tinggong/Documents/Codex/2026-07-20/model-lineage-holonomy/work/TwistedMerge-model-lineage-holonomy/reports/tmp/model_lineage_holonomy/pilot/transport_maps_seed_1.npz,41fb2f4162a5d7aeedb836e8c60602acbcb01c680c29fa22f0569134dbc922c4
1,early,M_B,M_C,same_depth_closing,orthogonal_procrustes,early__M_B__M_C,3.551912222942939e-15,3.551977276745266e-15,3.56364106199874e-15,1.000000000000001,32,9.992007221626409e-16,5.02275342940024e-15,3.1856807064166695e-15,2.7548415182697055e-15,3.709314572662467e-15,/Users/tinggong/Documents/Codex/2026-07-20/model-lineage-holonomy/work/TwistedMerge-model-lineage-holonomy/reports/tmp/model_lineage_holonomy/pilot/transport_maps_seed_1.npz,41fb2f4162a5d7aeedb836e8c60602acbcb01c680c29fa22f0569134dbc922c4
1,early,M_C,M_B,same_depth_closing,orthogonal_procrustes,early__M_C__M_B,3.551912222942939e-15,3.551977276745266e-15,3.56364106199874e-15,1.000000000000001,32,9.992007221626409e-16,5.02275342940024e-15,3.1856807064166695e-15,2.7548415182697055e-15,3.709314572662467e-15,/Users/tinggong/Documents/Codex/2026-07-20/model-lineage-holonomy/work/TwistedMerge-model-lineage-holonomy/reports/tmp/model_lineage_holonomy/pilot/transport_maps_seed_1.npz,41fb2f4162a5d7aeedb836e8c60602acbcb01c680c29fa22f0569134dbc922c4
1,mid,M0,M_A,forward_lineage,orthogonal_procrustes,mid__M0__M_A,1.3108991934751398e-15,1.3138191023365668e-15,1.3066713386351156e-15,1.000000000000002,32,1.887379141862766e-15,2.5963004898715615e-15,1.953131175753424e-15,1.6521804583295382e-15,2.4316470949937646e-15,/Users/tinggong/Documents/Codex/2026-07-20/model-lineage-holonomy/work/TwistedMerge-model-lineage-holonomy/reports/tmp/model_lineage_holonomy/pilot/transport_maps_seed_1.npz,41fb2f4162a5d7aeedb836e8c60602acbcb01c680c29fa22f0569134dbc922c4
1,mid,M_A,M0,reverse_lineage,orthogonal_procrustes,mid__M_A__M0,1.3108991934751398e-15,1.3138191023365668e-15,1.3066713386351156e-15,1.000000000000002,32,1.887379141862766e-15,2.5963004898715615e-15,1.953131175753424e-15,1.6521804583295382e-15,2.4316470949937646e-15,/Users/tinggong/Documents/Codex/2026-07-20/model-lineage-holonomy/work/TwistedMerge-model-lineage-holonomy/reports/tmp/model_lineage_holonomy/pilot/transport_maps_seed_1.npz,41fb2f4162a5d7aeedb836e8c60602acbcb01c680c29fa22f0569134dbc922c4
1,mid,M0,M_B,forward_lineage,orthogonal_procrustes,mid__M0__M_B,1.3108991934751398e-15,1.3138191023365668e-15,1.3066713386351156e-15,1.000000000000002,32,1.887379141862766e-15,2.5963004898715615e-15,1.953131175753424e-15,1.6521804583295382e-15,2.4316470949937646e-15,/Users/tinggong/Documents/Codex/2026-07-20/model-lineage-holonomy/work/TwistedMerge-model-lineage-holonomy/reports/tmp/model_lineage_holonomy/pilot/transport_maps_seed_1.npz,41fb2f4162a5d7aeedb836e8c60602acbcb01c680c29fa22f0569134dbc922c4
1,mid,M_B,M0,reverse_lineage,orthogonal_procrustes,mid__M_B__M0,1.3108991934751398e-15,1.3138191023365668e-15,1.3066713386351156e-15,1.000000000000002,32,1.887379141862766e-15,2.5963004898715615e-15,1.953131175753424e-15,1.6521804583295382e-15,2.4316470949937646e-15,/Users/tinggong/Documents/Codex/2026-07-20/model-lineage-holonomy/work/TwistedMerge-model-lineage-holonomy/reports/tmp/model_lineage_holonomy/pilot/transport_maps_seed_1.npz,41fb2f4162a5d7aeedb836e8c60602acbcb01c680c29fa22f0569134dbc922c4
1,mid,M0,M_C,forward_lineage,orthogonal_procrustes,mid__M0__M_C,1.3108991934751398e-15,1.3138191023365668e-15,1.3066713386351156e-15,1.000000000000002,32,1.887379141862766e-15,2.5963004898715615e-15,1.953131175753424e-15,1.6521804583295382e-15,2.4316470949937646e-15,/Users/tinggong/Documents/Codex/2026-07-20/model-lineage-holonomy/work/TwistedMerge-model-lineage-holonomy/reports/tmp/model_lineage_holonomy/pilot/transport_maps_seed_1.npz,41fb2f4162a5d7aeedb836e8c60602acbcb01c680c29fa22f0569134dbc922c4
1,mid,M_C,M0,reverse_lineage,orthogonal_procrustes,mid__M_C__M0,1.3108991934751398e-15,1.3138191023365668e-15,1.3066713386351156e-15,1.000000000000002,32,1.887379141862766e-15,2.5963004898715615e-15,1.953131175753424e-15,1.6521804583295382e-15,2.4316470949937646e-15,/Users/tinggong/Documents/Codex/2026-07-20/model-lineage-holonomy/work/TwistedMerge-model-lineage-holonomy/reports/tmp/model_lineage_holonomy/pilot/transport_maps_seed_1.npz,41fb2f4162a5d7aeedb836e8c60602acbcb01c680c29fa22f0569134dbc922c4
1,mid,M_A,M_AB,forward_lineage,orthogonal_procrustes,mid__M_A__M_AB,1.3108991934751398e-15,1.3138191023365668e-15,1.3066713386351156e-15,1.000000000000002,32,1.887379141862766e-15,2.5963004898715615e-15,1.953131175753424e-15,1.6521804583295382e-15,2.4316470949937646e-15,/Users/tinggong/Documents/Codex/2026-07-20/model-lineage-holonomy/work/TwistedMerge-model-lineage-holonomy/reports/tmp/model_lineage_holonomy/pilot/transport_maps_seed_1.npz,41fb2f4162a5d7aeedb836e8c60602acbcb01c680c29fa22f0569134dbc922c4
1,mid,M_AB,M_A,reverse_lineage,orthogonal_procrustes,mid__M_AB__M_A,1.3108991934751398e-15,1.3138191023365668e-15,1.3066713386351156e-15,1.000000000000002,32,1.887379141862766e-15,2.5963004898715615e-15,1.953131175753424e-15,1.6521804583295382e-15,2.4316470949937646e-15,/Users/tinggong/Documents/Codex/2026-07-20/model-lineage-holonomy/work/TwistedMerge-model-lineage-holonomy/reports/tmp/model_lineage_holonomy/pilot/transport_maps_seed_1.npz,41fb2f4162a5d7aeedb836e8c60602acbcb01c680c29fa22f0569134dbc922c4
1,mid,M_A,M_AC,forward_lineage,orthogonal_procrustes,mid__M_A__M_AC,1.3108991934751398e-15,1.3138191023365668e-15,1.3066713386351156e-15,1.000000000000002,32,1.887379141862766e-15,2.5963004898715615e-15,1.953131175753424e-15,1.6521804583295382e-15,2.4316470949937646e-15,/Users/tinggong/Documents/Codex/2026-07-20/model-lineage-holonomy/work/TwistedMerge-model-lineage-holonomy/reports/tmp/model_lineage_holonomy/pilot/transport_maps_seed_1.npz,41fb2f4162a5d7aeedb836e8c60602acbcb01c680c29fa22f0569134dbc922c4
1,mid,M_AC,M_A,reverse_lineage,orthogonal_procrustes,mid__M_AC__M_A,1.3108991934751398e-15,1.3138191023365668e-15,1.3066713386351156e-15,1.000000000000002,32,1.887379141862766e-15,2.5963004898715615e-15,1.953131175753424e-15,1.6521804583295382e-15,2.4316470949937646e-15,/Users/tinggong/Documents/Codex/2026-07-20/model-lineage-holonomy/work/TwistedMerge-model-lineage-holonomy/reports/tmp/model_lineage_holonomy/pilot/transport_maps_seed_1.npz,41fb2f4162a5d7aeedb836e8c60602acbcb01c680c29fa22f0569134dbc922c4
1,mid,M_B,M_BA,forward_lineage,orthogonal_procrustes,mid__M_B__M_BA,1.3108991934751398e-15,1.3138191023365668e-15,1.3066713386351156e-15,1.000000000000002,32,1.887379141862766e-15,2.5963004898715615e-15,1.953131175753424e-15,1.6521804583295382e-15,2.4316470949937646e-15,/Users/tinggong/Documents/Codex/2026-07-20/model-lineage-holonomy/work/TwistedMerge-model-lineage-holonomy/reports/tmp/model_lineage_holonomy/pilot/transport_maps_seed_1.npz,41fb2f4162a5d7aeedb836e8c60602acbcb01c680c29fa22f0569134dbc922c4
1,mid,M_BA,M_B,reverse_lineage,orthogonal_procrustes,mid__M_BA__M_B,1.3108991934751398e-15,1.3138191023365668e-15,1.3066713386351156e-15,1.000000000000002,32,1.887379141862766e-15,2.5963004898715615e-15,1.953131175753424e-15,1.6521804583295382e-15,2.4316470949937646e-15,/Users/tinggong/Documents/Codex/2026-07-20/model-lineage-holonomy/work/TwistedMerge-model-lineage-holonomy/reports/tmp/model_lineage_holonomy/pilot/transport_maps_seed_1.npz,41fb2f4162a5d7aeedb836e8c60602acbcb01c680c29fa22f0569134dbc922c4
1,mid,M_B,M_BC,forward_lineage,orthogonal_procrustes,mid__M_B__M_BC,1.3108991934751398e-15,1.3138191023365668e-15,1.3066713386351156e-15,1.000000000000002,32,1.887379141862766e-15,2.5963004898715615e-15,1.953131175753424e-15,1.6521804583295382e-15,2.4316470949937646e-15,/Users/tinggong/Documents/Codex/2026-07-20/model-lineage-holonomy/work/TwistedMerge-model-lineage-holonomy/reports/tmp/model_lineage_holonomy/pilot/transport_maps_seed_1.npz,41fb2f4162a5d7aeedb836e8c60602acbcb01c680c29fa22f0569134dbc922c4
1,mid,M_BC,M_B,reverse_lineage,orthogonal_procrustes,mid__M_BC__M_B,1.3108991934751398e-15,1.3138191023365668e-15,1.3066713386351156e-15,1.000000000000002,32,1.887379141862766e-15,2.5963004898715615e-15,1.953131175753424e-15,1.6521804583295382e-15,2.4316470949937646e-15,/Users/tinggong/Documents/Codex/2026-07-20/model-lineage-holonomy/work/TwistedMerge-model-lineage-holonomy/reports/tmp/model_lineage_holonomy/pilot/transport_maps_seed_1.npz,41fb2f4162a5d7aeedb836e8c60602acbcb01c680c29fa22f0569134dbc922c4
1,mid,M_C,M_CA,forward_lineage,orthogonal_procrustes,mid__M_C__M_CA,1.3108991934751398e-15,1.3138191023365668e-15,1.3066713386351156e-15,1.000000000000002,32,1.887379141862766e-15,2.5963004898715615e-15,1.953131175753424e-15,1.6521804583295382e-15,2.4316470949937646e-15,/Users/tinggong/Documents/Codex/2026-07-20/model-lineage-holonomy/work/TwistedMerge-model-lineage-holonomy/reports/tmp/model_lineage_holonomy/pilot/transport_maps_seed_1.npz,41fb2f4162a5d7aeedb836e8c60602acbcb01c680c29fa22f0569134dbc922c4
1,mid,M_CA,M_C,reverse_lineage,orthogonal_procrustes,mid__M_CA__M_C,1.3108991934751398e-15,1.3138191023365668e-15,1.3066713386351156e-15,1.000000000000002,32,1.887379141862766e-15,2.5963004898715615e-15,1.953131175753424e-15,1.6521804583295382e-15,2.4316470949937646e-15,/Users/tinggong/Documents/Codex/2026-07-20/model-lineage-holonomy/work/TwistedMerge-model-lineage-holonomy/reports/tmp/model_lineage_holonomy/pilot/transport_maps_seed_1.npz,41fb2f4162a5d7aeedb836e8c60602acbcb01c680c29fa22f0569134dbc922c4
1,mid,M_C,M_CB,forward_lineage,orthogonal_procrustes,mid__M_C__M_CB,1.3108991934751398e-15,1.3138191023365668e-15,1.3066713386351156e-15,1.000000000000002,32,1.887379141862766e-15,2.5963004898715615e-15,1.953131175753424e-15,1.6521804583295382e-15,2.4316470949937646e-15,/Users/tinggong/Documents/Codex/2026-07-20/model-lineage-holonomy/work/TwistedMerge-model-lineage-holonomy/reports/tmp/model_lineage_holonomy/pilot/transport_maps_seed_1.npz,41fb2f4162a5d7aeedb836e8c60602acbcb01c680c29fa22f0569134dbc922c4
1,mid,M_CB,M_C,reverse_lineage,orthogonal_procrustes,mid__M_CB__M_C,1.3108991934751398e-15,1.3138191023365668e-15,1.3066713386351156e-15,1.000000000000002,32,1.887379141862766e-15,2.5963004898715615e-15,1.953131175753424e-15,1.6521804583295382e-15,2.4316470949937646e-15,/Users/tinggong/Documents/Codex/2026-07-20/model-lineage-holonomy/work/TwistedMerge-model-lineage-holonomy/reports/tmp/model_lineage_holonomy/pilot/transport_maps_seed_1.npz,41fb2f4162a5d7aeedb836e8c60602acbcb01c680c29fa22f0569134dbc922c4
1,mid,M_AB,M_ABC,forward_lineage,orthogonal_procrustes,mid__M_AB__M_ABC,1.3108991934751398e-15,1.3138191023365668e-15,1.3066713386351156e-15,1.000000000000002,32,1.887379141862766e-15,2.5963004898715615e-15,1.953131175753424e-15,1.6521804583295382e-15,2.4316470949937646e-15,/Users/tinggong/Documents/Codex/2026-07-20/model-lineage-holonomy/work/TwistedMerge-model-lineage-holonomy/reports/tmp/model_lineage_holonomy/pilot/transport_maps_seed_1.npz,41fb2f4162a5d7aeedb836e8c60602acbcb01c680c29fa22f0569134dbc922c4
1,mid,M_ABC,M_AB,reverse_lineage,orthogonal_procrustes,mid__M_ABC__M_AB,1.3108991934751398e-15,1.3138191023365668e-15,1.3066713386351156e-15,1.000000000000002,32,1.887379141862766e-15,2.5963004898715615e-15,1.953131175753424e-15,1.6521804583295382e-15,2.4316470949937646e-15,/Users/tinggong/Documents/Codex/2026-07-20/model-lineage-holonomy/work/TwistedMerge-model-lineage-holonomy/reports/tmp/model_lineage_holonomy/pilot/transport_maps_seed_1.npz,41fb2f4162a5d7aeedb836e8c60602acbcb01c680c29fa22f0569134dbc922c4
1,mid,M_AC,M_ACB,forward_lineage,orthogonal_procrustes,mid__M_AC__M_ACB,1.3108991934751398e-15,1.3138191023365668e-15,1.3066713386351156e-15,1.000000000000002,32,1.887379141862766e-15,2.5963004898715615e-15,1.953131175753424e-15,1.6521804583295382e-15,2.4316470949937646e-15,/Users/tinggong/Documents/Codex/2026-07-20/model-lineage-holonomy/work/TwistedMerge-model-lineage-holonomy/reports/tmp/model_lineage_holonomy/pilot/transport_maps_seed_1.npz,41fb2f4162a5d7aeedb836e8c60602acbcb01c680c29fa22f0569134dbc922c4
1,mid,M_ACB,M_AC,reverse_lineage,orthogonal_procrustes,mid__M_ACB__M_AC,1.3108991934751398e-15,1.3138191023365668e-15,1.3066713386351156e-15,1.000000000000002,32,1.887379141862766e-15,2.5963004898715615e-15,1.953131175753424e-15,1.6521804583295382e-15,2.4316470949937646e-15,/Users/tinggong/Documents/Codex/2026-07-20/model-lineage-holonomy/work/TwistedMerge-model-lineage-holonomy/reports/tmp/model_lineage_holonomy/pilot/transport_maps_seed_1.npz,41fb2f4162a5d7aeedb836e8c60602acbcb01c680c29fa22f0569134dbc922c4
1,mid,M_BA,M_BAC,forward_lineage,orthogonal_procrustes,mid__M_BA__M_BAC,1.3108991934751398e-15,1.3138191023365668e-15,1.3066713386351156e-15,1.000000000000002,32,1.887379141862766e-15,2.5963004898715615e-15,1.953131175753424e-15,1.6521804583295382e-15,2.4316470949937646e-15,/Users/tinggong/Documents/Codex/2026-07-20/model-lineage-holonomy/work/TwistedMerge-model-lineage-holonomy/reports/tmp/model_lineage_holonomy/pilot/transport_maps_seed_1.npz,41fb2f4162a5d7aeedb836e8c60602acbcb01c680c29fa22f0569134dbc922c4
1,mid,M_BAC,M_BA,reverse_lineage,orthogonal_procrustes,mid__M_BAC__M_BA,1.3108991934751398e-15,1.3138191023365668e-15,1.3066713386351156e-15,1.000000000000002,32,1.887379141862766e-15,2.5963004898715615e-15,1.953131175753424e-15,1.6521804583295382e-15,2.4316470949937646e-15,/Users/tinggong/Documents/Codex/2026-07-20/model-lineage-holonomy/work/TwistedMerge-model-lineage-holonomy/reports/tmp/model_lineage_holonomy/pilot/transport_maps_seed_1.npz,41fb2f4162a5d7aeedb836e8c60602acbcb01c680c29fa22f0569134dbc922c4
1,mid,M_BC,M_BCA,forward_lineage,orthogonal_procrustes,mid__M_BC__M_BCA,1.3108991934751398e-15,1.3138191023365668e-15,1.3066713386351156e-15,1.000000000000002,32,1.887379141862766e-15,2.5963004898715615e-15,1.953131175753424e-15,1.6521804583295382e-15,2.4316470949937646e-15,/Users/tinggong/Documents/Codex/2026-07-20/model-lineage-holonomy/work/TwistedMerge-model-lineage-holonomy/reports/tmp/model_lineage_holonomy/pilot/transport_maps_seed_1.npz,41fb2f4162a5d7aeedb836e8c60602acbcb01c680c29fa22f0569134dbc922c4
1,mid,M_BCA,M_BC,reverse_lineage,orthogonal_procrustes,mid__M_BCA__M_BC,1.3108991934751398e-15,1.3138191023365668e-15,1.3066713386351156e-15,1.000000000000002,32,1.887379141862766e-15,2.5963004898715615e-15,1.953131175753424e-15,1.6521804583295382e-15,2.4316470949937646e-15,/Users/tinggong/Documents/Codex/2026-07-20/model-lineage-holonomy/work/TwistedMerge-model-lineage-holonomy/reports/tmp/model_lineage_holonomy/pilot/transport_maps_seed_1.npz,41fb2f4162a5d7aeedb836e8c60602acbcb01c680c29fa22f0569134dbc922c4
1,mid,M_CA,M_CAB,forward_lineage,orthogonal_procrustes,mid__M_CA__M_CAB,1.3108991934751398e-15,1.3138191023365668e-15,1.3066713386351156e-15,1.000000000000002,32,1.887379141862766e-15,2.5963004898715615e-15,1.953131175753424e-15,1.6521804583295382e-15,2.4316470949937646e-15,/Users/tinggong/Documents/Codex/2026-07-20/model-lineage-holonomy/work/TwistedMerge-model-lineage-holonomy/reports/tmp/model_lineage_holonomy/pilot/transport_maps_seed_1.npz,41fb2f4162a5d7aeedb836e8c60602acbcb01c680c29fa22f0569134dbc922c4
1,mid,M_CAB,M_CA,reverse_lineage,orthogonal_procrustes,mid__M_CAB__M_CA,1.3108991934751398e-15,1.3138191023365668e-15,1.3066713386351156e-15,1.000000000000002,32,1.887379141862766e-15,2.5963004898715615e-15,1.953131175753424e-15,1.6521804583295382e-15,2.4316470949937646e-15,/Users/tinggong/Documents/Codex/2026-07-20/model-lineage-holonomy/work/TwistedMerge-model-lineage-holonomy/reports/tmp/model_lineage_holonomy/pilot/transport_maps_seed_1.npz,41fb2f4162a5d7aeedb836e8c60602acbcb01c680c29fa22f0569134dbc922c4
1,mid,M_CB,M_CBA,forward_lineage,orthogonal_procrustes,mid__M_CB__M_CBA,1.3108991934751398e-15,1.3138191023365668e-15,1.3066713386351156e-15,1.000000000000002,32,1.887379141862766e-15,2.5963004898715615e-15,1.953131175753424e-15,1.6521804583295382e-15,2.4316470949937646e-15,/Users/tinggong/Documents/Codex/2026-07-20/model-lineage-holonomy/work/TwistedMerge-model-lineage-holonomy/reports/tmp/model_lineage_holonomy/pilot/transport_maps_seed_1.npz,41fb2f4162a5d7aeedb836e8c60602acbcb01c680c29fa22f0569134dbc922c4
1,mid,M_CBA,M_CB,reverse_lineage,orthogonal_procrustes,mid__M_CBA__M_CB,1.3108991934751398e-15,1.3138191023365668e-15,1.3066713386351156e-15,1.000000000000002,32,1.887379141862766e-15,2.5963004898715615e-15,1.953131175753424e-15,1.6521804583295382e-15,2.4316470949937646e-15,/Users/tinggong/Documents/Codex/2026-07-20/model-lineage-holonomy/work/TwistedMerge-model-lineage-holonomy/reports/tmp/model_lineage_holonomy/pilot/transport_maps_seed_1.npz,41fb2f4162a5d7aeedb836e8c60602acbcb01c680c29fa22f0569134dbc922c4
1,mid,M_AB,M_B,loop_closing,orthogonal_procrustes,mid__M_AB__M_B,1.3108991934751398e-15,1.3138191023365668e-15,1.3066713386351156e-15,1.000000000000002,32,1.887379141862766e-15,2.5963004898715615e-15,1.953131175753424e-15,1.6521804583295382e-15,2.4316470949937646e-15,/Users/tinggong/Documents/Codex/2026-07-20/model-lineage-holonomy/work/TwistedMerge-model-lineage-holonomy/reports/tmp/model_lineage_holonomy/pilot/transport_maps_seed_1.npz,41fb2f4162a5d7aeedb836e8c60602acbcb01c680c29fa22f0569134dbc922c4
1,mid,M_B,M_AB,loop_closing,orthogonal_procrustes,mid__M_B__M_AB,1.3108991934751398e-15,1.3138191023365668e-15,1.3066713386351156e-15,1.000000000000002,32,1.887379141862766e-15,2.5963004898715615e-15,1.953131175753424e-15,1.6521804583295382e-15,2.4316470949937646e-15,/Users/tinggong/Documents/Codex/2026-07-20/model-lineage-holonomy/work/TwistedMerge-model-lineage-holonomy/reports/tmp/model_lineage_holonomy/pilot/transport_maps_seed_1.npz,41fb2f4162a5d7aeedb836e8c60602acbcb01c680c29fa22f0569134dbc922c4
1,mid,M_AC,M_C,loop_closing,orthogonal_procrustes,mid__M_AC__M_C,1.3108991934751398e-15,1.3138191023365668e-15,1.3066713386351156e-15,1.000000000000002,32,1.887379141862766e-15,2.5963004898715615e-15,1.953131175753424e-15,1.6521804583295382e-15,2.4316470949937646e-15,/Users/tinggong/Documents/Codex/2026-07-20/model-lineage-holonomy/work/TwistedMerge-model-lineage-holonomy/reports/tmp/model_lineage_holonomy/pilot/transport_maps_seed_1.npz,41fb2f4162a5d7aeedb836e8c60602acbcb01c680c29fa22f0569134dbc922c4
1,mid,M_C,M_AC,loop_closing,orthogonal_procrustes,mid__M_C__M_AC,1.3108991934751398e-15,1.3138191023365668e-15,1.3066713386351156e-15,1.000000000000002,32,1.887379141862766e-15,2.5963004898715615e-15,1.953131175753424e-15,1.6521804583295382e-15,2.4316470949937646e-15,/Users/tinggong/Documents/Codex/2026-07-20/model-lineage-holonomy/work/TwistedMerge-model-lineage-holonomy/reports/tmp/model_lineage_holonomy/pilot/transport_maps_seed_1.npz,41fb2f4162a5d7aeedb836e8c60602acbcb01c680c29fa22f0569134dbc922c4
1,mid,M_BC,M_C,loop_closing,orthogonal_procrustes,mid__M_BC__M_C,1.3108991934751398e-15,1.3138191023365668e-15,1.3066713386351156e-15,1.000000000000002,32,1.887379141862766e-15,2.5963004898715615e-15,1.953131175753424e-15,1.6521804583295382e-15,2.4316470949937646e-15,/Users/tinggong/Documents/Codex/2026-07-20/model-lineage-holonomy/work/TwistedMerge-model-lineage-holonomy/reports/tmp/model_lineage_holonomy/pilot/transport_maps_seed_1.npz,41fb2f4162a5d7aeedb836e8c60602acbcb01c680c29fa22f0569134dbc922c4
1,mid,M_C,M_BC,loop_closing,orthogonal_procrustes,mid__M_C__M_BC,1.3108991934751398e-15,1.3138191023365668e-15,1.3066713386351156e-15,1.000000000000002,32,1.887379141862766e-15,2.5963004898715615e-15,1.953131175753424e-15,1.6521804583295382e-15,2.4316470949937646e-15,/Users/tinggong/Documents/Codex/2026-07-20/model-lineage-holonomy/work/TwistedMerge-model-lineage-holonomy/reports/tmp/model_lineage_holonomy/pilot/transport_maps_seed_1.npz,41fb2f4162a5d7aeedb836e8c60602acbcb01c680c29fa22f0569134dbc922c4
1,mid,M_ABC,M_BAC,same_depth_closing,orthogonal_procrustes,mid__M_ABC__M_BAC,1.3108991934751398e-15,1.3138191023365668e-15,1.3066713386351156e-15,1.000000000000002,32,1.887379141862766e-15,2.5963004898715615e-15,1.953131175753424e-15,1.6521804583295382e-15,2.4316470949937646e-15,/Users/tinggong/Documents/Codex/2026-07-20/model-lineage-holonomy/work/TwistedMerge-model-lineage-holonomy/reports/tmp/model_lineage_holonomy/pilot/transport_maps_seed_1.npz,41fb2f4162a5d7aeedb836e8c60602acbcb01c680c29fa22f0569134dbc922c4
1,mid,M_BAC,M_ABC,same_depth_closing,orthogonal_procrustes,mid__M_BAC__M_ABC,1.3108991934751398e-15,1.3138191023365668e-15,1.3066713386351156e-15,1.000000000000002,32,1.887379141862766e-15,2.5963004898715615e-15,1.953131175753424e-15,1.6521804583295382e-15,2.4316470949937646e-15,/Users/tinggong/Documents/Codex/2026-07-20/model-lineage-holonomy/work/TwistedMerge-model-lineage-holonomy/reports/tmp/model_lineage_holonomy/pilot/transport_maps_seed_1.npz,41fb2f4162a5d7aeedb836e8c60602acbcb01c680c29fa22f0569134dbc922c4
1,mid,M_ABC,M_ACB,same_depth_closing,orthogonal_procrustes,mid__M_ABC__M_ACB,1.3108991934751398e-15,1.3138191023365668e-15,1.3066713386351156e-15,1.000000000000002,32,1.887379141862766e-15,2.5963004898715615e-15,1.953131175753424e-15,1.6521804583295382e-15,2.4316470949937646e-15,/Users/tinggong/Documents/Codex/2026-07-20/model-lineage-holonomy/work/TwistedMerge-model-lineage-holonomy/reports/tmp/model_lineage_holonomy/pilot/transport_maps_seed_1.npz,41fb2f4162a5d7aeedb836e8c60602acbcb01c680c29fa22f0569134dbc922c4
1,mid,M_ACB,M_ABC,same_depth_closing,orthogonal_procrustes,mid__M_ACB__M_ABC,1.3108991934751398e-15,1.3138191023365668e-15,1.3066713386351156e-15,1.000000000000002,32,1.887379141862766e-15,2.5963004898715615e-15,1.953131175753424e-15,1.6521804583295382e-15,2.4316470949937646e-15,/Users/tinggong/Documents/Codex/2026-07-20/model-lineage-holonomy/work/TwistedMerge-model-lineage-holonomy/reports/tmp/model_lineage_holonomy/pilot/transport_maps_seed_1.npz,41fb2f4162a5d7aeedb836e8c60602acbcb01c680c29fa22f0569134dbc922c4
1,mid,M_ACB,M_CAB,same_depth_closing,orthogonal_procrustes,mid__M_ACB__M_CAB,1.3108991934751398e-15,1.3138191023365668e-15,1.3066713386351156e-15,1.000000000000002,32,1.887379141862766e-15,2.5963004898715615e-15,1.953131175753424e-15,1.6521804583295382e-15,2.4316470949937646e-15,/Users/tinggong/Documents/Codex/2026-07-20/model-lineage-holonomy/work/TwistedMerge-model-lineage-holonomy/reports/tmp/model_lineage_holonomy/pilot/transport_maps_seed_1.npz,41fb2f4162a5d7aeedb836e8c60602acbcb01c680c29fa22f0569134dbc922c4
1,mid,M_CAB,M_ACB,same_depth_closing,orthogonal_procrustes,mid__M_CAB__M_ACB,1.3108991934751398e-15,1.3138191023365668e-15,1.3066713386351156e-15,1.000000000000002,32,1.887379141862766e-15,2.5963004898715615e-15,1.953131175753424e-15,1.6521804583295382e-15,2.4316470949937646e-15,/Users/tinggong/Documents/Codex/2026-07-20/model-lineage-holonomy/work/TwistedMerge-model-lineage-holonomy/reports/tmp/model_lineage_holonomy/pilot/transport_maps_seed_1.npz,41fb2f4162a5d7aeedb836e8c60602acbcb01c680c29fa22f0569134dbc922c4
1,mid,M_BAC,M_BCA,same_depth_closing,orthogonal_procrustes,mid__M_BAC__M_BCA,1.3108991934751398e-15,1.3138191023365668e-15,1.3066713386351156e-15,1.000000000000002,32,1.887379141862766e-15,2.5963004898715615e-15,1.953131175753424e-15,1.6521804583295382e-15,2.4316470949937646e-15,/Users/tinggong/Documents/Codex/2026-07-20/model-lineage-holonomy/work/TwistedMerge-model-lineage-holonomy/reports/tmp/model_lineage_holonomy/pilot/transport_maps_seed_1.npz,41fb2f4162a5d7aeedb836e8c60602acbcb01c680c29fa22f0569134dbc922c4
1,mid,M_BCA,M_BAC,same_depth_closing,orthogonal_procrustes,mid__M_BCA__M_BAC,1.3108991934751398e-15,1.3138191023365668e-15,1.3066713386351156e-15,1.000000000000002,32,1.887379141862766e-15,2.5963004898715615e-15,1.953131175753424e-15,1.6521804583295382e-15,2.4316470949937646e-15,/Users/tinggong/Documents/Codex/2026-07-20/model-lineage-holonomy/work/TwistedMerge-model-lineage-holonomy/reports/tmp/model_lineage_holonomy/pilot/transport_maps_seed_1.npz,41fb2f4162a5d7aeedb836e8c60602acbcb01c680c29fa22f0569134dbc922c4
1,mid,M_BCA,M_CBA,same_depth_closing,orthogonal_procrustes,mid__M_BCA__M_CBA,1.3108991934751398e-15,1.3138191023365668e-15,1.3066713386351156e-15,1.000000000000002,32,1.887379141862766e-15,2.5963004898715615e-15,1.953131175753424e-15,1.6521804583295382e-15,2.4316470949937646e-15,/Users/tinggong/Documents/Codex/2026-07-20/model-lineage-holonomy/work/TwistedMerge-model-lineage-holonomy/reports/tmp/model_lineage_holonomy/pilot/transport_maps_seed_1.npz,41fb2f4162a5d7aeedb836e8c60602acbcb01c680c29fa22f0569134dbc922c4
1,mid,M_CBA,M_BCA,same_depth_closing,orthogonal_procrustes,mid__M_CBA__M_BCA,1.3108991934751398e-15,1.3138191023365668e-15,1.3066713386351156e-15,1.000000000000002,32,1.887379141862766e-15,2.5963004898715615e-15,1.953131175753424e-15,1.6521804583295382e-15,2.4316470949937646e-15,/Users/tinggong/Documents/Codex/2026-07-20/model-lineage-holonomy/work/TwistedMerge-model-lineage-holonomy/reports/tmp/model_lineage_holonomy/pilot/transport_maps_seed_1.npz,41fb2f4162a5d7aeedb836e8c60602acbcb01c680c29fa22f0569134dbc922c4
1,mid,M_CAB,M_CBA,same_depth_closing,orthogonal_procrustes,mid__M_CAB__M_CBA,1.3108991934751398e-15,1.3138191023365668e-15,1.3066713386351156e-15,1.000000000000002,32,1.887379141862766e-15,2.5963004898715615e-15,1.953131175753424e-15,1.6521804583295382e-15,2.4316470949937646e-15,/Users/tinggong/Documents/Codex/2026-07-20/model-lineage-holonomy/work/TwistedMerge-model-lineage-holonomy/reports/tmp/model_lineage_holonomy/pilot/transport_maps_seed_1.npz,41fb2f4162a5d7aeedb836e8c60602acbcb01c680c29fa22f0569134dbc922c4
1,mid,M_CBA,M_CAB,same_depth_closing,orthogonal_procrustes,mid__M_CBA__M_CAB,1.3108991934751398e-15,1.3138191023365668e-15,1.3066713386351156e-15,1.000000000000002,32,1.887379141862766e-15,2.5963004898715615e-15,1.953131175753424e-15,1.6521804583295382e-15,2.4316470949937646e-15,/Users/tinggong/Documents/Codex/2026-07-20/model-lineage-holonomy/work/TwistedMerge-model-lineage-holonomy/reports/tmp/model_lineage_holonomy/pilot/transport_maps_seed_1.npz,41fb2f4162a5d7aeedb836e8c60602acbcb01c680c29fa22f0569134dbc922c4
1,mid,M_AB,M_BA,same_depth_closing,orthogonal_procrustes,mid__M_AB__M_BA,1.3108991934751398e-15,1.3138191023365668e-15,1.3066713386351156e-15,1.000000000000002,32,1.887379141862766e-15,2.5963004898715615e-15,1.953131175753424e-15,1.6521804583295382e-15,2.4316470949937646e-15,/Users/tinggong/Documents/Codex/2026-07-20/model-lineage-holonomy/work/TwistedMerge-model-lineage-holonomy/reports/tmp/model_lineage_holonomy/pilot/transport_maps_seed_1.npz,41fb2f4162a5d7aeedb836e8c60602acbcb01c680c29fa22f0569134dbc922c4
1,mid,M_BA,M_AB,same_depth_closing,orthogonal_procrustes,mid__M_BA__M_AB,1.3108991934751398e-15,1.3138191023365668e-15,1.3066713386351156e-15,1.000000000000002,32,1.887379141862766e-15,2.5963004898715615e-15,1.953131175753424e-15,1.6521804583295382e-15,2.4316470949937646e-15,/Users/tinggong/Documents/Codex/2026-07-20/model-lineage-holonomy/work/TwistedMerge-model-lineage-holonomy/reports/tmp/model_lineage_holonomy/pilot/transport_maps_seed_1.npz,41fb2f4162a5d7aeedb836e8c60602acbcb01c680c29fa22f0569134dbc922c4
1,mid,M_AC,M_CA,same_depth_closing,orthogonal_procrustes,mid__M_AC__M_CA,1.3108991934751398e-15,1.3138191023365668e-15,1.3066713386351156e-15,1.000000000000002,32,1.887379141862766e-15,2.5963004898715615e-15,1.953131175753424e-15,1.6521804583295382e-15,2.4316470949937646e-15,/Users/tinggong/Documents/Codex/2026-07-20/model-lineage-holonomy/work/TwistedMerge-model-lineage-holonomy/reports/tmp/model_lineage_holonomy/pilot/transport_maps_seed_1.npz,41fb2f4162a5d7aeedb836e8c60602acbcb01c680c29fa22f0569134dbc922c4
1,mid,M_CA,M_AC,same_depth_closing,orthogonal_procrustes,mid__M_CA__M_AC,1.3108991934751398e-15,1.3138191023365668e-15,1.3066713386351156e-15,1.000000000000002,32,1.887379141862766e-15,2.5963004898715615e-15,1.953131175753424e-15,1.6521804583295382e-15,2.4316470949937646e-15,/Users/tinggong/Documents/Codex/2026-07-20/model-lineage-holonomy/work/TwistedMerge-model-lineage-holonomy/reports/tmp/model_lineage_holonomy/pilot/transport_maps_seed_1.npz,41fb2f4162a5d7aeedb836e8c60602acbcb01c680c29fa22f0569134dbc922c4
1,mid,M_BC,M_CB,same_depth_closing,orthogonal_procrustes,mid__M_BC__M_CB,1.3108991934751398e-15,1.3138191023365668e-15,1.3066713386351156e-15,1.000000000000002,32,1.887379141862766e-15,2.5963004898715615e-15,1.953131175753424e-15,1.6521804583295382e-15,2.4316470949937646e-15,/Users/tinggong/Documents/Codex/2026-07-20/model-lineage-holonomy/work/TwistedMerge-model-lineage-holonomy/reports/tmp/model_lineage_holonomy/pilot/transport_maps_seed_1.npz,41fb2f4162a5d7aeedb836e8c60602acbcb01c680c29fa22f0569134dbc922c4
1,mid,M_CB,M_BC,same_depth_closing,orthogonal_procrustes,mid__M_CB__M_BC,1.3108991934751398e-15,1.3138191023365668e-15,1.3066713386351156e-15,1.000000000000002,32,1.887379141862766e-15,2.5963004898715615e-15,1.953131175753424e-15,1.6521804583295382e-15,2.4316470949937646e-15,/Users/tinggong/Documents/Codex/2026-07-20/model-lineage-holonomy/work/TwistedMerge-model-lineage-holonomy/reports/tmp/model_lineage_holonomy/pilot/transport_maps_seed_1.npz,41fb2f4162a5d7aeedb836e8c60602acbcb01c680c29fa22f0569134dbc922c4
1,mid,M_A,M_B,same_depth_closing,orthogonal_procrustes,mid__M_A__M_B,1.3108991934751398e-15,1.3138191023365668e-15,1.3066713386351156e-15,1.000000000000002,32,1.887379141862766e-15,2.5963004898715615e-15,1.953131175753424e-15,1.6521804583295382e-15,2.4316470949937646e-15,/Users/tinggong/Documents/Codex/2026-07-20/model-lineage-holonomy/work/TwistedMerge-model-lineage-holonomy/reports/tmp/model_lineage_holonomy/pilot/transport_maps_seed_1.npz,41fb2f4162a5d7aeedb836e8c60602acbcb01c680c29fa22f0569134dbc922c4
1,mid,M_B,M_A,same_depth_closing,orthogonal_procrustes,mid__M_B__M_A,1.3108991934751398e-15,1.3138191023365668e-15,1.3066713386351156e-15,1.000000000000002,32,1.887379141862766e-15,2.5963004898715615e-15,1.953131175753424e-15,1.6521804583295382e-15,2.4316470949937646e-15,/Users/tinggong/Documents/Codex/2026-07-20/model-lineage-holonomy/work/TwistedMerge-model-lineage-holonomy/reports/tmp/model_lineage_holonomy/pilot/transport_maps_seed_1.npz,41fb2f4162a5d7aeedb836e8c60602acbcb01c680c29fa22f0569134dbc922c4
1,mid,M_A,M_C,same_depth_closing,orthogonal_procrustes,mid__M_A__M_C,1.3108991934751398e-15,1.3138191023365668e-15,1.3066713386351156e-15,1.000000000000002,32,1.887379141862766e-15,2.5963004898715615e-15,1.953131175753424e-15,1.6521804583295382e-15,2.4316470949937646e-15,/Users/tinggong/Documents/Codex/2026-07-20/model-lineage-holonomy/work/TwistedMerge-model-lineage-holonomy/reports/tmp/model_lineage_holonomy/pilot/transport_maps_seed_1.npz,41fb2f4162a5d7aeedb836e8c60602acbcb01c680c29fa22f0569134dbc922c4
1,mid,M_C,M_A,same_depth_closing,orthogonal_procrustes,mid__M_C__M_A,1.3108991934751398e-15,1.3138191023365668e-15,1.3066713386351156e-15,1.000000000000002,32,1.887379141862766e-15,2.5963004898715615e-15,1.953131175753424e-15,1.6521804583295382e-15,2.4316470949937646e-15,/Users/tinggong/Documents/Codex/2026-07-20/model-lineage-holonomy/work/TwistedMerge-model-lineage-holonomy/reports/tmp/model_lineage_holonomy/pilot/transport_maps_seed_1.npz,41fb2f4162a5d7aeedb836e8c60602acbcb01c680c29fa22f0569134dbc922c4
1,mid,M_B,M_C,same_depth_closing,orthogonal_procrustes,mid__M_B__M_C,1.3108991934751398e-15,1.3138191023365668e-15,1.3066713386351156e-15,1.000000000000002,32,1.887379141862766e-15,2.5963004898715615e-15,1.953131175753424e-15,1.6521804583295382e-15,2.4316470949937646e-15,/Users/tinggong/Documents/Codex/2026-07-20/model-lineage-holonomy/work/TwistedMerge-model-lineage-holonomy/reports/tmp/model_lineage_holonomy/pilot/transport_maps_seed_1.npz,41fb2f4162a5d7aeedb836e8c60602acbcb01c680c29fa22f0569134dbc922c4
1,mid,M_C,M_B,same_depth_closing,orthogonal_procrustes,mid__M_C__M_B,1.3108991934751398e-15,1.3138191023365668e-15,1.3066713386351156e-15,1.000000000000002,32,1.887379141862766e-15,2.5963004898715615e-15,1.953131175753424e-15,1.6521804583295382e-15,2.4316470949937646e-15,/Users/tinggong/Documents/Codex/2026-07-20/model-lineage-holonomy/work/TwistedMerge-model-lineage-holonomy/reports/tmp/model_lineage_holonomy/pilot/transport_maps_seed_1.npz,41fb2f4162a5d7aeedb836e8c60602acbcb01c680c29fa22f0569134dbc922c4
1,late,M0,M_A,forward_lineage,orthogonal_procrustes,late__M0__M_A,1.9872152554625214e-15,1.9767284851002902e-15,1.9555563551800966e-15,1.0000000000000016,64,1.4432899320127035e-15,3.8878469334186305e-15,2.653708445921772e-15,2.472411723720867e-15,2.9109401677475334e-15,/Users/tinggong/Documents/Codex/2026-07-20/model-lineage-holonomy/work/TwistedMerge-model-lineage-holonomy/reports/tmp/model_lineage_holonomy/pilot/transport_maps_seed_1.npz,41fb2f4162a5d7aeedb836e8c60602acbcb01c680c29fa22f0569134dbc922c4
1,late,M_A,M0,reverse_lineage,orthogonal_procrustes,late__M_A__M0,1.9872152554625214e-15,1.9767284851002902e-15,1.9555563551800966e-15,1.0000000000000016,64,1.4432899320127035e-15,3.8878469334186305e-15,2.653708445921772e-15,2.472411723720867e-15,2.9109401677475334e-15,/Users/tinggong/Documents/Codex/2026-07-20/model-lineage-holonomy/work/TwistedMerge-model-lineage-holonomy/reports/tmp/model_lineage_holonomy/pilot/transport_maps_seed_1.npz,41fb2f4162a5d7aeedb836e8c60602acbcb01c680c29fa22f0569134dbc922c4
1,late,M0,M_B,forward_lineage,orthogonal_procrustes,late__M0__M_B,1.9872152554625214e-15,1.9767284851002902e-15,1.9555563551800966e-15,1.0000000000000016,64,1.4432899320127035e-15,3.8878469334186305e-15,2.653708445921772e-15,2.472411723720867e-15,2.9109401677475334e-15,/Users/tinggong/Documents/Codex/2026-07-20/model-lineage-holonomy/work/TwistedMerge-model-lineage-holonomy/reports/tmp/model_lineage_holonomy/pilot/transport_maps_seed_1.npz,41fb2f4162a5d7aeedb836e8c60602acbcb01c680c29fa22f0569134dbc922c4
1,late,M_B,M0,reverse_lineage,orthogonal_procrustes,late__M_B__M0,1.9872152554625214e-15,1.9767284851002902e-15,1.9555563551800966e-15,1.0000000000000016,64,1.4432899320127035e-15,3.8878469334186305e-15,2.653708445921772e-15,2.472411723720867e-15,2.9109401677475334e-15,/Users/tinggong/Documents/Codex/2026-07-20/model-lineage-holonomy/work/TwistedMerge-model-lineage-holonomy/reports/tmp/model_lineage_holonomy/pilot/transport_maps_seed_1.npz,41fb2f4162a5d7aeedb836e8c60602acbcb01c680c29fa22f0569134dbc922c4
1,late,M0,M_C,forward_lineage,orthogonal_procrustes,late__M0__M_C,1.9872152554625214e-15,1.9767284851002902e-15,1.9555563551800966e-15,1.0000000000000016,64,1.4432899320127035e-15,3.8878469334186305e-15,2.653708445921772e-15,2.472411723720867e-15,2.9109401677475334e-15,/Users/tinggong/Documents/Codex/2026-07-20/model-lineage-holonomy/work/TwistedMerge-model-lineage-holonomy/reports/tmp/model_lineage_holonomy/pilot/transport_maps_seed_1.npz,41fb2f4162a5d7aeedb836e8c60602acbcb01c680c29fa22f0569134dbc922c4
1,late,M_C,M0,reverse_lineage,orthogonal_procrustes,late__M_C__M0,1.9872152554625214e-15,1.9767284851002902e-15,1.9555563551800966e-15,1.0000000000000016,64,1.4432899320127035e-15,3.8878469334186305e-15,2.653708445921772e-15,2.472411723720867e-15,2.9109401677475334e-15,/Users/tinggong/Documents/Codex/2026-07-20/model-lineage-holonomy/work/TwistedMerge-model-lineage-holonomy/reports/tmp/model_lineage_holonomy/pilot/transport_maps_seed_1.npz,41fb2f4162a5d7aeedb836e8c60602acbcb01c680c29fa22f0569134dbc922c4
1,late,M_A,M_AB,forward_lineage,orthogonal_procrustes,late__M_A__M_AB,1.9872152554625214e-15,1.9767284851002902e-15,1.9555563551800966e-15,1.0000000000000016,64,1.4432899320127035e-15,3.8878469334186305e-15,2.653708445921772e-15,2.472411723720867e-15,2.9109401677475334e-15,/Users/tinggong/Documents/Codex/2026-07-20/model-lineage-holonomy/work/TwistedMerge-model-lineage-holonomy/reports/tmp/model_lineage_holonomy/pilot/transport_maps_seed_1.npz,41fb2f4162a5d7aeedb836e8c60602acbcb01c680c29fa22f0569134dbc922c4
1,late,M_AB,M_A,reverse_lineage,orthogonal_procrustes,late__M_AB__M_A,1.9872152554625214e-15,1.9767284851002902e-15,1.9555563551800966e-15,1.0000000000000016,64,1.4432899320127035e-15,3.8878469334186305e-15,2.653708445921772e-15,2.472411723720867e-15,2.9109401677475334e-15,/Users/tinggong/Documents/Codex/2026-07-20/model-lineage-holonomy/work/TwistedMerge-model-lineage-holonomy/reports/tmp/model_lineage_holonomy/pilot/transport_maps_seed_1.npz,41fb2f4162a5d7aeedb836e8c60602acbcb01c680c29fa22f0569134dbc922c4
1,late,M_A,M_AC,forward_lineage,orthogonal_procrustes,late__M_A__M_AC,1.9872152554625214e-15,1.9767284851002902e-15,1.9555563551800966e-15,1.0000000000000016,64,1.4432899320127035e-15,3.8878469334186305e-15,2.653708445921772e-15,2.472411723720867e-15,2.9109401677475334e-15,/Users/tinggong/Documents/Codex/2026-07-20/model-lineage-holonomy/work/TwistedMerge-model-lineage-holonomy/reports/tmp/model_lineage_holonomy/pilot/transport_maps_seed_1.npz,41fb2f4162a5d7aeedb836e8c60602acbcb01c680c29fa22f0569134dbc922c4
1,late,M_AC,M_A,reverse_lineage,orthogonal_procrustes,late__M_AC__M_A,1.9872152554625214e-15,1.9767284851002902e-15,1.9555563551800966e-15,1.0000000000000016,64,1.4432899320127035e-15,3.8878469334186305e-15,2.653708445921772e-15,2.472411723720867e-15,2.9109401677475334e-15,/Users/tinggong/Documents/Codex/2026-07-20/model-lineage-holonomy/work/TwistedMerge-model-lineage-holonomy/reports/tmp/model_lineage_holonomy/pilot/transport_maps_seed_1.npz,41fb2f4162a5d7aeedb836e8c60602acbcb01c680c29fa22f0569134dbc922c4
1,late,M_B,M_BA,forward_lineage,orthogonal_procrustes,late__M_B__M_BA,1.9872152554625214e-15,1.9767284851002902e-15,1.9555563551800966e-15,1.0000000000000016,64,1.4432899320127035e-15,3.8878469334186305e-15,2.653708445921772e-15,2.472411723720867e-15,2.9109401677475334e-15,/Users/tinggong/Documents/Codex/2026-07-20/model-lineage-holonomy/work/TwistedMerge-model-lineage-holonomy/reports/tmp/model_lineage_holonomy/pilot/transport_maps_seed_1.npz,41fb2f4162a5d7aeedb836e8c60602acbcb01c680c29fa22f0569134dbc922c4
1,late,M_BA,M_B,reverse_lineage,orthogonal_procrustes,late__M_BA__M_B,1.9872152554625214e-15,1.9767284851002902e-15,1.9555563551800966e-15,1.0000000000000016,64,1.4432899320127035e-15,3.8878469334186305e-15,2.653708445921772e-15,2.472411723720867e-15,2.9109401677475334e-15,/Users/tinggong/Documents/Codex/2026-07-20/model-lineage-holonomy/work/TwistedMerge-model-lineage-holonomy/reports/tmp/model_lineage_holonomy/pilot/transport_maps_seed_1.npz,41fb2f4162a5d7aeedb836e8c60602acbcb01c680c29fa22f0569134dbc922c4
1,late,M_B,M_BC,forward_lineage,orthogonal_procrustes,late__M_B__M_BC,1.9872152554625214e-15,1.9767284851002902e-15,1.9555563551800966e-15,1.0000000000000016,64,1.4432899320127035e-15,3.8878469334186305e-15,2.653708445921772e-15,2.472411723720867e-15,2.9109401677475334e-15,/Users/tinggong/Documents/Codex/2026-07-20/model-lineage-holonomy/work/TwistedMerge-model-lineage-holonomy/reports/tmp/model_lineage_holonomy/pilot/transport_maps_seed_1.npz,41fb2f4162a5d7aeedb836e8c60602acbcb01c680c29fa22f0569134dbc922c4
1,late,M_BC,M_B,reverse_lineage,orthogonal_procrustes,late__M_BC__M_B,1.9872152554625214e-15,1.9767284851002902e-15,1.9555563551800966e-15,1.0000000000000016,64,1.4432899320127035e-15,3.8878469334186305e-15,2.653708445921772e-15,2.472411723720867e-15,2.9109401677475334e-15,/Users/tinggong/Documents/Codex/2026-07-20/model-lineage-holonomy/work/TwistedMerge-model-lineage-holonomy/reports/tmp/model_lineage_holonomy/pilot/transport_maps_seed_1.npz,41fb2f4162a5d7aeedb836e8c60602acbcb01c680c29fa22f0569134dbc922c4
1,late,M_C,M_CA,forward_lineage,orthogonal_procrustes,late__M_C__M_CA,1.9872152554625214e-15,1.9767284851002902e-15,1.9555563551800966e-15,1.0000000000000016,64,1.4432899320127035e-15,3.8878469334186305e-15,2.653708445921772e-15,2.472411723720867e-15,2.9109401677475334e-15,/Users/tinggong/Documents/Codex/2026-07-20/model-lineage-holonomy/work/TwistedMerge-model-lineage-holonomy/reports/tmp/model_lineage_holonomy/pilot/transport_maps_seed_1.npz,41fb2f4162a5d7aeedb836e8c60602acbcb01c680c29fa22f0569134dbc922c4
1,late,M_CA,M_C,reverse_lineage,orthogonal_procrustes,late__M_CA__M_C,1.9872152554625214e-15,1.9767284851002902e-15,1.9555563551800966e-15,1.0000000000000016,64,1.4432899320127035e-15,3.8878469334186305e-15,2.653708445921772e-15,2.472411723720867e-15,2.9109401677475334e-15,/Users/tinggong/Documents/Codex/2026-07-20/model-lineage-holonomy/work/TwistedMerge-model-lineage-holonomy/reports/tmp/model_lineage_holonomy/pilot/transport_maps_seed_1.npz,41fb2f4162a5d7aeedb836e8c60602acbcb01c680c29fa22f0569134dbc922c4
1,late,M_C,M_CB,forward_lineage,orthogonal_procrustes,late__M_C__M_CB,1.9872152554625214e-15,1.9767284851002902e-15,1.9555563551800966e-15,1.0000000000000016,64,1.4432899320127035e-15,3.8878469334186305e-15,2.653708445921772e-15,2.472411723720867e-15,2.9109401677475334e-15,/Users/tinggong/Documents/Codex/2026-07-20/model-lineage-holonomy/work/TwistedMerge-model-lineage-holonomy/reports/tmp/model_lineage_holonomy/pilot/transport_maps_seed_1.npz,41fb2f4162a5d7aeedb836e8c60602acbcb01c680c29fa22f0569134dbc922c4
1,late,M_CB,M_C,reverse_lineage,orthogonal_procrustes,late__M_CB__M_C,1.9872152554625214e-15,1.9767284851002902e-15,1.9555563551800966e-15,1.0000000000000016,64,1.4432899320127035e-15,3.8878469334186305e-15,2.653708445921772e-15,2.472411723720867e-15,2.9109401677475334e-15,/Users/tinggong/Documents/Codex/2026-07-20/model-lineage-holonomy/work/TwistedMerge-model-lineage-holonomy/reports/tmp/model_lineage_holonomy/pilot/transport_maps_seed_1.npz,41fb2f4162a5d7aeedb836e8c60602acbcb01c680c29fa22f0569134dbc922c4
1,late,M_AB,M_ABC,forward_lineage,orthogonal_procrustes,late__M_AB__M_ABC,1.9872152554625214e-15,1.9767284851002902e-15,1.9555563551800966e-15,1.0000000000000016,64,1.4432899320127035e-15,3.8878469334186305e-15,2.653708445921772e-15,2.472411723720867e-15,2.9109401677475334e-15,/Users/tinggong/Documents/Codex/2026-07-20/model-lineage-holonomy/work/TwistedMerge-model-lineage-holonomy/reports/tmp/model_lineage_holonomy/pilot/transport_maps_seed_1.npz,41fb2f4162a5d7aeedb836e8c60602acbcb01c680c29fa22f0569134dbc922c4
1,late,M_ABC,M_AB,reverse_lineage,orthogonal_procrustes,late__M_ABC__M_AB,1.9872152554625214e-15,1.9767284851002902e-15,1.9555563551800966e-15,1.0000000000000016,64,1.4432899320127035e-15,3.8878469334186305e-15,2.653708445921772e-15,2.472411723720867e-15,2.9109401677475334e-15,/Users/tinggong/Documents/Codex/2026-07-20/model-lineage-holonomy/work/TwistedMerge-model-lineage-holonomy/reports/tmp/model_lineage_holonomy/pilot/transport_maps_seed_1.npz,41fb2f4162a5d7aeedb836e8c60602acbcb01c680c29fa22f0569134dbc922c4
1,late,M_AC,M_ACB,forward_lineage,orthogonal_procrustes,late__M_AC__M_ACB,1.9872152554625214e-15,1.9767284851002902e-15,1.9555563551800966e-15,1.0000000000000016,64,1.4432899320127035e-15,3.8878469334186305e-15,2.653708445921772e-15,2.472411723720867e-15,2.9109401677475334e-15,/Users/tinggong/Documents/Codex/2026-07-20/model-lineage-holonomy/work/TwistedMerge-model-lineage-holonomy/reports/tmp/model_lineage_holonomy/pilot/transport_maps_seed_1.npz,41fb2f4162a5d7aeedb836e8c60602acbcb01c680c29fa22f0569134dbc922c4
1,late,M_ACB,M_AC,reverse_lineage,orthogonal_procrustes,late__M_ACB__M_AC,1.9872152554625214e-15,1.9767284851002902e-15,1.9555563551800966e-15,1.0000000000000016,64,1.4432899320127035e-15,3.8878469334186305e-15,2.653708445921772e-15,2.472411723720867e-15,2.9109401677475334e-15,/Users/tinggong/Documents/Codex/2026-07-20/model-lineage-holonomy/work/TwistedMerge-model-lineage-holonomy/reports/tmp/model_lineage_holonomy/pilot/transport_maps_seed_1.npz,41fb2f4162a5d7aeedb836e8c60602acbcb01c680c29fa22f0569134dbc922c4
1,late,M_BA,M_BAC,forward_lineage,orthogonal_procrustes,late__M_BA__M_BAC,1.9872152554625214e-15,1.9767284851002902e-15,1.9555563551800966e-15,1.0000000000000016,64,1.4432899320127035e-15,3.8878469334186305e-15,2.653708445921772e-15,2.472411723720867e-15,2.9109401677475334e-15,/Users/tinggong/Documents/Codex/2026-07-20/model-lineage-holonomy/work/TwistedMerge-model-lineage-holonomy/reports/tmp/model_lineage_holonomy/pilot/transport_maps_seed_1.npz,41fb2f4162a5d7aeedb836e8c60602acbcb01c680c29fa22f0569134dbc922c4
1,late,M_BAC,M_BA,reverse_lineage,orthogonal_procrustes,late__M_BAC__M_BA,1.9872152554625214e-15,1.9767284851002902e-15,1.9555563551800966e-15,1.0000000000000016,64,1.4432899320127035e-15,3.8878469334186305e-15,2.653708445921772e-15,2.472411723720867e-15,2.9109401677475334e-15,/Users/tinggong/Documents/Codex/2026-07-20/model-lineage-holonomy/work/TwistedMerge-model-lineage-holonomy/reports/tmp/model_lineage_holonomy/pilot/transport_maps_seed_1.npz,41fb2f4162a5d7aeedb836e8c60602acbcb01c680c29fa22f0569134dbc922c4
1,late,M_BC,M_BCA,forward_lineage,orthogonal_procrustes,late__M_BC__M_BCA,1.9872152554625214e-15,1.9767284851002902e-15,1.9555563551800966e-15,1.0000000000000016,64,1.4432899320127035e-15,3.8878469334186305e-15,2.653708445921772e-15,2.472411723720867e-15,2.9109401677475334e-15,/Users/tinggong/Documents/Codex/2026-07-20/model-lineage-holonomy/work/TwistedMerge-model-lineage-holonomy/reports/tmp/model_lineage_holonomy/pilot/transport_maps_seed_1.npz,41fb2f4162a5d7aeedb836e8c60602acbcb01c680c29fa22f0569134dbc922c4
1,late,M_BCA,M_BC,reverse_lineage,orthogonal_procrustes,late__M_BCA__M_BC,1.9872152554625214e-15,1.9767284851002902e-15,1.9555563551800966e-15,1.0000000000000016,64,1.4432899320127035e-15,3.8878469334186305e-15,2.653708445921772e-15,2.472411723720867e-15,2.9109401677475334e-15,/Users/tinggong/Documents/Codex/2026-07-20/model-lineage-holonomy/work/TwistedMerge-model-lineage-holonomy/reports/tmp/model_lineage_holonomy/pilot/transport_maps_seed_1.npz,41fb2f4162a5d7aeedb836e8c60602acbcb01c680c29fa22f0569134dbc922c4
1,late,M_CA,M_CAB,forward_lineage,orthogonal_procrustes,late__M_CA__M_CAB,1.9872152554625214e-15,1.9767284851002902e-15,1.9555563551800966e-15,1.0000000000000016,64,1.4432899320127035e-15,3.8878469334186305e-15,2.653708445921772e-15,2.472411723720867e-15,2.9109401677475334e-15,/Users/tinggong/Documents/Codex/2026-07-20/model-lineage-holonomy/work/TwistedMerge-model-lineage-holonomy/reports/tmp/model_lineage_holonomy/pilot/transport_maps_seed_1.npz,41fb2f4162a5d7aeedb836e8c60602acbcb01c680c29fa22f0569134dbc922c4
1,late,M_CAB,M_CA,reverse_lineage,orthogonal_procrustes,late__M_CAB__M_CA,1.9872152554625214e-15,1.9767284851002902e-15,1.9555563551800966e-15,1.0000000000000016,64,1.4432899320127035e-15,3.8878469334186305e-15,2.653708445921772e-15,2.472411723720867e-15,2.9109401677475334e-15,/Users/tinggong/Documents/Codex/2026-07-20/model-lineage-holonomy/work/TwistedMerge-model-lineage-holonomy/reports/tmp/model_lineage_holonomy/pilot/transport_maps_seed_1.npz,41fb2f4162a5d7aeedb836e8c60602acbcb01c680c29fa22f0569134dbc922c4
1,late,M_CB,M_CBA,forward_lineage,orthogonal_procrustes,late__M_CB__M_CBA,1.9872152554625214e-15,1.9767284851002902e-15,1.9555563551800966e-15,1.0000000000000016,64,1.4432899320127035e-15,3.8878469334186305e-15,2.653708445921772e-15,2.472411723720867e-15,2.9109401677475334e-15,/Users/tinggong/Documents/Codex/2026-07-20/model-lineage-holonomy/work/TwistedMerge-model-lineage-holonomy/reports/tmp/model_lineage_holonomy/pilot/transport_maps_seed_1.npz,41fb2f4162a5d7aeedb836e8c60602acbcb01c680c29fa22f0569134dbc922c4
1,late,M_CBA,M_CB,reverse_lineage,orthogonal_procrustes,late__M_CBA__M_CB,1.9872152554625214e-15,1.9767284851002902e-15,1.9555563551800966e-15,1.0000000000000016,64,1.4432899320127035e-15,3.8878469334186305e-15,2.653708445921772e-15,2.472411723720867e-15,2.9109401677475334e-15,/Users/tinggong/Documents/Codex/2026-07-20/model-lineage-holonomy/work/TwistedMerge-model-lineage-holonomy/reports/tmp/model_lineage_holonomy/pilot/transport_maps_seed_1.npz,41fb2f4162a5d7aeedb836e8c60602acbcb01c680c29fa22f0569134dbc922c4
1,late,M_AB,M_B,loop_closing,orthogonal_procrustes,late__M_AB__M_B,1.9872152554625214e-15,1.9767284851002902e-15,1.9555563551800966e-15,1.0000000000000016,64,1.4432899320127035e-15,3.8878469334186305e-15,2.653708445921772e-15,2.472411723720867e-15,2.9109401677475334e-15,/Users/tinggong/Documents/Codex/2026-07-20/model-lineage-holonomy/work/TwistedMerge-model-lineage-holonomy/reports/tmp/model_lineage_holonomy/pilot/transport_maps_seed_1.npz,41fb2f4162a5d7aeedb836e8c60602acbcb01c680c29fa22f0569134dbc922c4
1,late,M_B,M_AB,loop_closing,orthogonal_procrustes,late__M_B__M_AB,1.9872152554625214e-15,1.9767284851002902e-15,1.9555563551800966e-15,1.0000000000000016,64,1.4432899320127035e-15,3.8878469334186305e-15,2.653708445921772e-15,2.472411723720867e-15,2.9109401677475334e-15,/Users/tinggong/Documents/Codex/2026-07-20/model-lineage-holonomy/work/TwistedMerge-model-lineage-holonomy/reports/tmp/model_lineage_holonomy/pilot/transport_maps_seed_1.npz,41fb2f4162a5d7aeedb836e8c60602acbcb01c680c29fa22f0569134dbc922c4
1,late,M_AC,M_C,loop_closing,orthogonal_procrustes,late__M_AC__M_C,1.9872152554625214e-15,1.9767284851002902e-15,1.9555563551800966e-15,1.0000000000000016,64,1.4432899320127035e-15,3.8878469334186305e-15,2.653708445921772e-15,2.472411723720867e-15,2.9109401677475334e-15,/Users/tinggong/Documents/Codex/2026-07-20/model-lineage-holonomy/work/TwistedMerge-model-lineage-holonomy/reports/tmp/model_lineage_holonomy/pilot/transport_maps_seed_1.npz,41fb2f4162a5d7aeedb836e8c60602acbcb01c680c29fa22f0569134dbc922c4
1,late,M_C,M_AC,loop_closing,orthogonal_procrustes,late__M_C__M_AC,1.9872152554625214e-15,1.9767284851002902e-15,1.9555563551800966e-15,1.0000000000000016,64,1.4432899320127035e-15,3.8878469334186305e-15,2.653708445921772e-15,2.472411723720867e-15,2.9109401677475334e-15,/Users/tinggong/Documents/Codex/2026-07-20/model-lineage-holonomy/work/TwistedMerge-model-lineage-holonomy/reports/tmp/model_lineage_holonomy/pilot/transport_maps_seed_1.npz,41fb2f4162a5d7aeedb836e8c60602acbcb01c680c29fa22f0569134dbc922c4
1,late,M_BC,M_C,loop_closing,orthogonal_procrustes,late__M_BC__M_C,1.9872152554625214e-15,1.9767284851002902e-15,1.9555563551800966e-15,1.0000000000000016,64,1.4432899320127035e-15,3.8878469334186305e-15,2.653708445921772e-15,2.472411723720867e-15,2.9109401677475334e-15,/Users/tinggong/Documents/Codex/2026-07-20/model-lineage-holonomy/work/TwistedMerge-model-lineage-holonomy/reports/tmp/model_lineage_holonomy/pilot/transport_maps_seed_1.npz,41fb2f4162a5d7aeedb836e8c60602acbcb01c680c29fa22f0569134dbc922c4
1,late,M_C,M_BC,loop_closing,orthogonal_procrustes,late__M_C__M_BC,1.9872152554625214e-15,1.9767284851002902e-15,1.9555563551800966e-15,1.0000000000000016,64,1.4432899320127035e-15,3.8878469334186305e-15,2.653708445921772e-15,2.472411723720867e-15,2.9109401677475334e-15,/Users/tinggong/Documents/Codex/2026-07-20/model-lineage-holonomy/work/TwistedMerge-model-lineage-holonomy/reports/tmp/model_lineage_holonomy/pilot/transport_maps_seed_1.npz,41fb2f4162a5d7aeedb836e8c60602acbcb01c680c29fa22f0569134dbc922c4
1,late,M_ABC,M_BAC,same_depth_closing,orthogonal_procrustes,late__M_ABC__M_BAC,1.9872152554625214e-15,1.9767284851002902e-15,1.9555563551800966e-15,1.0000000000000016,64,1.4432899320127035e-15,3.8878469334186305e-15,2.653708445921772e-15,2.472411723720867e-15,2.9109401677475334e-15,/Users/tinggong/Documents/Codex/2026-07-20/model-lineage-holonomy/work/TwistedMerge-model-lineage-holonomy/reports/tmp/model_lineage_holonomy/pilot/transport_maps_seed_1.npz,41fb2f4162a5d7aeedb836e8c60602acbcb01c680c29fa22f0569134dbc922c4
1,late,M_BAC,M_ABC,same_depth_closing,orthogonal_procrustes,late__M_BAC__M_ABC,1.9872152554625214e-15,1.9767284851002902e-15,1.9555563551800966e-15,1.0000000000000016,64,1.4432899320127035e-15,3.8878469334186305e-15,2.653708445921772e-15,2.472411723720867e-15,2.9109401677475334e-15,/Users/tinggong/Documents/Codex/2026-07-20/model-lineage-holonomy/work/TwistedMerge-model-lineage-holonomy/reports/tmp/model_lineage_holonomy/pilot/transport_maps_seed_1.npz,41fb2f4162a5d7aeedb836e8c60602acbcb01c680c29fa22f0569134dbc922c4
1,late,M_ABC,M_ACB,same_depth_closing,orthogonal_procrustes,late__M_ABC__M_ACB,1.9872152554625214e-15,1.9767284851002902e-15,1.9555563551800966e-15,1.0000000000000016,64,1.4432899320127035e-15,3.8878469334186305e-15,2.653708445921772e-15,2.472411723720867e-15,2.9109401677475334e-15,/Users/tinggong/Documents/Codex/2026-07-20/model-lineage-holonomy/work/TwistedMerge-model-lineage-holonomy/reports/tmp/model_lineage_holonomy/pilot/transport_maps_seed_1.npz,41fb2f4162a5d7aeedb836e8c60602acbcb01c680c29fa22f0569134dbc922c4
1,late,M_ACB,M_ABC,same_depth_closing,orthogonal_procrustes,late__M_ACB__M_ABC,1.9872152554625214e-15,1.9767284851002902e-15,1.9555563551800966e-15,1.0000000000000016,64,1.4432899320127035e-15,3.8878469334186305e-15,2.653708445921772e-15,2.472411723720867e-15,2.9109401677475334e-15,/Users/tinggong/Documents/Codex/2026-07-20/model-lineage-holonomy/work/TwistedMerge-model-lineage-holonomy/reports/tmp/model_lineage_holonomy/pilot/transport_maps_seed_1.npz,41fb2f4162a5d7aeedb836e8c60602acbcb01c680c29fa22f0569134dbc922c4
1,late,M_ACB,M_CAB,same_depth_closing,orthogonal_procrustes,late__M_ACB__M_CAB,1.9872152554625214e-15,1.9767284851002902e-15,1.9555563551800966e-15,1.0000000000000016,64,1.4432899320127035e-15,3.8878469334186305e-15,2.653708445921772e-15,2.472411723720867e-15,2.9109401677475334e-15,/Users/tinggong/Documents/Codex/2026-07-20/model-lineage-holonomy/work/TwistedMerge-model-lineage-holonomy/reports/tmp/model_lineage_holonomy/pilot/transport_maps_seed_1.npz,41fb2f4162a5d7aeedb836e8c60602acbcb01c680c29fa22f0569134dbc922c4
1,late,M_CAB,M_ACB,same_depth_closing,orthogonal_procrustes,late__M_CAB__M_ACB,1.9872152554625214e-15,1.9767284851002902e-15,1.9555563551800966e-15,1.0000000000000016,64,1.4432899320127035e-15,3.8878469334186305e-15,2.653708445921772e-15,2.472411723720867e-15,2.9109401677475334e-15,/Users/tinggong/Documents/Codex/2026-07-20/model-lineage-holonomy/work/TwistedMerge-model-lineage-holonomy/reports/tmp/model_lineage_holonomy/pilot/transport_maps_seed_1.npz,41fb2f4162a5d7aeedb836e8c60602acbcb01c680c29fa22f0569134dbc922c4
1,late,M_BAC,M_BCA,same_depth_closing,orthogonal_procrustes,late__M_BAC__M_BCA,1.9872152554625214e-15,1.9767284851002902e-15,1.9555563551800966e-15,1.0000000000000016,64,1.4432899320127035e-15,3.8878469334186305e-15,2.653708445921772e-15,2.472411723720867e-15,2.9109401677475334e-15,/Users/tinggong/Documents/Codex/2026-07-20/model-lineage-holonomy/work/TwistedMerge-model-lineage-holonomy/reports/tmp/model_lineage_holonomy/pilot/transport_maps_seed_1.npz,41fb2f4162a5d7aeedb836e8c60602acbcb01c680c29fa22f0569134dbc922c4
1,late,M_BCA,M_BAC,same_depth_closing,orthogonal_procrustes,late__M_BCA__M_BAC,1.9872152554625214e-15,1.9767284851002902e-15,1.9555563551800966e-15,1.0000000000000016,64,1.4432899320127035e-15,3.8878469334186305e-15,2.653708445921772e-15,2.472411723720867e-15,2.9109401677475334e-15,/Users/tinggong/Documents/Codex/2026-07-20/model-lineage-holonomy/work/TwistedMerge-model-lineage-holonomy/reports/tmp/model_lineage_holonomy/pilot/transport_maps_seed_1.npz,41fb2f4162a5d7aeedb836e8c60602acbcb01c680c29fa22f0569134dbc922c4
1,late,M_BCA,M_CBA,same_depth_closing,orthogonal_procrustes,late__M_BCA__M_CBA,1.9872152554625214e-15,1.9767284851002902e-15,1.9555563551800966e-15,1.0000000000000016,64,1.4432899320127035e-15,3.8878469334186305e-15,2.653708445921772e-15,2.472411723720867e-15,2.9109401677475334e-15,/Users/tinggong/Documents/Codex/2026-07-20/model-lineage-holonomy/work/TwistedMerge-model-lineage-holonomy/reports/tmp/model_lineage_holonomy/pilot/transport_maps_seed_1.npz,41fb2f4162a5d7aeedb836e8c60602acbcb01c680c29fa22f0569134dbc922c4
1,late,M_CBA,M_BCA,same_depth_closing,orthogonal_procrustes,late__M_CBA__M_BCA,1.9872152554625214e-15,1.9767284851002902e-15,1.9555563551800966e-15,1.0000000000000016,64,1.4432899320127035e-15,3.8878469334186305e-15,2.653708445921772e-15,2.472411723720867e-15,2.9109401677475334e-15,/Users/tinggong/Documents/Codex/2026-07-20/model-lineage-holonomy/work/TwistedMerge-model-lineage-holonomy/reports/tmp/model_lineage_holonomy/pilot/transport_maps_seed_1.npz,41fb2f4162a5d7aeedb836e8c60602acbcb01c680c29fa22f0569134dbc922c4
1,late,M_CAB,M_CBA,same_depth_closing,orthogonal_procrustes,late__M_CAB__M_CBA,1.9872152554625214e-15,1.9767284851002902e-15,1.9555563551800966e-15,1.0000000000000016,64,1.4432899320127035e-15,3.8878469334186305e-15,2.653708445921772e-15,2.472411723720867e-15,2.9109401677475334e-15,/Users/tinggong/Documents/Codex/2026-07-20/model-lineage-holonomy/work/TwistedMerge-model-lineage-holonomy/reports/tmp/model_lineage_holonomy/pilot/transport_maps_seed_1.npz,41fb2f4162a5d7aeedb836e8c60602acbcb01c680c29fa22f0569134dbc922c4
1,late,M_CBA,M_CAB,same_depth_closing,orthogonal_procrustes,late__M_CBA__M_CAB,1.9872152554625214e-15,1.9767284851002902e-15,1.9555563551800966e-15,1.0000000000000016,64,1.4432899320127035e-15,3.8878469334186305e-15,2.653708445921772e-15,2.472411723720867e-15,2.9109401677475334e-15,/Users/tinggong/Documents/Codex/2026-07-20/model-lineage-holonomy/work/TwistedMerge-model-lineage-holonomy/reports/tmp/model_lineage_holonomy/pilot/transport_maps_seed_1.npz,41fb2f4162a5d7aeedb836e8c60602acbcb01c680c29fa22f0569134dbc922c4
1,late,M_AB,M_BA,same_depth_closing,orthogonal_procrustes,late__M_AB__M_BA,1.9872152554625214e-15,1.9767284851002902e-15,1.9555563551800966e-15,1.0000000000000016,64,1.4432899320127035e-15,3.8878469334186305e-15,2.653708445921772e-15,2.472411723720867e-15,2.9109401677475334e-15,/Users/tinggong/Documents/Codex/2026-07-20/model-lineage-holonomy/work/TwistedMerge-model-lineage-holonomy/reports/tmp/model_lineage_holonomy/pilot/transport_maps_seed_1.npz,41fb2f4162a5d7aeedb836e8c60602acbcb01c680c29fa22f0569134dbc922c4
1,late,M_BA,M_AB,same_depth_closing,orthogonal_procrustes,late__M_BA__M_AB,1.9872152554625214e-15,1.9767284851002902e-15,1.9555563551800966e-15,1.0000000000000016,64,1.4432899320127035e-15,3.8878469334186305e-15,2.653708445921772e-15,2.472411723720867e-15,2.9109401677475334e-15,/Users/tinggong/Documents/Codex/2026-07-20/model-lineage-holonomy/work/TwistedMerge-model-lineage-holonomy/reports/tmp/model_lineage_holonomy/pilot/transport_maps_seed_1.npz,41fb2f4162a5d7aeedb836e8c60602acbcb01c680c29fa22f0569134dbc922c4
1,late,M_AC,M_CA,same_depth_closing,orthogonal_procrustes,late__M_AC__M_CA,1.9872152554625214e-15,1.9767284851002902e-15,1.9555563551800966e-15,1.0000000000000016,64,1.4432899320127035e-15,3.8878469334186305e-15,2.653708445921772e-15,2.472411723720867e-15,2.9109401677475334e-15,/Users/tinggong/Documents/Codex/2026-07-20/model-lineage-holonomy/work/TwistedMerge-model-lineage-holonomy/reports/tmp/model_lineage_holonomy/pilot/transport_maps_seed_1.npz,41fb2f4162a5d7aeedb836e8c60602acbcb01c680c29fa22f0569134dbc922c4
1,late,M_CA,M_AC,same_depth_closing,orthogonal_procrustes,late__M_CA__M_AC,1.9872152554625214e-15,1.9767284851002902e-15,1.9555563551800966e-15,1.0000000000000016,64,1.4432899320127035e-15,3.8878469334186305e-15,2.653708445921772e-15,2.472411723720867e-15,2.9109401677475334e-15,/Users/tinggong/Documents/Codex/2026-07-20/model-lineage-holonomy/work/TwistedMerge-model-lineage-holonomy/reports/tmp/model_lineage_holonomy/pilot/transport_maps_seed_1.npz,41fb2f4162a5d7aeedb836e8c60602acbcb01c680c29fa22f0569134dbc922c4
1,late,M_BC,M_CB,same_depth_closing,orthogonal_procrustes,late__M_BC__M_CB,1.9872152554625214e-15,1.9767284851002902e-15,1.9555563551800966e-15,1.0000000000000016,64,1.4432899320127035e-15,3.8878469334186305e-15,2.653708445921772e-15,2.472411723720867e-15,2.9109401677475334e-15,/Users/tinggong/Documents/Codex/2026-07-20/model-lineage-holonomy/work/TwistedMerge-model-lineage-holonomy/reports/tmp/model_lineage_holonomy/pilot/transport_maps_seed_1.npz,41fb2f4162a5d7aeedb836e8c60602acbcb01c680c29fa22f0569134dbc922c4
1,late,M_CB,M_BC,same_depth_closing,orthogonal_procrustes,late__M_CB__M_BC,1.9872152554625214e-15,1.9767284851002902e-15,1.9555563551800966e-15,1.0000000000000016,64,1.4432899320127035e-15,3.8878469334186305e-15,2.653708445921772e-15,2.472411723720867e-15,2.9109401677475334e-15,/Users/tinggong/Documents/Codex/2026-07-20/model-lineage-holonomy/work/TwistedMerge-model-lineage-holonomy/reports/tmp/model_lineage_holonomy/pilot/transport_maps_seed_1.npz,41fb2f4162a5d7aeedb836e8c60602acbcb01c680c29fa22f0569134dbc922c4
1,late,M_A,M_B,same_depth_closing,orthogonal_procrustes,late__M_A__M_B,1.9872152554625214e-15,1.9767284851002902e-15,1.9555563551800966e-15,1.0000000000000016,64,1.4432899320127035e-15,3.8878469334186305e-15,2.653708445921772e-15,2.472411723720867e-15,2.9109401677475334e-15,/Users/tinggong/Documents/Codex/2026-07-20/model-lineage-holonomy/work/TwistedMerge-model-lineage-holonomy/reports/tmp/model_lineage_holonomy/pilot/transport_maps_seed_1.npz,41fb2f4162a5d7aeedb836e8c60602acbcb01c680c29fa22f0569134dbc922c4
1,late,M_B,M_A,same_depth_closing,orthogonal_procrustes,late__M_B__M_A,1.9872152554625214e-15,1.9767284851002902e-15,1.9555563551800966e-15,1.0000000000000016,64,1.4432899320127035e-15,3.8878469334186305e-15,2.653708445921772e-15,2.472411723720867e-15,2.9109401677475334e-15,/Users/tinggong/Documents/Codex/2026-07-20/model-lineage-holonomy/work/TwistedMerge-model-lineage-holonomy/reports/tmp/model_lineage_holonomy/pilot/transport_maps_seed_1.npz,41fb2f4162a5d7aeedb836e8c60602acbcb01c680c29fa22f0569134dbc922c4
1,late,M_A,M_C,same_depth_closing,orthogonal_procrustes,late__M_A__M_C,1.9872152554625214e-15,1.9767284851002902e-15,1.9555563551800966e-15,1.0000000000000016,64,1.4432899320127035e-15,3.8878469334186305e-15,2.653708445921772e-15,2.472411723720867e-15,2.9109401677475334e-15,/Users/tinggong/Documents/Codex/2026-07-20/model-lineage-holonomy/work/TwistedMerge-model-lineage-holonomy/reports/tmp/model_lineage_holonomy/pilot/transport_maps_seed_1.npz,41fb2f4162a5d7aeedb836e8c60602acbcb01c680c29fa22f0569134dbc922c4
1,late,M_C,M_A,same_depth_closing,orthogonal_procrustes,late__M_C__M_A,1.9872152554625214e-15,1.9767284851002902e-15,1.9555563551800966e-15,1.0000000000000016,64,1.4432899320127035e-15,3.8878469334186305e-15,2.653708445921772e-15,2.472411723720867e-15,2.9109401677475334e-15,/Users/tinggong/Documents/Codex/2026-07-20/model-lineage-holonomy/work/TwistedMerge-model-lineage-holonomy/reports/tmp/model_lineage_holonomy/pilot/transport_maps_seed_1.npz,41fb2f4162a5d7aeedb836e8c60602acbcb01c680c29fa22f0569134dbc922c4
1,late,M_B,M_C,same_depth_closing,orthogonal_procrustes,late__M_B__M_C,1.9872152554625214e-15,1.9767284851002902e-15,1.9555563551800966e-15,1.0000000000000016,64,1.4432899320127035e-15,3.8878469334186305e-15,2.653708445921772e-15,2.472411723720867e-15,2.9109401677475334e-15,/Users/tinggong/Documents/Codex/2026-07-20/model-lineage-holonomy/work/TwistedMerge-model-lineage-holonomy/reports/tmp/model_lineage_holonomy/pilot/transport_maps_seed_1.npz,41fb2f4162a5d7aeedb836e8c60602acbcb01c680c29fa22f0569134dbc922c4
1,late,M_C,M_B,same_depth_closing,orthogonal_procrustes,late__M_C__M_B,1.9872152554625214e-15,1.9767284851002902e-15,1.9555563551800966e-15,1.0000000000000016,64,1.4432899320127035e-15,3.8878469334186305e-15,2.653708445921772e-15,2.472411723720867e-15,2.9109401677475334e-15,/Users/tinggong/Documents/Codex/2026-07-20/model-lineage-holonomy/work/TwistedMerge-model-lineage-holonomy/reports/tmp/model_lineage_holonomy/pilot/transport_maps_seed_1.npz,41fb2f4162a5d7aeedb836e8c60602acbcb01c680c29fa22f0569134dbc922c4
1,adapter,M0,M_A,forward_lineage,ridge_linear,adapter__M0__M_A,0.37720000821252975,0.3950923775279009,0.3702474365562789,93474561085.79807,4,1.522470154281506,0.9706884890230768,0.05011049390493683,0.03677973844814121,0.07510355723139599,/Users/tinggong/Documents/Codex/2026-07-20/model-lineage-holonomy/work/TwistedMerge-model-lineage-holonomy/reports/tmp/model_lineage_holonomy/pilot/transport_maps_seed_1.npz,41fb2f4162a5d7aeedb836e8c60602acbcb01c680c29fa22f0569134dbc922c4
1,adapter,M_A,M0,reverse_lineage,ridge_linear,adapter__M_A__M0,0.387693405957486,0.40522924626052337,0.3836899608544756,96448841060.74648,4,1.1378363087027175,0.9710808150892547,0.05472495370700895,0.04334329719177049,0.07502773683505573,/Users/tinggong/Documents/Codex/2026-07-20/model-lineage-holonomy/work/TwistedMerge-model-lineage-holonomy/reports/tmp/model_lineage_holonomy/pilot/transport_maps_seed_1.npz,41fb2f4162a5d7aeedb836e8c60602acbcb01c680c29fa22f0569134dbc922c4
1,adapter,M0,M_B,forward_lineage,ridge_linear,adapter__M0__M_B,0.261931965794432,0.27718496478268034,0.26312385257515725,77384853469.0215,4,1.2560719890258836,0.9685136445499614,0.03168093226457578,0.023615284262037194,0.04239149026035777,/Users/tinggong/Documents/Codex/2026-07-20/model-lineage-holonomy/work/TwistedMerge-model-lineage-holonomy/reports/tmp/model_lineage_holonomy/pilot/transport_maps_seed_1.npz,41fb2f4162a5d7aeedb836e8c60602acbcb01c680c29fa22f0569134dbc922c4
1,adapter,M_B,M0,reverse_lineage,ridge_linear,adapter__M_B__M0,0.26108347489845724,0.2779841391252171,0.2630213309114464,66198130920.93244,4,1.049727110393246,0.9685185631227677,0.034683756396542954,0.0250698821262178,0.04724762830167155,/Users/tinggong/Documents/Codex/2026-07-20/model-lineage-holonomy/work/TwistedMerge-model-lineage-holonomy/reports/tmp/model_lineage_holonomy/pilot/transport_maps_seed_1.npz,41fb2f4162a5d7aeedb836e8c60602acbcb01c680c29fa22f0569134dbc922c4
1,adapter,M0,M_C,forward_lineage,ridge_linear,adapter__M0__M_C,0.2781469468697248,0.29162985340945613,0.2860977500871273,19484202431.085438,4,1.154728736830204,0.9686699277462706,0.034917817234795125,0.024003841457261317,0.05249973121098283,/Users/tinggong/Documents/Codex/2026-07-20/model-lineage-holonomy/work/TwistedMerge-model-lineage-holonomy/reports/tmp/model_lineage_holonomy/pilot/transport_maps_seed_1.npz,41fb2f4162a5d7aeedb836e8c60602acbcb01c680c29fa22f0569134dbc922c4
1,adapter,M_C,M0,reverse_lineage,ridge_linear,adapter__M_C__M0,0.2750643842829503,0.29186231147816427,0.2852172639268059,16945827476.219164,4,1.0561350059355636,0.9686719528727582,0.036091107320126346,0.027188811615115844,0.053003176106662275,/Users/tinggong/Documents/Codex/2026-07-20/model-lineage-holonomy/work/TwistedMerge-model-lineage-holonomy/reports/tmp/model_lineage_holonomy/pilot/transport_maps_seed_1.npz,41fb2f4162a5d7aeedb836e8c60602acbcb01c680c29fa22f0569134dbc922c4
1,adapter,M_A,M_AB,forward_lineage,ridge_linear,adapter__M_A__M_AB,0.3682741901791076,0.3911296541093525,0.36334498616098665,12141968197.799059,4,1.053398685275932,0.9694304750637757,0.05321722220297099,0.039263667533641314,0.07761219980960955,/Users/tinggong/Documents/Codex/2026-07-20/model-lineage-holonomy/work/TwistedMerge-model-lineage-holonomy/reports/tmp/model_lineage_holonomy/pilot/transport_maps_seed_1.npz,41fb2f4162a5d7aeedb836e8c60602acbcb01c680c29fa22f0569134dbc922c4
1,adapter,M_AB,M_A,reverse_lineage,ridge_linear,adapter__M_AB__M_A,0.3614716248096214,0.3889733994775598,0.3580255938425178,16343512419.822794,4,1.2029822848714649,0.9694625903176528,0.05225455354026952,0.03749379876705678,0.07229580460769193,/Users/tinggong/Documents/Codex/2026-07-20/model-lineage-holonomy/work/TwistedMerge-model-lineage-holonomy/reports/tmp/model_lineage_holonomy/pilot/transport_maps_seed_1.npz,41fb2f4162a5d7aeedb836e8c60602acbcb01c680c29fa22f0569134dbc922c4
1,adapter,M_A,M_AC,forward_lineage,ridge_linear,adapter__M_A__M_AC,0.39166109668672056,0.42922240638135545,0.3984444415051873,1029159900038.7045,4,1.0291599000379916,0.9698349700738207,0.05673203381953051,0.03990845615878925,0.09429825541867703,/Users/tinggong/Documents/Codex/2026-07-20/model-lineage-holonomy/work/TwistedMerge-model-lineage-holonomy/reports/tmp/model_lineage_holonomy/pilot/transport_maps_seed_1.npz,41fb2f4162a5d7aeedb836e8c60602acbcb01c680c29fa22f0569134dbc922c4
1,adapter,M_AC,M_A,reverse_lineage,ridge_linear,adapter__M_AC__M_A,0.38332832918468795,0.4219419419754913,0.38895859467208943,105311888255.31946,4,1.3255233631056371,0.9696166296721934,0.05078628817355528,0.034453558388515916,0.0900090726431782,/Users/tinggong/Documents/Codex/2026-07-20/model-lineage-holonomy/work/TwistedMerge-model-lineage-holonomy/reports/tmp/model_lineage_holonomy/pilot/transport_maps_seed_1.npz,41fb2f4162a5d7aeedb836e8c60602acbcb01c680c29fa22f0569134dbc922c4
1,adapter,M_B,M_BA,forward_lineage,ridge_linear,adapter__M_B__M_BA,0.34260578522837953,0.3654043530917924,0.34155774178985754,20360274573.542713,4,1.2912194012610707,0.9700106856587878,0.047903366899259246,0.036009004176933916,0.06757654384307821,/Users/tinggong/Documents/Codex/2026-07-20/model-lineage-holonomy/work/TwistedMerge-model-lineage-holonomy/reports/tmp/model_lineage_holonomy/pilot/transport_maps_seed_1.npz,41fb2f4162a5d7aeedb836e8c60602acbcb01c680c29fa22f0569134dbc922c4
1,adapter,M_BA,M_B,reverse_lineage,ridge_linear,adapter__M_BA__M_B,0.3633778998621009,0.38092835488058774,0.3622762846055207,17799143802.481945,4,1.0937295371871916,0.9699193820456583,0.050863533117476996,0.03964877422719145,0.06562862930261304,/Users/tinggong/Documents/Codex/2026-07-20/model-lineage-holonomy/work/TwistedMerge-model-lineage-holonomy/reports/tmp/model_lineage_holonomy/pilot/transport_maps_seed_1.npz,41fb2f4162a5d7aeedb836e8c60602acbcb01c680c29fa22f0569134dbc922c4
1,adapter,M_B,M_BC,forward_lineage,ridge_linear,adapter__M_B__M_BC,0.3054175790336017,0.32571882600268726,0.3163507800574932,19560131597.59942,4,0.9925734040003726,0.9687247750654364,0.04053015985463307,0.03137340300470878,0.05852920076325555,/Users/tinggong/Documents/Codex/2026-07-20/model-lineage-holonomy/work/TwistedMerge-model-lineage-holonomy/reports/tmp/model_lineage_holonomy/pilot/transport_maps_seed_1.npz,41fb2f4162a5d7aeedb836e8c60602acbcb01c680c29fa22f0569134dbc922c4
1,adapter,M_BC,M_B,reverse_lineage,ridge_linear,adapter__M_BC__M_B,0.30240857294704615,0.32313455227637766,0.3126263893751311,22970522328.959667,4,1.0779187611050973,0.9687125735116734,0.04121569442756914,0.029719721536297795,0.057369202358518834,/Users/tinggong/Documents/Codex/2026-07-20/model-lineage-holonomy/work/TwistedMerge-model-lineage-holonomy/reports/tmp/model_lineage_holonomy/pilot/transport_maps_seed_1.npz,41fb2f4162a5d7aeedb836e8c60602acbcb01c680c29fa22f0569134dbc922c4
1,adapter,M_C,M_CA,forward_lineage,ridge_linear,adapter__M_C__M_CA,0.36856707708888753,0.4010974959846196,0.3721858032340071,42814905895.637856,4,1.4321335625694323,0.9704231176138837,0.04509342317808215,0.035358617485468063,0.06248473942637945,/Users/tinggong/Documents/Codex/2026-07-20/model-lineage-holonomy/work/TwistedMerge-model-lineage-holonomy/reports/tmp/model_lineage_holonomy/pilot/transport_maps_seed_1.npz,41fb2f4162a5d7aeedb836e8c60602acbcb01c680c29fa22f0569134dbc922c4
1,adapter,M_CA,M_C,reverse_lineage,ridge_linear,adapter__M_CA__M_C,0.38766315376035343,0.413978200744165,0.3900540622958642,40322602090.62558,4,1.058721040461903,0.9702977493831719,0.05534692703559391,0.041512327733691366,0.07591978654086254,/Users/tinggong/Documents/Codex/2026-07-20/model-lineage-holonomy/work/TwistedMerge-model-lineage-holonomy/reports/tmp/model_lineage_holonomy/pilot/transport_maps_seed_1.npz,41fb2f4162a5d7aeedb836e8c60602acbcb01c680c29fa22f0569134dbc922c4
1,adapter,M_C,M_CB,forward_lineage,ridge_linear,adapter__M_C__M_CB,0.30719385328913956,0.327123690138361,0.31870851475000206,15726025014.095469,4,1.0811023942416793,0.9686278194032708,0.039826101280030585,0.028554257166188143,0.05615368094091976,/Users/tinggong/Documents/Codex/2026-07-20/model-lineage-holonomy/work/TwistedMerge-model-lineage-holonomy/reports/tmp/model_lineage_holonomy/pilot/transport_maps_seed_1.npz,41fb2f4162a5d7aeedb836e8c60602acbcb01c680c29fa22f0569134dbc922c4
1,adapter,M_CB,M_C,reverse_lineage,ridge_linear,adapter__M_CB__M_C,0.3081085849914401,0.3272022368849106,0.3203005599744017,15052291071.722713,4,1.0006582142045015,0.968653937508325,0.041010741231266336,0.032125517938467595,0.05397537938617796,/Users/tinggong/Documents/Codex/2026-07-20/model-lineage-holonomy/work/TwistedMerge-model-lineage-holonomy/reports/tmp/model_lineage_holonomy/pilot/transport_maps_seed_1.npz,41fb2f4162a5d7aeedb836e8c60602acbcb01c680c29fa22f0569134dbc922c4
1,adapter,M_AB,M_ABC,forward_lineage,ridge_linear,adapter__M_AB__M_ABC,0.3038447524351175,0.3263580506027088,0.31865859910828565,62198234186.09632,4,1.0093498460663182,0.9688589942424902,0.04538532069468893,0.03224491860137413,0.06751163815436506,/Users/tinggong/Documents/Codex/2026-07-20/model-lineage-holonomy/work/TwistedMerge-model-lineage-holonomy/reports/tmp/model_lineage_holonomy/pilot/transport_maps_seed_1.npz,41fb2f4162a5d7aeedb836e8c60602acbcb01c680c29fa22f0569134dbc922c4
1,adapter,M_ABC,M_AB,reverse_lineage,ridge_linear,adapter__M_ABC__M_AB,0.3005697422306228,0.32422177599840946,0.3147376653299162,158190779308.06085,4,1.0970156928601877,0.9688456491631406,0.04404267791830993,0.030344463787602156,0.06261110857269814,/Users/tinggong/Documents/Codex/2026-07-20/model-lineage-holonomy/work/TwistedMerge-model-lineage-holonomy/reports/tmp/model_lineage_holonomy/pilot/transport_maps_seed_1.npz,41fb2f4162a5d7aeedb836e8c60602acbcb01c680c29fa22f0569134dbc922c4
1,adapter,M_AC,M_ACB,forward_lineage,ridge_linear,adapter__M_AC__M_ACB,0.3050038547139977,0.32282626679907556,0.31379813087317715,35272589533.17628,4,1.084773437647773,0.9687363514840789,0.04498867195831627,0.03205516627825589,0.06752482732203911,/Users/tinggong/Documents/Codex/2026-07-20/model-lineage-holonomy/work/TwistedMerge-model-lineage-holonomy/reports/tmp/model_lineage_holonomy/pilot/transport_maps_seed_1.npz,41fb2f4162a5d7aeedb836e8c60602acbcb01c680c29fa22f0569134dbc922c4
1,adapter,M_ACB,M_AC,reverse_lineage,ridge_linear,adapter__M_ACB__M_AC,0.3058117691575409,0.3232811059048849,0.3163868503892327,19245360549.23024,4,0.9714436232221915,0.9687521305811548,0.04650816367249415,0.03216003848400074,0.07183763948718272,/Users/tinggong/Documents/Codex/2026-07-20/model-lineage-holonomy/work/TwistedMerge-model-lineage-holonomy/reports/tmp/model_lineage_holonomy/pilot/transport_maps_seed_1.npz,41fb2f4162a5d7aeedb836e8c60602acbcb01c680c29fa22f0569134dbc922c4
1,adapter,M_BA,M_BAC,forward_lineage,ridge_linear,adapter__M_BA__M_BAC,0.3933016200741667,0.42917454762589663,0.4028483506083281,14665528566.817877,4,1.0428891606062836,0.970050939357749,0.05781778321557103,0.04189624233063392,0.0831170305807007,/Users/tinggong/Documents/Codex/2026-07-20/model-lineage-holonomy/work/TwistedMerge-model-lineage-holonomy/reports/tmp/model_lineage_holonomy/pilot/transport_maps_seed_1.npz,41fb2f4162a5d7aeedb836e8c60602acbcb01c680c29fa22f0569134dbc922c4
1,adapter,M_BAC,M_BA,reverse_lineage,ridge_linear,adapter__M_BAC__M_BA,0.3846111936003698,0.4236657329487148,0.3930334546340713,22757033743.37996,4,1.3736654674700222,0.9698697093170378,0.05045308698567616,0.0367459404663683,0.06945637789314561,/Users/tinggong/Documents/Codex/2026-07-20/model-lineage-holonomy/work/TwistedMerge-model-lineage-holonomy/reports/tmp/model_lineage_holonomy/pilot/transport_maps_seed_1.npz,41fb2f4162a5d7aeedb836e8c60602acbcb01c680c29fa22f0569134dbc922c4
1,adapter,M_BC,M_BCA,forward_lineage,ridge_linear,adapter__M_BC__M_BCA,0.361209947906295,0.39593089618398064,0.3666762735051034,27872309760.634407,4,1.4299301951378303,0.9704741991316934,0.045300790738711835,0.03321898842359775,0.06219941358216573,/Users/tinggong/Documents/Codex/2026-07-20/model-lineage-holonomy/work/TwistedMerge-model-lineage-holonomy/reports/tmp/model_lineage_holonomy/pilot/transport_maps_seed_1.npz,41fb2f4162a5d7aeedb836e8c60602acbcb01c680c29fa22f0569134dbc922c4
1,adapter,M_BCA,M_BC,reverse_lineage,ridge_linear,adapter__M_BCA__M_BC,0.3812353673401861,0.40894631467928566,0.3857191214472162,22028043718.129093,4,1.0701016705993993,0.9703711744040785,0.05499975423467712,0.0425957625576661,0.081129591535251,/Users/tinggong/Documents/Codex/2026-07-20/model-lineage-holonomy/work/TwistedMerge-model-lineage-holonomy/reports/tmp/model_lineage_holonomy/pilot/transport_maps_seed_1.npz,41fb2f4162a5d7aeedb836e8c60602acbcb01c680c29fa22f0569134dbc922c4
1,adapter,M_CA,M_CAB,forward_lineage,ridge_linear,adapter__M_CA__M_CAB,0.37683700478660775,0.39684633313779516,0.37560629514598387,12020347132.874996,4,1.0355913732075634,0.9695172931324363,0.05649664749083717,0.043750908713412986,0.07724740630094577,/Users/tinggong/Documents/Codex/2026-07-20/model-lineage-holonomy/work/TwistedMerge-model-lineage-holonomy/reports/tmp/model_lineage_holonomy/pilot/transport_maps_seed_1.npz,41fb2f4162a5d7aeedb836e8c60602acbcb01c680c29fa22f0569134dbc922c4
1,adapter,M_CAB,M_CA,reverse_lineage,ridge_linear,adapter__M_CAB__M_CA,0.3704966904448916,0.3947621753679992,0.3715751288423417,12840536161.810032,4,1.2161571211558309,0.9695051270927771,0.05552450633144049,0.04243472619345585,0.07541887659729288,/Users/tinggong/Documents/Codex/2026-07-20/model-lineage-holonomy/work/TwistedMerge-model-lineage-holonomy/reports/tmp/model_lineage_holonomy/pilot/transport_maps_seed_1.npz,41fb2f4162a5d7aeedb836e8c60602acbcb01c680c29fa22f0569134dbc922c4
1,adapter,M_CB,M_CBA,forward_lineage,ridge_linear,adapter__M_CB__M_CBA,0.34151979401638033,0.36473968009564195,0.3424756355503616,178367902693.44623,4,1.3049547232985679,0.9700563738060795,0.047297398504915295,0.03534199623762334,0.061093019726552504,/Users/tinggong/Documents/Codex/2026-07-20/model-lineage-holonomy/work/TwistedMerge-model-lineage-holonomy/reports/tmp/model_lineage_holonomy/pilot/transport_maps_seed_1.npz,41fb2f4162a5d7aeedb836e8c60602acbcb01c680c29fa22f0569134dbc922c4
1,adapter,M_CBA,M_CB,reverse_lineage,ridge_linear,adapter__M_CBA__M_CB,0.36422968302431125,0.3823134269592639,0.36442840972144547,43925636821.23417,4,1.0935693728792144,0.9698963734331854,0.05134361159319223,0.03806564796566428,0.07393574782566611,/Users/tinggong/Documents/Codex/2026-07-20/model-lineage-holonomy/work/TwistedMerge-model-lineage-holonomy/reports/tmp/model_lineage_holonomy/pilot/transport_maps_seed_1.npz,41fb2f4162a5d7aeedb836e8c60602acbcb01c680c29fa22f0569134dbc922c4
1,adapter,M_AB,M_B,loop_closing,ridge_linear,adapter__M_AB__M_B,0.10687967965281496,0.11213286522505729,0.10818851295691635,111638045350.12555,4,1.1325227341956368,0.9683551512274549,0.013637713677290093,0.009949236596464722,0.018749654787601697,/Users/tinggong/Documents/Codex/2026-07-20/model-lineage-holonomy/work/TwistedMerge-model-lineage-holonomy/reports/tmp/model_lineage_holonomy/pilot/transport_maps_seed_1.npz,41fb2f4162a5d7aeedb836e8c60602acbcb01c680c29fa22f0569134dbc922c4
1,adapter,M_B,M_AB,loop_closing,ridge_linear,adapter__M_B__M_AB,0.09798680739067865,0.10349574158772448,0.09976420693675404,92777180861.15587,4,1.0502183517609933,0.9683554771221149,0.012756342879232491,0.009724356971603353,0.017529768817202262,/Users/tinggong/Documents/Codex/2026-07-20/model-lineage-holonomy/work/TwistedMerge-model-lineage-holonomy/reports/tmp/model_lineage_holonomy/pilot/transport_maps_seed_1.npz,41fb2f4162a5d7aeedb836e8c60602acbcb01c680c29fa22f0569134dbc922c4
1,adapter,M_AC,M_C,loop_closing,ridge_linear,adapter__M_AC__M_C,0.14562277951125913,0.15187499651582612,0.14976931955899977,16395214834.976948,4,1.185049668436687,0.968569147664826,0.01775187797413796,0.013432395782973146,0.02503747787668217,/Users/tinggong/Documents/Codex/2026-07-20/model-lineage-holonomy/work/TwistedMerge-model-lineage-holonomy/reports/tmp/model_lineage_holonomy/pilot/transport_maps_seed_1.npz,41fb2f4162a5d7aeedb836e8c60602acbcb01c680c29fa22f0569134dbc922c4
1,adapter,M_C,M_AC,loop_closing,ridge_linear,adapter__M_C__M_AC,0.13045880275565444,0.13725191746007862,0.1358209687455568,13896320622.832594,4,1.056069544257763,0.9685832106358107,0.016297803729226446,0.012197045447584655,0.021521970905148347,/Users/tinggong/Documents/Codex/2026-07-20/model-lineage-holonomy/work/TwistedMerge-model-lineage-holonomy/reports/tmp/model_lineage_holonomy/pilot/transport_maps_seed_1.npz,41fb2f4162a5d7aeedb836e8c60602acbcb01c680c29fa22f0569134dbc922c4
1,adapter,M_BC,M_C,loop_closing,ridge_linear,adapter__M_BC__M_C,0.07692314440433837,0.08094157033033411,0.07780206499683584,724449073570.3351,4,1.025303020068047,0.9682513867861066,0.009909633618880687,0.0076434982029278346,0.013291134004053155,/Users/tinggong/Documents/Codex/2026-07-20/model-lineage-holonomy/work/TwistedMerge-model-lineage-holonomy/reports/tmp/model_lineage_holonomy/pilot/transport_maps_seed_1.npz,41fb2f4162a5d7aeedb836e8c60602acbcb01c680c29fa22f0569134dbc922c4
1,adapter,M_C,M_BC,loop_closing,ridge_linear,adapter__M_C__M_BC,0.07628605353425524,0.08048684115337726,0.07721571101183669,129155460641.46709,4,1.0391977253849454,0.9682509208397105,0.009485796227580175,0.007334905467393077,0.01306576775473389,/Users/tinggong/Documents/Codex/2026-07-20/model-lineage-holonomy/work/TwistedMerge-model-lineage-holonomy/reports/tmp/model_lineage_holonomy/pilot/transport_maps_seed_1.npz,41fb2f4162a5d7aeedb836e8c60602acbcb01c680c29fa22f0569134dbc922c4
1,adapter,M_ABC,M_BAC,same_depth_closing,ridge_linear,adapter__M_ABC__M_BAC,0.11803744308543913,0.12356279043684822,0.1259501894553248,1057557570731.7522,4,1.0575575707315985,0.9683320396003512,0.016168412022017947,0.012214967557292258,0.021944275607833262,/Users/tinggong/Documents/Codex/2026-07-20/model-lineage-holonomy/work/TwistedMerge-model-lineage-holonomy/reports/tmp/model_lineage_holonomy/pilot/transport_maps_seed_1.npz,41fb2f4162a5d7aeedb836e8c60602acbcb01c680c29fa22f0569134dbc922c4
1,adapter,M_BAC,M_ABC,same_depth_closing,ridge_linear,adapter__M_BAC__M_ABC,0.12371813976995111,0.12838727595796384,0.1319241556101713,205077058865.01053,4,1.1391913519549592,0.9683286846806014,0.017039945641369344,0.012890628409860102,0.023633841091013453,/Users/tinggong/Documents/Codex/2026-07-20/model-lineage-holonomy/work/TwistedMerge-model-lineage-holonomy/reports/tmp/model_lineage_holonomy/pilot/transport_maps_seed_1.npz,41fb2f4162a5d7aeedb836e8c60602acbcb01c680c29fa22f0569134dbc922c4
1,adapter,M_ABC,M_ACB,same_depth_closing,ridge_linear,adapter__M_ABC__M_ACB,0.294463634810486,0.31835548285904947,0.3106554236746994,75255131879.89821,4,1.0975260096378865,0.9688176985116117,0.043129425680995245,0.031155735108300914,0.06605012541153502,/Users/tinggong/Documents/Codex/2026-07-20/model-lineage-holonomy/work/TwistedMerge-model-lineage-holonomy/reports/tmp/model_lineage_holonomy/pilot/transport_maps_seed_1.npz,41fb2f4162a5d7aeedb836e8c60602acbcb01c680c29fa22f0569134dbc922c4
1,adapter,M_ACB,M_ABC,same_depth_closing,ridge_linear,adapter__M_ACB__M_ABC,0.2965535131879331,0.3180860978117458,0.3137515543670519,47381850660.68172,4,0.9882966046388554,0.9688152560966311,0.044888139441610575,0.03276450122487756,0.06282136759371003,/Users/tinggong/Documents/Codex/2026-07-20/model-lineage-holonomy/work/TwistedMerge-model-lineage-holonomy/reports/tmp/model_lineage_holonomy/pilot/transport_maps_seed_1.npz,41fb2f4162a5d7aeedb836e8c60602acbcb01c680c29fa22f0569134dbc922c4
1,adapter,M_ACB,M_CAB,same_depth_closing,ridge_linear,adapter__M_ACB__M_CAB,0.08977620799431198,0.09671268337624232,0.09515889894110399,12574060724.983496,4,1.0927662591464158,0.9682795991775518,0.012695279294917112,0.009272011315734772,0.018347709355547012,/Users/tinggong/Documents/Codex/2026-07-20/model-lineage-holonomy/work/TwistedMerge-model-lineage-holonomy/reports/tmp/model_lineage_holonomy/pilot/transport_maps_seed_1.npz,41fb2f4162a5d7aeedb836e8c60602acbcb01c680c29fa22f0569134dbc922c4
1,adapter,M_CAB,M_ACB,same_depth_closing,ridge_linear,adapter__M_CAB__M_ACB,0.08913936979191404,0.09677267082426004,0.09466398541186424,9663757170.253878,4,1.0188931829210242,0.9682800099492481,0.012915650719264935,0.009380282455413957,0.01836530138130017,/Users/tinggong/Documents/Codex/2026-07-20/model-lineage-holonomy/work/TwistedMerge-model-lineage-holonomy/reports/tmp/model_lineage_holonomy/pilot/transport_maps_seed_1.npz,41fb2f4162a5d7aeedb836e8c60602acbcb01c680c29fa22f0569134dbc922c4
1,adapter,M_BAC,M_BCA,same_depth_closing,ridge_linear,adapter__M_BAC__M_BCA,0.346679288362051,0.3847666732457104,0.35328851299171743,28569839859.074116,4,1.406062068760089,0.9690499320533771,0.04636840875895201,0.03241226273797287,0.07392355138798826,/Users/tinggong/Documents/Codex/2026-07-20/model-lineage-holonomy/work/TwistedMerge-model-lineage-holonomy/reports/tmp/model_lineage_holonomy/pilot/transport_maps_seed_1.npz,41fb2f4162a5d7aeedb836e8c60602acbcb01c680c29fa22f0569134dbc922c4
1,adapter,M_BCA,M_BAC,same_depth_closing,ridge_linear,adapter__M_BCA__M_BAC,0.34962133429983294,0.3846210709202038,0.356164970840945,21976113119.912678,4,1.0351159853907532,0.969164128943026,0.051000278878583154,0.039569782238730956,0.07161977349813861,/Users/tinggong/Documents/Codex/2026-07-20/model-lineage-holonomy/work/TwistedMerge-model-lineage-holonomy/reports/tmp/model_lineage_holonomy/pilot/transport_maps_seed_1.npz,41fb2f4162a5d7aeedb836e8c60602acbcb01c680c29fa22f0569134dbc922c4
1,adapter,M_BCA,M_CBA,same_depth_closing,ridge_linear,adapter__M_BCA__M_CBA,0.14142355596090392,0.1527102030290691,0.14654371254876497,101109709943.73878,4,1.0442695480947857,0.9683662813007887,0.02440393226994124,0.018122130358143043,0.036669847643597556,/Users/tinggong/Documents/Codex/2026-07-20/model-lineage-holonomy/work/TwistedMerge-model-lineage-holonomy/reports/tmp/model_lineage_holonomy/pilot/transport_maps_seed_1.npz,41fb2f4162a5d7aeedb836e8c60602acbcb01c680c29fa22f0569134dbc922c4
1,adapter,M_CBA,M_BCA,same_depth_closing,ridge_linear,adapter__M_CBA__M_BCA,0.1428689148069061,0.1539572230929968,0.14862497016371476,76471196986.62573,4,1.0745429207904686,0.9683621553158377,0.023660105685086266,0.019305006286527843,0.03141803560688108,/Users/tinggong/Documents/Codex/2026-07-20/model-lineage-holonomy/work/TwistedMerge-model-lineage-holonomy/reports/tmp/model_lineage_holonomy/pilot/transport_maps_seed_1.npz,41fb2f4162a5d7aeedb836e8c60602acbcb01c680c29fa22f0569134dbc922c4
1,adapter,M_CAB,M_CBA,same_depth_closing,ridge_linear,adapter__M_CAB__M_CBA,0.33583448753134304,0.3598595982590319,0.33582315526384654,119568473867.45273,4,1.3022731207721263,0.9695480150769771,0.04727679946471644,0.034459486833949074,0.0667980501781582,/Users/tinggong/Documents/Codex/2026-07-20/model-lineage-holonomy/work/TwistedMerge-model-lineage-holonomy/reports/tmp/model_lineage_holonomy/pilot/transport_maps_seed_1.npz,41fb2f4162a5d7aeedb836e8c60602acbcb01c680c29fa22f0569134dbc922c4
1,adapter,M_CBA,M_CAB,same_depth_closing,ridge_linear,adapter__M_CBA__M_CAB,0.3547759814414936,0.37467669089211963,0.35436470109293894,43864547192.80412,4,1.0806787893032697,0.9694263947997359,0.05019772382872311,0.03713006336695118,0.06598463233414686,/Users/tinggong/Documents/Codex/2026-07-20/model-lineage-holonomy/work/TwistedMerge-model-lineage-holonomy/reports/tmp/model_lineage_holonomy/pilot/transport_maps_seed_1.npz,41fb2f4162a5d7aeedb836e8c60602acbcb01c680c29fa22f0569134dbc922c4
1,adapter,M_AB,M_BA,same_depth_closing,ridge_linear,adapter__M_AB__M_BA,0.3366229929291721,0.3599295858973718,0.33428890891731106,40727493076.59185,4,1.3082578908842282,0.9697476326173707,0.04673223918275446,0.033001875244360976,0.06792982387388771,/Users/tinggong/Documents/Codex/2026-07-20/model-lineage-holonomy/work/TwistedMerge-model-lineage-holonomy/reports/tmp/model_lineage_holonomy/pilot/transport_maps_seed_1.npz,41fb2f4162a5d7aeedb836e8c60602acbcb01c680c29fa22f0569134dbc922c4
1,adapter,M_BA,M_AB,same_depth_closing,ridge_linear,adapter__M_BA__M_AB,0.3536678320886149,0.37318503019658766,0.35280146683521946,26017799460.731247,4,1.0490813892083746,0.9696565992192637,0.05111714303244831,0.037446285808866435,0.0738034334246361,/Users/tinggong/Documents/Codex/2026-07-20/model-lineage-holonomy/work/TwistedMerge-model-lineage-holonomy/reports/tmp/model_lineage_holonomy/pilot/transport_maps_seed_1.npz,41fb2f4162a5d7aeedb836e8c60602acbcb01c680c29fa22f0569134dbc922c4
1,adapter,M_AC,M_CA,same_depth_closing,ridge_linear,adapter__M_AC__M_CA,0.34432469407654337,0.38071953437140166,0.3498367360175307,24858904963.09181,4,1.3967233320838732,0.9692146435473772,0.04419227155270462,0.0310521376146794,0.06619708009837383,/Users/tinggong/Documents/Codex/2026-07-20/model-lineage-holonomy/work/TwistedMerge-model-lineage-holonomy/reports/tmp/model_lineage_holonomy/pilot/transport_maps_seed_1.npz,41fb2f4162a5d7aeedb836e8c60602acbcb01c680c29fa22f0569134dbc922c4
1,adapter,M_CA,M_AC,same_depth_closing,ridge_linear,adapter__M_CA__M_AC,0.3532371589920842,0.38727331576787616,0.3586122800129281,20740440799.659348,4,0.9602382437744706,0.9693396800772874,0.05312601569697081,0.037971775140740065,0.07930313982656687,/Users/tinggong/Documents/Codex/2026-07-20/model-lineage-holonomy/work/TwistedMerge-model-lineage-holonomy/reports/tmp/model_lineage_holonomy/pilot/transport_maps_seed_1.npz,41fb2f4162a5d7aeedb836e8c60602acbcb01c680c29fa22f0569134dbc922c4
1,adapter,M_BC,M_CB,same_depth_closing,ridge_linear,adapter__M_BC__M_CB,0.2786291536668724,0.2975072099613996,0.2899497842572457,33864257568.532867,4,1.083662379031703,0.9685126703637844,0.03636617258134254,0.0281162650290356,0.05028302147350941,/Users/tinggong/Documents/Codex/2026-07-20/model-lineage-holonomy/work/TwistedMerge-model-lineage-holonomy/reports/tmp/model_lineage_holonomy/pilot/transport_maps_seed_1.npz,41fb2f4162a5d7aeedb836e8c60602acbcb01c680c29fa22f0569134dbc922c4
1,adapter,M_CB,M_BC,same_depth_closing,ridge_linear,adapter__M_CB__M_BC,0.2806662202248797,0.2993080216103775,0.29296340023791495,61651027102.018196,4,0.9964311455769191,0.9685315002714114,0.03943812067394267,0.03174638783506586,0.0538781764123824,/Users/tinggong/Documents/Codex/2026-07-20/model-lineage-holonomy/work/TwistedMerge-model-lineage-holonomy/reports/tmp/model_lineage_holonomy/pilot/transport_maps_seed_1.npz,41fb2f4162a5d7aeedb836e8c60602acbcb01c680c29fa22f0569134dbc922c4
1,adapter,M_A,M_B,same_depth_closing,ridge_linear,adapter__M_A__M_B,0.39098372109923124,0.41094559467175173,0.38594025375594343,82853887765.46051,4,1.0686413450991579,0.9709169820756309,0.05520496553708085,0.04373235448736508,0.07393858595384901,/Users/tinggong/Documents/Codex/2026-07-20/model-lineage-holonomy/work/TwistedMerge-model-lineage-holonomy/reports/tmp/model_lineage_holonomy/pilot/transport_maps_seed_1.npz,41fb2f4162a5d7aeedb836e8c60602acbcb01c680c29fa22f0569134dbc922c4
1,adapter,M_B,M_A,same_depth_closing,ridge_linear,adapter__M_B__M_A,0.3770766743947076,0.4039881080364456,0.37565354774506987,33139488422.08707,4,1.2041981282527268,0.9709606342257112,0.05159826029854384,0.03978505717967788,0.06903457808909973,/Users/tinggong/Documents/Codex/2026-07-20/model-lineage-holonomy/work/TwistedMerge-model-lineage-holonomy/reports/tmp/model_lineage_holonomy/pilot/transport_maps_seed_1.npz,41fb2f4162a5d7aeedb836e8c60602acbcb01c680c29fa22f0569134dbc922c4
1,adapter,M_A,M_C,same_depth_closing,ridge_linear,adapter__M_A__M_C,0.4318950243753723,0.46111616609838,0.43581455025804045,38266788108.80374,4,1.087457459969519,0.9711616319544161,0.06298787605213158,0.0483044513281747,0.08579568409136877,/Users/tinggong/Documents/Codex/2026-07-20/model-lineage-holonomy/work/TwistedMerge-model-lineage-holonomy/reports/tmp/model_lineage_holonomy/pilot/transport_maps_seed_1.npz,41fb2f4162a5d7aeedb836e8c60602acbcb01c680c29fa22f0569134dbc922c4
1,adapter,M_C,M_A,same_depth_closing,ridge_linear,adapter__M_C__M_A,0.40987251015497395,0.4447638085123449,0.4165815078479416,46760256546.02881,4,1.374327550473507,0.9713639828277055,0.054328579663576126,0.04087117208052043,0.07637795500650807,/Users/tinggong/Documents/Codex/2026-07-20/model-lineage-holonomy/work/TwistedMerge-model-lineage-holonomy/reports/tmp/model_lineage_holonomy/pilot/transport_maps_seed_1.npz,41fb2f4162a5d7aeedb836e8c60602acbcb01c680c29fa22f0569134dbc922c4
1,adapter,M_B,M_C,same_depth_closing,ridge_linear,adapter__M_B__M_C,0.3332369295289272,0.3537402783538765,0.3444409285584757,46606647395.41404,4,1.0069209435644118,0.9689293786796883,0.04527724952287776,0.03431439538237033,0.062885532457405,/Users/tinggong/Documents/Codex/2026-07-20/model-lineage-holonomy/work/TwistedMerge-model-lineage-holonomy/reports/tmp/model_lineage_holonomy/pilot/transport_maps_seed_1.npz,41fb2f4162a5d7aeedb836e8c60602acbcb01c680c29fa22f0569134dbc922c4
1,adapter,M_C,M_B,same_depth_closing,ridge_linear,adapter__M_C__M_B,0.33146750069685055,0.35302543403503805,0.3421179545482384,39297777693.873085,4,1.0702951566927599,0.9688989551783055,0.04406888601931016,0.03294521644580043,0.06108676134704213,/Users/tinggong/Documents/Codex/2026-07-20/model-lineage-holonomy/work/TwistedMerge-model-lineage-holonomy/reports/tmp/model_lineage_holonomy/pilot/transport_maps_seed_1.npz,41fb2f4162a5d7aeedb836e8c60602acbcb01c680c29fa22f0569134dbc922c4
1,penultimate,M0,M_A,forward_lineage,whitened_cca,penultimate__M0__M_A,1.3696872756036124e-07,1.437230326772603e-07,1.4579165662426454e-07,10.101951300604355,64,2.4613373817758806,1.121577413506776e-14,6.450312249702477e-08,6.05398756228579e-08,6.869149435925966e-08,/Users/tinggong/Documents/Codex/2026-07-20/model-lineage-holonomy/work/TwistedMerge-model-lineage-holonomy/reports/tmp/model_lineage_holonomy/pilot/transport_maps_seed_1.npz,41fb2f4162a5d7aeedb836e8c60602acbcb01c680c29fa22f0569134dbc922c4
1,penultimate,M_A,M0,reverse_lineage,whitened_cca,penultimate__M_A__M0,1.5007763370994391e-07,1.5690715921000333e-07,1.6097365255584086e-07,10.101951300604334,64,3.3319048975112455,1.180638408388128e-14,6.885696751961114e-08,6.187610659160805e-08,7.666030595614141e-08,/Users/tinggong/Documents/Codex/2026-07-20/model-lineage-holonomy/work/TwistedMerge-model-lineage-holonomy/reports/tmp/model_lineage_holonomy/pilot/transport_maps_seed_1.npz,41fb2f4162a5d7aeedb836e8c60602acbcb01c680c29fa22f0569134dbc922c4
1,penultimate,M0,M_B,forward_lineage,whitened_cca,penultimate__M0__M_B,1.331120420044147e-07,1.4024605729424712e-07,1.4180003128802195e-07,3.266715031143625,64,1.238288596470962,1.1668485811373554e-14,6.213288681052628e-08,5.729284918896619e-08,6.69288965004536e-08,/Users/tinggong/Documents/Codex/2026-07-20/model-lineage-holonomy/work/TwistedMerge-model-lineage-holonomy/reports/tmp/model_lineage_holonomy/pilot/transport_maps_seed_1.npz,41fb2f4162a5d7aeedb836e8c60602acbcb01c680c29fa22f0569134dbc922c4
1,penultimate,M_B,M0,reverse_lineage,whitened_cca,penultimate__M_B__M0,1.3596131067997854e-07,1.4359212951813251e-07,1.454988758192846e-07,3.2667150311436477,64,1.2701667062036475,1.1834454954992934e-14,6.315807739358172e-08,5.8679752754321724e-08,6.801488572117988e-08,/Users/tinggong/Documents/Codex/2026-07-20/model-lineage-holonomy/work/TwistedMerge-model-lineage-holonomy/reports/tmp/model_lineage_holonomy/pilot/transport_maps_seed_1.npz,41fb2f4162a5d7aeedb836e8c60602acbcb01c680c29fa22f0569134dbc922c4
1,penultimate,M0,M_C,forward_lineage,whitened_cca,penultimate__M0__M_C,1.3361405183238539e-07,1.3985568630293229e-07,1.4214151545301862e-07,3.5080089994205617,64,1.4782658193834264,1.1646879673235016e-14,6.162257899350104e-08,5.633574100996412e-08,6.608362243029657e-08,/Users/tinggong/Documents/Codex/2026-07-20/model-lineage-holonomy/work/TwistedMerge-model-lineage-holonomy/reports/tmp/model_lineage_holonomy/pilot/transport_maps_seed_1.npz,41fb2f4162a5d7aeedb836e8c60602acbcb01c680c29fa22f0569134dbc922c4
1,penultimate,M_C,M0,reverse_lineage,whitened_cca,penultimate__M_C__M0,1.3474710796247734e-07,1.4182985247011645e-07,1.4351331281535126e-07,3.508008999420547,64,1.2129557204181771,1.1630557341705278e-14,6.184876896316637e-08,5.6353053479314996e-08,6.654457358947926e-08,/Users/tinggong/Documents/Codex/2026-07-20/model-lineage-holonomy/work/TwistedMerge-model-lineage-holonomy/reports/tmp/model_lineage_holonomy/pilot/transport_maps_seed_1.npz,41fb2f4162a5d7aeedb836e8c60602acbcb01c680c29fa22f0569134dbc922c4
1,penultimate,M_A,M_AB,forward_lineage,whitened_cca,penultimate__M_A__M_AB,1.4997446921279701e-07,1.5687112271279214e-07,1.6149193152831e-07,7.5847816921153495,64,2.7184885878612777,1.3898837405985697e-14,7.218528032975799e-08,6.64197539697361e-08,7.906176044124208e-08,/Users/tinggong/Documents/Codex/2026-07-20/model-lineage-holonomy/work/TwistedMerge-model-lineage-holonomy/reports/tmp/model_lineage_holonomy/pilot/transport_maps_seed_1.npz,41fb2f4162a5d7aeedb836e8c60602acbcb01c680c29fa22f0569134dbc922c4
1,penultimate,M_AB,M_A,reverse_lineage,whitened_cca,penultimate__M_AB__M_A,1.4226372123153212e-07,1.4933308564476542e-07,1.5233602758584694e-07,7.584781692115303,64,2.102868729525791,1.317407935785019e-14,6.963194352037443e-08,6.4114141861896e-08,7.555847811775285e-08,/Users/tinggong/Documents/Codex/2026-07-20/model-lineage-holonomy/work/TwistedMerge-model-lineage-holonomy/reports/tmp/model_lineage_holonomy/pilot/transport_maps_seed_1.npz,41fb2f4162a5d7aeedb836e8c60602acbcb01c680c29fa22f0569134dbc922c4
1,penultimate,M_A,M_AC,forward_lineage,whitened_cca,penultimate__M_A__M_AC,1.5461270733403213e-07,1.6170625435111006e-07,1.6561791199862528e-07,14.033541702344975,64,4.312445594710492,1.197868788508628e-14,6.868309898494941e-08,6.25367752827135e-08,7.49357319506909e-08,/Users/tinggong/Documents/Codex/2026-07-20/model-lineage-holonomy/work/TwistedMerge-model-lineage-holonomy/reports/tmp/model_lineage_holonomy/pilot/transport_maps_seed_1.npz,41fb2f4162a5d7aeedb836e8c60602acbcb01c680c29fa22f0569134dbc922c4
1,penultimate,M_AC,M_A,reverse_lineage,whitened_cca,penultimate__M_AC__M_A,1.4127119688073074e-07,1.487645024287043e-07,1.489298437291774e-07,14.033541702345001,64,2.806945452600881,1.0835178259190401e-14,6.612361635346762e-08,6.052859038143332e-08,7.214100835340495e-08,/Users/tinggong/Documents/Codex/2026-07-20/model-lineage-holonomy/work/TwistedMerge-model-lineage-holonomy/reports/tmp/model_lineage_holonomy/pilot/transport_maps_seed_1.npz,41fb2f4162a5d7aeedb836e8c60602acbcb01c680c29fa22f0569134dbc922c4
1,penultimate,M_B,M_BA,forward_lineage,whitened_cca,penultimate__M_B__M_BA,1.4344955403776314e-07,1.5168033938336068e-07,1.547688106353764e-07,8.447509189075737,64,2.268736150085032,1.1788481882603612e-14,7.018135446917679e-08,6.412833175284962e-08,7.673565088167366e-08,/Users/tinggong/Documents/Codex/2026-07-20/model-lineage-holonomy/work/TwistedMerge-model-lineage-holonomy/reports/tmp/model_lineage_holonomy/pilot/transport_maps_seed_1.npz,41fb2f4162a5d7aeedb836e8c60602acbcb01c680c29fa22f0569134dbc922c4
1,penultimate,M_BA,M_B,reverse_lineage,whitened_cca,penultimate__M_BA__M_B,1.530538614337757e-07,1.605399101893445e-07,1.6496955683183406e-07,8.44750918907579,64,2.894072666170282,1.2333308952351243e-14,7.373273582210859e-08,6.697431661600906e-08,7.89230095898439e-08,/Users/tinggong/Documents/Codex/2026-07-20/model-lineage-holonomy/work/TwistedMerge-model-lineage-holonomy/reports/tmp/model_lineage_holonomy/pilot/transport_maps_seed_1.npz,41fb2f4162a5d7aeedb836e8c60602acbcb01c680c29fa22f0569134dbc922c4
1,penultimate,M_B,M_BC,forward_lineage,whitened_cca,penultimate__M_B__M_BC,1.4117081059532198e-07,1.4914937171545821e-07,1.5222765964810224e-07,4.774920027261882,64,1.9050680442950427,1.1287052223476351e-14,6.57025802623292e-08,6.020293382625045e-08,6.96607206434289e-08,/Users/tinggong/Documents/Codex/2026-07-20/model-lineage-holonomy/work/TwistedMerge-model-lineage-holonomy/reports/tmp/model_lineage_holonomy/pilot/transport_maps_seed_1.npz,41fb2f4162a5d7aeedb836e8c60602acbcb01c680c29fa22f0569134dbc922c4
1,penultimate,M_BC,M_B,reverse_lineage,whitened_cca,penultimate__M_BC__M_B,1.394547542140323e-07,1.4808886700341348e-07,1.5019290567971046e-07,4.774920027261879,64,1.5665307218329203,1.139521422341501e-14,6.446313884063234e-08,5.929829301083339e-08,6.877397698509419e-08,/Users/tinggong/Documents/Codex/2026-07-20/model-lineage-holonomy/work/TwistedMerge-model-lineage-holonomy/reports/tmp/model_lineage_holonomy/pilot/transport_maps_seed_1.npz,41fb2f4162a5d7aeedb836e8c60602acbcb01c680c29fa22f0569134dbc922c4
1,penultimate,M_C,M_CA,forward_lineage,whitened_cca,penultimate__M_C__M_CA,1.4263578605333862e-07,1.504985152309384e-07,1.5086867994489638e-07,12.039211032918727,64,2.652324516101482,1.2088919192433851e-14,6.796505835597025e-08,6.279690805728203e-08,7.329212760188175e-08,/Users/tinggong/Documents/Codex/2026-07-20/model-lineage-holonomy/work/TwistedMerge-model-lineage-holonomy/reports/tmp/model_lineage_holonomy/pilot/transport_maps_seed_1.npz,41fb2f4162a5d7aeedb836e8c60602acbcb01c680c29fa22f0569134dbc922c4
1,penultimate,M_CA,M_C,reverse_lineage,whitened_cca,penultimate__M_CA__M_C,1.5792697537993255e-07,1.6256473593859606e-07,1.6730757513872724e-07,12.039211032918699,64,3.816378008356439,1.2954599750164744e-14,7.150534453281641e-08,6.473642188739524e-08,7.743697150118648e-08,/Users/tinggong/Documents/Codex/2026-07-20/model-lineage-holonomy/work/TwistedMerge-model-lineage-holonomy/reports/tmp/model_lineage_holonomy/pilot/transport_maps_seed_1.npz,41fb2f4162a5d7aeedb836e8c60602acbcb01c680c29fa22f0569134dbc922c4
1,penultimate,M_C,M_CB,forward_lineage,whitened_cca,penultimate__M_C__M_CB,1.3886902512500577e-07,1.4603343417801333e-07,1.48198925420944e-07,4.916371027383081,64,1.5887284028933264,1.1215716667325208e-14,6.500588991149186e-08,5.917491103126895e-08,7.112910296752661e-08,/Users/tinggong/Documents/Codex/2026-07-20/model-lineage-holonomy/work/TwistedMerge-model-lineage-holonomy/reports/tmp/model_lineage_holonomy/pilot/transport_maps_seed_1.npz,41fb2f4162a5d7aeedb836e8c60602acbcb01c680c29fa22f0569134dbc922c4
1,penultimate,M_CB,M_C,reverse_lineage,whitened_cca,penultimate__M_CB__M_C,1.4215119271965697e-07,1.4807263932148327e-07,1.5138685239372648e-07,4.91637102738309,64,1.963691895216778,1.1151123970094048e-14,6.62436687350657e-08,6.182036203063175e-08,7.187410250561871e-08,/Users/tinggong/Documents/Codex/2026-07-20/model-lineage-holonomy/work/TwistedMerge-model-lineage-holonomy/reports/tmp/model_lineage_holonomy/pilot/transport_maps_seed_1.npz,41fb2f4162a5d7aeedb836e8c60602acbcb01c680c29fa22f0569134dbc922c4
1,penultimate,M_AB,M_ABC,forward_lineage,whitened_cca,penultimate__M_AB__M_ABC,1.425183513364251e-07,1.4916117223390413e-07,1.5299984154914905e-07,5.233934075207187,64,2.0726475940135445,1.1598575367117045e-14,6.630956314342817e-08,6.085804077751177e-08,7.128214531572232e-08,/Users/tinggong/Documents/Codex/2026-07-20/model-lineage-holonomy/work/TwistedMerge-model-lineage-holonomy/reports/tmp/model_lineage_holonomy/pilot/transport_maps_seed_1.npz,41fb2f4162a5d7aeedb836e8c60602acbcb01c680c29fa22f0569134dbc922c4
1,penultimate,M_ABC,M_AB,reverse_lineage,whitened_cca,penultimate__M_ABC__M_AB,1.4051935449129595e-07,1.4801713378375885e-07,1.5058599464279988e-07,5.233934075207189,64,1.6524733657061732,1.147585295784925e-14,6.515168693365801e-08,6.064656844545559e-08,7.029067822926393e-08,/Users/tinggong/Documents/Codex/2026-07-20/model-lineage-holonomy/work/TwistedMerge-model-lineage-holonomy/reports/tmp/model_lineage_holonomy/pilot/transport_maps_seed_1.npz,41fb2f4162a5d7aeedb836e8c60602acbcb01c680c29fa22f0569134dbc922c4
1,penultimate,M_AC,M_ACB,forward_lineage,whitened_cca,penultimate__M_AC__M_ACB,1.3843315441842518e-07,1.458621292403904e-07,1.4760777447847563e-07,4.553805018430886,64,1.5261430335893678,1.0744589425477229e-14,6.599091003410736e-08,6.12855957237218e-08,7.04398833934966e-08,/Users/tinggong/Documents/Codex/2026-07-20/model-lineage-holonomy/work/TwistedMerge-model-lineage-holonomy/reports/tmp/model_lineage_holonomy/pilot/transport_maps_seed_1.npz,41fb2f4162a5d7aeedb836e8c60602acbcb01c680c29fa22f0569134dbc922c4
1,penultimate,M_ACB,M_AC,reverse_lineage,whitened_cca,penultimate__M_ACB__M_AC,1.4195460498155787e-07,1.489450897863454e-07,1.5143783607071338e-07,4.553805018430867,64,1.8172619050940217,1.1003968851169651e-14,6.743606119521982e-08,6.226357164476112e-08,7.396057644423148e-08,/Users/tinggong/Documents/Codex/2026-07-20/model-lineage-holonomy/work/TwistedMerge-model-lineage-holonomy/reports/tmp/model_lineage_holonomy/pilot/transport_maps_seed_1.npz,41fb2f4162a5d7aeedb836e8c60602acbcb01c680c29fa22f0569134dbc922c4
1,penultimate,M_BA,M_BAC,forward_lineage,whitened_cca,penultimate__M_BA__M_BAC,1.5839140148948846e-07,1.689484672408664e-07,1.7257342507553686e-07,15.24734851886839,64,4.5076462694384745,1.2642042437302822e-14,7.074402569705527e-08,6.419697390402811e-08,7.931483782403948e-08,/Users/tinggong/Documents/Codex/2026-07-20/model-lineage-holonomy/work/TwistedMerge-model-lineage-holonomy/reports/tmp/model_lineage_holonomy/pilot/transport_maps_seed_1.npz,41fb2f4162a5d7aeedb836e8c60602acbcb01c680c29fa22f0569134dbc922c4
1,penultimate,M_BAC,M_BA,reverse_lineage,whitened_cca,penultimate__M_BAC__M_BA,1.4373999841286372e-07,1.546364096381765e-07,1.55825027374517e-07,15.247348518868469,64,2.953411358552851,1.1910815452882505e-14,6.769546990099423e-08,6.342082048383722e-08,7.214554265292633e-08,/Users/tinggong/Documents/Codex/2026-07-20/model-lineage-holonomy/work/TwistedMerge-model-lineage-holonomy/reports/tmp/model_lineage_holonomy/pilot/transport_maps_seed_1.npz,41fb2f4162a5d7aeedb836e8c60602acbcb01c680c29fa22f0569134dbc922c4
1,penultimate,M_BC,M_BCA,forward_lineage,whitened_cca,penultimate__M_BC__M_BCA,1.421518140027714e-07,1.5449155731081187e-07,1.5399213981643472e-07,12.200518695378058,64,2.6549536632110864,1.1104771200846687e-14,6.747780273490357e-08,6.348601193748673e-08,7.299522251565855e-08,/Users/tinggong/Documents/Codex/2026-07-20/model-lineage-holonomy/work/TwistedMerge-model-lineage-holonomy/reports/tmp/model_lineage_holonomy/pilot/transport_maps_seed_1.npz,41fb2f4162a5d7aeedb836e8c60602acbcb01c680c29fa22f0569134dbc922c4
1,penultimate,M_BCA,M_BC,reverse_lineage,whitened_cca,penultimate__M_BCA__M_BC,1.5758060599097358e-07,1.684821782736157e-07,1.701651381986213e-07,12.200518695378122,64,3.872942328976636,1.2363466593852987e-14,7.14854663134358e-08,6.537278769632535e-08,7.769288549937995e-08,/Users/tinggong/Documents/Codex/2026-07-20/model-lineage-holonomy/work/TwistedMerge-model-lineage-holonomy/reports/tmp/model_lineage_holonomy/pilot/transport_maps_seed_1.npz,41fb2f4162a5d7aeedb836e8c60602acbcb01c680c29fa22f0569134dbc922c4
1,penultimate,M_CA,M_CAB,forward_lineage,whitened_cca,penultimate__M_CA__M_CAB,1.5322518255324748e-07,1.5976609840317917e-07,1.6341258667008908e-07,6.667114336103468,64,2.4121689881870183,1.1311783103479118e-14,7.53521256038562e-08,6.906331080049346e-08,8.423386398365064e-08,/Users/tinggong/Documents/Codex/2026-07-20/model-lineage-holonomy/work/TwistedMerge-model-lineage-holonomy/reports/tmp/model_lineage_holonomy/pilot/transport_maps_seed_1.npz,41fb2f4162a5d7aeedb836e8c60602acbcb01c680c29fa22f0569134dbc922c4
1,penultimate,M_CAB,M_CA,reverse_lineage,whitened_cca,penultimate__M_CAB__M_CA,1.4504040902426025e-07,1.5254887672501698e-07,1.547773255244404e-07,6.667114336103452,64,1.9970011586286063,1.079721590862272e-14,7.162478585882056e-08,6.603421477616575e-08,7.727321985915037e-08,/Users/tinggong/Documents/Codex/2026-07-20/model-lineage-holonomy/work/TwistedMerge-model-lineage-holonomy/reports/tmp/model_lineage_holonomy/pilot/transport_maps_seed_1.npz,41fb2f4162a5d7aeedb836e8c60602acbcb01c680c29fa22f0569134dbc922c4
1,penultimate,M_CB,M_CBA,forward_lineage,whitened_cca,penultimate__M_CB__M_CBA,1.4496161233669424e-07,1.534365292096749e-07,1.5574337570743597e-07,8.855233830310526,64,2.3274485624314925,1.345043697748907e-14,7.114242519884788e-08,6.535469364208835e-08,7.763644799805225e-08,/Users/tinggong/Documents/Codex/2026-07-20/model-lineage-holonomy/work/TwistedMerge-model-lineage-holonomy/reports/tmp/model_lineage_holonomy/pilot/transport_maps_seed_1.npz,41fb2f4162a5d7aeedb836e8c60602acbcb01c680c29fa22f0569134dbc922c4
1,penultimate,M_CBA,M_CB,reverse_lineage,whitened_cca,penultimate__M_CBA__M_CB,1.5403842304391034e-07,1.6173679521712778e-07,1.6597516512357196e-07,8.855233830310539,64,2.9939056477848194,1.4066847559311883e-14,7.517601328270747e-08,6.755511748367161e-08,8.448953577764764e-08,/Users/tinggong/Documents/Codex/2026-07-20/model-lineage-holonomy/work/TwistedMerge-model-lineage-holonomy/reports/tmp/model_lineage_holonomy/pilot/transport_maps_seed_1.npz,41fb2f4162a5d7aeedb836e8c60602acbcb01c680c29fa22f0569134dbc922c4
1,penultimate,M_AB,M_B,loop_closing,whitened_cca,penultimate__M_AB__M_B,1.386795433135684e-07,1.4570493071553882e-07,1.4945478451755396e-07,1.4947644988702191,64,0.4121266087497675,1.2140317777368973e-14,6.778406868492874e-08,6.22625894052535e-08,7.310115785603132e-08,/Users/tinggong/Documents/Codex/2026-07-20/model-lineage-holonomy/work/TwistedMerge-model-lineage-holonomy/reports/tmp/model_lineage_holonomy/pilot/transport_maps_seed_1.npz,41fb2f4162a5d7aeedb836e8c60602acbcb01c680c29fa22f0569134dbc922c4
1,penultimate,M_B,M_AB,loop_closing,whitened_cca,penultimate__M_B__M_AB,1.3819945639767693e-07,1.4545874811414718e-07,1.493625681294011e-07,1.4947644988702222,64,0.39736867632138584,1.2114755293390977e-14,6.782911663723948e-08,6.284042679934943e-08,7.276903756330796e-08,/Users/tinggong/Documents/Codex/2026-07-20/model-lineage-holonomy/work/TwistedMerge-model-lineage-holonomy/reports/tmp/model_lineage_holonomy/pilot/transport_maps_seed_1.npz,41fb2f4162a5d7aeedb836e8c60602acbcb01c680c29fa22f0569134dbc922c4
1,penultimate,M_AC,M_C,loop_closing,whitened_cca,penultimate__M_AC__M_C,1.358137092371119e-07,1.424399245720158e-07,1.447406778218315e-07,1.8616279664854176,64,0.641590433898939,1.1241798377229376e-14,6.387809194501701e-08,5.847134776790924e-08,6.90157174797861e-08,/Users/tinggong/Documents/Codex/2026-07-20/model-lineage-holonomy/work/TwistedMerge-model-lineage-holonomy/reports/tmp/model_lineage_holonomy/pilot/transport_maps_seed_1.npz,41fb2f4162a5d7aeedb836e8c60602acbcb01c680c29fa22f0569134dbc922c4
1,penultimate,M_C,M_AC,loop_closing,whitened_cca,penultimate__M_C__M_AC,1.3565410377772978e-07,1.431133838657922e-07,1.4520672770968984e-07,1.8616279664854303,64,0.6215682163787937,1.1159962070474697e-14,6.424664274995431e-08,6.001265793285523e-08,7.016681419963129e-08,/Users/tinggong/Documents/Codex/2026-07-20/model-lineage-holonomy/work/TwistedMerge-model-lineage-holonomy/reports/tmp/model_lineage_holonomy/pilot/transport_maps_seed_1.npz,41fb2f4162a5d7aeedb836e8c60602acbcb01c680c29fa22f0569134dbc922c4
1,penultimate,M_BC,M_C,loop_closing,whitened_cca,penultimate__M_BC__M_C,1.369592234062489e-07,1.450401335885997e-07,1.4674463465254998e-07,1.5255914007143216,64,0.4306501799974972,1.0998997170439247e-14,6.43809526822914e-08,5.9217984596523565e-08,6.957935406273463e-08,/Users/tinggong/Documents/Codex/2026-07-20/model-lineage-holonomy/work/TwistedMerge-model-lineage-holonomy/reports/tmp/model_lineage_holonomy/pilot/transport_maps_seed_1.npz,41fb2f4162a5d7aeedb836e8c60602acbcb01c680c29fa22f0569134dbc922c4
1,penultimate,M_C,M_BC,loop_closing,whitened_cca,penultimate__M_C__M_BC,1.363909935204038e-07,1.4437682797378918e-07,1.4620925216636621e-07,1.5255914007143252,64,0.4204686659451491,1.098845687448161e-14,6.423577899290174e-08,5.955839874723232e-08,6.911514136176687e-08,/Users/tinggong/Documents/Codex/2026-07-20/model-lineage-holonomy/work/TwistedMerge-model-lineage-holonomy/reports/tmp/model_lineage_holonomy/pilot/transport_maps_seed_1.npz,41fb2f4162a5d7aeedb836e8c60602acbcb01c680c29fa22f0569134dbc922c4
1,penultimate,M_ABC,M_BAC,same_depth_closing,whitened_cca,penultimate__M_ABC__M_BAC,1.3772083689756448e-07,1.4723248228153118e-07,1.4856826881623428e-07,1.5813377893418663,64,0.46443831957108495,1.1717423069830372e-14,6.564308328615921e-08,6.02403280424628e-08,7.057858266851222e-08,/Users/tinggong/Documents/Codex/2026-07-20/model-lineage-holonomy/work/TwistedMerge-model-lineage-holonomy/reports/tmp/model_lineage_holonomy/pilot/transport_maps_seed_1.npz,41fb2f4162a5d7aeedb836e8c60602acbcb01c680c29fa22f0569134dbc922c4
1,penultimate,M_BAC,M_ABC,same_depth_closing,whitened_cca,penultimate__M_BAC__M_ABC,1.3773252476199915e-07,1.4699862766208653e-07,1.485350306167211e-07,1.5813377893418687,64,0.4601552858145439,1.169949642695413e-14,6.574076096682474e-08,6.087400348291867e-08,7.081460231810435e-08,/Users/tinggong/Documents/Codex/2026-07-20/model-lineage-holonomy/work/TwistedMerge-model-lineage-holonomy/reports/tmp/model_lineage_holonomy/pilot/transport_maps_seed_1.npz,41fb2f4162a5d7aeedb836e8c60602acbcb01c680c29fa22f0569134dbc922c4
1,penultimate,M_ABC,M_ACB,same_depth_closing,whitened_cca,penultimate__M_ABC__M_ACB,1.399628976868691e-07,1.4823048824889753e-07,1.4902561401291985e-07,4.6805349495478135,64,1.5646794920188052,1.0723698524367958e-14,6.602187120163122e-08,6.108818419221432e-08,7.269284272828442e-08,/Users/tinggong/Documents/Codex/2026-07-20/model-lineage-holonomy/work/TwistedMerge-model-lineage-holonomy/reports/tmp/model_lineage_holonomy/pilot/transport_maps_seed_1.npz,41fb2f4162a5d7aeedb836e8c60602acbcb01c680c29fa22f0569134dbc922c4
1,penultimate,M_ACB,M_ABC,same_depth_closing,whitened_cca,penultimate__M_ACB__M_ABC,1.4254322858961965e-07,1.4974808012238943e-07,1.5212083908516439e-07,4.680534949547801,64,1.8496987763525876,1.0791114283565481e-14,6.746065073169878e-08,6.341520553132399e-08,7.291950084398839e-08,/Users/tinggong/Documents/Codex/2026-07-20/model-lineage-holonomy/work/TwistedMerge-model-lineage-holonomy/reports/tmp/model_lineage_holonomy/pilot/transport_maps_seed_1.npz,41fb2f4162a5d7aeedb836e8c60602acbcb01c680c29fa22f0569134dbc922c4
1,penultimate,M_ACB,M_CAB,same_depth_closing,whitened_cca,penultimate__M_ACB__M_CAB,1.4067953648384383e-07,1.4769263091635368e-07,1.5045149953505498e-07,1.4524095577638625,64,0.3737821243163798,1.1073466621652715e-14,6.911536056478975e-08,6.454322251333054e-08,7.422905436216134e-08,/Users/tinggong/Documents/Codex/2026-07-20/model-lineage-holonomy/work/TwistedMerge-model-lineage-holonomy/reports/tmp/model_lineage_holonomy/pilot/transport_maps_seed_1.npz,41fb2f4162a5d7aeedb836e8c60602acbcb01c680c29fa22f0569134dbc922c4
1,penultimate,M_CAB,M_ACB,same_depth_closing,whitened_cca,penultimate__M_CAB__M_ACB,1.4090771187694286e-07,1.4817221805068953e-07,1.5069659189570903e-07,1.452409557763862,64,0.37701264502676657,1.1070436905145706e-14,6.929735209383081e-08,6.292517393593186e-08,7.471803632618815e-08,/Users/tinggong/Documents/Codex/2026-07-20/model-lineage-holonomy/work/TwistedMerge-model-lineage-holonomy/reports/tmp/model_lineage_holonomy/pilot/transport_maps_seed_1.npz,41fb2f4162a5d7aeedb836e8c60602acbcb01c680c29fa22f0569134dbc922c4
1,penultimate,M_BAC,M_BCA,same_depth_closing,whitened_cca,penultimate__M_BAC__M_BCA,1.420790449666412e-07,1.526402343188044e-07,1.5363813272111111e-07,11.84648238844171,64,2.6392289473540536,1.1371583609454866e-14,6.840581489776569e-08,6.355606866749953e-08,7.396709075996654e-08,/Users/tinggong/Documents/Codex/2026-07-20/model-lineage-holonomy/work/TwistedMerge-model-lineage-holonomy/reports/tmp/model_lineage_holonomy/pilot/transport_maps_seed_1.npz,41fb2f4162a5d7aeedb836e8c60602acbcb01c680c29fa22f0569134dbc922c4
1,penultimate,M_BCA,M_BAC,same_depth_closing,whitened_cca,penultimate__M_BCA__M_BAC,1.5697502485800078e-07,1.6673121257619995e-07,1.695902128133859e-07,11.846482388441746,64,3.762801875028339,1.2113767959401419e-14,7.242127724152193e-08,6.578732261813281e-08,7.952769416958143e-08,/Users/tinggong/Documents/Codex/2026-07-20/model-lineage-holonomy/work/TwistedMerge-model-lineage-holonomy/reports/tmp/model_lineage_holonomy/pilot/transport_maps_seed_1.npz,41fb2f4162a5d7aeedb836e8c60602acbcb01c680c29fa22f0569134dbc922c4
1,penultimate,M_BCA,M_CBA,same_depth_closing,whitened_cca,penultimate__M_BCA__M_CBA,1.487186415109391e-07,1.5787767194183e-07,1.6016559972495785e-07,2.323655425648159,64,0.8571040822169828,1.1569393750601436e-14,8.240176944450752e-08,7.403468847266611e-08,9.025953639419524e-08,/Users/tinggong/Documents/Codex/2026-07-20/model-lineage-holonomy/work/TwistedMerge-model-lineage-holonomy/reports/tmp/model_lineage_holonomy/pilot/transport_maps_seed_1.npz,41fb2f4162a5d7aeedb836e8c60602acbcb01c680c29fa22f0569134dbc922c4
1,penultimate,M_CBA,M_BCA,same_depth_closing,whitened_cca,penultimate__M_CBA__M_BCA,1.4788216006951178e-07,1.5722980672161063e-07,1.5949300695566628e-07,2.3236554256481408,64,0.87972026764819,1.1557924411398011e-14,8.208841200317002e-08,7.419230221750668e-08,8.940521348256224e-08,/Users/tinggong/Documents/Codex/2026-07-20/model-lineage-holonomy/work/TwistedMerge-model-lineage-holonomy/reports/tmp/model_lineage_holonomy/pilot/transport_maps_seed_1.npz,41fb2f4162a5d7aeedb836e8c60602acbcb01c680c29fa22f0569134dbc922c4
1,penultimate,M_CAB,M_CBA,same_depth_closing,whitened_cca,penultimate__M_CAB__M_CBA,1.4573459384705815e-07,1.5410805488017664e-07,1.5627013287367993e-07,8.377346707875972,64,2.245973060752318,1.1847653767937467e-14,7.160054072284964e-08,6.632885388513305e-08,7.750016255820246e-08,/Users/tinggong/Documents/Codex/2026-07-20/model-lineage-holonomy/work/TwistedMerge-model-lineage-holonomy/reports/tmp/model_lineage_holonomy/pilot/transport_maps_seed_1.npz,41fb2f4162a5d7aeedb836e8c60602acbcb01c680c29fa22f0569134dbc922c4
1,penultimate,M_CBA,M_CAB,same_depth_closing,whitened_cca,penultimate__M_CBA__M_CAB,1.5428676171266355e-07,1.610971285183454e-07,1.6517427559068413e-07,8.377346707876043,64,2.89260648699034,1.2435381575378288e-14,7.518159096556446e-08,6.886844785985622e-08,8.15261827791501e-08,/Users/tinggong/Documents/Codex/2026-07-20/model-lineage-holonomy/work/TwistedMerge-model-lineage-holonomy/reports/tmp/model_lineage_holonomy/pilot/transport_maps_seed_1.npz,41fb2f4162a5d7aeedb836e8c60602acbcb01c680c29fa22f0569134dbc922c4
1,penultimate,M_AB,M_BA,same_depth_closing,whitened_cca,penultimate__M_AB__M_BA,1.4591505506526983e-07,1.5229665318819578e-07,1.5472684698454039e-07,8.219407647823823,64,2.2624371116680337,1.147919039948577e-14,7.222278246386236e-08,6.671837182024808e-08,8.010049697889919e-08,/Users/tinggong/Documents/Codex/2026-07-20/model-lineage-holonomy/work/TwistedMerge-model-lineage-holonomy/reports/tmp/model_lineage_holonomy/pilot/transport_maps_seed_1.npz,41fb2f4162a5d7aeedb836e8c60602acbcb01c680c29fa22f0569134dbc922c4
1,penultimate,M_BA,M_AB,same_depth_closing,whitened_cca,penultimate__M_BA__M_AB,1.5500352576675746e-07,1.603944511763034e-07,1.6438337408504632e-07,8.219407647823802,64,2.802761183360035,1.2032525967929999e-14,7.581198076174391e-08,6.824718505161216e-08,8.337383582304806e-08,/Users/tinggong/Documents/Codex/2026-07-20/model-lineage-holonomy/work/TwistedMerge-model-lineage-holonomy/reports/tmp/model_lineage_holonomy/pilot/transport_maps_seed_1.npz,41fb2f4162a5d7aeedb836e8c60602acbcb01c680c29fa22f0569134dbc922c4
1,penultimate,M_AC,M_CA,same_depth_closing,whitened_cca,penultimate__M_AC__M_CA,1.414952278314752e-07,1.4932904341467485e-07,1.5051160641518433e-07,10.856878482568975,64,2.5716409896371193,1.1303143540424983e-14,6.833997351268551e-08,6.263341637031438e-08,7.419210914505993e-08,/Users/tinggong/Documents/Codex/2026-07-20/model-lineage-holonomy/work/TwistedMerge-model-lineage-holonomy/reports/tmp/model_lineage_holonomy/pilot/transport_maps_seed_1.npz,41fb2f4162a5d7aeedb836e8c60602acbcb01c680c29fa22f0569134dbc922c4
1,penultimate,M_CA,M_AC,same_depth_closing,whitened_cca,penultimate__M_CA__M_AC,1.5546350378177157e-07,1.6102262503660227e-07,1.661141873150374e-07,10.85687848256901,64,3.4798737555642,1.1721226318495879e-14,7.202524584561615e-08,6.598775045644792e-08,7.803283249441486e-08,/Users/tinggong/Documents/Codex/2026-07-20/model-lineage-holonomy/work/TwistedMerge-model-lineage-holonomy/reports/tmp/model_lineage_holonomy/pilot/transport_maps_seed_1.npz,41fb2f4162a5d7aeedb836e8c60602acbcb01c680c29fa22f0569134dbc922c4
1,penultimate,M_BC,M_CB,same_depth_closing,whitened_cca,penultimate__M_BC__M_CB,1.3947669035933677e-07,1.4806678238666088e-07,1.507012146631219e-07,4.200132830867071,64,1.435607057361846,1.262756083200878e-14,6.596525444634649e-08,6.067727209124844e-08,7.026502202617864e-08,/Users/tinggong/Documents/Codex/2026-07-20/model-lineage-holonomy/work/TwistedMerge-model-lineage-holonomy/reports/tmp/model_lineage_holonomy/pilot/transport_maps_seed_1.npz,41fb2f4162a5d7aeedb836e8c60602acbcb01c680c29fa22f0569134dbc922c4
1,penultimate,M_CB,M_BC,same_depth_closing,whitened_cca,penultimate__M_CB__M_BC,1.416261966275885e-07,1.4953875472694406e-07,1.5303339305478714e-07,4.200132830867146,64,1.6983899087168024,1.3121205893014055e-14,6.665194217675866e-08,6.088841240297723e-08,7.159072014097111e-08,/Users/tinggong/Documents/Codex/2026-07-20/model-lineage-holonomy/work/TwistedMerge-model-lineage-holonomy/reports/tmp/model_lineage_holonomy/pilot/transport_maps_seed_1.npz,41fb2f4162a5d7aeedb836e8c60602acbcb01c680c29fa22f0569134dbc922c4
1,penultimate,M_A,M_B,same_depth_closing,whitened_cca,penultimate__M_A__M_B,1.4985730381942693e-07,1.5724322039172336e-07,1.6147164953744574e-07,7.909054267916433,64,2.828343433857481,1.2141494959472407e-14,7.16679143526449e-08,6.447873443439643e-08,7.788578474374286e-08,/Users/tinggong/Documents/Codex/2026-07-20/model-lineage-holonomy/work/TwistedMerge-model-lineage-holonomy/reports/tmp/model_lineage_holonomy/pilot/transport_maps_seed_1.npz,41fb2f4162a5d7aeedb836e8c60602acbcb01c680c29fa22f0569134dbc922c4
1,penultimate,M_B,M_A,same_depth_closing,whitened_cca,penultimate__M_B__M_A,1.4093634794802503e-07,1.48700234642129e-07,1.5163210158518202e-07,7.909054267916464,64,2.1339316728775266,1.2014908156311246e-14,6.786322482883207e-08,6.300222885276481e-08,7.401490468402994e-08,/Users/tinggong/Documents/Codex/2026-07-20/model-lineage-holonomy/work/TwistedMerge-model-lineage-holonomy/reports/tmp/model_lineage_holonomy/pilot/transport_maps_seed_1.npz,41fb2f4162a5d7aeedb836e8c60602acbcb01c680c29fa22f0569134dbc922c4
1,penultimate,M_A,M_C,same_depth_closing,whitened_cca,penultimate__M_A__M_C,1.5656031728647242e-07,1.650039025961515e-07,1.686754453623055e-07,15.399811241706328,64,4.675513671107236,1.2080979818846988e-14,6.778702769888564e-08,6.183837754020215e-08,7.677559946048134e-08,/Users/tinggong/Documents/Codex/2026-07-20/model-lineage-holonomy/work/TwistedMerge-model-lineage-holonomy/reports/tmp/model_lineage_holonomy/pilot/transport_maps_seed_1.npz,41fb2f4162a5d7aeedb836e8c60602acbcb01c680c29fa22f0569134dbc922c4
1,penultimate,M_C,M_A,same_depth_closing,whitened_cca,penultimate__M_C__M_A,1.4180653895298598e-07,1.506612444731232e-07,1.5078953126861795e-07,15.399811241706301,64,2.879843381866022,1.1573918896165815e-14,6.524239705756333e-08,6.03306623233787e-08,7.109282935890262e-08,/Users/tinggong/Documents/Codex/2026-07-20/model-lineage-holonomy/work/TwistedMerge-model-lineage-holonomy/reports/tmp/model_lineage_holonomy/pilot/transport_maps_seed_1.npz,41fb2f4162a5d7aeedb836e8c60602acbcb01c680c29fa22f0569134dbc922c4
1,penultimate,M_B,M_C,same_depth_closing,whitened_cca,penultimate__M_B__M_C,1.4111207059421647e-07,1.4766784848525483e-07,1.503876018192192e-07,5.510341497378635,64,2.1686140327855306,1.2292239260217533e-14,6.398061112850189e-08,5.989359121825878e-08,6.882940651328642e-08,/Users/tinggong/Documents/Codex/2026-07-20/model-lineage-holonomy/work/TwistedMerge-model-lineage-holonomy/reports/tmp/model_lineage_holonomy/pilot/transport_maps_seed_1.npz,41fb2f4162a5d7aeedb836e8c60602acbcb01c680c29fa22f0569134dbc922c4
1,penultimate,M_C,M_B,same_depth_closing,whitened_cca,penultimate__M_C__M_B,1.3843528993692535e-07,1.454951045677384e-07,1.4767308565118198e-07,5.510341497378643,64,1.7023861310953372,1.2008847474235789e-14,6.333680339596734e-08,5.85367113937095e-08,6.838601057341782e-08,/Users/tinggong/Documents/Codex/2026-07-20/model-lineage-holonomy/work/TwistedMerge-model-lineage-holonomy/reports/tmp/model_lineage_holonomy/pilot/transport_maps_seed_1.npz,41fb2f4162a5d7aeedb836e8c60602acbcb01c680c29fa22f0569134dbc922c4
2,early,M0,M_A,forward_lineage,orthogonal_procrustes,early__M0__M_A,3.551912222942939e-15,3.551977276745266e-15,3.56364106199874e-15,1.000000000000001,32,9.992007221626409e-16,5.02275342940024e-15,3.2183749089367754e-15,2.7884435013163578e-15,3.8255727334301485e-15,/Users/tinggong/Documents/Codex/2026-07-20/model-lineage-holonomy/work/TwistedMerge-model-lineage-holonomy/reports/tmp/model_lineage_holonomy/pilot/transport_maps_seed_2.npz,111d27921717363e48131a0baa031d568e6feeaa274ea1bfb6ddd0b18e52780f
2,early,M_A,M0,reverse_lineage,orthogonal_procrustes,early__M_A__M0,3.551912222942939e-15,3.551977276745266e-15,3.56364106199874e-15,1.000000000000001,32,9.992007221626409e-16,5.02275342940024e-15,3.2183749089367754e-15,2.7884435013163578e-15,3.8255727334301485e-15,/Users/tinggong/Documents/Codex/2026-07-20/model-lineage-holonomy/work/TwistedMerge-model-lineage-holonomy/reports/tmp/model_lineage_holonomy/pilot/transport_maps_seed_2.npz,111d27921717363e48131a0baa031d568e6feeaa274ea1bfb6ddd0b18e52780f
2,early,M0,M_B,forward_lineage,orthogonal_procrustes,early__M0__M_B,3.551912222942939e-15,3.551977276745266e-15,3.56364106199874e-15,1.000000000000001,32,9.992007221626409e-16,5.02275342940024e-15,3.2183749089367754e-15,2.7884435013163578e-15,3.8255727334301485e-15,/Users/tinggong/Documents/Codex/2026-07-20/model-lineage-holonomy/work/TwistedMerge-model-lineage-holonomy/reports/tmp/model_lineage_holonomy/pilot/transport_maps_seed_2.npz,111d27921717363e48131a0baa031d568e6feeaa274ea1bfb6ddd0b18e52780f
2,early,M_B,M0,reverse_lineage,orthogonal_procrustes,early__M_B__M0,3.551912222942939e-15,3.551977276745266e-15,3.56364106199874e-15,1.000000000000001,32,9.992007221626409e-16,5.02275342940024e-15,3.2183749089367754e-15,2.7884435013163578e-15,3.8255727334301485e-15,/Users/tinggong/Documents/Codex/2026-07-20/model-lineage-holonomy/work/TwistedMerge-model-lineage-holonomy/reports/tmp/model_lineage_holonomy/pilot/transport_maps_seed_2.npz,111d27921717363e48131a0baa031d568e6feeaa274ea1bfb6ddd0b18e52780f
2,early,M0,M_C,forward_lineage,orthogonal_procrustes,early__M0__M_C,3.551912222942939e-15,3.551977276745266e-15,3.56364106199874e-15,1.000000000000001,32,9.992007221626409e-16,5.02275342940024e-15,3.2183749089367754e-15,2.7884435013163578e-15,3.8255727334301485e-15,/Users/tinggong/Documents/Codex/2026-07-20/model-lineage-holonomy/work/TwistedMerge-model-lineage-holonomy/reports/tmp/model_lineage_holonomy/pilot/transport_maps_seed_2.npz,111d27921717363e48131a0baa031d568e6feeaa274ea1bfb6ddd0b18e52780f
2,early,M_C,M0,reverse_lineage,orthogonal_procrustes,early__M_C__M0,3.551912222942939e-15,3.551977276745266e-15,3.56364106199874e-15,1.000000000000001,32,9.992007221626409e-16,5.02275342940024e-15,3.2183749089367754e-15,2.7884435013163578e-15,3.8255727334301485e-15,/Users/tinggong/Documents/Codex/2026-07-20/model-lineage-holonomy/work/TwistedMerge-model-lineage-holonomy/reports/tmp/model_lineage_holonomy/pilot/transport_maps_seed_2.npz,111d27921717363e48131a0baa031d568e6feeaa274ea1bfb6ddd0b18e52780f
2,early,M_A,M_AB,forward_lineage,orthogonal_procrustes,early__M_A__M_AB,3.551912222942939e-15,3.551977276745266e-15,3.56364106199874e-15,1.000000000000001,32,9.992007221626409e-16,5.02275342940024e-15,3.2183749089367754e-15,2.7884435013163578e-15,3.8255727334301485e-15,/Users/tinggong/Documents/Codex/2026-07-20/model-lineage-holonomy/work/TwistedMerge-model-lineage-holonomy/reports/tmp/model_lineage_holonomy/pilot/transport_maps_seed_2.npz,111d27921717363e48131a0baa031d568e6feeaa274ea1bfb6ddd0b18e52780f
2,early,M_AB,M_A,reverse_lineage,orthogonal_procrustes,early__M_AB__M_A,3.551912222942939e-15,3.551977276745266e-15,3.56364106199874e-15,1.000000000000001,32,9.992007221626409e-16,5.02275342940024e-15,3.2183749089367754e-15,2.7884435013163578e-15,3.8255727334301485e-15,/Users/tinggong/Documents/Codex/2026-07-20/model-lineage-holonomy/work/TwistedMerge-model-lineage-holonomy/reports/tmp/model_lineage_holonomy/pilot/transport_maps_seed_2.npz,111d27921717363e48131a0baa031d568e6feeaa274ea1bfb6ddd0b18e52780f
2,early,M_A,M_AC,forward_lineage,orthogonal_procrustes,early__M_A__M_AC,3.551912222942939e-15,3.551977276745266e-15,3.56364106199874e-15,1.000000000000001,32,9.992007221626409e-16,5.02275342940024e-15,3.2183749089367754e-15,2.7884435013163578e-15,3.8255727334301485e-15,/Users/tinggong/Documents/Codex/2026-07-20/model-lineage-holonomy/work/TwistedMerge-model-lineage-holonomy/reports/tmp/model_lineage_holonomy/pilot/transport_maps_seed_2.npz,111d27921717363e48131a0baa031d568e6feeaa274ea1bfb6ddd0b18e52780f
2,early,M_AC,M_A,reverse_lineage,orthogonal_procrustes,early__M_AC__M_A,3.551912222942939e-15,3.551977276745266e-15,3.56364106199874e-15,1.000000000000001,32,9.992007221626409e-16,5.02275342940024e-15,3.2183749089367754e-15,2.7884435013163578e-15,3.8255727334301485e-15,/Users/tinggong/Documents/Codex/2026-07-20/model-lineage-holonomy/work/TwistedMerge-model-lineage-holonomy/reports/tmp/model_lineage_holonomy/pilot/transport_maps_seed_2.npz,111d27921717363e48131a0baa031d568e6feeaa274ea1bfb6ddd0b18e52780f
2,early,M_B,M_BA,forward_lineage,orthogonal_procrustes,early__M_B__M_BA,3.551912222942939e-15,3.551977276745266e-15,3.56364106199874e-15,1.000000000000001,32,9.992007221626409e-16,5.02275342940024e-15,3.2183749089367754e-15,2.7884435013163578e-15,3.8255727334301485e-15,/Users/tinggong/Documents/Codex/2026-07-20/model-lineage-holonomy/work/TwistedMerge-model-lineage-holonomy/reports/tmp/model_lineage_holonomy/pilot/transport_maps_seed_2.npz,111d27921717363e48131a0baa031d568e6feeaa274ea1bfb6ddd0b18e52780f
2,early,M_BA,M_B,reverse_lineage,orthogonal_procrustes,early__M_BA__M_B,3.551912222942939e-15,3.551977276745266e-15,3.56364106199874e-15,1.000000000000001,32,9.992007221626409e-16,5.02275342940024e-15,3.2183749089367754e-15,2.7884435013163578e-15,3.8255727334301485e-15,/Users/tinggong/Documents/Codex/2026-07-20/model-lineage-holonomy/work/TwistedMerge-model-lineage-holonomy/reports/tmp/model_lineage_holonomy/pilot/transport_maps_seed_2.npz,111d27921717363e48131a0baa031d568e6feeaa274ea1bfb6ddd0b18e52780f
2,early,M_B,M_BC,forward_lineage,orthogonal_procrustes,early__M_B__M_BC,3.551912222942939e-15,3.551977276745266e-15,3.56364106199874e-15,1.000000000000001,32,9.992007221626409e-16,5.02275342940024e-15,3.2183749089367754e-15,2.7884435013163578e-15,3.8255727334301485e-15,/Users/tinggong/Documents/Codex/2026-07-20/model-lineage-holonomy/work/TwistedMerge-model-lineage-holonomy/reports/tmp/model_lineage_holonomy/pilot/transport_maps_seed_2.npz,111d27921717363e48131a0baa031d568e6feeaa274ea1bfb6ddd0b18e52780f
2,early,M_BC,M_B,reverse_lineage,orthogonal_procrustes,early__M_BC__M_B,3.551912222942939e-15,3.551977276745266e-15,3.56364106199874e-15,1.000000000000001,32,9.992007221626409e-16,5.02275342940024e-15,3.2183749089367754e-15,2.7884435013163578e-15,3.8255727334301485e-15,/Users/tinggong/Documents/Codex/2026-07-20/model-lineage-holonomy/work/TwistedMerge-model-lineage-holonomy/reports/tmp/model_lineage_holonomy/pilot/transport_maps_seed_2.npz,111d27921717363e48131a0baa031d568e6feeaa274ea1bfb6ddd0b18e52780f
2,early,M_C,M_CA,forward_lineage,orthogonal_procrustes,early__M_C__M_CA,3.551912222942939e-15,3.551977276745266e-15,3.56364106199874e-15,1.000000000000001,32,9.992007221626409e-16,5.02275342940024e-15,3.2183749089367754e-15,2.7884435013163578e-15,3.8255727334301485e-15,/Users/tinggong/Documents/Codex/2026-07-20/model-lineage-holonomy/work/TwistedMerge-model-lineage-holonomy/reports/tmp/model_lineage_holonomy/pilot/transport_maps_seed_2.npz,111d27921717363e48131a0baa031d568e6feeaa274ea1bfb6ddd0b18e52780f
2,early,M_CA,M_C,reverse_lineage,orthogonal_procrustes,early__M_CA__M_C,3.551912222942939e-15,3.551977276745266e-15,3.56364106199874e-15,1.000000000000001,32,9.992007221626409e-16,5.02275342940024e-15,3.2183749089367754e-15,2.7884435013163578e-15,3.8255727334301485e-15,/Users/tinggong/Documents/Codex/2026-07-20/model-lineage-holonomy/work/TwistedMerge-model-lineage-holonomy/reports/tmp/model_lineage_holonomy/pilot/transport_maps_seed_2.npz,111d27921717363e48131a0baa031d568e6feeaa274ea1bfb6ddd0b18e52780f
2,early,M_C,M_CB,forward_lineage,orthogonal_procrustes,early__M_C__M_CB,3.551912222942939e-15,3.551977276745266e-15,3.56364106199874e-15,1.000000000000001,32,9.992007221626409e-16,5.02275342940024e-15,3.2183749089367754e-15,2.7884435013163578e-15,3.8255727334301485e-15,/Users/tinggong/Documents/Codex/2026-07-20/model-lineage-holonomy/work/TwistedMerge-model-lineage-holonomy/reports/tmp/model_lineage_holonomy/pilot/transport_maps_seed_2.npz,111d27921717363e48131a0baa031d568e6feeaa274ea1bfb6ddd0b18e52780f
2,early,M_CB,M_C,reverse_lineage,orthogonal_procrustes,early__M_CB__M_C,3.551912222942939e-15,3.551977276745266e-15,3.56364106199874e-15,1.000000000000001,32,9.992007221626409e-16,5.02275342940024e-15,3.2183749089367754e-15,2.7884435013163578e-15,3.8255727334301485e-15,/Users/tinggong/Documents/Codex/2026-07-20/model-lineage-holonomy/work/TwistedMerge-model-lineage-holonomy/reports/tmp/model_lineage_holonomy/pilot/transport_maps_seed_2.npz,111d27921717363e48131a0baa031d568e6feeaa274ea1bfb6ddd0b18e52780f
2,early,M_AB,M_ABC,forward_lineage,orthogonal_procrustes,early__M_AB__M_ABC,3.551912222942939e-15,3.551977276745266e-15,3.56364106199874e-15,1.000000000000001,32,9.992007221626409e-16,5.02275342940024e-15,3.2183749089367754e-15,2.7884435013163578e-15,3.8255727334301485e-15,/Users/tinggong/Documents/Codex/2026-07-20/model-lineage-holonomy/work/TwistedMerge-model-lineage-holonomy/reports/tmp/model_lineage_holonomy/pilot/transport_maps_seed_2.npz,111d27921717363e48131a0baa031d568e6feeaa274ea1bfb6ddd0b18e52780f
2,early,M_ABC,M_AB,reverse_lineage,orthogonal_procrustes,early__M_ABC__M_AB,3.551912222942939e-15,3.551977276745266e-15,3.56364106199874e-15,1.000000000000001,32,9.992007221626409e-16,5.02275342940024e-15,3.2183749089367754e-15,2.7884435013163578e-15,3.8255727334301485e-15,/Users/tinggong/Documents/Codex/2026-07-20/model-lineage-holonomy/work/TwistedMerge-model-lineage-holonomy/reports/tmp/model_lineage_holonomy/pilot/transport_maps_seed_2.npz,111d27921717363e48131a0baa031d568e6feeaa274ea1bfb6ddd0b18e52780f
2,early,M_AC,M_ACB,forward_lineage,orthogonal_procrustes,early__M_AC__M_ACB,3.551912222942939e-15,3.551977276745266e-15,3.56364106199874e-15,1.000000000000001,32,9.992007221626409e-16,5.02275342940024e-15,3.2183749089367754e-15,2.7884435013163578e-15,3.8255727334301485e-15,/Users/tinggong/Documents/Codex/2026-07-20/model-lineage-holonomy/work/TwistedMerge-model-lineage-holonomy/reports/tmp/model_lineage_holonomy/pilot/transport_maps_seed_2.npz,111d27921717363e48131a0baa031d568e6feeaa274ea1bfb6ddd0b18e52780f
2,early,M_ACB,M_AC,reverse_lineage,orthogonal_procrustes,early__M_ACB__M_AC,3.551912222942939e-15,3.551977276745266e-15,3.56364106199874e-15,1.000000000000001,32,9.992007221626409e-16,5.02275342940024e-15,3.2183749089367754e-15,2.7884435013163578e-15,3.8255727334301485e-15,/Users/tinggong/Documents/Codex/2026-07-20/model-lineage-holonomy/work/TwistedMerge-model-lineage-holonomy/reports/tmp/model_lineage_holonomy/pilot/transport_maps_seed_2.npz,111d27921717363e48131a0baa031d568e6feeaa274ea1bfb6ddd0b18e52780f
2,early,M_BA,M_BAC,forward_lineage,orthogonal_procrustes,early__M_BA__M_BAC,3.551912222942939e-15,3.551977276745266e-15,3.56364106199874e-15,1.000000000000001,32,9.992007221626409e-16,5.02275342940024e-15,3.2183749089367754e-15,2.7884435013163578e-15,3.8255727334301485e-15,/Users/tinggong/Documents/Codex/2026-07-20/model-lineage-holonomy/work/TwistedMerge-model-lineage-holonomy/reports/tmp/model_lineage_holonomy/pilot/transport_maps_seed_2.npz,111d27921717363e48131a0baa031d568e6feeaa274ea1bfb6ddd0b18e52780f
2,early,M_BAC,M_BA,reverse_lineage,orthogonal_procrustes,early__M_BAC__M_BA,3.551912222942939e-15,3.551977276745266e-15,3.56364106199874e-15,1.000000000000001,32,9.992007221626409e-16,5.02275342940024e-15,3.2183749089367754e-15,2.7884435013163578e-15,3.8255727334301485e-15,/Users/tinggong/Documents/Codex/2026-07-20/model-lineage-holonomy/work/TwistedMerge-model-lineage-holonomy/reports/tmp/model_lineage_holonomy/pilot/transport_maps_seed_2.npz,111d27921717363e48131a0baa031d568e6feeaa274ea1bfb6ddd0b18e52780f
2,early,M_BC,M_BCA,forward_lineage,orthogonal_procrustes,early__M_BC__M_BCA,3.551912222942939e-15,3.551977276745266e-15,3.56364106199874e-15,1.000000000000001,32,9.992007221626409e-16,5.02275342940024e-15,3.2183749089367754e-15,2.7884435013163578e-15,3.8255727334301485e-15,/Users/tinggong/Documents/Codex/2026-07-20/model-lineage-holonomy/work/TwistedMerge-model-lineage-holonomy/reports/tmp/model_lineage_holonomy/pilot/transport_maps_seed_2.npz,111d27921717363e48131a0baa031d568e6feeaa274ea1bfb6ddd0b18e52780f
2,early,M_BCA,M_BC,reverse_lineage,orthogonal_procrustes,early__M_BCA__M_BC,3.551912222942939e-15,3.551977276745266e-15,3.56364106199874e-15,1.000000000000001,32,9.992007221626409e-16,5.02275342940024e-15,3.2183749089367754e-15,2.7884435013163578e-15,3.8255727334301485e-15,/Users/tinggong/Documents/Codex/2026-07-20/model-lineage-holonomy/work/TwistedMerge-model-lineage-holonomy/reports/tmp/model_lineage_holonomy/pilot/transport_maps_seed_2.npz,111d27921717363e48131a0baa031d568e6feeaa274ea1bfb6ddd0b18e52780f
2,early,M_CA,M_CAB,forward_lineage,orthogonal_procrustes,early__M_CA__M_CAB,3.551912222942939e-15,3.551977276745266e-15,3.56364106199874e-15,1.000000000000001,32,9.992007221626409e-16,5.02275342940024e-15,3.2183749089367754e-15,2.7884435013163578e-15,3.8255727334301485e-15,/Users/tinggong/Documents/Codex/2026-07-20/model-lineage-holonomy/work/TwistedMerge-model-lineage-holonomy/reports/tmp/model_lineage_holonomy/pilot/transport_maps_seed_2.npz,111d27921717363e48131a0baa031d568e6feeaa274ea1bfb6ddd0b18e52780f
2,early,M_CAB,M_CA,reverse_lineage,orthogonal_procrustes,early__M_CAB__M_CA,3.551912222942939e-15,3.551977276745266e-15,3.56364106199874e-15,1.000000000000001,32,9.992007221626409e-16,5.02275342940024e-15,3.2183749089367754e-15,2.7884435013163578e-15,3.8255727334301485e-15,/Users/tinggong/Documents/Codex/2026-07-20/model-lineage-holonomy/work/TwistedMerge-model-lineage-holonomy/reports/tmp/model_lineage_holonomy/pilot/transport_maps_seed_2.npz,111d27921717363e48131a0baa031d568e6feeaa274ea1bfb6ddd0b18e52780f
2,early,M_CB,M_CBA,forward_lineage,orthogonal_procrustes,early__M_CB__M_CBA,3.551912222942939e-15,3.551977276745266e-15,3.56364106199874e-15,1.000000000000001,32,9.992007221626409e-16,5.02275342940024e-15,3.2183749089367754e-15,2.7884435013163578e-15,3.8255727334301485e-15,/Users/tinggong/Documents/Codex/2026-07-20/model-lineage-holonomy/work/TwistedMerge-model-lineage-holonomy/reports/tmp/model_lineage_holonomy/pilot/transport_maps_seed_2.npz,111d27921717363e48131a0baa031d568e6feeaa274ea1bfb6ddd0b18e52780f
2,early,M_CBA,M_CB,reverse_lineage,orthogonal_procrustes,early__M_CBA__M_CB,3.551912222942939e-15,3.551977276745266e-15,3.56364106199874e-15,1.000000000000001,32,9.992007221626409e-16,5.02275342940024e-15,3.2183749089367754e-15,2.7884435013163578e-15,3.8255727334301485e-15,/Users/tinggong/Documents/Codex/2026-07-20/model-lineage-holonomy/work/TwistedMerge-model-lineage-holonomy/reports/tmp/model_lineage_holonomy/pilot/transport_maps_seed_2.npz,111d27921717363e48131a0baa031d568e6feeaa274ea1bfb6ddd0b18e52780f
2,early,M_AB,M_B,loop_closing,orthogonal_procrustes,early__M_AB__M_B,3.551912222942939e-15,3.551977276745266e-15,3.56364106199874e-15,1.000000000000001,32,9.992007221626409e-16,5.02275342940024e-15,3.2183749089367754e-15,2.7884435013163578e-15,3.8255727334301485e-15,/Users/tinggong/Documents/Codex/2026-07-20/model-lineage-holonomy/work/TwistedMerge-model-lineage-holonomy/reports/tmp/model_lineage_holonomy/pilot/transport_maps_seed_2.npz,111d27921717363e48131a0baa031d568e6feeaa274ea1bfb6ddd0b18e52780f
2,early,M_B,M_AB,loop_closing,orthogonal_procrustes,early__M_B__M_AB,3.551912222942939e-15,3.551977276745266e-15,3.56364106199874e-15,1.000000000000001,32,9.992007221626409e-16,5.02275342940024e-15,3.2183749089367754e-15,2.7884435013163578e-15,3.8255727334301485e-15,/Users/tinggong/Documents/Codex/2026-07-20/model-lineage-holonomy/work/TwistedMerge-model-lineage-holonomy/reports/tmp/model_lineage_holonomy/pilot/transport_maps_seed_2.npz,111d27921717363e48131a0baa031d568e6feeaa274ea1bfb6ddd0b18e52780f
2,early,M_AC,M_C,loop_closing,orthogonal_procrustes,early__M_AC__M_C,3.551912222942939e-15,3.551977276745266e-15,3.56364106199874e-15,1.000000000000001,32,9.992007221626409e-16,5.02275342940024e-15,3.2183749089367754e-15,2.7884435013163578e-15,3.8255727334301485e-15,/Users/tinggong/Documents/Codex/2026-07-20/model-lineage-holonomy/work/TwistedMerge-model-lineage-holonomy/reports/tmp/model_lineage_holonomy/pilot/transport_maps_seed_2.npz,111d27921717363e48131a0baa031d568e6feeaa274ea1bfb6ddd0b18e52780f
2,early,M_C,M_AC,loop_closing,orthogonal_procrustes,early__M_C__M_AC,3.551912222942939e-15,3.551977276745266e-15,3.56364106199874e-15,1.000000000000001,32,9.992007221626409e-16,5.02275342940024e-15,3.2183749089367754e-15,2.7884435013163578e-15,3.8255727334301485e-15,/Users/tinggong/Documents/Codex/2026-07-20/model-lineage-holonomy/work/TwistedMerge-model-lineage-holonomy/reports/tmp/model_lineage_holonomy/pilot/transport_maps_seed_2.npz,111d27921717363e48131a0baa031d568e6feeaa274ea1bfb6ddd0b18e52780f
2,early,M_BC,M_C,loop_closing,orthogonal_procrustes,early__M_BC__M_C,3.551912222942939e-15,3.551977276745266e-15,3.56364106199874e-15,1.000000000000001,32,9.992007221626409e-16,5.02275342940024e-15,3.2183749089367754e-15,2.7884435013163578e-15,3.8255727334301485e-15,/Users/tinggong/Documents/Codex/2026-07-20/model-lineage-holonomy/work/TwistedMerge-model-lineage-holonomy/reports/tmp/model_lineage_holonomy/pilot/transport_maps_seed_2.npz,111d27921717363e48131a0baa031d568e6feeaa274ea1bfb6ddd0b18e52780f
2,early,M_C,M_BC,loop_closing,orthogonal_procrustes,early__M_C__M_BC,3.551912222942939e-15,3.551977276745266e-15,3.56364106199874e-15,1.000000000000001,32,9.992007221626409e-16,5.02275342940024e-15,3.2183749089367754e-15,2.7884435013163578e-15,3.8255727334301485e-15,/Users/tinggong/Documents/Codex/2026-07-20/model-lineage-holonomy/work/TwistedMerge-model-lineage-holonomy/reports/tmp/model_lineage_holonomy/pilot/transport_maps_seed_2.npz,111d27921717363e48131a0baa031d568e6feeaa274ea1bfb6ddd0b18e52780f
2,early,M_ABC,M_BAC,same_depth_closing,orthogonal_procrustes,early__M_ABC__M_BAC,3.551912222942939e-15,3.551977276745266e-15,3.56364106199874e-15,1.000000000000001,32,9.992007221626409e-16,5.02275342940024e-15,3.2183749089367754e-15,2.7884435013163578e-15,3.8255727334301485e-15,/Users/tinggong/Documents/Codex/2026-07-20/model-lineage-holonomy/work/TwistedMerge-model-lineage-holonomy/reports/tmp/model_lineage_holonomy/pilot/transport_maps_seed_2.npz,111d27921717363e48131a0baa031d568e6feeaa274ea1bfb6ddd0b18e52780f
2,early,M_BAC,M_ABC,same_depth_closing,orthogonal_procrustes,early__M_BAC__M_ABC,3.551912222942939e-15,3.551977276745266e-15,3.56364106199874e-15,1.000000000000001,32,9.992007221626409e-16,5.02275342940024e-15,3.2183749089367754e-15,2.7884435013163578e-15,3.8255727334301485e-15,/Users/tinggong/Documents/Codex/2026-07-20/model-lineage-holonomy/work/TwistedMerge-model-lineage-holonomy/reports/tmp/model_lineage_holonomy/pilot/transport_maps_seed_2.npz,111d27921717363e48131a0baa031d568e6feeaa274ea1bfb6ddd0b18e52780f
2,early,M_ABC,M_ACB,same_depth_closing,orthogonal_procrustes,early__M_ABC__M_ACB,3.551912222942939e-15,3.551977276745266e-15,3.56364106199874e-15,1.000000000000001,32,9.992007221626409e-16,5.02275342940024e-15,3.2183749089367754e-15,2.7884435013163578e-15,3.8255727334301485e-15,/Users/tinggong/Documents/Codex/2026-07-20/model-lineage-holonomy/work/TwistedMerge-model-lineage-holonomy/reports/tmp/model_lineage_holonomy/pilot/transport_maps_seed_2.npz,111d27921717363e48131a0baa031d568e6feeaa274ea1bfb6ddd0b18e52780f
2,early,M_ACB,M_ABC,same_depth_closing,orthogonal_procrustes,early__M_ACB__M_ABC,3.551912222942939e-15,3.551977276745266e-15,3.56364106199874e-15,1.000000000000001,32,9.992007221626409e-16,5.02275342940024e-15,3.2183749089367754e-15,2.7884435013163578e-15,3.8255727334301485e-15,/Users/tinggong/Documents/Codex/2026-07-20/model-lineage-holonomy/work/TwistedMerge-model-lineage-holonomy/reports/tmp/model_lineage_holonomy/pilot/transport_maps_seed_2.npz,111d27921717363e48131a0baa031d568e6feeaa274ea1bfb6ddd0b18e52780f
2,early,M_ACB,M_CAB,same_depth_closing,orthogonal_procrustes,early__M_ACB__M_CAB,3.551912222942939e-15,3.551977276745266e-15,3.56364106199874e-15,1.000000000000001,32,9.992007221626409e-16,5.02275342940024e-15,3.2183749089367754e-15,2.7884435013163578e-15,3.8255727334301485e-15,/Users/tinggong/Documents/Codex/2026-07-20/model-lineage-holonomy/work/TwistedMerge-model-lineage-holonomy/reports/tmp/model_lineage_holonomy/pilot/transport_maps_seed_2.npz,111d27921717363e48131a0baa031d568e6feeaa274ea1bfb6ddd0b18e52780f
2,early,M_CAB,M_ACB,same_depth_closing,orthogonal_procrustes,early__M_CAB__M_ACB,3.551912222942939e-15,3.551977276745266e-15,3.56364106199874e-15,1.000000000000001,32,9.992007221626409e-16,5.02275342940024e-15,3.2183749089367754e-15,2.7884435013163578e-15,3.8255727334301485e-15,/Users/tinggong/Documents/Codex/2026-07-20/model-lineage-holonomy/work/TwistedMerge-model-lineage-holonomy/reports/tmp/model_lineage_holonomy/pilot/transport_maps_seed_2.npz,111d27921717363e48131a0baa031d568e6feeaa274ea1bfb6ddd0b18e52780f
2,early,M_BAC,M_BCA,same_depth_closing,orthogonal_procrustes,early__M_BAC__M_BCA,3.551912222942939e-15,3.551977276745266e-15,3.56364106199874e-15,1.000000000000001,32,9.992007221626409e-16,5.02275342940024e-15,3.2183749089367754e-15,2.7884435013163578e-15,3.8255727334301485e-15,/Users/tinggong/Documents/Codex/2026-07-20/model-lineage-holonomy/work/TwistedMerge-model-lineage-holonomy/reports/tmp/model_lineage_holonomy/pilot/transport_maps_seed_2.npz,111d27921717363e48131a0baa031d568e6feeaa274ea1bfb6ddd0b18e52780f
2,early,M_BCA,M_BAC,same_depth_closing,orthogonal_procrustes,early__M_BCA__M_BAC,3.551912222942939e-15,3.551977276745266e-15,3.56364106199874e-15,1.000000000000001,32,9.992007221626409e-16,5.02275342940024e-15,3.2183749089367754e-15,2.7884435013163578e-15,3.8255727334301485e-15,/Users/tinggong/Documents/Codex/2026-07-20/model-lineage-holonomy/work/TwistedMerge-model-lineage-holonomy/reports/tmp/model_lineage_holonomy/pilot/transport_maps_seed_2.npz,111d27921717363e48131a0baa031d568e6feeaa274ea1bfb6ddd0b18e52780f
2,early,M_BCA,M_CBA,same_depth_closing,orthogonal_procrustes,early__M_BCA__M_CBA,3.551912222942939e-15,3.551977276745266e-15,3.56364106199874e-15,1.000000000000001,32,9.992007221626409e-16,5.02275342940024e-15,3.2183749089367754e-15,2.7884435013163578e-15,3.8255727334301485e-15,/Users/tinggong/Documents/Codex/2026-07-20/model-lineage-holonomy/work/TwistedMerge-model-lineage-holonomy/reports/tmp/model_lineage_holonomy/pilot/transport_maps_seed_2.npz,111d27921717363e48131a0baa031d568e6feeaa274ea1bfb6ddd0b18e52780f
2,early,M_CBA,M_BCA,same_depth_closing,orthogonal_procrustes,early__M_CBA__M_BCA,3.551912222942939e-15,3.551977276745266e-15,3.56364106199874e-15,1.000000000000001,32,9.992007221626409e-16,5.02275342940024e-15,3.2183749089367754e-15,2.7884435013163578e-15,3.8255727334301485e-15,/Users/tinggong/Documents/Codex/2026-07-20/model-lineage-holonomy/work/TwistedMerge-model-lineage-holonomy/reports/tmp/model_lineage_holonomy/pilot/transport_maps_seed_2.npz,111d27921717363e48131a0baa031d568e6feeaa274ea1bfb6ddd0b18e52780f
2,early,M_CAB,M_CBA,same_depth_closing,orthogonal_procrustes,early__M_CAB__M_CBA,3.551912222942939e-15,3.551977276745266e-15,3.56364106199874e-15,1.000000000000001,32,9.992007221626409e-16,5.02275342940024e-15,3.2183749089367754e-15,2.7884435013163578e-15,3.8255727334301485e-15,/Users/tinggong/Documents/Codex/2026-07-20/model-lineage-holonomy/work/TwistedMerge-model-lineage-holonomy/reports/tmp/model_lineage_holonomy/pilot/transport_maps_seed_2.npz,111d27921717363e48131a0baa031d568e6feeaa274ea1bfb6ddd0b18e52780f
2,early,M_CBA,M_CAB,same_depth_closing,orthogonal_procrustes,early__M_CBA__M_CAB,3.551912222942939e-15,3.551977276745266e-15,3.56364106199874e-15,1.000000000000001,32,9.992007221626409e-16,5.02275342940024e-15,3.2183749089367754e-15,2.7884435013163578e-15,3.8255727334301485e-15,/Users/tinggong/Documents/Codex/2026-07-20/model-lineage-holonomy/work/TwistedMerge-model-lineage-holonomy/reports/tmp/model_lineage_holonomy/pilot/transport_maps_seed_2.npz,111d27921717363e48131a0baa031d568e6feeaa274ea1bfb6ddd0b18e52780f
2,early,M_AB,M_BA,same_depth_closing,orthogonal_procrustes,early__M_AB__M_BA,3.551912222942939e-15,3.551977276745266e-15,3.56364106199874e-15,1.000000000000001,32,9.992007221626409e-16,5.02275342940024e-15,3.2183749089367754e-15,2.7884435013163578e-15,3.8255727334301485e-15,/Users/tinggong/Documents/Codex/2026-07-20/model-lineage-holonomy/work/TwistedMerge-model-lineage-holonomy/reports/tmp/model_lineage_holonomy/pilot/transport_maps_seed_2.npz,111d27921717363e48131a0baa031d568e6feeaa274ea1bfb6ddd0b18e52780f
2,early,M_BA,M_AB,same_depth_closing,orthogonal_procrustes,early__M_BA__M_AB,3.551912222942939e-15,3.551977276745266e-15,3.56364106199874e-15,1.000000000000001,32,9.992007221626409e-16,5.02275342940024e-15,3.2183749089367754e-15,2.7884435013163578e-15,3.8255727334301485e-15,/Users/tinggong/Documents/Codex/2026-07-20/model-lineage-holonomy/work/TwistedMerge-model-lineage-holonomy/reports/tmp/model_lineage_holonomy/pilot/transport_maps_seed_2.npz,111d27921717363e48131a0baa031d568e6feeaa274ea1bfb6ddd0b18e52780f
2,early,M_AC,M_CA,same_depth_closing,orthogonal_procrustes,early__M_AC__M_CA,3.551912222942939e-15,3.551977276745266e-15,3.56364106199874e-15,1.000000000000001,32,9.992007221626409e-16,5.02275342940024e-15,3.2183749089367754e-15,2.7884435013163578e-15,3.8255727334301485e-15,/Users/tinggong/Documents/Codex/2026-07-20/model-lineage-holonomy/work/TwistedMerge-model-lineage-holonomy/reports/tmp/model_lineage_holonomy/pilot/transport_maps_seed_2.npz,111d27921717363e48131a0baa031d568e6feeaa274ea1bfb6ddd0b18e52780f
2,early,M_CA,M_AC,same_depth_closing,orthogonal_procrustes,early__M_CA__M_AC,3.551912222942939e-15,3.551977276745266e-15,3.56364106199874e-15,1.000000000000001,32,9.992007221626409e-16,5.02275342940024e-15,3.2183749089367754e-15,2.7884435013163578e-15,3.8255727334301485e-15,/Users/tinggong/Documents/Codex/2026-07-20/model-lineage-holonomy/work/TwistedMerge-model-lineage-holonomy/reports/tmp/model_lineage_holonomy/pilot/transport_maps_seed_2.npz,111d27921717363e48131a0baa031d568e6feeaa274ea1bfb6ddd0b18e52780f
2,early,M_BC,M_CB,same_depth_closing,orthogonal_procrustes,early__M_BC__M_CB,3.551912222942939e-15,3.551977276745266e-15,3.56364106199874e-15,1.000000000000001,32,9.992007221626409e-16,5.02275342940024e-15,3.2183749089367754e-15,2.7884435013163578e-15,3.8255727334301485e-15,/Users/tinggong/Documents/Codex/2026-07-20/model-lineage-holonomy/work/TwistedMerge-model-lineage-holonomy/reports/tmp/model_lineage_holonomy/pilot/transport_maps_seed_2.npz,111d27921717363e48131a0baa031d568e6feeaa274ea1bfb6ddd0b18e52780f
2,early,M_CB,M_BC,same_depth_closing,orthogonal_procrustes,early__M_CB__M_BC,3.551912222942939e-15,3.551977276745266e-15,3.56364106199874e-15,1.000000000000001,32,9.992007221626409e-16,5.02275342940024e-15,3.2183749089367754e-15,2.7884435013163578e-15,3.8255727334301485e-15,/Users/tinggong/Documents/Codex/2026-07-20/model-lineage-holonomy/work/TwistedMerge-model-lineage-holonomy/reports/tmp/model_lineage_holonomy/pilot/transport_maps_seed_2.npz,111d27921717363e48131a0baa031d568e6feeaa274ea1bfb6ddd0b18e52780f
2,early,M_A,M_B,same_depth_closing,orthogonal_procrustes,early__M_A__M_B,3.551912222942939e-15,3.551977276745266e-15,3.56364106199874e-15,1.000000000000001,32,9.992007221626409e-16,5.02275342940024e-15,3.2183749089367754e-15,2.7884435013163578e-15,3.8255727334301485e-15,/Users/tinggong/Documents/Codex/2026-07-20/model-lineage-holonomy/work/TwistedMerge-model-lineage-holonomy/reports/tmp/model_lineage_holonomy/pilot/transport_maps_seed_2.npz,111d27921717363e48131a0baa031d568e6feeaa274ea1bfb6ddd0b18e52780f
2,early,M_B,M_A,same_depth_closing,orthogonal_procrustes,early__M_B__M_A,3.551912222942939e-15,3.551977276745266e-15,3.56364106199874e-15,1.000000000000001,32,9.992007221626409e-16,5.02275342940024e-15,3.2183749089367754e-15,2.7884435013163578e-15,3.8255727334301485e-15,/Users/tinggong/Documents/Codex/2026-07-20/model-lineage-holonomy/work/TwistedMerge-model-lineage-holonomy/reports/tmp/model_lineage_holonomy/pilot/transport_maps_seed_2.npz,111d27921717363e48131a0baa031d568e6feeaa274ea1bfb6ddd0b18e52780f
2,early,M_A,M_C,same_depth_closing,orthogonal_procrustes,early__M_A__M_C,3.551912222942939e-15,3.551977276745266e-15,3.56364106199874e-15,1.000000000000001,32,9.992007221626409e-16,5.02275342940024e-15,3.2183749089367754e-15,2.7884435013163578e-15,3.8255727334301485e-15,/Users/tinggong/Documents/Codex/2026-07-20/model-lineage-holonomy/work/TwistedMerge-model-lineage-holonomy/reports/tmp/model_lineage_holonomy/pilot/transport_maps_seed_2.npz,111d27921717363e48131a0baa031d568e6feeaa274ea1bfb6ddd0b18e52780f
2,early,M_C,M_A,same_depth_closing,orthogonal_procrustes,early__M_C__M_A,3.551912222942939e-15,3.551977276745266e-15,3.56364106199874e-15,1.000000000000001,32,9.992007221626409e-16,5.02275342940024e-15,3.2183749089367754e-15,2.7884435013163578e-15,3.8255727334301485e-15,/Users/tinggong/Documents/Codex/2026-07-20/model-lineage-holonomy/work/TwistedMerge-model-lineage-holonomy/reports/tmp/model_lineage_holonomy/pilot/transport_maps_seed_2.npz,111d27921717363e48131a0baa031d568e6feeaa274ea1bfb6ddd0b18e52780f
2,early,M_B,M_C,same_depth_closing,orthogonal_procrustes,early__M_B__M_C,3.551912222942939e-15,3.551977276745266e-15,3.56364106199874e-15,1.000000000000001,32,9.992007221626409e-16,5.02275342940024e-15,3.2183749089367754e-15,2.7884435013163578e-15,3.8255727334301485e-15,/Users/tinggong/Documents/Codex/2026-07-20/model-lineage-holonomy/work/TwistedMerge-model-lineage-holonomy/reports/tmp/model_lineage_holonomy/pilot/transport_maps_seed_2.npz,111d27921717363e48131a0baa031d568e6feeaa274ea1bfb6ddd0b18e52780f
2,early,M_C,M_B,same_depth_closing,orthogonal_procrustes,early__M_C__M_B,3.551912222942939e-15,3.551977276745266e-15,3.56364106199874e-15,1.000000000000001,32,9.992007221626409e-16,5.02275342940024e-15,3.2183749089367754e-15,2.7884435013163578e-15,3.8255727334301485e-15,/Users/tinggong/Documents/Codex/2026-07-20/model-lineage-holonomy/work/TwistedMerge-model-lineage-holonomy/reports/tmp/model_lineage_holonomy/pilot/transport_maps_seed_2.npz,111d27921717363e48131a0baa031d568e6feeaa274ea1bfb6ddd0b18e52780f
2,mid,M0,M_A,forward_lineage,orthogonal_procrustes,mid__M0__M_A,1.3108991934751398e-15,1.3138191023365668e-15,1.3066713386351156e-15,1.000000000000002,32,1.887379141862766e-15,2.5963004898715615e-15,2.0503399975299733e-15,1.6380421511878505e-15,2.6961657669529184e-15,/Users/tinggong/Documents/Codex/2026-07-20/model-lineage-holonomy/work/TwistedMerge-model-lineage-holonomy/reports/tmp/model_lineage_holonomy/pilot/transport_maps_seed_2.npz,111d27921717363e48131a0baa031d568e6feeaa274ea1bfb6ddd0b18e52780f
2,mid,M_A,M0,reverse_lineage,orthogonal_procrustes,mid__M_A__M0,1.3108991934751398e-15,1.3138191023365668e-15,1.3066713386351156e-15,1.000000000000002,32,1.887379141862766e-15,2.5963004898715615e-15,2.0503399975299733e-15,1.6380421511878505e-15,2.6961657669529184e-15,/Users/tinggong/Documents/Codex/2026-07-20/model-lineage-holonomy/work/TwistedMerge-model-lineage-holonomy/reports/tmp/model_lineage_holonomy/pilot/transport_maps_seed_2.npz,111d27921717363e48131a0baa031d568e6feeaa274ea1bfb6ddd0b18e52780f
2,mid,M0,M_B,forward_lineage,orthogonal_procrustes,mid__M0__M_B,1.3108991934751398e-15,1.3138191023365668e-15,1.3066713386351156e-15,1.000000000000002,32,1.887379141862766e-15,2.5963004898715615e-15,2.0503399975299733e-15,1.6380421511878505e-15,2.6961657669529184e-15,/Users/tinggong/Documents/Codex/2026-07-20/model-lineage-holonomy/work/TwistedMerge-model-lineage-holonomy/reports/tmp/model_lineage_holonomy/pilot/transport_maps_seed_2.npz,111d27921717363e48131a0baa031d568e6feeaa274ea1bfb6ddd0b18e52780f
2,mid,M_B,M0,reverse_lineage,orthogonal_procrustes,mid__M_B__M0,1.3108991934751398e-15,1.3138191023365668e-15,1.3066713386351156e-15,1.000000000000002,32,1.887379141862766e-15,2.5963004898715615e-15,2.0503399975299733e-15,1.6380421511878505e-15,2.6961657669529184e-15,/Users/tinggong/Documents/Codex/2026-07-20/model-lineage-holonomy/work/TwistedMerge-model-lineage-holonomy/reports/tmp/model_lineage_holonomy/pilot/transport_maps_seed_2.npz,111d27921717363e48131a0baa031d568e6feeaa274ea1bfb6ddd0b18e52780f
2,mid,M0,M_C,forward_lineage,orthogonal_procrustes,mid__M0__M_C,1.3108991934751398e-15,1.3138191023365668e-15,1.3066713386351156e-15,1.000000000000002,32,1.887379141862766e-15,2.5963004898715615e-15,2.0503399975299733e-15,1.6380421511878505e-15,2.6961657669529184e-15,/Users/tinggong/Documents/Codex/2026-07-20/model-lineage-holonomy/work/TwistedMerge-model-lineage-holonomy/reports/tmp/model_lineage_holonomy/pilot/transport_maps_seed_2.npz,111d27921717363e48131a0baa031d568e6feeaa274ea1bfb6ddd0b18e52780f
2,mid,M_C,M0,reverse_lineage,orthogonal_procrustes,mid__M_C__M0,1.3108991934751398e-15,1.3138191023365668e-15,1.3066713386351156e-15,1.000000000000002,32,1.887379141862766e-15,2.5963004898715615e-15,2.0503399975299733e-15,1.6380421511878505e-15,2.6961657669529184e-15,/Users/tinggong/Documents/Codex/2026-07-20/model-lineage-holonomy/work/TwistedMerge-model-lineage-holonomy/reports/tmp/model_lineage_holonomy/pilot/transport_maps_seed_2.npz,111d27921717363e48131a0baa031d568e6feeaa274ea1bfb6ddd0b18e52780f
2,mid,M_A,M_AB,forward_lineage,orthogonal_procrustes,mid__M_A__M_AB,1.3108991934751398e-15,1.3138191023365668e-15,1.3066713386351156e-15,1.000000000000002,32,1.887379141862766e-15,2.5963004898715615e-15,2.0503399975299733e-15,1.6380421511878505e-15,2.6961657669529184e-15,/Users/tinggong/Documents/Codex/2026-07-20/model-lineage-holonomy/work/TwistedMerge-model-lineage-holonomy/reports/tmp/model_lineage_holonomy/pilot/transport_maps_seed_2.npz,111d27921717363e48131a0baa031d568e6feeaa274ea1bfb6ddd0b18e52780f
2,mid,M_AB,M_A,reverse_lineage,orthogonal_procrustes,mid__M_AB__M_A,1.3108991934751398e-15,1.3138191023365668e-15,1.3066713386351156e-15,1.000000000000002,32,1.887379141862766e-15,2.5963004898715615e-15,2.0503399975299733e-15,1.6380421511878505e-15,2.6961657669529184e-15,/Users/tinggong/Documents/Codex/2026-07-20/model-lineage-holonomy/work/TwistedMerge-model-lineage-holonomy/reports/tmp/model_lineage_holonomy/pilot/transport_maps_seed_2.npz,111d27921717363e48131a0baa031d568e6feeaa274ea1bfb6ddd0b18e52780f
2,mid,M_A,M_AC,forward_lineage,orthogonal_procrustes,mid__M_A__M_AC,1.3108991934751398e-15,1.3138191023365668e-15,1.3066713386351156e-15,1.000000000000002,32,1.887379141862766e-15,2.5963004898715615e-15,2.0503399975299733e-15,1.6380421511878505e-15,2.6961657669529184e-15,/Users/tinggong/Documents/Codex/2026-07-20/model-lineage-holonomy/work/TwistedMerge-model-lineage-holonomy/reports/tmp/model_lineage_holonomy/pilot/transport_maps_seed_2.npz,111d27921717363e48131a0baa031d568e6feeaa274ea1bfb6ddd0b18e52780f
2,mid,M_AC,M_A,reverse_lineage,orthogonal_procrustes,mid__M_AC__M_A,1.3108991934751398e-15,1.3138191023365668e-15,1.3066713386351156e-15,1.000000000000002,32,1.887379141862766e-15,2.5963004898715615e-15,2.0503399975299733e-15,1.6380421511878505e-15,2.6961657669529184e-15,/Users/tinggong/Documents/Codex/2026-07-20/model-lineage-holonomy/work/TwistedMerge-model-lineage-holonomy/reports/tmp/model_lineage_holonomy/pilot/transport_maps_seed_2.npz,111d27921717363e48131a0baa031d568e6feeaa274ea1bfb6ddd0b18e52780f
2,mid,M_B,M_BA,forward_lineage,orthogonal_procrustes,mid__M_B__M_BA,1.3108991934751398e-15,1.3138191023365668e-15,1.3066713386351156e-15,1.000000000000002,32,1.887379141862766e-15,2.5963004898715615e-15,2.0503399975299733e-15,1.6380421511878505e-15,2.6961657669529184e-15,/Users/tinggong/Documents/Codex/2026-07-20/model-lineage-holonomy/work/TwistedMerge-model-lineage-holonomy/reports/tmp/model_lineage_holonomy/pilot/transport_maps_seed_2.npz,111d27921717363e48131a0baa031d568e6feeaa274ea1bfb6ddd0b18e52780f
2,mid,M_BA,M_B,reverse_lineage,orthogonal_procrustes,mid__M_BA__M_B,1.3108991934751398e-15,1.3138191023365668e-15,1.3066713386351156e-15,1.000000000000002,32,1.887379141862766e-15,2.5963004898715615e-15,2.0503399975299733e-15,1.6380421511878505e-15,2.6961657669529184e-15,/Users/tinggong/Documents/Codex/2026-07-20/model-lineage-holonomy/work/TwistedMerge-model-lineage-holonomy/reports/tmp/model_lineage_holonomy/pilot/transport_maps_seed_2.npz,111d27921717363e48131a0baa031d568e6feeaa274ea1bfb6ddd0b18e52780f
2,mid,M_B,M_BC,forward_lineage,orthogonal_procrustes,mid__M_B__M_BC,1.3108991934751398e-15,1.3138191023365668e-15,1.3066713386351156e-15,1.000000000000002,32,1.887379141862766e-15,2.5963004898715615e-15,2.0503399975299733e-15,1.6380421511878505e-15,2.6961657669529184e-15,/Users/tinggong/Documents/Codex/2026-07-20/model-lineage-holonomy/work/TwistedMerge-model-lineage-holonomy/reports/tmp/model_lineage_holonomy/pilot/transport_maps_seed_2.npz,111d27921717363e48131a0baa031d568e6feeaa274ea1bfb6ddd0b18e52780f
2,mid,M_BC,M_B,reverse_lineage,orthogonal_procrustes,mid__M_BC__M_B,1.3108991934751398e-15,1.3138191023365668e-15,1.3066713386351156e-15,1.000000000000002,32,1.887379141862766e-15,2.5963004898715615e-15,2.0503399975299733e-15,1.6380421511878505e-15,2.6961657669529184e-15,/Users/tinggong/Documents/Codex/2026-07-20/model-lineage-holonomy/work/TwistedMerge-model-lineage-holonomy/reports/tmp/model_lineage_holonomy/pilot/transport_maps_seed_2.npz,111d27921717363e48131a0baa031d568e6feeaa274ea1bfb6ddd0b18e52780f
2,mid,M_C,M_CA,forward_lineage,orthogonal_procrustes,mid__M_C__M_CA,1.3108991934751398e-15,1.3138191023365668e-15,1.3066713386351156e-15,1.000000000000002,32,1.887379141862766e-15,2.5963004898715615e-15,2.0503399975299733e-15,1.6380421511878505e-15,2.6961657669529184e-15,/Users/tinggong/Documents/Codex/2026-07-20/model-lineage-holonomy/work/TwistedMerge-model-lineage-holonomy/reports/tmp/model_lineage_holonomy/pilot/transport_maps_seed_2.npz,111d27921717363e48131a0baa031d568e6feeaa274ea1bfb6ddd0b18e52780f
2,mid,M_CA,M_C,reverse_lineage,orthogonal_procrustes,mid__M_CA__M_C,1.3108991934751398e-15,1.3138191023365668e-15,1.3066713386351156e-15,1.000000000000002,32,1.887379141862766e-15,2.5963004898715615e-15,2.0503399975299733e-15,1.6380421511878505e-15,2.6961657669529184e-15,/Users/tinggong/Documents/Codex/2026-07-20/model-lineage-holonomy/work/TwistedMerge-model-lineage-holonomy/reports/tmp/model_lineage_holonomy/pilot/transport_maps_seed_2.npz,111d27921717363e48131a0baa031d568e6feeaa274ea1bfb6ddd0b18e52780f
2,mid,M_C,M_CB,forward_lineage,orthogonal_procrustes,mid__M_C__M_CB,1.3108991934751398e-15,1.3138191023365668e-15,1.3066713386351156e-15,1.000000000000002,32,1.887379141862766e-15,2.5963004898715615e-15,2.0503399975299733e-15,1.6380421511878505e-15,2.6961657669529184e-15,/Users/tinggong/Documents/Codex/2026-07-20/model-lineage-holonomy/work/TwistedMerge-model-lineage-holonomy/reports/tmp/model_lineage_holonomy/pilot/transport_maps_seed_2.npz,111d27921717363e48131a0baa031d568e6feeaa274ea1bfb6ddd0b18e52780f
2,mid,M_CB,M_C,reverse_lineage,orthogonal_procrustes,mid__M_CB__M_C,1.3108991934751398e-15,1.3138191023365668e-15,1.3066713386351156e-15,1.000000000000002,32,1.887379141862766e-15,2.5963004898715615e-15,2.0503399975299733e-15,1.6380421511878505e-15,2.6961657669529184e-15,/Users/tinggong/Documents/Codex/2026-07-20/model-lineage-holonomy/work/TwistedMerge-model-lineage-holonomy/reports/tmp/model_lineage_holonomy/pilot/transport_maps_seed_2.npz,111d27921717363e48131a0baa031d568e6feeaa274ea1bfb6ddd0b18e52780f
2,mid,M_AB,M_ABC,forward_lineage,orthogonal_procrustes,mid__M_AB__M_ABC,1.3108991934751398e-15,1.3138191023365668e-15,1.3066713386351156e-15,1.000000000000002,32,1.887379141862766e-15,2.5963004898715615e-15,2.0503399975299733e-15,1.6380421511878505e-15,2.6961657669529184e-15,/Users/tinggong/Documents/Codex/2026-07-20/model-lineage-holonomy/work/TwistedMerge-model-lineage-holonomy/reports/tmp/model_lineage_holonomy/pilot/transport_maps_seed_2.npz,111d27921717363e48131a0baa031d568e6feeaa274ea1bfb6ddd0b18e52780f
2,mid,M_ABC,M_AB,reverse_lineage,orthogonal_procrustes,mid__M_ABC__M_AB,1.3108991934751398e-15,1.3138191023365668e-15,1.3066713386351156e-15,1.000000000000002,32,1.887379141862766e-15,2.5963004898715615e-15,2.0503399975299733e-15,1.6380421511878505e-15,2.6961657669529184e-15,/Users/tinggong/Documents/Codex/2026-07-20/model-lineage-holonomy/work/TwistedMerge-model-lineage-holonomy/reports/tmp/model_lineage_holonomy/pilot/transport_maps_seed_2.npz,111d27921717363e48131a0baa031d568e6feeaa274ea1bfb6ddd0b18e52780f
2,mid,M_AC,M_ACB,forward_lineage,orthogonal_procrustes,mid__M_AC__M_ACB,1.3108991934751398e-15,1.3138191023365668e-15,1.3066713386351156e-15,1.000000000000002,32,1.887379141862766e-15,2.5963004898715615e-15,2.0503399975299733e-15,1.6380421511878505e-15,2.6961657669529184e-15,/Users/tinggong/Documents/Codex/2026-07-20/model-lineage-holonomy/work/TwistedMerge-model-lineage-holonomy/reports/tmp/model_lineage_holonomy/pilot/transport_maps_seed_2.npz,111d27921717363e48131a0baa031d568e6feeaa274ea1bfb6ddd0b18e52780f
2,mid,M_ACB,M_AC,reverse_lineage,orthogonal_procrustes,mid__M_ACB__M_AC,1.3108991934751398e-15,1.3138191023365668e-15,1.3066713386351156e-15,1.000000000000002,32,1.887379141862766e-15,2.5963004898715615e-15,2.0503399975299733e-15,1.6380421511878505e-15,2.6961657669529184e-15,/Users/tinggong/Documents/Codex/2026-07-20/model-lineage-holonomy/work/TwistedMerge-model-lineage-holonomy/reports/tmp/model_lineage_holonomy/pilot/transport_maps_seed_2.npz,111d27921717363e48131a0baa031d568e6feeaa274ea1bfb6ddd0b18e52780f
2,mid,M_BA,M_BAC,forward_lineage,orthogonal_procrustes,mid__M_BA__M_BAC,1.3108991934751398e-15,1.3138191023365668e-15,1.3066713386351156e-15,1.000000000000002,32,1.887379141862766e-15,2.5963004898715615e-15,2.0503399975299733e-15,1.6380421511878505e-15,2.6961657669529184e-15,/Users/tinggong/Documents/Codex/2026-07-20/model-lineage-holonomy/work/TwistedMerge-model-lineage-holonomy/reports/tmp/model_lineage_holonomy/pilot/transport_maps_seed_2.npz,111d27921717363e48131a0baa031d568e6feeaa274ea1bfb6ddd0b18e52780f
2,mid,M_BAC,M_BA,reverse_lineage,orthogonal_procrustes,mid__M_BAC__M_BA,1.3108991934751398e-15,1.3138191023365668e-15,1.3066713386351156e-15,1.000000000000002,32,1.887379141862766e-15,2.5963004898715615e-15,2.0503399975299733e-15,1.6380421511878505e-15,2.6961657669529184e-15,/Users/tinggong/Documents/Codex/2026-07-20/model-lineage-holonomy/work/TwistedMerge-model-lineage-holonomy/reports/tmp/model_lineage_holonomy/pilot/transport_maps_seed_2.npz,111d27921717363e48131a0baa031d568e6feeaa274ea1bfb6ddd0b18e52780f
2,mid,M_BC,M_BCA,forward_lineage,orthogonal_procrustes,mid__M_BC__M_BCA,1.3108991934751398e-15,1.3138191023365668e-15,1.3066713386351156e-15,1.000000000000002,32,1.887379141862766e-15,2.5963004898715615e-15,2.0503399975299733e-15,1.6380421511878505e-15,2.6961657669529184e-15,/Users/tinggong/Documents/Codex/2026-07-20/model-lineage-holonomy/work/TwistedMerge-model-lineage-holonomy/reports/tmp/model_lineage_holonomy/pilot/transport_maps_seed_2.npz,111d27921717363e48131a0baa031d568e6feeaa274ea1bfb6ddd0b18e52780f
2,mid,M_BCA,M_BC,reverse_lineage,orthogonal_procrustes,mid__M_BCA__M_BC,1.3108991934751398e-15,1.3138191023365668e-15,1.3066713386351156e-15,1.000000000000002,32,1.887379141862766e-15,2.5963004898715615e-15,2.0503399975299733e-15,1.6380421511878505e-15,2.6961657669529184e-15,/Users/tinggong/Documents/Codex/2026-07-20/model-lineage-holonomy/work/TwistedMerge-model-lineage-holonomy/reports/tmp/model_lineage_holonomy/pilot/transport_maps_seed_2.npz,111d27921717363e48131a0baa031d568e6feeaa274ea1bfb6ddd0b18e52780f
2,mid,M_CA,M_CAB,forward_lineage,orthogonal_procrustes,mid__M_CA__M_CAB,1.3108991934751398e-15,1.3138191023365668e-15,1.3066713386351156e-15,1.000000000000002,32,1.887379141862766e-15,2.5963004898715615e-15,2.0503399975299733e-15,1.6380421511878505e-15,2.6961657669529184e-15,/Users/tinggong/Documents/Codex/2026-07-20/model-lineage-holonomy/work/TwistedMerge-model-lineage-holonomy/reports/tmp/model_lineage_holonomy/pilot/transport_maps_seed_2.npz,111d27921717363e48131a0baa031d568e6feeaa274ea1bfb6ddd0b18e52780f
2,mid,M_CAB,M_CA,reverse_lineage,orthogonal_procrustes,mid__M_CAB__M_CA,1.3108991934751398e-15,1.3138191023365668e-15,1.3066713386351156e-15,1.000000000000002,32,1.887379141862766e-15,2.5963004898715615e-15,2.0503399975299733e-15,1.6380421511878505e-15,2.6961657669529184e-15,/Users/tinggong/Documents/Codex/2026-07-20/model-lineage-holonomy/work/TwistedMerge-model-lineage-holonomy/reports/tmp/model_lineage_holonomy/pilot/transport_maps_seed_2.npz,111d27921717363e48131a0baa031d568e6feeaa274ea1bfb6ddd0b18e52780f
2,mid,M_CB,M_CBA,forward_lineage,orthogonal_procrustes,mid__M_CB__M_CBA,1.3108991934751398e-15,1.3138191023365668e-15,1.3066713386351156e-15,1.000000000000002,32,1.887379141862766e-15,2.5963004898715615e-15,2.0503399975299733e-15,1.6380421511878505e-15,2.6961657669529184e-15,/Users/tinggong/Documents/Codex/2026-07-20/model-lineage-holonomy/work/TwistedMerge-model-lineage-holonomy/reports/tmp/model_lineage_holonomy/pilot/transport_maps_seed_2.npz,111d27921717363e48131a0baa031d568e6feeaa274ea1bfb6ddd0b18e52780f
2,mid,M_CBA,M_CB,reverse_lineage,orthogonal_procrustes,mid__M_CBA__M_CB,1.3108991934751398e-15,1.3138191023365668e-15,1.3066713386351156e-15,1.000000000000002,32,1.887379141862766e-15,2.5963004898715615e-15,2.0503399975299733e-15,1.6380421511878505e-15,2.6961657669529184e-15,/Users/tinggong/Documents/Codex/2026-07-20/model-lineage-holonomy/work/TwistedMerge-model-lineage-holonomy/reports/tmp/model_lineage_holonomy/pilot/transport_maps_seed_2.npz,111d27921717363e48131a0baa031d568e6feeaa274ea1bfb6ddd0b18e52780f
2,mid,M_AB,M_B,loop_closing,orthogonal_procrustes,mid__M_AB__M_B,1.3108991934751398e-15,1.3138191023365668e-15,1.3066713386351156e-15,1.000000000000002,32,1.887379141862766e-15,2.5963004898715615e-15,2.0503399975299733e-15,1.6380421511878505e-15,2.6961657669529184e-15,/Users/tinggong/Documents/Codex/2026-07-20/model-lineage-holonomy/work/TwistedMerge-model-lineage-holonomy/reports/tmp/model_lineage_holonomy/pilot/transport_maps_seed_2.npz,111d27921717363e48131a0baa031d568e6feeaa274ea1bfb6ddd0b18e52780f
2,mid,M_B,M_AB,loop_closing,orthogonal_procrustes,mid__M_B__M_AB,1.3108991934751398e-15,1.3138191023365668e-15,1.3066713386351156e-15,1.000000000000002,32,1.887379141862766e-15,2.5963004898715615e-15,2.0503399975299733e-15,1.6380421511878505e-15,2.6961657669529184e-15,/Users/tinggong/Documents/Codex/2026-07-20/model-lineage-holonomy/work/TwistedMerge-model-lineage-holonomy/reports/tmp/model_lineage_holonomy/pilot/transport_maps_seed_2.npz,111d27921717363e48131a0baa031d568e6feeaa274ea1bfb6ddd0b18e52780f
2,mid,M_AC,M_C,loop_closing,orthogonal_procrustes,mid__M_AC__M_C,1.3108991934751398e-15,1.3138191023365668e-15,1.3066713386351156e-15,1.000000000000002,32,1.887379141862766e-15,2.5963004898715615e-15,2.0503399975299733e-15,1.6380421511878505e-15,2.6961657669529184e-15,/Users/tinggong/Documents/Codex/2026-07-20/model-lineage-holonomy/work/TwistedMerge-model-lineage-holonomy/reports/tmp/model_lineage_holonomy/pilot/transport_maps_seed_2.npz,111d27921717363e48131a0baa031d568e6feeaa274ea1bfb6ddd0b18e52780f
2,mid,M_C,M_AC,loop_closing,orthogonal_procrustes,mid__M_C__M_AC,1.3108991934751398e-15,1.3138191023365668e-15,1.3066713386351156e-15,1.000000000000002,32,1.887379141862766e-15,2.5963004898715615e-15,2.0503399975299733e-15,1.6380421511878505e-15,2.6961657669529184e-15,/Users/tinggong/Documents/Codex/2026-07-20/model-lineage-holonomy/work/TwistedMerge-model-lineage-holonomy/reports/tmp/model_lineage_holonomy/pilot/transport_maps_seed_2.npz,111d27921717363e48131a0baa031d568e6feeaa274ea1bfb6ddd0b18e52780f
2,mid,M_BC,M_C,loop_closing,orthogonal_procrustes,mid__M_BC__M_C,1.3108991934751398e-15,1.3138191023365668e-15,1.3066713386351156e-15,1.000000000000002,32,1.887379141862766e-15,2.5963004898715615e-15,2.0503399975299733e-15,1.6380421511878505e-15,2.6961657669529184e-15,/Users/tinggong/Documents/Codex/2026-07-20/model-lineage-holonomy/work/TwistedMerge-model-lineage-holonomy/reports/tmp/model_lineage_holonomy/pilot/transport_maps_seed_2.npz,111d27921717363e48131a0baa031d568e6feeaa274ea1bfb6ddd0b18e52780f
2,mid,M_C,M_BC,loop_closing,orthogonal_procrustes,mid__M_C__M_BC,1.3108991934751398e-15,1.3138191023365668e-15,1.3066713386351156e-15,1.000000000000002,32,1.887379141862766e-15,2.5963004898715615e-15,2.0503399975299733e-15,1.6380421511878505e-15,2.6961657669529184e-15,/Users/tinggong/Documents/Codex/2026-07-20/model-lineage-holonomy/work/TwistedMerge-model-lineage-holonomy/reports/tmp/model_lineage_holonomy/pilot/transport_maps_seed_2.npz,111d27921717363e48131a0baa031d568e6feeaa274ea1bfb6ddd0b18e52780f
2,mid,M_ABC,M_BAC,same_depth_closing,orthogonal_procrustes,mid__M_ABC__M_BAC,1.3108991934751398e-15,1.3138191023365668e-15,1.3066713386351156e-15,1.000000000000002,32,1.887379141862766e-15,2.5963004898715615e-15,2.0503399975299733e-15,1.6380421511878505e-15,2.6961657669529184e-15,/Users/tinggong/Documents/Codex/2026-07-20/model-lineage-holonomy/work/TwistedMerge-model-lineage-holonomy/reports/tmp/model_lineage_holonomy/pilot/transport_maps_seed_2.npz,111d27921717363e48131a0baa031d568e6feeaa274ea1bfb6ddd0b18e52780f
2,mid,M_BAC,M_ABC,same_depth_closing,orthogonal_procrustes,mid__M_BAC__M_ABC,1.3108991934751398e-15,1.3138191023365668e-15,1.3066713386351156e-15,1.000000000000002,32,1.887379141862766e-15,2.5963004898715615e-15,2.0503399975299733e-15,1.6380421511878505e-15,2.6961657669529184e-15,/Users/tinggong/Documents/Codex/2026-07-20/model-lineage-holonomy/work/TwistedMerge-model-lineage-holonomy/reports/tmp/model_lineage_holonomy/pilot/transport_maps_seed_2.npz,111d27921717363e48131a0baa031d568e6feeaa274ea1bfb6ddd0b18e52780f
2,mid,M_ABC,M_ACB,same_depth_closing,orthogonal_procrustes,mid__M_ABC__M_ACB,1.3108991934751398e-15,1.3138191023365668e-15,1.3066713386351156e-15,1.000000000000002,32,1.887379141862766e-15,2.5963004898715615e-15,2.0503399975299733e-15,1.6380421511878505e-15,2.6961657669529184e-15,/Users/tinggong/Documents/Codex/2026-07-20/model-lineage-holonomy/work/TwistedMerge-model-lineage-holonomy/reports/tmp/model_lineage_holonomy/pilot/transport_maps_seed_2.npz,111d27921717363e48131a0baa031d568e6feeaa274ea1bfb6ddd0b18e52780f
2,mid,M_ACB,M_ABC,same_depth_closing,orthogonal_procrustes,mid__M_ACB__M_ABC,1.3108991934751398e-15,1.3138191023365668e-15,1.3066713386351156e-15,1.000000000000002,32,1.887379141862766e-15,2.5963004898715615e-15,2.0503399975299733e-15,1.6380421511878505e-15,2.6961657669529184e-15,/Users/tinggong/Documents/Codex/2026-07-20/model-lineage-holonomy/work/TwistedMerge-model-lineage-holonomy/reports/tmp/model_lineage_holonomy/pilot/transport_maps_seed_2.npz,111d27921717363e48131a0baa031d568e6feeaa274ea1bfb6ddd0b18e52780f
2,mid,M_ACB,M_CAB,same_depth_closing,orthogonal_procrustes,mid__M_ACB__M_CAB,1.3108991934751398e-15,1.3138191023365668e-15,1.3066713386351156e-15,1.000000000000002,32,1.887379141862766e-15,2.5963004898715615e-15,2.0503399975299733e-15,1.6380421511878505e-15,2.6961657669529184e-15,/Users/tinggong/Documents/Codex/2026-07-20/model-lineage-holonomy/work/TwistedMerge-model-lineage-holonomy/reports/tmp/model_lineage_holonomy/pilot/transport_maps_seed_2.npz,111d27921717363e48131a0baa031d568e6feeaa274ea1bfb6ddd0b18e52780f
2,mid,M_CAB,M_ACB,same_depth_closing,orthogonal_procrustes,mid__M_CAB__M_ACB,1.3108991934751398e-15,1.3138191023365668e-15,1.3066713386351156e-15,1.000000000000002,32,1.887379141862766e-15,2.5963004898715615e-15,2.0503399975299733e-15,1.6380421511878505e-15,2.6961657669529184e-15,/Users/tinggong/Documents/Codex/2026-07-20/model-lineage-holonomy/work/TwistedMerge-model-lineage-holonomy/reports/tmp/model_lineage_holonomy/pilot/transport_maps_seed_2.npz,111d27921717363e48131a0baa031d568e6feeaa274ea1bfb6ddd0b18e52780f
2,mid,M_BAC,M_BCA,same_depth_closing,orthogonal_procrustes,mid__M_BAC__M_BCA,1.3108991934751398e-15,1.3138191023365668e-15,1.3066713386351156e-15,1.000000000000002,32,1.887379141862766e-15,2.5963004898715615e-15,2.0503399975299733e-15,1.6380421511878505e-15,2.6961657669529184e-15,/Users/tinggong/Documents/Codex/2026-07-20/model-lineage-holonomy/work/TwistedMerge-model-lineage-holonomy/reports/tmp/model_lineage_holonomy/pilot/transport_maps_seed_2.npz,111d27921717363e48131a0baa031d568e6feeaa274ea1bfb6ddd0b18e52780f
2,mid,M_BCA,M_BAC,same_depth_closing,orthogonal_procrustes,mid__M_BCA__M_BAC,1.3108991934751398e-15,1.3138191023365668e-15,1.3066713386351156e-15,1.000000000000002,32,1.887379141862766e-15,2.5963004898715615e-15,2.0503399975299733e-15,1.6380421511878505e-15,2.6961657669529184e-15,/Users/tinggong/Documents/Codex/2026-07-20/model-lineage-holonomy/work/TwistedMerge-model-lineage-holonomy/reports/tmp/model_lineage_holonomy/pilot/transport_maps_seed_2.npz,111d27921717363e48131a0baa031d568e6feeaa274ea1bfb6ddd0b18e52780f
2,mid,M_BCA,M_CBA,same_depth_closing,orthogonal_procrustes,mid__M_BCA__M_CBA,1.3108991934751398e-15,1.3138191023365668e-15,1.3066713386351156e-15,1.000000000000002,32,1.887379141862766e-15,2.5963004898715615e-15,2.0503399975299733e-15,1.6380421511878505e-15,2.6961657669529184e-15,/Users/tinggong/Documents/Codex/2026-07-20/model-lineage-holonomy/work/TwistedMerge-model-lineage-holonomy/reports/tmp/model_lineage_holonomy/pilot/transport_maps_seed_2.npz,111d27921717363e48131a0baa031d568e6feeaa274ea1bfb6ddd0b18e52780f
2,mid,M_CBA,M_BCA,same_depth_closing,orthogonal_procrustes,mid__M_CBA__M_BCA,1.3108991934751398e-15,1.3138191023365668e-15,1.3066713386351156e-15,1.000000000000002,32,1.887379141862766e-15,2.5963004898715615e-15,2.0503399975299733e-15,1.6380421511878505e-15,2.6961657669529184e-15,/Users/tinggong/Documents/Codex/2026-07-20/model-lineage-holonomy/work/TwistedMerge-model-lineage-holonomy/reports/tmp/model_lineage_holonomy/pilot/transport_maps_seed_2.npz,111d27921717363e48131a0baa031d568e6feeaa274ea1bfb6ddd0b18e52780f
2,mid,M_CAB,M_CBA,same_depth_closing,orthogonal_procrustes,mid__M_CAB__M_CBA,1.3108991934751398e-15,1.3138191023365668e-15,1.3066713386351156e-15,1.000000000000002,32,1.887379141862766e-15,2.5963004898715615e-15,2.0503399975299733e-15,1.6380421511878505e-15,2.6961657669529184e-15,/Users/tinggong/Documents/Codex/2026-07-20/model-lineage-holonomy/work/TwistedMerge-model-lineage-holonomy/reports/tmp/model_lineage_holonomy/pilot/transport_maps_seed_2.npz,111d27921717363e48131a0baa031d568e6feeaa274ea1bfb6ddd0b18e52780f
2,mid,M_CBA,M_CAB,same_depth_closing,orthogonal_procrustes,mid__M_CBA__M_CAB,1.3108991934751398e-15,1.3138191023365668e-15,1.3066713386351156e-15,1.000000000000002,32,1.887379141862766e-15,2.5963004898715615e-15,2.0503399975299733e-15,1.6380421511878505e-15,2.6961657669529184e-15,/Users/tinggong/Documents/Codex/2026-07-20/model-lineage-holonomy/work/TwistedMerge-model-lineage-holonomy/reports/tmp/model_lineage_holonomy/pilot/transport_maps_seed_2.npz,111d27921717363e48131a0baa031d568e6feeaa274ea1bfb6ddd0b18e52780f
2,mid,M_AB,M_BA,same_depth_closing,orthogonal_procrustes,mid__M_AB__M_BA,1.3108991934751398e-15,1.3138191023365668e-15,1.3066713386351156e-15,1.000000000000002,32,1.887379141862766e-15,2.5963004898715615e-15,2.0503399975299733e-15,1.6380421511878505e-15,2.6961657669529184e-15,/Users/tinggong/Documents/Codex/2026-07-20/model-lineage-holonomy/work/TwistedMerge-model-lineage-holonomy/reports/tmp/model_lineage_holonomy/pilot/transport_maps_seed_2.npz,111d27921717363e48131a0baa031d568e6feeaa274ea1bfb6ddd0b18e52780f
2,mid,M_BA,M_AB,same_depth_closing,orthogonal_procrustes,mid__M_BA__M_AB,1.3108991934751398e-15,1.3138191023365668e-15,1.3066713386351156e-15,1.000000000000002,32,1.887379141862766e-15,2.5963004898715615e-15,2.0503399975299733e-15,1.6380421511878505e-15,2.6961657669529184e-15,/Users/tinggong/Documents/Codex/2026-07-20/model-lineage-holonomy/work/TwistedMerge-model-lineage-holonomy/reports/tmp/model_lineage_holonomy/pilot/transport_maps_seed_2.npz,111d27921717363e48131a0baa031d568e6feeaa274ea1bfb6ddd0b18e52780f
2,mid,M_AC,M_CA,same_depth_closing,orthogonal_procrustes,mid__M_AC__M_CA,1.3108991934751398e-15,1.3138191023365668e-15,1.3066713386351156e-15,1.000000000000002,32,1.887379141862766e-15,2.5963004898715615e-15,2.0503399975299733e-15,1.6380421511878505e-15,2.6961657669529184e-15,/Users/tinggong/Documents/Codex/2026-07-20/model-lineage-holonomy/work/TwistedMerge-model-lineage-holonomy/reports/tmp/model_lineage_holonomy/pilot/transport_maps_seed_2.npz,111d27921717363e48131a0baa031d568e6feeaa274ea1bfb6ddd0b18e52780f
2,mid,M_CA,M_AC,same_depth_closing,orthogonal_procrustes,mid__M_CA__M_AC,1.3108991934751398e-15,1.3138191023365668e-15,1.3066713386351156e-15,1.000000000000002,32,1.887379141862766e-15,2.5963004898715615e-15,2.0503399975299733e-15,1.6380421511878505e-15,2.6961657669529184e-15,/Users/tinggong/Documents/Codex/2026-07-20/model-lineage-holonomy/work/TwistedMerge-model-lineage-holonomy/reports/tmp/model_lineage_holonomy/pilot/transport_maps_seed_2.npz,111d27921717363e48131a0baa031d568e6feeaa274ea1bfb6ddd0b18e52780f
2,mid,M_BC,M_CB,same_depth_closing,orthogonal_procrustes,mid__M_BC__M_CB,1.3108991934751398e-15,1.3138191023365668e-15,1.3066713386351156e-15,1.000000000000002,32,1.887379141862766e-15,2.5963004898715615e-15,2.0503399975299733e-15,1.6380421511878505e-15,2.6961657669529184e-15,/Users/tinggong/Documents/Codex/2026-07-20/model-lineage-holonomy/work/TwistedMerge-model-lineage-holonomy/reports/tmp/model_lineage_holonomy/pilot/transport_maps_seed_2.npz,111d27921717363e48131a0baa031d568e6feeaa274ea1bfb6ddd0b18e52780f
2,mid,M_CB,M_BC,same_depth_closing,orthogonal_procrustes,mid__M_CB__M_BC,1.3108991934751398e-15,1.3138191023365668e-15,1.3066713386351156e-15,1.000000000000002,32,1.887379141862766e-15,2.5963004898715615e-15,2.0503399975299733e-15,1.6380421511878505e-15,2.6961657669529184e-15,/Users/tinggong/Documents/Codex/2026-07-20/model-lineage-holonomy/work/TwistedMerge-model-lineage-holonomy/reports/tmp/model_lineage_holonomy/pilot/transport_maps_seed_2.npz,111d27921717363e48131a0baa031d568e6feeaa274ea1bfb6ddd0b18e52780f
2,mid,M_A,M_B,same_depth_closing,orthogonal_procrustes,mid__M_A__M_B,1.3108991934751398e-15,1.3138191023365668e-15,1.3066713386351156e-15,1.000000000000002,32,1.887379141862766e-15,2.5963004898715615e-15,2.0503399975299733e-15,1.6380421511878505e-15,2.6961657669529184e-15,/Users/tinggong/Documents/Codex/2026-07-20/model-lineage-holonomy/work/TwistedMerge-model-lineage-holonomy/reports/tmp/model_lineage_holonomy/pilot/transport_maps_seed_2.npz,111d27921717363e48131a0baa031d568e6feeaa274ea1bfb6ddd0b18e52780f
2,mid,M_B,M_A,same_depth_closing,orthogonal_procrustes,mid__M_B__M_A,1.3108991934751398e-15,1.3138191023365668e-15,1.3066713386351156e-15,1.000000000000002,32,1.887379141862766e-15,2.5963004898715615e-15,2.0503399975299733e-15,1.6380421511878505e-15,2.6961657669529184e-15,/Users/tinggong/Documents/Codex/2026-07-20/model-lineage-holonomy/work/TwistedMerge-model-lineage-holonomy/reports/tmp/model_lineage_holonomy/pilot/transport_maps_seed_2.npz,111d27921717363e48131a0baa031d568e6feeaa274ea1bfb6ddd0b18e52780f
2,mid,M_A,M_C,same_depth_closing,orthogonal_procrustes,mid__M_A__M_C,1.3108991934751398e-15,1.3138191023365668e-15,1.3066713386351156e-15,1.000000000000002,32,1.887379141862766e-15,2.5963004898715615e-15,2.0503399975299733e-15,1.6380421511878505e-15,2.6961657669529184e-15,/Users/tinggong/Documents/Codex/2026-07-20/model-lineage-holonomy/work/TwistedMerge-model-lineage-holonomy/reports/tmp/model_lineage_holonomy/pilot/transport_maps_seed_2.npz,111d27921717363e48131a0baa031d568e6feeaa274ea1bfb6ddd0b18e52780f
2,mid,M_C,M_A,same_depth_closing,orthogonal_procrustes,mid__M_C__M_A,1.3108991934751398e-15,1.3138191023365668e-15,1.3066713386351156e-15,1.000000000000002,32,1.887379141862766e-15,2.5963004898715615e-15,2.0503399975299733e-15,1.6380421511878505e-15,2.6961657669529184e-15,/Users/tinggong/Documents/Codex/2026-07-20/model-lineage-holonomy/work/TwistedMerge-model-lineage-holonomy/reports/tmp/model_lineage_holonomy/pilot/transport_maps_seed_2.npz,111d27921717363e48131a0baa031d568e6feeaa274ea1bfb6ddd0b18e52780f
2,mid,M_B,M_C,same_depth_closing,orthogonal_procrustes,mid__M_B__M_C,1.3108991934751398e-15,1.3138191023365668e-15,1.3066713386351156e-15,1.000000000000002,32,1.887379141862766e-15,2.5963004898715615e-15,2.0503399975299733e-15,1.6380421511878505e-15,2.6961657669529184e-15,/Users/tinggong/Documents/Codex/2026-07-20/model-lineage-holonomy/work/TwistedMerge-model-lineage-holonomy/reports/tmp/model_lineage_holonomy/pilot/transport_maps_seed_2.npz,111d27921717363e48131a0baa031d568e6feeaa274ea1bfb6ddd0b18e52780f
2,mid,M_C,M_B,same_depth_closing,orthogonal_procrustes,mid__M_C__M_B,1.3108991934751398e-15,1.3138191023365668e-15,1.3066713386351156e-15,1.000000000000002,32,1.887379141862766e-15,2.5963004898715615e-15,2.0503399975299733e-15,1.6380421511878505e-15,2.6961657669529184e-15,/Users/tinggong/Documents/Codex/2026-07-20/model-lineage-holonomy/work/TwistedMerge-model-lineage-holonomy/reports/tmp/model_lineage_holonomy/pilot/transport_maps_seed_2.npz,111d27921717363e48131a0baa031d568e6feeaa274ea1bfb6ddd0b18e52780f
2,late,M0,M_A,forward_lineage,orthogonal_procrustes,late__M0__M_A,1.9872152554625214e-15,1.9767284851002902e-15,1.9555563551800966e-15,1.0000000000000016,64,1.4432899320127035e-15,3.8878469334186305e-15,2.6844362706106337e-15,2.4757247646209116e-15,2.9441382347833087e-15,/Users/tinggong/Documents/Codex/2026-07-20/model-lineage-holonomy/work/TwistedMerge-model-lineage-holonomy/reports/tmp/model_lineage_holonomy/pilot/transport_maps_seed_2.npz,111d27921717363e48131a0baa031d568e6feeaa274ea1bfb6ddd0b18e52780f
2,late,M_A,M0,reverse_lineage,orthogonal_procrustes,late__M_A__M0,1.9872152554625214e-15,1.9767284851002902e-15,1.9555563551800966e-15,1.0000000000000016,64,1.4432899320127035e-15,3.8878469334186305e-15,2.6844362706106337e-15,2.4757247646209116e-15,2.9441382347833087e-15,/Users/tinggong/Documents/Codex/2026-07-20/model-lineage-holonomy/work/TwistedMerge-model-lineage-holonomy/reports/tmp/model_lineage_holonomy/pilot/transport_maps_seed_2.npz,111d27921717363e48131a0baa031d568e6feeaa274ea1bfb6ddd0b18e52780f
2,late,M0,M_B,forward_lineage,orthogonal_procrustes,late__M0__M_B,1.9872152554625214e-15,1.9767284851002902e-15,1.9555563551800966e-15,1.0000000000000016,64,1.4432899320127035e-15,3.8878469334186305e-15,2.6844362706106337e-15,2.4757247646209116e-15,2.9441382347833087e-15,/Users/tinggong/Documents/Codex/2026-07-20/model-lineage-holonomy/work/TwistedMerge-model-lineage-holonomy/reports/tmp/model_lineage_holonomy/pilot/transport_maps_seed_2.npz,111d27921717363e48131a0baa031d568e6feeaa274ea1bfb6ddd0b18e52780f
2,late,M_B,M0,reverse_lineage,orthogonal_procrustes,late__M_B__M0,1.9872152554625214e-15,1.9767284851002902e-15,1.9555563551800966e-15,1.0000000000000016,64,1.4432899320127035e-15,3.8878469334186305e-15,2.6844362706106337e-15,2.4757247646209116e-15,2.9441382347833087e-15,/Users/tinggong/Documents/Codex/2026-07-20/model-lineage-holonomy/work/TwistedMerge-model-lineage-holonomy/reports/tmp/model_lineage_holonomy/pilot/transport_maps_seed_2.npz,111d27921717363e48131a0baa031d568e6feeaa274ea1bfb6ddd0b18e52780f
2,late,M0,M_C,forward_lineage,orthogonal_procrustes,late__M0__M_C,1.9872152554625214e-15,1.9767284851002902e-15,1.9555563551800966e-15,1.0000000000000016,64,1.4432899320127035e-15,3.8878469334186305e-15,2.6844362706106337e-15,2.4757247646209116e-15,2.9441382347833087e-15,/Users/tinggong/Documents/Codex/2026-07-20/model-lineage-holonomy/work/TwistedMerge-model-lineage-holonomy/reports/tmp/model_lineage_holonomy/pilot/transport_maps_seed_2.npz,111d27921717363e48131a0baa031d568e6feeaa274ea1bfb6ddd0b18e52780f
2,late,M_C,M0,reverse_lineage,orthogonal_procrustes,late__M_C__M0,1.9872152554625214e-15,1.9767284851002902e-15,1.9555563551800966e-15,1.0000000000000016,64,1.4432899320127035e-15,3.8878469334186305e-15,2.6844362706106337e-15,2.4757247646209116e-15,2.9441382347833087e-15,/Users/tinggong/Documents/Codex/2026-07-20/model-lineage-holonomy/work/TwistedMerge-model-lineage-holonomy/reports/tmp/model_lineage_holonomy/pilot/transport_maps_seed_2.npz,111d27921717363e48131a0baa031d568e6feeaa274ea1bfb6ddd0b18e52780f
2,late,M_A,M_AB,forward_lineage,orthogonal_procrustes,late__M_A__M_AB,1.9872152554625214e-15,1.9767284851002902e-15,1.9555563551800966e-15,1.0000000000000016,64,1.4432899320127035e-15,3.8878469334186305e-15,2.6844362706106337e-15,2.4757247646209116e-15,2.9441382347833087e-15,/Users/tinggong/Documents/Codex/2026-07-20/model-lineage-holonomy/work/TwistedMerge-model-lineage-holonomy/reports/tmp/model_lineage_holonomy/pilot/transport_maps_seed_2.npz,111d27921717363e48131a0baa031d568e6feeaa274ea1bfb6ddd0b18e52780f
2,late,M_AB,M_A,reverse_lineage,orthogonal_procrustes,late__M_AB__M_A,1.9872152554625214e-15,1.9767284851002902e-15,1.9555563551800966e-15,1.0000000000000016,64,1.4432899320127035e-15,3.8878469334186305e-15,2.6844362706106337e-15,2.4757247646209116e-15,2.9441382347833087e-15,/Users/tinggong/Documents/Codex/2026-07-20/model-lineage-holonomy/work/TwistedMerge-model-lineage-holonomy/reports/tmp/model_lineage_holonomy/pilot/transport_maps_seed_2.npz,111d27921717363e48131a0baa031d568e6feeaa274ea1bfb6ddd0b18e52780f
2,late,M_A,M_AC,forward_lineage,orthogonal_procrustes,late__M_A__M_AC,1.9872152554625214e-15,1.9767284851002902e-15,1.9555563551800966e-15,1.0000000000000016,64,1.4432899320127035e-15,3.8878469334186305e-15,2.6844362706106337e-15,2.4757247646209116e-15,2.9441382347833087e-15,/Users/tinggong/Documents/Codex/2026-07-20/model-lineage-holonomy/work/TwistedMerge-model-lineage-holonomy/reports/tmp/model_lineage_holonomy/pilot/transport_maps_seed_2.npz,111d27921717363e48131a0baa031d568e6feeaa274ea1bfb6ddd0b18e52780f
2,late,M_AC,M_A,reverse_lineage,orthogonal_procrustes,late__M_AC__M_A,1.9872152554625214e-15,1.9767284851002902e-15,1.9555563551800966e-15,1.0000000000000016,64,1.4432899320127035e-15,3.8878469334186305e-15,2.6844362706106337e-15,2.4757247646209116e-15,2.9441382347833087e-15,/Users/tinggong/Documents/Codex/2026-07-20/model-lineage-holonomy/work/TwistedMerge-model-lineage-holonomy/reports/tmp/model_lineage_holonomy/pilot/transport_maps_seed_2.npz,111d27921717363e48131a0baa031d568e6feeaa274ea1bfb6ddd0b18e52780f
2,late,M_B,M_BA,forward_lineage,orthogonal_procrustes,late__M_B__M_BA,1.9872152554625214e-15,1.9767284851002902e-15,1.9555563551800966e-15,1.0000000000000016,64,1.4432899320127035e-15,3.8878469334186305e-15,2.6844362706106337e-15,2.4757247646209116e-15,2.9441382347833087e-15,/Users/tinggong/Documents/Codex/2026-07-20/model-lineage-holonomy/work/TwistedMerge-model-lineage-holonomy/reports/tmp/model_lineage_holonomy/pilot/transport_maps_seed_2.npz,111d27921717363e48131a0baa031d568e6feeaa274ea1bfb6ddd0b18e52780f
2,late,M_BA,M_B,reverse_lineage,orthogonal_procrustes,late__M_BA__M_B,1.9872152554625214e-15,1.9767284851002902e-15,1.9555563551800966e-15,1.0000000000000016,64,1.4432899320127035e-15,3.8878469334186305e-15,2.6844362706106337e-15,2.4757247646209116e-15,2.9441382347833087e-15,/Users/tinggong/Documents/Codex/2026-07-20/model-lineage-holonomy/work/TwistedMerge-model-lineage-holonomy/reports/tmp/model_lineage_holonomy/pilot/transport_maps_seed_2.npz,111d27921717363e48131a0baa031d568e6feeaa274ea1bfb6ddd0b18e52780f
2,late,M_B,M_BC,forward_lineage,orthogonal_procrustes,late__M_B__M_BC,1.9872152554625214e-15,1.9767284851002902e-15,1.9555563551800966e-15,1.0000000000000016,64,1.4432899320127035e-15,3.8878469334186305e-15,2.6844362706106337e-15,2.4757247646209116e-15,2.9441382347833087e-15,/Users/tinggong/Documents/Codex/2026-07-20/model-lineage-holonomy/work/TwistedMerge-model-lineage-holonomy/reports/tmp/model_lineage_holonomy/pilot/transport_maps_seed_2.npz,111d27921717363e48131a0baa031d568e6feeaa274ea1bfb6ddd0b18e52780f
2,late,M_BC,M_B,reverse_lineage,orthogonal_procrustes,late__M_BC__M_B,1.9872152554625214e-15,1.9767284851002902e-15,1.9555563551800966e-15,1.0000000000000016,64,1.4432899320127035e-15,3.8878469334186305e-15,2.6844362706106337e-15,2.4757247646209116e-15,2.9441382347833087e-15,/Users/tinggong/Documents/Codex/2026-07-20/model-lineage-holonomy/work/TwistedMerge-model-lineage-holonomy/reports/tmp/model_lineage_holonomy/pilot/transport_maps_seed_2.npz,111d27921717363e48131a0baa031d568e6feeaa274ea1bfb6ddd0b18e52780f
2,late,M_C,M_CA,forward_lineage,orthogonal_procrustes,late__M_C__M_CA,1.9872152554625214e-15,1.9767284851002902e-15,1.9555563551800966e-15,1.0000000000000016,64,1.4432899320127035e-15,3.8878469334186305e-15,2.6844362706106337e-15,2.4757247646209116e-15,2.9441382347833087e-15,/Users/tinggong/Documents/Codex/2026-07-20/model-lineage-holonomy/work/TwistedMerge-model-lineage-holonomy/reports/tmp/model_lineage_holonomy/pilot/transport_maps_seed_2.npz,111d27921717363e48131a0baa031d568e6feeaa274ea1bfb6ddd0b18e52780f
2,late,M_CA,M_C,reverse_lineage,orthogonal_procrustes,late__M_CA__M_C,1.9872152554625214e-15,1.9767284851002902e-15,1.9555563551800966e-15,1.0000000000000016,64,1.4432899320127035e-15,3.8878469334186305e-15,2.6844362706106337e-15,2.4757247646209116e-15,2.9441382347833087e-15,/Users/tinggong/Documents/Codex/2026-07-20/model-lineage-holonomy/work/TwistedMerge-model-lineage-holonomy/reports/tmp/model_lineage_holonomy/pilot/transport_maps_seed_2.npz,111d27921717363e48131a0baa031d568e6feeaa274ea1bfb6ddd0b18e52780f
2,late,M_C,M_CB,forward_lineage,orthogonal_procrustes,late__M_C__M_CB,1.9872152554625214e-15,1.9767284851002902e-15,1.9555563551800966e-15,1.0000000000000016,64,1.4432899320127035e-15,3.8878469334186305e-15,2.6844362706106337e-15,2.4757247646209116e-15,2.9441382347833087e-15,/Users/tinggong/Documents/Codex/2026-07-20/model-lineage-holonomy/work/TwistedMerge-model-lineage-holonomy/reports/tmp/model_lineage_holonomy/pilot/transport_maps_seed_2.npz,111d27921717363e48131a0baa031d568e6feeaa274ea1bfb6ddd0b18e52780f
2,late,M_CB,M_C,reverse_lineage,orthogonal_procrustes,late__M_CB__M_C,1.9872152554625214e-15,1.9767284851002902e-15,1.9555563551800966e-15,1.0000000000000016,64,1.4432899320127035e-15,3.8878469334186305e-15,2.6844362706106337e-15,2.4757247646209116e-15,2.9441382347833087e-15,/Users/tinggong/Documents/Codex/2026-07-20/model-lineage-holonomy/work/TwistedMerge-model-lineage-holonomy/reports/tmp/model_lineage_holonomy/pilot/transport_maps_seed_2.npz,111d27921717363e48131a0baa031d568e6feeaa274ea1bfb6ddd0b18e52780f
2,late,M_AB,M_ABC,forward_lineage,orthogonal_procrustes,late__M_AB__M_ABC,1.9872152554625214e-15,1.9767284851002902e-15,1.9555563551800966e-15,1.0000000000000016,64,1.4432899320127035e-15,3.8878469334186305e-15,2.6844362706106337e-15,2.4757247646209116e-15,2.9441382347833087e-15,/Users/tinggong/Documents/Codex/2026-07-20/model-lineage-holonomy/work/TwistedMerge-model-lineage-holonomy/reports/tmp/model_lineage_holonomy/pilot/transport_maps_seed_2.npz,111d27921717363e48131a0baa031d568e6feeaa274ea1bfb6ddd0b18e52780f
2,late,M_ABC,M_AB,reverse_lineage,orthogonal_procrustes,late__M_ABC__M_AB,1.9872152554625214e-15,1.9767284851002902e-15,1.9555563551800966e-15,1.0000000000000016,64,1.4432899320127035e-15,3.8878469334186305e-15,2.6844362706106337e-15,2.4757247646209116e-15,2.9441382347833087e-15,/Users/tinggong/Documents/Codex/2026-07-20/model-lineage-holonomy/work/TwistedMerge-model-lineage-holonomy/reports/tmp/model_lineage_holonomy/pilot/transport_maps_seed_2.npz,111d27921717363e48131a0baa031d568e6feeaa274ea1bfb6ddd0b18e52780f
2,late,M_AC,M_ACB,forward_lineage,orthogonal_procrustes,late__M_AC__M_ACB,1.9872152554625214e-15,1.9767284851002902e-15,1.9555563551800966e-15,1.0000000000000016,64,1.4432899320127035e-15,3.8878469334186305e-15,2.6844362706106337e-15,2.4757247646209116e-15,2.9441382347833087e-15,/Users/tinggong/Documents/Codex/2026-07-20/model-lineage-holonomy/work/TwistedMerge-model-lineage-holonomy/reports/tmp/model_lineage_holonomy/pilot/transport_maps_seed_2.npz,111d27921717363e48131a0baa031d568e6feeaa274ea1bfb6ddd0b18e52780f
2,late,M_ACB,M_AC,reverse_lineage,orthogonal_procrustes,late__M_ACB__M_AC,1.9872152554625214e-15,1.9767284851002902e-15,1.9555563551800966e-15,1.0000000000000016,64,1.4432899320127035e-15,3.8878469334186305e-15,2.6844362706106337e-15,2.4757247646209116e-15,2.9441382347833087e-15,/Users/tinggong/Documents/Codex/2026-07-20/model-lineage-holonomy/work/TwistedMerge-model-lineage-holonomy/reports/tmp/model_lineage_holonomy/pilot/transport_maps_seed_2.npz,111d27921717363e48131a0baa031d568e6feeaa274ea1bfb6ddd0b18e52780f
2,late,M_BA,M_BAC,forward_lineage,orthogonal_procrustes,late__M_BA__M_BAC,1.9872152554625214e-15,1.9767284851002902e-15,1.9555563551800966e-15,1.0000000000000016,64,1.4432899320127035e-15,3.8878469334186305e-15,2.6844362706106337e-15,2.4757247646209116e-15,2.9441382347833087e-15,/Users/tinggong/Documents/Codex/2026-07-20/model-lineage-holonomy/work/TwistedMerge-model-lineage-holonomy/reports/tmp/model_lineage_holonomy/pilot/transport_maps_seed_2.npz,111d27921717363e48131a0baa031d568e6feeaa274ea1bfb6ddd0b18e52780f
2,late,M_BAC,M_BA,reverse_lineage,orthogonal_procrustes,late__M_BAC__M_BA,1.9872152554625214e-15,1.9767284851002902e-15,1.9555563551800966e-15,1.0000000000000016,64,1.4432899320127035e-15,3.8878469334186305e-15,2.6844362706106337e-15,2.4757247646209116e-15,2.9441382347833087e-15,/Users/tinggong/Documents/Codex/2026-07-20/model-lineage-holonomy/work/TwistedMerge-model-lineage-holonomy/reports/tmp/model_lineage_holonomy/pilot/transport_maps_seed_2.npz,111d27921717363e48131a0baa031d568e6feeaa274ea1bfb6ddd0b18e52780f
2,late,M_BC,M_BCA,forward_lineage,orthogonal_procrustes,late__M_BC__M_BCA,1.9872152554625214e-15,1.9767284851002902e-15,1.9555563551800966e-15,1.0000000000000016,64,1.4432899320127035e-15,3.8878469334186305e-15,2.6844362706106337e-15,2.4757247646209116e-15,2.9441382347833087e-15,/Users/tinggong/Documents/Codex/2026-07-20/model-lineage-holonomy/work/TwistedMerge-model-lineage-holonomy/reports/tmp/model_lineage_holonomy/pilot/transport_maps_seed_2.npz,111d27921717363e48131a0baa031d568e6feeaa274ea1bfb6ddd0b18e52780f
2,late,M_BCA,M_BC,reverse_lineage,orthogonal_procrustes,late__M_BCA__M_BC,1.9872152554625214e-15,1.9767284851002902e-15,1.9555563551800966e-15,1.0000000000000016,64,1.4432899320127035e-15,3.8878469334186305e-15,2.6844362706106337e-15,2.4757247646209116e-15,2.9441382347833087e-15,/Users/tinggong/Documents/Codex/2026-07-20/model-lineage-holonomy/work/TwistedMerge-model-lineage-holonomy/reports/tmp/model_lineage_holonomy/pilot/transport_maps_seed_2.npz,111d27921717363e48131a0baa031d568e6feeaa274ea1bfb6ddd0b18e52780f
2,late,M_CA,M_CAB,forward_lineage,orthogonal_procrustes,late__M_CA__M_CAB,1.9872152554625214e-15,1.9767284851002902e-15,1.9555563551800966e-15,1.0000000000000016,64,1.4432899320127035e-15,3.8878469334186305e-15,2.6844362706106337e-15,2.4757247646209116e-15,2.9441382347833087e-15,/Users/tinggong/Documents/Codex/2026-07-20/model-lineage-holonomy/work/TwistedMerge-model-lineage-holonomy/reports/tmp/model_lineage_holonomy/pilot/transport_maps_seed_2.npz,111d27921717363e48131a0baa031d568e6feeaa274ea1bfb6ddd0b18e52780f
2,late,M_CAB,M_CA,reverse_lineage,orthogonal_procrustes,late__M_CAB__M_CA,1.9872152554625214e-15,1.9767284851002902e-15,1.9555563551800966e-15,1.0000000000000016,64,1.4432899320127035e-15,3.8878469334186305e-15,2.6844362706106337e-15,2.4757247646209116e-15,2.9441382347833087e-15,/Users/tinggong/Documents/Codex/2026-07-20/model-lineage-holonomy/work/TwistedMerge-model-lineage-holonomy/reports/tmp/model_lineage_holonomy/pilot/transport_maps_seed_2.npz,111d27921717363e48131a0baa031d568e6feeaa274ea1bfb6ddd0b18e52780f
2,late,M_CB,M_CBA,forward_lineage,orthogonal_procrustes,late__M_CB__M_CBA,1.9872152554625214e-15,1.9767284851002902e-15,1.9555563551800966e-15,1.0000000000000016,64,1.4432899320127035e-15,3.8878469334186305e-15,2.6844362706106337e-15,2.4757247646209116e-15,2.9441382347833087e-15,/Users/tinggong/Documents/Codex/2026-07-20/model-lineage-holonomy/work/TwistedMerge-model-lineage-holonomy/reports/tmp/model_lineage_holonomy/pilot/transport_maps_seed_2.npz,111d27921717363e48131a0baa031d568e6feeaa274ea1bfb6ddd0b18e52780f
2,late,M_CBA,M_CB,reverse_lineage,orthogonal_procrustes,late__M_CBA__M_CB,1.9872152554625214e-15,1.9767284851002902e-15,1.9555563551800966e-15,1.0000000000000016,64,1.4432899320127035e-15,3.8878469334186305e-15,2.6844362706106337e-15,2.4757247646209116e-15,2.9441382347833087e-15,/Users/tinggong/Documents/Codex/2026-07-20/model-lineage-holonomy/work/TwistedMerge-model-lineage-holonomy/reports/tmp/model_lineage_holonomy/pilot/transport_maps_seed_2.npz,111d27921717363e48131a0baa031d568e6feeaa274ea1bfb6ddd0b18e52780f
2,late,M_AB,M_B,loop_closing,orthogonal_procrustes,late__M_AB__M_B,1.9872152554625214e-15,1.9767284851002902e-15,1.9555563551800966e-15,1.0000000000000016,64,1.4432899320127035e-15,3.8878469334186305e-15,2.6844362706106337e-15,2.4757247646209116e-15,2.9441382347833087e-15,/Users/tinggong/Documents/Codex/2026-07-20/model-lineage-holonomy/work/TwistedMerge-model-lineage-holonomy/reports/tmp/model_lineage_holonomy/pilot/transport_maps_seed_2.npz,111d27921717363e48131a0baa031d568e6feeaa274ea1bfb6ddd0b18e52780f
2,late,M_B,M_AB,loop_closing,orthogonal_procrustes,late__M_B__M_AB,1.9872152554625214e-15,1.9767284851002902e-15,1.9555563551800966e-15,1.0000000000000016,64,1.4432899320127035e-15,3.8878469334186305e-15,2.6844362706106337e-15,2.4757247646209116e-15,2.9441382347833087e-15,/Users/tinggong/Documents/Codex/2026-07-20/model-lineage-holonomy/work/TwistedMerge-model-lineage-holonomy/reports/tmp/model_lineage_holonomy/pilot/transport_maps_seed_2.npz,111d27921717363e48131a0baa031d568e6feeaa274ea1bfb6ddd0b18e52780f
2,late,M_AC,M_C,loop_closing,orthogonal_procrustes,late__M_AC__M_C,1.9872152554625214e-15,1.9767284851002902e-15,1.9555563551800966e-15,1.0000000000000016,64,1.4432899320127035e-15,3.8878469334186305e-15,2.6844362706106337e-15,2.4757247646209116e-15,2.9441382347833087e-15,/Users/tinggong/Documents/Codex/2026-07-20/model-lineage-holonomy/work/TwistedMerge-model-lineage-holonomy/reports/tmp/model_lineage_holonomy/pilot/transport_maps_seed_2.npz,111d27921717363e48131a0baa031d568e6feeaa274ea1bfb6ddd0b18e52780f
2,late,M_C,M_AC,loop_closing,orthogonal_procrustes,late__M_C__M_AC,1.9872152554625214e-15,1.9767284851002902e-15,1.9555563551800966e-15,1.0000000000000016,64,1.4432899320127035e-15,3.8878469334186305e-15,2.6844362706106337e-15,2.4757247646209116e-15,2.9441382347833087e-15,/Users/tinggong/Documents/Codex/2026-07-20/model-lineage-holonomy/work/TwistedMerge-model-lineage-holonomy/reports/tmp/model_lineage_holonomy/pilot/transport_maps_seed_2.npz,111d27921717363e48131a0baa031d568e6feeaa274ea1bfb6ddd0b18e52780f
2,late,M_BC,M_C,loop_closing,orthogonal_procrustes,late__M_BC__M_C,1.9872152554625214e-15,1.9767284851002902e-15,1.9555563551800966e-15,1.0000000000000016,64,1.4432899320127035e-15,3.8878469334186305e-15,2.6844362706106337e-15,2.4757247646209116e-15,2.9441382347833087e-15,/Users/tinggong/Documents/Codex/2026-07-20/model-lineage-holonomy/work/TwistedMerge-model-lineage-holonomy/reports/tmp/model_lineage_holonomy/pilot/transport_maps_seed_2.npz,111d27921717363e48131a0baa031d568e6feeaa274ea1bfb6ddd0b18e52780f
2,late,M_C,M_BC,loop_closing,orthogonal_procrustes,late__M_C__M_BC,1.9872152554625214e-15,1.9767284851002902e-15,1.9555563551800966e-15,1.0000000000000016,64,1.4432899320127035e-15,3.8878469334186305e-15,2.6844362706106337e-15,2.4757247646209116e-15,2.9441382347833087e-15,/Users/tinggong/Documents/Codex/2026-07-20/model-lineage-holonomy/work/TwistedMerge-model-lineage-holonomy/reports/tmp/model_lineage_holonomy/pilot/transport_maps_seed_2.npz,111d27921717363e48131a0baa031d568e6feeaa274ea1bfb6ddd0b18e52780f
2,late,M_ABC,M_BAC,same_depth_closing,orthogonal_procrustes,late__M_ABC__M_BAC,1.9872152554625214e-15,1.9767284851002902e-15,1.9555563551800966e-15,1.0000000000000016,64,1.4432899320127035e-15,3.8878469334186305e-15,2.6844362706106337e-15,2.4757247646209116e-15,2.9441382347833087e-15,/Users/tinggong/Documents/Codex/2026-07-20/model-lineage-holonomy/work/TwistedMerge-model-lineage-holonomy/reports/tmp/model_lineage_holonomy/pilot/transport_maps_seed_2.npz,111d27921717363e48131a0baa031d568e6feeaa274ea1bfb6ddd0b18e52780f
2,late,M_BAC,M_ABC,same_depth_closing,orthogonal_procrustes,late__M_BAC__M_ABC,1.9872152554625214e-15,1.9767284851002902e-15,1.9555563551800966e-15,1.0000000000000016,64,1.4432899320127035e-15,3.8878469334186305e-15,2.6844362706106337e-15,2.4757247646209116e-15,2.9441382347833087e-15,/Users/tinggong/Documents/Codex/2026-07-20/model-lineage-holonomy/work/TwistedMerge-model-lineage-holonomy/reports/tmp/model_lineage_holonomy/pilot/transport_maps_seed_2.npz,111d27921717363e48131a0baa031d568e6feeaa274ea1bfb6ddd0b18e52780f
2,late,M_ABC,M_ACB,same_depth_closing,orthogonal_procrustes,late__M_ABC__M_ACB,1.9872152554625214e-15,1.9767284851002902e-15,1.9555563551800966e-15,1.0000000000000016,64,1.4432899320127035e-15,3.8878469334186305e-15,2.6844362706106337e-15,2.4757247646209116e-15,2.9441382347833087e-15,/Users/tinggong/Documents/Codex/2026-07-20/model-lineage-holonomy/work/TwistedMerge-model-lineage-holonomy/reports/tmp/model_lineage_holonomy/pilot/transport_maps_seed_2.npz,111d27921717363e48131a0baa031d568e6feeaa274ea1bfb6ddd0b18e52780f
2,late,M_ACB,M_ABC,same_depth_closing,orthogonal_procrustes,late__M_ACB__M_ABC,1.9872152554625214e-15,1.9767284851002902e-15,1.9555563551800966e-15,1.0000000000000016,64,1.4432899320127035e-15,3.8878469334186305e-15,2.6844362706106337e-15,2.4757247646209116e-15,2.9441382347833087e-15,/Users/tinggong/Documents/Codex/2026-07-20/model-lineage-holonomy/work/TwistedMerge-model-lineage-holonomy/reports/tmp/model_lineage_holonomy/pilot/transport_maps_seed_2.npz,111d27921717363e48131a0baa031d568e6feeaa274ea1bfb6ddd0b18e52780f
2,late,M_ACB,M_CAB,same_depth_closing,orthogonal_procrustes,late__M_ACB__M_CAB,1.9872152554625214e-15,1.9767284851002902e-15,1.9555563551800966e-15,1.0000000000000016,64,1.4432899320127035e-15,3.8878469334186305e-15,2.6844362706106337e-15,2.4757247646209116e-15,2.9441382347833087e-15,/Users/tinggong/Documents/Codex/2026-07-20/model-lineage-holonomy/work/TwistedMerge-model-lineage-holonomy/reports/tmp/model_lineage_holonomy/pilot/transport_maps_seed_2.npz,111d27921717363e48131a0baa031d568e6feeaa274ea1bfb6ddd0b18e52780f
2,late,M_CAB,M_ACB,same_depth_closing,orthogonal_procrustes,late__M_CAB__M_ACB,1.9872152554625214e-15,1.9767284851002902e-15,1.9555563551800966e-15,1.0000000000000016,64,1.4432899320127035e-15,3.8878469334186305e-15,2.6844362706106337e-15,2.4757247646209116e-15,2.9441382347833087e-15,/Users/tinggong/Documents/Codex/2026-07-20/model-lineage-holonomy/work/TwistedMerge-model-lineage-holonomy/reports/tmp/model_lineage_holonomy/pilot/transport_maps_seed_2.npz,111d27921717363e48131a0baa031d568e6feeaa274ea1bfb6ddd0b18e52780f
2,late,M_BAC,M_BCA,same_depth_closing,orthogonal_procrustes,late__M_BAC__M_BCA,1.9872152554625214e-15,1.9767284851002902e-15,1.9555563551800966e-15,1.0000000000000016,64,1.4432899320127035e-15,3.8878469334186305e-15,2.6844362706106337e-15,2.4757247646209116e-15,2.9441382347833087e-15,/Users/tinggong/Documents/Codex/2026-07-20/model-lineage-holonomy/work/TwistedMerge-model-lineage-holonomy/reports/tmp/model_lineage_holonomy/pilot/transport_maps_seed_2.npz,111d27921717363e48131a0baa031d568e6feeaa274ea1bfb6ddd0b18e52780f
2,late,M_BCA,M_BAC,same_depth_closing,orthogonal_procrustes,late__M_BCA__M_BAC,1.9872152554625214e-15,1.9767284851002902e-15,1.9555563551800966e-15,1.0000000000000016,64,1.4432899320127035e-15,3.8878469334186305e-15,2.6844362706106337e-15,2.4757247646209116e-15,2.9441382347833087e-15,/Users/tinggong/Documents/Codex/2026-07-20/model-lineage-holonomy/work/TwistedMerge-model-lineage-holonomy/reports/tmp/model_lineage_holonomy/pilot/transport_maps_seed_2.npz,111d27921717363e48131a0baa031d568e6feeaa274ea1bfb6ddd0b18e52780f
2,late,M_BCA,M_CBA,same_depth_closing,orthogonal_procrustes,late__M_BCA__M_CBA,1.9872152554625214e-15,1.9767284851002902e-15,1.9555563551800966e-15,1.0000000000000016,64,1.4432899320127035e-15,3.8878469334186305e-15,2.6844362706106337e-15,2.4757247646209116e-15,2.9441382347833087e-15,/Users/tinggong/Documents/Codex/2026-07-20/model-lineage-holonomy/work/TwistedMerge-model-lineage-holonomy/reports/tmp/model_lineage_holonomy/pilot/transport_maps_seed_2.npz,111d27921717363e48131a0baa031d568e6feeaa274ea1bfb6ddd0b18e52780f
2,late,M_CBA,M_BCA,same_depth_closing,orthogonal_procrustes,late__M_CBA__M_BCA,1.9872152554625214e-15,1.9767284851002902e-15,1.9555563551800966e-15,1.0000000000000016,64,1.4432899320127035e-15,3.8878469334186305e-15,2.6844362706106337e-15,2.4757247646209116e-15,2.9441382347833087e-15,/Users/tinggong/Documents/Codex/2026-07-20/model-lineage-holonomy/work/TwistedMerge-model-lineage-holonomy/reports/tmp/model_lineage_holonomy/pilot/transport_maps_seed_2.npz,111d27921717363e48131a0baa031d568e6feeaa274ea1bfb6ddd0b18e52780f
2,late,M_CAB,M_CBA,same_depth_closing,orthogonal_procrustes,late__M_CAB__M_CBA,1.9872152554625214e-15,1.9767284851002902e-15,1.9555563551800966e-15,1.0000000000000016,64,1.4432899320127035e-15,3.8878469334186305e-15,2.6844362706106337e-15,2.4757247646209116e-15,2.9441382347833087e-15,/Users/tinggong/Documents/Codex/2026-07-20/model-lineage-holonomy/work/TwistedMerge-model-lineage-holonomy/reports/tmp/model_lineage_holonomy/pilot/transport_maps_seed_2.npz,111d27921717363e48131a0baa031d568e6feeaa274ea1bfb6ddd0b18e52780f
2,late,M_CBA,M_CAB,same_depth_closing,orthogonal_procrustes,late__M_CBA__M_CAB,1.9872152554625214e-15,1.9767284851002902e-15,1.9555563551800966e-15,1.0000000000000016,64,1.4432899320127035e-15,3.8878469334186305e-15,2.6844362706106337e-15,2.4757247646209116e-15,2.9441382347833087e-15,/Users/tinggong/Documents/Codex/2026-07-20/model-lineage-holonomy/work/TwistedMerge-model-lineage-holonomy/reports/tmp/model_lineage_holonomy/pilot/transport_maps_seed_2.npz,111d27921717363e48131a0baa031d568e6feeaa274ea1bfb6ddd0b18e52780f
2,late,M_AB,M_BA,same_depth_closing,orthogonal_procrustes,late__M_AB__M_BA,1.9872152554625214e-15,1.9767284851002902e-15,1.9555563551800966e-15,1.0000000000000016,64,1.4432899320127035e-15,3.8878469334186305e-15,2.6844362706106337e-15,2.4757247646209116e-15,2.9441382347833087e-15,/Users/tinggong/Documents/Codex/2026-07-20/model-lineage-holonomy/work/TwistedMerge-model-lineage-holonomy/reports/tmp/model_lineage_holonomy/pilot/transport_maps_seed_2.npz,111d27921717363e48131a0baa031d568e6feeaa274ea1bfb6ddd0b18e52780f
2,late,M_BA,M_AB,same_depth_closing,orthogonal_procrustes,late__M_BA__M_AB,1.9872152554625214e-15,1.9767284851002902e-15,1.9555563551800966e-15,1.0000000000000016,64,1.4432899320127035e-15,3.8878469334186305e-15,2.6844362706106337e-15,2.4757247646209116e-15,2.9441382347833087e-15,/Users/tinggong/Documents/Codex/2026-07-20/model-lineage-holonomy/work/TwistedMerge-model-lineage-holonomy/reports/tmp/model_lineage_holonomy/pilot/transport_maps_seed_2.npz,111d27921717363e48131a0baa031d568e6feeaa274ea1bfb6ddd0b18e52780f
2,late,M_AC,M_CA,same_depth_closing,orthogonal_procrustes,late__M_AC__M_CA,1.9872152554625214e-15,1.9767284851002902e-15,1.9555563551800966e-15,1.0000000000000016,64,1.4432899320127035e-15,3.8878469334186305e-15,2.6844362706106337e-15,2.4757247646209116e-15,2.9441382347833087e-15,/Users/tinggong/Documents/Codex/2026-07-20/model-lineage-holonomy/work/TwistedMerge-model-lineage-holonomy/reports/tmp/model_lineage_holonomy/pilot/transport_maps_seed_2.npz,111d27921717363e48131a0baa031d568e6feeaa274ea1bfb6ddd0b18e52780f
2,late,M_CA,M_AC,same_depth_closing,orthogonal_procrustes,late__M_CA__M_AC,1.9872152554625214e-15,1.9767284851002902e-15,1.9555563551800966e-15,1.0000000000000016,64,1.4432899320127035e-15,3.8878469334186305e-15,2.6844362706106337e-15,2.4757247646209116e-15,2.9441382347833087e-15,/Users/tinggong/Documents/Codex/2026-07-20/model-lineage-holonomy/work/TwistedMerge-model-lineage-holonomy/reports/tmp/model_lineage_holonomy/pilot/transport_maps_seed_2.npz,111d27921717363e48131a0baa031d568e6feeaa274ea1bfb6ddd0b18e52780f
2,late,M_BC,M_CB,same_depth_closing,orthogonal_procrustes,late__M_BC__M_CB,1.9872152554625214e-15,1.9767284851002902e-15,1.9555563551800966e-15,1.0000000000000016,64,1.4432899320127035e-15,3.8878469334186305e-15,2.6844362706106337e-15,2.4757247646209116e-15,2.9441382347833087e-15,/Users/tinggong/Documents/Codex/2026-07-20/model-lineage-holonomy/work/TwistedMerge-model-lineage-holonomy/reports/tmp/model_lineage_holonomy/pilot/transport_maps_seed_2.npz,111d27921717363e48131a0baa031d568e6feeaa274ea1bfb6ddd0b18e52780f
2,late,M_CB,M_BC,same_depth_closing,orthogonal_procrustes,late__M_CB__M_BC,1.9872152554625214e-15,1.9767284851002902e-15,1.9555563551800966e-15,1.0000000000000016,64,1.4432899320127035e-15,3.8878469334186305e-15,2.6844362706106337e-15,2.4757247646209116e-15,2.9441382347833087e-15,/Users/tinggong/Documents/Codex/2026-07-20/model-lineage-holonomy/work/TwistedMerge-model-lineage-holonomy/reports/tmp/model_lineage_holonomy/pilot/transport_maps_seed_2.npz,111d27921717363e48131a0baa031d568e6feeaa274ea1bfb6ddd0b18e52780f
2,late,M_A,M_B,same_depth_closing,orthogonal_procrustes,late__M_A__M_B,1.9872152554625214e-15,1.9767284851002902e-15,1.9555563551800966e-15,1.0000000000000016,64,1.4432899320127035e-15,3.8878469334186305e-15,2.6844362706106337e-15,2.4757247646209116e-15,2.9441382347833087e-15,/Users/tinggong/Documents/Codex/2026-07-20/model-lineage-holonomy/work/TwistedMerge-model-lineage-holonomy/reports/tmp/model_lineage_holonomy/pilot/transport_maps_seed_2.npz,111d27921717363e48131a0baa031d568e6feeaa274ea1bfb6ddd0b18e52780f
2,late,M_B,M_A,same_depth_closing,orthogonal_procrustes,late__M_B__M_A,1.9872152554625214e-15,1.9767284851002902e-15,1.9555563551800966e-15,1.0000000000000016,64,1.4432899320127035e-15,3.8878469334186305e-15,2.6844362706106337e-15,2.4757247646209116e-15,2.9441382347833087e-15,/Users/tinggong/Documents/Codex/2026-07-20/model-lineage-holonomy/work/TwistedMerge-model-lineage-holonomy/reports/tmp/model_lineage_holonomy/pilot/transport_maps_seed_2.npz,111d27921717363e48131a0baa031d568e6feeaa274ea1bfb6ddd0b18e52780f
2,late,M_A,M_C,same_depth_closing,orthogonal_procrustes,late__M_A__M_C,1.9872152554625214e-15,1.9767284851002902e-15,1.9555563551800966e-15,1.0000000000000016,64,1.4432899320127035e-15,3.8878469334186305e-15,2.6844362706106337e-15,2.4757247646209116e-15,2.9441382347833087e-15,/Users/tinggong/Documents/Codex/2026-07-20/model-lineage-holonomy/work/TwistedMerge-model-lineage-holonomy/reports/tmp/model_lineage_holonomy/pilot/transport_maps_seed_2.npz,111d27921717363e48131a0baa031d568e6feeaa274ea1bfb6ddd0b18e52780f
2,late,M_C,M_A,same_depth_closing,orthogonal_procrustes,late__M_C__M_A,1.9872152554625214e-15,1.9767284851002902e-15,1.9555563551800966e-15,1.0000000000000016,64,1.4432899320127035e-15,3.8878469334186305e-15,2.6844362706106337e-15,2.4757247646209116e-15,2.9441382347833087e-15,/Users/tinggong/Documents/Codex/2026-07-20/model-lineage-holonomy/work/TwistedMerge-model-lineage-holonomy/reports/tmp/model_lineage_holonomy/pilot/transport_maps_seed_2.npz,111d27921717363e48131a0baa031d568e6feeaa274ea1bfb6ddd0b18e52780f
2,late,M_B,M_C,same_depth_closing,orthogonal_procrustes,late__M_B__M_C,1.9872152554625214e-15,1.9767284851002902e-15,1.9555563551800966e-15,1.0000000000000016,64,1.4432899320127035e-15,3.8878469334186305e-15,2.6844362706106337e-15,2.4757247646209116e-15,2.9441382347833087e-15,/Users/tinggong/Documents/Codex/2026-07-20/model-lineage-holonomy/work/TwistedMerge-model-lineage-holonomy/reports/tmp/model_lineage_holonomy/pilot/transport_maps_seed_2.npz,111d27921717363e48131a0baa031d568e6feeaa274ea1bfb6ddd0b18e52780f
2,late,M_C,M_B,same_depth_closing,orthogonal_procrustes,late__M_C__M_B,1.9872152554625214e-15,1.9767284851002902e-15,1.9555563551800966e-15,1.0000000000000016,64,1.4432899320127035e-15,3.8878469334186305e-15,2.6844362706106337e-15,2.4757247646209116e-15,2.9441382347833087e-15,/Users/tinggong/Documents/Codex/2026-07-20/model-lineage-holonomy/work/TwistedMerge-model-lineage-holonomy/reports/tmp/model_lineage_holonomy/pilot/transport_maps_seed_2.npz,111d27921717363e48131a0baa031d568e6feeaa274ea1bfb6ddd0b18e52780f
2,adapter,M0,M_A,forward_lineage,ridge_linear,adapter__M0__M_A,0.4269378278726902,0.4588672761146531,0.4271151143153782,51389030760.33216,4,1.4127731304373303,0.9700874135094513,0.050934251591979285,0.03458903206194209,0.07760807975051721,/Users/tinggong/Documents/Codex/2026-07-20/model-lineage-holonomy/work/TwistedMerge-model-lineage-holonomy/reports/tmp/model_lineage_holonomy/pilot/transport_maps_seed_2.npz,111d27921717363e48131a0baa031d568e6feeaa274ea1bfb6ddd0b18e52780f
2,adapter,M_A,M0,reverse_lineage,ridge_linear,adapter__M_A__M0,0.4496214479293982,0.47546531719408824,0.45036974166258836,63263146326.31601,4,1.3111784740483958,0.970306923980014,0.054908698628597694,0.03875902573618101,0.07638184629957974,/Users/tinggong/Documents/Codex/2026-07-20/model-lineage-holonomy/work/TwistedMerge-model-lineage-holonomy/reports/tmp/model_lineage_holonomy/pilot/transport_maps_seed_2.npz,111d27921717363e48131a0baa031d568e6feeaa274ea1bfb6ddd0b18e52780f
2,adapter,M0,M_B,forward_lineage,ridge_linear,adapter__M0__M_B,0.28002150287937955,0.302527172284996,0.289480062574007,46538894013.491455,4,1.162487479442117,0.9684760872386932,0.03059684396155079,0.02262546778696694,0.04070280209898296,/Users/tinggong/Documents/Codex/2026-07-20/model-lineage-holonomy/work/TwistedMerge-model-lineage-holonomy/reports/tmp/model_lineage_holonomy/pilot/transport_maps_seed_2.npz,111d27921717363e48131a0baa031d568e6feeaa274ea1bfb6ddd0b18e52780f
2,adapter,M_B,M0,reverse_lineage,ridge_linear,adapter__M_B__M0,0.2784775117050141,0.29982182896845583,0.2871244093906859,61625582030.13921,4,0.9027043111929047,0.9684876678282168,0.03443871711700754,0.02539410473220714,0.04639461704363731,/Users/tinggong/Documents/Codex/2026-07-20/model-lineage-holonomy/work/TwistedMerge-model-lineage-holonomy/reports/tmp/model_lineage_holonomy/pilot/transport_maps_seed_2.npz,111d27921717363e48131a0baa031d568e6feeaa274ea1bfb6ddd0b18e52780f
2,adapter,M0,M_C,forward_lineage,ridge_linear,adapter__M0__M_C,0.30630456170248566,0.3206294329044472,0.32028764437918755,99404300804.2555,4,1.1622453215999347,0.9685745328233267,0.03290143165880425,0.023411522405778193,0.04753505749607757,/Users/tinggong/Documents/Codex/2026-07-20/model-lineage-holonomy/work/TwistedMerge-model-lineage-holonomy/reports/tmp/model_lineage_holonomy/pilot/transport_maps_seed_2.npz,111d27921717363e48131a0baa031d568e6feeaa274ea1bfb6ddd0b18e52780f
2,adapter,M_C,M0,reverse_lineage,ridge_linear,adapter__M_C__M0,0.30421769121046677,0.3180543712209243,0.31852557672928916,422951527914.94183,4,0.9316951052019193,0.9685946692152523,0.03552526598814034,0.027087734462123685,0.04798003563755896,/Users/tinggong/Documents/Codex/2026-07-20/model-lineage-holonomy/work/TwistedMerge-model-lineage-holonomy/reports/tmp/model_lineage_holonomy/pilot/transport_maps_seed_2.npz,111d27921717363e48131a0baa031d568e6feeaa274ea1bfb6ddd0b18e52780f
2,adapter,M_A,M_AB,forward_lineage,ridge_linear,adapter__M_A__M_AB,0.42214221319904177,0.44783470852659507,0.4219191326798131,73884425102.59444,4,1.3810215708374098,0.9695387692212943,0.0515608872423985,0.037483246625041315,0.07753150652013593,/Users/tinggong/Documents/Codex/2026-07-20/model-lineage-holonomy/work/TwistedMerge-model-lineage-holonomy/reports/tmp/model_lineage_holonomy/pilot/transport_maps_seed_2.npz,111d27921717363e48131a0baa031d568e6feeaa274ea1bfb6ddd0b18e52780f
2,adapter,M_AB,M_A,reverse_lineage,ridge_linear,adapter__M_AB__M_A,0.41112910060809305,0.44067228766620187,0.4154407297672275,79875247979.51141,4,1.1865468250809186,0.9693976786645234,0.055118903844331185,0.03868842509202614,0.08753847282554052,/Users/tinggong/Documents/Codex/2026-07-20/model-lineage-holonomy/work/TwistedMerge-model-lineage-holonomy/reports/tmp/model_lineage_holonomy/pilot/transport_maps_seed_2.npz,111d27921717363e48131a0baa031d568e6feeaa274ea1bfb6ddd0b18e52780f
2,adapter,M_A,M_AC,forward_lineage,ridge_linear,adapter__M_A__M_AC,0.44022130607550525,0.4739331202950406,0.4506749578752874,1275223971008.782,4,1.2752239710082924,0.9702538890038802,0.056341060026803,0.04092277241314422,0.0792517066463116,/Users/tinggong/Documents/Codex/2026-07-20/model-lineage-holonomy/work/TwistedMerge-model-lineage-holonomy/reports/tmp/model_lineage_holonomy/pilot/transport_maps_seed_2.npz,111d27921717363e48131a0baa031d568e6feeaa274ea1bfb6ddd0b18e52780f
2,adapter,M_AC,M_A,reverse_lineage,ridge_linear,adapter__M_AC__M_A,0.42760706606666876,0.459899416609348,0.4414767460768242,87936989487.27481,4,1.220731330871593,0.970119853309586,0.05388775293797127,0.03792575119942409,0.07900935509807809,/Users/tinggong/Documents/Codex/2026-07-20/model-lineage-holonomy/work/TwistedMerge-model-lineage-holonomy/reports/tmp/model_lineage_holonomy/pilot/transport_maps_seed_2.npz,111d27921717363e48131a0baa031d568e6feeaa274ea1bfb6ddd0b18e52780f
2,adapter,M_B,M_BA,forward_lineage,ridge_linear,adapter__M_B__M_BA,0.3901499299932299,0.4198428652059692,0.3950573849641802,97983661531.58286,4,1.229448034019191,0.9693659160030427,0.047363226498218836,0.03615558100159167,0.06680065477728143,/Users/tinggong/Documents/Codex/2026-07-20/model-lineage-holonomy/work/TwistedMerge-model-lineage-holonomy/reports/tmp/model_lineage_holonomy/pilot/transport_maps_seed_2.npz,111d27921717363e48131a0baa031d568e6feeaa274ea1bfb6ddd0b18e52780f
2,adapter,M_BA,M_B,reverse_lineage,ridge_linear,adapter__M_BA__M_B,0.40811469198168765,0.43452743890633033,0.4143340551330169,63184041671.296814,4,1.2932528949931574,0.9694453300342614,0.04864341995010691,0.03682752486757466,0.06396343354084329,/Users/tinggong/Documents/Codex/2026-07-20/model-lineage-holonomy/work/TwistedMerge-model-lineage-holonomy/reports/tmp/model_lineage_holonomy/pilot/transport_maps_seed_2.npz,111d27921717363e48131a0baa031d568e6feeaa274ea1bfb6ddd0b18e52780f
2,adapter,M_B,M_BC,forward_lineage,ridge_linear,adapter__M_B__M_BC,0.3204667027349001,0.33598779806027756,0.33239621507052497,40139427803.84023,4,1.0489500612419158,0.9686410573191796,0.03932076824394543,0.030006485136737572,0.05446209650340154,/Users/tinggong/Documents/Codex/2026-07-20/model-lineage-holonomy/work/TwistedMerge-model-lineage-holonomy/reports/tmp/model_lineage_holonomy/pilot/transport_maps_seed_2.npz,111d27921717363e48131a0baa031d568e6feeaa274ea1bfb6ddd0b18e52780f
2,adapter,M_BC,M_B,reverse_lineage,ridge_linear,adapter__M_BC__M_B,0.3185649790371655,0.3322926682834693,0.3295570668950414,46060391990.053345,4,1.042795349172315,0.9686423409984287,0.038177086454702205,0.02762053092367536,0.05544834328671518,/Users/tinggong/Documents/Codex/2026-07-20/model-lineage-holonomy/work/TwistedMerge-model-lineage-holonomy/reports/tmp/model_lineage_holonomy/pilot/transport_maps_seed_2.npz,111d27921717363e48131a0baa031d568e6feeaa274ea1bfb6ddd0b18e52780f
2,adapter,M_C,M_CA,forward_lineage,ridge_linear,adapter__M_C__M_CA,0.4140435726534291,0.44604704962318403,0.4200954000125223,22716332515.459404,4,1.242121632794341,0.9713328952225311,0.04823574396021844,0.03691101691545487,0.061686255305150706,/Users/tinggong/Documents/Codex/2026-07-20/model-lineage-holonomy/work/TwistedMerge-model-lineage-holonomy/reports/tmp/model_lineage_holonomy/pilot/transport_maps_seed_2.npz,111d27921717363e48131a0baa031d568e6feeaa274ea1bfb6ddd0b18e52780f
2,adapter,M_CA,M_C,reverse_lineage,ridge_linear,adapter__M_CA__M_C,0.4491513275741012,0.47740987246920846,0.4557848293615596,20623228807.910347,4,1.260975694299764,0.9719809385505284,0.05549190453787922,0.04020327572136645,0.07858353716582032,/Users/tinggong/Documents/Codex/2026-07-20/model-lineage-holonomy/work/TwistedMerge-model-lineage-holonomy/reports/tmp/model_lineage_holonomy/pilot/transport_maps_seed_2.npz,111d27921717363e48131a0baa031d568e6feeaa274ea1bfb6ddd0b18e52780f
2,adapter,M_C,M_CB,forward_lineage,ridge_linear,adapter__M_C__M_CB,0.32079374574642217,0.3362397246934514,0.33459939386200016,111035323657.85324,4,1.0690300141575355,0.9685805643671342,0.03764281611304046,0.02636648139147335,0.05066504734572282,/Users/tinggong/Documents/Codex/2026-07-20/model-lineage-holonomy/work/TwistedMerge-model-lineage-holonomy/reports/tmp/model_lineage_holonomy/pilot/transport_maps_seed_2.npz,111d27921717363e48131a0baa031d568e6feeaa274ea1bfb6ddd0b18e52780f
2,adapter,M_CB,M_C,reverse_lineage,ridge_linear,adapter__M_CB__M_C,0.3201211534536834,0.33579291934118977,0.3354543054890836,176340183731.15912,4,1.0540341674464784,0.9685815018908025,0.04013444695552684,0.030631226102652762,0.05303549198054418,/Users/tinggong/Documents/Codex/2026-07-20/model-lineage-holonomy/work/TwistedMerge-model-lineage-holonomy/reports/tmp/model_lineage_holonomy/pilot/transport_maps_seed_2.npz,111d27921717363e48131a0baa031d568e6feeaa274ea1bfb6ddd0b18e52780f
2,adapter,M_AB,M_ABC,forward_lineage,ridge_linear,adapter__M_AB__M_ABC,0.3188322140169504,0.33591101240573257,0.33318989493305445,187748197332.8625,4,1.0490801040622417,0.9687007852859659,0.04271670328279563,0.02968668455117393,0.06397361118370665,/Users/tinggong/Documents/Codex/2026-07-20/model-lineage-holonomy/work/TwistedMerge-model-lineage-holonomy/reports/tmp/model_lineage_holonomy/pilot/transport_maps_seed_2.npz,111d27921717363e48131a0baa031d568e6feeaa274ea1bfb6ddd0b18e52780f
2,adapter,M_ABC,M_AB,reverse_lineage,ridge_linear,adapter__M_ABC__M_AB,0.3163545592129475,0.332265069608701,0.3309166369777337,45895206499.05741,4,1.0284576249207547,0.9687089782542647,0.04109645273820257,0.03178463600971865,0.057425216309145405,/Users/tinggong/Documents/Codex/2026-07-20/model-lineage-holonomy/work/TwistedMerge-model-lineage-holonomy/reports/tmp/model_lineage_holonomy/pilot/transport_maps_seed_2.npz,111d27921717363e48131a0baa031d568e6feeaa274ea1bfb6ddd0b18e52780f
2,adapter,M_AC,M_ACB,forward_lineage,ridge_linear,adapter__M_AC__M_ACB,0.3223407233291644,0.3355468799369052,0.33449020974282706,27365223796.20672,4,1.1044042895401571,0.9685773154303775,0.039224661719015924,0.028915034774445524,0.052771488421385196,/Users/tinggong/Documents/Codex/2026-07-20/model-lineage-holonomy/work/TwistedMerge-model-lineage-holonomy/reports/tmp/model_lineage_holonomy/pilot/transport_maps_seed_2.npz,111d27921717363e48131a0baa031d568e6feeaa274ea1bfb6ddd0b18e52780f
2,adapter,M_ACB,M_AC,reverse_lineage,ridge_linear,adapter__M_ACB__M_AC,0.32245447931405957,0.33486234362149314,0.33579996112338806,17365385734.174473,4,1.0115624401897458,0.9685901787502783,0.04176353299736228,0.030627101396083437,0.05659710818892401,/Users/tinggong/Documents/Codex/2026-07-20/model-lineage-holonomy/work/TwistedMerge-model-lineage-holonomy/reports/tmp/model_lineage_holonomy/pilot/transport_maps_seed_2.npz,111d27921717363e48131a0baa031d568e6feeaa274ea1bfb6ddd0b18e52780f
2,adapter,M_BA,M_BAC,forward_lineage,ridge_linear,adapter__M_BA__M_BAC,0.427884189947493,0.4593698989036485,0.438406079304873,88683635198.80264,4,1.1368019437443606,0.970255707170991,0.05727602867029415,0.04321997898150271,0.08109426003198716,/Users/tinggong/Documents/Codex/2026-07-20/model-lineage-holonomy/work/TwistedMerge-model-lineage-holonomy/reports/tmp/model_lineage_holonomy/pilot/transport_maps_seed_2.npz,111d27921717363e48131a0baa031d568e6feeaa274ea1bfb6ddd0b18e52780f
2,adapter,M_BAC,M_BA,reverse_lineage,ridge_linear,adapter__M_BAC__M_BA,0.4117149395052865,0.44213624283325503,0.42423302629746695,446307672735.60205,4,1.2456908875815922,0.9700878206847706,0.051078354984048994,0.03811571131984259,0.07123878759517943,/Users/tinggong/Documents/Codex/2026-07-20/model-lineage-holonomy/work/TwistedMerge-model-lineage-holonomy/reports/tmp/model_lineage_holonomy/pilot/transport_maps_seed_2.npz,111d27921717363e48131a0baa031d568e6feeaa274ea1bfb6ddd0b18e52780f
2,adapter,M_BC,M_BCA,forward_lineage,ridge_linear,adapter__M_BC__M_BCA,0.4042828619746812,0.43686600588707764,0.41235778768638326,19301319906.474533,4,1.2672512973685064,0.9709672728045009,0.049509005999546524,0.03794562492082049,0.06923819408832911,/Users/tinggong/Documents/Codex/2026-07-20/model-lineage-holonomy/work/TwistedMerge-model-lineage-holonomy/reports/tmp/model_lineage_holonomy/pilot/transport_maps_seed_2.npz,111d27921717363e48131a0baa031d568e6feeaa274ea1bfb6ddd0b18e52780f
2,adapter,M_BCA,M_BC,reverse_lineage,ridge_linear,adapter__M_BCA__M_BC,0.4380349446713363,0.46832472501341,0.4473640962440029,17678373703.486763,4,1.2869197773445762,0.9714701236379745,0.05395848202168076,0.037352513008855844,0.08137521933783148,/Users/tinggong/Documents/Codex/2026-07-20/model-lineage-holonomy/work/TwistedMerge-model-lineage-holonomy/reports/tmp/model_lineage_holonomy/pilot/transport_maps_seed_2.npz,111d27921717363e48131a0baa031d568e6feeaa274ea1bfb6ddd0b18e52780f
2,adapter,M_CA,M_CAB,forward_lineage,ridge_linear,adapter__M_CA__M_CAB,0.42285892847913065,0.442190362273335,0.42230491649865004,1228757850539.9717,4,1.2287578505398478,0.9697341552267978,0.05838881939048349,0.04373559457242279,0.08181165548304054,/Users/tinggong/Documents/Codex/2026-07-20/model-lineage-holonomy/work/TwistedMerge-model-lineage-holonomy/reports/tmp/model_lineage_holonomy/pilot/transport_maps_seed_2.npz,111d27921717363e48131a0baa031d568e6feeaa274ea1bfb6ddd0b18e52780f
2,adapter,M_CAB,M_CA,reverse_lineage,ridge_linear,adapter__M_CAB__M_CA,0.41035505438706465,0.43636672529646947,0.4138917964710262,150388017863.95752,4,1.1394380339601147,0.9695714332571086,0.05576843100505476,0.04160781739995604,0.07730832940033334,/Users/tinggong/Documents/Codex/2026-07-20/model-lineage-holonomy/work/TwistedMerge-model-lineage-holonomy/reports/tmp/model_lineage_holonomy/pilot/transport_maps_seed_2.npz,111d27921717363e48131a0baa031d568e6feeaa274ea1bfb6ddd0b18e52780f
2,adapter,M_CB,M_CBA,forward_lineage,ridge_linear,adapter__M_CB__M_CBA,0.3871175595792315,0.4159792652586393,0.3916219865378686,67810726648.31271,4,1.2190545486174984,0.9694450981976364,0.046627351119209993,0.03678004567160849,0.06436660783841916,/Users/tinggong/Documents/Codex/2026-07-20/model-lineage-holonomy/work/TwistedMerge-model-lineage-holonomy/reports/tmp/model_lineage_holonomy/pilot/transport_maps_seed_2.npz,111d27921717363e48131a0baa031d568e6feeaa274ea1bfb6ddd0b18e52780f
2,adapter,M_CBA,M_CB,reverse_lineage,ridge_linear,adapter__M_CBA__M_CB,0.40907384739467584,0.4354638782929314,0.41389576213452384,86539502559.22795,4,1.3193692738014657,0.9695636903684228,0.04944870008547362,0.03852916937848035,0.06752291367994931,/Users/tinggong/Documents/Codex/2026-07-20/model-lineage-holonomy/work/TwistedMerge-model-lineage-holonomy/reports/tmp/model_lineage_holonomy/pilot/transport_maps_seed_2.npz,111d27921717363e48131a0baa031d568e6feeaa274ea1bfb6ddd0b18e52780f
2,adapter,M_AB,M_B,loop_closing,ridge_linear,adapter__M_AB__M_B,0.09936556277827024,0.10611412445712541,0.1008805791849148,21420284399.795036,4,1.096014283706509,0.9682737222144742,0.012061623721279134,0.008796200948838179,0.018453356307235515,/Users/tinggong/Documents/Codex/2026-07-20/model-lineage-holonomy/work/TwistedMerge-model-lineage-holonomy/reports/tmp/model_lineage_holonomy/pilot/transport_maps_seed_2.npz,111d27921717363e48131a0baa031d568e6feeaa274ea1bfb6ddd0b18e52780f
2,adapter,M_B,M_AB,loop_closing,ridge_linear,adapter__M_B__M_AB,0.09403557351955859,0.10111906589169856,0.09567305766261547,16777338582.15101,4,1.0616962041853681,0.9682729447348363,0.01149644109252628,0.008333294695428754,0.015325815606515693,/Users/tinggong/Documents/Codex/2026-07-20/model-lineage-holonomy/work/TwistedMerge-model-lineage-holonomy/reports/tmp/model_lineage_holonomy/pilot/transport_maps_seed_2.npz,111d27921717363e48131a0baa031d568e6feeaa274ea1bfb6ddd0b18e52780f
2,adapter,M_AC,M_C,loop_closing,ridge_linear,adapter__M_AC__M_C,0.1216251802157433,0.12742349199014422,0.12703121556967642,28780949807.674747,4,1.1633028526548805,0.9682755826273569,0.013585228391588483,0.009648061310490478,0.018913413767760623,/Users/tinggong/Documents/Codex/2026-07-20/model-lineage-holonomy/work/TwistedMerge-model-lineage-holonomy/reports/tmp/model_lineage_holonomy/pilot/transport_maps_seed_2.npz,111d27921717363e48131a0baa031d568e6feeaa274ea1bfb6ddd0b18e52780f
2,adapter,M_C,M_AC,loop_closing,ridge_linear,adapter__M_C__M_AC,0.11490361378874535,0.1208619824147209,0.12040380910031118,32958010693.465267,4,1.0690201496300389,0.9682754156310552,0.013111794814597686,0.010022736534352646,0.0176901090311701,/Users/tinggong/Documents/Codex/2026-07-20/model-lineage-holonomy/work/TwistedMerge-model-lineage-holonomy/reports/tmp/model_lineage_holonomy/pilot/transport_maps_seed_2.npz,111d27921717363e48131a0baa031d568e6feeaa274ea1bfb6ddd0b18e52780f
2,adapter,M_BC,M_C,loop_closing,ridge_linear,adapter__M_BC__M_C,0.08271243350222587,0.08493411012783066,0.08421739682769674,8602522509.167578,4,1.0015397870287588,0.9682485627915131,0.00972565317089765,0.007411363951792473,0.01279878099297276,/Users/tinggong/Documents/Codex/2026-07-20/model-lineage-holonomy/work/TwistedMerge-model-lineage-holonomy/reports/tmp/model_lineage_holonomy/pilot/transport_maps_seed_2.npz,111d27921717363e48131a0baa031d568e6feeaa274ea1bfb6ddd0b18e52780f
2,adapter,M_C,M_BC,loop_closing,whitened_cca,adapter__M_C__M_BC,0.08227776744537883,0.08489892735522714,0.08407827890084699,1.066095396502054,64,0.06557002842548099,0.9682484702397256,0.899289479812702,0.8525410526079937,0.9389373138933841,/Users/tinggong/Documents/Codex/2026-07-20/model-lineage-holonomy/work/TwistedMerge-model-lineage-holonomy/reports/tmp/model_lineage_holonomy/pilot/transport_maps_seed_2.npz,111d27921717363e48131a0baa031d568e6feeaa274ea1bfb6ddd0b18e52780f
2,adapter,M_ABC,M_BAC,same_depth_closing,ridge_linear,adapter__M_ABC__M_BAC,0.11074511447199624,0.11437728211694832,0.11297057822767616,1030355888571.1937,4,1.0303558885710016,0.968265327583603,0.013882944681125466,0.010885667601835418,0.018225723789001936,/Users/tinggong/Documents/Codex/2026-07-20/model-lineage-holonomy/work/TwistedMerge-model-lineage-holonomy/reports/tmp/model_lineage_holonomy/pilot/transport_maps_seed_2.npz,111d27921717363e48131a0baa031d568e6feeaa274ea1bfb6ddd0b18e52780f
2,adapter,M_BAC,M_ABC,same_depth_closing,ridge_linear,adapter__M_BAC__M_ABC,0.11272963725632638,0.1163730398158314,0.11488622022454766,112003250745.85893,4,1.1059155664457947,0.9682642021769775,0.013412580541396067,0.010356758373463134,0.017708584798008624,/Users/tinggong/Documents/Codex/2026-07-20/model-lineage-holonomy/work/TwistedMerge-model-lineage-holonomy/reports/tmp/model_lineage_holonomy/pilot/transport_maps_seed_2.npz,111d27921717363e48131a0baa031d568e6feeaa274ea1bfb6ddd0b18e52780f
2,adapter,M_ABC,M_ACB,same_depth_closing,ridge_linear,adapter__M_ABC__M_ACB,0.30582078358119413,0.32355971626458496,0.3189354778853002,83099980161.26566,4,1.0315571876462875,0.9686004404046077,0.04045077367670917,0.030429598232330157,0.05619856490873496,/Users/tinggong/Documents/Codex/2026-07-20/model-lineage-holonomy/work/TwistedMerge-model-lineage-holonomy/reports/tmp/model_lineage_holonomy/pilot/transport_maps_seed_2.npz,111d27921717363e48131a0baa031d568e6feeaa274ea1bfb6ddd0b18e52780f
2,adapter,M_ACB,M_ABC,same_depth_closing,ridge_linear,adapter__M_ACB__M_ABC,0.3063750695001273,0.32415294798291644,0.3201857861004122,160812402479.40482,4,1.0212442949089298,0.9686072597618319,0.03998110699629593,0.031122549384566333,0.05645406037999058,/Users/tinggong/Documents/Codex/2026-07-20/model-lineage-holonomy/work/TwistedMerge-model-lineage-holonomy/reports/tmp/model_lineage_holonomy/pilot/transport_maps_seed_2.npz,111d27921717363e48131a0baa031d568e6feeaa274ea1bfb6ddd0b18e52780f
2,adapter,M_ACB,M_CAB,same_depth_closing,ridge_linear,adapter__M_ACB__M_CAB,0.08796809986976277,0.0937205369964701,0.09140078871725027,37991313575.71984,4,1.0545085871518765,0.9682735757673553,0.011055739910393563,0.008634408165156692,0.015875662181551144,/Users/tinggong/Documents/Codex/2026-07-20/model-lineage-holonomy/work/TwistedMerge-model-lineage-holonomy/reports/tmp/model_lineage_holonomy/pilot/transport_maps_seed_2.npz,111d27921717363e48131a0baa031d568e6feeaa274ea1bfb6ddd0b18e52780f
2,adapter,M_CAB,M_ACB,same_depth_closing,ridge_linear,adapter__M_CAB__M_ACB,0.09105309618856183,0.09636304660787902,0.0945611713481432,84421673763.40636,4,1.0971265402733719,0.9682736341512549,0.01198668746861574,0.008997009150359055,0.0171703447905488,/Users/tinggong/Documents/Codex/2026-07-20/model-lineage-holonomy/work/TwistedMerge-model-lineage-holonomy/reports/tmp/model_lineage_holonomy/pilot/transport_maps_seed_2.npz,111d27921717363e48131a0baa031d568e6feeaa274ea1bfb6ddd0b18e52780f
2,adapter,M_BAC,M_BCA,same_depth_closing,ridge_linear,adapter__M_BAC__M_BCA,0.37087889631418364,0.4018740286327392,0.3825543810417223,30855998885.32411,4,1.2251978407326474,0.9699229812986893,0.04570105123518497,0.03448872644085973,0.06059934983913181,/Users/tinggong/Documents/Codex/2026-07-20/model-lineage-holonomy/work/TwistedMerge-model-lineage-holonomy/reports/tmp/model_lineage_holonomy/pilot/transport_maps_seed_2.npz,111d27921717363e48131a0baa031d568e6feeaa274ea1bfb6ddd0b18e52780f
2,adapter,M_BCA,M_BAC,same_depth_closing,ridge_linear,adapter__M_BCA__M_BAC,0.38324863213889027,0.4135062446287038,0.3935363327359179,40007491116.32719,4,1.226858882000457,0.9701147361534848,0.04925369818504025,0.03588591231225185,0.07276600246728022,/Users/tinggong/Documents/Codex/2026-07-20/model-lineage-holonomy/work/TwistedMerge-model-lineage-holonomy/reports/tmp/model_lineage_holonomy/pilot/transport_maps_seed_2.npz,111d27921717363e48131a0baa031d568e6feeaa274ea1bfb6ddd0b18e52780f
2,adapter,M_BCA,M_CBA,same_depth_closing,ridge_linear,adapter__M_BCA__M_CBA,0.14545994305849128,0.15566330829739686,0.14948651515734482,25714830513.69841,4,1.05793114416051,0.9683132172750658,0.023155794769587817,0.016980977252527417,0.035629535766130566,/Users/tinggong/Documents/Codex/2026-07-20/model-lineage-holonomy/work/TwistedMerge-model-lineage-holonomy/reports/tmp/model_lineage_holonomy/pilot/transport_maps_seed_2.npz,111d27921717363e48131a0baa031d568e6feeaa274ea1bfb6ddd0b18e52780f
2,adapter,M_CBA,M_BCA,same_depth_closing,ridge_linear,adapter__M_CBA__M_BCA,0.14541815714991976,0.1558359806892348,0.14961794568226208,27162036690.9613,4,1.0347607651995685,0.9683129310404501,0.0235494696429145,0.01778611682256017,0.032147294540944435,/Users/tinggong/Documents/Codex/2026-07-20/model-lineage-holonomy/work/TwistedMerge-model-lineage-holonomy/reports/tmp/model_lineage_holonomy/pilot/transport_maps_seed_2.npz,111d27921717363e48131a0baa031d568e6feeaa274ea1bfb6ddd0b18e52780f
2,adapter,M_CAB,M_CBA,same_depth_closing,ridge_linear,adapter__M_CAB__M_CBA,0.375078519034075,0.4003634866923349,0.3766107198029069,30262558380.155083,4,1.197474523637277,0.9690968252794486,0.04694410065775338,0.03671358370072015,0.067441121368877,/Users/tinggong/Documents/Codex/2026-07-20/model-lineage-holonomy/work/TwistedMerge-model-lineage-holonomy/reports/tmp/model_lineage_holonomy/pilot/transport_maps_seed_2.npz,111d27921717363e48131a0baa031d568e6feeaa274ea1bfb6ddd0b18e52780f
2,adapter,M_CBA,M_CAB,same_depth_closing,ridge_linear,adapter__M_CBA__M_CAB,0.3865630909171516,0.40905693458809644,0.3880481862277208,32228551803.523964,4,1.236759575155983,0.969158319605119,0.04999765639518773,0.03837490852650752,0.0728305407525701,/Users/tinggong/Documents/Codex/2026-07-20/model-lineage-holonomy/work/TwistedMerge-model-lineage-holonomy/reports/tmp/model_lineage_holonomy/pilot/transport_maps_seed_2.npz,111d27921717363e48131a0baa031d568e6feeaa274ea1bfb6ddd0b18e52780f
2,adapter,M_AB,M_BA,same_depth_closing,ridge_linear,adapter__M_AB__M_BA,0.3759311094223359,0.40063024656032814,0.37877955251899664,1233975095311.8882,4,1.2339750953109057,0.9692955999774049,0.04673575331612743,0.036627643028048024,0.06484134018427903,/Users/tinggong/Documents/Codex/2026-07-20/model-lineage-holonomy/work/TwistedMerge-model-lineage-holonomy/reports/tmp/model_lineage_holonomy/pilot/transport_maps_seed_2.npz,111d27921717363e48131a0baa031d568e6feeaa274ea1bfb6ddd0b18e52780f
2,adapter,M_BA,M_AB,same_depth_closing,ridge_linear,adapter__M_BA__M_AB,0.3883971090653998,0.4105443779822675,0.3915422353239594,342509721185.464,4,1.2456996816499804,0.9693976039578461,0.04891069980706482,0.03812429670197466,0.0656206937717717,/Users/tinggong/Documents/Codex/2026-07-20/model-lineage-holonomy/work/TwistedMerge-model-lineage-holonomy/reports/tmp/model_lineage_holonomy/pilot/transport_maps_seed_2.npz,111d27921717363e48131a0baa031d568e6feeaa274ea1bfb6ddd0b18e52780f
2,adapter,M_AC,M_CA,same_depth_closing,ridge_linear,adapter__M_AC__M_CA,0.3857070095349278,0.4173479302778775,0.3952624513733303,48378216828.84626,4,1.2156812107265131,0.9703588976140592,0.04686503384887732,0.033738504197069495,0.06575576431016966,/Users/tinggong/Documents/Codex/2026-07-20/model-lineage-holonomy/work/TwistedMerge-model-lineage-holonomy/reports/tmp/model_lineage_holonomy/pilot/transport_maps_seed_2.npz,111d27921717363e48131a0baa031d568e6feeaa274ea1bfb6ddd0b18e52780f
2,adapter,M_CA,M_AC,same_depth_closing,ridge_linear,adapter__M_CA__M_AC,0.399979310420845,0.4292977081813745,0.4078788079333187,36158974942.95048,4,1.176322952760152,0.9706771335388682,0.0518152275638433,0.0379875785618093,0.07184886983707026,/Users/tinggong/Documents/Codex/2026-07-20/model-lineage-holonomy/work/TwistedMerge-model-lineage-holonomy/reports/tmp/model_lineage_holonomy/pilot/transport_maps_seed_2.npz,111d27921717363e48131a0baa031d568e6feeaa274ea1bfb6ddd0b18e52780f
2,adapter,M_BC,M_CB,same_depth_closing,ridge_linear,adapter__M_BC__M_CB,0.2933383945491317,0.3079470863323154,0.30534126171416043,14973168668.882933,4,1.0633215796163953,0.968525495140025,0.03492632491647396,0.02636369522278878,0.04711885356940793,/Users/tinggong/Documents/Codex/2026-07-20/model-lineage-holonomy/work/TwistedMerge-model-lineage-holonomy/reports/tmp/model_lineage_holonomy/pilot/transport_maps_seed_2.npz,111d27921717363e48131a0baa031d568e6feeaa274ea1bfb6ddd0b18e52780f
2,adapter,M_CB,M_BC,same_depth_closing,ridge_linear,adapter__M_CB__M_BC,0.2929631808668919,0.3091315699163187,0.30695951129107835,13948136561.502872,4,1.0827832892950937,0.9685288945875895,0.034926995317089635,0.02687296069583943,0.04760142223288261,/Users/tinggong/Documents/Codex/2026-07-20/model-lineage-holonomy/work/TwistedMerge-model-lineage-holonomy/reports/tmp/model_lineage_holonomy/pilot/transport_maps_seed_2.npz,111d27921717363e48131a0baa031d568e6feeaa274ea1bfb6ddd0b18e52780f
2,adapter,M_A,M_B,same_depth_closing,ridge_linear,adapter__M_A__M_B,0.4484014925263857,0.4781243182236046,0.4506421739095561,65108210853.667816,4,1.4324231341669458,0.9698807572034028,0.05337910209775764,0.0388765939800868,0.07599202870868649,/Users/tinggong/Documents/Codex/2026-07-20/model-lineage-holonomy/work/TwistedMerge-model-lineage-holonomy/reports/tmp/model_lineage_holonomy/pilot/transport_maps_seed_2.npz,111d27921717363e48131a0baa031d568e6feeaa274ea1bfb6ddd0b18e52780f
2,adapter,M_B,M_A,same_depth_closing,ridge_linear,adapter__M_B__M_A,0.4300749593437637,0.46477890395145005,0.4371977835605998,53020832104.61574,4,1.1755728577143731,0.9696977154235623,0.05430332926948908,0.04041111367313327,0.07422251978342462,/Users/tinggong/Documents/Codex/2026-07-20/model-lineage-holonomy/work/TwistedMerge-model-lineage-holonomy/reports/tmp/model_lineage_holonomy/pilot/transport_maps_seed_2.npz,111d27921717363e48131a0baa031d568e6feeaa274ea1bfb6ddd0b18e52780f
2,adapter,M_A,M_C,same_depth_closing,ridge_linear,adapter__M_A__M_C,0.4878117065694188,0.520290011614871,0.49595846161518325,68339142199.33022,4,1.3643240404261034,0.9712207247250755,0.060405018127953784,0.044479896932123196,0.08758726337700166,/Users/tinggong/Documents/Codex/2026-07-20/model-lineage-holonomy/work/TwistedMerge-model-lineage-holonomy/reports/tmp/model_lineage_holonomy/pilot/transport_maps_seed_2.npz,111d27921717363e48131a0baa031d568e6feeaa274ea1bfb6ddd0b18e52780f
2,adapter,M_C,M_A,same_depth_closing,ridge_linear,adapter__M_C__M_A,0.458073058006216,0.48950822011179884,0.46848880266436105,543562520591.25745,4,1.232413574510918,0.970925809190587,0.05624207287624811,0.040562093828933575,0.08013769950603102,/Users/tinggong/Documents/Codex/2026-07-20/model-lineage-holonomy/work/TwistedMerge-model-lineage-holonomy/reports/tmp/model_lineage_holonomy/pilot/transport_maps_seed_2.npz,111d27921717363e48131a0baa031d568e6feeaa274ea1bfb6ddd0b18e52780f
2,adapter,M_B,M_C,same_depth_closing,ridge_linear,adapter__M_B__M_C,0.34757164913992483,0.36177598227603114,0.3605028231117715,150851811057.01834,4,1.015972178953727,0.9687386836688046,0.04325306051998692,0.03434083283234473,0.05841118751804969,/Users/tinggong/Documents/Codex/2026-07-20/model-lineage-holonomy/work/TwistedMerge-model-lineage-holonomy/reports/tmp/model_lineage_holonomy/pilot/transport_maps_seed_2.npz,111d27921717363e48131a0baa031d568e6feeaa274ea1bfb6ddd0b18e52780f
2,adapter,M_C,M_B,same_depth_closing,ridge_linear,adapter__M_C__M_B,0.34614447374379864,0.36024126627621467,0.3590592115162281,302408359591.3094,4,1.0307885393053708,0.9687432787573562,0.04069686306734354,0.0302141760743092,0.055095765531033944,/Users/tinggong/Documents/Codex/2026-07-20/model-lineage-holonomy/work/TwistedMerge-model-lineage-holonomy/reports/tmp/model_lineage_holonomy/pilot/transport_maps_seed_2.npz,111d27921717363e48131a0baa031d568e6feeaa274ea1bfb6ddd0b18e52780f
2,penultimate,M0,M_A,forward_lineage,whitened_cca,penultimate__M0__M_A,1.2894339137341136e-07,1.3575190731053026e-07,1.3871921580442968e-07,6.567891562601539,64,2.141288563504535,1.1556802533041134e-14,5.8432151696708655e-08,5.4251742255053e-08,6.310698453926717e-08,/Users/tinggong/Documents/Codex/2026-07-20/model-lineage-holonomy/work/TwistedMerge-model-lineage-holonomy/reports/tmp/model_lineage_holonomy/pilot/transport_maps_seed_2.npz,111d27921717363e48131a0baa031d568e6feeaa274ea1bfb6ddd0b18e52780f
2,penultimate,M_A,M0,reverse_lineage,whitened_cca,penultimate__M_A__M0,1.390998644897938e-07,1.4535561307746367e-07,1.5019082580656248e-07,6.567891562601562,64,2.204349057087289,1.1940158431946048e-14,6.098122350984791e-08,5.577574956534277e-08,6.565703180673362e-08,/Users/tinggong/Documents/Codex/2026-07-20/model-lineage-holonomy/work/TwistedMerge-model-lineage-holonomy/reports/tmp/model_lineage_holonomy/pilot/transport_maps_seed_2.npz,111d27921717363e48131a0baa031d568e6feeaa274ea1bfb6ddd0b18e52780f
2,penultimate,M0,M_B,forward_lineage,whitened_cca,penultimate__M0__M_B,1.2818572428245996e-07,1.338347047897475e-07,1.354859176513917e-07,3.08414013568505,64,1.25261134074705,1.1999819423773255e-14,5.8262137807361646e-08,5.386880088789492e-08,6.272970812530049e-08,/Users/tinggong/Documents/Codex/2026-07-20/model-lineage-holonomy/work/TwistedMerge-model-lineage-holonomy/reports/tmp/model_lineage_holonomy/pilot/transport_maps_seed_2.npz,111d27921717363e48131a0baa031d568e6feeaa274ea1bfb6ddd0b18e52780f
2,penultimate,M_B,M0,reverse_lineage,whitened_cca,penultimate__M_B__M0,1.3279287926667453e-07,1.3830787993296003e-07,1.4082336531558358e-07,3.08414013568503,64,1.1243548352690742,1.2401012724308639e-14,5.9484574060098684e-08,5.522962945333522e-08,6.360498205898403e-08,/Users/tinggong/Documents/Codex/2026-07-20/model-lineage-holonomy/work/TwistedMerge-model-lineage-holonomy/reports/tmp/model_lineage_holonomy/pilot/transport_maps_seed_2.npz,111d27921717363e48131a0baa031d568e6feeaa274ea1bfb6ddd0b18e52780f
2,penultimate,M0,M_C,forward_lineage,whitened_cca,penultimate__M0__M_C,1.2711462867732136e-07,1.3467171889962772e-07,1.356933302493109e-07,3.2279417705265256,64,1.260372519592531,1.0828679202758745e-14,5.736409370842291e-08,5.3729673640113575e-08,6.11186262623696e-08,/Users/tinggong/Documents/Codex/2026-07-20/model-lineage-holonomy/work/TwistedMerge-model-lineage-holonomy/reports/tmp/model_lineage_holonomy/pilot/transport_maps_seed_2.npz,111d27921717363e48131a0baa031d568e6feeaa274ea1bfb6ddd0b18e52780f
2,penultimate,M_C,M0,reverse_lineage,whitened_cca,penultimate__M_C__M0,1.3046742601386732e-07,1.3891579885043048e-07,1.4002237402920624e-07,3.22794177052654,64,1.220065241204141,1.1089417467346008e-14,5.756846995692601e-08,5.354327932428767e-08,6.418996129518002e-08,/Users/tinggong/Documents/Codex/2026-07-20/model-lineage-holonomy/work/TwistedMerge-model-lineage-holonomy/reports/tmp/model_lineage_holonomy/pilot/transport_maps_seed_2.npz,111d27921717363e48131a0baa031d568e6feeaa274ea1bfb6ddd0b18e52780f
2,penultimate,M_A,M_AB,forward_lineage,whitened_cca,penultimate__M_A__M_AB,1.4266723314182636e-07,1.4891878208313667e-07,1.5315275295314862e-07,5.6004294480542365,64,2.0409171056087683,1.231853466814072e-14,6.505695043389514e-08,6.027393033547718e-08,7.026259633063128e-08,/Users/tinggong/Documents/Codex/2026-07-20/model-lineage-holonomy/work/TwistedMerge-model-lineage-holonomy/reports/tmp/model_lineage_holonomy/pilot/transport_maps_seed_2.npz,111d27921717363e48131a0baa031d568e6feeaa274ea1bfb6ddd0b18e52780f
2,penultimate,M_AB,M_A,reverse_lineage,whitened_cca,penultimate__M_AB__M_A,1.3930151301104125e-07,1.4598131336236312e-07,1.4920847998783803e-07,5.6004294480542525,64,1.8516122840835183,1.1665208690473001e-14,6.549893583278707e-08,5.977769708129791e-08,7.086152642162278e-08,/Users/tinggong/Documents/Codex/2026-07-20/model-lineage-holonomy/work/TwistedMerge-model-lineage-holonomy/reports/tmp/model_lineage_holonomy/pilot/transport_maps_seed_2.npz,111d27921717363e48131a0baa031d568e6feeaa274ea1bfb6ddd0b18e52780f
2,penultimate,M_A,M_AC,forward_lineage,whitened_cca,penultimate__M_A__M_AC,1.4155510420705313e-07,1.499523565211035e-07,1.525353266172249e-07,6.879593999987144,64,2.256242810059498,1.2720888625638744e-14,6.338777206298086e-08,5.896106215880238e-08,6.85462957525066e-08,/Users/tinggong/Documents/Codex/2026-07-20/model-lineage-holonomy/work/TwistedMerge-model-lineage-holonomy/reports/tmp/model_lineage_holonomy/pilot/transport_maps_seed_2.npz,111d27921717363e48131a0baa031d568e6feeaa274ea1bfb6ddd0b18e52780f
2,penultimate,M_AC,M_A,reverse_lineage,whitened_cca,penultimate__M_AC__M_A,1.3602792372426367e-07,1.4669411452084354e-07,1.4715953168295602e-07,6.879593999987163,64,2.2271323780271253,1.2166481711915294e-14,6.312477449152094e-08,5.8667474314467894e-08,6.813040268892102e-08,/Users/tinggong/Documents/Codex/2026-07-20/model-lineage-holonomy/work/TwistedMerge-model-lineage-holonomy/reports/tmp/model_lineage_holonomy/pilot/transport_maps_seed_2.npz,111d27921717363e48131a0baa031d568e6feeaa274ea1bfb6ddd0b18e52780f
2,penultimate,M_B,M_BA,forward_lineage,whitened_cca,penultimate__M_B__M_BA,1.3987830818774036e-07,1.464245672694558e-07,1.4905069391686756e-07,5.768460324622196,64,1.881782448417964,1.1684544791183982e-14,6.608305191940945e-08,6.16874362911365e-08,7.133469924059745e-08,/Users/tinggong/Documents/Codex/2026-07-20/model-lineage-holonomy/work/TwistedMerge-model-lineage-holonomy/reports/tmp/model_lineage_holonomy/pilot/transport_maps_seed_2.npz,111d27921717363e48131a0baa031d568e6feeaa274ea1bfb6ddd0b18e52780f
2,penultimate,M_BA,M_B,reverse_lineage,whitened_cca,penultimate__M_BA__M_B,1.4623099765320849e-07,1.5240148777613805e-07,1.5547514141009594e-07,5.768460324622203,64,2.094725036861368,1.1824871350287895e-14,6.713259632148933e-08,6.3656620737479e-08,7.194189506089361e-08,/Users/tinggong/Documents/Codex/2026-07-20/model-lineage-holonomy/work/TwistedMerge-model-lineage-holonomy/reports/tmp/model_lineage_holonomy/pilot/transport_maps_seed_2.npz,111d27921717363e48131a0baa031d568e6feeaa274ea1bfb6ddd0b18e52780f
2,penultimate,M_B,M_BC,forward_lineage,whitened_cca,penultimate__M_B__M_BC,1.3721204774187218e-07,1.442303608286772e-07,1.466387312292801e-07,3.5128378189024985,64,1.3142118935270255,1.2186378268001088e-14,6.281452472217914e-08,5.7702377711848746e-08,6.649185252593773e-08,/Users/tinggong/Documents/Codex/2026-07-20/model-lineage-holonomy/work/TwistedMerge-model-lineage-holonomy/reports/tmp/model_lineage_holonomy/pilot/transport_maps_seed_2.npz,111d27921717363e48131a0baa031d568e6feeaa274ea1bfb6ddd0b18e52780f
2,penultimate,M_BC,M_B,reverse_lineage,whitened_cca,penultimate__M_BC__M_B,1.3751393097282119e-07,1.447219761938082e-07,1.4608701871009534e-07,3.512837818902507,64,1.3677459153742904,1.2426583855529536e-14,6.364598350641639e-08,5.969213802626918e-08,6.835422819813116e-08,/Users/tinggong/Documents/Codex/2026-07-20/model-lineage-holonomy/work/TwistedMerge-model-lineage-holonomy/reports/tmp/model_lineage_holonomy/pilot/transport_maps_seed_2.npz,111d27921717363e48131a0baa031d568e6feeaa274ea1bfb6ddd0b18e52780f
2,penultimate,M_C,M_CA,forward_lineage,whitened_cca,penultimate__M_C__M_CA,1.3695794203151873e-07,1.4631863842442758e-07,1.4850929910009065e-07,6.982526806915618,64,2.2498018872962215,1.179601508100158e-14,6.382897219399679e-08,5.871521915654624e-08,6.861373387966581e-08,/Users/tinggong/Documents/Codex/2026-07-20/model-lineage-holonomy/work/TwistedMerge-model-lineage-holonomy/reports/tmp/model_lineage_holonomy/pilot/transport_maps_seed_2.npz,111d27921717363e48131a0baa031d568e6feeaa274ea1bfb6ddd0b18e52780f
2,penultimate,M_CA,M_C,reverse_lineage,whitened_cca,penultimate__M_CA__M_C,1.4481121401007376e-07,1.5274920924764674e-07,1.5662331313815037e-07,6.982526806915647,64,2.2783079109518094,1.2094589641788838e-14,6.496283212397277e-08,5.8453933927098284e-08,7.052341370833148e-08,/Users/tinggong/Documents/Codex/2026-07-20/model-lineage-holonomy/work/TwistedMerge-model-lineage-holonomy/reports/tmp/model_lineage_holonomy/pilot/transport_maps_seed_2.npz,111d27921717363e48131a0baa031d568e6feeaa274ea1bfb6ddd0b18e52780f
2,penultimate,M_C,M_CB,forward_lineage,whitened_cca,penultimate__M_C__M_CB,1.3507593955950274e-07,1.4339732083829823e-07,1.4554168855626168e-07,3.9474617643787475,64,1.5409890977395786,1.0846121049726497e-14,6.198557854901219e-08,5.734221502023098e-08,6.740193927405698e-08,/Users/tinggong/Documents/Codex/2026-07-20/model-lineage-holonomy/work/TwistedMerge-model-lineage-holonomy/reports/tmp/model_lineage_holonomy/pilot/transport_maps_seed_2.npz,111d27921717363e48131a0baa031d568e6feeaa274ea1bfb6ddd0b18e52780f
2,penultimate,M_CB,M_C,reverse_lineage,whitened_cca,penultimate__M_CB__M_C,1.3701507396834772e-07,1.4428897984604717e-07,1.4744215139794248e-07,3.9474617643787493,64,1.4281665655615303,1.0955538199688561e-14,6.237451503700651e-08,5.769862586967463e-08,6.629291376430831e-08,/Users/tinggong/Documents/Codex/2026-07-20/model-lineage-holonomy/work/TwistedMerge-model-lineage-holonomy/reports/tmp/model_lineage_holonomy/pilot/transport_maps_seed_2.npz,111d27921717363e48131a0baa031d568e6feeaa274ea1bfb6ddd0b18e52780f
2,penultimate,M_AB,M_ABC,forward_lineage,whitened_cca,penultimate__M_AB__M_ABC,1.3871118334368156e-07,1.461026296554512e-07,1.493511526872711e-07,3.7335195724406383,64,1.3772153138450882,1.1843808728597866e-14,6.451056141880796e-08,6.007547320717062e-08,7.044567257070075e-08,/Users/tinggong/Documents/Codex/2026-07-20/model-lineage-holonomy/work/TwistedMerge-model-lineage-holonomy/reports/tmp/model_lineage_holonomy/pilot/transport_maps_seed_2.npz,111d27921717363e48131a0baa031d568e6feeaa274ea1bfb6ddd0b18e52780f
2,penultimate,M_ABC,M_AB,reverse_lineage,whitened_cca,penultimate__M_ABC__M_AB,1.389229768848236e-07,1.4696450351724587e-07,1.4901831137580346e-07,3.733519572440632,64,1.4531956867338427,1.1894525380562281e-14,6.456309890143036e-08,5.9224387714160036e-08,6.959704460603998e-08,/Users/tinggong/Documents/Codex/2026-07-20/model-lineage-holonomy/work/TwistedMerge-model-lineage-holonomy/reports/tmp/model_lineage_holonomy/pilot/transport_maps_seed_2.npz,111d27921717363e48131a0baa031d568e6feeaa274ea1bfb6ddd0b18e52780f
2,penultimate,M_AC,M_ACB,forward_lineage,whitened_cca,penultimate__M_AC__M_ACB,1.3488582303377658e-07,1.4644130207056242e-07,1.476626456266136e-07,3.4037775755052726,64,1.3590416780292522,1.220620574588494e-14,6.240271101810505e-08,5.73284509952586e-08,6.71460941622179e-08,/Users/tinggong/Documents/Codex/2026-07-20/model-lineage-holonomy/work/TwistedMerge-model-lineage-holonomy/reports/tmp/model_lineage_holonomy/pilot/transport_maps_seed_2.npz,111d27921717363e48131a0baa031d568e6feeaa274ea1bfb6ddd0b18e52780f
2,penultimate,M_ACB,M_AC,reverse_lineage,whitened_cca,penultimate__M_ACB__M_AC,1.370290761146162e-07,1.477626504531836e-07,1.4976101967074845e-07,3.4037775755052837,64,1.2490925280555987,1.2251277982825394e-14,6.293896788016355e-08,5.83956818976721e-08,6.840715613440455e-08,/Users/tinggong/Documents/Codex/2026-07-20/model-lineage-holonomy/work/TwistedMerge-model-lineage-holonomy/reports/tmp/model_lineage_holonomy/pilot/transport_maps_seed_2.npz,111d27921717363e48131a0baa031d568e6feeaa274ea1bfb6ddd0b18e52780f
2,penultimate,M_BA,M_BAC,forward_lineage,whitened_cca,penultimate__M_BA__M_BAC,1.4760204207830422e-07,1.5429576000893882e-07,1.5813096520956708e-07,7.254364247404428,64,2.3926879785500597,1.1726645054032673e-14,6.753793515390233e-08,6.165407267474847e-08,7.375249681160199e-08,/Users/tinggong/Documents/Codex/2026-07-20/model-lineage-holonomy/work/TwistedMerge-model-lineage-holonomy/reports/tmp/model_lineage_holonomy/pilot/transport_maps_seed_2.npz,111d27921717363e48131a0baa031d568e6feeaa274ea1bfb6ddd0b18e52780f
2,penultimate,M_BAC,M_BA,reverse_lineage,whitened_cca,penultimate__M_BAC__M_BA,1.4052929405600098e-07,1.4878076752927853e-07,1.5109365660991236e-07,7.254364247404452,64,2.253621178566121,1.1209953149971111e-14,6.620898290005125e-08,6.160657869292365e-08,7.065771654748685e-08,/Users/tinggong/Documents/Codex/2026-07-20/model-lineage-holonomy/work/TwistedMerge-model-lineage-holonomy/reports/tmp/model_lineage_holonomy/pilot/transport_maps_seed_2.npz,111d27921717363e48131a0baa031d568e6feeaa274ea1bfb6ddd0b18e52780f
2,penultimate,M_BC,M_BCA,forward_lineage,whitened_cca,penultimate__M_BC__M_BCA,1.3975233843212283e-07,1.487770297466774e-07,1.5149189906895324e-07,6.428024433953193,64,2.141234353959283,1.1703872593477397e-14,6.644233457932288e-08,6.126264080865771e-08,7.137399753390673e-08,/Users/tinggong/Documents/Codex/2026-07-20/model-lineage-holonomy/work/TwistedMerge-model-lineage-holonomy/reports/tmp/model_lineage_holonomy/pilot/transport_maps_seed_2.npz,111d27921717363e48131a0baa031d568e6feeaa274ea1bfb6ddd0b18e52780f
2,penultimate,M_BCA,M_BC,reverse_lineage,whitened_cca,penultimate__M_BCA__M_BC,1.4765537453184636e-07,1.541351314401899e-07,1.5977504854906065e-07,6.42802443395317,64,2.1406312756372694,1.2116786621924171e-14,6.783150158206029e-08,6.240179500197678e-08,7.261526048308139e-08,/Users/tinggong/Documents/Codex/2026-07-20/model-lineage-holonomy/work/TwistedMerge-model-lineage-holonomy/reports/tmp/model_lineage_holonomy/pilot/transport_maps_seed_2.npz,111d27921717363e48131a0baa031d568e6feeaa274ea1bfb6ddd0b18e52780f
2,penultimate,M_CA,M_CAB,forward_lineage,whitened_cca,penultimate__M_CA__M_CAB,1.4601960880263756e-07,1.5408004581874765e-07,1.5732160629372338e-07,5.862726370675658,64,2.200746430406441,1.1763663087056042e-14,6.754292025200753e-08,6.248649512489361e-08,7.335615926284387e-08,/Users/tinggong/Documents/Codex/2026-07-20/model-lineage-holonomy/work/TwistedMerge-model-lineage-holonomy/reports/tmp/model_lineage_holonomy/pilot/transport_maps_seed_2.npz,111d27921717363e48131a0baa031d568e6feeaa274ea1bfb6ddd0b18e52780f
2,penultimate,M_CAB,M_CA,reverse_lineage,whitened_cca,penultimate__M_CAB__M_CA,1.4024461759571095e-07,1.4928826636635127e-07,1.515988591056019e-07,5.862726370675637,64,1.832694317560463,1.1500872351568966e-14,6.644492845348496e-08,6.124067050188045e-08,7.119986230189857e-08,/Users/tinggong/Documents/Codex/2026-07-20/model-lineage-holonomy/work/TwistedMerge-model-lineage-holonomy/reports/tmp/model_lineage_holonomy/pilot/transport_maps_seed_2.npz,111d27921717363e48131a0baa031d568e6feeaa274ea1bfb6ddd0b18e52780f
2,penultimate,M_CB,M_CBA,forward_lineage,whitened_cca,penultimate__M_CB__M_CBA,1.4074042122224246e-07,1.4904530749384027e-07,1.5152327790367512e-07,5.7880909037410015,64,1.8932505509607318,1.1376939632427117e-14,6.73107398984181e-08,6.166173219553871e-08,7.196918323007252e-08,/Users/tinggong/Documents/Codex/2026-07-20/model-lineage-holonomy/work/TwistedMerge-model-lineage-holonomy/reports/tmp/model_lineage_holonomy/pilot/transport_maps_seed_2.npz,111d27921717363e48131a0baa031d568e6feeaa274ea1bfb6ddd0b18e52780f
2,penultimate,M_CBA,M_CB,reverse_lineage,whitened_cca,penultimate__M_CBA__M_CB,1.4702515277170454e-07,1.5479194757822582e-07,1.585390486889014e-07,5.788090903740964,64,2.0920946988075366,1.1769245032866441e-14,6.791784756031646e-08,6.251875235466999e-08,7.452177913382697e-08,/Users/tinggong/Documents/Codex/2026-07-20/model-lineage-holonomy/work/TwistedMerge-model-lineage-holonomy/reports/tmp/model_lineage_holonomy/pilot/transport_maps_seed_2.npz,111d27921717363e48131a0baa031d568e6feeaa274ea1bfb6ddd0b18e52780f
2,penultimate,M_AB,M_B,loop_closing,whitened_cca,penultimate__M_AB__M_B,1.364229042417146e-07,1.4400365567412278e-07,1.4520803497752944e-07,1.496125238226402,64,0.40858577278915176,1.3088482695505569e-14,6.41314791632955e-08,5.975235565494367e-08,6.842753600365427e-08,/Users/tinggong/Documents/Codex/2026-07-20/model-lineage-holonomy/work/TwistedMerge-model-lineage-holonomy/reports/tmp/model_lineage_holonomy/pilot/transport_maps_seed_2.npz,111d27921717363e48131a0baa031d568e6feeaa274ea1bfb6ddd0b18e52780f
2,penultimate,M_B,M_AB,loop_closing,whitened_cca,penultimate__M_B__M_AB,1.3561432044948207e-07,1.4319274746943057e-07,1.4440500458822086e-07,1.4961252382264039,64,0.40265347508789684,1.2967884003240069e-14,6.462530129614799e-08,6.036258181804892e-08,7.059129103490114e-08,/Users/tinggong/Documents/Codex/2026-07-20/model-lineage-holonomy/work/TwistedMerge-model-lineage-holonomy/reports/tmp/model_lineage_holonomy/pilot/transport_maps_seed_2.npz,111d27921717363e48131a0baa031d568e6feeaa274ea1bfb6ddd0b18e52780f
2,penultimate,M_AC,M_C,loop_closing,whitened_cca,penultimate__M_AC__M_C,1.3191640458923123e-07,1.4293613097399972e-07,1.4213618265669635e-07,1.704816519212093,64,0.5382476055410973,1.3558638882350152e-14,6.103010295348577e-08,5.654612952178888e-08,6.739963245760282e-08,/Users/tinggong/Documents/Codex/2026-07-20/model-lineage-holonomy/work/TwistedMerge-model-lineage-holonomy/reports/tmp/model_lineage_holonomy/pilot/transport_maps_seed_2.npz,111d27921717363e48131a0baa031d568e6feeaa274ea1bfb6ddd0b18e52780f
2,penultimate,M_C,M_AC,loop_closing,whitened_cca,penultimate__M_C__M_AC,1.3154520726678636e-07,1.4279337926413918e-07,1.4188269528123374e-07,1.7048165192120721,64,0.5413677706656507,1.3405328077683015e-14,6.094186393965122e-08,5.679343100344906e-08,6.535462482718034e-08,/Users/tinggong/Documents/Codex/2026-07-20/model-lineage-holonomy/work/TwistedMerge-model-lineage-holonomy/reports/tmp/model_lineage_holonomy/pilot/transport_maps_seed_2.npz,111d27921717363e48131a0baa031d568e6feeaa274ea1bfb6ddd0b18e52780f
2,penultimate,M_BC,M_C,loop_closing,whitened_cca,penultimate__M_BC__M_C,1.3416665758808644e-07,1.430497468728934e-07,1.4462027592305045e-07,1.5607537742923194,64,0.4325295244425511,1.1039703527427469e-14,6.310801042103727e-08,5.8590958215277233e-08,6.758889347869717e-08,/Users/tinggong/Documents/Codex/2026-07-20/model-lineage-holonomy/work/TwistedMerge-model-lineage-holonomy/reports/tmp/model_lineage_holonomy/pilot/transport_maps_seed_2.npz,111d27921717363e48131a0baa031d568e6feeaa274ea1bfb6ddd0b18e52780f
2,penultimate,M_C,M_BC,loop_closing,whitened_cca,penultimate__M_C__M_BC,1.3314882190871959e-07,1.4205906041872179e-07,1.4386862266255876e-07,1.5607537742923066,64,0.4657943960079769,1.0967341649252944e-14,6.267314548881753e-08,5.7608119323280524e-08,6.699047442790698e-08,/Users/tinggong/Documents/Codex/2026-07-20/model-lineage-holonomy/work/TwistedMerge-model-lineage-holonomy/reports/tmp/model_lineage_holonomy/pilot/transport_maps_seed_2.npz,111d27921717363e48131a0baa031d568e6feeaa274ea1bfb6ddd0b18e52780f
2,penultimate,M_ABC,M_BAC,same_depth_closing,whitened_cca,penultimate__M_ABC__M_BAC,1.3844142185712138e-07,1.458602373131182e-07,1.4875709525431414e-07,1.6787391807939283,64,0.5292723688380325,1.1590756041457929e-14,6.608736135790436e-08,6.05294015470207e-08,7.175105676667448e-08,/Users/tinggong/Documents/Codex/2026-07-20/model-lineage-holonomy/work/TwistedMerge-model-lineage-holonomy/reports/tmp/model_lineage_holonomy/pilot/transport_maps_seed_2.npz,111d27921717363e48131a0baa031d568e6feeaa274ea1bfb6ddd0b18e52780f
2,penultimate,M_BAC,M_ABC,same_depth_closing,whitened_cca,penultimate__M_BAC__M_ABC,1.3740148907029746e-07,1.4467100295516982e-07,1.4769844007324504e-07,1.678739180793931,64,0.5184935895411528,1.1543073922290496e-14,6.536919522255444e-08,6.109333129181643e-08,7.089173176252336e-08,/Users/tinggong/Documents/Codex/2026-07-20/model-lineage-holonomy/work/TwistedMerge-model-lineage-holonomy/reports/tmp/model_lineage_holonomy/pilot/transport_maps_seed_2.npz,111d27921717363e48131a0baa031d568e6feeaa274ea1bfb6ddd0b18e52780f
2,penultimate,M_ABC,M_ACB,same_depth_closing,whitened_cca,penultimate__M_ABC__M_ACB,1.3962181509460063e-07,1.48683025670486e-07,1.4959129516603452e-07,3.593423499662088,64,1.4107196855022952,1.1796471238521247e-14,6.590782058170188e-08,6.096971910820005e-08,7.091846434293741e-08,/Users/tinggong/Documents/Codex/2026-07-20/model-lineage-holonomy/work/TwistedMerge-model-lineage-holonomy/reports/tmp/model_lineage_holonomy/pilot/transport_maps_seed_2.npz,111d27921717363e48131a0baa031d568e6feeaa274ea1bfb6ddd0b18e52780f
2,penultimate,M_ACB,M_ABC,same_depth_closing,whitened_cca,penultimate__M_ACB__M_ABC,1.3983817219592738e-07,1.4880139335462872e-07,1.5057510397517666e-07,3.593423499662093,64,1.3267764470791832,1.1822175559255583e-14,6.55854302356522e-08,6.039918625189997e-08,7.097434589748922e-08,/Users/tinggong/Documents/Codex/2026-07-20/model-lineage-holonomy/work/TwistedMerge-model-lineage-holonomy/reports/tmp/model_lineage_holonomy/pilot/transport_maps_seed_2.npz,111d27921717363e48131a0baa031d568e6feeaa274ea1bfb6ddd0b18e52780f
2,penultimate,M_ACB,M_CAB,same_depth_closing,whitened_cca,penultimate__M_ACB__M_CAB,1.3794154960047403e-07,1.4721423600065144e-07,1.4861763984184887e-07,1.4791126212271881,64,0.38854841007890484,1.2221933357995815e-14,6.550043861964526e-08,6.100460507154116e-08,7.149228701837454e-08,/Users/tinggong/Documents/Codex/2026-07-20/model-lineage-holonomy/work/TwistedMerge-model-lineage-holonomy/reports/tmp/model_lineage_holonomy/pilot/transport_maps_seed_2.npz,111d27921717363e48131a0baa031d568e6feeaa274ea1bfb6ddd0b18e52780f
2,penultimate,M_CAB,M_ACB,same_depth_closing,whitened_cca,penultimate__M_CAB__M_ACB,1.37784356318375e-07,1.4700188860529186e-07,1.4853125038196453e-07,1.4791126212271843,64,0.3994191141122527,1.2224514715582007e-14,6.553081603752744e-08,6.041031785162079e-08,7.056333512512856e-08,/Users/tinggong/Documents/Codex/2026-07-20/model-lineage-holonomy/work/TwistedMerge-model-lineage-holonomy/reports/tmp/model_lineage_holonomy/pilot/transport_maps_seed_2.npz,111d27921717363e48131a0baa031d568e6feeaa274ea1bfb6ddd0b18e52780f
2,penultimate,M_BAC,M_BCA,same_depth_closing,whitened_cca,penultimate__M_BAC__M_BCA,1.3952206904660223e-07,1.4888220098016253e-07,1.5089534589333837e-07,5.761635949164558,64,1.931506700034517,1.1114444369908065e-14,6.724121275142298e-08,6.066244536574955e-08,7.307932245042244e-08,/Users/tinggong/Documents/Codex/2026-07-20/model-lineage-holonomy/work/TwistedMerge-model-lineage-holonomy/reports/tmp/model_lineage_holonomy/pilot/transport_maps_seed_2.npz,111d27921717363e48131a0baa031d568e6feeaa274ea1bfb6ddd0b18e52780f
2,penultimate,M_BCA,M_BAC,same_depth_closing,whitened_cca,penultimate__M_BCA__M_BAC,1.479517761382821e-07,1.5477866601313255e-07,1.5899205686838584e-07,5.761635949164538,64,2.037372050203162,1.1505900781233131e-14,6.871915416938517e-08,6.354452956297133e-08,7.480812026197056e-08,/Users/tinggong/Documents/Codex/2026-07-20/model-lineage-holonomy/work/TwistedMerge-model-lineage-holonomy/reports/tmp/model_lineage_holonomy/pilot/transport_maps_seed_2.npz,111d27921717363e48131a0baa031d568e6feeaa274ea1bfb6ddd0b18e52780f
2,penultimate,M_BCA,M_CBA,same_depth_closing,whitened_cca,penultimate__M_BCA__M_CBA,1.4468235929236597e-07,1.5212427984352083e-07,1.55708275265167e-07,2.2152863198067854,64,0.8109967064154617,1.1719950171828654e-14,7.234998059773321e-08,6.719224570533218e-08,7.768854270065175e-08,/Users/tinggong/Documents/Codex/2026-07-20/model-lineage-holonomy/work/TwistedMerge-model-lineage-holonomy/reports/tmp/model_lineage_holonomy/pilot/transport_maps_seed_2.npz,111d27921717363e48131a0baa031d568e6feeaa274ea1bfb6ddd0b18e52780f
2,penultimate,M_CBA,M_BCA,same_depth_closing,whitened_cca,penultimate__M_CBA__M_BCA,1.4482273855387175e-07,1.5193781465206953e-07,1.56103730992129e-07,2.21528631980678,64,0.8220689828010201,1.1621345064528686e-14,7.286945730101943e-08,6.516301229722648e-08,8.097514837861873e-08,/Users/tinggong/Documents/Codex/2026-07-20/model-lineage-holonomy/work/TwistedMerge-model-lineage-holonomy/reports/tmp/model_lineage_holonomy/pilot/transport_maps_seed_2.npz,111d27921717363e48131a0baa031d568e6feeaa274ea1bfb6ddd0b18e52780f
2,penultimate,M_CAB,M_CBA,same_depth_closing,whitened_cca,penultimate__M_CAB__M_CBA,1.419154436674004e-07,1.5022584256295154e-07,1.5181362772688808e-07,6.044531442538371,64,1.9071442152209166,1.251405977825989e-14,6.844201302874662e-08,6.381766009255796e-08,7.374289740687021e-08,/Users/tinggong/Documents/Codex/2026-07-20/model-lineage-holonomy/work/TwistedMerge-model-lineage-holonomy/reports/tmp/model_lineage_holonomy/pilot/transport_maps_seed_2.npz,111d27921717363e48131a0baa031d568e6feeaa274ea1bfb6ddd0b18e52780f
2,penultimate,M_CBA,M_CAB,same_depth_closing,whitened_cca,penultimate__M_CBA__M_CAB,1.4828440083849176e-07,1.5572449557405992e-07,1.5865426103545874e-07,6.044531442538346,64,2.2074734591319896,1.3051130919148228e-14,6.968549967593781e-08,6.39137540839841e-08,7.463080783632341e-08,/Users/tinggong/Documents/Codex/2026-07-20/model-lineage-holonomy/work/TwistedMerge-model-lineage-holonomy/reports/tmp/model_lineage_holonomy/pilot/transport_maps_seed_2.npz,111d27921717363e48131a0baa031d568e6feeaa274ea1bfb6ddd0b18e52780f
2,penultimate,M_AB,M_BA,same_depth_closing,whitened_cca,penultimate__M_AB__M_BA,1.4171059198949435e-07,1.4896803724686875e-07,1.5088238122039778e-07,5.925757168470244,64,1.8670354302484429,1.1867720734439868e-14,6.804473016160968e-08,6.262593852356758e-08,7.310135670176305e-08,/Users/tinggong/Documents/Codex/2026-07-20/model-lineage-holonomy/work/TwistedMerge-model-lineage-holonomy/reports/tmp/model_lineage_holonomy/pilot/transport_maps_seed_2.npz,111d27921717363e48131a0baa031d568e6feeaa274ea1bfb6ddd0b18e52780f
2,penultimate,M_BA,M_AB,same_depth_closing,whitened_cca,penultimate__M_BA__M_AB,1.4717091048419194e-07,1.5455731506436167e-07,1.5650221500582258e-07,5.925757168470238,64,2.193055315342614,1.1947888603581686e-14,6.822681547183832e-08,6.246171458833117e-08,7.389664441787133e-08,/Users/tinggong/Documents/Codex/2026-07-20/model-lineage-holonomy/work/TwistedMerge-model-lineage-holonomy/reports/tmp/model_lineage_holonomy/pilot/transport_maps_seed_2.npz,111d27921717363e48131a0baa031d568e6feeaa274ea1bfb6ddd0b18e52780f
2,penultimate,M_AC,M_CA,same_depth_closing,whitened_cca,penultimate__M_AC__M_CA,1.3595609953471019e-07,1.477334630320679e-07,1.5053659273135686e-07,6.185505890887019,64,2.0123411830508147,1.2132554965333077e-14,6.437516522878254e-08,5.9198178228200876e-08,7.058472308418768e-08,/Users/tinggong/Documents/Codex/2026-07-20/model-lineage-holonomy/work/TwistedMerge-model-lineage-holonomy/reports/tmp/model_lineage_holonomy/pilot/transport_maps_seed_2.npz,111d27921717363e48131a0baa031d568e6feeaa274ea1bfb6ddd0b18e52780f
2,penultimate,M_CA,M_AC,same_depth_closing,whitened_cca,penultimate__M_CA__M_AC,1.4334049291208608e-07,1.538015688818753e-07,1.5814677072557468e-07,6.18550589088703,64,2.160257013874224,1.2709887551092372e-14,6.521579137387639e-08,6.107516948916801e-08,7.004539219969538e-08,/Users/tinggong/Documents/Codex/2026-07-20/model-lineage-holonomy/work/TwistedMerge-model-lineage-holonomy/reports/tmp/model_lineage_holonomy/pilot/transport_maps_seed_2.npz,111d27921717363e48131a0baa031d568e6feeaa274ea1bfb6ddd0b18e52780f
2,penultimate,M_BC,M_CB,same_depth_closing,whitened_cca,penultimate__M_BC__M_CB,1.3828807160422867e-07,1.4555376692329985e-07,1.4777191633884073e-07,3.3593480638314075,64,1.3151964492118962,1.2910545784685326e-14,6.476567627900596e-08,5.971202688365583e-08,7.057318718647658e-08,/Users/tinggong/Documents/Codex/2026-07-20/model-lineage-holonomy/work/TwistedMerge-model-lineage-holonomy/reports/tmp/model_lineage_holonomy/pilot/transport_maps_seed_2.npz,111d27921717363e48131a0baa031d568e6feeaa274ea1bfb6ddd0b18e52780f
2,penultimate,M_CB,M_BC,same_depth_closing,whitened_cca,penultimate__M_CB__M_BC,1.3851839386071522e-07,1.4567727249296237e-07,1.4887955007593116e-07,3.359348063831403,64,1.259906738847743,1.3108763754849316e-14,6.43770355881644e-08,5.96169091858564e-08,6.991988269239377e-08,/Users/tinggong/Documents/Codex/2026-07-20/model-lineage-holonomy/work/TwistedMerge-model-lineage-holonomy/reports/tmp/model_lineage_holonomy/pilot/transport_maps_seed_2.npz,111d27921717363e48131a0baa031d568e6feeaa274ea1bfb6ddd0b18e52780f
2,penultimate,M_A,M_B,same_depth_closing,whitened_cca,penultimate__M_A__M_B,1.4257870806495104e-07,1.4926112202854442e-07,1.5194102546259562e-07,5.624317859573674,64,1.9948164631517904,1.2711055348789617e-14,6.51742035980018e-08,5.8847150045834864e-08,7.06766844070534e-08,/Users/tinggong/Documents/Codex/2026-07-20/model-lineage-holonomy/work/TwistedMerge-model-lineage-holonomy/reports/tmp/model_lineage_holonomy/pilot/transport_maps_seed_2.npz,111d27921717363e48131a0baa031d568e6feeaa274ea1bfb6ddd0b18e52780f
2,penultimate,M_B,M_A,same_depth_closing,whitened_cca,penultimate__M_B__M_A,1.3834364411294413e-07,1.452897562740829e-07,1.4728967861130994e-07,5.624317859573686,64,1.905998506230986,1.2841632859853982e-14,6.496026833510055e-08,6.014491497717591e-08,6.94533810784972e-08,/Users/tinggong/Documents/Codex/2026-07-20/model-lineage-holonomy/work/TwistedMerge-model-lineage-holonomy/reports/tmp/model_lineage_holonomy/pilot/transport_maps_seed_2.npz,111d27921717363e48131a0baa031d568e6feeaa274ea1bfb6ddd0b18e52780f
2,penultimate,M_A,M_C,same_depth_closing,whitened_cca,penultimate__M_A__M_C,1.4235333828010965e-07,1.5030956252885394e-07,1.533228044747043e-07,7.950486897477912,64,2.425054048598341,1.0905375038714429e-14,6.3470853468947e-08,5.7714437752818075e-08,6.864751989282945e-08,/Users/tinggong/Documents/Codex/2026-07-20/model-lineage-holonomy/work/TwistedMerge-model-lineage-holonomy/reports/tmp/model_lineage_holonomy/pilot/transport_maps_seed_2.npz,111d27921717363e48131a0baa031d568e6feeaa274ea1bfb6ddd0b18e52780f
2,penultimate,M_C,M_A,same_depth_closing,whitened_cca,penultimate__M_C__M_A,1.3651932164660519e-07,1.4554736804778442e-07,1.4674979014649357e-07,7.950486897477896,64,2.5056205906892925,1.0825374162174058e-14,6.242897176645168e-08,5.7917806783581346e-08,6.712799531197107e-08,/Users/tinggong/Documents/Codex/2026-07-20/model-lineage-holonomy/work/TwistedMerge-model-lineage-holonomy/reports/tmp/model_lineage_holonomy/pilot/transport_maps_seed_2.npz,111d27921717363e48131a0baa031d568e6feeaa274ea1bfb6ddd0b18e52780f
2,penultimate,M_B,M_C,same_depth_closing,whitened_cca,penultimate__M_B__M_C,1.3615024072593136e-07,1.436990001944097e-07,1.4535912333523832e-07,4.10323861202164,64,1.4645409098454891,1.1669143998514602e-14,6.184565009628657e-08,5.809012545258612e-08,6.670797874743448e-08,/Users/tinggong/Documents/Codex/2026-07-20/model-lineage-holonomy/work/TwistedMerge-model-lineage-holonomy/reports/tmp/model_lineage_holonomy/pilot/transport_maps_seed_2.npz,111d27921717363e48131a0baa031d568e6feeaa274ea1bfb6ddd0b18e52780f
2,penultimate,M_C,M_B,same_depth_closing,whitened_cca,penultimate__M_C__M_B,1.3486222587154614e-07,1.436587082575188e-07,1.4477004100369688e-07,4.103238612021669,64,1.6025148409886132,1.1599120108906749e-14,6.152215688238183e-08,5.734011818275113e-08,6.589201660006446e-08,/Users/tinggong/Documents/Codex/2026-07-20/model-lineage-holonomy/work/TwistedMerge-model-lineage-holonomy/reports/tmp/model_lineage_holonomy/pilot/transport_maps_seed_2.npz,111d27921717363e48131a0baa031d568e6feeaa274ea1bfb6ddd0b18e52780f
