setting_id,group,seed,noise,context_budget,method,accuracy,loss,ece,residual_before,residual_after,residual_reduction,selected_rank,trainable_parameters,latency_ms,peak_memory_mb,leakage_hash_passed,logits_sha256
S3_s0_n0.2_b16,S3,0,0.2,16,context_blind_strict_synchronization,0.20833333333333334,2.1508062657271405,0.21051251125983034,1.293942282031674,1.293942282031674,0.0,0,462,0.028665876016020775,124.296875,True,bab993682fd9cee47587f3da81badd4fc87d273650fc37ad7fd2aefd2467401c
S3_s0_n0.2_b16,S3,0,0.2,16,group_retransport_without_hodge,0.8358333333333333,1.1450693682973798,0.4186679313280976,1.293942282031674,0.0,1.293942282031674,5,30,0.023042084649205208,124.296875,True,bab993682fd9cee47587f3da81badd4fc87d273650fc37ad7fd2aefd2467401c
S3_s0_n0.2_b16,S3,0,0.2,16,weighted_hodge_without_low_rank,0.4225,1.4616997584089786,0.11163814533407987,1.293942282031674,0.646971141015837,0.646971141015837,5,30,0.02308306284248829,124.296875,True,bab993682fd9cee47587f3da81badd4fc87d273650fc37ad7fd2aefd2467401c
S3_s0_n0.2_b16,S3,0,0.2,16,generic_low_rank_residual_correction,0.17,2.180357093411266,0.2594953483916499,1.293942282031674,1.3272228357208387,-0.033280553689164716,2,462,0.027207890525460243,124.296875,True,bab993682fd9cee47587f3da81badd4fc87d273650fc37ad7fd2aefd2467401c
S3_s0_n0.2_b16,S3,0,0.2,16,hodge_low_rank_generic_retransport,0.43583333333333335,1.4711690684157093,0.09859153850546537,1.293942282031674,0.6636114178604194,0.6303308641712545,5,30,0.02233404666185379,124.296875,True,bab993682fd9cee47587f3da81badd4fc87d273650fc37ad7fd2aefd2467401c
S3_s0_n0.2_b16,S3,0,0.2,16,group_retransport_without_low_rank,0.8358333333333333,1.1450693682973798,0.4186679313280976,1.293942282031674,0.0,1.293942282031674,5,462,0.02237502485513687,124.296875,True,bab993682fd9cee47587f3da81badd4fc87d273650fc37ad7fd2aefd2467401c
S3_s0_n0.2_b16,S3,0,0.2,16,full_twistedmerge_hodge_lr,0.8358333333333333,1.1450693682973798,0.4186679313280976,1.293942282031674,8.870191788119733e-16,1.293942282031673,5,30,0.026291003450751305,124.296875,True,bab993682fd9cee47587f3da81badd4fc87d273650fc37ad7fd2aefd2467401c
S3_s0_n0.2_b16,S3,0,0.2,16,full_random_group_law,0.0,2.5132275853048394,0.4188458445931637,1.293942282031674,1.44599842934404,-0.15205614731236605,5,30,0.022999942302703857,124.296875,True,bab993682fd9cee47587f3da81badd4fc87d273650fc37ad7fd2aefd2467401c
S3_s0_n0.2_b16,S3,0,0.2,16,full_shuffled_generator_identities,0.175,2.182770704989083,0.2438458445931637,1.293942282031674,1.4208101490460265,-0.1268678670143526,6,30,0.023166881874203682,124.296875,True,bab993682fd9cee47587f3da81badd4fc87d273650fc37ad7fd2aefd2467401c
S3_s0_n0.2_b16,S3,0,0.2,16,full_wrong_multiplication_order,0.18333333333333332,2.18441160990911,0.23551251125983036,1.293942282031674,1.2975956286416677,-0.003653346609993724,5,30,0.027250032871961594,124.296875,True,bab993682fd9cee47587f3da81badd4fc87d273650fc37ad7fd2aefd2467401c
S3_s0_n0.2_b16,S3,0,0.2,16,full_without_pooling,0.7216666666666667,1.2591882107001136,0.36161707882941335,1.293942282031674,0.3234855705079184,0.9704567115237556,5,30,0.022999942302703857,124.296875,True,bab993682fd9cee47587f3da81badd4fc87d273650fc37ad7fd2aefd2467401c
S3_s0_n0.2_b16,S3,0,0.2,16,full_without_retransport,0.20833333333333334,2.1508062657271405,0.2105125112598304,1.293942282031674,1.293942282031674,0.0,6,30,0.023042084649205208,124.296875,True,bab993682fd9cee47587f3da81badd4fc87d273650fc37ad7fd2aefd2467401c
S3_s0_n0.2_b16,S3,0,0.2,16,full_followed_by_distillation,0.16916666666666666,1.937688758367683,0.13380830815538042,1.293942282031674,1.1353251080073834,0.15861717402429054,6,30,0.024582957848906517,124.296875,True,bab993682fd9cee47587f3da81badd4fc87d273650fc37ad7fd2aefd2467401c
S3_s0_n0.2_b64,S3,0,0.2,64,context_blind_strict_synchronization,0.20833333333333334,2.1508062657271405,0.21051251125983034,1.298452599299377,1.298452599299377,0.0,0,462,0.02504093572497368,124.453125,True,c3aeb3109806b94031f3e6ef430f33e02928e3d29001e4daaa1a610c7942dbe1
S3_s0_n0.2_b64,S3,0,0.2,64,group_retransport_without_hodge,0.8391666666666666,1.1679494204052203,0.4220012646614309,1.298452599299377,0.0,1.298452599299377,5,30,0.02237502485513687,124.453125,True,c3aeb3109806b94031f3e6ef430f33e02928e3d29001e4daaa1a610c7942dbe1
S3_s0_n0.2_b64,S3,0,0.2,64,weighted_hodge_without_low_rank,0.42,1.471838339090296,0.10744219542464001,1.298452599299377,0.6492262996496885,0.6492262996496885,5,30,0.021208077669143677,124.453125,True,c3aeb3109806b94031f3e6ef430f33e02928e3d29001e4daaa1a610c7942dbe1
S3_s0_n0.2_b64,S3,0,0.2,64,generic_low_rank_residual_correction,0.16833333333333333,3.29251605277761,0.4274836360843215,1.298452599299377,2.230124890204447,-0.9316722909050701,2,462,0.0213750172406435,124.453125,True,c3aeb3109806b94031f3e6ef430f33e02928e3d29001e4daaa1a610c7942dbe1
S3_s0_n0.2_b64,S3,0,0.2,64,hodge_low_rank_generic_retransport,0.31666666666666665,1.853057401109307,0.13122214924580242,1.298452599299377,1.115062445102223,0.18339015419715388,5,30,0.022625084966421127,124.453125,True,c3aeb3109806b94031f3e6ef430f33e02928e3d29001e4daaa1a610c7942dbe1
S3_s0_n0.2_b64,S3,0,0.2,64,group_retransport_without_low_rank,0.8391666666666666,1.1679494204052203,0.4220012646614309,1.298452599299377,0.0,1.298452599299377,5,462,0.02208305522799492,124.453125,True,c3aeb3109806b94031f3e6ef430f33e02928e3d29001e4daaa1a610c7942dbe1
S3_s0_n0.2_b64,S3,0,0.2,64,full_twistedmerge_hodge_lr,0.8391666666666666,1.1679494204052203,0.42200126466143073,1.298452599299377,1.6716259220676108e-15,1.2984525992993752,5,30,0.02174987457692623,124.453125,True,c3aeb3109806b94031f3e6ef430f33e02928e3d29001e4daaa1a610c7942dbe1
S3_s0_n0.2_b64,S3,0,0.2,64,full_random_group_law,0.0,2.5098086044761083,0.4188458445931637,1.298452599299377,1.4657686733662425,-0.16731607406686555,5,30,0.021958956494927406,124.453125,True,c3aeb3109806b94031f3e6ef430f33e02928e3d29001e4daaa1a610c7942dbe1
S3_s0_n0.2_b64,S3,0,0.2,64,full_shuffled_generator_identities,0.19166666666666668,2.1789040693592687,0.227179177926497,1.298452599299377,1.4277773575760861,-0.1293247582767092,6,30,0.022124964743852615,124.453125,True,c3aeb3109806b94031f3e6ef430f33e02928e3d29001e4daaa1a610c7942dbe1
S3_s0_n0.2_b64,S3,0,0.2,64,full_wrong_multiplication_order,0.18333333333333332,2.18441160990911,0.23551251125983036,1.298452599299377,1.3023680141375347,-0.003915414838157716,5,30,0.02191704697906971,124.453125,True,c3aeb3109806b94031f3e6ef430f33e02928e3d29001e4daaa1a610c7942dbe1
S3_s0_n0.2_b64,S3,0,0.2,64,full_without_pooling,0.7225,1.2755975615849926,0.3629711122338425,1.298452599299377,0.3246131498248434,0.9738394494745335,5,30,0.022207852452993393,124.453125,True,c3aeb3109806b94031f3e6ef430f33e02928e3d29001e4daaa1a610c7942dbe1
S3_s0_n0.2_b64,S3,0,0.2,64,full_without_retransport,0.20833333333333334,2.1508062657271405,0.21051251125983034,1.298452599299377,1.298452599299377,0.0,6,30,0.02200016751885414,124.453125,True,c3aeb3109806b94031f3e6ef430f33e02928e3d29001e4daaa1a610c7942dbe1
S3_s0_n0.2_b64,S3,0,0.2,64,full_followed_by_distillation,0.15333333333333332,4.63542473540918,0.5855906419341985,1.298452599299377,3.2487517897568563,-1.9502991904574793,6,30,0.019666971638798714,124.453125,True,c3aeb3109806b94031f3e6ef430f33e02928e3d29001e4daaa1a610c7942dbe1
S3_s0_n0.5_b16,S3,0,0.5,16,context_blind_strict_synchronization,0.20833333333333334,2.1508062657271405,0.21051251125983034,1.2999765711140108,1.2999765711140108,0.0,0,462,0.024417182430624962,124.453125,True,49968e443dd2d721830ea4339f59f90d0641e16d0f49d8d82651391a20cdb28f
S3_s0_n0.5_b16,S3,0,0.5,16,group_retransport_without_hodge,0.5775,1.5145362522292345,0.1748759744802601,1.2999765711140108,0.0,1.2999765711140108,5,30,0.02245907671749592,124.453125,True,49968e443dd2d721830ea4339f59f90d0641e16d0f49d8d82651391a20cdb28f
S3_s0_n0.5_b16,S3,0,0.5,16,weighted_hodge_without_low_rank,0.33416666666666667,1.6452713878515735,0.033509251868144935,1.2999765711140108,0.6499882855570054,0.6499882855570054,5,30,0.02245907671749592,124.453125,True,49968e443dd2d721830ea4339f59f90d0641e16d0f49d8d82651391a20cdb28f
S3_s0_n0.5_b16,S3,0,0.5,16,generic_low_rank_residual_correction,0.17166666666666666,2.179610989826968,0.2575746641308443,1.2999765711140108,1.3295412987715656,-0.0295647276575548,2,462,0.02141715958714485,124.453125,True,49968e443dd2d721830ea4339f59f90d0641e16d0f49d8d82651391a20cdb28f
S3_s0_n0.5_b16,S3,0,0.5,16,hodge_low_rank_generic_retransport,0.3441666666666667,1.6561895910982019,0.02431015725342736,1.2999765711140108,0.6647706493857825,0.6352059217282283,5,30,0.021624844521284103,124.453125,True,49968e443dd2d721830ea4339f59f90d0641e16d0f49d8d82651391a20cdb28f
S3_s0_n0.5_b16,S3,0,0.5,16,group_retransport_without_low_rank,0.5775,1.5145362522292345,0.1748759744802601,1.2999765711140108,0.0,1.2999765711140108,5,462,0.022165942937135696,124.453125,True,49968e443dd2d721830ea4339f59f90d0641e16d0f49d8d82651391a20cdb28f
S3_s0_n0.5_b16,S3,0,0.5,16,full_twistedmerge_hodge_lr,0.5775,1.5145362522292345,0.17487597448026002,1.2999765711140108,1.0004423015393423e-15,1.2999765711140097,5,30,0.021750107407569885,124.453125,True,49968e443dd2d721830ea4339f59f90d0641e16d0f49d8d82651391a20cdb28f
S3_s0_n0.5_b16,S3,0,0.5,16,full_random_group_law,0.0,2.5132275853048394,0.4188458445931637,1.2999765711140108,1.415527599215265,-0.11555102810125417,5,30,0.021791085600852966,124.453125,True,49968e443dd2d721830ea4339f59f90d0641e16d0f49d8d82651391a20cdb28f
S3_s0_n0.5_b16,S3,0,0.5,16,full_shuffled_generator_identities,0.18,2.149135729443831,0.23884584459316366,1.2999765711140108,1.4257545515458243,-0.12577798043181354,6,30,0.02229190431535244,124.453125,True,49968e443dd2d721830ea4339f59f90d0641e16d0f49d8d82651391a20cdb28f
S3_s0_n0.5_b16,S3,0,0.5,16,full_wrong_multiplication_order,0.18333333333333332,2.18441160990911,0.23551251125983036,1.2999765711140108,1.3293192457246668,-0.029342674610655983,5,30,0.021665822714567184,124.453125,True,49968e443dd2d721830ea4339f59f90d0641e16d0f49d8d82651391a20cdb28f
S3_s0_n0.5_b16,S3,0,0.5,16,full_without_pooling,0.505,1.5353652324279945,0.1464660967102693,1.2999765711140108,0.324994142778502,0.9749824283355087,5,30,0.02291705459356308,124.453125,True,49968e443dd2d721830ea4339f59f90d0641e16d0f49d8d82651391a20cdb28f
S3_s0_n0.5_b16,S3,0,0.5,16,full_without_retransport,0.20833333333333334,2.1508062657271405,0.21051251125983034,1.2999765711140108,1.2999765711140108,0.0,6,30,0.021709129214286804,124.453125,True,49968e443dd2d721830ea4339f59f90d0641e16d0f49d8d82651391a20cdb28f
S3_s0_n0.5_b16,S3,0,0.5,16,full_followed_by_distillation,0.16916666666666666,1.937688758367683,0.13380830815538042,1.2999765711140108,1.1351449341174726,0.16483163699653813,6,30,0.01933285966515541,124.453125,True,49968e443dd2d721830ea4339f59f90d0641e16d0f49d8d82651391a20cdb28f
S3_s0_n0.5_b64,S3,0,0.5,64,context_blind_strict_synchronization,0.20833333333333334,2.1508062657271405,0.21051251125983034,1.3024737579229293,1.3024737579229293,0.0,0,462,0.02583279274404049,124.453125,True,4d7b5acefea397d0d5a34c75a5f58b67b06ab14bee44ede6acae7b5cc4572ed3
S3_s0_n0.5_b64,S3,0,0.5,64,group_retransport_without_hodge,0.6025,1.5439982917053472,0.2082093078135934,1.3024737579229293,0.0,1.3024737579229293,5,30,0.023167114704847336,124.453125,True,4d7b5acefea397d0d5a34c75a5f58b67b06ab14bee44ede6acae7b5cc4572ed3
S3_s0_n0.5_b64,S3,0,0.5,64,weighted_hodge_without_low_rank,0.3408333333333333,1.6599255652280187,0.039122140727000945,1.3024737579229293,0.6512368789614645,0.6512368789614648,5,30,0.022124964743852615,124.453125,True,4d7b5acefea397d0d5a34c75a5f58b67b06ab14bee44ede6acae7b5cc4572ed3
S3_s0_n0.5_b64,S3,0,0.5,64,generic_low_rank_residual_correction,0.15583333333333332,3.351531340342022,0.4471748016328986,1.3024737579229293,2.2436766683181433,-0.941202910395214,2,462,0.021792016923427582,124.453125,True,4d7b5acefea397d0d5a34c75a5f58b67b06ab14bee44ede6acae7b5cc4572ed3
S3_s0_n0.5_b64,S3,0,0.5,64,hodge_low_rank_generic_retransport,0.25833333333333336,2.063263529392491,0.19334921193945784,1.3024737579229293,1.1218383341590714,0.18063542376385788,5,30,0.021374784409999847,124.453125,True,4d7b5acefea397d0d5a34c75a5f58b67b06ab14bee44ede6acae7b5cc4572ed3
S3_s0_n0.5_b64,S3,0,0.5,64,group_retransport_without_low_rank,0.6025,1.5439982917053472,0.2082093078135934,1.3024737579229293,0.0,1.3024737579229293,5,462,0.023707980290055275,124.453125,True,4d7b5acefea397d0d5a34c75a5f58b67b06ab14bee44ede6acae7b5cc4572ed3
S3_s0_n0.5_b64,S3,0,0.5,64,full_twistedmerge_hodge_lr,0.6025,1.5439982917053472,0.2082093078135933,1.3024737579229293,1.2513763774134778e-15,1.302473757922928,5,30,0.023250002413988113,124.453125,True,4d7b5acefea397d0d5a34c75a5f58b67b06ab14bee44ede6acae7b5cc4572ed3
S3_s0_n0.5_b64,S3,0,0.5,64,full_random_group_law,0.0,2.5098086044761083,0.4188458445931637,1.3024737579229293,1.4156754631514725,-0.11320170522854323,5,30,0.023417174816131592,124.453125,True,4d7b5acefea397d0d5a34c75a5f58b67b06ab14bee44ede6acae7b5cc4572ed3
S3_s0_n0.5_b64,S3,0,0.5,64,full_shuffled_generator_identities,0.18083333333333335,2.1653791375160822,0.23801251125983033,1.3024737579229293,1.4331333130908048,-0.13065955516787553,6,30,0.02237502485513687,124.453125,True,4d7b5acefea397d0d5a34c75a5f58b67b06ab14bee44ede6acae7b5cc4572ed3
S3_s0_n0.5_b64,S3,0,0.5,64,full_wrong_multiplication_order,0.18333333333333332,2.18441160990911,0.23551251125983036,1.3024737579229293,1.3214862551774822,-0.019012497254552896,5,30,0.023083994165062904,124.453125,True,4d7b5acefea397d0d5a34c75a5f58b67b06ab14bee44ede6acae7b5cc4572ed3
S3_s0_n0.5_b64,S3,0,0.5,64,full_without_pooling,0.5225,1.5572930222261585,0.16963184268226414,1.3024737579229293,0.3256184394807315,0.9768553184421978,5,30,0.02395804040133953,124.453125,True,4d7b5acefea397d0d5a34c75a5f58b67b06ab14bee44ede6acae7b5cc4572ed3
S3_s0_n0.5_b64,S3,0,0.5,64,full_without_retransport,0.20833333333333334,2.1508062657271405,0.21051251125983034,1.3024737579229293,1.302473757922929,2.220446049250313e-16,6,30,0.022625084966421127,124.453125,True,4d7b5acefea397d0d5a34c75a5f58b67b06ab14bee44ede6acae7b5cc4572ed3
S3_s0_n0.5_b64,S3,0,0.5,64,full_followed_by_distillation,0.15333333333333332,4.63542473540918,0.5855906419341985,1.3024737579229293,3.2407051497210033,-1.938231391798074,6,30,0.02133403904736042,124.453125,True,4d7b5acefea397d0d5a34c75a5f58b67b06ab14bee44ede6acae7b5cc4572ed3
S3_s1_n0.2_b16,S3,1,0.2,16,context_blind_strict_synchronization,0.21083333333333334,2.0984486833594427,0.2042201213022513,1.2930609588060975,1.2930609588060975,0.0,0,462,0.023999949917197227,124.46875,True,071cb2dcb56a9c41c9ea5ea5924bc37e2abda6563e48b55b4ca0234e8b93de04
S3_s1_n0.2_b16,S3,1,0.2,16,group_retransport_without_hodge,0.825,1.2111053323488918,0.41332671986585606,1.2930609588060975,0.0,1.2930609588060975,5,30,0.022500054910779,124.46875,True,071cb2dcb56a9c41c9ea5ea5924bc37e2abda6563e48b55b4ca0234e8b93de04
S3_s1_n0.2_b16,S3,1,0.2,16,weighted_hodge_without_low_rank,0.445,1.4687584209009816,0.1330400851670228,1.2930609588060975,0.6465304794030488,0.6465304794030488,5,30,0.020292121917009354,124.46875,True,071cb2dcb56a9c41c9ea5ea5924bc37e2abda6563e48b55b4ca0234e8b93de04
S3_s1_n0.2_b16,S3,1,0.2,16,generic_low_rank_residual_correction,0.18833333333333332,2.118962366658744,0.23085894758176845,1.2930609588060975,1.2911582838316888,0.001902674974408658,2,462,0.02108304761350155,124.46875,True,071cb2dcb56a9c41c9ea5ea5924bc37e2abda6563e48b55b4ca0234e8b93de04
S3_s1_n0.2_b16,S3,1,0.2,16,hodge_low_rank_generic_retransport,0.44333333333333336,1.4794069778150543,0.11565667562845625,1.2930609588060975,0.6455791419158446,0.6474818168902529,5,30,0.02087489701807499,124.46875,True,071cb2dcb56a9c41c9ea5ea5924bc37e2abda6563e48b55b4ca0234e8b93de04
S3_s1_n0.2_b16,S3,1,0.2,16,group_retransport_without_low_rank,0.825,1.2111053323488918,0.41332671986585606,1.2930609588060975,0.0,1.2930609588060975,5,462,0.021999934688210487,124.46875,True,071cb2dcb56a9c41c9ea5ea5924bc37e2abda6563e48b55b4ca0234e8b93de04
S3_s1_n0.2_b16,S3,1,0.2,16,full_twistedmerge_hodge_lr,0.825,1.2111053323488918,0.4133267198658562,1.2930609588060975,1.0577443571683523e-15,1.2930609588060964,5,30,0.02195802517235279,124.46875,True,071cb2dcb56a9c41c9ea5ea5924bc37e2abda6563e48b55b4ca0234e8b93de04
S3_s1_n0.2_b16,S3,1,0.2,16,full_random_group_law,0.14333333333333334,2.1842525291296826,0.2717201213022513,1.2930609588060975,1.2969763758391657,-0.0039154170330681914,5,30,0.022042077034711838,124.46875,True,071cb2dcb56a9c41c9ea5ea5924bc37e2abda6563e48b55b4ca0234e8b93de04
S3_s1_n0.2_b16,S3,1,0.2,16,full_shuffled_generator_identities,0.1775,2.16804925733652,0.2375534546355847,1.2930609588060975,1.433205837173799,-0.1401448783677015,6,30,0.02204091288149357,124.46875,True,071cb2dcb56a9c41c9ea5ea5924bc37e2abda6563e48b55b4ca0234e8b93de04
S3_s1_n0.2_b16,S3,1,0.2,16,full_wrong_multiplication_order,0.16333333333333333,2.1740531765352507,0.2517201213022513,1.2930609588060975,1.2899200608935797,0.003140897912517815,5,30,0.02200016751885414,124.46875,True,071cb2dcb56a9c41c9ea5ea5924bc37e2abda6563e48b55b4ca0234e8b93de04
S3_s1_n0.2_b16,S3,1,0.2,16,full_without_pooling,0.7225,1.2963121383642637,0.3640127587615188,1.2930609588060975,0.3232652397015249,0.9697957191045726,5,30,0.02237502485513687,124.46875,True,071cb2dcb56a9c41c9ea5ea5924bc37e2abda6563e48b55b4ca0234e8b93de04
S3_s1_n0.2_b16,S3,1,0.2,16,full_without_retransport,0.21083333333333334,2.0984486833594427,0.2042201213022513,1.2930609588060975,1.2930609588060975,0.0,6,30,0.02141715958714485,124.46875,True,071cb2dcb56a9c41c9ea5ea5924bc37e2abda6563e48b55b4ca0234e8b93de04
S3_s1_n0.2_b16,S3,1,0.2,16,full_followed_by_distillation,0.17333333333333334,1.923006796352379,0.11487529717729875,1.2930609588060975,1.0867118682885666,0.20634909051753092,6,30,0.020209001377224922,124.46875,True,071cb2dcb56a9c41c9ea5ea5924bc37e2abda6563e48b55b4ca0234e8b93de04
S3_s1_n0.2_b64,S3,1,0.2,64,context_blind_strict_synchronization,0.21083333333333334,2.0984486833594427,0.2042201213022513,1.2846682027709078,1.2846682027709078,0.0,0,462,0.022541964426636696,124.46875,True,953011592918b019ae0dcfd1f344a6ebe52b9085c4f4bf21b802f96d135370dd
S3_s1_n0.2_b64,S3,1,0.2,64,group_retransport_without_hodge,0.8191666666666667,1.1820561316250495,0.4074933865325227,1.2846682027709078,0.0,1.2846682027709078,5,30,0.02295803278684616,124.46875,True,953011592918b019ae0dcfd1f344a6ebe52b9085c4f4bf21b802f96d135370dd
S3_s1_n0.2_b64,S3,1,0.2,64,weighted_hodge_without_low_rank,0.445,1.4543327716891448,0.137528394499771,1.2846682027709078,0.6423341013854539,0.6423341013854539,5,30,0.020707957446575165,124.46875,True,953011592918b019ae0dcfd1f344a6ebe52b9085c4f4bf21b802f96d135370dd
S3_s1_n0.2_b64,S3,1,0.2,64,generic_low_rank_residual_correction,0.185,2.861640489628373,0.40542455388319476,1.2846682027709078,1.8997842747982225,-0.6151160720273148,2,462,0.01895800232887268,124.46875,True,953011592918b019ae0dcfd1f344a6ebe52b9085c4f4bf21b802f96d135370dd
S3_s1_n0.2_b64,S3,1,0.2,64,hodge_low_rank_generic_retransport,0.3358333333333333,1.694884982217502,0.09983545967500247,1.2846682027709078,0.949892137399111,0.3347760653717967,5,30,0.020167091861367226,124.46875,True,953011592918b019ae0dcfd1f344a6ebe52b9085c4f4bf21b802f96d135370dd
S3_s1_n0.2_b64,S3,1,0.2,64,group_retransport_without_low_rank,0.8191666666666667,1.1820561316250495,0.4074933865325227,1.2846682027709078,0.0,1.2846682027709078,5,462,0.022875145077705383,124.46875,True,953011592918b019ae0dcfd1f344a6ebe52b9085c4f4bf21b802f96d135370dd
S3_s1_n0.2_b64,S3,1,0.2,64,full_twistedmerge_hodge_lr,0.8191666666666667,1.1820561316250495,0.4074933865325227,1.2846682027709078,8.725074097575756e-16,1.2846682027709069,5,30,0.02304092049598694,124.46875,True,953011592918b019ae0dcfd1f344a6ebe52b9085c4f4bf21b802f96d135370dd
S3_s1_n0.2_b64,S3,1,0.2,64,full_random_group_law,0.0,2.414032263372772,0.41505345463558463,1.2846682027709078,1.381955738731427,-0.0972875359605192,5,30,0.02391589805483818,124.46875,True,953011592918b019ae0dcfd1f344a6ebe52b9085c4f4bf21b802f96d135370dd
S3_s1_n0.2_b64,S3,1,0.2,64,full_shuffled_generator_identities,0.16166666666666665,2.1965649906040325,0.25338678796891806,1.2846682027709078,1.4388365236687795,-0.1541683208978717,6,30,0.023999949917197227,124.46875,True,953011592918b019ae0dcfd1f344a6ebe52b9085c4f4bf21b802f96d135370dd
S3_s1_n0.2_b64,S3,1,0.2,64,full_wrong_multiplication_order,0.16333333333333333,2.1740531765352507,0.2517201213022513,1.2846682027709078,1.311346215498898,-0.026678012727990197,5,30,0.02237502485513687,124.46875,True,953011592918b019ae0dcfd1f344a6ebe52b9085c4f4bf21b802f96d135370dd
S3_s1_n0.2_b64,S3,1,0.2,64,full_without_pooling,0.7166666666666667,1.2747861675949976,0.3589982781530479,1.2846682027709078,0.32116705069272655,0.9635011520781812,5,30,0.022875145077705383,124.46875,True,953011592918b019ae0dcfd1f344a6ebe52b9085c4f4bf21b802f96d135370dd
S3_s1_n0.2_b64,S3,1,0.2,64,full_without_retransport,0.21083333333333334,2.0984486833594427,0.2042201213022513,1.2846682027709078,1.2846682027709078,0.0,6,30,0.022500054910779,124.46875,True,953011592918b019ae0dcfd1f344a6ebe52b9085c4f4bf21b802f96d135370dd
S3_s1_n0.2_b64,S3,1,0.2,64,full_followed_by_distillation,0.175,4.64029814830285,0.5726724347558458,1.2846682027709078,3.31447635859516,-2.0298081558242522,6,30,0.02166605554521084,124.46875,True,953011592918b019ae0dcfd1f344a6ebe52b9085c4f4bf21b802f96d135370dd
S3_s1_n0.5_b16,S3,1,0.5,16,context_blind_strict_synchronization,0.21083333333333334,2.0984486833594427,0.2042201213022513,1.280068458207909,1.280068458207909,0.0,0,462,0.024167122319340706,124.46875,True,2e65e77aedf0f73b49322ac8ae6f4814007ea4447afbf259daef404b2d54d3a0
S3_s1_n0.5_b16,S3,1,0.5,16,group_retransport_without_hodge,0.5883333333333334,1.5201295163153001,0.21379531998965529,1.280068458207909,0.0,1.280068458207909,5,30,0.02308306284248829,124.46875,True,2e65e77aedf0f73b49322ac8ae6f4814007ea4447afbf259daef404b2d54d3a0
S3_s1_n0.5_b16,S3,1,0.5,16,weighted_hodge_without_low_rank,0.3625,1.6258540686572769,0.0651846860779637,1.280068458207909,0.6400342291039545,0.6400342291039545,5,30,0.02091703936457634,124.46875,True,2e65e77aedf0f73b49322ac8ae6f4814007ea4447afbf259daef404b2d54d3a0
S3_s1_n0.5_b16,S3,1,0.5,16,generic_low_rank_residual_correction,0.19,2.12119832718535,0.23009515677466819,1.280068458207909,1.2774760900884226,0.002592368119486377,2,462,0.021499814465641975,124.46875,True,2e65e77aedf0f73b49322ac8ae6f4814007ea4447afbf259daef404b2d54d3a0
S3_s1_n0.5_b16,S3,1,0.5,16,hodge_low_rank_generic_retransport,0.36,1.6384485864504872,0.04453158895085066,1.280068458207909,0.6387380450442115,0.6413304131636974,5,30,0.021916115656495094,124.46875,True,2e65e77aedf0f73b49322ac8ae6f4814007ea4447afbf259daef404b2d54d3a0
S3_s1_n0.5_b16,S3,1,0.5,16,group_retransport_without_low_rank,0.5883333333333334,1.5201295163153001,0.21379531998965529,1.280068458207909,0.0,1.280068458207909,5,462,0.022750115022063255,124.46875,True,2e65e77aedf0f73b49322ac8ae6f4814007ea4447afbf259daef404b2d54d3a0
S3_s1_n0.5_b16,S3,1,0.5,16,full_twistedmerge_hodge_lr,0.5883333333333334,1.5201295163153001,0.21379531998965529,1.280068458207909,5.601404026168995e-16,1.2800684582079083,5,30,0.022584106773138046,124.46875,True,2e65e77aedf0f73b49322ac8ae6f4814007ea4447afbf259daef404b2d54d3a0
S3_s1_n0.5_b16,S3,1,0.5,16,full_random_group_law,0.14333333333333334,2.1842525291296826,0.2717201213022513,1.280068458207909,1.318273759450896,-0.038205301242987044,5,30,0.023292144760489464,124.46875,True,2e65e77aedf0f73b49322ac8ae6f4814007ea4447afbf259daef404b2d54d3a0
S3_s1_n0.5_b16,S3,1,0.5,16,full_shuffled_generator_identities,0.15666666666666668,2.2040498522071186,0.258386787968918,1.280068458207909,1.4274795819433321,-0.1474111237354232,6,30,0.02337503246963024,124.46875,True,2e65e77aedf0f73b49322ac8ae6f4814007ea4447afbf259daef404b2d54d3a0
S3_s1_n0.5_b16,S3,1,0.5,16,full_wrong_multiplication_order,0.16333333333333333,2.1740531765352507,0.2517201213022513,1.280068458207909,1.3068816257914226,-0.02681316758351371,5,30,0.0227498821914196,124.46875,True,2e65e77aedf0f73b49322ac8ae6f4814007ea4447afbf259daef404b2d54d3a0
S3_s1_n0.5_b16,S3,1,0.5,16,full_without_pooling,0.5191666666666667,1.5296677168320492,0.17410102922492193,1.280068458207909,0.3200171145519773,0.9600513436559317,5,30,0.02295803278684616,124.46875,True,2e65e77aedf0f73b49322ac8ae6f4814007ea4447afbf259daef404b2d54d3a0
S3_s1_n0.5_b16,S3,1,0.5,16,full_without_retransport,0.21083333333333334,2.0984486833594427,0.2042201213022513,1.280068458207909,1.280068458207909,0.0,6,30,0.022041844204068184,124.46875,True,2e65e77aedf0f73b49322ac8ae6f4814007ea4447afbf259daef404b2d54d3a0
S3_s1_n0.5_b16,S3,1,0.5,16,full_followed_by_distillation,0.17333333333333334,1.923006796352379,0.11487529717729875,1.280068458207909,1.0767092637679112,0.20335919443999773,6,30,0.021333107724785805,124.46875,True,2e65e77aedf0f73b49322ac8ae6f4814007ea4447afbf259daef404b2d54d3a0
S3_s1_n0.5_b64,S3,1,0.5,64,context_blind_strict_synchronization,0.21083333333333334,2.0984486833594427,0.2042201213022513,1.2890842697230245,1.2890842697230245,0.0,0,462,0.023042084649205208,124.46875,True,004bd3697018a0d8034911e8c121120092558ccc7f0fb1a5def5cdaf3d575cc4
S3_s1_n0.5_b64,S3,1,0.5,64,group_retransport_without_hodge,0.5766666666666667,1.538443873519828,0.1770873541388555,1.2890842697230245,0.0,1.2890842697230245,5,30,0.022124964743852615,124.46875,True,004bd3697018a0d8034911e8c121120092558ccc7f0fb1a5def5cdaf3d575cc4
S3_s1_n0.5_b64,S3,1,0.5,64,weighted_hodge_without_low_rank,0.3425,1.6323562445527817,0.03590796367333971,1.2890842697230245,0.6445421348615124,0.6445421348615121,5,30,0.01958315260708332,124.46875,True,004bd3697018a0d8034911e8c121120092558ccc7f0fb1a5def5cdaf3d575cc4
S3_s1_n0.5_b64,S3,1,0.5,64,generic_low_rank_residual_correction,0.18916666666666668,2.723944381099664,0.3782540216878473,1.2890842697230245,1.7543774155220135,-0.46529314579898906,2,462,0.018832972273230553,124.46875,True,004bd3697018a0d8034911e8c121120092558ccc7f0fb1a5def5cdaf3d575cc4
S3_s1_n0.5_b64,S3,1,0.5,64,hodge_low_rank_generic_retransport,0.2891666666666667,1.827590182655885,0.13104903959012423,1.2890842697230245,0.8771887077610067,0.4118955619620178,5,30,0.018832972273230553,124.46875,True,004bd3697018a0d8034911e8c121120092558ccc7f0fb1a5def5cdaf3d575cc4
S3_s1_n0.5_b64,S3,1,0.5,64,group_retransport_without_low_rank,0.5766666666666667,1.538443873519828,0.1770873541388555,1.2890842697230245,0.0,1.2890842697230245,5,462,0.022290972992777824,124.46875,True,004bd3697018a0d8034911e8c121120092558ccc7f0fb1a5def5cdaf3d575cc4
S3_s1_n0.5_b64,S3,1,0.5,64,full_twistedmerge_hodge_lr,0.5766666666666667,1.538443873519828,0.17708735413885543,1.2890842697230245,9.577066077190767e-16,1.2890842697230236,5,30,0.02216617576777935,124.46875,True,004bd3697018a0d8034911e8c121120092558ccc7f0fb1a5def5cdaf3d575cc4
S3_s1_n0.5_b64,S3,1,0.5,64,full_random_group_law,0.0,2.414032263372772,0.41505345463558463,1.2890842697230245,1.3475981689011525,-0.05851389917812799,5,30,0.023999949917197227,124.46875,True,004bd3697018a0d8034911e8c121120092558ccc7f0fb1a5def5cdaf3d575cc4
S3_s1_n0.5_b64,S3,1,0.5,64,full_shuffled_generator_identities,0.16833333333333333,2.1769827235351302,0.24672012130225135,1.2890842697230245,1.4312066400374535,-0.14212237031442898,6,30,0.02374988980591297,124.46875,True,004bd3697018a0d8034911e8c121120092558ccc7f0fb1a5def5cdaf3d575cc4
S3_s1_n0.5_b64,S3,1,0.5,64,full_wrong_multiplication_order,0.16333333333333333,2.1740531765352507,0.2517201213022513,1.2890842697230245,1.2992389472616515,-0.010154677538626977,5,30,0.023124972358345985,124.46875,True,004bd3697018a0d8034911e8c121120092558ccc7f0fb1a5def5cdaf3d575cc4
S3_s1_n0.5_b64,S3,1,0.5,64,full_without_pooling,0.5041666666666667,1.5417819653863658,0.14994748089907733,1.2890842697230245,0.3222710674307558,0.9668132022922686,5,30,0.02291705459356308,124.46875,True,004bd3697018a0d8034911e8c121120092558ccc7f0fb1a5def5cdaf3d575cc4
S3_s1_n0.5_b64,S3,1,0.5,64,full_without_retransport,0.21083333333333334,2.0984486833594427,0.2042201213022513,1.2890842697230245,1.2890842697230245,0.0,6,30,0.021750107407569885,124.46875,True,004bd3697018a0d8034911e8c121120092558ccc7f0fb1a5def5cdaf3d575cc4
S3_s1_n0.5_b64,S3,1,0.5,64,full_followed_by_distillation,0.175,4.64029814830285,0.5726724347558458,1.2890842697230245,3.311826176508005,-2.0227419067849803,6,30,0.022707972675561905,124.46875,True,004bd3697018a0d8034911e8c121120092558ccc7f0fb1a5def5cdaf3d575cc4
S3_s2_n0.2_b16,S3,2,0.2,16,context_blind_strict_synchronization,0.19916666666666666,2.1487783967916925,0.23188806885588178,1.3046959944997785,1.3046959944997785,0.0,0,462,0.026958994567394257,124.46875,True,e440fb53d3bcd95a5791d4d5804acff5bb33c182290f7e71fc33e1ebfe4ed739
S3_s2_n0.2_b16,S3,2,0.2,16,group_retransport_without_hodge,0.8208333333333333,1.1680250124538885,0.39273772614177116,1.3046959944997785,0.0,1.3046959944997785,5,30,0.022249994799494743,124.46875,True,e440fb53d3bcd95a5791d4d5804acff5bb33c182290f7e71fc33e1ebfe4ed739
S3_s2_n0.2_b16,S3,2,0.2,16,weighted_hodge_without_low_rank,0.4533333333333333,1.4655618598914217,0.1334250637565869,1.3046959944997785,0.6523479972498892,0.6523479972498892,5,30,0.02195802517235279,124.46875,True,e440fb53d3bcd95a5791d4d5804acff5bb33c182290f7e71fc33e1ebfe4ed739
S3_s2_n0.2_b16,S3,2,0.2,16,generic_low_rank_residual_correction,0.18916666666666668,2.160401668536099,0.24795787085799503,1.3046959944997785,1.3235864815637777,-0.018890487063999206,2,462,0.024124979972839355,124.46875,True,e440fb53d3bcd95a5791d4d5804acff5bb33c182290f7e71fc33e1ebfe4ed739
S3_s2_n0.2_b16,S3,2,0.2,16,hodge_low_rank_generic_retransport,0.44,1.4680894040753985,0.1000714920578427,1.3046959944997785,0.6617932407818888,0.6429027537178896,5,30,0.022500054910779,124.46875,True,e440fb53d3bcd95a5791d4d5804acff5bb33c182290f7e71fc33e1ebfe4ed739
S3_s2_n0.2_b16,S3,2,0.2,16,group_retransport_without_low_rank,0.8208333333333333,1.1680250124538885,0.39273772614177116,1.3046959944997785,0.0,1.3046959944997785,5,462,0.021791085600852966,124.46875,True,e440fb53d3bcd95a5791d4d5804acff5bb33c182290f7e71fc33e1ebfe4ed739
S3_s2_n0.2_b16,S3,2,0.2,16,full_twistedmerge_hodge_lr,0.8208333333333333,1.1680250124538885,0.3927377261417711,1.3046959944997785,9.236861080358901e-16,1.3046959944997776,5,30,0.02191588282585144,124.46875,True,e440fb53d3bcd95a5791d4d5804acff5bb33c182290f7e71fc33e1ebfe4ed739
S3_s2_n0.2_b16,S3,2,0.2,16,full_random_group_law,0.0,2.4744455970187444,0.42971787977782216,1.3046959944997785,1.443133358773118,-0.13843736427333964,5,30,0.022624852135777473,124.46875,True,e440fb53d3bcd95a5791d4d5804acff5bb33c182290f7e71fc33e1ebfe4ed739
S3_s2_n0.2_b16,S3,2,0.2,16,full_shuffled_generator_identities,0.17666666666666667,2.1865371099819813,0.2530956071915622,1.3046959944997785,1.4446315816776936,-0.1399355871779151,6,30,0.022166874259710312,124.46875,True,e440fb53d3bcd95a5791d4d5804acff5bb33c182290f7e71fc33e1ebfe4ed739
S3_s2_n0.2_b16,S3,2,0.2,16,full_wrong_multiplication_order,0.14666666666666667,2.2626402916107766,0.28305121311115544,1.3046959944997785,1.359829356590449,-0.055133362090670435,5,30,0.022333115339279175,124.46875,True,e440fb53d3bcd95a5791d4d5804acff5bb33c182290f7e71fc33e1ebfe4ed739
S3_s2_n0.2_b16,S3,2,0.2,16,full_without_pooling,0.7241666666666666,1.271749498000997,0.3552205872756344,1.3046959944997785,0.3261739986249446,0.9785219958748339,5,30,0.022249994799494743,124.46875,True,e440fb53d3bcd95a5791d4d5804acff5bb33c182290f7e71fc33e1ebfe4ed739
S3_s2_n0.2_b16,S3,2,0.2,16,full_without_retransport,0.19916666666666666,2.1487783967916925,0.23188806885588178,1.3046959944997785,1.3046959944997785,0.0,6,30,0.022958964109420776,124.46875,True,e440fb53d3bcd95a5791d4d5804acff5bb33c182290f7e71fc33e1ebfe4ed739
S3_s2_n0.2_b16,S3,2,0.2,16,full_followed_by_distillation,0.18083333333333335,1.8708864455298453,0.10726563047427563,1.3046959944997785,1.1000281358060902,0.2046678586936883,6,30,0.024458160623908043,124.46875,True,e440fb53d3bcd95a5791d4d5804acff5bb33c182290f7e71fc33e1ebfe4ed739
S3_s2_n0.2_b64,S3,2,0.2,64,context_blind_strict_synchronization,0.19916666666666666,2.1487783967916925,0.23188806885588178,1.3253822784148968,1.3253822784148968,0.0,0,462,0.024625100195407867,124.46875,True,6da7c9ecceec2c3839b23a0965db44331f718c91d3f8e8fcf2559627694d6ccf
S3_s2_n0.2_b64,S3,2,0.2,64,group_retransport_without_hodge,0.845,1.127360853082468,0.41528212022217786,1.3253822784148968,0.0,1.3253822784148968,5,30,0.022625084966421127,124.46875,True,6da7c9ecceec2c3839b23a0965db44331f718c91d3f8e8fcf2559627694d6ccf
S3_s2_n0.2_b64,S3,2,0.2,64,weighted_hodge_without_low_rank,0.46166666666666667,1.4384062104807245,0.14376204344813187,1.3253822784148968,0.6626911392074484,0.6626911392074484,5,30,0.02166605554521084,124.46875,True,6da7c9ecceec2c3839b23a0965db44331f718c91d3f8e8fcf2559627694d6ccf
S3_s2_n0.2_b64,S3,2,0.2,64,generic_low_rank_residual_correction,0.15916666666666668,2.9331615174038634,0.41898505140461045,1.3253822784148968,1.9408739973668039,-0.6154917189519071,2,462,0.022290972992777824,124.46875,True,6da7c9ecceec2c3839b23a0965db44331f718c91d3f8e8fcf2559627694d6ccf
S3_s2_n0.2_b64,S3,2,0.2,64,hodge_low_rank_generic_retransport,0.32083333333333336,1.6935471350806526,0.10884175753208519,1.3253822784148968,0.9704369986834019,0.3549452797314948,5,30,0.02187490463256836,124.46875,True,6da7c9ecceec2c3839b23a0965db44331f718c91d3f8e8fcf2559627694d6ccf
S3_s2_n0.2_b64,S3,2,0.2,64,group_retransport_without_low_rank,0.845,1.127360853082468,0.41528212022217786,1.3253822784148968,0.0,1.3253822784148968,5,462,0.021709129214286804,124.46875,True,6da7c9ecceec2c3839b23a0965db44331f718c91d3f8e8fcf2559627694d6ccf
S3_s2_n0.2_b64,S3,2,0.2,64,full_twistedmerge_hodge_lr,0.845,1.127360853082468,0.4152821202221779,1.3253822784148968,8.696243508838185e-16,1.3253822784148959,5,30,0.02229190431535244,124.46875,True,6da7c9ecceec2c3839b23a0965db44331f718c91d3f8e8fcf2559627694d6ccf
S3_s2_n0.2_b64,S3,2,0.2,64,full_random_group_law,0.15333333333333332,2.298777167905168,0.2764289405248956,1.3253822784148968,1.3679064595647228,-0.042524181149826035,5,30,0.023667002096772194,124.46875,True,6da7c9ecceec2c3839b23a0965db44331f718c91d3f8e8fcf2559627694d6ccf
S3_s2_n0.2_b64,S3,2,0.2,64,full_shuffled_generator_identities,0.13,2.2651400274553057,0.29971787977782216,1.3253822784148968,1.4618068137566802,-0.13642453534178345,6,30,0.023541972041130066,124.46875,True,6da7c9ecceec2c3839b23a0965db44331f718c91d3f8e8fcf2559627694d6ccf
S3_s2_n0.2_b64,S3,2,0.2,64,full_wrong_multiplication_order,0.14666666666666667,2.2626402916107766,0.28305121311115544,1.3253822784148968,1.363191636095234,-0.03780935768033733,5,30,0.02337503246963024,124.46875,True,6da7c9ecceec2c3839b23a0965db44331f718c91d3f8e8fcf2559627694d6ccf
S3_s2_n0.2_b64,S3,2,0.2,64,full_without_pooling,0.7425,1.235955605487417,0.37571567515508164,1.3253822784148968,0.33134556960372435,0.9940367088111723,5,30,0.02329191192984581,124.46875,True,6da7c9ecceec2c3839b23a0965db44331f718c91d3f8e8fcf2559627694d6ccf
S3_s2_n0.2_b64,S3,2,0.2,64,full_without_retransport,0.19916666666666666,2.1487783967916925,0.23188806885588178,1.3253822784148968,1.3253822784148968,0.0,6,30,0.02466607838869095,124.46875,True,6da7c9ecceec2c3839b23a0965db44331f718c91d3f8e8fcf2559627694d6ccf
S3_s2_n0.2_b64,S3,2,0.2,64,full_followed_by_distillation,0.17166666666666666,4.259757663080166,0.5505984902044567,1.3253822784148968,3.0565506255820787,-1.731168347167182,6,30,0.02550007775425911,124.46875,True,6da7c9ecceec2c3839b23a0965db44331f718c91d3f8e8fcf2559627694d6ccf
S3_s2_n0.5_b16,S3,2,0.5,16,context_blind_strict_synchronization,0.19916666666666666,2.1487783967916925,0.23188806885588178,1.31642534842257,1.31642534842257,0.0,0,462,0.02545793540775776,124.46875,True,c4041522c6215298edfc78726f14e7be921c21c75f18be6c12cf0cd2b0ad9bd9
S3_s2_n0.5_b16,S3,2,0.5,16,group_retransport_without_hodge,0.5925,1.5165906554411215,0.19632840887129743,1.31642534842257,0.0,1.31642534842257,5,30,0.023167114704847336,124.46875,True,c4041522c6215298edfc78726f14e7be921c21c75f18be6c12cf0cd2b0ad9bd9
S3_s2_n0.5_b16,S3,2,0.5,16,weighted_hodge_without_low_rank,0.3566666666666667,1.634602366624226,0.04764675762635659,1.31642534842257,0.658212674211285,0.658212674211285,5,30,0.022500054910779,124.46875,True,c4041522c6215298edfc78726f14e7be921c21c75f18be6c12cf0cd2b0ad9bd9
S3_s2_n0.5_b16,S3,2,0.5,16,generic_low_rank_residual_correction,0.18583333333333332,2.159784514570373,0.2509708679935562,1.31642534842257,1.3383347851563256,-0.02190943673375556,2,462,0.025250017642974854,124.46875,True,c4041522c6215298edfc78726f14e7be921c21c75f18be6c12cf0cd2b0ad9bd9
S3_s2_n0.5_b16,S3,2,0.5,16,hodge_low_rank_generic_retransport,0.35,1.635779584037493,0.019394499701209027,1.31642534842257,0.6691673925781628,0.6472579558444073,5,30,0.024167122319340706,124.46875,True,c4041522c6215298edfc78726f14e7be921c21c75f18be6c12cf0cd2b0ad9bd9
S3_s2_n0.5_b16,S3,2,0.5,16,group_retransport_without_low_rank,0.5925,1.5165906554411215,0.19632840887129743,1.31642534842257,0.0,1.31642534842257,5,462,0.02312520518898964,124.46875,True,c4041522c6215298edfc78726f14e7be921c21c75f18be6c12cf0cd2b0ad9bd9
S3_s2_n0.5_b16,S3,2,0.5,16,full_twistedmerge_hodge_lr,0.5925,1.5165906554411217,0.1963284088712974,1.31642534842257,8.134352226194856e-16,1.3164253484225692,5,30,0.02195802517235279,124.46875,True,c4041522c6215298edfc78726f14e7be921c21c75f18be6c12cf0cd2b0ad9bd9
S3_s2_n0.5_b16,S3,2,0.5,16,full_random_group_law,0.0,2.4744455970187444,0.42971787977782216,1.31642534842257,1.4172405740886709,-0.1008152256661008,5,30,0.02291705459356308,124.46875,True,c4041522c6215298edfc78726f14e7be921c21c75f18be6c12cf0cd2b0ad9bd9
S3_s2_n0.5_b16,S3,2,0.5,16,full_shuffled_generator_identities,0.19416666666666665,2.149323949822329,0.23555121311115537,1.31642534842257,1.4387776512528117,-0.12235230283024157,6,30,0.02291589044034481,124.46875,True,c4041522c6215298edfc78726f14e7be921c21c75f18be6c12cf0cd2b0ad9bd9
S3_s2_n0.5_b16,S3,2,0.5,16,full_wrong_multiplication_order,0.14666666666666667,2.2626402916107766,0.28305121311115544,1.31642534842257,1.3319761008992412,-0.015550752476671148,5,30,0.023124972358345985,124.46875,True,c4041522c6215298edfc78726f14e7be921c21c75f18be6c12cf0cd2b0ad9bd9
S3_s2_n0.5_b16,S3,2,0.5,16,full_without_pooling,0.5241666666666667,1.5295846751926856,0.16078930411193454,1.31642534842257,0.32910633710564235,0.9873190113169277,5,30,0.022500054910779,124.46875,True,c4041522c6215298edfc78726f14e7be921c21c75f18be6c12cf0cd2b0ad9bd9
S3_s2_n0.5_b16,S3,2,0.5,16,full_without_retransport,0.19916666666666666,2.1487783967916925,0.23188806885588178,1.31642534842257,1.31642534842257,0.0,6,30,0.023916829377412796,124.46875,True,c4041522c6215298edfc78726f14e7be921c21c75f18be6c12cf0cd2b0ad9bd9
S3_s2_n0.5_b16,S3,2,0.5,16,full_followed_by_distillation,0.18083333333333335,1.8708864455298453,0.10726563047427563,1.31642534842257,1.1099539893236032,0.20647135909896686,6,30,0.024458160623908043,124.46875,True,c4041522c6215298edfc78726f14e7be921c21c75f18be6c12cf0cd2b0ad9bd9
S3_s2_n0.5_b64,S3,2,0.5,64,context_blind_strict_synchronization,0.19916666666666666,2.1487783967916925,0.23188806885588178,1.3356034654625366,1.3356034654625366,0.0,0,462,0.03229198046028614,124.46875,True,500601ebd4deb1d55f1f8d4a821b88006c8d591160e7c3237a3a24ae3845294e
S3_s2_n0.5_b64,S3,2,0.5,64,group_retransport_without_hodge,0.59,1.5375997113094597,0.17489341230347194,1.3356034654625366,0.0,1.3356034654625366,5,30,0.022417167201638222,124.46875,True,500601ebd4deb1d55f1f8d4a821b88006c8d591160e7c3237a3a24ae3845294e
S3_s2_n0.5_b64,S3,2,0.5,64,weighted_hodge_without_low_rank,0.3616666666666667,1.6385486903062543,0.05053382779070893,1.3356034654625366,0.6678017327312683,0.6678017327312683,5,30,0.02079200930893421,124.46875,True,500601ebd4deb1d55f1f8d4a821b88006c8d591160e7c3237a3a24ae3845294e
S3_s2_n0.5_b64,S3,2,0.5,64,generic_low_rank_residual_correction,0.16333333333333333,2.8710452148557684,0.40545703643062,1.3356034654625366,1.9203415472695216,-0.5847380818069849,2,462,0.02208305522799492,124.46875,True,500601ebd4deb1d55f1f8d4a821b88006c8d591160e7c3237a3a24ae3845294e
S3_s2_n0.5_b64,S3,2,0.5,64,hodge_low_rank_generic_retransport,0.2708333333333333,1.8659929014156307,0.14515122204638103,1.3356034654625366,0.9601707736347608,0.37543269182777583,5,30,0.02154102548956871,124.46875,True,500601ebd4deb1d55f1f8d4a821b88006c8d591160e7c3237a3a24ae3845294e
S3_s2_n0.5_b64,S3,2,0.5,64,group_retransport_without_low_rank,0.59,1.5375997113094597,0.17489341230347194,1.3356034654625366,0.0,1.3356034654625366,5,462,0.021792016923427582,124.46875,True,500601ebd4deb1d55f1f8d4a821b88006c8d591160e7c3237a3a24ae3845294e
S3_s2_n0.5_b64,S3,2,0.5,64,full_twistedmerge_hodge_lr,0.59,1.5375997113094595,0.17489341230347194,1.3356034654625366,1.1212881978256132e-15,1.3356034654625355,5,30,0.021666986867785454,124.46875,True,500601ebd4deb1d55f1f8d4a821b88006c8d591160e7c3237a3a24ae3845294e
S3_s2_n0.5_b64,S3,2,0.5,64,full_random_group_law,0.15333333333333332,2.298777167905168,0.2764289405248956,1.3356034654625366,1.3799815288075834,-0.04437806334504679,5,30,0.022500054910779,124.46875,True,500601ebd4deb1d55f1f8d4a821b88006c8d591160e7c3237a3a24ae3845294e
S3_s2_n0.5_b64,S3,2,0.5,64,full_shuffled_generator_identities,0.14833333333333334,2.212418143390365,0.2813845464444888,1.3356034654625366,1.4360937432275978,-0.10049027776506114,6,30,0.02258317545056343,124.46875,True,500601ebd4deb1d55f1f8d4a821b88006c8d591160e7c3237a3a24ae3845294e
S3_s2_n0.5_b64,S3,2,0.5,64,full_wrong_multiplication_order,0.14666666666666667,2.2626402916107766,0.28305121311115544,1.3356034654625366,1.3799892952291748,-0.044385829766638185,5,30,0.023082830011844635,124.46875,True,500601ebd4deb1d55f1f8d4a821b88006c8d591160e7c3237a3a24ae3845294e
S3_s2_n0.5_b64,S3,2,0.5,64,full_without_pooling,0.5266666666666666,1.5400171672049903,0.16263188357937605,1.3356034654625366,0.3339008663656342,1.0017025990969024,5,30,0.022625084966421127,124.46875,True,500601ebd4deb1d55f1f8d4a821b88006c8d591160e7c3237a3a24ae3845294e
S3_s2_n0.5_b64,S3,2,0.5,64,full_without_retransport,0.19916666666666666,2.1487783967916925,0.23188806885588178,1.3356034654625366,1.3356034654625364,2.220446049250313e-16,6,30,0.023167114704847336,124.46875,True,500601ebd4deb1d55f1f8d4a821b88006c8d591160e7c3237a3a24ae3845294e
S3_s2_n0.5_b64,S3,2,0.5,64,full_followed_by_distillation,0.17166666666666666,4.259757663080166,0.5505984902044567,1.3356034654625366,3.0655437240895593,-1.7299402586270227,6,30,0.02508307807147503,124.46875,True,500601ebd4deb1d55f1f8d4a821b88006c8d591160e7c3237a3a24ae3845294e
S3_s3_n0.2_b16,S3,3,0.2,16,context_blind_strict_synchronization,0.21916666666666668,2.1302137493334765,0.2085055416724297,1.2877098376710752,1.2877098376710752,0.0,0,462,0.02483278512954712,124.46875,True,7ce60f40a3c85fe05226238c5c3c1aac0b955dde9f543d3b485c1da1d7dacf0e
S3_s3_n0.2_b16,S3,3,0.2,16,group_retransport_without_hodge,0.8316666666666667,1.1486784688224487,0.4050783706863699,1.2877098376710752,0.0,1.2877098376710752,5,30,0.022999942302703857,124.46875,True,7ce60f40a3c85fe05226238c5c3c1aac0b955dde9f543d3b485c1da1d7dacf0e
S3_s3_n0.2_b16,S3,3,0.2,16,weighted_hodge_without_low_rank,0.47583333333333333,1.4518813259504852,0.15948271904553074,1.2877098376710752,0.6438549188355376,0.6438549188355376,5,30,0.020999927073717117,124.46875,True,7ce60f40a3c85fe05226238c5c3c1aac0b955dde9f543d3b485c1da1d7dacf0e
S3_s3_n0.2_b16,S3,3,0.2,16,generic_low_rank_residual_correction,0.19666666666666666,2.174114545331231,0.23978704101965098,1.2877098376710752,1.317087023418908,-0.02937718574783288,2,462,0.023792032152414322,124.46875,True,7ce60f40a3c85fe05226238c5c3c1aac0b955dde9f543d3b485c1da1d7dacf0e
S3_s3_n0.2_b16,S3,3,0.2,16,hodge_low_rank_generic_retransport,0.44666666666666666,1.4685856097501357,0.10661599373953205,1.2877098376710752,0.6585435117094538,0.6291663259616214,5,30,0.02204091288149357,124.46875,True,7ce60f40a3c85fe05226238c5c3c1aac0b955dde9f543d3b485c1da1d7dacf0e
S3_s3_n0.2_b16,S3,3,0.2,16,group_retransport_without_low_rank,0.8316666666666667,1.1486784688224487,0.4050783706863699,1.2877098376710752,0.0,1.2877098376710752,5,462,0.02191704697906971,124.46875,True,7ce60f40a3c85fe05226238c5c3c1aac0b955dde9f543d3b485c1da1d7dacf0e
S3_s3_n0.2_b16,S3,3,0.2,16,full_twistedmerge_hodge_lr,0.8316666666666667,1.1486784688224487,0.40507837068636987,1.2877098376710752,1.033005210846083e-15,1.287709837671074,5,30,0.02158316783607006,124.46875,True,7ce60f40a3c85fe05226238c5c3c1aac0b955dde9f543d3b485c1da1d7dacf0e
S3_s3_n0.2_b16,S3,3,0.2,16,full_random_group_law,0.0,2.4280666900298424,0.42767220833909647,1.2877098376710752,1.4373388696668745,-0.14962903199579936,5,30,0.02337503246963024,124.46875,True,7ce60f40a3c85fe05226238c5c3c1aac0b955dde9f543d3b485c1da1d7dacf0e
S3_s3_n0.2_b16,S3,3,0.2,16,full_shuffled_generator_identities,0.17833333333333334,2.191196830140856,0.24933887500576307,1.2877098376710752,1.5028617984385662,-0.215151960767491,6,30,0.02333289012312889,124.46875,True,7ce60f40a3c85fe05226238c5c3c1aac0b955dde9f543d3b485c1da1d7dacf0e
S3_s3_n0.2_b16,S3,3,0.2,16,full_wrong_multiplication_order,0.17166666666666666,2.1740319719336334,0.2560055416724298,1.2877098376710752,1.315580097598146,-0.027870259927070817,5,30,0.02350006252527237,124.46875,True,7ce60f40a3c85fe05226238c5c3c1aac0b955dde9f543d3b485c1da1d7dacf0e
S3_s3_n0.2_b16,S3,3,0.2,16,full_without_pooling,0.7241666666666666,1.255982291841992,0.3555236501194036,1.2877098376710752,0.3219274594177685,0.9657823782533066,5,30,0.022416003048419952,124.46875,True,7ce60f40a3c85fe05226238c5c3c1aac0b955dde9f543d3b485c1da1d7dacf0e
S3_s3_n0.2_b16,S3,3,0.2,16,full_without_retransport,0.21916666666666668,2.1302137493334765,0.2085055416724297,1.2877098376710752,1.2877098376710752,0.0,6,30,0.023082830011844635,124.46875,True,7ce60f40a3c85fe05226238c5c3c1aac0b955dde9f543d3b485c1da1d7dacf0e
S3_s3_n0.2_b16,S3,3,0.2,16,full_followed_by_distillation,0.1725,1.9149257035152778,0.1320583071210867,1.2877098376710752,1.1686734156012424,0.11903642206983278,6,30,0.020667212083935738,124.46875,True,7ce60f40a3c85fe05226238c5c3c1aac0b955dde9f543d3b485c1da1d7dacf0e
S3_s3_n0.2_b64,S3,3,0.2,64,context_blind_strict_synchronization,0.21916666666666668,2.1302137493334765,0.2085055416724297,1.3080209247735797,1.3080209247735797,0.0,0,462,0.023667002096772194,124.46875,True,1ee01e2671abb9342334a6e60122a6f8935e1fa87efc7f888cd517f738743341
S3_s3_n0.2_b64,S3,3,0.2,64,group_retransport_without_hodge,0.8208333333333333,1.1700713079542726,0.3968949178781996,1.3080209247735797,0.0,1.3080209247735797,5,30,0.022249994799494743,124.46875,True,1ee01e2671abb9342334a6e60122a6f8935e1fa87efc7f888cd517f738743341
S3_s3_n0.2_b64,S3,3,0.2,64,weighted_hodge_without_low_rank,0.46416666666666667,1.4568401760821068,0.1500792395880529,1.3080209247735797,0.6540104623867898,0.6540104623867898,5,30,0.020459061488509178,124.46875,True,1ee01e2671abb9342334a6e60122a6f8935e1fa87efc7f888cd517f738743341
S3_s3_n0.2_b64,S3,3,0.2,64,generic_low_rank_residual_correction,0.16583333333333333,2.7161612442545464,0.39209070602918766,1.3080209247735797,1.833606600248502,-0.5255856754749224,2,462,0.021124957129359245,124.46875,True,1ee01e2671abb9342334a6e60122a6f8935e1fa87efc7f888cd517f738743341
S3_s3_n0.2_b64,S3,3,0.2,64,hodge_low_rank_generic_retransport,0.33666666666666667,1.6331488306887798,0.075149995302767,1.3080209247735797,0.916803300124251,0.39121762464932863,5,30,0.021709129214286804,124.46875,True,1ee01e2671abb9342334a6e60122a6f8935e1fa87efc7f888cd517f738743341
S3_s3_n0.2_b64,S3,3,0.2,64,group_retransport_without_low_rank,0.8208333333333333,1.1700713079542726,0.3968949178781996,1.3080209247735797,0.0,1.3080209247735797,5,462,0.021999934688210487,124.46875,True,1ee01e2671abb9342334a6e60122a6f8935e1fa87efc7f888cd517f738743341
S3_s3_n0.2_b64,S3,3,0.2,64,full_twistedmerge_hodge_lr,0.8208333333333333,1.1700713079542728,0.3968949178781996,1.3080209247735797,6.539960611909554e-16,1.308020924773579,5,30,0.021582935005426407,124.46875,True,1ee01e2671abb9342334a6e60122a6f8935e1fa87efc7f888cd517f738743341
S3_s3_n0.2_b64,S3,3,0.2,64,full_random_group_law,0.0,2.4797758419327507,0.42767220833909647,1.3080209247735797,1.4301330090933095,-0.12211208431972986,5,30,0.02229190431535244,124.46875,True,1ee01e2671abb9342334a6e60122a6f8935e1fa87efc7f888cd517f738743341
S3_s3_n0.2_b64,S3,3,0.2,64,full_shuffled_generator_identities,0.1725,2.151829363079623,0.2551722083390964,1.3080209247735797,1.5039541811615242,-0.19593325638794457,6,30,0.02233404666185379,124.46875,True,1ee01e2671abb9342334a6e60122a6f8935e1fa87efc7f888cd517f738743341
S3_s3_n0.2_b64,S3,3,0.2,64,full_wrong_multiplication_order,0.17166666666666666,2.1740319719336334,0.2560055416724298,1.3080209247735797,1.326386271667336,-0.01836534689375635,5,30,0.02191704697906971,124.46875,True,1ee01e2671abb9342334a6e60122a6f8935e1fa87efc7f888cd517f738743341
S3_s3_n0.2_b64,S3,3,0.2,64,full_without_pooling,0.72,1.2676882493737807,0.35403519990755944,1.3080209247735797,0.327005231193395,0.9810156935801847,5,30,0.02158316783607006,124.46875,True,1ee01e2671abb9342334a6e60122a6f8935e1fa87efc7f888cd517f738743341
S3_s3_n0.2_b64,S3,3,0.2,64,full_without_retransport,0.21916666666666668,2.1302137493334765,0.2085055416724297,1.3080209247735797,1.3080209247735797,0.0,6,30,0.02191704697906971,124.46875,True,1ee01e2671abb9342334a6e60122a6f8935e1fa87efc7f888cd517f738743341
S3_s3_n0.2_b64,S3,3,0.2,64,full_followed_by_distillation,0.1725,4.433554722959053,0.5557922815825043,1.3080209247735797,3.1905517258444616,-1.8825308010708819,6,30,0.023333821445703506,124.46875,True,1ee01e2671abb9342334a6e60122a6f8935e1fa87efc7f888cd517f738743341
S3_s3_n0.5_b16,S3,3,0.5,16,context_blind_strict_synchronization,0.21916666666666668,2.1302137493334765,0.2085055416724297,1.3091270435240707,1.3091270435240707,0.0,0,462,0.023834174498915672,124.46875,True,075ea9abaa265109883c7e37af86eeaeadd55883c3e7d4b8a795e60df98e733a
S3_s3_n0.5_b16,S3,3,0.5,16,group_retransport_without_hodge,0.585,1.5500610289336103,0.18796574906716731,1.3091270435240707,0.0,1.3091270435240707,5,30,0.022249994799494743,124.46875,True,075ea9abaa265109883c7e37af86eeaeadd55883c3e7d4b8a795e60df98e733a
S3_s3_n0.5_b16,S3,3,0.5,16,weighted_hodge_without_low_rank,0.36333333333333334,1.646887604850623,0.05695916734265607,1.3091270435240707,0.6545635217620354,0.6545635217620354,5,30,0.020750099793076515,124.46875,True,075ea9abaa265109883c7e37af86eeaeadd55883c3e7d4b8a795e60df98e733a
S3_s3_n0.5_b16,S3,3,0.5,16,generic_low_rank_residual_correction,0.2,2.172277897069511,0.23617811739543879,1.3091270435240707,1.3316034646044472,-0.022476421080376507,2,462,0.022958964109420776,124.46875,True,075ea9abaa265109883c7e37af86eeaeadd55883c3e7d4b8a795e60df98e733a
S3_s3_n0.5_b16,S3,3,0.5,16,hodge_low_rank_generic_retransport,0.3325,1.6635030143879166,0.019376264833222617,1.3091270435240707,0.665801732302224,0.6433253112218468,5,30,0.02174987457692623,124.46875,True,075ea9abaa265109883c7e37af86eeaeadd55883c3e7d4b8a795e60df98e733a
S3_s3_n0.5_b16,S3,3,0.5,16,group_retransport_without_low_rank,0.585,1.5500610289336103,0.18796574906716731,1.3091270435240707,0.0,1.3091270435240707,5,462,0.023416941985487938,124.46875,True,075ea9abaa265109883c7e37af86eeaeadd55883c3e7d4b8a795e60df98e733a
S3_s3_n0.5_b16,S3,3,0.5,16,full_twistedmerge_hodge_lr,0.585,1.5500610289336103,0.18796574906716743,1.3091270435240707,1.123760967229318e-15,1.3091270435240696,5,30,0.022750115022063255,124.46875,True,075ea9abaa265109883c7e37af86eeaeadd55883c3e7d4b8a795e60df98e733a
S3_s3_n0.5_b16,S3,3,0.5,16,full_random_group_law,0.0,2.4280666900298424,0.42767220833909647,1.3091270435240707,1.4004057121817355,-0.09127866865766476,5,30,0.023166881874203682,124.46875,True,075ea9abaa265109883c7e37af86eeaeadd55883c3e7d4b8a795e60df98e733a
S3_s3_n0.5_b16,S3,3,0.5,16,full_shuffled_generator_identities,0.17583333333333334,2.2108451392119015,0.2518388750057631,1.3091270435240707,1.5004681471595356,-0.19134110363546486,6,30,0.023458153009414673,124.46875,True,075ea9abaa265109883c7e37af86eeaeadd55883c3e7d4b8a795e60df98e733a
S3_s3_n0.5_b16,S3,3,0.5,16,full_wrong_multiplication_order,0.17166666666666666,2.1740319719336334,0.2560055416724298,1.3091270435240707,1.3275623727452948,-0.01843532922122404,5,30,0.023124972358345985,124.46875,True,075ea9abaa265109883c7e37af86eeaeadd55883c3e7d4b8a795e60df98e733a
S3_s3_n0.5_b16,S3,3,0.5,16,full_without_pooling,0.5191666666666667,1.5532320545776181,0.16192714113914253,1.3091270435240707,0.32728176088101824,0.9818452826430525,5,30,0.023792032152414322,124.46875,True,075ea9abaa265109883c7e37af86eeaeadd55883c3e7d4b8a795e60df98e733a
S3_s3_n0.5_b16,S3,3,0.5,16,full_without_retransport,0.21916666666666668,2.1302137493334765,0.2085055416724297,1.3091270435240707,1.3091270435240707,0.0,6,30,0.023499829694628716,124.46875,True,075ea9abaa265109883c7e37af86eeaeadd55883c3e7d4b8a795e60df98e733a
S3_s3_n0.5_b16,S3,3,0.5,16,full_followed_by_distillation,0.1725,1.9149257035152778,0.1320583071210867,1.3091270435240707,1.1691203210823968,0.1400067224416739,6,30,0.021707965061068535,124.46875,True,075ea9abaa265109883c7e37af86eeaeadd55883c3e7d4b8a795e60df98e733a
S3_s3_n0.5_b64,S3,3,0.5,64,context_blind_strict_synchronization,0.21916666666666668,2.1302137493334765,0.2085055416724297,1.3106692836492932,1.3106692836492932,0.0,0,462,0.024042092263698578,124.46875,True,68576d77b9889e6f185381d7da045b9a1421bf8b51dd2ec365132adf393f6cc0
S3_s3_n0.5_b64,S3,3,0.5,64,group_retransport_without_hodge,0.5891666666666666,1.5373388213090697,0.19379908240050067,1.3106692836492932,0.0,1.3106692836492932,5,30,0.022249994799494743,124.46875,True,68576d77b9889e6f185381d7da045b9a1421bf8b51dd2ec365132adf393f6cc0
S3_s3_n0.5_b64,S3,3,0.5,64,weighted_hodge_without_low_rank,0.355,1.6410294042262001,0.05225464804067972,1.3106692836492932,0.6553346418246466,0.6553346418246466,5,30,0.020292121917009354,124.46875,True,68576d77b9889e6f185381d7da045b9a1421bf8b51dd2ec365132adf393f6cc0
S3_s3_n0.5_b64,S3,3,0.5,64,generic_low_rank_residual_correction,0.18166666666666667,2.82767108991651,0.3986183631479466,1.3106692836492932,1.9277685736694055,-0.6170992900201122,2,462,0.021124957129359245,124.46875,True,68576d77b9889e6f185381d7da045b9a1421bf8b51dd2ec365132adf393f6cc0
S3_s3_n0.5_b64,S3,3,0.5,64,hodge_low_rank_generic_retransport,0.2825,1.855003263538622,0.1482463219401202,1.3106692836492932,0.9638842868347026,0.34678499681459063,5,30,0.021333806216716766,124.46875,True,68576d77b9889e6f185381d7da045b9a1421bf8b51dd2ec365132adf393f6cc0
S3_s3_n0.5_b64,S3,3,0.5,64,group_retransport_without_low_rank,0.5891666666666666,1.5373388213090697,0.19379908240050067,1.3106692836492932,0.0,1.3106692836492932,5,462,0.021582935005426407,124.46875,True,68576d77b9889e6f185381d7da045b9a1421bf8b51dd2ec365132adf393f6cc0
S3_s3_n0.5_b64,S3,3,0.5,64,full_twistedmerge_hodge_lr,0.5891666666666666,1.5373388213090697,0.1937990824005006,1.3106692836492932,1.087420515128252e-15,1.3106692836492921,5,30,0.021124957129359245,124.46875,True,68576d77b9889e6f185381d7da045b9a1421bf8b51dd2ec365132adf393f6cc0
S3_s3_n0.5_b64,S3,3,0.5,64,full_random_group_law,0.0,2.4797758419327507,0.42767220833909647,1.3106692836492932,1.4225225739394354,-0.11185329029014213,5,30,0.02204091288149357,124.46875,True,68576d77b9889e6f185381d7da045b9a1421bf8b51dd2ec365132adf393f6cc0
S3_s3_n0.5_b64,S3,3,0.5,64,full_shuffled_generator_identities,0.14666666666666667,2.219530851166467,0.2810055416724297,1.3106692836492932,1.49994909414199,-0.1892798104926967,6,30,0.021416926756501198,124.46875,True,68576d77b9889e6f185381d7da045b9a1421bf8b51dd2ec365132adf393f6cc0
S3_s3_n0.5_b64,S3,3,0.5,64,full_wrong_multiplication_order,0.17166666666666666,2.1740319719336334,0.2560055416724298,1.3106692836492932,1.3374519638082258,-0.026782680158932592,5,30,0.021790852770209312,124.46875,True,68576d77b9889e6f185381d7da045b9a1421bf8b51dd2ec365132adf393f6cc0
S3_s3_n0.5_b64,S3,3,0.5,64,full_without_pooling,0.5208333333333334,1.5437237291727708,0.16176753894804766,1.3106692836492932,0.327667320912323,0.9830019627369703,5,30,0.02174987457692623,124.46875,True,68576d77b9889e6f185381d7da045b9a1421bf8b51dd2ec365132adf393f6cc0
S3_s3_n0.5_b64,S3,3,0.5,64,full_without_retransport,0.21916666666666668,2.1302137493334765,0.2085055416724297,1.3106692836492932,1.3106692836492932,0.0,6,30,0.02204091288149357,124.46875,True,68576d77b9889e6f185381d7da045b9a1421bf8b51dd2ec365132adf393f6cc0
S3_s3_n0.5_b64,S3,3,0.5,64,full_followed_by_distillation,0.1725,4.433554722959053,0.5557922815825043,1.3106692836492932,3.197369089771709,-1.8866998061224156,6,30,0.02291705459356308,124.46875,True,68576d77b9889e6f185381d7da045b9a1421bf8b51dd2ec365132adf393f6cc0
S3_s4_n0.2_b16,S3,4,0.2,16,context_blind_strict_synchronization,0.22666666666666666,2.0407795873014836,0.1801169525693772,1.1666037383913523,1.1666037383913523,0.0,0,462,0.024250010028481483,124.46875,True,15476fa82144c0937056144f3e9d5a3ad560e4c9b9831b6a3cb3dbe28fc1dd07
S3_s4_n0.2_b16,S3,4,0.2,16,group_retransport_without_hodge,0.8308333333333333,1.1808940960945393,0.42666161449469836,1.1666037383913523,0.0,1.1666037383913523,5,30,0.022333115339279175,124.46875,True,15476fa82144c0937056144f3e9d5a3ad560e4c9b9831b6a3cb3dbe28fc1dd07
S3_s4_n0.2_b16,S3,4,0.2,16,weighted_hodge_without_low_rank,0.4558333333333333,1.4529107441342572,0.15414780398958722,1.1666037383913523,0.5833018691956762,0.5833018691956762,5,30,0.020625069737434387,124.46875,True,15476fa82144c0937056144f3e9d5a3ad560e4c9b9831b6a3cb3dbe28fc1dd07
S3_s4_n0.2_b16,S3,4,0.2,16,generic_low_rank_residual_correction,0.195,2.0699885140778753,0.2129965846708652,1.1666037383913523,1.1850643661497966,-0.01846062775844426,2,462,0.02229190431535244,124.46875,True,15476fa82144c0937056144f3e9d5a3ad560e4c9b9831b6a3cb3dbe28fc1dd07
S3_s4_n0.2_b16,S3,4,0.2,16,hodge_low_rank_generic_retransport,0.44083333333333335,1.4643601792743632,0.11681751742136172,1.1666037383913523,0.5925321830748983,0.574071555316454,5,30,0.021166866645216942,124.46875,True,15476fa82144c0937056144f3e9d5a3ad560e4c9b9831b6a3cb3dbe28fc1dd07
S3_s4_n0.2_b16,S3,4,0.2,16,group_retransport_without_low_rank,0.8308333333333333,1.1808940960945393,0.42666161449469836,1.1666037383913523,0.0,1.1666037383913523,5,462,0.02145790494978428,124.46875,True,15476fa82144c0937056144f3e9d5a3ad560e4c9b9831b6a3cb3dbe28fc1dd07
S3_s4_n0.2_b16,S3,4,0.2,16,full_twistedmerge_hodge_lr,0.8308333333333333,1.1808940960945395,0.4266616144946984,1.1666037383913523,5.099790158144079e-16,1.166603738391352,5,30,0.0213750172406435,124.46875,True,15476fa82144c0937056144f3e9d5a3ad560e4c9b9831b6a3cb3dbe28fc1dd07
S3_s4_n0.2_b16,S3,4,0.2,16,full_random_group_law,0.13333333333333333,2.20906410574468,0.27479228573907155,1.1666037383913523,1.256869771285867,-0.09026603289451463,5,30,0.022582942619919777,124.46875,True,15476fa82144c0937056144f3e9d5a3ad560e4c9b9831b6a3cb3dbe28fc1dd07
S3_s4_n0.2_b16,S3,4,0.2,16,full_shuffled_generator_identities,0.15416666666666667,2.1683903530015725,0.2526169525693773,1.1666037383913523,1.3461302149824792,-0.17952647659112686,6,30,0.02208305522799492,124.46875,True,15476fa82144c0937056144f3e9d5a3ad560e4c9b9831b6a3cb3dbe28fc1dd07
S3_s4_n0.2_b16,S3,4,0.2,16,full_wrong_multiplication_order,0.17166666666666666,2.163595652704851,0.23511695256937723,1.1666037383913523,1.2385356031270267,-0.07193186473567437,5,30,0.021999934688210487,124.46875,True,15476fa82144c0937056144f3e9d5a3ad560e4c9b9831b6a3cb3dbe28fc1dd07
S3_s4_n0.2_b16,S3,4,0.2,16,full_without_pooling,0.74,1.279545316889402,0.38804840444971045,1.1666037383913523,0.2916509345978383,0.874952803793514,5,30,0.02154102548956871,124.46875,True,15476fa82144c0937056144f3e9d5a3ad560e4c9b9831b6a3cb3dbe28fc1dd07
S3_s4_n0.2_b16,S3,4,0.2,16,full_without_retransport,0.22666666666666666,2.0407795873014836,0.1801169525693772,1.1666037383913523,1.1666037383913523,0.0,6,30,0.022416934370994568,124.46875,True,15476fa82144c0937056144f3e9d5a3ad560e4c9b9831b6a3cb3dbe28fc1dd07
S3_s4_n0.2_b16,S3,4,0.2,16,full_followed_by_distillation,0.16416666666666666,1.9293837584168438,0.13428201163270503,1.1666037383913523,1.0680141509084393,0.09858958748291302,6,30,0.02195802517235279,124.46875,True,15476fa82144c0937056144f3e9d5a3ad560e4c9b9831b6a3cb3dbe28fc1dd07
S3_s4_n0.2_b64,S3,4,0.2,64,context_blind_strict_synchronization,0.22666666666666666,2.0407795873014836,0.1801169525693772,1.1782755595447199,1.1782755595447199,0.0,0,462,0.025041168555617332,124.46875,True,cf6e83bdb05bea4b75b7f16070789d12016fbea060fbdc46dad4b3d9021bc64b
S3_s4_n0.2_b64,S3,4,0.2,64,group_retransport_without_hodge,0.85,1.1633155286071093,0.4441616144946984,1.1782755595447199,0.0,1.1782755595447199,5,30,0.022458145394921303,124.46875,True,cf6e83bdb05bea4b75b7f16070789d12016fbea060fbdc46dad4b3d9021bc64b
S3_s4_n0.2_b64,S3,4,0.2,64,weighted_hodge_without_low_rank,0.4725,1.44153021887438,0.17033020247111738,1.1782755595447199,0.5891377797723599,0.5891377797723599,5,30,0.021832995116710663,124.46875,True,cf6e83bdb05bea4b75b7f16070789d12016fbea060fbdc46dad4b3d9021bc64b
S3_s4_n0.2_b64,S3,4,0.2,64,generic_low_rank_residual_correction,0.18333333333333332,2.8925013732367892,0.40477838644714204,1.1782755595447199,1.9235858323137318,-0.745310272769012,2,462,0.021541956812143326,124.46875,True,cf6e83bdb05bea4b75b7f16070789d12016fbea060fbdc46dad4b3d9021bc64b
S3_s4_n0.2_b64,S3,4,0.2,64,hodge_low_rank_generic_retransport,0.33916666666666667,1.703793316931877,0.09865924300844095,1.1782755595447199,0.9617929161568659,0.21648264338785395,5,30,0.021707965061068535,124.46875,True,cf6e83bdb05bea4b75b7f16070789d12016fbea060fbdc46dad4b3d9021bc64b
S3_s4_n0.2_b64,S3,4,0.2,64,group_retransport_without_low_rank,0.85,1.1633155286071093,0.4441616144946984,1.1782755595447199,0.0,1.1782755595447199,5,462,0.022249994799494743,124.46875,True,cf6e83bdb05bea4b75b7f16070789d12016fbea060fbdc46dad4b3d9021bc64b
S3_s4_n0.2_b64,S3,4,0.2,64,full_twistedmerge_hodge_lr,0.85,1.1633155286071093,0.4441616144946984,1.1782755595447199,5.203059562564857e-16,1.1782755595447194,5,30,0.024416949599981308,124.46875,True,cf6e83bdb05bea4b75b7f16070789d12016fbea060fbdc46dad4b3d9021bc64b
S3_s4_n0.2_b64,S3,4,0.2,64,full_random_group_law,0.36833333333333335,1.8300138958895975,0.11017831522638306,1.1782755595447199,1.111882070854582,0.06639348869013784,5,30,0.023082830011844635,124.46875,True,cf6e83bdb05bea4b75b7f16070789d12016fbea060fbdc46dad4b3d9021bc64b
S3_s4_n0.2_b64,S3,4,0.2,64,full_shuffled_generator_identities,0.17083333333333334,2.1671714447550356,0.23595028590271058,1.1782755595447199,1.3488360236433494,-0.17056046409862957,6,30,0.023209024220705032,124.46875,True,cf6e83bdb05bea4b75b7f16070789d12016fbea060fbdc46dad4b3d9021bc64b
S3_s4_n0.2_b64,S3,4,0.2,64,full_wrong_multiplication_order,0.17166666666666666,2.163595652704851,0.23511695256937723,1.1782755595447199,1.239742489148586,-0.06146692960386613,5,30,0.022833002731204033,124.46875,True,cf6e83bdb05bea4b75b7f16070789d12016fbea060fbdc46dad4b3d9021bc64b
S3_s4_n0.2_b64,S3,4,0.2,64,full_without_pooling,0.7575,1.2644786552887295,0.40856610426054135,1.1782755595447199,0.2945688898861798,0.8837066696585401,5,30,0.02245791256427765,124.46875,True,cf6e83bdb05bea4b75b7f16070789d12016fbea060fbdc46dad4b3d9021bc64b
S3_s4_n0.2_b64,S3,4,0.2,64,full_without_retransport,0.22666666666666666,2.0407795873014836,0.1801169525693772,1.1782755595447199,1.1782755595447199,0.0,6,30,0.02295803278684616,124.46875,True,cf6e83bdb05bea4b75b7f16070789d12016fbea060fbdc46dad4b3d9021bc64b
S3_s4_n0.2_b64,S3,4,0.2,64,full_followed_by_distillation,0.16,4.77122529104489,0.5803256067392474,1.1782755595447199,3.447362195359491,-2.269086635814771,6,30,0.0227498821914196,124.46875,True,cf6e83bdb05bea4b75b7f16070789d12016fbea060fbdc46dad4b3d9021bc64b
S3_s4_n0.5_b16,S3,4,0.5,16,context_blind_strict_synchronization,0.22666666666666666,2.0407795873014836,0.1801169525693772,1.16581737867198,1.16581737867198,0.0,0,462,0.02458319067955017,124.46875,True,b351bcc69aaee8d32065fb4a12443af12a009e4877d4f7f181f6f12d333cbb1e
S3_s4_n0.5_b16,S3,4,0.5,16,group_retransport_without_hodge,0.5891666666666666,1.5507815737509278,0.193252026605838,1.16581737867198,0.0,1.16581737867198,5,30,0.021792016923427582,124.46875,True,b351bcc69aaee8d32065fb4a12443af12a009e4877d4f7f181f6f12d333cbb1e
S3_s4_n0.5_b16,S3,4,0.5,16,weighted_hodge_without_low_rank,0.3641666666666667,1.6375603328763437,0.06912490711633566,1.16581737867198,0.5829086893359902,0.5829086893359899,5,30,0.020832987502217293,124.46875,True,b351bcc69aaee8d32065fb4a12443af12a009e4877d4f7f181f6f12d333cbb1e
S3_s4_n0.5_b16,S3,4,0.5,16,generic_low_rank_residual_correction,0.20083333333333334,2.0729946549113434,0.20640272082326053,1.16581737867198,1.1868077018492824,-0.020990323177302317,2,462,0.021832995116710663,124.46875,True,b351bcc69aaee8d32065fb4a12443af12a009e4877d4f7f181f6f12d333cbb1e
S3_s4_n0.5_b16,S3,4,0.5,16,hodge_low_rank_generic_retransport,0.35833333333333334,1.650704624803831,0.039022437901951666,1.16581737867198,0.5934038509246413,0.5724135277473388,5,30,0.021584099158644676,124.46875,True,b351bcc69aaee8d32065fb4a12443af12a009e4877d4f7f181f6f12d333cbb1e
S3_s4_n0.5_b16,S3,4,0.5,16,group_retransport_without_low_rank,0.5891666666666666,1.5507815737509278,0.193252026605838,1.16581737867198,0.0,1.16581737867198,5,462,0.021290965378284454,124.46875,True,b351bcc69aaee8d32065fb4a12443af12a009e4877d4f7f181f6f12d333cbb1e
S3_s4_n0.5_b16,S3,4,0.5,16,full_twistedmerge_hodge_lr,0.5891666666666666,1.5507815737509278,0.19325202660583804,1.16581737867198,7.350571297219695e-16,1.1658173786719794,5,30,0.020999927073717117,124.46875,True,b351bcc69aaee8d32065fb4a12443af12a009e4877d4f7f181f6f12d333cbb1e
S3_s4_n0.5_b16,S3,4,0.5,16,full_random_group_law,0.13333333333333333,2.20906410574468,0.27479228573907155,1.16581737867198,1.2442900235760934,-0.07847264490411332,5,30,0.022249994799494743,124.46875,True,b351bcc69aaee8d32065fb4a12443af12a009e4877d4f7f181f6f12d333cbb1e
S3_s4_n0.5_b16,S3,4,0.5,16,full_shuffled_generator_identities,0.17166666666666666,2.1164823726149233,0.23511695256937723,1.16581737867198,1.342949565061862,-0.17713218638988182,6,30,0.022083986550569534,124.46875,True,b351bcc69aaee8d32065fb4a12443af12a009e4877d4f7f181f6f12d333cbb1e
S3_s4_n0.5_b16,S3,4,0.5,16,full_wrong_multiplication_order,0.17166666666666666,2.163595652704851,0.23511695256937723,1.16581737867198,1.246861287160987,-0.08104390848900689,5,30,0.021832995116710663,124.46875,True,b351bcc69aaee8d32065fb4a12443af12a009e4877d4f7f181f6f12d333cbb1e
S3_s4_n0.5_b16,S3,4,0.5,16,full_without_pooling,0.5433333333333333,1.5565977119589203,0.19613699708440413,1.16581737867198,0.2914543446679952,0.874363034003985,5,30,0.02166605554521084,124.46875,True,b351bcc69aaee8d32065fb4a12443af12a009e4877d4f7f181f6f12d333cbb1e
S3_s4_n0.5_b16,S3,4,0.5,16,full_without_retransport,0.22666666666666666,2.0407795873014836,0.1801169525693772,1.16581737867198,1.16581737867198,0.0,6,30,0.022249994799494743,124.46875,True,b351bcc69aaee8d32065fb4a12443af12a009e4877d4f7f181f6f12d333cbb1e
S3_s4_n0.5_b16,S3,4,0.5,16,full_followed_by_distillation,0.16416666666666666,1.9293837584168438,0.13428201163270503,1.16581737867198,1.0634223150316666,0.10239506364031348,6,30,0.02229120582342148,124.46875,True,b351bcc69aaee8d32065fb4a12443af12a009e4877d4f7f181f6f12d333cbb1e
S3_s4_n0.5_b64,S3,4,0.5,64,context_blind_strict_synchronization,0.22666666666666666,2.0407795873014836,0.1801169525693772,1.200506254622436,1.200506254622436,0.0,0,462,0.024290988221764565,124.46875,True,7ace88492c50004fb83fb4a4553e754245b46210c3fbc4cfdcf7e233e014496c
S3_s4_n0.5_b64,S3,4,0.5,64,group_retransport_without_hodge,0.58,1.5436839766039396,0.18448212604478995,1.200506254622436,0.0,1.200506254622436,5,30,0.021792016923427582,124.46875,True,7ace88492c50004fb83fb4a4553e754245b46210c3fbc4cfdcf7e233e014496c
S3_s4_n0.5_b64,S3,4,0.5,64,weighted_hodge_without_low_rank,0.3566666666666667,1.6246470333124008,0.06240669936951093,1.200506254622436,0.600253127311218,0.600253127311218,5,30,0.02070819027721882,124.46875,True,7ace88492c50004fb83fb4a4553e754245b46210c3fbc4cfdcf7e233e014496c
S3_s4_n0.5_b64,S3,4,0.5,64,generic_low_rank_residual_correction,0.17833333333333334,2.778837532053743,0.40407457683869563,1.200506254622436,1.8715129379842899,-0.6710066833618538,2,462,0.02208305522799492,124.46875,True,7ace88492c50004fb83fb4a4553e754245b46210c3fbc4cfdcf7e233e014496c
S3_s4_n0.5_b64,S3,4,0.5,64,hodge_low_rank_generic_retransport,0.2791666666666667,1.8357514884383124,0.14274416321679234,1.200506254622436,0.9357564689921447,0.2647497856302914,5,30,0.02295803278684616,124.46875,True,7ace88492c50004fb83fb4a4553e754245b46210c3fbc4cfdcf7e233e014496c
S3_s4_n0.5_b64,S3,4,0.5,64,group_retransport_without_low_rank,0.58,1.5436839766039396,0.18448212604478995,1.200506254622436,0.0,1.200506254622436,5,462,0.022541964426636696,124.46875,True,7ace88492c50004fb83fb4a4553e754245b46210c3fbc4cfdcf7e233e014496c
S3_s4_n0.5_b64,S3,4,0.5,64,full_twistedmerge_hodge_lr,0.58,1.5436839766039396,0.1844821260447899,1.200506254622436,5.71379887890848e-16,1.2005062546224354,5,30,0.021041138097643852,124.46875,True,7ace88492c50004fb83fb4a4553e754245b46210c3fbc4cfdcf7e233e014496c
S3_s4_n0.5_b64,S3,4,0.5,64,full_random_group_law,0.36833333333333335,1.8300138958895975,0.11017831522638306,1.200506254622436,1.155854208993549,0.04465204562888703,5,30,0.02254219725728035,124.46875,True,7ace88492c50004fb83fb4a4553e754245b46210c3fbc4cfdcf7e233e014496c
S3_s4_n0.5_b64,S3,4,0.5,64,full_shuffled_generator_identities,0.16333333333333333,2.145561277776009,0.2434502859027106,1.200506254622436,1.3455718334556224,-0.14506557883318627,6,30,0.022207852452993393,124.46875,True,7ace88492c50004fb83fb4a4553e754245b46210c3fbc4cfdcf7e233e014496c
S3_s4_n0.5_b64,S3,4,0.5,64,full_wrong_multiplication_order,0.17166666666666666,2.163595652704851,0.23511695256937723,1.200506254622436,1.2342954430531512,-0.0337891884307151,5,30,0.023124972358345985,124.46875,True,7ace88492c50004fb83fb4a4553e754245b46210c3fbc4cfdcf7e233e014496c
S3_s4_n0.5_b64,S3,4,0.5,64,full_without_pooling,0.5316666666666666,1.5446718238341486,0.1854555586239409,1.200506254622436,0.30012656365560897,0.9003796909668271,5,30,0.021792016923427582,124.46875,True,7ace88492c50004fb83fb4a4553e754245b46210c3fbc4cfdcf7e233e014496c
S3_s4_n0.5_b64,S3,4,0.5,64,full_without_retransport,0.22666666666666666,2.0407795873014836,0.1801169525693772,1.200506254622436,1.200506254622436,0.0,6,30,0.022416934370994568,124.46875,True,7ace88492c50004fb83fb4a4553e754245b46210c3fbc4cfdcf7e233e014496c
S3_s4_n0.5_b64,S3,4,0.5,64,full_followed_by_distillation,0.16,4.77122529104489,0.5803256067392474,1.200506254622436,3.442614488605897,-2.242108233983461,6,30,0.022833002731204033,124.46875,True,7ace88492c50004fb83fb4a4553e754245b46210c3fbc4cfdcf7e233e014496c
S3_s5_n0.2_b16,S3,5,0.2,16,context_blind_strict_synchronization,0.20166666666666666,2.126837835034289,0.22455614741657576,1.2689380353984376,1.2689380353984376,0.0,0,462,0.0238749198615551,124.46875,True,e7b6633312ac882ed37a57d448995ecf8682d95cee8707c47482436893f1760f
S3_s5_n0.2_b16,S3,5,0.2,16,group_retransport_without_hodge,0.84,1.148337442945803,0.4137771859167576,1.2689380353984376,0.0,1.2689380353984376,5,30,0.021582935005426407,124.46875,True,e7b6633312ac882ed37a57d448995ecf8682d95cee8707c47482436893f1760f
S3_s5_n0.2_b16,S3,5,0.2,16,weighted_hodge_without_low_rank,0.4583333333333333,1.454300544369435,0.14138771411679615,1.2689380353984376,0.6344690176992189,0.6344690176992187,5,30,0.020083971321582794,124.46875,True,e7b6633312ac882ed37a57d448995ecf8682d95cee8707c47482436893f1760f
S3_s5_n0.2_b16,S3,5,0.2,16,generic_low_rank_residual_correction,0.185,2.1409508354805853,0.24128592413975422,1.2689380353984376,1.275273223455378,-0.006335188056940444,2,462,0.02195802517235279,124.46875,True,e7b6633312ac882ed37a57d448995ecf8682d95cee8707c47482436893f1760f
S3_s5_n0.2_b16,S3,5,0.2,16,hodge_low_rank_generic_retransport,0.44916666666666666,1.4611911826709754,0.11627544651686485,1.2689380353984376,0.637636611727689,0.6313014236707486,5,30,0.021999934688210487,124.46875,True,e7b6633312ac882ed37a57d448995ecf8682d95cee8707c47482436893f1760f
S3_s5_n0.2_b16,S3,5,0.2,16,group_retransport_without_low_rank,0.84,1.148337442945803,0.4137771859167576,1.2689380353984376,0.0,1.2689380353984376,5,462,0.021208077669143677,124.46875,True,e7b6633312ac882ed37a57d448995ecf8682d95cee8707c47482436893f1760f
S3_s5_n0.2_b16,S3,5,0.2,16,full_twistedmerge_hodge_lr,0.84,1.1483374429458029,0.4137771859167576,1.2689380353984376,8.079852214872232e-16,1.2689380353984367,5,30,0.021249987185001373,124.46875,True,e7b6633312ac882ed37a57d448995ecf8682d95cee8707c47482436893f1760f
S3_s5_n0.2_b16,S3,5,0.2,16,full_random_group_law,0.5233333333333333,1.6104947088400245,0.1312007752179489,1.2689380353984376,1.0682307635262067,0.20070727187223092,5,30,0.02204091288149357,124.46875,True,e7b6633312ac882ed37a57d448995ecf8682d95cee8707c47482436893f1760f
S3_s5_n0.2_b16,S3,5,0.2,16,full_shuffled_generator_identities,0.1525,2.2145814770312895,0.27372281408324245,1.2689380353984376,1.4288499595220203,-0.15991192412358268,6,30,0.021459069103002548,124.46875,True,e7b6633312ac882ed37a57d448995ecf8682d95cee8707c47482436893f1760f
S3_s5_n0.2_b16,S3,5,0.2,16,full_wrong_multiplication_order,0.195,2.15184936815659,0.23274086789176604,1.2689380353984376,1.315450415121402,-0.04651237972296429,5,30,0.022707972675561905,124.46875,True,e7b6633312ac882ed37a57d448995ecf8682d95cee8707c47482436893f1760f
S3_s5_n0.2_b16,S3,5,0.2,16,full_without_pooling,0.7358333333333333,1.257523909818237,0.37080398081918525,1.2689380353984376,0.31723450884960946,0.9517035265488282,5,30,0.021709129214286804,124.46875,True,e7b6633312ac882ed37a57d448995ecf8682d95cee8707c47482436893f1760f
S3_s5_n0.2_b16,S3,5,0.2,16,full_without_retransport,0.20166666666666666,2.126837835034289,0.2245561474165758,1.2689380353984376,1.2689380353984376,0.0,6,30,0.02187490463256836,124.46875,True,e7b6633312ac882ed37a57d448995ecf8682d95cee8707c47482436893f1760f
S3_s5_n0.2_b16,S3,5,0.2,16,full_followed_by_distillation,0.1725,1.9353668685291852,0.14114497028847525,1.2689380353984376,1.1236927141228499,0.14524532127558776,6,30,0.02145790494978428,124.46875,True,e7b6633312ac882ed37a57d448995ecf8682d95cee8707c47482436893f1760f
S3_s5_n0.2_b64,S3,5,0.2,64,context_blind_strict_synchronization,0.20166666666666666,2.126837835034289,0.22455614741657576,1.2827440852684606,1.2827440852684606,0.0,0,462,0.027165981009602547,124.46875,True,cc01475788875e5aee4543ad8833aa5c96245666c5bb3cd2a9cb22093e746ef4
S3_s5_n0.2_b64,S3,5,0.2,64,group_retransport_without_hodge,0.8108333333333333,1.1794646633342676,0.38607580606505515,1.2827440852684606,0.0,1.2827440852684606,5,30,0.023250002413988113,124.46875,True,cc01475788875e5aee4543ad8833aa5c96245666c5bb3cd2a9cb22093e746ef4
S3_s5_n0.2_b64,S3,5,0.2,64,weighted_hodge_without_low_rank,0.4583333333333333,1.4667555956872464,0.1406062897477771,1.2827440852684606,0.6413720426342303,0.6413720426342303,5,30,0.021958956494927406,124.46875,True,cc01475788875e5aee4543ad8833aa5c96245666c5bb3cd2a9cb22093e746ef4
S3_s5_n0.2_b64,S3,5,0.2,64,generic_low_rank_residual_correction,0.18916666666666668,2.6686117564685934,0.3511115649750798,1.2827440852684606,1.7912838086044471,-0.5085397233359865,2,462,0.0260830856859684,124.46875,True,cc01475788875e5aee4543ad8833aa5c96245666c5bb3cd2a9cb22093e746ef4
S3_s5_n0.2_b64,S3,5,0.2,64,hodge_low_rank_generic_retransport,0.3641666666666667,1.6291151623152127,0.04013625389937714,1.2827440852684606,0.8956419043022236,0.38710218096623705,5,30,0.023582950234413147,124.46875,True,cc01475788875e5aee4543ad8833aa5c96245666c5bb3cd2a9cb22093e746ef4
S3_s5_n0.2_b64,S3,5,0.2,64,group_retransport_without_low_rank,0.8108333333333333,1.1794646633342676,0.38607580606505515,1.2827440852684606,0.0,1.2827440852684606,5,462,0.02329191192984581,124.46875,True,cc01475788875e5aee4543ad8833aa5c96245666c5bb3cd2a9cb22093e746ef4
S3_s5_n0.2_b64,S3,5,0.2,64,full_twistedmerge_hodge_lr,0.8108333333333333,1.1794646633342676,0.38607580606505515,1.2827440852684606,9.383075415933658e-16,1.2827440852684597,5,30,0.02237502485513687,124.46875,True,cc01475788875e5aee4543ad8833aa5c96245666c5bb3cd2a9cb22093e746ef4
S3_s5_n0.2_b64,S3,5,0.2,64,full_random_group_law,0.0,2.4588520659711866,0.4262228140832424,1.2827440852684606,1.4394054438993822,-0.15666135863092157,5,30,0.023584114387631416,124.46875,True,cc01475788875e5aee4543ad8833aa5c96245666c5bb3cd2a9cb22093e746ef4
S3_s5_n0.2_b64,S3,5,0.2,64,full_shuffled_generator_identities,0.17916666666666667,2.139213058961454,0.24705614741657583,1.2827440852684606,1.4073882209103916,-0.124644135641931,6,30,0.023458153009414673,124.46875,True,cc01475788875e5aee4543ad8833aa5c96245666c5bb3cd2a9cb22093e746ef4
S3_s5_n0.2_b64,S3,5,0.2,64,full_wrong_multiplication_order,0.195,2.15184936815659,0.23274086789176604,1.2827440852684606,1.2875815686505738,-0.004837483382113206,5,30,0.023082830011844635,124.46875,True,cc01475788875e5aee4543ad8833aa5c96245666c5bb3cd2a9cb22093e746ef4
S3_s5_n0.2_b64,S3,5,0.2,64,full_without_pooling,0.71,1.2790687895323543,0.34317862185803366,1.2827440852684606,0.32068602131711504,0.9620580639513456,5,30,0.022584106773138046,124.46875,True,cc01475788875e5aee4543ad8833aa5c96245666c5bb3cd2a9cb22093e746ef4
S3_s5_n0.2_b64,S3,5,0.2,64,full_without_retransport,0.20166666666666666,2.126837835034289,0.22455614741657576,1.2827440852684606,1.2827440852684606,0.0,6,30,0.024042092263698578,124.46875,True,cc01475788875e5aee4543ad8833aa5c96245666c5bb3cd2a9cb22093e746ef4
S3_s5_n0.2_b64,S3,5,0.2,64,full_followed_by_distillation,0.1725,4.437609118698801,0.547207199867233,1.2827440852684606,3.0354475843069784,-1.7527034990385177,6,30,0.021625077351927757,124.46875,True,cc01475788875e5aee4543ad8833aa5c96245666c5bb3cd2a9cb22093e746ef4
S3_s5_n0.5_b16,S3,5,0.5,16,context_blind_strict_synchronization,0.20166666666666666,2.126837835034289,0.22455614741657576,1.2805236523438501,1.2805236523438501,0.0,0,462,0.02574990503489971,124.46875,True,cac1148ec7e61fa7e56b7366555c2ae172ed082427c69769c5c7c4f11c21b637
S3_s5_n0.5_b16,S3,5,0.5,16,group_retransport_without_hodge,0.5525,1.601386577396188,0.1570341085512823,1.2805236523438501,0.0,1.2805236523438501,5,30,0.022249994799494743,124.46875,True,cac1148ec7e61fa7e56b7366555c2ae172ed082427c69769c5c7c4f11c21b637
S3_s5_n0.5_b16,S3,5,0.5,16,weighted_hodge_without_low_rank,0.33666666666666667,1.6781451003355365,0.025438257888197237,1.2805236523438501,0.6402618261719251,0.6402618261719251,5,30,0.021832995116710663,124.46875,True,cac1148ec7e61fa7e56b7366555c2ae172ed082427c69769c5c7c4f11c21b637
S3_s5_n0.5_b16,S3,5,0.5,16,generic_low_rank_residual_correction,0.185,2.1405169261406716,0.24125921462207192,1.2805236523438501,1.2820708040784712,-0.001547151734621055,2,462,0.02383394166827202,124.46875,True,cac1148ec7e61fa7e56b7366555c2ae172ed082427c69769c5c7c4f11c21b637
S3_s5_n0.5_b16,S3,5,0.5,16,hodge_low_rank_generic_retransport,0.32166666666666666,1.6857515078307468,0.016083950316168324,1.2805236523438501,0.6410354020392355,0.6394882503046146,5,30,0.022499822080135345,124.46875,True,cac1148ec7e61fa7e56b7366555c2ae172ed082427c69769c5c7c4f11c21b637
S3_s5_n0.5_b16,S3,5,0.5,16,group_retransport_without_low_rank,0.5525,1.601386577396188,0.1570341085512823,1.2805236523438501,0.0,1.2805236523438501,5,462,0.02266606315970421,124.46875,True,cac1148ec7e61fa7e56b7366555c2ae172ed082427c69769c5c7c4f11c21b637
S3_s5_n0.5_b16,S3,5,0.5,16,full_twistedmerge_hodge_lr,0.5525,1.601386577396188,0.15703410855128228,1.2805236523438501,8.376085538900795e-16,1.2805236523438492,5,30,0.022791093215346336,124.46875,True,cac1148ec7e61fa7e56b7366555c2ae172ed082427c69769c5c7c4f11c21b637
S3_s5_n0.5_b16,S3,5,0.5,16,full_random_group_law,0.5233333333333333,1.6104947088400245,0.1312007752179489,1.2805236523438501,1.1673191825710818,0.11320446977276832,5,30,0.023208092898130417,124.46875,True,cac1148ec7e61fa7e56b7366555c2ae172ed082427c69769c5c7c4f11c21b637
S3_s5_n0.5_b16,S3,5,0.5,16,full_shuffled_generator_identities,0.17416666666666666,2.1834765380057344,0.2520561474165758,1.2805236523438501,1.4230545624527384,-0.1425309101088883,6,30,0.022750115022063255,124.46875,True,cac1148ec7e61fa7e56b7366555c2ae172ed082427c69769c5c7c4f11c21b637
S3_s5_n0.5_b16,S3,5,0.5,16,full_wrong_multiplication_order,0.195,2.15184936815659,0.23274086789176604,1.2805236523438501,1.3124326337400471,-0.03190898139619702,5,30,0.023250002413988113,124.46875,True,cac1148ec7e61fa7e56b7366555c2ae172ed082427c69769c5c7c4f11c21b637
S3_s5_n0.5_b16,S3,5,0.5,16,full_without_pooling,0.4891666666666667,1.5954734839395435,0.1276287884871689,1.2805236523438501,0.3201309130859625,0.9603927392578877,5,30,0.022500054910779,124.46875,True,cac1148ec7e61fa7e56b7366555c2ae172ed082427c69769c5c7c4f11c21b637
S3_s5_n0.5_b16,S3,5,0.5,16,full_without_retransport,0.20166666666666666,2.126837835034289,0.22455614741657579,1.2805236523438501,1.2805236523438501,0.0,6,30,0.0227498821914196,124.46875,True,cac1148ec7e61fa7e56b7366555c2ae172ed082427c69769c5c7c4f11c21b637
S3_s5_n0.5_b16,S3,5,0.5,16,full_followed_by_distillation,0.1725,1.9353668685291852,0.14114497028847525,1.2805236523438501,1.1159284890880763,0.16459516325577384,6,30,0.02195802517235279,124.46875,True,cac1148ec7e61fa7e56b7366555c2ae172ed082427c69769c5c7c4f11c21b637
S3_s5_n0.5_b64,S3,5,0.5,64,context_blind_strict_synchronization,0.20166666666666666,2.126837835034289,0.22455614741657576,1.287112707699332,1.287112707699332,0.0,0,462,0.025082845240831375,124.46875,True,effc80533b063cbe2a4e7fb58afae3fd9141222172caf8bc48fe5820c96cc3ca
S3_s5_n0.5_b64,S3,5,0.5,64,group_retransport_without_hodge,0.5766666666666667,1.5101033319373172,0.16420199390441623,1.287112707699332,0.0,1.287112707699332,5,30,0.022750115022063255,124.46875,True,effc80533b063cbe2a4e7fb58afae3fd9141222172caf8bc48fe5820c96cc3ca
S3_s5_n0.5_b64,S3,5,0.5,64,weighted_hodge_without_low_rank,0.34833333333333333,1.6299287116436638,0.04685664263569386,1.287112707699332,0.643556353849666,0.643556353849666,5,30,0.02150004729628563,124.46875,True,effc80533b063cbe2a4e7fb58afae3fd9141222172caf8bc48fe5820c96cc3ca
S3_s5_n0.5_b64,S3,5,0.5,64,generic_low_rank_residual_correction,0.18833333333333332,2.783950688721233,0.3683085667665462,1.287112707699332,1.8267462975851334,-0.5396335898858013,2,462,0.023750122636556625,124.46875,True,effc80533b063cbe2a4e7fb58afae3fd9141222172caf8bc48fe5820c96cc3ca
S3_s5_n0.5_b64,S3,5,0.5,64,hodge_low_rank_generic_retransport,0.28583333333333333,1.840725448397737,0.12832193056237942,1.287112707699332,0.9133731487925665,0.3737395589067656,5,30,0.024916836991906166,124.46875,True,effc80533b063cbe2a4e7fb58afae3fd9141222172caf8bc48fe5820c96cc3ca
S3_s5_n0.5_b64,S3,5,0.5,64,group_retransport_without_low_rank,0.5766666666666667,1.5101033319373172,0.16420199390441623,1.287112707699332,0.0,1.287112707699332,5,462,0.02304092049598694,124.46875,True,effc80533b063cbe2a4e7fb58afae3fd9141222172caf8bc48fe5820c96cc3ca
S3_s5_n0.5_b64,S3,5,0.5,64,full_twistedmerge_hodge_lr,0.5766666666666667,1.5101033319373172,0.1642019939044162,1.287112707699332,7.637056103392173e-16,1.2871127076993314,5,30,0.022083986550569534,124.46875,True,effc80533b063cbe2a4e7fb58afae3fd9141222172caf8bc48fe5820c96cc3ca
S3_s5_n0.5_b64,S3,5,0.5,64,full_random_group_law,0.0,2.4588520659711866,0.4262228140832424,1.287112707699332,1.3768098123805168,-0.08969710468118475,5,30,0.023165950551629066,124.46875,True,effc80533b063cbe2a4e7fb58afae3fd9141222172caf8bc48fe5820c96cc3ca
S3_s5_n0.5_b64,S3,5,0.5,64,full_shuffled_generator_identities,0.18416666666666667,2.139446285120644,0.24205614741657577,1.287112707699332,1.40764541465549,-0.12053270695615792,6,30,0.02350006252527237,124.46875,True,effc80533b063cbe2a4e7fb58afae3fd9141222172caf8bc48fe5820c96cc3ca
S3_s5_n0.5_b64,S3,5,0.5,64,full_wrong_multiplication_order,0.195,2.15184936815659,0.23274086789176604,1.287112707699332,1.2954917223626286,-0.008379014663296491,5,30,0.02350006252527237,124.46875,True,effc80533b063cbe2a4e7fb58afae3fd9141222172caf8bc48fe5820c96cc3ca
S3_s5_n0.5_b64,S3,5,0.5,64,full_without_pooling,0.525,1.5247322103635739,0.1669700328413082,1.287112707699332,0.3217781769248328,0.9653345307744993,5,30,0.023083994165062904,124.46875,True,effc80533b063cbe2a4e7fb58afae3fd9141222172caf8bc48fe5820c96cc3ca
S3_s5_n0.5_b64,S3,5,0.5,64,full_without_retransport,0.20166666666666666,2.126837835034289,0.22455614741657576,1.287112707699332,1.287112707699332,0.0,6,30,0.024624867364764214,124.46875,True,effc80533b063cbe2a4e7fb58afae3fd9141222172caf8bc48fe5820c96cc3ca
S3_s5_n0.5_b64,S3,5,0.5,64,full_followed_by_distillation,0.1725,4.437609118698801,0.547207199867233,1.287112707699332,3.0583569653032865,-1.7712442576039544,6,30,0.021165935322642326,124.46875,True,effc80533b063cbe2a4e7fb58afae3fd9141222172caf8bc48fe5820c96cc3ca
S3_s6_n0.2_b16,S3,6,0.2,16,context_blind_strict_synchronization,0.20333333333333334,2.1786043132182327,0.23510552041762667,1.3876896184095788,1.3876896184095788,0.0,0,462,0.023541972041130066,124.46875,True,b1247a25e50b9368a2bc2be6ae2b93482eff4d454da1c56e8d3170582899b247
S3_s6_n0.2_b16,S3,6,0.2,16,group_retransport_without_hodge,0.8225,1.1520473632287431,0.3853023539139708,1.3876896184095788,0.0,1.3876896184095788,5,30,0.023124972358345985,124.46875,True,b1247a25e50b9368a2bc2be6ae2b93482eff4d454da1c56e8d3170582899b247
S3_s6_n0.2_b16,S3,6,0.2,16,weighted_hodge_without_low_rank,0.44333333333333336,1.451653501201999,0.12097938043534076,1.3876896184095788,0.6938448092047894,0.6938448092047894,5,30,0.020416919142007828,124.46875,True,b1247a25e50b9368a2bc2be6ae2b93482eff4d454da1c56e8d3170582899b247
S3_s6_n0.2_b16,S3,6,0.2,16,generic_low_rank_residual_correction,0.17916666666666667,2.2197292461188023,0.27296340901626925,1.3876896184095788,1.4114793110384527,-0.02378969262887387,2,462,0.02291589044034481,124.46875,True,b1247a25e50b9368a2bc2be6ae2b93482eff4d454da1c56e8d3170582899b247
S3_s6_n0.2_b16,S3,6,0.2,16,hodge_low_rank_generic_retransport,0.43416666666666665,1.4640716701780772,0.08636166102203717,1.3876896184095788,0.7057396555192263,0.6819499628903525,5,30,0.023041851818561554,124.46875,True,b1247a25e50b9368a2bc2be6ae2b93482eff4d454da1c56e8d3170582899b247
S3_s6_n0.2_b16,S3,6,0.2,16,group_retransport_without_low_rank,0.8225,1.1520473632287431,0.3853023539139708,1.3876896184095788,0.0,1.3876896184095788,5,462,0.022707972675561905,124.46875,True,b1247a25e50b9368a2bc2be6ae2b93482eff4d454da1c56e8d3170582899b247
S3_s6_n0.2_b16,S3,6,0.2,16,full_twistedmerge_hodge_lr,0.8225,1.152047363228743,0.3853023539139708,1.3876896184095788,9.571211878757509e-16,1.387689618409578,5,30,0.022209016606211662,124.46875,True,b1247a25e50b9368a2bc2be6ae2b93482eff4d454da1c56e8d3170582899b247
S3_s6_n0.2_b16,S3,6,0.2,16,full_random_group_law,0.20333333333333334,2.1864854378133183,0.23510552041762667,1.3876896184095788,1.3881235465455852,-0.0004339281360064007,5,30,0.023250002413988113,124.46875,True,b1247a25e50b9368a2bc2be6ae2b93482eff4d454da1c56e8d3170582899b247
S3_s6_n0.2_b16,S3,6,0.2,16,full_shuffled_generator_identities,0.1625,2.189327046163581,0.2759388537509601,1.3876896184095788,1.4842943179893036,-0.09660469957972473,6,30,0.023165950551629066,124.46875,True,b1247a25e50b9368a2bc2be6ae2b93482eff4d454da1c56e8d3170582899b247
S3_s6_n0.2_b16,S3,6,0.2,16,full_wrong_multiplication_order,0.15,2.2347953639377196,0.28843885375095996,1.3876896184095788,1.412787959387234,-0.025098340977655065,5,30,0.023124972358345985,124.46875,True,b1247a25e50b9368a2bc2be6ae2b93482eff4d454da1c56e8d3170582899b247
S3_s6_n0.2_b16,S3,6,0.2,16,full_without_pooling,0.7141666666666666,1.2518786611392734,0.3383816784131457,1.3876896184095788,0.34692240460239493,1.040767213807184,5,30,0.022625084966421127,124.46875,True,b1247a25e50b9368a2bc2be6ae2b93482eff4d454da1c56e8d3170582899b247
S3_s6_n0.2_b16,S3,6,0.2,16,full_without_retransport,0.20333333333333334,2.1786043132182327,0.23510552041762667,1.3876896184095788,1.3876896184095788,0.0,6,30,0.02270820550620556,124.46875,True,b1247a25e50b9368a2bc2be6ae2b93482eff4d454da1c56e8d3170582899b247
S3_s6_n0.2_b16,S3,6,0.2,16,full_followed_by_distillation,0.17,1.9856812712839216,0.16270360833560296,1.3876896184095788,1.221549361280798,0.1661402571287809,6,30,0.024124979972839355,124.46875,True,b1247a25e50b9368a2bc2be6ae2b93482eff4d454da1c56e8d3170582899b247
S3_s6_n0.2_b64,S3,6,0.2,64,context_blind_strict_synchronization,0.20333333333333334,2.1786043132182327,0.23510552041762667,1.383889054281768,1.383889054281768,0.0,0,462,0.024124979972839355,124.46875,True,f43586d907ed03ccdbf527bb77f8aa91af47d930a86f4f7ab1ad94533fdbf33a
S3_s6_n0.2_b64,S3,6,0.2,64,group_retransport_without_hodge,0.8458333333333333,1.1127719333821924,0.4087976813965257,1.383889054281768,0.0,1.383889054281768,5,30,0.02204091288149357,124.46875,True,f43586d907ed03ccdbf527bb77f8aa91af47d930a86f4f7ab1ad94533fdbf33a
S3_s6_n0.2_b64,S3,6,0.2,64,weighted_hodge_without_low_rank,0.445,1.432679797761915,0.1288859026945339,1.383889054281768,0.691944527140884,0.691944527140884,5,30,0.02095801755785942,124.46875,True,f43586d907ed03ccdbf527bb77f8aa91af47d930a86f4f7ab1ad94533fdbf33a
S3_s6_n0.2_b64,S3,6,0.2,64,generic_low_rank_residual_correction,0.1725,2.816769631404655,0.3881978211564032,1.383889054281768,1.899994652040983,-0.516105597759215,2,462,0.02108304761350155,124.46875,True,f43586d907ed03ccdbf527bb77f8aa91af47d930a86f4f7ab1ad94533fdbf33a
S3_s6_n0.2_b64,S3,6,0.2,64,hodge_low_rank_generic_retransport,0.35583333333333333,1.6426602814715008,0.07621541415685198,1.383889054281768,0.9499973260204915,0.4338917282612764,5,30,0.0213750172406435,124.46875,True,f43586d907ed03ccdbf527bb77f8aa91af47d930a86f4f7ab1ad94533fdbf33a
S3_s6_n0.2_b64,S3,6,0.2,64,group_retransport_without_low_rank,0.8458333333333333,1.1127719333821924,0.4087976813965257,1.383889054281768,0.0,1.383889054281768,5,462,0.022833002731204033,124.46875,True,f43586d907ed03ccdbf527bb77f8aa91af47d930a86f4f7ab1ad94533fdbf33a
S3_s6_n0.2_b64,S3,6,0.2,64,full_twistedmerge_hodge_lr,0.8458333333333333,1.1127719333821926,0.4087976813965257,1.383889054281768,7.559319356781836e-16,1.3838890542817672,5,30,0.021209008991718292,124.46875,True,f43586d907ed03ccdbf527bb77f8aa91af47d930a86f4f7ab1ad94533fdbf33a
S3_s6_n0.2_b64,S3,6,0.2,64,full_random_group_law,0.13,2.293064590889947,0.30843885375096003,1.383889054281768,1.4135633430558339,-0.02967428877406597,5,30,0.021541956812143326,124.46875,True,f43586d907ed03ccdbf527bb77f8aa91af47d930a86f4f7ab1ad94533fdbf33a
S3_s6_n0.2_b64,S3,6,0.2,64,full_shuffled_generator_identities,0.17333333333333334,2.223470715853749,0.26510552041762664,1.383889054281768,1.498641367638875,-0.11475231335710712,6,30,0.022165942937135696,124.46875,True,f43586d907ed03ccdbf527bb77f8aa91af47d930a86f4f7ab1ad94533fdbf33a
S3_s6_n0.2_b64,S3,6,0.2,64,full_wrong_multiplication_order,0.15,2.2347953639377196,0.28843885375095996,1.383889054281768,1.4032032530085503,-0.019314198726782417,5,30,0.021875137463212013,124.46875,True,f43586d907ed03ccdbf527bb77f8aa91af47d930a86f4f7ab1ad94533fdbf33a
S3_s6_n0.2_b64,S3,6,0.2,64,full_without_pooling,0.7375,1.2228994937398234,0.36342817335893557,1.383889054281768,0.34597226357044203,1.0379167907113258,5,30,0.02183392643928528,124.46875,True,f43586d907ed03ccdbf527bb77f8aa91af47d930a86f4f7ab1ad94533fdbf33a
S3_s6_n0.2_b64,S3,6,0.2,64,full_without_retransport,0.20333333333333334,2.1786043132182327,0.23510552041762667,1.383889054281768,1.383889054281768,0.0,6,30,0.022540800273418427,124.46875,True,f43586d907ed03ccdbf527bb77f8aa91af47d930a86f4f7ab1ad94533fdbf33a
S3_s6_n0.2_b64,S3,6,0.2,64,full_followed_by_distillation,0.16833333333333333,5.342266509358288,0.6186444632130794,1.383889054281768,3.960982830740426,-2.577093776458658,6,30,0.02191704697906971,124.46875,True,f43586d907ed03ccdbf527bb77f8aa91af47d930a86f4f7ab1ad94533fdbf33a
S3_s6_n0.5_b16,S3,6,0.5,16,context_blind_strict_synchronization,0.20333333333333334,2.1786043132182327,0.23510552041762667,1.3728525925379664,1.3728525925379664,0.0,0,462,0.02437504008412361,124.46875,True,e0941fa3ed746d2396422cb1be321563ade284823d290e344293e184394c2eb4
S3_s6_n0.5_b16,S3,6,0.5,16,group_retransport_without_hodge,0.5708333333333333,1.5769448478774155,0.17867229995911094,1.3728525925379664,0.0,1.3728525925379664,5,30,0.023499829694628716,124.46875,True,e0941fa3ed746d2396422cb1be321563ade284823d290e344293e184394c2eb4
S3_s6_n0.5_b16,S3,6,0.5,16,weighted_hodge_without_low_rank,0.345,1.667735063627506,0.030365378127604665,1.3728525925379664,0.6864262962689832,0.6864262962689832,5,30,0.02154218964278698,124.46875,True,e0941fa3ed746d2396422cb1be321563ade284823d290e344293e184394c2eb4
S3_s6_n0.5_b16,S3,6,0.5,16,generic_low_rank_residual_correction,0.18416666666666667,2.2181264287825497,0.2659667676742666,1.3728525925379664,1.3919341833075942,-0.019081590769627788,2,462,0.02220878377556801,124.46875,True,e0941fa3ed746d2396422cb1be321563ade284823d290e344293e184394c2eb4
S3_s6_n0.5_b16,S3,6,0.5,16,hodge_low_rank_generic_retransport,0.3383333333333333,1.6806425046689146,0.02401782164797642,1.3728525925379664,0.6959670916537972,0.6768855008841692,5,30,0.02270820550620556,124.46875,True,e0941fa3ed746d2396422cb1be321563ade284823d290e344293e184394c2eb4
S3_s6_n0.5_b16,S3,6,0.5,16,group_retransport_without_low_rank,0.5708333333333333,1.5769448478774155,0.17867229995911094,1.3728525925379664,0.0,1.3728525925379664,5,462,0.023290980607271194,124.46875,True,e0941fa3ed746d2396422cb1be321563ade284823d290e344293e184394c2eb4
S3_s6_n0.5_b16,S3,6,0.5,16,full_twistedmerge_hodge_lr,0.5708333333333333,1.5769448478774155,0.17867229995911094,1.3728525925379664,1.0359588790732858e-15,1.3728525925379653,5,30,0.02308306284248829,124.46875,True,e0941fa3ed746d2396422cb1be321563ade284823d290e344293e184394c2eb4
S3_s6_n0.5_b16,S3,6,0.5,16,full_random_group_law,0.20333333333333334,2.1864854378133183,0.23510552041762667,1.3728525925379664,1.4109945929952623,-0.03814200045729588,5,30,0.022209016606211662,124.46875,True,e0941fa3ed746d2396422cb1be321563ade284823d290e344293e184394c2eb4
S3_s6_n0.5_b16,S3,6,0.5,16,full_shuffled_generator_identities,0.16583333333333333,2.2439284344259582,0.27260552041762665,1.3728525925379664,1.497161969612979,-0.12430937707501255,6,30,0.022124964743852615,124.46875,True,e0941fa3ed746d2396422cb1be321563ade284823d290e344293e184394c2eb4
S3_s6_n0.5_b16,S3,6,0.5,16,full_wrong_multiplication_order,0.15,2.2347953639377196,0.28843885375095996,1.3728525925379664,1.4034994107374668,-0.030646818199500325,5,30,0.021666986867785454,124.46875,True,e0941fa3ed746d2396422cb1be321563ade284823d290e344293e184394c2eb4
S3_s6_n0.5_b16,S3,6,0.5,16,full_without_pooling,0.5075,1.5729152807658344,0.14567824450801528,1.3728525925379664,0.34321314813449183,1.0296394444034747,5,30,0.022416003048419952,124.46875,True,e0941fa3ed746d2396422cb1be321563ade284823d290e344293e184394c2eb4
S3_s6_n0.5_b16,S3,6,0.5,16,full_without_retransport,0.20333333333333334,2.1786043132182327,0.23510552041762667,1.3728525925379664,1.3728525925379664,0.0,6,30,0.02170819789171219,124.46875,True,e0941fa3ed746d2396422cb1be321563ade284823d290e344293e184394c2eb4
S3_s6_n0.5_b16,S3,6,0.5,16,full_followed_by_distillation,0.17,1.9856812712839216,0.16270360833560296,1.3728525925379664,1.221527991930954,0.15132460060701236,6,30,0.023250002413988113,124.46875,True,e0941fa3ed746d2396422cb1be321563ade284823d290e344293e184394c2eb4
S3_s6_n0.5_b64,S3,6,0.5,64,context_blind_strict_synchronization,0.20333333333333334,2.1786043132182327,0.23510552041762667,1.3969338512502079,1.3969338512502079,0.0,0,462,0.02491706982254982,124.46875,True,c5ac889ae7a006234cbfa9afb1168228e116b8cc1fbc6e299780a33e7d68cdaa
S3_s6_n0.5_b64,S3,6,0.5,64,group_retransport_without_hodge,0.5941666666666666,1.505381345589389,0.18507550177326343,1.3969338512502079,0.0,1.3969338512502079,5,30,0.023207860067486763,124.46875,True,c5ac889ae7a006234cbfa9afb1168228e116b8cc1fbc6e299780a33e7d68cdaa
S3_s6_n0.5_b64,S3,6,0.5,64,weighted_hodge_without_low_rank,0.3566666666666667,1.6257079930015415,0.04540720506326057,1.3969338512502079,0.6984669256251039,0.6984669256251039,5,30,0.021666986867785454,124.46875,True,c5ac889ae7a006234cbfa9afb1168228e116b8cc1fbc6e299780a33e7d68cdaa
S3_s6_n0.5_b64,S3,6,0.5,64,generic_low_rank_residual_correction,0.18583333333333332,2.8468479539499913,0.38077603668549015,1.3969338512502079,2.0112840376987227,-0.6143501864485148,2,462,0.021832995116710663,124.46875,True,c5ac889ae7a006234cbfa9afb1168228e116b8cc1fbc6e299780a33e7d68cdaa
S3_s6_n0.5_b64,S3,6,0.5,64,hodge_low_rank_generic_retransport,0.3,1.84214981771048,0.12819515767043982,1.3969338512502079,1.005642018849361,0.39129183240084675,5,30,0.02183392643928528,124.46875,True,c5ac889ae7a006234cbfa9afb1168228e116b8cc1fbc6e299780a33e7d68cdaa
S3_s6_n0.5_b64,S3,6,0.5,64,group_retransport_without_low_rank,0.5941666666666666,1.505381345589389,0.18507550177326343,1.3969338512502079,0.0,1.3969338512502079,5,462,0.023124972358345985,124.46875,True,c5ac889ae7a006234cbfa9afb1168228e116b8cc1fbc6e299780a33e7d68cdaa
S3_s6_n0.5_b64,S3,6,0.5,64,full_twistedmerge_hodge_lr,0.5941666666666666,1.505381345589389,0.18507550177326337,1.3969338512502079,6.965323632434567e-16,1.3969338512502072,5,30,0.02245791256427765,124.46875,True,c5ac889ae7a006234cbfa9afb1168228e116b8cc1fbc6e299780a33e7d68cdaa
S3_s6_n0.5_b64,S3,6,0.5,64,full_random_group_law,0.13,2.293064590889947,0.30843885375096003,1.3969338512502079,1.413066768493104,-0.016132917242896117,5,30,0.02333405427634716,124.46875,True,c5ac889ae7a006234cbfa9afb1168228e116b8cc1fbc6e299780a33e7d68cdaa
S3_s6_n0.5_b64,S3,6,0.5,64,full_shuffled_generator_identities,0.17083333333333334,2.2270361769850875,0.2676055204176267,1.3969338512502079,1.5004847259974974,-0.10355087474728952,6,30,0.023625092580914497,124.46875,True,c5ac889ae7a006234cbfa9afb1168228e116b8cc1fbc6e299780a33e7d68cdaa
S3_s6_n0.5_b64,S3,6,0.5,64,full_wrong_multiplication_order,0.15,2.2347953639377196,0.28843885375095996,1.3969338512502079,1.4022412916818812,-0.005307440431673305,5,30,0.02300017513334751,124.46875,True,c5ac889ae7a006234cbfa9afb1168228e116b8cc1fbc6e299780a33e7d68cdaa
S3_s6_n0.5_b64,S3,6,0.5,64,full_without_pooling,0.5358333333333334,1.5148761921572989,0.16760800827317437,1.3969338512502079,0.3492334628125518,1.0477003884376561,5,30,0.022790860384702682,124.46875,True,c5ac889ae7a006234cbfa9afb1168228e116b8cc1fbc6e299780a33e7d68cdaa
S3_s6_n0.5_b64,S3,6,0.5,64,full_without_retransport,0.20333333333333334,2.1786043132182327,0.23510552041762667,1.3969338512502079,1.3969338512502079,0.0,6,30,0.021625077351927757,124.46875,True,c5ac889ae7a006234cbfa9afb1168228e116b8cc1fbc6e299780a33e7d68cdaa
S3_s6_n0.5_b64,S3,6,0.5,64,full_followed_by_distillation,0.16833333333333333,5.342266509358288,0.6186444632130794,1.3969338512502079,3.966496383817527,-2.569562532567319,6,30,0.021666986867785454,124.46875,True,c5ac889ae7a006234cbfa9afb1168228e116b8cc1fbc6e299780a33e7d68cdaa
S3_s7_n0.2_b16,S3,7,0.2,16,context_blind_strict_synchronization,0.21416666666666667,2.0859781061383518,0.20841540838082273,1.299822334188007,1.299822334188007,0.0,0,462,0.02374988980591297,124.46875,True,5a0607960407ff94f4819771277764cad77c766ebad394685920438df4efca51
S3_s7_n0.2_b16,S3,7,0.2,16,group_retransport_without_hodge,0.8441666666666666,1.1469218275472235,0.42325137989792183,1.299822334188007,0.0,1.299822334188007,5,30,0.023250002413988113,124.46875,True,5a0607960407ff94f4819771277764cad77c766ebad394685920438df4efca51
S3_s7_n0.2_b16,S3,7,0.2,16,weighted_hodge_without_low_rank,0.4658333333333333,1.4259504458491679,0.15150735266137155,1.299822334188007,0.6499111670940035,0.6499111670940035,5,30,0.021333107724785805,124.46875,True,5a0607960407ff94f4819771277764cad77c766ebad394685920438df4efca51
S3_s7_n0.2_b16,S3,7,0.2,16,generic_low_rank_residual_correction,0.20833333333333334,2.1004407001328707,0.22275968371705215,1.299822334188007,1.31381533105266,-0.013992996864652829,2,462,0.0227498821914196,124.46875,True,5a0607960407ff94f4819771277764cad77c766ebad394685920438df4efca51
S3_s7_n0.2_b16,S3,7,0.2,16,hodge_low_rank_generic_retransport,0.4608333333333333,1.4308567524463591,0.1261465842090633,1.299822334188007,0.6569076655263301,0.642914668661677,5,30,0.02187490463256836,124.46875,True,5a0607960407ff94f4819771277764cad77c766ebad394685920438df4efca51
S3_s7_n0.2_b16,S3,7,0.2,16,group_retransport_without_low_rank,0.8441666666666666,1.1469218275472235,0.42325137989792183,1.299822334188007,0.0,1.299822334188007,5,462,0.021625077351927757,124.46875,True,5a0607960407ff94f4819771277764cad77c766ebad394685920438df4efca51
S3_s7_n0.2_b16,S3,7,0.2,16,full_twistedmerge_hodge_lr,0.8441666666666666,1.1469218275472235,0.42325137989792183,1.299822334188007,9.191054767211991e-16,1.2998223341880062,5,30,0.022249994799494743,124.46875,True,5a0607960407ff94f4819771277764cad77c766ebad394685920438df4efca51
S3_s7_n0.2_b16,S3,7,0.2,16,full_random_group_law,0.0,2.436168444441587,0.4225820750474894,1.299822334188007,1.410795645561468,-0.110973311373461,5,30,0.023208092898130417,124.46875,True,5a0607960407ff94f4819771277764cad77c766ebad394685920438df4efca51
S3_s7_n0.2_b16,S3,7,0.2,16,full_shuffled_generator_identities,0.16583333333333333,2.168720252247697,0.2567487417141561,1.299822334188007,1.4668760783449657,-0.16705374415695862,6,30,0.021958956494927406,124.46875,True,5a0607960407ff94f4819771277764cad77c766ebad394685920438df4efca51
S3_s7_n0.2_b16,S3,7,0.2,16,full_wrong_multiplication_order,0.155,2.2191019658755575,0.2675820750474894,1.299822334188007,1.3184793065277192,-0.018656972339712086,5,30,0.022875145077705383,124.46875,True,5a0607960407ff94f4819771277764cad77c766ebad394685920438df4efca51
S3_s7_n0.2_b16,S3,7,0.2,16,full_without_pooling,0.7425,1.2419912621339715,0.37899955195721124,1.299822334188007,0.3249555835470018,0.9748667506410053,5,30,0.02233404666185379,124.46875,True,5a0607960407ff94f4819771277764cad77c766ebad394685920438df4efca51
S3_s7_n0.2_b16,S3,7,0.2,16,full_without_retransport,0.21416666666666667,2.0859781061383518,0.20841540838082273,1.299822334188007,1.299822334188007,0.0,6,30,0.022083986550569534,124.46875,True,5a0607960407ff94f4819771277764cad77c766ebad394685920438df4efca51
S3_s7_n0.2_b16,S3,7,0.2,16,full_followed_by_distillation,0.17166666666666666,1.9457868271726397,0.14994948677711295,1.299822334188007,1.1428502196152632,0.15697211457274385,6,30,0.02074986696243286,124.46875,True,5a0607960407ff94f4819771277764cad77c766ebad394685920438df4efca51
S3_s7_n0.2_b64,S3,7,0.2,64,context_blind_strict_synchronization,0.21416666666666667,2.0859781061383518,0.20841540838082273,1.288537297446268,1.288537297446268,0.0,0,462,0.024250010028481483,124.46875,True,9e19214e840d455ad0c9618c05957c2d116806f2fba8c1027f87c010e3a66919
S3_s7_n0.2_b64,S3,7,0.2,64,group_retransport_without_hodge,0.82,1.184053464933233,0.3990847132312552,1.288537297446268,0.0,1.288537297446268,5,30,0.022750115022063255,124.46875,True,9e19214e840d455ad0c9618c05957c2d116806f2fba8c1027f87c010e3a66919
S3_s7_n0.2_b64,S3,7,0.2,64,weighted_hodge_without_low_rank,0.4575,1.4486776502203218,0.14067080895767675,1.288537297446268,0.644268648723134,0.644268648723134,5,30,0.021584099158644676,124.46875,True,9e19214e840d455ad0c9618c05957c2d116806f2fba8c1027f87c010e3a66919
S3_s7_n0.2_b64,S3,7,0.2,64,generic_low_rank_residual_correction,0.17916666666666667,3.0375688582177336,0.4189848598259234,1.288537297446268,2.155494833235357,-0.8669575357890891,2,462,0.022624852135777473,124.46875,True,9e19214e840d455ad0c9618c05957c2d116806f2fba8c1027f87c010e3a66919
S3_s7_n0.2_b64,S3,7,0.2,64,hodge_low_rank_generic_retransport,0.32166666666666666,1.7542023586733604,0.12300722993052114,1.288537297446268,1.0777474166176788,0.2107898808285893,5,30,0.023207860067486763,124.46875,True,9e19214e840d455ad0c9618c05957c2d116806f2fba8c1027f87c010e3a66919
S3_s7_n0.2_b64,S3,7,0.2,64,group_retransport_without_low_rank,0.82,1.184053464933233,0.3990847132312552,1.288537297446268,0.0,1.288537297446268,5,462,0.0227498821914196,124.46875,True,9e19214e840d455ad0c9618c05957c2d116806f2fba8c1027f87c010e3a66919
S3_s7_n0.2_b64,S3,7,0.2,64,full_twistedmerge_hodge_lr,0.82,1.1840534649332335,0.39908471323125516,1.288537297446268,8.866549444457582e-16,1.2885372974462672,5,30,0.021832995116710663,124.46875,True,9e19214e840d455ad0c9618c05957c2d116806f2fba8c1027f87c010e3a66919
S3_s7_n0.2_b64,S3,7,0.2,64,full_random_group_law,0.4891666666666667,1.7196770327322917,0.1267643775733424,1.288537297446268,1.1080854866436172,0.18045181080265094,5,30,0.023624859750270844,124.46875,True,9e19214e840d455ad0c9618c05957c2d116806f2fba8c1027f87c010e3a66919
S3_s7_n0.2_b64,S3,7,0.2,64,full_shuffled_generator_identities,0.13916666666666666,2.272469668436489,0.28341540838082274,1.288537297446268,1.4647437292475396,-0.1762064318012715,6,30,0.023250002413988113,124.46875,True,9e19214e840d455ad0c9618c05957c2d116806f2fba8c1027f87c010e3a66919
S3_s7_n0.2_b64,S3,7,0.2,64,full_wrong_multiplication_order,0.155,2.2191019658755575,0.2675820750474894,1.288537297446268,1.317111696876059,-0.028574399429790898,5,30,0.023999949917197227,124.46875,True,9e19214e840d455ad0c9618c05957c2d116806f2fba8c1027f87c010e3a66919
S3_s7_n0.2_b64,S3,7,0.2,64,full_without_pooling,0.7141666666666666,1.272777595615687,0.3510846418067445,1.288537297446268,0.32213432436156725,0.9664029730847008,5,30,0.023582950234413147,124.46875,True,9e19214e840d455ad0c9618c05957c2d116806f2fba8c1027f87c010e3a66919
S3_s7_n0.2_b64,S3,7,0.2,64,full_without_retransport,0.21416666666666667,2.0859781061383518,0.20841540838082273,1.288537297446268,1.2885372974462683,-2.220446049250313e-16,6,30,0.024707987904548645,124.46875,True,9e19214e840d455ad0c9618c05957c2d116806f2fba8c1027f87c010e3a66919
S3_s7_n0.2_b64,S3,7,0.2,64,full_followed_by_distillation,0.14416666666666667,4.922624746293246,0.6131835811792805,1.288537297446268,3.580865962552987,-2.2923286651067185,6,30,0.02374988980591297,124.46875,True,9e19214e840d455ad0c9618c05957c2d116806f2fba8c1027f87c010e3a66919
S3_s7_n0.5_b16,S3,7,0.5,16,context_blind_strict_synchronization,0.21416666666666667,2.0859781061383518,0.20841540838082273,1.2982707743851438,1.2982707743851438,0.0,0,462,0.028292182832956314,124.46875,True,2ccff9a16318211a4e6607b72243ba580c8468c0b7428cca94070ff23e1eeedd
S3_s7_n0.5_b16,S3,7,0.5,16,group_retransport_without_hodge,0.5816666666666667,1.5527095289929314,0.17780639498048542,1.2982707743851438,0.0,1.2982707743851438,5,30,0.025124987587332726,124.46875,True,2ccff9a16318211a4e6607b72243ba580c8468c0b7428cca94070ff23e1eeedd
S3_s7_n0.5_b16,S3,7,0.5,16,weighted_hodge_without_low_rank,0.37083333333333335,1.6301367386941008,0.059667299388084,1.2982707743851438,0.6491353871925719,0.6491353871925719,5,30,0.022875145077705383,124.46875,True,2ccff9a16318211a4e6607b72243ba580c8468c0b7428cca94070ff23e1eeedd
S3_s7_n0.5_b16,S3,7,0.5,16,generic_low_rank_residual_correction,0.20916666666666667,2.101908217888303,0.22257575972491056,1.2982707743851438,1.312366653512604,-0.014095879127460131,2,462,0.024250010028481483,124.46875,True,2ccff9a16318211a4e6607b72243ba580c8468c0b7428cca94070ff23e1eeedd
S3_s7_n0.5_b16,S3,7,0.5,16,hodge_low_rank_generic_retransport,0.36583333333333334,1.6356320491201446,0.03477252999960949,1.2982707743851438,0.6561833267563022,0.6420874476288416,5,30,0.024707987904548645,124.46875,True,2ccff9a16318211a4e6607b72243ba580c8468c0b7428cca94070ff23e1eeedd
S3_s7_n0.5_b16,S3,7,0.5,16,group_retransport_without_low_rank,0.5816666666666667,1.5527095289929314,0.17780639498048542,1.2982707743851438,0.0,1.2982707743851438,5,462,0.024209031835198402,124.46875,True,2ccff9a16318211a4e6607b72243ba580c8468c0b7428cca94070ff23e1eeedd
S3_s7_n0.5_b16,S3,7,0.5,16,full_twistedmerge_hodge_lr,0.5816666666666667,1.5527095289929314,0.17780639498048553,1.2982707743851438,6.840300519137661e-16,1.2982707743851432,5,30,0.024207867681980133,124.46875,True,2ccff9a16318211a4e6607b72243ba580c8468c0b7428cca94070ff23e1eeedd
S3_s7_n0.5_b16,S3,7,0.5,16,full_random_group_law,0.0,2.436168444441587,0.4225820750474894,1.2982707743851438,1.3910746038021402,-0.09280382941699639,5,30,0.025250017642974854,124.46875,True,2ccff9a16318211a4e6607b72243ba580c8468c0b7428cca94070ff23e1eeedd
S3_s7_n0.5_b16,S3,7,0.5,16,full_shuffled_generator_identities,0.16833333333333333,2.1673670399383402,0.2542487417141561,1.2982707743851438,1.4400557409987094,-0.14178496661356554,6,30,0.02508307807147503,124.46875,True,2ccff9a16318211a4e6607b72243ba580c8468c0b7428cca94070ff23e1eeedd
S3_s7_n0.5_b16,S3,7,0.5,16,full_wrong_multiplication_order,0.155,2.2191019658755575,0.2675820750474894,1.2982707743851438,1.33855330701213,-0.04028253262698622,5,30,0.022709136828780174,124.46875,True,2ccff9a16318211a4e6607b72243ba580c8468c0b7428cca94070ff23e1eeedd
S3_s7_n0.5_b16,S3,7,0.5,16,full_without_pooling,0.53,1.547403245732638,0.16747851565842806,1.2982707743851438,0.3245676935962861,0.9737030807888577,5,30,0.022541964426636696,124.46875,True,2ccff9a16318211a4e6607b72243ba580c8468c0b7428cca94070ff23e1eeedd
S3_s7_n0.5_b16,S3,7,0.5,16,full_without_retransport,0.21416666666666667,2.0859781061383518,0.20841540838082273,1.2982707743851438,1.298270774385144,-2.220446049250313e-16,6,30,0.02212519757449627,124.46875,True,2ccff9a16318211a4e6607b72243ba580c8468c0b7428cca94070ff23e1eeedd
S3_s7_n0.5_b16,S3,7,0.5,16,full_followed_by_distillation,0.17166666666666666,1.9457868271726397,0.14994948677711295,1.2982707743851438,1.1406313853904262,0.15763938899471763,6,30,0.020750099793076515,124.46875,True,2ccff9a16318211a4e6607b72243ba580c8468c0b7428cca94070ff23e1eeedd
S3_s7_n0.5_b64,S3,7,0.5,64,context_blind_strict_synchronization,0.21416666666666667,2.0859781061383518,0.20841540838082273,1.287388416286924,1.287388416286924,0.0,0,462,0.024124979972839355,124.46875,True,7e759db80635e7cb7bebb56c190636f3cf35c4141656cbc0809b18f4023e45d6
S3_s7_n0.5_b64,S3,7,0.5,64,group_retransport_without_hodge,0.5858333333333333,1.552485576192358,0.1817643775733424,1.287388416286924,0.0,1.287388416286924,5,30,0.023041851818561554,124.46875,True,7e759db80635e7cb7bebb56c190636f3cf35c4141656cbc0809b18f4023e45d6
S3_s7_n0.5_b64,S3,7,0.5,64,weighted_hodge_without_low_rank,0.37166666666666665,1.6319037496312399,0.05739106723147398,1.287388416286924,0.643694208143462,0.643694208143462,5,30,0.020624836906790733,124.46875,True,7e759db80635e7cb7bebb56c190636f3cf35c4141656cbc0809b18f4023e45d6
S3_s7_n0.5_b64,S3,7,0.5,64,generic_low_rank_residual_correction,0.17333333333333334,3.021568173260661,0.4107735254958158,1.287388416286924,2.1795344878113787,-0.8921460715244547,2,462,0.02216617576777935,124.46875,True,7e759db80635e7cb7bebb56c190636f3cf35c4141656cbc0809b18f4023e45d6
S3_s7_n0.5_b64,S3,7,0.5,64,hodge_low_rank_generic_retransport,0.2625,1.9344279188746456,0.1768904773245599,1.287388416286924,1.0897672439056896,0.19762117238123444,5,30,0.022666994482278824,124.46875,True,7e759db80635e7cb7bebb56c190636f3cf35c4141656cbc0809b18f4023e45d6
S3_s7_n0.5_b64,S3,7,0.5,64,group_retransport_without_low_rank,0.5858333333333333,1.552485576192358,0.1817643775733424,1.287388416286924,0.0,1.287388416286924,5,462,0.022999942302703857,124.46875,True,7e759db80635e7cb7bebb56c190636f3cf35c4141656cbc0809b18f4023e45d6
S3_s7_n0.5_b64,S3,7,0.5,64,full_twistedmerge_hodge_lr,0.5858333333333333,1.552485576192358,0.18176437757334238,1.287388416286924,7.957947659905051e-16,1.2873884162869231,5,30,0.022416003048419952,124.46875,True,7e759db80635e7cb7bebb56c190636f3cf35c4141656cbc0809b18f4023e45d6
S3_s7_n0.5_b64,S3,7,0.5,64,full_random_group_law,0.4891666666666667,1.7196770327322917,0.1267643775733424,1.287388416286924,1.205230473328852,0.0821579429580721,5,30,0.022416934370994568,124.46875,True,7e759db80635e7cb7bebb56c190636f3cf35c4141656cbc0809b18f4023e45d6
S3_s7_n0.5_b64,S3,7,0.5,64,full_shuffled_generator_identities,0.15416666666666667,2.1916195766532134,0.26841540838082273,1.287388416286924,1.4641431125380686,-0.1767546962511446,6,30,0.023041851818561554,124.46875,True,7e759db80635e7cb7bebb56c190636f3cf35c4141656cbc0809b18f4023e45d6
S3_s7_n0.5_b64,S3,7,0.5,64,full_wrong_multiplication_order,0.155,2.2191019658755575,0.2675820750474894,1.287388416286924,1.33202960471688,-0.044641188429956014,5,30,0.02258317545056343,124.46875,True,7e759db80635e7cb7bebb56c190636f3cf35c4141656cbc0809b18f4023e45d6
S3_s7_n0.5_b64,S3,7,0.5,64,full_without_pooling,0.5241666666666667,1.5486792282867312,0.1681364142364919,1.287388416286924,0.32184710407173117,0.9655413122151928,5,30,0.022500054910779,124.46875,True,7e759db80635e7cb7bebb56c190636f3cf35c4141656cbc0809b18f4023e45d6
S3_s7_n0.5_b64,S3,7,0.5,64,full_without_retransport,0.21416666666666667,2.0859781061383518,0.20841540838082273,1.287388416286924,1.287388416286924,0.0,6,30,0.021790852770209312,124.46875,True,7e759db80635e7cb7bebb56c190636f3cf35c4141656cbc0809b18f4023e45d6
S3_s7_n0.5_b64,S3,7,0.5,64,full_followed_by_distillation,0.14416666666666667,4.922624746293246,0.6131835811792805,1.287388416286924,3.5703002036942775,-2.2829117874073535,6,30,0.022790860384702682,124.46875,True,7e759db80635e7cb7bebb56c190636f3cf35c4141656cbc0809b18f4023e45d6
S3_s8_n0.2_b16,S3,8,0.2,16,context_blind_strict_synchronization,0.20916666666666667,2.144463882108996,0.2167781913899433,1.308636071107472,1.308636071107472,0.0,0,462,0.0238749198615551,124.46875,True,457c9c06a4e64f433be1eb124ca8c68839d6fb54ca545839226e8feac0b53245
S3_s8_n0.2_b16,S3,8,0.2,16,group_retransport_without_hodge,0.83,1.1786813715559128,0.40522139336860363,1.308636071107472,0.0,1.308636071107472,5,30,0.02300017513334751,124.46875,True,457c9c06a4e64f433be1eb124ca8c68839d6fb54ca545839226e8feac0b53245
S3_s8_n0.2_b16,S3,8,0.2,16,weighted_hodge_without_low_rank,0.45666666666666667,1.4685575804419606,0.1356122437371286,1.308636071107472,0.654318035553736,0.654318035553736,5,30,0.02666609361767769,124.46875,True,457c9c06a4e64f433be1eb124ca8c68839d6fb54ca545839226e8feac0b53245
S3_s8_n0.2_b16,S3,8,0.2,16,generic_low_rank_residual_correction,0.1925,2.182822456540858,0.24190949949993837,1.308636071107472,1.3378306849470893,-0.0291946138396173,2,462,0.02237502485513687,124.46875,True,457c9c06a4e64f433be1eb124ca8c68839d6fb54ca545839226e8feac0b53245
S3_s8_n0.2_b16,S3,8,0.2,16,hodge_low_rank_generic_retransport,0.43166666666666664,1.4828155183488638,0.09114857106993794,1.308636071107472,0.668915342473545,0.639720728633927,5,30,0.02095801755785942,124.46875,True,457c9c06a4e64f433be1eb124ca8c68839d6fb54ca545839226e8feac0b53245
S3_s8_n0.2_b16,S3,8,0.2,16,group_retransport_without_low_rank,0.83,1.1786813715559128,0.40522139336860363,1.308636071107472,0.0,1.308636071107472,5,462,0.022124964743852615,124.46875,True,457c9c06a4e64f433be1eb124ca8c68839d6fb54ca545839226e8feac0b53245
S3_s8_n0.2_b16,S3,8,0.2,16,full_twistedmerge_hodge_lr,0.83,1.1786813715559132,0.4052213933686037,1.308636071107472,6.720158345628066e-16,1.3086360711074714,5,30,0.02095801755785942,124.46875,True,457c9c06a4e64f433be1eb124ca8c68839d6fb54ca545839226e8feac0b53245
S3_s8_n0.2_b16,S3,8,0.2,16,full_random_group_law,0.1225,2.2799394494320717,0.30344485805661003,1.308636071107472,1.3830048480122574,-0.07436877690478538,5,30,0.024541979655623436,124.46875,True,457c9c06a4e64f433be1eb124ca8c68839d6fb54ca545839226e8feac0b53245
S3_s8_n0.2_b16,S3,8,0.2,16,full_shuffled_generator_identities,0.16,2.198555040640682,0.26594485805660995,1.308636071107472,1.4517048048039536,-0.14306873369648154,6,30,0.023250002413988113,124.46875,True,457c9c06a4e64f433be1eb124ca8c68839d6fb54ca545839226e8feac0b53245
S3_s8_n0.2_b16,S3,8,0.2,16,full_wrong_multiplication_order,0.175,2.185819125602994,0.25094485805661,1.308636071107472,1.3475373450454775,-0.038901273938005465,5,30,0.02287491224706173,124.46875,True,457c9c06a4e64f433be1eb124ca8c68839d6fb54ca545839226e8feac0b53245
S3_s8_n0.2_b16,S3,8,0.2,16,full_without_pooling,0.7066666666666667,1.2784158664071,0.3387244815584391,1.308636071107472,0.32715901777686845,0.9814770533306036,5,30,0.022792024537920952,124.46875,True,457c9c06a4e64f433be1eb124ca8c68839d6fb54ca545839226e8feac0b53245
S3_s8_n0.2_b16,S3,8,0.2,16,full_without_retransport,0.20916666666666667,2.144463882108996,0.2167781913899433,1.308636071107472,1.308636071107472,0.0,6,30,0.023750122636556625,124.46875,True,457c9c06a4e64f433be1eb124ca8c68839d6fb54ca545839226e8feac0b53245
S3_s8_n0.2_b16,S3,8,0.2,16,full_followed_by_distillation,0.16333333333333333,1.9631987912520048,0.16514808942116063,1.308636071107472,1.1677976086700934,0.14083846243737863,6,30,0.022416934370994568,124.46875,True,457c9c06a4e64f433be1eb124ca8c68839d6fb54ca545839226e8feac0b53245
S3_s8_n0.2_b64,S3,8,0.2,64,context_blind_strict_synchronization,0.20916666666666667,2.144463882108996,0.2167781913899433,1.3098107211764098,1.3098107211764098,0.0,0,462,0.025292159989476204,124.46875,True,e8fa5c70965c6e1dc6b2505ce643cfb36dd457909df6b661d3e997606ce22e5a
S3_s8_n0.2_b64,S3,8,0.2,64,group_retransport_without_hodge,0.8333333333333334,1.1668926666469934,0.4085547267019369,1.3098107211764098,0.0,1.3098107211764098,5,30,0.02350006252527237,124.46875,True,e8fa5c70965c6e1dc6b2505ce643cfb36dd457909df6b661d3e997606ce22e5a
S3_s8_n0.2_b64,S3,8,0.2,64,weighted_hodge_without_low_rank,0.4708333333333333,1.4626348535128944,0.14754854395245226,1.3098107211764098,0.6549053605882049,0.6549053605882049,5,30,0.021124957129359245,124.46875,True,e8fa5c70965c6e1dc6b2505ce643cfb36dd457909df6b661d3e997606ce22e5a
S3_s8_n0.2_b64,S3,8,0.2,64,generic_low_rank_residual_correction,0.20083333333333334,2.7492473199987217,0.3497979039909051,1.3098107211764098,1.8369288438869882,-0.5271181227105783,2,462,0.020082807168364525,124.46875,True,e8fa5c70965c6e1dc6b2505ce643cfb36dd457909df6b661d3e997606ce22e5a
S3_s8_n0.2_b64,S3,8,0.2,64,hodge_low_rank_generic_retransport,0.365,1.6554776012623624,0.05119439326734931,1.3098107211764098,0.918464421943494,0.39134629923291586,5,30,0.02016616053879261,124.46875,True,e8fa5c70965c6e1dc6b2505ce643cfb36dd457909df6b661d3e997606ce22e5a
S3_s8_n0.2_b64,S3,8,0.2,64,group_retransport_without_low_rank,0.8333333333333334,1.1668926666469934,0.4085547267019369,1.3098107211764098,0.0,1.3098107211764098,5,462,0.021958956494927406,124.46875,True,e8fa5c70965c6e1dc6b2505ce643cfb36dd457909df6b661d3e997606ce22e5a
S3_s8_n0.2_b64,S3,8,0.2,64,full_twistedmerge_hodge_lr,0.8333333333333334,1.1668926666469932,0.4085547267019369,1.3098107211764098,9.689125232356157e-16,1.309810721176409,5,30,0.021333806216716766,124.46875,True,e8fa5c70965c6e1dc6b2505ce643cfb36dd457909df6b661d3e997606ce22e5a
S3_s8_n0.2_b64,S3,8,0.2,64,full_random_group_law,0.35083333333333333,1.9038489207940177,0.09538144330823976,1.3098107211764098,1.2262340842998707,0.08357663687653916,5,30,0.02220878377556801,124.46875,True,e8fa5c70965c6e1dc6b2505ce643cfb36dd457909df6b661d3e997606ce22e5a
S3_s8_n0.2_b64,S3,8,0.2,64,full_shuffled_generator_identities,0.16416666666666666,2.2206736453610514,0.2617781913899433,1.3098107211764098,1.4650046603064908,-0.15519393913008095,6,30,0.02291705459356308,124.46875,True,e8fa5c70965c6e1dc6b2505ce643cfb36dd457909df6b661d3e997606ce22e5a
S3_s8_n0.2_b64,S3,8,0.2,64,full_wrong_multiplication_order,0.175,2.185819125602994,0.25094485805661,1.3098107211764098,1.3340205324988355,-0.024209811322425612,5,30,0.022292137145996094,124.46875,True,e8fa5c70965c6e1dc6b2505ce643cfb36dd457909df6b661d3e997606ce22e5a
S3_s8_n0.2_b64,S3,8,0.2,64,full_without_pooling,0.7241666666666666,1.26897797327419,0.3564566281029142,1.3098107211764098,0.3274526802941019,0.9823580408823079,5,30,0.022082822397351265,124.46875,True,e8fa5c70965c6e1dc6b2505ce643cfb36dd457909df6b661d3e997606ce22e5a
S3_s8_n0.2_b64,S3,8,0.2,64,full_without_retransport,0.20916666666666667,2.144463882108996,0.2167781913899433,1.3098107211764098,1.3098107211764098,0.0,6,30,0.023250002413988113,124.46875,True,e8fa5c70965c6e1dc6b2505ce643cfb36dd457909df6b661d3e997606ce22e5a
S3_s8_n0.2_b64,S3,8,0.2,64,full_followed_by_distillation,0.1575,4.956446487503123,0.6102308141010884,1.3098107211764098,3.4675804437472935,-2.1577697225708836,6,30,0.0227498821914196,124.46875,True,e8fa5c70965c6e1dc6b2505ce643cfb36dd457909df6b661d3e997606ce22e5a
S3_s8_n0.5_b16,S3,8,0.5,16,context_blind_strict_synchronization,0.20916666666666667,2.144463882108996,0.2167781913899433,1.3323926457070916,1.3323926457070916,0.0,0,462,0.024999957531690598,124.46875,True,ee20145055fcb0e6329e73dd403cd4b0ff7f9b477d61afeca9941d3764e89e07
S3_s8_n0.5_b16,S3,8,0.5,16,group_retransport_without_hodge,0.6008333333333333,1.548511754322032,0.18926766124389896,1.3323926457070916,0.0,1.3323926457070916,5,30,0.02245791256427765,124.46875,True,ee20145055fcb0e6329e73dd403cd4b0ff7f9b477d61afeca9941d3764e89e07
S3_s8_n0.5_b16,S3,8,0.5,16,weighted_hodge_without_low_rank,0.35,1.6473387926864573,0.033697544545485146,1.3323926457070916,0.6661963228535458,0.6661963228535458,5,30,0.021249987185001373,124.46875,True,ee20145055fcb0e6329e73dd403cd4b0ff7f9b477d61afeca9941d3764e89e07
S3_s8_n0.5_b16,S3,8,0.5,16,generic_low_rank_residual_correction,0.195,2.177162206246042,0.2376634109169624,1.3323926457070916,1.3438826549647132,-0.011490009257621558,2,462,0.022541964426636696,124.46875,True,ee20145055fcb0e6329e73dd403cd4b0ff7f9b477d61afeca9941d3764e89e07
S3_s8_n0.5_b16,S3,8,0.5,16,hodge_low_rank_generic_retransport,0.36,1.6630071589386037,0.029001046779981995,1.3323926457070916,0.6719413274823561,0.6604513182247355,5,30,0.021834159269928932,124.46875,True,ee20145055fcb0e6329e73dd403cd4b0ff7f9b477d61afeca9941d3764e89e07
S3_s8_n0.5_b16,S3,8,0.5,16,group_retransport_without_low_rank,0.6008333333333333,1.548511754322032,0.18926766124389896,1.3323926457070916,0.0,1.3323926457070916,5,462,0.022541964426636696,124.46875,True,ee20145055fcb0e6329e73dd403cd4b0ff7f9b477d61afeca9941d3764e89e07
S3_s8_n0.5_b16,S3,8,0.5,16,full_twistedmerge_hodge_lr,0.6008333333333333,1.548511754322032,0.18926766124389888,1.3323926457070916,1.355874736679585e-15,1.3323926457070903,5,30,0.021792016923427582,124.46875,True,ee20145055fcb0e6329e73dd403cd4b0ff7f9b477d61afeca9941d3764e89e07
S3_s8_n0.5_b16,S3,8,0.5,16,full_random_group_law,0.1225,2.2799394494320717,0.30344485805661003,1.3323926457070916,1.359676692611884,-0.02728404690479236,5,30,0.023750122636556625,124.46875,True,ee20145055fcb0e6329e73dd403cd4b0ff7f9b477d61afeca9941d3764e89e07
S3_s8_n0.5_b16,S3,8,0.5,16,full_shuffled_generator_identities,0.16916666666666666,2.230150489945463,0.25677819138994334,1.3323926457070916,1.4563606472922408,-0.1239680015851492,6,30,0.02395804040133953,124.46875,True,ee20145055fcb0e6329e73dd403cd4b0ff7f9b477d61afeca9941d3764e89e07
S3_s8_n0.5_b16,S3,8,0.5,16,full_wrong_multiplication_order,0.175,2.185819125602994,0.25094485805661,1.3323926457070916,1.323796256705846,0.008596389001245486,5,30,0.02337503246963024,124.46875,True,ee20145055fcb0e6329e73dd403cd4b0ff7f9b477d61afeca9941d3764e89e07
S3_s8_n0.5_b16,S3,8,0.5,16,full_without_pooling,0.515,1.5506334470047705,0.1531008969716844,1.3323926457070916,0.3330981614267721,0.9992944842803195,5,30,0.023209024220705032,124.46875,True,ee20145055fcb0e6329e73dd403cd4b0ff7f9b477d61afeca9941d3764e89e07
S3_s8_n0.5_b16,S3,8,0.5,16,full_without_retransport,0.20916666666666667,2.144463882108996,0.2167781913899433,1.3323926457070916,1.3323926457070916,0.0,6,30,0.02354104071855545,124.46875,True,ee20145055fcb0e6329e73dd403cd4b0ff7f9b477d61afeca9941d3764e89e07
S3_s8_n0.5_b16,S3,8,0.5,16,full_followed_by_distillation,0.16333333333333333,1.9631987912520048,0.16514808942116063,1.3323926457070916,1.161399170163893,0.17099347554319855,6,30,0.022207852452993393,124.46875,True,ee20145055fcb0e6329e73dd403cd4b0ff7f9b477d61afeca9941d3764e89e07
S3_s8_n0.5_b64,S3,8,0.5,64,context_blind_strict_synchronization,0.20916666666666667,2.144463882108996,0.2167781913899433,1.2988703460115572,1.2988703460115572,0.0,0,462,0.02466607838869095,124.46875,True,a612b8a03e05ddbf9098fe8dbcbef6d4487e95a5ad36b0c393d7a4c006da0b32
S3_s8_n0.5_b64,S3,8,0.5,64,group_retransport_without_hodge,0.5991666666666666,1.5338961034939325,0.20926766124389895,1.2988703460115572,0.0,1.2988703460115572,5,30,0.02350006252527237,124.46875,True,a612b8a03e05ddbf9098fe8dbcbef6d4487e95a5ad36b0c393d7a4c006da0b32
S3_s8_n0.5_b64,S3,8,0.5,64,weighted_hodge_without_low_rank,0.36833333333333335,1.6479698145085282,0.054382020423700626,1.2988703460115572,0.6494351730057786,0.6494351730057786,5,30,0.02191704697906971,124.46875,True,a612b8a03e05ddbf9098fe8dbcbef6d4487e95a5ad36b0c393d7a4c006da0b32
S3_s8_n0.5_b64,S3,8,0.5,64,generic_low_rank_residual_correction,0.19416666666666665,2.870521250333667,0.3799921027918544,1.2988703460115572,1.9606731917470712,-0.6618028457355141,2,462,0.02108304761350155,124.46875,True,a612b8a03e05ddbf9098fe8dbcbef6d4487e95a5ad36b0c393d7a4c006da0b32
S3_s8_n0.5_b64,S3,8,0.5,64,hodge_low_rank_generic_retransport,0.29833333333333334,1.8699392620509714,0.12805458473454534,1.2988703460115572,0.9803365958735356,0.31853375013802154,5,30,0.021167099475860596,124.46875,True,a612b8a03e05ddbf9098fe8dbcbef6d4487e95a5ad36b0c393d7a4c006da0b32
S3_s8_n0.5_b64,S3,8,0.5,64,group_retransport_without_low_rank,0.5991666666666666,1.5338961034939325,0.20926766124389895,1.2988703460115572,0.0,1.2988703460115572,5,462,0.022792024537920952,124.46875,True,a612b8a03e05ddbf9098fe8dbcbef6d4487e95a5ad36b0c393d7a4c006da0b32
S3_s8_n0.5_b64,S3,8,0.5,64,full_twistedmerge_hodge_lr,0.5991666666666666,1.5338961034939325,0.20926766124389898,1.2988703460115572,9.340278691381443e-16,1.2988703460115563,5,30,0.02295803278684616,124.46875,True,a612b8a03e05ddbf9098fe8dbcbef6d4487e95a5ad36b0c393d7a4c006da0b32
S3_s8_n0.5_b64,S3,8,0.5,64,full_random_group_law,0.35083333333333333,1.9038489207940177,0.09538144330823976,1.2988703460115572,1.2191987577210803,0.07967158829047682,5,30,0.023207860067486763,124.46875,True,a612b8a03e05ddbf9098fe8dbcbef6d4487e95a5ad36b0c393d7a4c006da0b32
S3_s8_n0.5_b64,S3,8,0.5,64,full_shuffled_generator_identities,0.16333333333333333,2.249877933497726,0.26261152472327665,1.2988703460115572,1.4706775469911086,-0.1718072009795515,6,30,0.023583881556987762,124.46875,True,a612b8a03e05ddbf9098fe8dbcbef6d4487e95a5ad36b0c393d7a4c006da0b32
S3_s8_n0.5_b64,S3,8,0.5,64,full_wrong_multiplication_order,0.175,2.185819125602994,0.25094485805661,1.2988703460115572,1.3438148025103662,-0.04494445649880907,5,30,0.023833010345697403,124.46875,True,a612b8a03e05ddbf9098fe8dbcbef6d4487e95a5ad36b0c393d7a4c006da0b32
S3_s8_n0.5_b64,S3,8,0.5,64,full_without_pooling,0.5358333333333334,1.5455031371620842,0.17941021780501976,1.2988703460115572,0.32471758650288923,0.9741527595086679,5,30,0.02395804040133953,124.46875,True,a612b8a03e05ddbf9098fe8dbcbef6d4487e95a5ad36b0c393d7a4c006da0b32
S3_s8_n0.5_b64,S3,8,0.5,64,full_without_retransport,0.20916666666666667,2.144463882108996,0.2167781913899433,1.2988703460115572,1.2988703460115572,0.0,6,30,0.0227498821914196,124.46875,True,a612b8a03e05ddbf9098fe8dbcbef6d4487e95a5ad36b0c393d7a4c006da0b32
S3_s8_n0.5_b64,S3,8,0.5,64,full_followed_by_distillation,0.1575,4.956446487503123,0.6102308141010884,1.2988703460115572,3.4581390384169857,-2.1592686924054285,6,30,0.023290980607271194,124.46875,True,a612b8a03e05ddbf9098fe8dbcbef6d4487e95a5ad36b0c393d7a4c006da0b32
S3_s9_n0.2_b16,S3,9,0.2,16,context_blind_strict_synchronization,0.21583333333333332,2.0738437406320442,0.20992954750583265,1.25176283427842,1.25176283427842,0.0,0,462,0.027165981009602547,124.46875,True,0de45a44305f6cba3560975a07dd4f1bb4b2425ccd59bda5127f99521334e25e
S3_s9_n0.2_b16,S3,9,0.2,16,group_retransport_without_hodge,0.8316666666666667,1.1458602385824694,0.40646513957635444,1.25176283427842,0.0,1.25176283427842,5,30,0.025084009394049644,124.46875,True,0de45a44305f6cba3560975a07dd4f1bb4b2425ccd59bda5127f99521334e25e
S3_s9_n0.2_b16,S3,9,0.2,16,weighted_hodge_without_low_rank,0.4666666666666667,1.4316497795958745,0.1517997316332482,1.25176283427842,0.62588141713921,0.62588141713921,5,30,0.023292144760489464,124.46875,True,0de45a44305f6cba3560975a07dd4f1bb4b2425ccd59bda5127f99521334e25e
S3_s9_n0.2_b16,S3,9,0.2,16,generic_low_rank_residual_correction,0.21,2.1225402902675725,0.22428685928942754,1.25176283427842,1.2864791563225328,-0.0347163220441129,2,462,0.024250010028481483,124.46875,True,0de45a44305f6cba3560975a07dd4f1bb4b2425ccd59bda5127f99521334e25e
S3_s9_n0.2_b16,S3,9,0.2,16,hodge_low_rank_generic_retransport,0.445,1.4497991246439066,0.10625073912534286,1.25176283427842,0.6432395781612665,0.6085232561171534,5,30,0.02400018274784088,124.46875,True,0de45a44305f6cba3560975a07dd4f1bb4b2425ccd59bda5127f99521334e25e
S3_s9_n0.2_b16,S3,9,0.2,16,group_retransport_without_low_rank,0.8316666666666667,1.1458602385824694,0.40646513957635444,1.25176283427842,0.0,1.25176283427842,5,462,0.024750130251049995,124.46875,True,0de45a44305f6cba3560975a07dd4f1bb4b2425ccd59bda5127f99521334e25e
S3_s9_n0.2_b16,S3,9,0.2,16,full_twistedmerge_hodge_lr,0.8316666666666667,1.1458602385824694,0.40646513957635444,1.25176283427842,6.165284670843733e-16,1.2517628342784193,5,30,0.024416949599981308,124.46875,True,0de45a44305f6cba3560975a07dd4f1bb4b2425ccd59bda5127f99521334e25e
S3_s9_n0.2_b16,S3,9,0.2,16,full_random_group_law,0.16916666666666666,2.136410672666402,0.25659621417249934,1.25176283427842,1.2902105122528174,-0.03844767797439741,5,30,0.024624867364764214,124.46875,True,0de45a44305f6cba3560975a07dd4f1bb4b2425ccd59bda5127f99521334e25e
S3_s9_n0.2_b16,S3,9,0.2,16,full_shuffled_generator_identities,0.15333333333333332,2.184475485092423,0.27242954750583265,1.25176283427842,1.3903751432291804,-0.1386123089507605,6,30,0.023790867999196053,124.46875,True,0de45a44305f6cba3560975a07dd4f1bb4b2425ccd59bda5127f99521334e25e
S3_s9_n0.2_b16,S3,9,0.2,16,full_wrong_multiplication_order,0.15833333333333333,2.205114413148072,0.26742954750583264,1.25176283427842,1.3030584578754878,-0.05129562359706785,5,30,0.02400018274784088,124.46875,True,0de45a44305f6cba3560975a07dd4f1bb4b2425ccd59bda5127f99521334e25e
S3_s9_n0.2_b16,S3,9,0.2,16,full_without_pooling,0.7341666666666666,1.246651975905259,0.36814467000504975,1.25176283427842,0.31294070856960493,0.938822125708815,5,30,0.02329191192984581,124.46875,True,0de45a44305f6cba3560975a07dd4f1bb4b2425ccd59bda5127f99521334e25e
S3_s9_n0.2_b16,S3,9,0.2,16,full_without_retransport,0.21583333333333332,2.0738437406320442,0.20992954750583265,1.25176283427842,1.25176283427842,0.0,6,30,0.022958964109420776,124.46875,True,0de45a44305f6cba3560975a07dd4f1bb4b2425ccd59bda5127f99521334e25e
S3_s9_n0.2_b16,S3,9,0.2,16,full_followed_by_distillation,0.17416666666666666,1.936521904771638,0.1412766638786513,1.25176283427842,1.120916099392039,0.13084673488638088,6,30,0.019999919459223747,124.46875,True,0de45a44305f6cba3560975a07dd4f1bb4b2425ccd59bda5127f99521334e25e
S3_s9_n0.2_b64,S3,9,0.2,64,context_blind_strict_synchronization,0.21583333333333332,2.0738437406320442,0.20992954750583265,1.2493455220848102,1.2493455220848102,0.0,0,462,0.024041160941123962,124.46875,True,d23e079a79af077a8ed6a7078af0f777c49a04bf36957602a52bbb7dc334c1c0
S3_s9_n0.2_b64,S3,9,0.2,64,group_retransport_without_hodge,0.8533333333333334,1.1270846063501303,0.42757045249416725,1.2493455220848102,0.0,1.2493455220848102,5,30,0.022582942619919777,124.46875,True,d23e079a79af077a8ed6a7078af0f777c49a04bf36957602a52bbb7dc334c1c0
S3_s9_n0.2_b64,S3,9,0.2,64,weighted_hodge_without_low_rank,0.4708333333333333,1.4239724631034463,0.1529567383276403,1.2493455220848102,0.6246727610424051,0.6246727610424051,5,30,0.020458130165934563,124.46875,True,d23e079a79af077a8ed6a7078af0f777c49a04bf36957602a52bbb7dc334c1c0
S3_s9_n0.2_b64,S3,9,0.2,64,generic_low_rank_residual_correction,0.18416666666666667,3.454448988376771,0.44174802166543015,1.2493455220848102,2.448267595590672,-1.1989220735058617,2,462,0.02291589044034481,124.46875,True,d23e079a79af077a8ed6a7078af0f777c49a04bf36957602a52bbb7dc334c1c0
S3_s9_n0.2_b64,S3,9,0.2,64,hodge_low_rank_generic_retransport,0.305,1.8834375674146129,0.16502484765275793,1.2493455220848102,1.224133797795336,0.02521172428947427,5,30,0.02295803278684616,124.46875,True,d23e079a79af077a8ed6a7078af0f777c49a04bf36957602a52bbb7dc334c1c0
S3_s9_n0.2_b64,S3,9,0.2,64,group_retransport_without_low_rank,0.8533333333333334,1.1270846063501303,0.42757045249416725,1.2493455220848102,0.0,1.2493455220848102,5,462,0.022582942619919777,124.46875,True,d23e079a79af077a8ed6a7078af0f777c49a04bf36957602a52bbb7dc334c1c0
S3_s9_n0.2_b64,S3,9,0.2,64,full_twistedmerge_hodge_lr,0.8533333333333334,1.12708460635013,0.42757045249416725,1.2493455220848102,3.747146727260468e-16,1.2493455220848098,5,30,0.022582942619919777,124.46875,True,d23e079a79af077a8ed6a7078af0f777c49a04bf36957602a52bbb7dc334c1c0
S3_s9_n0.2_b64,S3,9,0.2,64,full_random_group_law,0.13666666666666666,2.2470625365373733,0.28909621417249937,1.2493455220848102,1.3197021770580053,-0.0703566549731951,5,30,0.022541964426636696,124.46875,True,d23e079a79af077a8ed6a7078af0f777c49a04bf36957602a52bbb7dc334c1c0
S3_s9_n0.2_b64,S3,9,0.2,64,full_shuffled_generator_identities,0.17,2.1686754491148665,0.25711127604472606,1.2493455220848102,1.3793289570027856,-0.12998343491797537,6,30,0.023250002413988113,124.46875,True,d23e079a79af077a8ed6a7078af0f777c49a04bf36957602a52bbb7dc334c1c0
S3_s9_n0.2_b64,S3,9,0.2,64,full_wrong_multiplication_order,0.15833333333333333,2.205114413148072,0.26742954750583264,1.2493455220848102,1.3132750799053037,-0.06392955782049348,5,30,0.021582935005426407,124.46875,True,d23e079a79af077a8ed6a7078af0f777c49a04bf36957602a52bbb7dc334c1c0
S3_s9_n0.2_b64,S3,9,0.2,64,full_without_pooling,0.75,1.234067733349077,0.3820857909905913,1.2493455220848102,0.31233638052120255,0.9370091415636077,5,30,0.022249994799494743,124.46875,True,d23e079a79af077a8ed6a7078af0f777c49a04bf36957602a52bbb7dc334c1c0
S3_s9_n0.2_b64,S3,9,0.2,64,full_without_retransport,0.21583333333333332,2.0738437406320442,0.20992954750583262,1.2493455220848102,1.2493455220848102,0.0,6,30,0.022250227630138397,124.46875,True,d23e079a79af077a8ed6a7078af0f777c49a04bf36957602a52bbb7dc334c1c0
S3_s9_n0.2_b64,S3,9,0.2,64,full_followed_by_distillation,0.16333333333333333,5.102846338286361,0.5906399436316827,1.2493455220848102,3.5932105602614435,-2.3438650381766335,6,30,0.02191588282585144,124.46875,True,d23e079a79af077a8ed6a7078af0f777c49a04bf36957602a52bbb7dc334c1c0
S3_s9_n0.5_b16,S3,9,0.5,16,context_blind_strict_synchronization,0.21583333333333332,2.0738437406320442,0.20992954750583265,1.2923467726071858,1.2923467726071858,0.0,0,462,0.024707987904548645,124.46875,True,e2986408d3cd49d4a76a4fde01698e4c53d908e4ae8a18548e4d4212104f5d7e
S3_s9_n0.5_b16,S3,9,0.5,16,group_retransport_without_hodge,0.5933333333333334,1.542728201803566,0.18971003266329223,1.2923467726071858,0.0,1.2923467726071858,5,30,0.022666994482278824,124.46875,True,e2986408d3cd49d4a76a4fde01698e4c53d908e4ae8a18548e4d4212104f5d7e
S3_s9_n0.5_b16,S3,9,0.5,16,weighted_hodge_without_low_rank,0.3616666666666667,1.617865552852566,0.05932214523174363,1.2923467726071858,0.6461733863035929,0.6461733863035929,5,30,0.02087489701807499,124.46875,True,e2986408d3cd49d4a76a4fde01698e4c53d908e4ae8a18548e4d4212104f5d7e
S3_s9_n0.5_b16,S3,9,0.5,16,generic_low_rank_residual_correction,0.2075,2.1193877756898396,0.2268619221006728,1.2923467726071858,1.304668064038728,-0.012321291431542258,2,462,0.021957792341709137,124.46875,True,e2986408d3cd49d4a76a4fde01698e4c53d908e4ae8a18548e4d4212104f5d7e
S3_s9_n0.5_b16,S3,9,0.5,16,hodge_low_rank_generic_retransport,0.3491666666666667,1.63991810746651,0.024778043213943685,1.2923467726071858,0.652334032019364,0.6400127405878218,5,30,0.02229190431535244,124.46875,True,e2986408d3cd49d4a76a4fde01698e4c53d908e4ae8a18548e4d4212104f5d7e
S3_s9_n0.5_b16,S3,9,0.5,16,group_retransport_without_low_rank,0.5933333333333334,1.542728201803566,0.18971003266329223,1.2923467726071858,0.0,1.2923467726071858,5,462,0.0227498821914196,124.46875,True,e2986408d3cd49d4a76a4fde01698e4c53d908e4ae8a18548e4d4212104f5d7e
S3_s9_n0.5_b16,S3,9,0.5,16,full_twistedmerge_hodge_lr,0.5933333333333334,1.542728201803566,0.18971003266329228,1.2923467726071858,1.039448859904098e-15,1.2923467726071847,5,30,0.021875137463212013,124.46875,True,e2986408d3cd49d4a76a4fde01698e4c53d908e4ae8a18548e4d4212104f5d7e
S3_s9_n0.5_b16,S3,9,0.5,16,full_random_group_law,0.16916666666666666,2.136410672666402,0.25659621417249934,1.2923467726071858,1.279704945235091,0.012641827372094738,5,30,0.023583881556987762,124.46875,True,e2986408d3cd49d4a76a4fde01698e4c53d908e4ae8a18548e4d4212104f5d7e
S3_s9_n0.5_b16,S3,9,0.5,16,full_shuffled_generator_identities,0.18083333333333335,2.12623534646296,0.2449295475058326,1.2923467726071858,1.3883606589092383,-0.09601388630205254,6,30,0.022875145077705383,124.46875,True,e2986408d3cd49d4a76a4fde01698e4c53d908e4ae8a18548e4d4212104f5d7e
S3_s9_n0.5_b16,S3,9,0.5,16,full_wrong_multiplication_order,0.15833333333333333,2.205114413148072,0.26742954750583264,1.2923467726071858,1.2889761130361779,0.0033706595710079057,5,30,0.023999949917197227,124.46875,True,e2986408d3cd49d4a76a4fde01698e4c53d908e4ae8a18548e4d4212104f5d7e
S3_s9_n0.5_b16,S3,9,0.5,16,full_without_pooling,0.5275,1.5353480775667385,0.17051194638384182,1.2923467726071858,0.3230866931517966,0.9692600794553892,5,30,0.0227498821914196,124.46875,True,e2986408d3cd49d4a76a4fde01698e4c53d908e4ae8a18548e4d4212104f5d7e
S3_s9_n0.5_b16,S3,9,0.5,16,full_without_retransport,0.21583333333333332,2.0738437406320442,0.20992954750583265,1.2923467726071858,1.2923467726071858,0.0,6,30,0.023374799638986588,124.46875,True,e2986408d3cd49d4a76a4fde01698e4c53d908e4ae8a18548e4d4212104f5d7e
S3_s9_n0.5_b16,S3,9,0.5,16,full_followed_by_distillation,0.17416666666666666,1.936521904771638,0.1412766638786513,1.2923467726071858,1.1130152820876191,0.17933149051956665,6,30,0.020083971321582794,124.46875,True,e2986408d3cd49d4a76a4fde01698e4c53d908e4ae8a18548e4d4212104f5d7e
S3_s9_n0.5_b64,S3,9,0.5,64,context_blind_strict_synchronization,0.21583333333333332,2.0738437406320442,0.20992954750583265,1.306745546710359,1.306745546710359,0.0,0,462,0.025208108127117157,124.46875,True,0e253ed2ba0fa23c28c9ddad52045375c6fd6fc71fe81b9520a80f7ae04a22a3
S3_s9_n0.5_b64,S3,9,0.5,64,group_retransport_without_hodge,0.5733333333333334,1.5422269832713478,0.1652067374074373,1.306745546710359,0.0,1.306745546710359,5,30,0.02254103310406208,124.46875,True,0e253ed2ba0fa23c28c9ddad52045375c6fd6fc71fe81b9520a80f7ae04a22a3
S3_s9_n0.5_b64,S3,9,0.5,64,weighted_hodge_without_low_rank,0.375,1.6141213812037514,0.06897676436804341,1.306745546710359,0.6533727733551795,0.6533727733551795,5,30,0.020416919142007828,124.46875,True,0e253ed2ba0fa23c28c9ddad52045375c6fd6fc71fe81b9520a80f7ae04a22a3
S3_s9_n0.5_b64,S3,9,0.5,64,generic_low_rank_residual_correction,0.18166666666666667,3.6287491818966435,0.46760632785449235,1.306745546710359,2.567624356045414,-1.260878809335055,2,462,0.021791085600852966,124.46875,True,0e253ed2ba0fa23c28c9ddad52045375c6fd6fc71fe81b9520a80f7ae04a22a3
S3_s9_n0.5_b64,S3,9,0.5,64,hodge_low_rank_generic_retransport,0.26666666666666666,2.158656912984167,0.22416683525559375,1.306745546710359,1.283812178022707,0.022933368687652056,5,30,0.021541956812143326,124.46875,True,0e253ed2ba0fa23c28c9ddad52045375c6fd6fc71fe81b9520a80f7ae04a22a3
S3_s9_n0.5_b64,S3,9,0.5,64,group_retransport_without_low_rank,0.5733333333333334,1.5422269832713478,0.1652067374074373,1.306745546710359,0.0,1.306745546710359,5,462,0.022416934370994568,124.46875,True,0e253ed2ba0fa23c28c9ddad52045375c6fd6fc71fe81b9520a80f7ae04a22a3
S3_s9_n0.5_b64,S3,9,0.5,64,full_twistedmerge_hodge_lr,0.5733333333333334,1.5422269832713478,0.1652067374074373,1.306745546710359,6.200634434454588e-16,1.3067455467103584,5,30,0.022750115022063255,124.46875,True,0e253ed2ba0fa23c28c9ddad52045375c6fd6fc71fe81b9520a80f7ae04a22a3
S3_s9_n0.5_b64,S3,9,0.5,64,full_random_group_law,0.13666666666666666,2.2470625365373733,0.28909621417249937,1.306745546710359,1.3213694273307006,-0.01462388062034159,5,30,0.023042084649205208,124.46875,True,0e253ed2ba0fa23c28c9ddad52045375c6fd6fc71fe81b9520a80f7ae04a22a3
S3_s9_n0.5_b64,S3,9,0.5,64,full_shuffled_generator_identities,0.17416666666666666,2.190846765981626,0.25294460937805935,1.306745546710359,1.40311038290871,-0.0963648361983509,6,30,0.023416010662913322,124.46875,True,0e253ed2ba0fa23c28c9ddad52045375c6fd6fc71fe81b9520a80f7ae04a22a3
S3_s9_n0.5_b64,S3,9,0.5,64,full_wrong_multiplication_order,0.15833333333333333,2.205114413148072,0.26742954750583264,1.306745546710359,1.3068499174211723,-0.00010437071081326188,5,30,0.022041145712137222,124.46875,True,0e253ed2ba0fa23c28c9ddad52045375c6fd6fc71fe81b9520a80f7ae04a22a3
S3_s9_n0.5_b64,S3,9,0.5,64,full_without_pooling,0.5133333333333333,1.533179225832275,0.1539750899035871,1.306745546710359,0.32668638667758987,0.9800591600327692,5,30,0.022124964743852615,124.46875,True,0e253ed2ba0fa23c28c9ddad52045375c6fd6fc71fe81b9520a80f7ae04a22a3
S3_s9_n0.5_b64,S3,9,0.5,64,full_without_retransport,0.21583333333333332,2.0738437406320442,0.20992954750583265,1.306745546710359,1.306745546710359,0.0,6,30,0.02170889638364315,124.46875,True,0e253ed2ba0fa23c28c9ddad52045375c6fd6fc71fe81b9520a80f7ae04a22a3
S3_s9_n0.5_b64,S3,9,0.5,64,full_followed_by_distillation,0.16333333333333333,5.102846338286361,0.5906399436316827,1.306745546710359,3.5891323302151066,-2.2823867835047476,6,30,0.022042077034711838,124.46875,True,0e253ed2ba0fa23c28c9ddad52045375c6fd6fc71fe81b9520a80f7ae04a22a3
D4_s0_n0.2_b16,D4,0,0.2,16,context_blind_strict_synchronization,0.17833333333333334,2.41101782427526,0.18574872302251724,1.3304293196059798,1.3304293196059798,0.0,0,648,0.010875053703784943,124.46875,True,328eebb0e3cb4b7b8ca6c1bd7ddfccea67fc66724341237f7f5ce50c4d7f76cd
D4_s0_n0.2_b16,D4,0,0.2,16,group_retransport_without_hodge,0.8308333333333333,1.34041390487264,0.46847740038757163,1.3304293196059798,0.0,1.3304293196059798,7,56,0.008584000170230865,124.46875,True,328eebb0e3cb4b7b8ca6c1bd7ddfccea67fc66724341237f7f5ce50c4d7f76cd
D4_s0_n0.2_b16,D4,0,0.2,16,weighted_hodge_without_low_rank,0.4191666666666667,1.6722402155895175,0.16517533714705251,1.3304293196059798,0.6652146598029899,0.6652146598029899,7,56,0.008917180821299553,124.46875,True,328eebb0e3cb4b7b8ca6c1bd7ddfccea67fc66724341237f7f5ce50c4d7f76cd
D4_s0_n0.2_b16,D4,0,0.2,16,generic_low_rank_residual_correction,0.1525,2.4158411663928043,0.2117692717629355,1.3304293196059798,1.319879123625648,0.0105501959803318,2,648,0.00837491825222969,124.46875,True,328eebb0e3cb4b7b8ca6c1bd7ddfccea67fc66724341237f7f5ce50c4d7f76cd
D4_s0_n0.2_b16,D4,0,0.2,16,hodge_low_rank_generic_retransport,0.4141666666666667,1.6773028690967136,0.1426230911725935,1.3304293196059798,0.659939561812824,0.6704897577931558,7,56,0.00900006853044033,124.46875,True,328eebb0e3cb4b7b8ca6c1bd7ddfccea67fc66724341237f7f5ce50c4d7f76cd
D4_s0_n0.2_b16,D4,0,0.2,16,group_retransport_without_low_rank,0.8308333333333333,1.34041390487264,0.46847740038757163,1.3304293196059798,0.0,1.3304293196059798,7,648,0.008875038474798203,124.46875,True,328eebb0e3cb4b7b8ca6c1bd7ddfccea67fc66724341237f7f5ce50c4d7f76cd
D4_s0_n0.2_b16,D4,0,0.2,16,full_twistedmerge_hodge_lr,0.8308333333333333,1.34041390487264,0.46847740038757163,1.3304293196059798,1.0768740644504666e-15,1.3304293196059787,7,56,0.00937492586672306,124.46875,True,328eebb0e3cb4b7b8ca6c1bd7ddfccea67fc66724341237f7f5ce50c4d7f76cd
D4_s0_n0.2_b16,D4,0,0.2,16,full_random_group_law,0.0,2.6871096836369603,0.36235593294576174,1.3304293196059798,1.4075180993690786,-0.0770887797630988,7,56,0.008750008419156075,124.46875,True,328eebb0e3cb4b7b8ca6c1bd7ddfccea67fc66724341237f7f5ce50c4d7f76cd
D4_s0_n0.2_b16,D4,0,0.2,16,full_shuffled_generator_identities,0.14,2.519478504509531,0.22235593294576178,1.3304293196059798,1.4434447798326213,-0.11301546022664155,8,56,0.008791917935013771,124.46875,True,328eebb0e3cb4b7b8ca6c1bd7ddfccea67fc66724341237f7f5ce50c4d7f76cd
D4_s0_n0.2_b16,D4,0,0.2,16,full_wrong_multiplication_order,0.14833333333333334,2.4418342225011678,0.21402259961242842,1.3304293196059798,1.3449655433922023,-0.014536223786222546,7,56,0.00916607677936554,124.46875,True,328eebb0e3cb4b7b8ca6c1bd7ddfccea67fc66724341237f7f5ce50c4d7f76cd
D4_s0_n0.2_b16,D4,0,0.2,16,full_without_pooling,0.7158333333333333,1.4580086747940209,0.4123213887957758,1.3304293196059798,0.33260732990149505,0.9978219897044847,7,56,0.00937492586672306,124.46875,True,328eebb0e3cb4b7b8ca6c1bd7ddfccea67fc66724341237f7f5ce50c4d7f76cd
D4_s0_n0.2_b16,D4,0,0.2,16,full_without_retransport,0.17833333333333334,2.41101782427526,0.18574872302251727,1.3304293196059798,1.3304293196059798,0.0,8,56,0.010249903425574303,124.46875,True,328eebb0e3cb4b7b8ca6c1bd7ddfccea67fc66724341237f7f5ce50c4d7f76cd
D4_s0_n0.2_b16,D4,0,0.2,16,full_followed_by_distillation,0.135,2.211889595327577,0.11367850167341838,1.3304293196059798,1.1241022342656644,0.2063270853403154,8,56,0.008624978363513947,124.46875,True,328eebb0e3cb4b7b8ca6c1bd7ddfccea67fc66724341237f7f5ce50c4d7f76cd
D4_s0_n0.2_b64,D4,0,0.2,64,context_blind_strict_synchronization,0.17833333333333334,2.41101782427526,0.18574872302251724,1.3139054696955241,1.3139054696955241,0.0,0,648,0.00954093411564827,124.46875,True,8b23b641cef203b5a4939c7152ea2495b4696c0397704014a734d8f70f1bfd65
D4_s0_n0.2_b64,D4,0,0.2,64,group_retransport_without_hodge,0.825,1.344093774075057,0.46402948134892075,1.3139054696955241,0.0,1.3139054696955241,7,56,0.008750008419156075,124.46875,True,8b23b641cef203b5a4939c7152ea2495b4696c0397704014a734d8f70f1bfd65
D4_s0_n0.2_b64,D4,0,0.2,64,weighted_hodge_without_low_rank,0.4175,1.6782167848877425,0.1606156598008842,1.3139054696955241,0.6569527348477621,0.6569527348477621,7,56,0.008833128958940506,124.46875,True,8b23b641cef203b5a4939c7152ea2495b4696c0397704014a734d8f70f1bfd65
D4_s0_n0.2_b64,D4,0,0.2,64,generic_low_rank_residual_correction,0.1325,2.797099834494288,0.31907457209493406,1.3139054696955241,1.6637363660519924,-0.34983089635646825,2,648,0.008666887879371643,124.46875,True,8b23b641cef203b5a4939c7152ea2495b4696c0397704014a734d8f70f1bfd65
D4_s0_n0.2_b64,D4,0,0.2,64,hodge_low_rank_generic_retransport,0.3375,1.7937590057024269,0.03891423004953593,1.3139054696955241,0.8318681830259959,0.4820372866695283,7,56,0.009082956239581108,124.46875,True,8b23b641cef203b5a4939c7152ea2495b4696c0397704014a734d8f70f1bfd65
D4_s0_n0.2_b64,D4,0,0.2,64,group_retransport_without_low_rank,0.825,1.344093774075057,0.46402948134892075,1.3139054696955241,0.0,1.3139054696955241,7,648,0.008542090654373169,124.46875,True,8b23b641cef203b5a4939c7152ea2495b4696c0397704014a734d8f70f1bfd65
D4_s0_n0.2_b64,D4,0,0.2,64,full_twistedmerge_hodge_lr,0.825,1.344093774075057,0.46402948134892075,1.3139054696955241,9.717296554515315e-16,1.3139054696955232,7,56,0.008666887879371643,124.46875,True,8b23b641cef203b5a4939c7152ea2495b4696c0397704014a734d8f70f1bfd65
D4_s0_n0.2_b64,D4,0,0.2,64,full_random_group_law,0.10833333333333334,2.6264009674245172,0.25402259961242846,1.3139054696955241,1.3912316273176972,-0.0773261576221731,7,56,0.008708098903298378,124.46875,True,8b23b641cef203b5a4939c7152ea2495b4696c0397704014a734d8f70f1bfd65
D4_s0_n0.2_b64,D4,0,0.2,64,full_shuffled_generator_identities,0.09833333333333333,2.524763691090922,0.2643038519844127,1.3139054696955241,1.4382107459521927,-0.12430527625666854,8,56,0.010165851563215256,124.46875,True,8b23b641cef203b5a4939c7152ea2495b4696c0397704014a734d8f70f1bfd65
D4_s0_n0.2_b64,D4,0,0.2,64,full_wrong_multiplication_order,0.14833333333333334,2.4418342225011678,0.21402259961242842,1.3139054696955241,1.3307508695016483,-0.016845399806124206,7,56,0.01337495632469654,124.46875,True,8b23b641cef203b5a4939c7152ea2495b4696c0397704014a734d8f70f1bfd65
D4_s0_n0.2_b64,D4,0,0.2,64,full_without_pooling,0.7125,1.4639235803708297,0.40778824323406737,1.3139054696955241,0.32847636742388064,0.9854291022716435,7,56,0.010499963536858559,124.46875,True,8b23b641cef203b5a4939c7152ea2495b4696c0397704014a734d8f70f1bfd65
D4_s0_n0.2_b64,D4,0,0.2,64,full_without_retransport,0.17833333333333334,2.41101782427526,0.18574872302251724,1.3139054696955241,1.3139054696955237,4.440892098500626e-16,8,56,0.009750016033649445,124.46875,True,8b23b641cef203b5a4939c7152ea2495b4696c0397704014a734d8f70f1bfd65
D4_s0_n0.2_b64,D4,0,0.2,64,full_followed_by_distillation,0.13833333333333334,5.237620745071139,0.5858236659200515,1.3139054696955241,3.5153111543390425,-2.201405684643518,8,56,0.009665964171290398,124.46875,True,8b23b641cef203b5a4939c7152ea2495b4696c0397704014a734d8f70f1bfd65
D4_s0_n0.5_b16,D4,0,0.5,16,context_blind_strict_synchronization,0.17833333333333334,2.41101782427526,0.18574872302251724,1.3082271545987316,1.3082271545987316,0.0,0,648,0.009833136573433876,124.46875,True,bf3a3e4ed23548aef3674eb51d2819144e00d4b48ffe8f4e9052af9b443ca615
D4_s0_n0.5_b16,D4,0,0.5,16,group_retransport_without_hodge,0.5391666666666667,1.8427297079197194,0.19566276795086066,1.3082271545987316,0.0,1.3082271545987316,7,56,0.008333008736371994,124.46875,True,bf3a3e4ed23548aef3674eb51d2819144e00d4b48ffe8f4e9052af9b443ca615
D4_s0_n0.5_b16,D4,0,0.5,16,weighted_hodge_without_low_rank,0.2975,1.928965852365834,0.04294257146536182,1.3082271545987316,0.6541135772993656,0.654113577299366,7,56,0.00895792618393898,124.46875,True,bf3a3e4ed23548aef3674eb51d2819144e00d4b48ffe8f4e9052af9b443ca615
D4_s0_n0.5_b16,D4,0,0.5,16,generic_low_rank_residual_correction,0.15083333333333335,2.4183528837370045,0.21387705861072245,1.3082271545987316,1.305376342557101,0.0028508120416306237,2,648,0.008750008419156075,124.46875,True,bf3a3e4ed23548aef3674eb51d2819144e00d4b48ffe8f4e9052af9b443ca615
D4_s0_n0.5_b16,D4,0,0.5,16,hodge_low_rank_generic_retransport,0.2966666666666667,1.9335549389532594,0.027044283082950225,1.3082271545987316,0.6526881712785507,0.6555389833201809,7,56,0.008875038474798203,124.46875,True,bf3a3e4ed23548aef3674eb51d2819144e00d4b48ffe8f4e9052af9b443ca615
D4_s0_n0.5_b16,D4,0,0.5,16,group_retransport_without_low_rank,0.5391666666666667,1.8427297079197194,0.19566276795086066,1.3082271545987316,0.0,1.3082271545987316,7,648,0.008750008419156075,124.46875,True,bf3a3e4ed23548aef3674eb51d2819144e00d4b48ffe8f4e9052af9b443ca615
D4_s0_n0.5_b16,D4,0,0.5,16,full_twistedmerge_hodge_lr,0.5391666666666667,1.8427297079197191,0.1956627679508607,1.3082271545987316,1.158706706135161e-15,1.3082271545987305,7,56,0.009124865755438805,124.46875,True,bf3a3e4ed23548aef3674eb51d2819144e00d4b48ffe8f4e9052af9b443ca615
D4_s0_n0.5_b16,D4,0,0.5,16,full_random_group_law,0.0,2.6871096836369603,0.36235593294576174,1.3082271545987316,1.3858148045612138,-0.07758764996248213,7,56,0.008791917935013771,124.46875,True,bf3a3e4ed23548aef3674eb51d2819144e00d4b48ffe8f4e9052af9b443ca615
D4_s0_n0.5_b16,D4,0,0.5,16,full_shuffled_generator_identities,0.12,2.565402657405626,0.2423559329457618,1.3082271545987316,1.4502920266595543,-0.14206487206082263,8,56,0.009125098586082458,124.46875,True,bf3a3e4ed23548aef3674eb51d2819144e00d4b48ffe8f4e9052af9b443ca615
D4_s0_n0.5_b16,D4,0,0.5,16,full_wrong_multiplication_order,0.14833333333333334,2.4418342225011678,0.21402259961242842,1.3082271545987316,1.3339912507749139,-0.02576409617618225,7,56,0.008750008419156075,124.46875,True,bf3a3e4ed23548aef3674eb51d2819144e00d4b48ffe8f4e9052af9b443ca615
D4_s0_n0.5_b16,D4,0,0.5,16,full_without_pooling,0.4716666666666667,1.8387251925491288,0.17045183944645337,1.3082271545987316,0.32705678864968324,0.9811703659490484,7,56,0.008834060281515121,124.46875,True,bf3a3e4ed23548aef3674eb51d2819144e00d4b48ffe8f4e9052af9b443ca615
D4_s0_n0.5_b16,D4,0,0.5,16,full_without_retransport,0.17833333333333334,2.41101782427526,0.18574872302251724,1.3082271545987316,1.3082271545987316,0.0,8,56,0.009832903742790222,124.46875,True,bf3a3e4ed23548aef3674eb51d2819144e00d4b48ffe8f4e9052af9b443ca615
D4_s0_n0.5_b16,D4,0,0.5,16,full_followed_by_distillation,0.135,2.211889595327577,0.11367850167341838,1.3082271545987316,1.1256249116715737,0.18260224292715788,8,56,0.009167008101940155,124.46875,True,bf3a3e4ed23548aef3674eb51d2819144e00d4b48ffe8f4e9052af9b443ca615
D4_s0_n0.5_b64,D4,0,0.5,64,context_blind_strict_synchronization,0.17833333333333334,2.41101782427526,0.18574872302251724,1.3351509296483908,1.3351509296483908,0.0,0,648,0.011083902791142464,124.46875,True,0d6917dbb9cac67f4b585628a73f34bb7e63f73ce424f12c29f26a688a16d6a7
D4_s0_n0.5_b64,D4,0,0.5,64,group_retransport_without_hodge,0.5866666666666667,1.758845388577516,0.25162398304774974,1.3351509296483908,0.0,1.3351509296483908,7,56,0.008624978363513947,124.46875,True,0d6917dbb9cac67f4b585628a73f34bb7e63f73ce424f12c29f26a688a16d6a7
D4_s0_n0.5_b64,D4,0,0.5,64,weighted_hodge_without_low_rank,0.3225,1.8800223925901411,0.0719697412967455,1.3351509296483908,0.6675754648241952,0.6675754648241956,7,56,0.009082956239581108,124.46875,True,0d6917dbb9cac67f4b585628a73f34bb7e63f73ce424f12c29f26a688a16d6a7
D4_s0_n0.5_b64,D4,0,0.5,64,generic_low_rank_residual_correction,0.14166666666666666,2.880997259529539,0.3204752919836505,1.3351509296483908,1.7381950560695116,-0.40304412642112086,2,648,0.008667120710015297,124.46875,True,0d6917dbb9cac67f4b585628a73f34bb7e63f73ce424f12c29f26a688a16d6a7
D4_s0_n0.5_b64,D4,0,0.5,64,hodge_low_rank_generic_retransport,0.25166666666666665,2.028188167569137,0.08202300450636144,1.3351509296483908,0.8690975280347558,0.46605340161363495,7,56,0.008832896128296852,124.46875,True,0d6917dbb9cac67f4b585628a73f34bb7e63f73ce424f12c29f26a688a16d6a7
D4_s0_n0.5_b64,D4,0,0.5,64,group_retransport_without_low_rank,0.5866666666666667,1.758845388577516,0.25162398304774974,1.3351509296483908,0.0,1.3351509296483908,7,648,0.008207978680729866,124.46875,True,0d6917dbb9cac67f4b585628a73f34bb7e63f73ce424f12c29f26a688a16d6a7
D4_s0_n0.5_b64,D4,0,0.5,64,full_twistedmerge_hodge_lr,0.5866666666666667,1.758845388577516,0.25162398304774974,1.3351509296483908,8.284855339652228e-16,1.3351509296483899,7,56,0.008416827768087387,124.46875,True,0d6917dbb9cac67f4b585628a73f34bb7e63f73ce424f12c29f26a688a16d6a7
D4_s0_n0.5_b64,D4,0,0.5,64,full_random_group_law,0.10833333333333334,2.6264009674245172,0.25402259961242846,1.3351509296483908,1.3626834635484997,-0.027532533900108902,7,56,0.008750008419156075,124.46875,True,0d6917dbb9cac67f4b585628a73f34bb7e63f73ce424f12c29f26a688a16d6a7
D4_s0_n0.5_b64,D4,0,0.5,64,full_shuffled_generator_identities,0.12083333333333333,2.464179667857313,0.24152259961242845,1.3351509296483908,1.4274099987819353,-0.09225906913354454,8,56,0.008624978363513947,124.46875,True,0d6917dbb9cac67f4b585628a73f34bb7e63f73ce424f12c29f26a688a16d6a7
D4_s0_n0.5_b64,D4,0,0.5,64,full_wrong_multiplication_order,0.14833333333333334,2.4418342225011678,0.21402259961242842,1.3351509296483908,1.3252714696779813,0.00987945997040951,7,56,0.008458038792014122,124.46875,True,0d6917dbb9cac67f4b585628a73f34bb7e63f73ce424f12c29f26a688a16d6a7
D4_s0_n0.5_b64,D4,0,0.5,64,full_without_pooling,0.5083333333333333,1.7710639431652748,0.21014373424585647,1.3351509296483908,0.33378773241209747,1.0013631972362933,7,56,0.008333008736371994,124.46875,True,0d6917dbb9cac67f4b585628a73f34bb7e63f73ce424f12c29f26a688a16d6a7
D4_s0_n0.5_b64,D4,0,0.5,64,full_without_retransport,0.17833333333333334,2.41101782427526,0.18574872302251724,1.3351509296483908,1.3351509296483908,0.0,8,56,0.008458970114588737,124.46875,True,0d6917dbb9cac67f4b585628a73f34bb7e63f73ce424f12c29f26a688a16d6a7
D4_s0_n0.5_b64,D4,0,0.5,64,full_followed_by_distillation,0.13833333333333334,5.237620745071139,0.5858236659200515,1.3351509296483908,3.514427377591988,-2.179276447943597,8,56,0.009041046723723412,124.46875,True,0d6917dbb9cac67f4b585628a73f34bb7e63f73ce424f12c29f26a688a16d6a7
D4_s1_n0.2_b16,D4,1,0.2,16,context_blind_strict_synchronization,0.18083333333333335,2.4647498577293656,0.1935144198313863,1.371778976947037,1.371778976947037,0.0,0,648,0.01370883546769619,124.46875,True,12fcea2afeb8cd1664870d12d992f3b6d417db6a8a6c648d6a63293475a2d2d8
D4_s1_n0.2_b16,D4,1,0.2,16,group_retransport_without_hodge,0.8175,1.3568213971123597,0.4431522468352803,1.371778976947037,0.0,1.371778976947037,7,56,0.008958159014582634,124.46875,True,12fcea2afeb8cd1664870d12d992f3b6d417db6a8a6c648d6a63293475a2d2d8
D4_s1_n0.2_b16,D4,1,0.2,16,weighted_hodge_without_low_rank,0.4216666666666667,1.6957750208703268,0.1605184261208854,1.371778976947037,0.6858894884735186,0.6858894884735184,7,56,0.009124865755438805,124.46875,True,12fcea2afeb8cd1664870d12d992f3b6d417db6a8a6c648d6a63293475a2d2d8
D4_s1_n0.2_b16,D4,1,0.2,16,generic_low_rank_residual_correction,0.1675,2.4627994022947117,0.20851798820925357,1.371778976947037,1.388910015335969,-0.01713103838893204,2,648,0.008416827768087387,124.46875,True,12fcea2afeb8cd1664870d12d992f3b6d417db6a8a6c648d6a63293475a2d2d8
D4_s1_n0.2_b16,D4,1,0.2,16,hodge_low_rank_generic_retransport,0.4141666666666667,1.6931493434523637,0.13173434352441596,1.371778976947037,0.6944550076679844,0.6773239692790526,7,56,0.008500181138515472,124.46875,True,12fcea2afeb8cd1664870d12d992f3b6d417db6a8a6c648d6a63293475a2d2d8
D4_s1_n0.2_b16,D4,1,0.2,16,group_retransport_without_low_rank,0.8175,1.3568213971123597,0.4431522468352803,1.371778976947037,0.0,1.371778976947037,7,648,0.008249888196587563,124.46875,True,12fcea2afeb8cd1664870d12d992f3b6d417db6a8a6c648d6a63293475a2d2d8
D4_s1_n0.2_b16,D4,1,0.2,16,full_twistedmerge_hodge_lr,0.8175,1.3568213971123593,0.4431522468352803,1.371778976947037,1.0022714808150025e-15,1.3717789769470359,7,56,0.008416129276156425,124.46875,True,12fcea2afeb8cd1664870d12d992f3b6d417db6a8a6c648d6a63293475a2d2d8
D4_s1_n0.2_b16,D4,1,0.2,16,full_random_group_law,0.0,2.6938467067707785,0.3743477531647195,1.371778976947037,1.4708902036526552,-0.09911122670561823,7,56,0.008666887879371643,124.46875,True,12fcea2afeb8cd1664870d12d992f3b6d417db6a8a6c648d6a63293475a2d2d8
D4_s1_n0.2_b16,D4,1,0.2,16,full_shuffled_generator_identities,0.1375,2.486946915891302,0.23684775316471962,1.371778976947037,1.4924672945308926,-0.12068831758385556,8,56,0.008750008419156075,124.46875,True,12fcea2afeb8cd1664870d12d992f3b6d417db6a8a6c648d6a63293475a2d2d8
D4_s1_n0.2_b16,D4,1,0.2,16,full_wrong_multiplication_order,0.13,2.4906621281695176,0.24733148530057145,1.371778976947037,1.3937250082261214,-0.021946031279084455,7,56,0.008375151082873344,124.46875,True,12fcea2afeb8cd1664870d12d992f3b6d417db6a8a6c648d6a63293475a2d2d8
D4_s1_n0.2_b16,D4,1,0.2,16,full_without_pooling,0.7091666666666666,1.475313631785394,0.39717641859696184,1.371778976947037,0.34294474423675897,1.028834232710278,7,56,0.008750008419156075,124.46875,True,12fcea2afeb8cd1664870d12d992f3b6d417db6a8a6c648d6a63293475a2d2d8
D4_s1_n0.2_b16,D4,1,0.2,16,full_without_retransport,0.18083333333333335,2.4647498577293656,0.1935144198313863,1.371778976947037,1.3717789769470372,-2.220446049250313e-16,8,56,0.008750008419156075,124.46875,True,12fcea2afeb8cd1664870d12d992f3b6d417db6a8a6c648d6a63293475a2d2d8
D4_s1_n0.2_b16,D4,1,0.2,16,full_followed_by_distillation,0.125,2.216690657240482,0.12707569763626678,1.371778976947037,1.1839731610799935,0.18780581586704348,8,56,0.008333008736371994,124.46875,True,12fcea2afeb8cd1664870d12d992f3b6d417db6a8a6c648d6a63293475a2d2d8
D4_s1_n0.2_b64,D4,1,0.2,64,context_blind_strict_synchronization,0.18083333333333335,2.4647498577293656,0.1935144198313863,1.3671614682415567,1.3671614682415567,0.0,0,648,0.010082963854074478,124.46875,True,1a32855ba0a71776369f8cea30c0d3c3b19482c7a5ceb196d0119a8969645e9f
D4_s1_n0.2_b64,D4,1,0.2,64,group_retransport_without_hodge,0.8066666666666666,1.3468806024858873,0.43356321835257294,1.3671614682415567,0.0,1.3671614682415567,7,56,0.008875038474798203,124.46875,True,1a32855ba0a71776369f8cea30c0d3c3b19482c7a5ceb196d0119a8969645e9f
D4_s1_n0.2_b64,D4,1,0.2,64,weighted_hodge_without_low_rank,0.4091666666666667,1.6914737810353062,0.1475138414210395,1.3671614682415567,0.6835807341207784,0.6835807341207784,7,56,0.010584015399217606,124.46875,True,1a32855ba0a71776369f8cea30c0d3c3b19482c7a5ceb196d0119a8969645e9f
D4_s1_n0.2_b64,D4,1,0.2,64,generic_low_rank_residual_correction,0.1225,2.8901462577042754,0.3321285893426644,1.3671614682415567,1.7166356299615886,-0.3494741617200319,2,648,0.00937492586672306,124.46875,True,1a32855ba0a71776369f8cea30c0d3c3b19482c7a5ceb196d0119a8969645e9f
D4_s1_n0.2_b64,D4,1,0.2,64,hodge_low_rank_generic_retransport,0.32666666666666666,1.8212950251272078,0.027895373392482933,1.3671614682415567,0.8583178149807943,0.5088436532607624,7,56,0.009167008101940155,124.46875,True,1a32855ba0a71776369f8cea30c0d3c3b19482c7a5ceb196d0119a8969645e9f
D4_s1_n0.2_b64,D4,1,0.2,64,group_retransport_without_low_rank,0.8066666666666666,1.3468806024858873,0.43356321835257294,1.3671614682415567,0.0,1.3671614682415567,7,648,0.008290866389870644,124.46875,True,1a32855ba0a71776369f8cea30c0d3c3b19482c7a5ceb196d0119a8969645e9f
D4_s1_n0.2_b64,D4,1,0.2,64,full_twistedmerge_hodge_lr,0.8066666666666666,1.3468806024858875,0.43356321835257283,1.3671614682415567,9.344124656826795e-16,1.3671614682415558,7,56,0.008875038474798203,124.46875,True,1a32855ba0a71776369f8cea30c0d3c3b19482c7a5ceb196d0119a8969645e9f
D4_s1_n0.2_b64,D4,1,0.2,64,full_random_group_law,0.0,2.753830696497167,0.37434775316471963,1.3671614682415567,1.4658147328757645,-0.09865326463420776,7,56,0.00900006853044033,124.46875,True,1a32855ba0a71776369f8cea30c0d3c3b19482c7a5ceb196d0119a8969645e9f
D4_s1_n0.2_b64,D4,1,0.2,64,full_shuffled_generator_identities,0.12666666666666668,2.5467824993821675,0.2476810864980529,1.3671614682415567,1.5021671581393312,-0.1350056898977745,8,56,0.008375151082873344,124.46875,True,1a32855ba0a71776369f8cea30c0d3c3b19482c7a5ceb196d0119a8969645e9f
D4_s1_n0.2_b64,D4,1,0.2,64,full_wrong_multiplication_order,0.13,2.4906621281695176,0.24733148530057145,1.3671614682415567,1.4054359179415443,-0.03827444969998761,7,56,0.008500181138515472,124.46875,True,1a32855ba0a71776369f8cea30c0d3c3b19482c7a5ceb196d0119a8969645e9f
D4_s1_n0.2_b64,D4,1,0.2,64,full_without_pooling,0.7033333333333334,1.4680869604134146,0.3913867125868918,1.3671614682415567,0.34179036706038907,1.0253711011811677,7,56,0.008958857506513596,124.46875,True,1a32855ba0a71776369f8cea30c0d3c3b19482c7a5ceb196d0119a8969645e9f
D4_s1_n0.2_b64,D4,1,0.2,64,full_without_retransport,0.18083333333333335,2.4647498577293656,0.1935144198313863,1.3671614682415567,1.3671614682415567,0.0,8,56,0.008250121027231216,124.46875,True,1a32855ba0a71776369f8cea30c0d3c3b19482c7a5ceb196d0119a8969645e9f
D4_s1_n0.2_b64,D4,1,0.2,64,full_followed_by_distillation,0.1025,4.878264343528978,0.5863305148577812,1.3671614682415567,3.012654735315133,-1.6454932670735765,8,56,0.008582836017012596,124.46875,True,1a32855ba0a71776369f8cea30c0d3c3b19482c7a5ceb196d0119a8969645e9f
D4_s1_n0.5_b16,D4,1,0.5,16,context_blind_strict_synchronization,0.18083333333333335,2.4647498577293656,0.1935144198313863,1.374285989898773,1.374285989898773,0.0,0,648,0.010249903425574303,124.46875,True,47e47473b2e217ebefb7f872179e9aaf969dfc27882802e99031da1e9e711726
D4_s1_n0.5_b16,D4,1,0.5,16,group_retransport_without_hodge,0.5725,1.7785628660466666,0.2130509033408725,1.374285989898773,0.0,1.374285989898773,7,56,0.009082956239581108,124.46875,True,47e47473b2e217ebefb7f872179e9aaf969dfc27882802e99031da1e9e711726
D4_s1_n0.5_b16,D4,1,0.5,16,weighted_hodge_without_low_rank,0.32666666666666666,1.9047427262754302,0.06610943131730486,1.374285989898773,0.6871429949493865,0.6871429949493865,7,56,0.010582851245999336,124.46875,True,47e47473b2e217ebefb7f872179e9aaf969dfc27882802e99031da1e9e711726
D4_s1_n0.5_b16,D4,1,0.5,16,generic_low_rank_residual_correction,0.1675,2.4626190897159135,0.20822002907277193,1.374285989898773,1.3922856557535488,-0.01799966585477586,2,648,0.01400010660290718,124.46875,True,47e47473b2e217ebefb7f872179e9aaf969dfc27882802e99031da1e9e711726
D4_s1_n0.5_b16,D4,1,0.5,16,hodge_low_rank_generic_retransport,0.33666666666666667,1.9013450559141096,0.056712554968373706,1.374285989898773,0.6961428278767741,0.6781431620219989,7,56,0.01191697083413601,124.46875,True,47e47473b2e217ebefb7f872179e9aaf969dfc27882802e99031da1e9e711726
D4_s1_n0.5_b16,D4,1,0.5,16,group_retransport_without_low_rank,0.5725,1.7785628660466666,0.2130509033408725,1.374285989898773,0.0,1.374285989898773,7,648,0.008790986612439156,124.46875,True,47e47473b2e217ebefb7f872179e9aaf969dfc27882802e99031da1e9e711726
D4_s1_n0.5_b16,D4,1,0.5,16,full_twistedmerge_hodge_lr,0.5725,1.7785628660466666,0.2130509033408725,1.374285989898773,1.021891805913098e-15,1.3742859898987718,7,56,0.012208009138703346,124.46875,True,47e47473b2e217ebefb7f872179e9aaf969dfc27882802e99031da1e9e711726
D4_s1_n0.5_b16,D4,1,0.5,16,full_random_group_law,0.0,2.6938467067707785,0.3743477531647195,1.374285989898773,1.4474751793862586,-0.07318918948748565,7,56,0.008916947990655899,124.46875,True,47e47473b2e217ebefb7f872179e9aaf969dfc27882802e99031da1e9e711726
D4_s1_n0.5_b16,D4,1,0.5,16,full_shuffled_generator_identities,0.11916666666666667,2.517748174992802,0.2598314853005714,1.374285989898773,1.4830210046484604,-0.1087350147496875,8,56,0.008750008419156075,124.46875,True,47e47473b2e217ebefb7f872179e9aaf969dfc27882802e99031da1e9e711726
D4_s1_n0.5_b16,D4,1,0.5,16,full_wrong_multiplication_order,0.13,2.4906621281695176,0.24733148530057145,1.374285989898773,1.3967551365049433,-0.022469146606170387,7,56,0.008916947990655899,124.46875,True,47e47473b2e217ebefb7f872179e9aaf969dfc27882802e99031da1e9e711726
D4_s1_n0.5_b16,D4,1,0.5,16,full_without_pooling,0.5075,1.7898930719883266,0.20359619506441382,1.374285989898773,0.3435714974746928,1.03071449242408,7,56,0.009290874004364014,124.46875,True,47e47473b2e217ebefb7f872179e9aaf969dfc27882802e99031da1e9e711726
D4_s1_n0.5_b16,D4,1,0.5,16,full_without_retransport,0.18083333333333335,2.4647498577293656,0.1935144198313863,1.374285989898773,1.374285989898773,0.0,8,56,0.009167008101940155,124.46875,True,47e47473b2e217ebefb7f872179e9aaf969dfc27882802e99031da1e9e711726
D4_s1_n0.5_b16,D4,1,0.5,16,full_followed_by_distillation,0.125,2.216690657240482,0.12707569763626678,1.374285989898773,1.1840088890300833,0.19027710086868965,8,56,0.01158309169113636,124.46875,True,47e47473b2e217ebefb7f872179e9aaf969dfc27882802e99031da1e9e711726
D4_s1_n0.5_b64,D4,1,0.5,64,context_blind_strict_synchronization,0.18083333333333335,2.4647498577293656,0.1935144198313863,1.3650369456878937,1.3650369456878937,0.0,0,648,0.009917188435792923,124.46875,True,1ed534bcf9e2a1bea47008102ec4744ade2136fa3849e76030b5250821ba5d2c
D4_s1_n0.5_b64,D4,1,0.5,64,group_retransport_without_hodge,0.5625,1.7775901285750737,0.19457344903724116,1.3650369456878937,0.0,1.3650369456878937,7,56,0.008709030225872993,124.46875,True,1ed534bcf9e2a1bea47008102ec4744ade2136fa3849e76030b5250821ba5d2c
D4_s1_n0.5_b64,D4,1,0.5,64,weighted_hodge_without_low_rank,0.31083333333333335,1.9082041724912184,0.05021045307405803,1.3650369456878937,0.6825184728439468,0.6825184728439468,7,56,0.008791917935013771,124.46875,True,1ed534bcf9e2a1bea47008102ec4744ade2136fa3849e76030b5250821ba5d2c
D4_s1_n0.5_b64,D4,1,0.5,64,generic_low_rank_residual_correction,0.13083333333333333,2.849249537535589,0.31630297205700086,1.3650369456878937,1.6744668812555592,-0.3094299355676655,2,648,0.008417060598731041,124.46875,True,1ed534bcf9e2a1bea47008102ec4744ade2136fa3849e76030b5250821ba5d2c
D4_s1_n0.5_b64,D4,1,0.5,64,hodge_low_rank_generic_retransport,0.255,2.028212148463373,0.07126471753850397,1.3650369456878937,0.8372334406277795,0.5278035050601142,7,56,0.008542090654373169,124.46875,True,1ed534bcf9e2a1bea47008102ec4744ade2136fa3849e76030b5250821ba5d2c
D4_s1_n0.5_b64,D4,1,0.5,64,group_retransport_without_low_rank,0.5625,1.7775901285750737,0.19457344903724116,1.3650369456878937,0.0,1.3650369456878937,7,648,0.008834060281515121,124.46875,True,1ed534bcf9e2a1bea47008102ec4744ade2136fa3849e76030b5250821ba5d2c
D4_s1_n0.5_b64,D4,1,0.5,64,full_twistedmerge_hodge_lr,0.5625,1.7775901285750737,0.19457344903724116,1.3650369456878937,8.906059222937997e-16,1.3650369456878928,7,56,0.008875038474798203,124.46875,True,1ed534bcf9e2a1bea47008102ec4744ade2136fa3849e76030b5250821ba5d2c
D4_s1_n0.5_b64,D4,1,0.5,64,full_random_group_law,0.0,2.753830696497167,0.37434775316471963,1.3650369456878937,1.4613010973013862,-0.09626415161349255,7,56,0.009167008101940155,124.46875,True,1ed534bcf9e2a1bea47008102ec4744ade2136fa3849e76030b5250821ba5d2c
D4_s1_n0.5_b64,D4,1,0.5,64,full_shuffled_generator_identities,0.10833333333333334,2.5685391779998055,0.26601441983138624,1.3650369456878937,1.502583366077791,-0.13754642038989728,8,56,0.009249895811080933,124.46875,True,1ed534bcf9e2a1bea47008102ec4744ade2136fa3849e76030b5250821ba5d2c
D4_s1_n0.5_b64,D4,1,0.5,64,full_wrong_multiplication_order,0.13,2.4906621281695176,0.24733148530057145,1.3650369456878937,1.3865651011198263,-0.02152815543193265,7,56,0.009167008101940155,124.46875,True,1ed534bcf9e2a1bea47008102ec4744ade2136fa3849e76030b5250821ba5d2c
D4_s1_n0.5_b64,D4,1,0.5,64,full_without_pooling,0.495,1.7919310838131568,0.18422372312305146,1.3650369456878937,0.3412592364219734,1.0237777092659202,7,56,0.009457813575863838,124.46875,True,1ed534bcf9e2a1bea47008102ec4744ade2136fa3849e76030b5250821ba5d2c
D4_s1_n0.5_b64,D4,1,0.5,64,full_without_retransport,0.18083333333333335,2.4647498577293656,0.1935144198313863,1.3650369456878937,1.3650369456878937,0.0,8,56,0.00937492586672306,124.46875,True,1ed534bcf9e2a1bea47008102ec4744ade2136fa3849e76030b5250821ba5d2c
D4_s1_n0.5_b64,D4,1,0.5,64,full_followed_by_distillation,0.1025,4.878264343528978,0.5863305148577812,1.3650369456878937,3.009007700659439,-1.6439707549715452,8,56,0.008875038474798203,124.46875,True,1ed534bcf9e2a1bea47008102ec4744ade2136fa3849e76030b5250821ba5d2c
D4_s2_n0.2_b16,D4,2,0.2,16,context_blind_strict_synchronization,0.17416666666666666,2.4193198334968002,0.18342312648509163,1.286247941471824,1.286247941471824,0.0,0,648,0.009915791451931,124.46875,True,08581d3a681379516faa7718205bfc64da5913776d064422e02e8c77230b11fd
D4_s2_n0.2_b16,D4,2,0.2,16,group_retransport_without_hodge,0.8141666666666667,1.3716052300932382,0.45853195741829755,1.286247941471824,0.0,1.286247941471824,7,56,0.008666887879371643,124.46875,True,08581d3a681379516faa7718205bfc64da5913776d064422e02e8c77230b11fd
D4_s2_n0.2_b16,D4,2,0.2,16,weighted_hodge_without_low_rank,0.38916666666666666,1.706539106000243,0.13503254493825456,1.286247941471824,0.643123970735912,0.643123970735912,7,56,0.009292038157582283,124.46875,True,08581d3a681379516faa7718205bfc64da5913776d064422e02e8c77230b11fd
D4_s2_n0.2_b16,D4,2,0.2,16,generic_low_rank_residual_correction,0.1475,2.4483888543882064,0.2120263882518696,1.286247941471824,1.2945113340230505,-0.008263392551226545,2,648,0.00916607677936554,124.46875,True,08581d3a681379516faa7718205bfc64da5913776d064422e02e8c77230b11fd
D4_s2_n0.2_b16,D4,2,0.2,16,hodge_low_rank_generic_retransport,0.4,1.7187312159331838,0.1291345499240318,1.286247941471824,0.6472556670115249,0.638992274460299,7,56,0.009082956239581108,124.46875,True,08581d3a681379516faa7718205bfc64da5913776d064422e02e8c77230b11fd
D4_s2_n0.2_b16,D4,2,0.2,16,group_retransport_without_low_rank,0.8141666666666667,1.3716052300932382,0.45853195741829755,1.286247941471824,0.0,1.286247941471824,7,648,0.008291099220514297,124.46875,True,08581d3a681379516faa7718205bfc64da5913776d064422e02e8c77230b11fd
D4_s2_n0.2_b16,D4,2,0.2,16,full_twistedmerge_hodge_lr,0.8141666666666667,1.3716052300932382,0.4585319574182974,1.286247941471824,1.1542116983369195e-15,1.2862479414718229,7,56,0.008500181138515472,124.46875,True,08581d3a681379516faa7718205bfc64da5913776d064422e02e8c77230b11fd
D4_s2_n0.2_b16,D4,2,0.2,16,full_random_group_law,0.0,2.693396275424437,0.3556347092483692,1.286247941471824,1.3962166062952601,-0.10996866482343615,7,56,0.008666887879371643,124.46875,True,08581d3a681379516faa7718205bfc64da5913776d064422e02e8c77230b11fd
D4_s2_n0.2_b16,D4,2,0.2,16,full_shuffled_generator_identities,0.11083333333333334,2.4708662716688727,0.2448013759150358,1.286247941471824,1.4224988641541267,-0.13625092268230277,8,56,0.00858306884765625,124.46875,True,08581d3a681379516faa7718205bfc64da5913776d064422e02e8c77230b11fd
D4_s2_n0.2_b16,D4,2,0.2,16,full_wrong_multiplication_order,0.11166666666666666,2.5062841690714133,0.24396804258170252,1.286247941471824,1.330401929600913,-0.044153988129089106,7,56,0.008416129276156425,124.46875,True,08581d3a681379516faa7718205bfc64da5913776d064422e02e8c77230b11fd
D4_s2_n0.2_b16,D4,2,0.2,16,full_without_pooling,0.6925,1.4942005348890621,0.3923596495504346,1.286247941471824,0.3215619853679555,0.9646859561038685,7,56,0.008249888196587563,124.46875,True,08581d3a681379516faa7718205bfc64da5913776d064422e02e8c77230b11fd
D4_s2_n0.2_b16,D4,2,0.2,16,full_without_retransport,0.17416666666666666,2.4193198334968002,0.18342312648509163,1.286247941471824,1.286247941471824,0.0,8,56,0.008250121027231216,124.46875,True,08581d3a681379516faa7718205bfc64da5913776d064422e02e8c77230b11fd
D4_s2_n0.2_b16,D4,2,0.2,16,full_followed_by_distillation,0.11583333333333333,2.2288509256400433,0.12616766481607075,1.286247941471824,1.1134185909016638,0.17282935057016013,8,56,0.008499948307871819,124.46875,True,08581d3a681379516faa7718205bfc64da5913776d064422e02e8c77230b11fd
D4_s2_n0.2_b64,D4,2,0.2,64,context_blind_strict_synchronization,0.17416666666666666,2.4193198334968002,0.18342312648509163,1.3191222960789946,1.3191222960789946,0.0,0,648,0.010124873369932175,124.46875,True,f81356f8a5085c497a035168e026cfe33259c725f68f6fabb0d4bd90ed8f2f3e
D4_s2_n0.2_b64,D4,2,0.2,64,group_retransport_without_hodge,0.835,1.358328181159809,0.4793652907516308,1.3191222960789946,0.0,1.3191222960789946,7,56,0.008417060598731041,124.46875,True,f81356f8a5085c497a035168e026cfe33259c725f68f6fabb0d4bd90ed8f2f3e
D4_s2_n0.2_b64,D4,2,0.2,64,weighted_hodge_without_low_rank,0.4041666666666667,1.6905221388212717,0.15397873548972732,1.3191222960789946,0.6595611480394973,0.6595611480394973,7,56,0.008667120710015297,124.46875,True,f81356f8a5085c497a035168e026cfe33259c725f68f6fabb0d4bd90ed8f2f3e
D4_s2_n0.2_b64,D4,2,0.2,64,generic_low_rank_residual_correction,0.15,3.0460065451034186,0.3349683223643092,1.3191222960789946,1.8955758367811948,-0.5764535407022002,2,648,0.00837491825222969,124.46875,True,f81356f8a5085c497a035168e026cfe33259c725f68f6fabb0d4bd90ed8f2f3e
D4_s2_n0.2_b64,D4,2,0.2,64,hodge_low_rank_generic_retransport,0.29,1.882853404125321,0.055118044248314436,1.3191222960789946,0.9477879183905974,0.37133437768839717,7,56,0.008417060598731041,124.46875,True,f81356f8a5085c497a035168e026cfe33259c725f68f6fabb0d4bd90ed8f2f3e
D4_s2_n0.2_b64,D4,2,0.2,64,group_retransport_without_low_rank,0.835,1.358328181159809,0.4793652907516308,1.3191222960789946,0.0,1.3191222960789946,7,648,0.008167000487446785,124.46875,True,f81356f8a5085c497a035168e026cfe33259c725f68f6fabb0d4bd90ed8f2f3e
D4_s2_n0.2_b64,D4,2,0.2,64,full_twistedmerge_hodge_lr,0.835,1.358328181159809,0.47936529075163076,1.3191222960789946,1.0768106084332987e-15,1.3191222960789935,7,56,0.008875038474798203,124.46875,True,f81356f8a5085c497a035168e026cfe33259c725f68f6fabb0d4bd90ed8f2f3e
D4_s2_n0.2_b64,D4,2,0.2,64,full_random_group_law,0.1175,2.5127224546349036,0.23842312648509167,1.3191222960789946,1.322968131529849,-0.0038458354508543735,7,56,0.008291797712445259,124.46875,True,f81356f8a5085c497a035168e026cfe33259c725f68f6fabb0d4bd90ed8f2f3e
D4_s2_n0.2_b64,D4,2,0.2,64,full_shuffled_generator_identities,0.12583333333333332,2.44034798995428,0.22980137591503585,1.3191222960789946,1.412660856483354,-0.09353856040435948,8,56,0.008499948307871819,124.46875,True,f81356f8a5085c497a035168e026cfe33259c725f68f6fabb0d4bd90ed8f2f3e
D4_s2_n0.2_b64,D4,2,0.2,64,full_wrong_multiplication_order,0.11166666666666666,2.5062841690714133,0.24396804258170252,1.3191222960789946,1.3380461093678069,-0.01892381328881232,7,56,0.008582836017012596,124.46875,True,f81356f8a5085c497a035168e026cfe33259c725f68f6fabb0d4bd90ed8f2f3e
D4_s2_n0.2_b64,D4,2,0.2,64,full_without_pooling,0.7175,1.477482732567685,0.41866457821546454,1.3191222960789946,0.32978057401974875,0.9893417220592458,7,56,0.0085409265011549,124.46875,True,f81356f8a5085c497a035168e026cfe33259c725f68f6fabb0d4bd90ed8f2f3e
D4_s2_n0.2_b64,D4,2,0.2,64,full_without_retransport,0.17416666666666666,2.4193198334968002,0.18342312648509163,1.3191222960789946,1.3191222960789946,0.0,8,56,0.008207978680729866,124.46875,True,f81356f8a5085c497a035168e026cfe33259c725f68f6fabb0d4bd90ed8f2f3e
D4_s2_n0.2_b64,D4,2,0.2,64,full_followed_by_distillation,0.1325,5.2002881701277825,0.5687805170312996,1.3191222960789946,3.3605369779367393,-2.041414681857745,8,56,0.008249888196587563,124.46875,True,f81356f8a5085c497a035168e026cfe33259c725f68f6fabb0d4bd90ed8f2f3e
D4_s2_n0.5_b16,D4,2,0.5,16,context_blind_strict_synchronization,0.17416666666666666,2.4193198334968002,0.18342312648509163,1.3146686691315068,1.3146686691315068,0.0,0,648,0.011583790183067322,124.46875,True,55fd08fa0c20efdf4524a171ca105043c7da74c6db1f8e8b01db9d4830d802c1
D4_s2_n0.5_b16,D4,2,0.5,16,group_retransport_without_hodge,0.5825,1.7676127476525343,0.22686529075163087,1.3146686691315068,0.0,1.3146686691315068,7,56,0.008417060598731041,124.46875,True,55fd08fa0c20efdf4524a171ca105043c7da74c6db1f8e8b01db9d4830d802c1
D4_s2_n0.5_b16,D4,2,0.5,16,weighted_hodge_without_low_rank,0.315,1.896101727980772,0.06506779131597086,1.3146686691315068,0.6573343345657534,0.6573343345657534,7,56,0.008750008419156075,124.46875,True,55fd08fa0c20efdf4524a171ca105043c7da74c6db1f8e8b01db9d4830d802c1
D4_s2_n0.5_b16,D4,2,0.5,16,generic_low_rank_residual_correction,0.14666666666666667,2.4497897415350236,0.21299632282843078,1.3146686691315068,1.3179495527801306,-0.003280883648623778,2,648,0.008999835699796677,124.46875,True,55fd08fa0c20efdf4524a171ca105043c7da74c6db1f8e8b01db9d4830d802c1
D4_s2_n0.5_b16,D4,2,0.5,16,hodge_low_rank_generic_retransport,0.3225,1.9104014049259506,0.05403173579113499,1.3146686691315068,0.6589747763900651,0.6556938927414417,7,56,0.008541857823729515,124.46875,True,55fd08fa0c20efdf4524a171ca105043c7da74c6db1f8e8b01db9d4830d802c1
D4_s2_n0.5_b16,D4,2,0.5,16,group_retransport_without_low_rank,0.5825,1.7676127476525343,0.22686529075163087,1.3146686691315068,0.0,1.3146686691315068,7,648,0.008209142833948135,124.46875,True,55fd08fa0c20efdf4524a171ca105043c7da74c6db1f8e8b01db9d4830d802c1
D4_s2_n0.5_b16,D4,2,0.5,16,full_twistedmerge_hodge_lr,0.5825,1.7676127476525343,0.2268652907516308,1.3146686691315068,8.78986016955269e-16,1.314668669131506,7,56,0.008791917935013771,124.46875,True,55fd08fa0c20efdf4524a171ca105043c7da74c6db1f8e8b01db9d4830d802c1
D4_s2_n0.5_b16,D4,2,0.5,16,full_random_group_law,0.0,2.693396275424437,0.3556347092483692,1.3146686691315068,1.3856904162152388,-0.07102174708373199,7,56,0.008250121027231216,124.46875,True,55fd08fa0c20efdf4524a171ca105043c7da74c6db1f8e8b01db9d4830d802c1
D4_s2_n0.5_b16,D4,2,0.5,16,full_shuffled_generator_identities,0.11666666666666667,2.541593392226646,0.23896804258170248,1.3146686691315068,1.4337450166664425,-0.11907634753493568,8,56,0.00995909795165062,124.46875,True,55fd08fa0c20efdf4524a171ca105043c7da74c6db1f8e8b01db9d4830d802c1
D4_s2_n0.5_b16,D4,2,0.5,16,full_wrong_multiplication_order,0.11166666666666666,2.5062841690714133,0.24396804258170252,1.3146686691315068,1.343506405086107,-0.028837735954600152,7,56,0.009041978046298027,124.46875,True,55fd08fa0c20efdf4524a171ca105043c7da74c6db1f8e8b01db9d4830d802c1
D4_s2_n0.5_b16,D4,2,0.5,16,full_without_pooling,0.5175,1.7850060637110574,0.21890291534079953,1.3146686691315068,0.3286671672828766,0.9860015018486302,7,56,0.008666887879371643,124.46875,True,55fd08fa0c20efdf4524a171ca105043c7da74c6db1f8e8b01db9d4830d802c1
D4_s2_n0.5_b16,D4,2,0.5,16,full_without_retransport,0.17416666666666666,2.4193198334968002,0.18342312648509165,1.3146686691315068,1.3146686691315068,0.0,8,56,0.008917180821299553,124.46875,True,55fd08fa0c20efdf4524a171ca105043c7da74c6db1f8e8b01db9d4830d802c1
D4_s2_n0.5_b16,D4,2,0.5,16,full_followed_by_distillation,0.11583333333333333,2.2288509256400433,0.12616766481607075,1.3146686691315068,1.1146593660700803,0.2000093030614265,8,56,0.008916947990655899,124.46875,True,55fd08fa0c20efdf4524a171ca105043c7da74c6db1f8e8b01db9d4830d802c1
D4_s2_n0.5_b64,D4,2,0.5,64,context_blind_strict_synchronization,0.17416666666666666,2.4193198334968002,0.18342312648509163,1.311294560493619,1.311294560493619,0.0,0,648,0.009791925549507141,124.46875,True,7fa4e920f68e581084d14d7b65b7845c6ebbf3037713bd1925a28d39d3763613
D4_s2_n0.5_b64,D4,2,0.5,64,group_retransport_without_hodge,0.5591666666666667,1.76072974054833,0.21762151635883695,1.311294560493619,0.0,1.311294560493619,7,56,0.009082956239581108,124.46875,True,7fa4e920f68e581084d14d7b65b7845c6ebbf3037713bd1925a28d39d3763613
D4_s2_n0.5_b64,D4,2,0.5,64,weighted_hodge_without_low_rank,0.30083333333333334,1.8937935957065444,0.051380429993328466,1.311294560493619,0.6556472802468095,0.6556472802468095,7,56,0.00937492586672306,124.46875,True,7fa4e920f68e581084d14d7b65b7845c6ebbf3037713bd1925a28d39d3763613
D4_s2_n0.5_b64,D4,2,0.5,64,generic_low_rank_residual_correction,0.1375,3.108727870983995,0.35291647202835685,1.311294560493619,1.934402499480093,-0.623107938986474,2,648,0.008832896128296852,124.46875,True,7fa4e920f68e581084d14d7b65b7845c6ebbf3037713bd1925a28d39d3763613
D4_s2_n0.5_b64,D4,2,0.5,64,hodge_low_rank_generic_retransport,0.23833333333333334,2.111783273301554,0.10977400213633726,1.311294560493619,0.9672012497400464,0.34409331075357263,7,56,0.010333023965358734,124.46875,True,7fa4e920f68e581084d14d7b65b7845c6ebbf3037713bd1925a28d39d3763613
D4_s2_n0.5_b64,D4,2,0.5,64,group_retransport_without_low_rank,0.5591666666666667,1.76072974054833,0.21762151635883695,1.311294560493619,0.0,1.311294560493619,7,648,0.008499948307871819,124.46875,True,7fa4e920f68e581084d14d7b65b7845c6ebbf3037713bd1925a28d39d3763613
D4_s2_n0.5_b64,D4,2,0.5,64,full_twistedmerge_hodge_lr,0.5591666666666667,1.76072974054833,0.21762151635883692,1.311294560493619,8.545519337799948e-16,1.3112945604936181,7,56,0.036291079595685005,124.46875,True,7fa4e920f68e581084d14d7b65b7845c6ebbf3037713bd1925a28d39d3763613
D4_s2_n0.5_b64,D4,2,0.5,64,full_random_group_law,0.1175,2.5127224546349036,0.23842312648509167,1.311294560493619,1.373185328536515,-0.06189076804289595,7,56,0.019249971956014633,124.46875,True,7fa4e920f68e581084d14d7b65b7845c6ebbf3037713bd1925a28d39d3763613
D4_s2_n0.5_b64,D4,2,0.5,64,full_shuffled_generator_identities,0.13416666666666666,2.471797227923772,0.2214680425817025,1.311294560493619,1.4181378679951624,-0.10684330750154336,8,56,0.021790852770209312,124.46875,True,7fa4e920f68e581084d14d7b65b7845c6ebbf3037713bd1925a28d39d3763613
D4_s2_n0.5_b64,D4,2,0.5,64,full_wrong_multiplication_order,0.11166666666666666,2.5062841690714133,0.24396804258170252,1.311294560493619,1.3566667206332383,-0.04537216013961931,7,56,0.011041061952710152,124.46875,True,7fa4e920f68e581084d14d7b65b7845c6ebbf3037713bd1925a28d39d3763613
D4_s2_n0.5_b64,D4,2,0.5,64,full_without_pooling,0.4925,1.7806553687737345,0.2007732060871464,1.311294560493619,0.3278236401234045,0.9834709203702146,7,56,0.008708098903298378,124.46875,True,7fa4e920f68e581084d14d7b65b7845c6ebbf3037713bd1925a28d39d3763613
D4_s2_n0.5_b64,D4,2,0.5,64,full_without_retransport,0.17416666666666666,2.4193198334968002,0.18342312648509163,1.311294560493619,1.311294560493619,0.0,8,56,0.009666895493865013,124.46875,True,7fa4e920f68e581084d14d7b65b7845c6ebbf3037713bd1925a28d39d3763613
D4_s2_n0.5_b64,D4,2,0.5,64,full_followed_by_distillation,0.1325,5.2002881701277825,0.5687805170312996,1.311294560493619,3.3430183197456107,-2.0317237592519914,8,56,0.008207978680729866,124.46875,True,7fa4e920f68e581084d14d7b65b7845c6ebbf3037713bd1925a28d39d3763613
D4_s3_n0.2_b16,D4,3,0.2,16,context_blind_strict_synchronization,0.195,2.3717483424635977,0.1690026475769639,1.2891379583750275,1.2891379583750275,0.0,0,648,0.009707873687148094,124.46875,True,100004eb5572bfbbdeaa851117e2fc600a7e9062bc961c146d6f533300396bd5
D4_s3_n0.2_b16,D4,3,0.2,16,group_retransport_without_hodge,0.8158333333333333,1.3697003626177942,0.45216781664489836,1.2891379583750275,0.0,1.2891379583750275,7,56,0.008249888196587563,124.46875,True,100004eb5572bfbbdeaa851117e2fc600a7e9062bc961c146d6f533300396bd5
D4_s3_n0.2_b16,D4,3,0.2,16,weighted_hodge_without_low_rank,0.4191666666666667,1.6769031891428123,0.16122585257740024,1.2891379583750275,0.6445689791875138,0.6445689791875138,7,56,0.008584000170230865,124.46875,True,100004eb5572bfbbdeaa851117e2fc600a7e9062bc961c146d6f533300396bd5
D4_s3_n0.2_b16,D4,3,0.2,16,generic_low_rank_residual_correction,0.165,2.3583394914292124,0.1958301743558706,1.2891379583750275,1.2924807051911957,-0.003342746816168196,2,648,0.008542090654373169,124.46875,True,100004eb5572bfbbdeaa851117e2fc600a7e9062bc961c146d6f533300396bd5
D4_s3_n0.2_b16,D4,3,0.2,16,hodge_low_rank_generic_retransport,0.4325,1.671228414577757,0.15764635176031266,1.2891379583750275,0.6462403525955979,0.6428976057794297,7,56,0.008416827768087387,124.46875,True,100004eb5572bfbbdeaa851117e2fc600a7e9062bc961c146d6f533300396bd5
D4_s3_n0.2_b16,D4,3,0.2,16,group_retransport_without_low_rank,0.8158333333333333,1.3697003626177942,0.45216781664489836,1.2891379583750275,0.0,1.2891379583750275,7,648,0.008458038792014122,124.46875,True,100004eb5572bfbbdeaa851117e2fc600a7e9062bc961c146d6f533300396bd5
D4_s3_n0.2_b16,D4,3,0.2,16,full_twistedmerge_hodge_lr,0.8158333333333333,1.3697003626177942,0.4521678166448984,1.2891379583750275,1.1136865542578276e-15,1.2891379583750264,7,56,0.008375151082873344,124.46875,True,100004eb5572bfbbdeaa851117e2fc600a7e9062bc961c146d6f533300396bd5
D4_s3_n0.2_b16,D4,3,0.2,16,full_random_group_law,0.22416666666666665,2.3055432620912653,0.13949885002176834,1.2891379583750275,1.247026215798507,0.042111742576520506,7,56,0.008333008736371994,124.46875,True,100004eb5572bfbbdeaa851117e2fc600a7e9062bc961c146d6f533300396bd5
D4_s3_n0.2_b16,D4,3,0.2,16,full_shuffled_generator_identities,0.10833333333333334,2.550693719288402,0.25566931424363054,1.2891379583750275,1.4084437166554198,-0.11930575828039225,8,56,0.008333008736371994,124.46875,True,100004eb5572bfbbdeaa851117e2fc600a7e9062bc961c146d6f533300396bd5
D4_s3_n0.2_b16,D4,3,0.2,16,full_wrong_multiplication_order,0.14,2.4849296856638134,0.22366551668843498,1.2891379583750275,1.3211908122442637,-0.032052853869236175,7,56,0.008499948307871819,124.46875,True,100004eb5572bfbbdeaa851117e2fc600a7e9062bc961c146d6f533300396bd5
D4_s3_n0.2_b16,D4,3,0.2,16,full_without_pooling,0.7058333333333333,1.4776090716661259,0.3993984453739195,1.2891379583750275,0.32228448959375694,0.9668534687812707,7,56,0.008582836017012596,124.46875,True,100004eb5572bfbbdeaa851117e2fc600a7e9062bc961c146d6f533300396bd5
D4_s3_n0.2_b16,D4,3,0.2,16,full_without_retransport,0.195,2.3717483424635977,0.1690026475769639,1.2891379583750275,1.2891379583750275,0.0,8,56,0.008458038792014122,124.46875,True,100004eb5572bfbbdeaa851117e2fc600a7e9062bc961c146d6f533300396bd5
D4_s3_n0.2_b16,D4,3,0.2,16,full_followed_by_distillation,0.1225,2.2119916828869304,0.1265926095908963,1.2891379583750275,1.1354754222804544,0.15366253609457314,8,56,0.008083181455731392,124.46875,True,100004eb5572bfbbdeaa851117e2fc600a7e9062bc961c146d6f533300396bd5
D4_s3_n0.2_b64,D4,3,0.2,64,context_blind_strict_synchronization,0.195,2.3717483424635977,0.1690026475769639,1.29400084597306,1.29400084597306,0.0,0,648,0.0100000761449337,124.46875,True,ad6a2af63bc1f93bcd7d41573208b8b965a2c91ad892fd2222d0c8c29635d212
D4_s3_n0.2_b64,D4,3,0.2,64,group_retransport_without_hodge,0.8133333333333334,1.371882689616507,0.4520889344615846,1.29400084597306,0.0,1.29400084597306,7,56,0.008624978363513947,124.46875,True,ad6a2af63bc1f93bcd7d41573208b8b965a2c91ad892fd2222d0c8c29635d212
D4_s3_n0.2_b64,D4,3,0.2,64,weighted_hodge_without_low_rank,0.3958333333333333,1.676356185805567,0.13953451467370606,1.29400084597306,0.64700042298653,0.64700042298653,7,56,0.009167008101940155,124.46875,True,ad6a2af63bc1f93bcd7d41573208b8b965a2c91ad892fd2222d0c8c29635d212
D4_s3_n0.2_b64,D4,3,0.2,64,generic_low_rank_residual_correction,0.1525,3.0077517350004914,0.32933952818146545,1.29400084597306,1.7795238764219172,-0.48552303044885714,2,648,0.009124865755438805,124.46875,True,ad6a2af63bc1f93bcd7d41573208b8b965a2c91ad892fd2222d0c8c29635d212
D4_s3_n0.2_b64,D4,3,0.2,64,hodge_low_rank_generic_retransport,0.3125,1.8858753565804613,0.03560033865260764,1.29400084597306,0.8897619382109586,0.4042389077621015,7,56,0.009458046406507492,124.46875,True,ad6a2af63bc1f93bcd7d41573208b8b965a2c91ad892fd2222d0c8c29635d212
D4_s3_n0.2_b64,D4,3,0.2,64,group_retransport_without_low_rank,0.8133333333333334,1.371882689616507,0.4520889344615846,1.29400084597306,0.0,1.29400084597306,7,648,0.00833394005894661,124.46875,True,ad6a2af63bc1f93bcd7d41573208b8b965a2c91ad892fd2222d0c8c29635d212
D4_s3_n0.2_b64,D4,3,0.2,64,full_twistedmerge_hodge_lr,0.8133333333333334,1.3718826896165068,0.45208893446158466,1.29400084597306,1.2734794754805151e-15,1.2940008459730588,7,56,0.009082956239581108,124.46875,True,ad6a2af63bc1f93bcd7d41573208b8b965a2c91ad892fd2222d0c8c29635d212
D4_s3_n0.2_b64,D4,3,0.2,64,full_random_group_law,0.0,2.7157624631194577,0.363665516688435,1.29400084597306,1.4021590766070948,-0.10815823063403474,7,56,0.00837491825222969,124.46875,True,ad6a2af63bc1f93bcd7d41573208b8b965a2c91ad892fd2222d0c8c29635d212
D4_s3_n0.2_b64,D4,3,0.2,64,full_shuffled_generator_identities,0.1325,2.4886480973803016,0.23483598091029725,1.29400084597306,1.4143659510187956,-0.1203651050457355,8,56,0.008499948307871819,124.46875,True,ad6a2af63bc1f93bcd7d41573208b8b965a2c91ad892fd2222d0c8c29635d212
D4_s3_n0.2_b64,D4,3,0.2,64,full_wrong_multiplication_order,0.14,2.4849296856638134,0.22366551668843498,1.29400084597306,1.3191420874568547,-0.025141241483794596,7,56,0.008458038792014122,124.46875,True,ad6a2af63bc1f93bcd7d41573208b8b965a2c91ad892fd2222d0c8c29635d212
D4_s3_n0.2_b64,D4,3,0.2,64,full_without_pooling,0.6966666666666667,1.4780150318411969,0.3911708651150341,1.29400084597306,0.32350021149326524,0.9705006344797948,7,56,0.008708098903298378,124.46875,True,ad6a2af63bc1f93bcd7d41573208b8b965a2c91ad892fd2222d0c8c29635d212
D4_s3_n0.2_b64,D4,3,0.2,64,full_without_retransport,0.195,2.3717483424635977,0.1690026475769639,1.29400084597306,1.29400084597306,0.0,8,56,0.008417060598731041,124.46875,True,ad6a2af63bc1f93bcd7d41573208b8b965a2c91ad892fd2222d0c8c29635d212
D4_s3_n0.2_b64,D4,3,0.2,64,full_followed_by_distillation,0.1125,5.26950825184621,0.5915746783890012,1.29400084597306,3.3463801025335744,-2.0523792565605143,8,56,0.008542090654373169,124.46875,True,ad6a2af63bc1f93bcd7d41573208b8b965a2c91ad892fd2222d0c8c29635d212
D4_s3_n0.5_b16,D4,3,0.5,16,context_blind_strict_synchronization,0.195,2.3717483424635977,0.1690026475769639,1.282570477913666,1.282570477913666,0.0,0,648,0.011665979400277138,124.46875,True,36f1ed3c56808ceb8f8f5128e050621ce12f69f6838c19b9320fc0c6387c4781
D4_s3_n0.5_b16,D4,3,0.5,16,group_retransport_without_hodge,0.5541666666666667,1.807149925128166,0.19632411018045404,1.282570477913666,0.0,1.282570477913666,7,56,0.0085409265011549,124.46875,True,36f1ed3c56808ceb8f8f5128e050621ce12f69f6838c19b9320fc0c6387c4781
D4_s3_n0.5_b16,D4,3,0.5,16,weighted_hodge_without_low_rank,0.3075,1.896388053450991,0.051276597389261526,1.282570477913666,0.641285238956833,0.641285238956833,7,56,0.009167008101940155,124.46875,True,36f1ed3c56808ceb8f8f5128e050621ce12f69f6838c19b9320fc0c6387c4781
D4_s3_n0.5_b16,D4,3,0.5,16,generic_low_rank_residual_correction,0.1625,2.357009491089879,0.19841452077722047,1.282570477913666,1.2824671809613943,0.00010329695227162539,2,648,0.00879121944308281,124.46875,True,36f1ed3c56808ceb8f8f5128e050621ce12f69f6838c19b9320fc0c6387c4781
D4_s3_n0.5_b16,D4,3,0.5,16,hodge_low_rank_generic_retransport,0.325,1.8907009462182311,0.052326262925868464,1.282570477913666,0.6412335904806974,0.6413368874329686,7,56,0.008624978363513947,124.46875,True,36f1ed3c56808ceb8f8f5128e050621ce12f69f6838c19b9320fc0c6387c4781
D4_s3_n0.5_b16,D4,3,0.5,16,group_retransport_without_low_rank,0.5541666666666667,1.807149925128166,0.19632411018045404,1.282570477913666,0.0,1.282570477913666,7,648,0.008125090971589088,124.46875,True,36f1ed3c56808ceb8f8f5128e050621ce12f69f6838c19b9320fc0c6387c4781
D4_s3_n0.5_b16,D4,3,0.5,16,full_twistedmerge_hodge_lr,0.5541666666666667,1.807149925128166,0.19632411018045406,1.282570477913666,1.0686286413870003e-15,1.2825704779136649,7,56,0.00900006853044033,124.46875,True,36f1ed3c56808ceb8f8f5128e050621ce12f69f6838c19b9320fc0c6387c4781
D4_s3_n0.5_b16,D4,3,0.5,16,full_random_group_law,0.22416666666666665,2.3055432620912653,0.13949885002176834,1.282570477913666,1.289012053126156,-0.006441575212490003,7,56,0.009207986295223236,124.46875,True,36f1ed3c56808ceb8f8f5128e050621ce12f69f6838c19b9320fc0c6387c4781
D4_s3_n0.5_b16,D4,3,0.5,16,full_shuffled_generator_identities,0.12083333333333333,2.4928494828745382,0.24283218335510165,1.282570477913666,1.4052280784101183,-0.12265760049645236,8,56,0.0100000761449337,124.46875,True,36f1ed3c56808ceb8f8f5128e050621ce12f69f6838c19b9320fc0c6387c4781
D4_s3_n0.5_b16,D4,3,0.5,16,full_wrong_multiplication_order,0.14,2.4849296856638134,0.22366551668843498,1.282570477913666,1.3074875309009968,-0.024917052987330823,7,56,0.00900006853044033,124.46875,True,36f1ed3c56808ceb8f8f5128e050621ce12f69f6838c19b9320fc0c6387c4781
D4_s3_n0.5_b16,D4,3,0.5,16,full_without_pooling,0.49333333333333335,1.8059048104421254,0.187842959530629,1.282570477913666,0.3206426194784167,0.9619278584352493,7,56,0.008542090654373169,124.46875,True,36f1ed3c56808ceb8f8f5128e050621ce12f69f6838c19b9320fc0c6387c4781
D4_s3_n0.5_b16,D4,3,0.5,16,full_without_retransport,0.195,2.3717483424635977,0.1690026475769639,1.282570477913666,1.282570477913666,0.0,8,56,0.008291099220514297,124.46875,True,36f1ed3c56808ceb8f8f5128e050621ce12f69f6838c19b9320fc0c6387c4781
D4_s3_n0.5_b16,D4,3,0.5,16,full_followed_by_distillation,0.1225,2.2119916828869304,0.1265926095908963,1.282570477913666,1.136249729005637,0.14632074890802893,8,56,0.008167000487446785,124.46875,True,36f1ed3c56808ceb8f8f5128e050621ce12f69f6838c19b9320fc0c6387c4781
D4_s3_n0.5_b64,D4,3,0.5,64,context_blind_strict_synchronization,0.195,2.3717483424635977,0.1690026475769639,1.2934676825600038,1.2934676825600038,0.0,0,648,0.010167015716433525,124.46875,True,91bc818a0b06a5fb3b863051a3e2c82f0feeed6c462e825fc95b3a3e87760c32
D4_s3_n0.5_b64,D4,3,0.5,64,group_retransport_without_hodge,0.5683333333333334,1.7726117758353728,0.21073353986235419,1.2934676825600038,0.0,1.2934676825600038,7,56,0.008417060598731041,124.46875,True,91bc818a0b06a5fb3b863051a3e2c82f0feeed6c462e825fc95b3a3e87760c32
D4_s3_n0.5_b64,D4,3,0.5,64,weighted_hodge_without_low_rank,0.32,1.8784364797533248,0.06206768437619408,1.2934676825600038,0.6467338412800019,0.6467338412800019,7,56,0.008707866072654724,124.46875,True,91bc818a0b06a5fb3b863051a3e2c82f0feeed6c462e825fc95b3a3e87760c32
D4_s3_n0.5_b64,D4,3,0.5,64,generic_low_rank_residual_correction,0.1425,2.9199819653504924,0.3338591397197049,1.2934676825600038,1.733131540178302,-0.4396638576182983,2,648,0.008458038792014122,124.46875,True,91bc818a0b06a5fb3b863051a3e2c82f0feeed6c462e825fc95b3a3e87760c32
D4_s3_n0.5_b64,D4,3,0.5,64,hodge_low_rank_generic_retransport,0.25166666666666665,2.0485996676768066,0.08680494508492509,1.2934676825600038,0.8665657700891511,0.42690191247085263,7,56,0.008500181138515472,124.46875,True,91bc818a0b06a5fb3b863051a3e2c82f0feeed6c462e825fc95b3a3e87760c32
D4_s3_n0.5_b64,D4,3,0.5,64,group_retransport_without_low_rank,0.5683333333333334,1.7726117758353728,0.21073353986235419,1.2934676825600038,0.0,1.2934676825600038,7,648,0.008207978680729866,124.46875,True,91bc818a0b06a5fb3b863051a3e2c82f0feeed6c462e825fc95b3a3e87760c32
D4_s3_n0.5_b64,D4,3,0.5,64,full_twistedmerge_hodge_lr,0.5683333333333334,1.7726117758353728,0.2107335398623542,1.2934676825600038,1.2242632366057277e-15,1.2934676825600024,7,56,0.008790986612439156,124.46875,True,91bc818a0b06a5fb3b863051a3e2c82f0feeed6c462e825fc95b3a3e87760c32
D4_s3_n0.5_b64,D4,3,0.5,64,full_random_group_law,0.0,2.7157624631194577,0.363665516688435,1.2934676825600038,1.3990850875440928,-0.105617404984089,7,56,0.008792150765657425,124.46875,True,91bc818a0b06a5fb3b863051a3e2c82f0feeed6c462e825fc95b3a3e87760c32
D4_s3_n0.5_b64,D4,3,0.5,64,full_shuffled_generator_identities,0.145,2.4627445222162025,0.2240026475769639,1.2934676825600038,1.3971770501141136,-0.10370936755410987,8,56,0.008750008419156075,124.46875,True,91bc818a0b06a5fb3b863051a3e2c82f0feeed6c462e825fc95b3a3e87760c32
D4_s3_n0.5_b64,D4,3,0.5,64,full_wrong_multiplication_order,0.14,2.4849296856638134,0.22366551668843498,1.2934676825600038,1.3258403993200274,-0.03237271676002362,7,56,0.009124865755438805,124.46875,True,91bc818a0b06a5fb3b863051a3e2c82f0feeed6c462e825fc95b3a3e87760c32
D4_s3_n0.5_b64,D4,3,0.5,64,full_without_pooling,0.49916666666666665,1.7794319573330533,0.1936090335938015,1.2934676825600038,0.3233669206400009,0.9701007619200028,7,56,0.009167008101940155,124.46875,True,91bc818a0b06a5fb3b863051a3e2c82f0feeed6c462e825fc95b3a3e87760c32
D4_s3_n0.5_b64,D4,3,0.5,64,full_without_retransport,0.195,2.3717483424635977,0.1690026475769639,1.2934676825600038,1.2934676825600038,0.0,8,56,0.009417068213224411,124.46875,True,91bc818a0b06a5fb3b863051a3e2c82f0feeed6c462e825fc95b3a3e87760c32
D4_s3_n0.5_b64,D4,3,0.5,64,full_followed_by_distillation,0.1125,5.26950825184621,0.5915746783890012,1.2934676825600038,3.3292178686935823,-2.0357501861335785,8,56,0.008500181138515472,124.46875,True,91bc818a0b06a5fb3b863051a3e2c82f0feeed6c462e825fc95b3a3e87760c32
D4_s4_n0.2_b16,D4,4,0.2,16,context_blind_strict_synchronization,0.18083333333333335,2.3660719050437033,0.17664347251250773,1.25521457543036,1.25521457543036,0.0,0,648,0.009708106517791748,124.46875,True,42099a3cffdfc5ce9371a2e1a8e17c88f3e33cfbd1d3d7d935fb8dbb3735c51f
D4_s4_n0.2_b16,D4,4,0.2,16,group_retransport_without_hodge,0.8191666666666667,1.397506289284657,0.4689554300691605,1.25521457543036,0.0,1.25521457543036,7,56,0.008249888196587563,124.46875,True,42099a3cffdfc5ce9371a2e1a8e17c88f3e33cfbd1d3d7d935fb8dbb3735c51f
D4_s4_n0.2_b16,D4,4,0.2,16,weighted_hodge_without_low_rank,0.40166666666666667,1.699520465877958,0.1530942101064019,1.25521457543036,0.62760728771518,0.62760728771518,7,56,0.00858306884765625,124.46875,True,42099a3cffdfc5ce9371a2e1a8e17c88f3e33cfbd1d3d7d935fb8dbb3735c51f
D4_s4_n0.2_b16,D4,4,0.2,16,generic_low_rank_residual_correction,0.16416666666666666,2.3937366988252,0.18560648557943704,1.25521457543036,1.2567793299702357,-0.0015647545398755902,2,648,0.008292030543088913,124.46875,True,42099a3cffdfc5ce9371a2e1a8e17c88f3e33cfbd1d3d7d935fb8dbb3735c51f
D4_s4_n0.2_b16,D4,4,0.2,16,hodge_low_rank_generic_retransport,0.3975,1.7132013286233663,0.1346082319659728,1.25521457543036,0.6283896649851178,0.6268249104452422,7,56,0.008249888196587563,124.46875,True,42099a3cffdfc5ce9371a2e1a8e17c88f3e33cfbd1d3d7d935fb8dbb3735c51f
D4_s4_n0.2_b16,D4,4,0.2,16,group_retransport_without_low_rank,0.8191666666666667,1.397506289284657,0.4689554300691605,1.25521457543036,0.0,1.25521457543036,7,648,0.008083181455731392,124.46875,True,42099a3cffdfc5ce9371a2e1a8e17c88f3e33cfbd1d3d7d935fb8dbb3735c51f
D4_s4_n0.2_b16,D4,4,0.2,16,full_twistedmerge_hodge_lr,0.8191666666666667,1.397506289284657,0.46895543006916046,1.25521457543036,1.0183995452950054e-15,1.255214575430359,7,56,0.008584000170230865,124.46875,True,42099a3cffdfc5ce9371a2e1a8e17c88f3e33cfbd1d3d7d935fb8dbb3735c51f
D4_s4_n0.2_b16,D4,4,0.2,16,full_random_group_law,0.10833333333333334,2.522353623887753,0.24411589250646204,1.25521457543036,1.2990914233958568,-0.043876847965496735,7,56,0.008208910003304482,124.46875,True,42099a3cffdfc5ce9371a2e1a8e17c88f3e33cfbd1d3d7d935fb8dbb3735c51f
D4_s4_n0.2_b16,D4,4,0.2,16,full_shuffled_generator_identities,0.15,2.396590077970861,0.20244922583979535,1.25521457543036,1.3574407181937327,-0.10222614276337261,8,56,0.008499948307871819,124.46875,True,42099a3cffdfc5ce9371a2e1a8e17c88f3e33cfbd1d3d7d935fb8dbb3735c51f
D4_s4_n0.2_b16,D4,4,0.2,16,full_wrong_multiplication_order,0.14833333333333334,2.4377533928632524,0.20411589250646203,1.25521457543036,1.2640100068939875,-0.008795431463627379,7,56,0.008415896445512772,124.46875,True,42099a3cffdfc5ce9371a2e1a8e17c88f3e33cfbd1d3d7d935fb8dbb3735c51f
D4_s4_n0.2_b16,D4,4,0.2,16,full_without_pooling,0.7058333333333333,1.5051190844169806,0.41003119266874705,1.25521457543036,0.31380364385758985,0.9414109315727702,7,56,0.008167000487446785,124.46875,True,42099a3cffdfc5ce9371a2e1a8e17c88f3e33cfbd1d3d7d935fb8dbb3735c51f
D4_s4_n0.2_b16,D4,4,0.2,16,full_without_retransport,0.18083333333333335,2.3660719050437033,0.17664347251250773,1.25521457543036,1.25521457543036,0.0,8,56,0.008250121027231216,124.46875,True,42099a3cffdfc5ce9371a2e1a8e17c88f3e33cfbd1d3d7d935fb8dbb3735c51f
D4_s4_n0.2_b16,D4,4,0.2,16,full_followed_by_distillation,0.13,2.206859758144593,0.10489325927629325,1.25521457543036,1.0700656047431707,0.18514897068718938,8,56,0.008333008736371994,124.46875,True,42099a3cffdfc5ce9371a2e1a8e17c88f3e33cfbd1d3d7d935fb8dbb3735c51f
D4_s4_n0.2_b64,D4,4,0.2,64,context_blind_strict_synchronization,0.18083333333333335,2.3660719050437033,0.17664347251250773,1.2562651315096176,1.2562651315096176,0.0,0,648,0.009750016033649445,124.46875,True,0e9c3c698cde55345e5f2f8fae3f4f8ae9eb32320fd7f677fefb941847c2fc49
D4_s4_n0.2_b64,D4,4,0.2,64,group_retransport_without_hodge,0.8458333333333333,1.3385919780929236,0.4939554300691605,1.2562651315096176,0.0,1.2562651315096176,7,56,0.00833394005894661,124.46875,True,0e9c3c698cde55345e5f2f8fae3f4f8ae9eb32320fd7f677fefb941847c2fc49
D4_s4_n0.2_b64,D4,4,0.2,64,weighted_hodge_without_low_rank,0.43416666666666665,1.6693878327992402,0.18514568759734365,1.2562651315096176,0.6281325657548088,0.6281325657548088,7,56,0.009290874004364014,124.46875,True,0e9c3c698cde55345e5f2f8fae3f4f8ae9eb32320fd7f677fefb941847c2fc49
D4_s4_n0.2_b64,D4,4,0.2,64,generic_low_rank_residual_correction,0.1325,3.277460263647564,0.395095555808944,1.2562651315096176,1.9181953482986,-0.6619302167889825,2,648,0.008665956556797028,124.46875,True,0e9c3c698cde55345e5f2f8fae3f4f8ae9eb32320fd7f677fefb941847c2fc49
D4_s4_n0.2_b64,D4,4,0.2,64,hodge_low_rank_generic_retransport,0.27416666666666667,1.9601815956302793,0.09640550491889108,1.2562651315096176,0.9590976741493001,0.29716745736031747,7,56,0.008624978363513947,124.46875,True,0e9c3c698cde55345e5f2f8fae3f4f8ae9eb32320fd7f677fefb941847c2fc49
D4_s4_n0.2_b64,D4,4,0.2,64,group_retransport_without_low_rank,0.8458333333333333,1.3385919780929236,0.4939554300691605,1.2562651315096176,0.0,1.2562651315096176,7,648,0.008167000487446785,124.46875,True,0e9c3c698cde55345e5f2f8fae3f4f8ae9eb32320fd7f677fefb941847c2fc49
D4_s4_n0.2_b64,D4,4,0.2,64,full_twistedmerge_hodge_lr,0.8458333333333333,1.3385919780929236,0.49395543006916054,1.2562651315096176,9.956887555214253e-16,1.2562651315096167,7,56,0.008458038792014122,124.46875,True,0e9c3c698cde55345e5f2f8fae3f4f8ae9eb32320fd7f677fefb941847c2fc49
D4_s4_n0.2_b64,D4,4,0.2,64,full_random_group_law,0.0,2.6926870409260415,0.3524492258397953,1.2562651315096176,1.355349151322108,-0.09908401981249049,7,56,0.008416129276156425,124.46875,True,0e9c3c698cde55345e5f2f8fae3f4f8ae9eb32320fd7f677fefb941847c2fc49
D4_s4_n0.2_b64,D4,4,0.2,64,full_shuffled_generator_identities,0.11166666666666666,2.4841002641594407,0.24078255917312869,1.2562651315096176,1.3728269707186727,-0.11656183920905505,8,56,0.008499948307871819,124.46875,True,0e9c3c698cde55345e5f2f8fae3f4f8ae9eb32320fd7f677fefb941847c2fc49
D4_s4_n0.2_b64,D4,4,0.2,64,full_wrong_multiplication_order,0.14833333333333334,2.4377533928632524,0.20411589250646203,1.2562651315096176,1.2721909606333774,-0.015925829123759838,7,56,0.008249888196587563,124.46875,True,0e9c3c698cde55345e5f2f8fae3f4f8ae9eb32320fd7f677fefb941847c2fc49
D4_s4_n0.2_b64,D4,4,0.2,64,full_without_pooling,0.7358333333333333,1.4605829929025838,0.4393912317378545,1.2562651315096176,0.3140662828774046,0.942198848632213,7,56,0.008624978363513947,124.46875,True,0e9c3c698cde55345e5f2f8fae3f4f8ae9eb32320fd7f677fefb941847c2fc49
D4_s4_n0.2_b64,D4,4,0.2,64,full_without_retransport,0.18083333333333335,2.3660719050437033,0.17664347251250773,1.2562651315096176,1.2562651315096176,0.0,8,56,0.008291099220514297,124.46875,True,0e9c3c698cde55345e5f2f8fae3f4f8ae9eb32320fd7f677fefb941847c2fc49
D4_s4_n0.2_b64,D4,4,0.2,64,full_followed_by_distillation,0.1225,4.940633739572689,0.5842698405376017,1.2562651315096176,3.096401656752582,-1.8401365252429642,8,56,0.008209142833948135,124.46875,True,0e9c3c698cde55345e5f2f8fae3f4f8ae9eb32320fd7f677fefb941847c2fc49
D4_s4_n0.5_b16,D4,4,0.5,16,context_blind_strict_synchronization,0.18083333333333335,2.3660719050437033,0.17664347251250773,1.2621073734493036,1.2621073734493036,0.0,0,648,0.00995793379843235,124.46875,True,b84a43037d4e78c03172a663a8f5d5fdcd6b99b4edcc4e02fc75d22abb90cba6
D4_s4_n0.5_b16,D4,4,0.5,16,group_retransport_without_hodge,0.565,1.7809408861213247,0.22790273564085511,1.2621073734493036,0.0,1.2621073734493036,7,56,0.008665956556797028,124.46875,True,b84a43037d4e78c03172a663a8f5d5fdcd6b99b4edcc4e02fc75d22abb90cba6
D4_s4_n0.5_b16,D4,4,0.5,16,weighted_hodge_without_low_rank,0.32166666666666666,1.8879047866643843,0.07718693818181063,1.2621073734493036,0.6310536867246518,0.6310536867246518,7,56,0.01095794141292572,124.46875,True,b84a43037d4e78c03172a663a8f5d5fdcd6b99b4edcc4e02fc75d22abb90cba6
D4_s4_n0.5_b16,D4,4,0.5,16,generic_low_rank_residual_correction,0.16916666666666666,2.3932587870340436,0.1818816513717679,1.2621073734493036,1.2575164932654606,0.004590880183843016,2,648,0.009124865755438805,124.46875,True,b84a43037d4e78c03172a663a8f5d5fdcd6b99b4edcc4e02fc75d22abb90cba6
D4_s4_n0.5_b16,D4,4,0.5,16,hodge_low_rank_generic_retransport,0.31833333333333336,1.9031035167066692,0.05885304608945064,1.2621073734493036,0.62875824663273,0.6333491268165736,7,56,0.011791009455919266,124.46875,True,b84a43037d4e78c03172a663a8f5d5fdcd6b99b4edcc4e02fc75d22abb90cba6
D4_s4_n0.5_b16,D4,4,0.5,16,group_retransport_without_low_rank,0.565,1.7809408861213247,0.22790273564085511,1.2621073734493036,0.0,1.2621073734493036,7,648,0.008167000487446785,124.46875,True,b84a43037d4e78c03172a663a8f5d5fdcd6b99b4edcc4e02fc75d22abb90cba6
D4_s4_n0.5_b16,D4,4,0.5,16,full_twistedmerge_hodge_lr,0.565,1.7809408861213247,0.22790273564085495,1.2621073734493036,1.30796058084028e-15,1.2621073734493022,7,56,0.009125098586082458,124.46875,True,b84a43037d4e78c03172a663a8f5d5fdcd6b99b4edcc4e02fc75d22abb90cba6
D4_s4_n0.5_b16,D4,4,0.5,16,full_random_group_law,0.10833333333333334,2.522353623887753,0.24411589250646204,1.2621073734493036,1.2898587627849134,-0.027751389335609833,7,56,0.008832896128296852,124.46875,True,b84a43037d4e78c03172a663a8f5d5fdcd6b99b4edcc4e02fc75d22abb90cba6
D4_s4_n0.5_b16,D4,4,0.5,16,full_shuffled_generator_identities,0.1325,2.44401256231689,0.21994922583979531,1.2621073734493036,1.3556789978185255,-0.09357162436922195,8,56,0.00837491825222969,124.46875,True,b84a43037d4e78c03172a663a8f5d5fdcd6b99b4edcc4e02fc75d22abb90cba6
D4_s4_n0.5_b16,D4,4,0.5,16,full_wrong_multiplication_order,0.14833333333333334,2.4377533928632524,0.20411589250646203,1.2621073734493036,1.265912323719971,-0.0038049502706674065,7,56,0.008500181138515472,124.46875,True,b84a43037d4e78c03172a663a8f5d5fdcd6b99b4edcc4e02fc75d22abb90cba6
D4_s4_n0.5_b16,D4,4,0.5,16,full_without_pooling,0.495,1.790248824566792,0.20222424957974158,1.2621073734493036,0.31552684336232517,0.9465805300869784,7,56,0.008417060598731041,124.46875,True,b84a43037d4e78c03172a663a8f5d5fdcd6b99b4edcc4e02fc75d22abb90cba6
D4_s4_n0.5_b16,D4,4,0.5,16,full_without_retransport,0.18083333333333335,2.3660719050437033,0.17664347251250773,1.2621073734493036,1.2621073734493036,0.0,8,56,0.008207978680729866,124.46875,True,b84a43037d4e78c03172a663a8f5d5fdcd6b99b4edcc4e02fc75d22abb90cba6
D4_s4_n0.5_b16,D4,4,0.5,16,full_followed_by_distillation,0.13,2.206859758144593,0.10489325927629325,1.2621073734493036,1.0695652948006744,0.19254207864862916,8,56,0.008167000487446785,124.46875,True,b84a43037d4e78c03172a663a8f5d5fdcd6b99b4edcc4e02fc75d22abb90cba6
D4_s4_n0.5_b64,D4,4,0.5,64,context_blind_strict_synchronization,0.18083333333333335,2.3660719050437033,0.17664347251250773,1.2709745294711787,1.2709745294711787,0.0,0,648,0.010917196050286293,124.46875,True,11aea1380c148e8625015eac1b2e41ad95ddd1dad54c371c6df2ed3f346c4f04
D4_s4_n0.5_b64,D4,4,0.5,64,group_retransport_without_hodge,0.5491666666666667,1.8397137266770986,0.2120694023075218,1.2709745294711787,0.0,1.2709745294711787,7,56,0.00900006853044033,124.46875,True,11aea1380c148e8625015eac1b2e41ad95ddd1dad54c371c6df2ed3f346c4f04
D4_s4_n0.5_b64,D4,4,0.5,64,weighted_hodge_without_low_rank,0.31666666666666665,1.9154656807756885,0.0709532047299576,1.2709745294711787,0.6354872647355894,0.6354872647355894,7,56,0.009041046723723412,124.46875,True,11aea1380c148e8625015eac1b2e41ad95ddd1dad54c371c6df2ed3f346c4f04
D4_s4_n0.5_b64,D4,4,0.5,64,generic_low_rank_residual_correction,0.13583333333333333,3.303570933205802,0.4073964290958748,1.2709745294711787,1.9897946663768633,-0.7188201369056846,2,648,0.008791917935013771,124.46875,True,11aea1380c148e8625015eac1b2e41ad95ddd1dad54c371c6df2ed3f346c4f04
D4_s4_n0.5_b64,D4,4,0.5,64,hodge_low_rank_generic_retransport,0.21916666666666668,2.1982591799957945,0.15144694246783424,1.2709745294711787,0.9948973331884317,0.2760771962827471,7,56,0.008750008419156075,124.46875,True,11aea1380c148e8625015eac1b2e41ad95ddd1dad54c371c6df2ed3f346c4f04
D4_s4_n0.5_b64,D4,4,0.5,64,group_retransport_without_low_rank,0.5491666666666667,1.8397137266770986,0.2120694023075218,1.2709745294711787,0.0,1.2709745294711787,7,648,0.00858306884765625,124.46875,True,11aea1380c148e8625015eac1b2e41ad95ddd1dad54c371c6df2ed3f346c4f04
D4_s4_n0.5_b64,D4,4,0.5,64,full_twistedmerge_hodge_lr,0.5491666666666667,1.8397137266770986,0.21206940230752186,1.2709745294711787,1.2889024254248084e-15,1.2709745294711774,7,56,0.008708098903298378,124.46875,True,11aea1380c148e8625015eac1b2e41ad95ddd1dad54c371c6df2ed3f346c4f04
D4_s4_n0.5_b64,D4,4,0.5,64,full_random_group_law,0.0,2.6926870409260415,0.3524492258397953,1.2709745294711787,1.3119047947605846,-0.04093026528940591,7,56,0.009041978046298027,124.46875,True,11aea1380c148e8625015eac1b2e41ad95ddd1dad54c371c6df2ed3f346c4f04
D4_s4_n0.5_b64,D4,4,0.5,64,full_shuffled_generator_identities,0.12583333333333332,2.4778668294302477,0.226615892506462,1.2709745294711787,1.3639335006156748,-0.09295897114449603,8,56,0.008792150765657425,124.46875,True,11aea1380c148e8625015eac1b2e41ad95ddd1dad54c371c6df2ed3f346c4f04
D4_s4_n0.5_b64,D4,4,0.5,64,full_wrong_multiplication_order,0.14833333333333334,2.4377533928632524,0.20411589250646203,1.2709745294711787,1.2777386996603262,-0.006764170189147434,7,56,0.008707866072654724,124.46875,True,11aea1380c148e8625015eac1b2e41ad95ddd1dad54c371c6df2ed3f346c4f04
D4_s4_n0.5_b64,D4,4,0.5,64,full_without_pooling,0.48583333333333334,1.833139240552144,0.19129108734025047,1.2709745294711787,0.31774363236779524,0.9532308971033835,7,56,0.008875038474798203,124.46875,True,11aea1380c148e8625015eac1b2e41ad95ddd1dad54c371c6df2ed3f346c4f04
D4_s4_n0.5_b64,D4,4,0.5,64,full_without_retransport,0.18083333333333335,2.3660719050437033,0.17664347251250773,1.2709745294711787,1.2709745294711787,0.0,8,56,0.008875038474798203,124.46875,True,11aea1380c148e8625015eac1b2e41ad95ddd1dad54c371c6df2ed3f346c4f04
D4_s4_n0.5_b64,D4,4,0.5,64,full_followed_by_distillation,0.1225,4.940633739572689,0.5842698405376017,1.2709745294711787,3.0965765616042686,-1.82560203213309,8,56,0.008542090654373169,124.46875,True,11aea1380c148e8625015eac1b2e41ad95ddd1dad54c371c6df2ed3f346c4f04
D4_s5_n0.2_b16,D4,5,0.2,16,context_blind_strict_synchronization,0.175,2.426101863808853,0.19607478864452338,1.3441232414155921,1.3441232414155921,0.0,0,648,0.010208925232291222,124.46875,True,e6d1735779b077e13f9a8d4ef1f09bd4c5de52fcfea772f8e08f8607a19f0c1f
D4_s5_n0.2_b16,D4,5,0.2,16,group_retransport_without_hodge,0.8241666666666667,1.3147624691829087,0.4536719638684959,1.3441232414155921,0.0,1.3441232414155921,7,56,0.008584000170230865,124.46875,True,e6d1735779b077e13f9a8d4ef1f09bd4c5de52fcfea772f8e08f8607a19f0c1f
D4_s5_n0.2_b16,D4,5,0.2,16,weighted_hodge_without_low_rank,0.4058333333333333,1.6596759706490885,0.1492928343659046,1.3441232414155921,0.6720616207077961,0.6720616207077961,7,56,0.008417060598731041,124.46875,True,e6d1735779b077e13f9a8d4ef1f09bd4c5de52fcfea772f8e08f8607a19f0c1f
D4_s5_n0.2_b16,D4,5,0.2,16,generic_low_rank_residual_correction,0.15916666666666668,2.442917531406596,0.20800049002092244,1.3441232414155921,1.3394065433063553,0.0047166981092368054,2,648,0.00837491825222969,124.46875,True,e6d1735779b077e13f9a8d4ef1f09bd4c5de52fcfea772f8e08f8607a19f0c1f
D4_s5_n0.2_b16,D4,5,0.2,16,hodge_low_rank_generic_retransport,0.41333333333333333,1.6705729943056336,0.14166027101744508,1.3441232414155921,0.6697032716531774,0.6744199697624147,7,56,0.008457805961370468,124.46875,True,e6d1735779b077e13f9a8d4ef1f09bd4c5de52fcfea772f8e08f8607a19f0c1f
D4_s5_n0.2_b16,D4,5,0.2,16,group_retransport_without_low_rank,0.8241666666666667,1.3147624691829087,0.4536719638684959,1.3441232414155921,0.0,1.3441232414155921,7,648,0.008041970431804657,124.46875,True,e6d1735779b077e13f9a8d4ef1f09bd4c5de52fcfea772f8e08f8607a19f0c1f
D4_s5_n0.2_b16,D4,5,0.2,16,full_twistedmerge_hodge_lr,0.8241666666666667,1.3147624691829087,0.45367196386849584,1.3441232414155921,1.4819791896988555e-15,1.3441232414155906,7,56,0.008792150765657425,124.46875,True,e6d1735779b077e13f9a8d4ef1f09bd4c5de52fcfea772f8e08f8607a19f0c1f
D4_s5_n0.2_b16,D4,5,0.2,16,full_random_group_law,0.20833333333333334,2.322958470329952,0.16274145531119003,1.3441232414155921,1.3053181527624385,0.038805088653153685,7,56,0.008791917935013771,124.46875,True,e6d1735779b077e13f9a8d4ef1f09bd4c5de52fcfea772f8e08f8607a19f0c1f
D4_s5_n0.2_b16,D4,5,0.2,16,full_shuffled_generator_identities,0.115,2.5316954107516705,0.2560747886445233,1.3441232414155921,1.4826797818154704,-0.1385565403998783,8,56,0.008334172889590263,124.46875,True,e6d1735779b077e13f9a8d4ef1f09bd4c5de52fcfea772f8e08f8607a19f0c1f
D4_s5_n0.2_b16,D4,5,0.2,16,full_wrong_multiplication_order,0.14,2.468705508400605,0.23094545127283694,1.3441232414155921,1.3627757050486315,-0.018652463633039407,7,56,0.008292030543088913,124.46875,True,e6d1735779b077e13f9a8d4ef1f09bd4c5de52fcfea772f8e08f8607a19f0c1f
D4_s5_n0.2_b16,D4,5,0.2,16,full_without_pooling,0.7291666666666666,1.4372997484365335,0.419748624234383,1.3441232414155921,0.33603081035389776,1.0080924310616943,7,56,0.008417060598731041,124.46875,True,e6d1735779b077e13f9a8d4ef1f09bd4c5de52fcfea772f8e08f8607a19f0c1f
D4_s5_n0.2_b16,D4,5,0.2,16,full_without_retransport,0.175,2.426101863808853,0.19607478864452332,1.3441232414155921,1.3441232414155921,0.0,8,56,0.00837491825222969,124.46875,True,e6d1735779b077e13f9a8d4ef1f09bd4c5de52fcfea772f8e08f8607a19f0c1f
D4_s5_n0.2_b16,D4,5,0.2,16,full_followed_by_distillation,0.12166666666666667,2.195063126981194,0.12013298849845903,1.3441232414155921,1.1440483242261792,0.20007491718941295,8,56,0.008458038792014122,124.46875,True,e6d1735779b077e13f9a8d4ef1f09bd4c5de52fcfea772f8e08f8607a19f0c1f
D4_s5_n0.2_b64,D4,5,0.2,64,context_blind_strict_synchronization,0.175,2.426101863808853,0.19607478864452338,1.3363819059907187,1.3363819059907187,0.0,0,648,0.01191697083413601,124.46875,True,915c8caf3a0dfc898e021fa6a0cb854469db921a253303c8a18e825c4b7f7910
D4_s5_n0.2_b64,D4,5,0.2,64,group_retransport_without_hodge,0.8175,1.3585727318886522,0.44700529720182924,1.3363819059907187,0.0,1.3363819059907187,7,56,0.00837491825222969,124.46875,True,915c8caf3a0dfc898e021fa6a0cb854469db921a253303c8a18e825c4b7f7910
D4_s5_n0.2_b64,D4,5,0.2,64,weighted_hodge_without_low_rank,0.405,1.6854087961449233,0.1469098565756272,1.3363819059907187,0.6681909529953594,0.6681909529953594,7,56,0.009125098586082458,124.46875,True,915c8caf3a0dfc898e021fa6a0cb854469db921a253303c8a18e825c4b7f7910
D4_s5_n0.2_b64,D4,5,0.2,64,generic_low_rank_residual_correction,0.12666666666666668,3.24908859386843,0.3856528846038542,1.3363819059907187,1.997749295455154,-0.6613673894644352,2,648,0.008792150765657425,124.46875,True,915c8caf3a0dfc898e021fa6a0cb854469db921a253303c8a18e825c4b7f7910
D4_s5_n0.2_b64,D4,5,0.2,64,hodge_low_rank_generic_retransport,0.2916666666666667,1.94620852550018,0.06603155913095123,1.3363819059907187,0.9988746477275772,0.33750725826314154,7,56,0.00833394005894661,124.46875,True,915c8caf3a0dfc898e021fa6a0cb854469db921a253303c8a18e825c4b7f7910
D4_s5_n0.2_b64,D4,5,0.2,64,group_retransport_without_low_rank,0.8175,1.3585727318886522,0.44700529720182924,1.3363819059907187,0.0,1.3363819059907187,7,648,0.008083181455731392,124.46875,True,915c8caf3a0dfc898e021fa6a0cb854469db921a253303c8a18e825c4b7f7910
D4_s5_n0.2_b64,D4,5,0.2,64,full_twistedmerge_hodge_lr,0.8175,1.3585727318886525,0.44700529720182935,1.3363819059907187,1.2644747285837079e-15,1.3363819059907174,7,56,0.008666887879371643,124.46875,True,915c8caf3a0dfc898e021fa6a0cb854469db921a253303c8a18e825c4b7f7910
D4_s5_n0.2_b64,D4,5,0.2,64,full_random_group_law,0.21583333333333332,2.3619805868620998,0.16024145531119005,1.3363819059907187,1.3073635289428251,0.029018377047893562,7,56,0.008292030543088913,124.46875,True,915c8caf3a0dfc898e021fa6a0cb854469db921a253303c8a18e825c4b7f7910
D4_s5_n0.2_b64,D4,5,0.2,64,full_shuffled_generator_identities,0.12916666666666668,2.504028862819727,0.2435747886445233,1.3363819059907187,1.473784390682282,-0.13740248469156335,8,56,0.00837491825222969,124.46875,True,915c8caf3a0dfc898e021fa6a0cb854469db921a253303c8a18e825c4b7f7910
D4_s5_n0.2_b64,D4,5,0.2,64,full_wrong_multiplication_order,0.14,2.468705508400605,0.23094545127283694,1.3363819059907187,1.3506453024856706,-0.014263396494951897,7,56,0.013165874406695366,124.46875,True,915c8caf3a0dfc898e021fa6a0cb854469db921a253303c8a18e825c4b7f7910
D4_s5_n0.2_b64,D4,5,0.2,64,full_without_pooling,0.73,1.472796257544792,0.41984379368751973,1.3363819059907187,0.3340954764976804,1.0022864294930383,7,56,0.008667120710015297,124.46875,True,915c8caf3a0dfc898e021fa6a0cb854469db921a253303c8a18e825c4b7f7910
D4_s5_n0.2_b64,D4,5,0.2,64,full_without_retransport,0.175,2.426101863808853,0.19607478864452332,1.3363819059907187,1.3363819059907187,0.0,8,56,0.008375151082873344,124.46875,True,915c8caf3a0dfc898e021fa6a0cb854469db921a253303c8a18e825c4b7f7910
D4_s5_n0.2_b64,D4,5,0.2,64,full_followed_by_distillation,0.115,5.106127188185551,0.561207971065765,1.3363819059907187,3.2992991381306744,-1.9629172321399557,8,56,0.008209142833948135,124.46875,True,915c8caf3a0dfc898e021fa6a0cb854469db921a253303c8a18e825c4b7f7910
D4_s5_n0.5_b16,D4,5,0.5,16,context_blind_strict_synchronization,0.175,2.426101863808853,0.19607478864452338,1.3452386188972552,1.3452386188972552,0.0,0,648,0.009833136573433876,124.46875,True,cdb08f108ab187319df9adddad2d46eacb79d60f9ca7c8db3b41716e51c86c58
D4_s5_n0.5_b16,D4,5,0.5,16,group_retransport_without_hodge,0.5425,1.8499862404766918,0.19607345224837577,1.3452386188972552,0.0,1.3452386188972552,7,56,0.008541857823729515,124.46875,True,cdb08f108ab187319df9adddad2d46eacb79d60f9ca7c8db3b41716e51c86c58
D4_s5_n0.5_b16,D4,5,0.5,16,weighted_hodge_without_low_rank,0.30833333333333335,1.9272792818610838,0.05945377977155694,1.3452386188972552,0.6726193094486276,0.6726193094486276,7,56,0.009125098586082458,124.46875,True,cdb08f108ab187319df9adddad2d46eacb79d60f9ca7c8db3b41716e51c86c58
D4_s5_n0.5_b16,D4,5,0.5,16,generic_low_rank_residual_correction,0.16333333333333333,2.44195413781688,0.2035500347472665,1.3452386188972552,1.3353008309054004,0.00993778799185474,2,648,0.008541159331798553,124.46875,True,cdb08f108ab187319df9adddad2d46eacb79d60f9ca7c8db3b41716e51c86c58
D4_s5_n0.5_b16,D4,5,0.5,16,hodge_low_rank_generic_retransport,0.32666666666666666,1.9392255818947202,0.06028395535609491,1.3452386188972552,0.6676504154527002,0.677588203444555,7,56,0.008624978363513947,124.46875,True,cdb08f108ab187319df9adddad2d46eacb79d60f9ca7c8db3b41716e51c86c58
D4_s5_n0.5_b16,D4,5,0.5,16,group_retransport_without_low_rank,0.5425,1.8499862404766918,0.19607345224837577,1.3452386188972552,0.0,1.3452386188972552,7,648,0.008458970114588737,124.46875,True,cdb08f108ab187319df9adddad2d46eacb79d60f9ca7c8db3b41716e51c86c58
D4_s5_n0.5_b16,D4,5,0.5,16,full_twistedmerge_hodge_lr,0.5425,1.8499862404766918,0.19607345224837577,1.3452386188972552,8.590424478346383e-16,1.3452386188972543,7,56,0.008667120710015297,124.46875,True,cdb08f108ab187319df9adddad2d46eacb79d60f9ca7c8db3b41716e51c86c58
D4_s5_n0.5_b16,D4,5,0.5,16,full_random_group_law,0.20833333333333334,2.322958470329952,0.16274145531119003,1.3452386188972552,1.3216591306818504,0.023579488215404787,7,56,0.008750008419156075,124.46875,True,cdb08f108ab187319df9adddad2d46eacb79d60f9ca7c8db3b41716e51c86c58
D4_s5_n0.5_b16,D4,5,0.5,16,full_shuffled_generator_identities,0.13416666666666666,2.496106596891989,0.23677878460617022,1.3452386188972552,1.466590894412659,-0.12135227551540395,8,56,0.013750046491622925,124.46875,True,cdb08f108ab187319df9adddad2d46eacb79d60f9ca7c8db3b41716e51c86c58
D4_s5_n0.5_b16,D4,5,0.5,16,full_wrong_multiplication_order,0.14,2.468705508400605,0.23094545127283694,1.3452386188972552,1.3413052779848829,0.003933340912372296,7,56,0.012999866157770157,124.46875,True,cdb08f108ab187319df9adddad2d46eacb79d60f9ca7c8db3b41716e51c86c58
D4_s5_n0.5_b16,D4,5,0.5,16,full_without_pooling,0.49833333333333335,1.8384390252298048,0.19345972186110863,1.3452386188972552,0.3363096547243137,1.0089289641729415,7,56,0.011291122063994408,124.46875,True,cdb08f108ab187319df9adddad2d46eacb79d60f9ca7c8db3b41716e51c86c58
D4_s5_n0.5_b16,D4,5,0.5,16,full_without_retransport,0.175,2.426101863808853,0.19607478864452332,1.3452386188972552,1.3452386188972552,0.0,8,56,0.009875046089291573,124.46875,True,cdb08f108ab187319df9adddad2d46eacb79d60f9ca7c8db3b41716e51c86c58
D4_s5_n0.5_b16,D4,5,0.5,16,full_followed_by_distillation,0.12166666666666667,2.195063126981194,0.12013298849845903,1.3452386188972552,1.1390004207479694,0.2062381981492858,8,56,0.009958865121006966,124.46875,True,cdb08f108ab187319df9adddad2d46eacb79d60f9ca7c8db3b41716e51c86c58
D4_s5_n0.5_b64,D4,5,0.5,64,context_blind_strict_synchronization,0.175,2.426101863808853,0.19607478864452338,1.3307566609546118,1.3307566609546118,0.0,0,648,0.0100000761449337,124.46875,True,57c8d6668d034d24b5ced4f9bed0dcb6db12995cb42360a8fb31df73c137a364
D4_s5_n0.5_b64,D4,5,0.5,64,group_retransport_without_hodge,0.5591666666666667,1.774621223867738,0.20607345224837575,1.3307566609546118,0.0,1.3307566609546118,7,56,0.008250121027231216,124.46875,True,57c8d6668d034d24b5ced4f9bed0dcb6db12995cb42360a8fb31df73c137a364
D4_s5_n0.5_b64,D4,5,0.5,64,weighted_hodge_without_low_rank,0.32166666666666666,1.8931274039290884,0.06987991798815764,1.3307566609546118,0.6653783304773059,0.6653783304773059,7,56,0.008333008736371994,124.46875,True,57c8d6668d034d24b5ced4f9bed0dcb6db12995cb42360a8fb31df73c137a364
D4_s5_n0.5_b64,D4,5,0.5,64,generic_low_rank_residual_correction,0.12,3.256343156878126,0.3923100289417971,1.3307566609546118,1.9582941196450934,-0.6275374586904816,2,648,0.00958307646214962,124.46875,True,57c8d6668d034d24b5ced4f9bed0dcb6db12995cb42360a8fb31df73c137a364
D4_s5_n0.5_b64,D4,5,0.5,64,hodge_low_rank_generic_retransport,0.24083333333333334,2.157700787547576,0.11764291694526925,1.3307566609546118,0.9791470598225466,0.3516096011320652,7,56,0.008667120710015297,124.46875,True,57c8d6668d034d24b5ced4f9bed0dcb6db12995cb42360a8fb31df73c137a364
D4_s5_n0.5_b64,D4,5,0.5,64,group_retransport_without_low_rank,0.5591666666666667,1.774621223867738,0.20607345224837575,1.3307566609546118,0.0,1.3307566609546118,7,648,0.008207978680729866,124.46875,True,57c8d6668d034d24b5ced4f9bed0dcb6db12995cb42360a8fb31df73c137a364
D4_s5_n0.5_b64,D4,5,0.5,64,full_twistedmerge_hodge_lr,0.5591666666666667,1.774621223867738,0.2060734522483757,1.3307566609546118,9.211017085540249e-16,1.3307566609546109,7,56,0.00895792618393898,124.46875,True,57c8d6668d034d24b5ced4f9bed0dcb6db12995cb42360a8fb31df73c137a364
D4_s5_n0.5_b64,D4,5,0.5,64,full_random_group_law,0.21583333333333332,2.3619805868620998,0.16024145531119005,1.3307566609546118,1.3256698109381706,0.005086850016441158,7,56,0.008624978363513947,124.46875,True,57c8d6668d034d24b5ced4f9bed0dcb6db12995cb42360a8fb31df73c137a364
D4_s5_n0.5_b64,D4,5,0.5,64,full_shuffled_generator_identities,0.1175,2.5035866137319616,0.25524145531119,1.3307566609546118,1.4725793417790458,-0.14182268082443406,8,56,0.008249888196587563,124.46875,True,57c8d6668d034d24b5ced4f9bed0dcb6db12995cb42360a8fb31df73c137a364
D4_s5_n0.5_b64,D4,5,0.5,64,full_wrong_multiplication_order,0.14,2.468705508400605,0.23094545127283694,1.3307566609546118,1.341490762932436,-0.010734101977824206,7,56,0.008208910003304482,124.46875,True,57c8d6668d034d24b5ced4f9bed0dcb6db12995cb42360a8fb31df73c137a364
D4_s5_n0.5_b64,D4,5,0.5,64,full_without_pooling,0.5016666666666667,1.784593224786859,0.19684479398881596,1.3307566609546118,0.33268916523865255,0.9980674957159592,7,56,0.008207978680729866,124.46875,True,57c8d6668d034d24b5ced4f9bed0dcb6db12995cb42360a8fb31df73c137a364
D4_s5_n0.5_b64,D4,5,0.5,64,full_without_retransport,0.175,2.426101863808853,0.19607478864452332,1.3307566609546118,1.3307566609546118,0.0,8,56,0.008417060598731041,124.46875,True,57c8d6668d034d24b5ced4f9bed0dcb6db12995cb42360a8fb31df73c137a364
D4_s5_n0.5_b64,D4,5,0.5,64,full_followed_by_distillation,0.115,5.106127188185551,0.561207971065765,1.3307566609546118,3.2965053603503787,-1.965748699395767,8,56,0.00820821151137352,124.46875,True,57c8d6668d034d24b5ced4f9bed0dcb6db12995cb42360a8fb31df73c137a364
D4_s6_n0.2_b16,D4,6,0.2,16,context_blind_strict_synchronization,0.18916666666666668,2.3637792789759646,0.17196638172814446,1.2406820972212447,1.2406820972212447,0.0,0,648,0.011375173926353455,124.46875,True,7742c316ac71d59c6316336a49880715130f89636ba536e951bdfd56244586cc
D4_s6_n0.2_b16,D4,6,0.2,16,group_retransport_without_hodge,0.8216666666666667,1.3611613975027608,0.4618417408392488,1.2406820972212447,0.0,1.2406820972212447,7,56,0.008249888196587563,124.46875,True,7742c316ac71d59c6316336a49880715130f89636ba536e951bdfd56244586cc
D4_s6_n0.2_b16,D4,6,0.2,16,weighted_hodge_without_low_rank,0.42083333333333334,1.6787956521677585,0.16932253893432822,1.2406820972212447,0.6203410486106223,0.6203410486106223,7,56,0.008458970114588737,124.46875,True,7742c316ac71d59c6316336a49880715130f89636ba536e951bdfd56244586cc
D4_s6_n0.2_b16,D4,6,0.2,16,generic_low_rank_residual_correction,0.16166666666666665,2.373019318144545,0.19624732687901952,1.2406820972212447,1.252294091443196,-0.01161199422195125,2,648,0.008541857823729515,124.46875,True,7742c316ac71d59c6316336a49880715130f89636ba536e951bdfd56244586cc
D4_s6_n0.2_b16,D4,6,0.2,16,hodge_low_rank_generic_retransport,0.405,1.6821806977464144,0.13730747496115525,1.2406820972212447,0.6261470457215982,0.6145350514996465,7,56,0.009499955922365189,124.46875,True,7742c316ac71d59c6316336a49880715130f89636ba536e951bdfd56244586cc
D4_s6_n0.2_b16,D4,6,0.2,16,group_retransport_without_low_rank,0.8216666666666667,1.3611613975027608,0.4618417408392488,1.2406820972212447,0.0,1.2406820972212447,7,648,0.00837491825222969,124.46875,True,7742c316ac71d59c6316336a49880715130f89636ba536e951bdfd56244586cc
D4_s6_n0.2_b16,D4,6,0.2,16,full_twistedmerge_hodge_lr,0.8216666666666667,1.3611613975027608,0.4618417408392489,1.2406820972212447,9.598140750933234e-16,1.2406820972212438,7,56,0.008792150765657425,124.46875,True,7742c316ac71d59c6316336a49880715130f89636ba536e951bdfd56244586cc
D4_s6_n0.2_b16,D4,6,0.2,16,full_random_group_law,0.19666666666666666,2.3821230817213763,0.16353209978849056,1.2406820972212447,1.2380652477998202,0.002616849421424483,7,56,0.008333008736371994,124.46875,True,7742c316ac71d59c6316336a49880715130f89636ba536e951bdfd56244586cc
D4_s6_n0.2_b16,D4,6,0.2,16,full_shuffled_generator_identities,0.13916666666666666,2.401576689533095,0.22103209978849062,1.2406820972212447,1.3843693930172043,-0.14368729579595962,8,56,0.008333008736371994,124.46875,True,7742c316ac71d59c6316336a49880715130f89636ba536e951bdfd56244586cc
D4_s6_n0.2_b16,D4,6,0.2,16,full_wrong_multiplication_order,0.12333333333333334,2.4682159987500563,0.23686543312182395,1.2406820972212447,1.289005784515561,-0.04832368729431624,7,56,0.008792150765657425,124.46875,True,7742c316ac71d59c6316336a49880715130f89636ba536e951bdfd56244586cc
D4_s6_n0.2_b16,D4,6,0.2,16,full_without_pooling,0.7016666666666667,1.4762558377064479,0.40097998301132176,1.2406820972212447,0.3101705243053114,0.9305115729159332,7,56,0.008167000487446785,124.46875,True,7742c316ac71d59c6316336a49880715130f89636ba536e951bdfd56244586cc
D4_s6_n0.2_b16,D4,6,0.2,16,full_without_retransport,0.18916666666666668,2.3637792789759646,0.17196638172814446,1.2406820972212447,1.2406820972212447,0.0,8,56,0.008249888196587563,124.46875,True,7742c316ac71d59c6316336a49880715130f89636ba536e951bdfd56244586cc
D4_s6_n0.2_b16,D4,6,0.2,16,full_followed_by_distillation,0.125,2.1932414036777974,0.12193217913617824,1.2406820972212447,1.0989638014746268,0.14171829574661787,8,56,0.008167000487446785,124.46875,True,7742c316ac71d59c6316336a49880715130f89636ba536e951bdfd56244586cc
D4_s6_n0.2_b64,D4,6,0.2,64,context_blind_strict_synchronization,0.18916666666666668,2.3637792789759646,0.17196638172814446,1.2356304297541032,1.2356304297541032,0.0,0,648,0.010167015716433525,124.46875,True,c907e00dc4b71dd0f0c222ecc03fe194cf12f76ee6b7e6a2cd418379aa10558a
D4_s6_n0.2_b64,D4,6,0.2,64,group_retransport_without_hodge,0.8333333333333334,1.358130212831278,0.4741509838275437,1.2356304297541032,0.0,1.2356304297541032,7,56,0.008499948307871819,124.46875,True,c907e00dc4b71dd0f0c222ecc03fe194cf12f76ee6b7e6a2cd418379aa10558a
D4_s6_n0.2_b64,D4,6,0.2,64,weighted_hodge_without_low_rank,0.4216666666666667,1.6784093419988328,0.1692967290131175,1.2356304297541032,0.6178152148770516,0.6178152148770516,7,56,0.008707866072654724,124.46875,True,c907e00dc4b71dd0f0c222ecc03fe194cf12f76ee6b7e6a2cd418379aa10558a
D4_s6_n0.2_b64,D4,6,0.2,64,generic_low_rank_residual_correction,0.14083333333333334,2.860839109608381,0.3202449774493346,1.2356304297541032,1.711452099744746,-0.4758216699906428,2,648,0.008707866072654724,124.46875,True,c907e00dc4b71dd0f0c222ecc03fe194cf12f76ee6b7e6a2cd418379aa10558a
D4_s6_n0.2_b64,D4,6,0.2,64,hodge_low_rank_generic_retransport,0.3333333333333333,1.8275690310982569,0.023161131709102993,1.2356304297541032,0.855726049872373,0.3799043798817302,7,56,0.008499948307871819,124.46875,True,c907e00dc4b71dd0f0c222ecc03fe194cf12f76ee6b7e6a2cd418379aa10558a
D4_s6_n0.2_b64,D4,6,0.2,64,group_retransport_without_low_rank,0.8333333333333334,1.358130212831278,0.4741509838275437,1.2356304297541032,0.0,1.2356304297541032,7,648,0.008875038474798203,124.46875,True,c907e00dc4b71dd0f0c222ecc03fe194cf12f76ee6b7e6a2cd418379aa10558a
D4_s6_n0.2_b64,D4,6,0.2,64,full_twistedmerge_hodge_lr,0.8333333333333334,1.358130212831278,0.4741509838275437,1.2356304297541032,7.518548206860034e-16,1.2356304297541025,7,56,0.012249918654561043,124.46875,True,c907e00dc4b71dd0f0c222ecc03fe194cf12f76ee6b7e6a2cd418379aa10558a
D4_s6_n0.2_b64,D4,6,0.2,64,full_random_group_law,0.215,2.309262354137993,0.15113304839481112,1.2356304297541032,1.2328570023647805,0.0027734273893227357,7,56,0.015624798834323883,124.46875,True,c907e00dc4b71dd0f0c222ecc03fe194cf12f76ee6b7e6a2cd418379aa10558a
D4_s6_n0.2_b64,D4,6,0.2,64,full_shuffled_generator_identities,0.12166666666666667,2.4910893377003176,0.2385320997884906,1.2356304297541032,1.3936564143144665,-0.15802598456036332,8,56,0.010750023648142815,124.46875,True,c907e00dc4b71dd0f0c222ecc03fe194cf12f76ee6b7e6a2cd418379aa10558a
D4_s6_n0.2_b64,D4,6,0.2,64,full_wrong_multiplication_order,0.12333333333333334,2.4682159987500563,0.23686543312182395,1.2356304297541032,1.2952089388620813,-0.05957850910797813,7,56,0.009791925549507141,124.46875,True,c907e00dc4b71dd0f0c222ecc03fe194cf12f76ee6b7e6a2cd418379aa10558a
D4_s6_n0.2_b64,D4,6,0.2,64,full_without_pooling,0.7091666666666666,1.474958328515631,0.407927525378081,1.2356304297541032,0.30890760743852597,0.9267228223155772,7,56,0.009958865121006966,124.46875,True,c907e00dc4b71dd0f0c222ecc03fe194cf12f76ee6b7e6a2cd418379aa10558a
D4_s6_n0.2_b64,D4,6,0.2,64,full_without_retransport,0.18916666666666668,2.3637792789759646,0.17196638172814446,1.2356304297541032,1.2356304297541032,0.0,8,56,0.008958857506513596,124.46875,True,c907e00dc4b71dd0f0c222ecc03fe194cf12f76ee6b7e6a2cd418379aa10558a
D4_s6_n0.2_b64,D4,6,0.2,64,full_followed_by_distillation,0.1275,5.117823152055546,0.5797614279153205,1.2356304297541032,3.365305860199817,-2.1296754304457135,8,56,0.008416129276156425,124.46875,True,c907e00dc4b71dd0f0c222ecc03fe194cf12f76ee6b7e6a2cd418379aa10558a
D4_s6_n0.5_b16,D4,6,0.5,16,context_blind_strict_synchronization,0.18916666666666668,2.3637792789759646,0.17196638172814446,1.2486150306425434,1.2486150306425434,0.0,0,648,0.009832903742790222,124.46875,True,fba83d2857aa8081cfb818b80ecbe4aa6b681409dd1989f0c55f52f56d483c4e
D4_s6_n0.5_b16,D4,6,0.5,16,group_retransport_without_hodge,0.5725,1.7446220634218246,0.22202163889660864,1.2486150306425434,0.0,1.2486150306425434,7,56,0.008292030543088913,124.46875,True,fba83d2857aa8081cfb818b80ecbe4aa6b681409dd1989f0c55f52f56d483c4e
D4_s6_n0.5_b16,D4,6,0.5,16,weighted_hodge_without_low_rank,0.315,1.868912248610907,0.0643352000464167,1.2486150306425434,0.6243075153212717,0.6243075153212717,7,56,0.008249888196587563,124.46875,True,fba83d2857aa8081cfb818b80ecbe4aa6b681409dd1989f0c55f52f56d483c4e
D4_s6_n0.5_b16,D4,6,0.5,16,generic_low_rank_residual_correction,0.16166666666666665,2.372774421000537,0.1963734945625556,1.2486150306425434,1.2548511569935836,-0.006236126351040205,2,648,0.008290866389870644,124.46875,True,fba83d2857aa8081cfb818b80ecbe4aa6b681409dd1989f0c55f52f56d483c4e
D4_s6_n0.5_b16,D4,6,0.5,16,hodge_low_rank_generic_retransport,0.32416666666666666,1.873956952220389,0.056154073549863334,1.2486150306425434,0.6274255784967916,0.6211894521457518,7,56,0.00820821151137352,124.46875,True,fba83d2857aa8081cfb818b80ecbe4aa6b681409dd1989f0c55f52f56d483c4e
D4_s6_n0.5_b16,D4,6,0.5,16,group_retransport_without_low_rank,0.5725,1.7446220634218246,0.22202163889660864,1.2486150306425434,0.0,1.2486150306425434,7,648,0.008124858140945435,124.46875,True,fba83d2857aa8081cfb818b80ecbe4aa6b681409dd1989f0c55f52f56d483c4e
D4_s6_n0.5_b16,D4,6,0.5,16,full_twistedmerge_hodge_lr,0.5725,1.7446220634218246,0.2220216388966085,1.2486150306425434,1.3355208321307897e-15,1.248615030642542,7,56,0.00837491825222969,124.46875,True,fba83d2857aa8081cfb818b80ecbe4aa6b681409dd1989f0c55f52f56d483c4e
D4_s6_n0.5_b16,D4,6,0.5,16,full_random_group_law,0.19666666666666666,2.3821230817213763,0.16353209978849056,1.2486150306425434,1.255602214634355,-0.006987183991811641,7,56,0.008249888196587563,124.46875,True,fba83d2857aa8081cfb818b80ecbe4aa6b681409dd1989f0c55f52f56d483c4e
D4_s6_n0.5_b16,D4,6,0.5,16,full_shuffled_generator_identities,0.125,2.4527328244524633,0.23519876645515728,1.2486150306425434,1.38922150429272,-0.14060647365017664,8,56,0.008249888196587563,124.46875,True,fba83d2857aa8081cfb818b80ecbe4aa6b681409dd1989f0c55f52f56d483c4e
D4_s6_n0.5_b16,D4,6,0.5,16,full_wrong_multiplication_order,0.12333333333333334,2.4682159987500563,0.23686543312182395,1.2486150306425434,1.296862689628365,-0.04824765898582162,7,56,0.008165836334228516,124.46875,True,fba83d2857aa8081cfb818b80ecbe4aa6b681409dd1989f0c55f52f56d483c4e
D4_s6_n0.5_b16,D4,6,0.5,16,full_without_pooling,0.5016666666666667,1.7625925006426315,0.20153822916453187,1.2486150306425434,0.31215375766063524,0.9364612729819082,7,56,0.008458038792014122,124.46875,True,fba83d2857aa8081cfb818b80ecbe4aa6b681409dd1989f0c55f52f56d483c4e
D4_s6_n0.5_b16,D4,6,0.5,16,full_without_retransport,0.18916666666666668,2.3637792789759646,0.17196638172814446,1.2486150306425434,1.2486150306425434,0.0,8,56,0.008333008736371994,124.46875,True,fba83d2857aa8081cfb818b80ecbe4aa6b681409dd1989f0c55f52f56d483c4e
D4_s6_n0.5_b16,D4,6,0.5,16,full_followed_by_distillation,0.125,2.1932414036777974,0.12193217913617824,1.2486150306425434,1.0984841356989157,0.15013089494362775,8,56,0.008167000487446785,124.46875,True,fba83d2857aa8081cfb818b80ecbe4aa6b681409dd1989f0c55f52f56d483c4e
D4_s6_n0.5_b64,D4,6,0.5,64,context_blind_strict_synchronization,0.18916666666666668,2.3637792789759646,0.17196638172814446,1.2567100678288499,1.2567100678288499,0.0,0,648,0.010415911674499512,124.46875,True,1bd3a7d463d68701a9c5320cc235a1db7b511db20fcb53098183eddca376a7a5
D4_s6_n0.5_b64,D4,6,0.5,64,group_retransport_without_hodge,0.5683333333333334,1.7549017710517205,0.22016421521823684,1.2567100678288499,0.0,1.2567100678288499,7,56,0.008709030225872993,124.46875,True,1bd3a7d463d68701a9c5320cc235a1db7b511db20fcb53098183eddca376a7a5
D4_s6_n0.5_b64,D4,6,0.5,64,weighted_hodge_without_low_rank,0.325,1.8719242341324522,0.07578755188970566,1.2567100678288499,0.6283550339144249,0.6283550339144249,7,56,0.00858306884765625,124.46875,True,1bd3a7d463d68701a9c5320cc235a1db7b511db20fcb53098183eddca376a7a5
D4_s6_n0.5_b64,D4,6,0.5,64,generic_low_rank_residual_correction,0.1425,2.9202819824135857,0.32001426419731754,1.2567100678288499,1.7489648121321946,-0.4922547443033447,2,648,0.008250121027231216,124.46875,True,1bd3a7d463d68701a9c5320cc235a1db7b511db20fcb53098183eddca376a7a5
D4_s6_n0.5_b64,D4,6,0.5,64,hodge_low_rank_generic_retransport,0.2633333333333333,2.045162022125971,0.06791093967506928,1.2567100678288499,0.874482406066097,0.3822276617627529,7,56,0.008458038792014122,124.46875,True,1bd3a7d463d68701a9c5320cc235a1db7b511db20fcb53098183eddca376a7a5
D4_s6_n0.5_b64,D4,6,0.5,64,group_retransport_without_low_rank,0.5683333333333334,1.7549017710517205,0.22016421521823684,1.2567100678288499,0.0,1.2567100678288499,7,648,0.008207978680729866,124.46875,True,1bd3a7d463d68701a9c5320cc235a1db7b511db20fcb53098183eddca376a7a5
D4_s6_n0.5_b64,D4,6,0.5,64,full_twistedmerge_hodge_lr,0.5683333333333334,1.7549017710517205,0.2201642152182368,1.2567100678288499,1.1336447134543051e-15,1.2567100678288488,7,56,0.00837491825222969,124.46875,True,1bd3a7d463d68701a9c5320cc235a1db7b511db20fcb53098183eddca376a7a5
D4_s6_n0.5_b64,D4,6,0.5,64,full_random_group_law,0.215,2.309262354137993,0.15113304839481112,1.2567100678288499,1.2461905520689764,0.010519515759873421,7,56,0.00816606916487217,124.46875,True,1bd3a7d463d68701a9c5320cc235a1db7b511db20fcb53098183eddca376a7a5
D4_s6_n0.5_b64,D4,6,0.5,64,full_shuffled_generator_identities,0.12916666666666668,2.4595163618039675,0.2310320997884906,1.2567100678288499,1.397160327657265,-0.1404502598284152,8,56,0.008708098903298378,124.46875,True,1bd3a7d463d68701a9c5320cc235a1db7b511db20fcb53098183eddca376a7a5
D4_s6_n0.5_b64,D4,6,0.5,64,full_wrong_multiplication_order,0.12333333333333334,2.4682159987500563,0.23686543312182395,1.2567100678288499,1.2789587993651275,-0.0222487315362776,7,56,0.008875038474798203,124.46875,True,1bd3a7d463d68701a9c5320cc235a1db7b511db20fcb53098183eddca376a7a5
D4_s6_n0.5_b64,D4,6,0.5,64,full_without_pooling,0.5058333333333334,1.7688497511084422,0.20628651326698652,1.2567100678288499,0.3141775169572119,0.942532550871638,7,56,0.008958857506513596,124.46875,True,1bd3a7d463d68701a9c5320cc235a1db7b511db20fcb53098183eddca376a7a5
D4_s6_n0.5_b64,D4,6,0.5,64,full_without_retransport,0.18916666666666668,2.3637792789759646,0.17196638172814444,1.2567100678288499,1.2567100678288499,0.0,8,56,0.008333008736371994,124.46875,True,1bd3a7d463d68701a9c5320cc235a1db7b511db20fcb53098183eddca376a7a5
D4_s6_n0.5_b64,D4,6,0.5,64,full_followed_by_distillation,0.1275,5.117823152055546,0.5797614279153205,1.2567100678288499,3.3655001849243966,-2.1087901170955465,8,56,0.008250121027231216,124.46875,True,1bd3a7d463d68701a9c5320cc235a1db7b511db20fcb53098183eddca376a7a5
D4_s7_n0.2_b16,D4,7,0.2,16,context_blind_strict_synchronization,0.18166666666666667,2.3771862948064753,0.17760778689814363,1.2601469237428744,1.2601469237428744,0.0,0,648,0.014791963621973991,124.46875,True,cda1f8de0753d551f0b08758d4fe078cab87f73eb1c44c47739005dfe6ca9228
D4_s7_n0.2_b16,D4,7,0.2,16,group_retransport_without_hodge,0.8266666666666667,1.3499431197788867,0.473911423277599,1.2601469237428744,0.0,1.2601469237428744,7,56,0.009125098586082458,124.46875,True,cda1f8de0753d551f0b08758d4fe078cab87f73eb1c44c47739005dfe6ca9228
D4_s7_n0.2_b16,D4,7,0.2,16,weighted_hodge_without_low_rank,0.4066666666666667,1.677137029858924,0.15577118688575486,1.2601469237428744,0.6300734618714371,0.6300734618714373,7,56,0.009084120392799377,124.46875,True,cda1f8de0753d551f0b08758d4fe078cab87f73eb1c44c47739005dfe6ca9228
D4_s7_n0.2_b16,D4,7,0.2,16,generic_low_rank_residual_correction,0.15666666666666668,2.435848316898944,0.19954273687222945,1.2601469237428744,1.2806141008516032,-0.020467177108728807,2,648,0.009582843631505966,124.46875,True,cda1f8de0753d551f0b08758d4fe078cab87f73eb1c44c47739005dfe6ca9228
D4_s7_n0.2_b16,D4,7,0.2,16,hodge_low_rank_generic_retransport,0.3875,1.702066153566794,0.12170473371561387,1.2601469237428744,0.6403070504258018,0.6198398733170726,7,56,0.008584000170230865,124.46875,True,cda1f8de0753d551f0b08758d4fe078cab87f73eb1c44c47739005dfe6ca9228
D4_s7_n0.2_b16,D4,7,0.2,16,group_retransport_without_low_rank,0.8266666666666667,1.3499431197788867,0.473911423277599,1.2601469237428744,0.0,1.2601469237428744,7,648,0.008334172889590263,124.46875,True,cda1f8de0753d551f0b08758d4fe078cab87f73eb1c44c47739005dfe6ca9228
D4_s7_n0.2_b16,D4,7,0.2,16,full_twistedmerge_hodge_lr,0.8266666666666667,1.349943119778887,0.473911423277599,1.2601469237428744,1.2271313546685536e-15,1.260146923742873,7,56,0.008709030225872993,124.46875,True,cda1f8de0753d551f0b08758d4fe078cab87f73eb1c44c47739005dfe6ca9228
D4_s7_n0.2_b16,D4,7,0.2,16,full_random_group_law,0.0,2.64392130701429,0.3545103005576381,1.2601469237428744,1.3510496945593025,-0.09090277081642806,7,56,0.009541166946291924,124.46875,True,cda1f8de0753d551f0b08758d4fe078cab87f73eb1c44c47739005dfe6ca9228
D4_s7_n0.2_b16,D4,7,0.2,16,full_shuffled_generator_identities,0.12916666666666668,2.460739986602906,0.22534363389097153,1.2601469237428744,1.4184622238933762,-0.15831530015050177,8,56,0.009333016350865364,124.46875,True,cda1f8de0753d551f0b08758d4fe078cab87f73eb1c44c47739005dfe6ca9228
D4_s7_n0.2_b16,D4,7,0.2,16,full_wrong_multiplication_order,0.12333333333333334,2.471055407830837,0.23117696722430484,1.2601469237428744,1.2875873166242684,-0.027440392881393993,7,56,0.008542090654373169,124.46875,True,cda1f8de0753d551f0b08758d4fe078cab87f73eb1c44c47739005dfe6ca9228
D4_s7_n0.2_b16,D4,7,0.2,16,full_without_pooling,0.7116666666666667,1.4688173990498408,0.41359953191999904,1.2601469237428744,0.31503673093571893,0.9451101928071555,7,56,0.011499971151351929,124.46875,True,cda1f8de0753d551f0b08758d4fe078cab87f73eb1c44c47739005dfe6ca9228
D4_s7_n0.2_b16,D4,7,0.2,16,full_without_retransport,0.18166666666666667,2.3771862948064753,0.17760778689814363,1.2601469237428744,1.2601469237428742,2.220446049250313e-16,8,56,0.009249895811080933,124.46875,True,cda1f8de0753d551f0b08758d4fe078cab87f73eb1c44c47739005dfe6ca9228
D4_s7_n0.2_b16,D4,7,0.2,16,full_followed_by_distillation,0.10416666666666667,2.2531190302184556,0.15432297336245349,1.2601469237428744,1.1367296836515686,0.12341724009130584,8,56,0.009041978046298027,124.46875,True,cda1f8de0753d551f0b08758d4fe078cab87f73eb1c44c47739005dfe6ca9228
D4_s7_n0.2_b64,D4,7,0.2,64,context_blind_strict_synchronization,0.18166666666666667,2.3771862948064753,0.17760778689814363,1.2622286140967727,1.2622286140967727,0.0,0,648,0.010083895176649094,124.46875,True,8259681ab35a3ae285365955793c2d0f87e5d7d724edb7c03a0170fb99a02544
D4_s7_n0.2_b64,D4,7,0.2,64,group_retransport_without_hodge,0.8125,1.3691004741194956,0.4595865377331821,1.2622286140967727,0.0,1.2622286140967727,7,56,0.00837491825222969,124.46875,True,8259681ab35a3ae285365955793c2d0f87e5d7d724edb7c03a0170fb99a02544
D4_s7_n0.2_b64,D4,7,0.2,64,weighted_hodge_without_low_rank,0.4033333333333333,1.6872554630308019,0.15129864241536675,1.2622286140967727,0.6311143070483863,0.6311143070483863,7,56,0.008333008736371994,124.46875,True,8259681ab35a3ae285365955793c2d0f87e5d7d724edb7c03a0170fb99a02544
D4_s7_n0.2_b64,D4,7,0.2,64,generic_low_rank_residual_correction,0.13,2.8146843063836333,0.3215405958241377,1.2622286140967727,1.621853523008366,-0.35962490891159327,2,648,0.008249888196587563,124.46875,True,8259681ab35a3ae285365955793c2d0f87e5d7d724edb7c03a0170fb99a02544
D4_s7_n0.2_b64,D4,7,0.2,64,hodge_low_rank_generic_retransport,0.31916666666666665,1.822251128008977,0.040436258229448026,1.2622286140967727,0.810926761504183,0.4513018525925897,7,56,0.008209142833948135,124.46875,True,8259681ab35a3ae285365955793c2d0f87e5d7d724edb7c03a0170fb99a02544
D4_s7_n0.2_b64,D4,7,0.2,64,group_retransport_without_low_rank,0.8125,1.3691004741194956,0.4595865377331821,1.2622286140967727,0.0,1.2622286140967727,7,648,0.008250121027231216,124.46875,True,8259681ab35a3ae285365955793c2d0f87e5d7d724edb7c03a0170fb99a02544
D4_s7_n0.2_b64,D4,7,0.2,64,full_twistedmerge_hodge_lr,0.8125,1.3691004741194956,0.4595865377331821,1.2622286140967727,7.909208733761704e-16,1.2622286140967718,7,56,0.008790986612439156,124.46875,True,8259681ab35a3ae285365955793c2d0f87e5d7d724edb7c03a0170fb99a02544
D4_s7_n0.2_b64,D4,7,0.2,64,full_random_group_law,0.10583333333333333,2.470971451976625,0.24867696722430485,1.2622286140967727,1.270180421324416,-0.007951807227643437,7,56,0.008500181138515472,124.46875,True,8259681ab35a3ae285365955793c2d0f87e5d7d724edb7c03a0170fb99a02544
D4_s7_n0.2_b64,D4,7,0.2,64,full_shuffled_generator_identities,0.12833333333333333,2.4470970949784308,0.22617696722430494,1.2622286140967727,1.412785081297924,-0.15055646720115123,8,56,0.008709030225872993,124.46875,True,8259681ab35a3ae285365955793c2d0f87e5d7d724edb7c03a0170fb99a02544
D4_s7_n0.2_b64,D4,7,0.2,64,full_wrong_multiplication_order,0.12333333333333334,2.471055407830837,0.23117696722430484,1.2622286140967727,1.3143963699776997,-0.052167755880927036,7,56,0.008416827768087387,124.46875,True,8259681ab35a3ae285365955793c2d0f87e5d7d724edb7c03a0170fb99a02544
D4_s7_n0.2_b64,D4,7,0.2,64,full_without_pooling,0.7033333333333334,1.4838936802378935,0.404437546150829,1.2622286140967727,0.3155571535241933,0.9466714605725794,7,56,0.00895909033715725,124.46875,True,8259681ab35a3ae285365955793c2d0f87e5d7d724edb7c03a0170fb99a02544
D4_s7_n0.2_b64,D4,7,0.2,64,full_without_retransport,0.18166666666666667,2.3771862948064753,0.17760778689814366,1.2622286140967727,1.2622286140967727,0.0,8,56,0.008499948307871819,124.46875,True,8259681ab35a3ae285365955793c2d0f87e5d7d724edb7c03a0170fb99a02544
D4_s7_n0.2_b64,D4,7,0.2,64,full_followed_by_distillation,0.11666666666666667,5.250432544663352,0.5855727078262034,1.2622286140967727,3.3525673912790768,-2.0903387771823043,8,56,0.00837491825222969,124.46875,True,8259681ab35a3ae285365955793c2d0f87e5d7d724edb7c03a0170fb99a02544
D4_s7_n0.5_b16,D4,7,0.5,16,context_blind_strict_synchronization,0.18166666666666667,2.3771862948064753,0.17760778689814363,1.3030817098029497,1.3030817098029497,0.0,0,648,0.009791925549507141,124.46875,True,8a1a80c44d0ecdc109e03748bf6f9efba9d2051bf2d6e37820784464f9bd8389
D4_s7_n0.5_b16,D4,7,0.5,16,group_retransport_without_hodge,0.5525,1.7995027897330822,0.21304539617588153,1.3030817098029497,0.0,1.3030817098029497,7,56,0.008458038792014122,124.46875,True,8a1a80c44d0ecdc109e03748bf6f9efba9d2051bf2d6e37820784464f9bd8389
D4_s7_n0.5_b16,D4,7,0.5,16,weighted_hodge_without_low_rank,0.31166666666666665,1.890701621169806,0.0659209132173721,1.3030817098029497,0.6515408549014748,0.6515408549014748,7,56,0.00858306884765625,124.46875,True,8a1a80c44d0ecdc109e03748bf6f9efba9d2051bf2d6e37820784464f9bd8389
D4_s7_n0.5_b16,D4,7,0.5,16,generic_low_rank_residual_correction,0.15666666666666668,2.436368100247656,0.19765337644794953,1.3030817098029497,1.3080583452269794,-0.004976635424029707,2,648,0.008665956556797028,124.46875,True,8a1a80c44d0ecdc109e03748bf6f9efba9d2051bf2d6e37820784464f9bd8389
D4_s7_n0.5_b16,D4,7,0.5,16,hodge_low_rank_generic_retransport,0.29083333333333333,1.9197369442630157,0.028298254782163242,1.3030817098029497,0.6540291726134898,0.6490525371894599,7,56,0.009207986295223236,124.46875,True,8a1a80c44d0ecdc109e03748bf6f9efba9d2051bf2d6e37820784464f9bd8389
D4_s7_n0.5_b16,D4,7,0.5,16,group_retransport_without_low_rank,0.5525,1.7995027897330822,0.21304539617588153,1.3030817098029497,0.0,1.3030817098029497,7,648,0.008083181455731392,124.46875,True,8a1a80c44d0ecdc109e03748bf6f9efba9d2051bf2d6e37820784464f9bd8389
D4_s7_n0.5_b16,D4,7,0.5,16,full_twistedmerge_hodge_lr,0.5525,1.7995027897330818,0.21304539617588153,1.3030817098029497,1.1303236372829525e-15,1.3030817098029486,7,56,0.009292038157582283,124.46875,True,8a1a80c44d0ecdc109e03748bf6f9efba9d2051bf2d6e37820784464f9bd8389
D4_s7_n0.5_b16,D4,7,0.5,16,full_random_group_law,0.0,2.64392130701429,0.3545103005576381,1.3030817098029497,1.3551346245138616,-0.05205291471091189,7,56,0.008209142833948135,124.46875,True,8a1a80c44d0ecdc109e03748bf6f9efba9d2051bf2d6e37820784464f9bd8389
D4_s7_n0.5_b16,D4,7,0.5,16,full_shuffled_generator_identities,0.13916666666666666,2.4371286640441676,0.21534363389097155,1.3030817098029497,1.4099516656881517,-0.10686995588520198,8,56,0.008333008736371994,124.46875,True,8a1a80c44d0ecdc109e03748bf6f9efba9d2051bf2d6e37820784464f9bd8389
D4_s7_n0.5_b16,D4,7,0.5,16,full_wrong_multiplication_order,0.12333333333333334,2.471055407830837,0.23117696722430484,1.3030817098029497,1.3017388138295423,0.0013428959734074208,7,56,0.00816606916487217,124.46875,True,8a1a80c44d0ecdc109e03748bf6f9efba9d2051bf2d6e37820784464f9bd8389
D4_s7_n0.5_b16,D4,7,0.5,16,full_without_pooling,0.4866666666666667,1.7981602173941134,0.19257564427342927,1.3030817098029497,0.32577042745073753,0.9773112823522121,7,56,0.008750008419156075,124.46875,True,8a1a80c44d0ecdc109e03748bf6f9efba9d2051bf2d6e37820784464f9bd8389
D4_s7_n0.5_b16,D4,7,0.5,16,full_without_retransport,0.18166666666666667,2.3771862948064753,0.17760778689814363,1.3030817098029497,1.3030817098029497,0.0,8,56,0.008207978680729866,124.46875,True,8a1a80c44d0ecdc109e03748bf6f9efba9d2051bf2d6e37820784464f9bd8389
D4_s7_n0.5_b16,D4,7,0.5,16,full_followed_by_distillation,0.10416666666666667,2.2531190302184556,0.15432297336245349,1.3030817098029497,1.1280188086941425,0.17506290110880718,8,56,0.008665956556797028,124.46875,True,8a1a80c44d0ecdc109e03748bf6f9efba9d2051bf2d6e37820784464f9bd8389
D4_s7_n0.5_b64,D4,7,0.5,64,context_blind_strict_synchronization,0.18166666666666667,2.3771862948064753,0.17760778689814363,1.2498586751075176,1.2498586751075176,0.0,0,648,0.009292038157582283,124.46875,True,8c3c5bf485fccc4f6d68c2d4ce694741dee05aa94b54f3d36ff5c1268732a5ed
D4_s7_n0.5_b64,D4,7,0.5,64,group_retransport_without_hodge,0.5841666666666666,1.7379206355436152,0.24021582356910118,1.2498586751075176,0.0,1.2498586751075176,7,56,0.008333008736371994,124.46875,True,8c3c5bf485fccc4f6d68c2d4ce694741dee05aa94b54f3d36ff5c1268732a5ed
D4_s7_n0.5_b64,D4,7,0.5,64,weighted_hodge_without_low_rank,0.3275,1.8739771473349371,0.07554926015933897,1.2498586751075176,0.6249293375537588,0.6249293375537588,7,56,0.009458046406507492,124.46875,True,8c3c5bf485fccc4f6d68c2d4ce694741dee05aa94b54f3d36ff5c1268732a5ed
D4_s7_n0.5_b64,D4,7,0.5,64,generic_low_rank_residual_correction,0.13333333333333333,2.8241700483953815,0.31781486801886655,1.2498586751075176,1.5864278224352046,-0.33656914732768706,2,648,0.00837491825222969,124.46875,True,8c3c5bf485fccc4f6d68c2d4ce694741dee05aa94b54f3d36ff5c1268732a5ed
D4_s7_n0.5_b64,D4,7,0.5,64,hodge_low_rank_generic_retransport,0.24833333333333332,2.0143626524599387,0.07012141477024758,1.2498586751075176,0.7932139112176023,0.45664476388991526,7,56,0.008665956556797028,124.46875,True,8c3c5bf485fccc4f6d68c2d4ce694741dee05aa94b54f3d36ff5c1268732a5ed
D4_s7_n0.5_b64,D4,7,0.5,64,group_retransport_without_low_rank,0.5841666666666666,1.7379206355436152,0.24021582356910118,1.2498586751075176,0.0,1.2498586751075176,7,648,0.008875038474798203,124.46875,True,8c3c5bf485fccc4f6d68c2d4ce694741dee05aa94b54f3d36ff5c1268732a5ed
D4_s7_n0.5_b64,D4,7,0.5,64,full_twistedmerge_hodge_lr,0.5841666666666666,1.7379206355436152,0.2402158235691012,1.2498586751075176,7.548877525929606e-16,1.249858675107517,7,56,0.009292038157582283,124.46875,True,8c3c5bf485fccc4f6d68c2d4ce694741dee05aa94b54f3d36ff5c1268732a5ed
D4_s7_n0.5_b64,D4,7,0.5,64,full_random_group_law,0.10583333333333333,2.470971451976625,0.24867696722430485,1.2498586751075176,1.2973482875218036,-0.047489612414286064,7,56,0.008875038474798203,124.46875,True,8c3c5bf485fccc4f6d68c2d4ce694741dee05aa94b54f3d36ff5c1268732a5ed
D4_s7_n0.5_b64,D4,7,0.5,64,full_shuffled_generator_identities,0.1275,2.420180844947698,0.2270103005576382,1.2498586751075176,1.4116192719087648,-0.16176059680124721,8,56,0.008624978363513947,124.46875,True,8c3c5bf485fccc4f6d68c2d4ce694741dee05aa94b54f3d36ff5c1268732a5ed
D4_s7_n0.5_b64,D4,7,0.5,64,full_wrong_multiplication_order,0.12333333333333334,2.471055407830837,0.23117696722430484,1.2498586751075176,1.2633635704573938,-0.0135048953498762,7,56,0.008249888196587563,124.46875,True,8c3c5bf485fccc4f6d68c2d4ce694741dee05aa94b54f3d36ff5c1268732a5ed
D4_s7_n0.5_b64,D4,7,0.5,64,full_without_pooling,0.5116666666666667,1.7619458816770324,0.21329834501188394,1.2498586751075176,0.31246466877687945,0.9373940063306381,7,56,0.008291099220514297,124.46875,True,8c3c5bf485fccc4f6d68c2d4ce694741dee05aa94b54f3d36ff5c1268732a5ed
D4_s7_n0.5_b64,D4,7,0.5,64,full_without_retransport,0.18166666666666667,2.3771862948064753,0.17760778689814366,1.2498586751075176,1.2498586751075176,0.0,8,56,0.008292030543088913,124.46875,True,8c3c5bf485fccc4f6d68c2d4ce694741dee05aa94b54f3d36ff5c1268732a5ed
D4_s7_n0.5_b64,D4,7,0.5,64,full_followed_by_distillation,0.11666666666666667,5.250432544663352,0.5855727078262034,1.2498586751075176,3.336080491748673,-2.0862218166411552,8,56,0.008084112778306007,124.46875,True,8c3c5bf485fccc4f6d68c2d4ce694741dee05aa94b54f3d36ff5c1268732a5ed
D4_s8_n0.2_b16,D4,8,0.2,16,context_blind_strict_synchronization,0.18333333333333332,2.4289144476314597,0.18545594161164683,1.3148037620923607,1.3148037620923607,0.0,0,648,0.009667128324508667,124.46875,True,bd16a978bdbcfcf79f2a8dd39495d38bc2af40b290a5860027a5323c90531776
D4_s8_n0.2_b16,D4,8,0.2,16,group_retransport_without_hodge,0.8191666666666667,1.3674953431012817,0.4594271320493311,1.3148037620923607,0.0,1.3148037620923607,7,56,0.008250121027231216,124.46875,True,bd16a978bdbcfcf79f2a8dd39495d38bc2af40b290a5860027a5323c90531776
D4_s8_n0.2_b16,D4,8,0.2,16,weighted_hodge_without_low_rank,0.4058333333333333,1.6956417939822046,0.1536108792405438,1.3148037620923607,0.6574018810461804,0.6574018810461804,7,56,0.008333008736371994,124.46875,True,bd16a978bdbcfcf79f2a8dd39495d38bc2af40b290a5860027a5323c90531776
D4_s8_n0.2_b16,D4,8,0.2,16,generic_low_rank_residual_correction,0.17333333333333334,2.442315173329613,0.19716641235334906,1.3148037620923607,1.329533499142441,-0.014729737050080294,2,648,0.008458970114588737,124.46875,True,bd16a978bdbcfcf79f2a8dd39495d38bc2af40b290a5860027a5323c90531776
D4_s8_n0.2_b16,D4,8,0.2,16,hodge_low_rank_generic_retransport,0.4025,1.7005159926056206,0.13155059042000955,1.3148037620923607,0.6647667495712204,0.6500370125211403,7,56,0.008290866389870644,124.46875,True,bd16a978bdbcfcf79f2a8dd39495d38bc2af40b290a5860027a5323c90531776
D4_s8_n0.2_b16,D4,8,0.2,16,group_retransport_without_low_rank,0.8191666666666667,1.3674953431012817,0.4594271320493311,1.3148037620923607,0.0,1.3148037620923607,7,648,0.008167000487446785,124.46875,True,bd16a978bdbcfcf79f2a8dd39495d38bc2af40b290a5860027a5323c90531776
D4_s8_n0.2_b16,D4,8,0.2,16,full_twistedmerge_hodge_lr,0.8191666666666667,1.3674953431012817,0.4594271320493311,1.3148037620923607,8.032787540664007e-16,1.3148037620923598,7,56,0.008458038792014122,124.46875,True,bd16a978bdbcfcf79f2a8dd39495d38bc2af40b290a5860027a5323c90531776
D4_s8_n0.2_b16,D4,8,0.2,16,full_random_group_law,0.465,1.9700544922252325,0.15189870916731063,1.3148037620923607,1.1367692895565633,0.1780344725357974,7,56,0.00837491825222969,124.46875,True,bd16a978bdbcfcf79f2a8dd39495d38bc2af40b290a5860027a5323c90531776
D4_s8_n0.2_b16,D4,8,0.2,16,full_shuffled_generator_identities,0.135,2.4876334062039756,0.22712260827831351,1.3148037620923607,1.4013204352111488,-0.08651667311878808,8,56,0.008499948307871819,124.46875,True,bd16a978bdbcfcf79f2a8dd39495d38bc2af40b290a5860027a5323c90531776
D4_s8_n0.2_b16,D4,8,0.2,16,full_wrong_multiplication_order,0.125,2.4686196043050375,0.23698207748913278,1.3148037620923607,1.3260456933488123,-0.011241931256451565,7,56,0.008667120710015297,124.46875,True,bd16a978bdbcfcf79f2a8dd39495d38bc2af40b290a5860027a5323c90531776
D4_s8_n0.2_b16,D4,8,0.2,16,full_without_pooling,0.7016666666666667,1.4833875636926535,0.39986018302009296,1.3148037620923607,0.3287009405230902,0.9861028215692705,7,56,0.008624978363513947,124.46875,True,bd16a978bdbcfcf79f2a8dd39495d38bc2af40b290a5860027a5323c90531776
D4_s8_n0.2_b16,D4,8,0.2,16,full_without_retransport,0.18333333333333332,2.4289144476314597,0.18545594161164683,1.3148037620923607,1.3148037620923607,0.0,8,56,0.008292030543088913,124.46875,True,bd16a978bdbcfcf79f2a8dd39495d38bc2af40b290a5860027a5323c90531776
D4_s8_n0.2_b16,D4,8,0.2,16,full_followed_by_distillation,0.135,2.220731308214822,0.12762381443061985,1.3148037620923607,1.1261596162007752,0.1886441458915855,8,56,0.011041061952710152,124.46875,True,bd16a978bdbcfcf79f2a8dd39495d38bc2af40b290a5860027a5323c90531776
D4_s8_n0.2_b64,D4,8,0.2,64,context_blind_strict_synchronization,0.18333333333333332,2.4289144476314597,0.18545594161164683,1.293901084832622,1.293901084832622,0.0,0,648,0.009833136573433876,124.46875,True,d6e80d4cfa4ee1b444699eb43f12779dca79e34f40f623c924bb96bddd307535
D4_s8_n0.2_b64,D4,8,0.2,64,group_retransport_without_hodge,0.8225,1.3750563513726006,0.46051792251086726,1.293901084832622,0.0,1.293901084832622,7,56,0.008375151082873344,124.46875,True,d6e80d4cfa4ee1b444699eb43f12779dca79e34f40f623c924bb96bddd307535
D4_s8_n0.2_b64,D4,8,0.2,64,weighted_hodge_without_low_rank,0.41083333333333333,1.7063584907790443,0.15445144107146425,1.293901084832622,0.646950542416311,0.646950542416311,7,56,0.008250121027231216,124.46875,True,d6e80d4cfa4ee1b444699eb43f12779dca79e34f40f623c924bb96bddd307535
D4_s8_n0.2_b64,D4,8,0.2,64,generic_low_rank_residual_correction,0.145,3.2374404448465217,0.37697829920401243,1.293901084832622,1.92188790818421,-0.627986823351588,2,648,0.008416129276156425,124.46875,True,d6e80d4cfa4ee1b444699eb43f12779dca79e34f40f623c924bb96bddd307535
D4_s8_n0.2_b64,D4,8,0.2,64,hodge_low_rank_generic_retransport,0.28583333333333333,1.9633274488718622,0.08066421080175146,1.293901084832622,0.960943954092105,0.332957130740517,7,56,0.00837491825222969,124.46875,True,d6e80d4cfa4ee1b444699eb43f12779dca79e34f40f623c924bb96bddd307535
D4_s8_n0.2_b64,D4,8,0.2,64,group_retransport_without_low_rank,0.8225,1.3750563513726006,0.46051792251086726,1.293901084832622,0.0,1.293901084832622,7,648,0.00800006091594696,124.46875,True,d6e80d4cfa4ee1b444699eb43f12779dca79e34f40f623c924bb96bddd307535
D4_s8_n0.2_b64,D4,8,0.2,64,full_twistedmerge_hodge_lr,0.8225,1.3750563513726006,0.46051792251086726,1.293901084832622,7.002419457246314e-16,1.2939010848326213,7,56,0.00837491825222969,124.46875,True,d6e80d4cfa4ee1b444699eb43f12779dca79e34f40f623c924bb96bddd307535
D4_s8_n0.2_b64,D4,8,0.2,64,full_random_group_law,0.0,2.7100067458806096,0.3619820774891328,1.293901084832622,1.4123664320554812,-0.11846534722285917,7,56,0.008250121027231216,124.46875,True,d6e80d4cfa4ee1b444699eb43f12779dca79e34f40f623c924bb96bddd307535
D4_s8_n0.2_b64,D4,8,0.2,64,full_shuffled_generator_identities,0.12583333333333332,2.4721094655363967,0.23614874415579942,1.293901084832622,1.4010743035217958,-0.10717321868917384,8,56,0.008499948307871819,124.46875,True,d6e80d4cfa4ee1b444699eb43f12779dca79e34f40f623c924bb96bddd307535
D4_s8_n0.2_b64,D4,8,0.2,64,full_wrong_multiplication_order,0.125,2.4686196043050375,0.23698207748913278,1.293901084832622,1.337445076078666,-0.04354399124604402,7,56,0.008249888196587563,124.46875,True,d6e80d4cfa4ee1b444699eb43f12779dca79e34f40f623c924bb96bddd307535
D4_s8_n0.2_b64,D4,8,0.2,64,full_without_pooling,0.7108333333333333,1.4940697910790894,0.40712503230505537,1.293901084832622,0.3234752712081555,0.9704258136244666,7,56,0.008333008736371994,124.46875,True,d6e80d4cfa4ee1b444699eb43f12779dca79e34f40f623c924bb96bddd307535
D4_s8_n0.2_b64,D4,8,0.2,64,full_without_retransport,0.18333333333333332,2.4289144476314597,0.18545594161164683,1.293901084832622,1.293901084832622,0.0,8,56,0.008167000487446785,124.46875,True,d6e80d4cfa4ee1b444699eb43f12779dca79e34f40f623c924bb96bddd307535
D4_s8_n0.2_b64,D4,8,0.2,64,full_followed_by_distillation,0.12666666666666668,5.551750144814193,0.601209371872115,1.293901084832622,3.457058978009728,-2.1631578931771056,8,56,0.008209142833948135,124.46875,True,d6e80d4cfa4ee1b444699eb43f12779dca79e34f40f623c924bb96bddd307535
D4_s8_n0.5_b16,D4,8,0.5,16,context_blind_strict_synchronization,0.18333333333333332,2.4289144476314597,0.18545594161164683,1.3387178194383473,1.3387178194383473,0.0,0,648,0.012499978765845299,124.46875,True,d6593502e9e8ffbfa68aa8ce8c105dcd7bb5f97d8f2bddb1d1248cd15531ec4b
D4_s8_n0.5_b16,D4,8,0.5,16,group_retransport_without_hodge,0.59,1.7760876443636455,0.24325109676429696,1.3387178194383473,0.0,1.3387178194383473,7,56,0.009458046406507492,124.46875,True,d6593502e9e8ffbfa68aa8ce8c105dcd7bb5f97d8f2bddb1d1248cd15531ec4b
D4_s8_n0.5_b16,D4,8,0.5,16,weighted_hodge_without_low_rank,0.3175,1.8937878546315527,0.0705575168488698,1.3387178194383473,0.6693589097191737,0.6693589097191737,7,56,0.00995793379843235,124.46875,True,d6593502e9e8ffbfa68aa8ce8c105dcd7bb5f97d8f2bddb1d1248cd15531ec4b
D4_s8_n0.5_b16,D4,8,0.5,16,generic_low_rank_residual_correction,0.17083333333333334,2.4483700716027452,0.19934703540691603,1.3387178194383473,1.364614185822075,-0.02589636638372772,2,648,0.009167008101940155,124.46875,True,d6593502e9e8ffbfa68aa8ce8c105dcd7bb5f97d8f2bddb1d1248cd15531ec4b
D4_s8_n0.5_b16,D4,8,0.5,16,hodge_low_rank_generic_retransport,0.2941666666666667,1.8973433805024615,0.03485621706667178,1.3387178194383473,0.6823070929110372,0.6564107265273101,7,56,0.008709030225872993,124.46875,True,d6593502e9e8ffbfa68aa8ce8c105dcd7bb5f97d8f2bddb1d1248cd15531ec4b
D4_s8_n0.5_b16,D4,8,0.5,16,group_retransport_without_low_rank,0.59,1.7760876443636455,0.24325109676429696,1.3387178194383473,0.0,1.3387178194383473,7,648,0.008124858140945435,124.46875,True,d6593502e9e8ffbfa68aa8ce8c105dcd7bb5f97d8f2bddb1d1248cd15531ec4b
D4_s8_n0.5_b16,D4,8,0.5,16,full_twistedmerge_hodge_lr,0.59,1.7760876443636455,0.24325109676429676,1.3387178194383473,1.370891533861311e-15,1.338717819438346,7,56,0.008791917935013771,124.46875,True,d6593502e9e8ffbfa68aa8ce8c105dcd7bb5f97d8f2bddb1d1248cd15531ec4b
D4_s8_n0.5_b16,D4,8,0.5,16,full_random_group_law,0.465,1.9700544922252325,0.15189870916731063,1.3387178194383473,1.1866267202395981,0.1520910991987492,7,56,0.008249888196587563,124.46875,True,d6593502e9e8ffbfa68aa8ce8c105dcd7bb5f97d8f2bddb1d1248cd15531ec4b
D4_s8_n0.5_b16,D4,8,0.5,16,full_shuffled_generator_identities,0.12916666666666668,2.490435108786911,0.23281541082246612,1.3387178194383473,1.4039762316299211,-0.0652584121915738,8,56,0.008582836017012596,124.46875,True,d6593502e9e8ffbfa68aa8ce8c105dcd7bb5f97d8f2bddb1d1248cd15531ec4b
D4_s8_n0.5_b16,D4,8,0.5,16,full_wrong_multiplication_order,0.125,2.4686196043050375,0.23698207748913278,1.3387178194383473,1.3363952997830804,0.0023225196552669747,7,56,0.008291099220514297,124.46875,True,d6593502e9e8ffbfa68aa8ce8c105dcd7bb5f97d8f2bddb1d1248cd15531ec4b
D4_s8_n0.5_b16,D4,8,0.5,16,full_without_pooling,0.5116666666666667,1.7854624407074209,0.21447333402280794,1.3387178194383473,0.3346794548595863,1.004038364578761,7,56,0.008499948307871819,124.46875,True,d6593502e9e8ffbfa68aa8ce8c105dcd7bb5f97d8f2bddb1d1248cd15531ec4b
D4_s8_n0.5_b16,D4,8,0.5,16,full_without_retransport,0.18333333333333332,2.4289144476314597,0.18545594161164683,1.3387178194383473,1.3387178194383473,0.0,8,56,0.008207978680729866,124.46875,True,d6593502e9e8ffbfa68aa8ce8c105dcd7bb5f97d8f2bddb1d1248cd15531ec4b
D4_s8_n0.5_b16,D4,8,0.5,16,full_followed_by_distillation,0.135,2.220731308214822,0.12762381443061985,1.3387178194383473,1.1333790895392248,0.2053387298991225,8,56,0.008207978680729866,124.46875,True,d6593502e9e8ffbfa68aa8ce8c105dcd7bb5f97d8f2bddb1d1248cd15531ec4b
D4_s8_n0.5_b64,D4,8,0.5,64,context_blind_strict_synchronization,0.18333333333333332,2.4289144476314597,0.18545594161164683,1.3148293022320938,1.3148293022320938,0.0,0,648,0.012541888281702995,124.46875,True,0acf637907ad081c7369fb0d74e486030b26ca1692ccde803cdee88bbdc60ed0
D4_s8_n0.5_b64,D4,8,0.5,64,group_retransport_without_hodge,0.5833333333333334,1.7536470981821752,0.23547311413858554,1.3148293022320938,0.0,1.3148293022320938,7,56,0.009084120392799377,124.46875,True,0acf637907ad081c7369fb0d74e486030b26ca1692ccde803cdee88bbdc60ed0
D4_s8_n0.5_b64,D4,8,0.5,64,weighted_hodge_without_low_rank,0.31666666666666665,1.8880315364686695,0.06727233590153495,1.3148293022320938,0.6574146511160469,0.6574146511160469,7,56,0.009333016350865364,124.46875,True,0acf637907ad081c7369fb0d74e486030b26ca1692ccde803cdee88bbdc60ed0
D4_s8_n0.5_b64,D4,8,0.5,64,generic_low_rank_residual_correction,0.13833333333333334,3.2125675106507985,0.37329808666718994,1.3148293022320938,1.932735025083807,-0.6179057228517131,2,648,0.009250128641724586,124.46875,True,0acf637907ad081c7369fb0d74e486030b26ca1692ccde803cdee88bbdc60ed0
D4_s8_n0.5_b64,D4,8,0.5,64,hodge_low_rank_generic_retransport,0.23333333333333334,2.1442734181448344,0.1357402868015532,1.3148293022320938,0.9663675125419035,0.34846178969019037,7,56,0.009041046723723412,124.46875,True,0acf637907ad081c7369fb0d74e486030b26ca1692ccde803cdee88bbdc60ed0
D4_s8_n0.5_b64,D4,8,0.5,64,group_retransport_without_low_rank,0.5833333333333334,1.7536470981821752,0.23547311413858554,1.3148293022320938,0.0,1.3148293022320938,7,648,0.009124865755438805,124.46875,True,0acf637907ad081c7369fb0d74e486030b26ca1692ccde803cdee88bbdc60ed0
D4_s8_n0.5_b64,D4,8,0.5,64,full_twistedmerge_hodge_lr,0.5833333333333334,1.7536470981821752,0.23547311413858565,1.3148293022320938,1.3335479072614758e-15,1.3148293022320925,7,56,0.010249903425574303,124.46875,True,0acf637907ad081c7369fb0d74e486030b26ca1692ccde803cdee88bbdc60ed0
D4_s8_n0.5_b64,D4,8,0.5,64,full_random_group_law,0.0,2.7100067458806096,0.3619820774891328,1.3148293022320938,1.3752210371192346,-0.06039173488714078,7,56,0.010832911357283592,124.46875,True,0acf637907ad081c7369fb0d74e486030b26ca1692ccde803cdee88bbdc60ed0
D4_s8_n0.5_b64,D4,8,0.5,64,full_shuffled_generator_identities,0.13916666666666666,2.486439694108445,0.2228154108224661,1.3148293022320938,1.3948016971263177,-0.07997239489422392,8,56,0.009458046406507492,124.46875,True,0acf637907ad081c7369fb0d74e486030b26ca1692ccde803cdee88bbdc60ed0
D4_s8_n0.5_b64,D4,8,0.5,64,full_wrong_multiplication_order,0.125,2.4686196043050375,0.23698207748913278,1.3148293022320938,1.3439353529582294,-0.02910605072613559,7,56,0.009500188753008842,124.46875,True,0acf637907ad081c7369fb0d74e486030b26ca1692ccde803cdee88bbdc60ed0
D4_s8_n0.5_b64,D4,8,0.5,64,full_without_pooling,0.49416666666666664,1.7726213161756776,0.19736636163929117,1.3148293022320938,0.32870732555802384,0.98612197667407,7,56,0.010125106200575829,124.46875,True,0acf637907ad081c7369fb0d74e486030b26ca1692ccde803cdee88bbdc60ed0
D4_s8_n0.5_b64,D4,8,0.5,64,full_without_retransport,0.18333333333333332,2.4289144476314597,0.18545594161164683,1.3148293022320938,1.3148293022320936,2.220446049250313e-16,8,56,0.00895909033715725,124.46875,True,0acf637907ad081c7369fb0d74e486030b26ca1692ccde803cdee88bbdc60ed0
D4_s8_n0.5_b64,D4,8,0.5,64,full_followed_by_distillation,0.12666666666666668,5.551750144814193,0.601209371872115,1.3148293022320938,3.4633388449858002,-2.1485095427537066,8,56,0.008874805644154549,124.46875,True,0acf637907ad081c7369fb0d74e486030b26ca1692ccde803cdee88bbdc60ed0
D4_s9_n0.2_b16,D4,9,0.2,16,context_blind_strict_synchronization,0.17583333333333334,2.3495388202415386,0.1815208858793017,1.2382941507670682,1.2382941507670682,0.0,0,648,0.009707873687148094,124.46875,True,873e6649e70f36d78f795002709c8ef0d01f1ebb6725d20d9e4cfc940bf73712
D4_s9_n0.2_b16,D4,9,0.2,16,group_retransport_without_hodge,0.8216666666666667,1.3725182053370375,0.46464858836840384,1.2382941507670682,0.0,1.2382941507670682,7,56,0.008417060598731041,124.46875,True,873e6649e70f36d78f795002709c8ef0d01f1ebb6725d20d9e4cfc940bf73712
D4_s9_n0.2_b16,D4,9,0.2,16,weighted_hodge_without_low_rank,0.42,1.6804075611797977,0.168800253508969,1.2382941507670682,0.6191470753835341,0.6191470753835341,7,56,0.008458038792014122,124.46875,True,873e6649e70f36d78f795002709c8ef0d01f1ebb6725d20d9e4cfc940bf73712
D4_s9_n0.2_b16,D4,9,0.2,16,generic_low_rank_residual_correction,0.16166666666666665,2.3481620843208875,0.19134735129535912,1.2382941507670682,1.2380970866704606,0.00019706409660757984,2,648,0.008500181138515472,124.46875,True,873e6649e70f36d78f795002709c8ef0d01f1ebb6725d20d9e4cfc940bf73712
D4_s9_n0.2_b16,D4,9,0.2,16,hodge_low_rank_generic_retransport,0.4191666666666667,1.6818946512355348,0.1523749732582498,1.2382941507670682,0.6190485433352306,0.6192456074318375,7,56,0.008541159331798553,124.46875,True,873e6649e70f36d78f795002709c8ef0d01f1ebb6725d20d9e4cfc940bf73712
D4_s9_n0.2_b16,D4,9,0.2,16,group_retransport_without_low_rank,0.8216666666666667,1.3725182053370375,0.46464858836840384,1.2382941507670682,0.0,1.2382941507670682,7,648,0.0085409265011549,124.46875,True,873e6649e70f36d78f795002709c8ef0d01f1ebb6725d20d9e4cfc940bf73712
D4_s9_n0.2_b16,D4,9,0.2,16,full_twistedmerge_hodge_lr,0.8216666666666667,1.3725182053370375,0.46464858836840384,1.2382941507670682,1.0612629448194221e-15,1.238294150767067,7,56,0.00833394005894661,124.46875,True,873e6649e70f36d78f795002709c8ef0d01f1ebb6725d20d9e4cfc940bf73712
D4_s9_n0.2_b16,D4,9,0.2,16,full_random_group_law,0.115,2.457462804579986,0.24235421921263497,1.2382941507670682,1.2799458341826089,-0.04165168341554071,7,56,0.008458038792014122,124.46875,True,873e6649e70f36d78f795002709c8ef0d01f1ebb6725d20d9e4cfc940bf73712
D4_s9_n0.2_b16,D4,9,0.2,16,full_shuffled_generator_identities,0.14333333333333334,2.4664497090526516,0.21402088587930168,1.2382941507670682,1.4106662101571639,-0.1723720593900957,8,56,0.00837491825222969,124.46875,True,873e6649e70f36d78f795002709c8ef0d01f1ebb6725d20d9e4cfc940bf73712
D4_s9_n0.2_b16,D4,9,0.2,16,full_wrong_multiplication_order,0.12,2.4643267677533105,0.23735421921263503,1.2382941507670682,1.2718865121263538,-0.03359236135928567,7,56,0.009041978046298027,124.46875,True,873e6649e70f36d78f795002709c8ef0d01f1ebb6725d20d9e4cfc940bf73712
D4_s9_n0.2_b16,D4,9,0.2,16,full_without_pooling,0.7283333333333334,1.4836601806693896,0.42820837398880657,1.2382941507670682,0.3095735376917674,0.9287206130753007,7,56,0.008624978363513947,124.46875,True,873e6649e70f36d78f795002709c8ef0d01f1ebb6725d20d9e4cfc940bf73712
D4_s9_n0.2_b16,D4,9,0.2,16,full_without_retransport,0.17583333333333334,2.3495388202415386,0.1815208858793017,1.2382941507670682,1.2382941507670682,0.0,8,56,0.008750008419156075,124.46875,True,873e6649e70f36d78f795002709c8ef0d01f1ebb6725d20d9e4cfc940bf73712
D4_s9_n0.2_b16,D4,9,0.2,16,full_followed_by_distillation,0.11666666666666667,2.181799532182644,0.12772949996283536,1.2382941507670682,1.087334146890024,0.15096000387704422,8,56,0.08404208347201347,124.46875,True,873e6649e70f36d78f795002709c8ef0d01f1ebb6725d20d9e4cfc940bf73712
D4_s9_n0.2_b64,D4,9,0.2,64,context_blind_strict_synchronization,0.17583333333333334,2.3495388202415386,0.1815208858793017,1.2387423380199338,1.2387423380199338,0.0,0,648,0.009791925549507141,124.46875,True,7c82f043e977a3bbbe73a558c822efd9f4b679137f9f1e0c532994644fdad088
D4_s9_n0.2_b64,D4,9,0.2,64,group_retransport_without_hodge,0.8483333333333334,1.3234124663306188,0.4913152550350705,1.2387423380199338,0.0,1.2387423380199338,7,56,0.008667120710015297,124.46875,True,7c82f043e977a3bbbe73a558c822efd9f4b679137f9f1e0c532994644fdad088
D4_s9_n0.2_b64,D4,9,0.2,64,weighted_hodge_without_low_rank,0.43083333333333335,1.6561170375168086,0.17849311769335627,1.2387423380199338,0.6193711690099669,0.6193711690099669,7,56,0.008499948307871819,124.46875,True,7c82f043e977a3bbbe73a558c822efd9f4b679137f9f1e0c532994644fdad088
D4_s9_n0.2_b64,D4,9,0.2,64,generic_low_rank_residual_correction,0.1425,2.7174637974607365,0.29361090738747353,1.2387423380199338,1.5676384854721717,-0.32889614745223783,2,648,0.008458970114588737,124.46875,True,7c82f043e977a3bbbe73a558c822efd9f4b679137f9f1e0c532994644fdad088
D4_s9_n0.2_b64,D4,9,0.2,64,hodge_low_rank_generic_retransport,0.365,1.765927745186949,0.05442345984425282,1.2387423380199338,0.7838192427360858,0.454923095283848,7,56,0.008499948307871819,124.46875,True,7c82f043e977a3bbbe73a558c822efd9f4b679137f9f1e0c532994644fdad088
D4_s9_n0.2_b64,D4,9,0.2,64,group_retransport_without_low_rank,0.8483333333333334,1.3234124663306188,0.4913152550350705,1.2387423380199338,0.0,1.2387423380199338,7,648,0.008167000487446785,124.46875,True,7c82f043e977a3bbbe73a558c822efd9f4b679137f9f1e0c532994644fdad088
D4_s9_n0.2_b64,D4,9,0.2,64,full_twistedmerge_hodge_lr,0.8483333333333334,1.323412466330619,0.4913152550350705,1.2387423380199338,7.669343146009963e-16,1.2387423380199332,7,56,0.008666887879371643,124.46875,True,7c82f043e977a3bbbe73a558c822efd9f4b679137f9f1e0c532994644fdad088
D4_s9_n0.2_b64,D4,9,0.2,64,full_random_group_law,0.11166666666666666,2.485485544676192,0.2456875525459683,1.2387423380199338,1.2791366138147582,-0.04039427579482435,7,56,0.00858306884765625,124.46875,True,7c82f043e977a3bbbe73a558c822efd9f4b679137f9f1e0c532994644fdad088
D4_s9_n0.2_b64,D4,9,0.2,64,full_shuffled_generator_identities,0.125,2.4663231807985926,0.232354219212635,1.2387423380199338,1.3945136445620943,-0.15577130654216043,8,56,0.009084120392799377,124.46875,True,7c82f043e977a3bbbe73a558c822efd9f4b679137f9f1e0c532994644fdad088
D4_s9_n0.2_b64,D4,9,0.2,64,full_wrong_multiplication_order,0.12,2.4643267677533105,0.23735421921263503,1.2387423380199338,1.2650644135563656,-0.026322075536431733,7,56,0.008875038474798203,124.46875,True,7c82f043e977a3bbbe73a558c822efd9f4b679137f9f1e0c532994644fdad088
D4_s9_n0.2_b64,D4,9,0.2,64,full_without_pooling,0.75,1.4470275577676512,0.4491713879008902,1.2387423380199338,0.30968558450498346,0.9290567535149503,7,56,0.009249895811080933,124.46875,True,7c82f043e977a3bbbe73a558c822efd9f4b679137f9f1e0c532994644fdad088
D4_s9_n0.2_b64,D4,9,0.2,64,full_without_retransport,0.17583333333333334,2.3495388202415386,0.18152088587930168,1.2387423380199338,1.2387423380199336,2.220446049250313e-16,8,56,0.008916016668081284,124.46875,True,7c82f043e977a3bbbe73a558c822efd9f4b679137f9f1e0c532994644fdad088
D4_s9_n0.2_b64,D4,9,0.2,64,full_followed_by_distillation,0.12833333333333333,4.716858866083346,0.5664006531152821,1.2387423380199338,3.0204614672922845,-1.7817191292723507,8,56,0.008750008419156075,124.46875,True,7c82f043e977a3bbbe73a558c822efd9f4b679137f9f1e0c532994644fdad088
D4_s9_n0.5_b16,D4,9,0.5,16,context_blind_strict_synchronization,0.17583333333333334,2.3495388202415386,0.1815208858793017,1.2531722996046568,1.2531722996046568,0.0,0,648,0.009584007784724236,124.46875,True,c1c85c9d24ca96f48c324a12a1be6df29a7d155ed7c3fbb5d88fe20e55cc7730
D4_s9_n0.5_b16,D4,9,0.5,16,group_retransport_without_hodge,0.57,1.7707279296740739,0.22885819531434295,1.2531722996046568,0.0,1.2531722996046568,7,56,0.008250121027231216,124.46875,True,c1c85c9d24ca96f48c324a12a1be6df29a7d155ed7c3fbb5d88fe20e55cc7730
D4_s9_n0.5_b16,D4,9,0.5,16,weighted_hodge_without_low_rank,0.32166666666666666,1.8744514631071054,0.07444316914923915,1.2531722996046568,0.6265861498023284,0.6265861498023284,7,56,0.008334172889590263,124.46875,True,c1c85c9d24ca96f48c324a12a1be6df29a7d155ed7c3fbb5d88fe20e55cc7730
D4_s9_n0.5_b16,D4,9,0.5,16,generic_low_rank_residual_correction,0.16083333333333333,2.3466213793249238,0.192082169336607,1.2531722996046568,1.2518343687357125,0.0013379308689442926,2,648,0.008334172889590263,124.46875,True,c1c85c9d24ca96f48c324a12a1be6df29a7d155ed7c3fbb5d88fe20e55cc7730
D4_s9_n0.5_b16,D4,9,0.5,16,hodge_low_rank_generic_retransport,0.3225,1.8758081151543464,0.059123769263489334,1.2531722996046568,0.6259171843678563,0.6272551152368006,7,56,0.008333008736371994,124.46875,True,c1c85c9d24ca96f48c324a12a1be6df29a7d155ed7c3fbb5d88fe20e55cc7730
D4_s9_n0.5_b16,D4,9,0.5,16,group_retransport_without_low_rank,0.57,1.7707279296740739,0.22885819531434295,1.2531722996046568,0.0,1.2531722996046568,7,648,0.008249888196587563,124.46875,True,c1c85c9d24ca96f48c324a12a1be6df29a7d155ed7c3fbb5d88fe20e55cc7730
D4_s9_n0.5_b16,D4,9,0.5,16,full_twistedmerge_hodge_lr,0.57,1.7707279296740739,0.22885819531434298,1.2531722996046568,7.01758500642563e-16,1.2531722996046561,7,56,0.008249888196587563,124.46875,True,c1c85c9d24ca96f48c324a12a1be6df29a7d155ed7c3fbb5d88fe20e55cc7730
D4_s9_n0.5_b16,D4,9,0.5,16,full_random_group_law,0.115,2.457462804579986,0.24235421921263497,1.2531722996046568,1.2773892838211214,-0.024216984216464565,7,56,0.008208910003304482,124.46875,True,c1c85c9d24ca96f48c324a12a1be6df29a7d155ed7c3fbb5d88fe20e55cc7730
D4_s9_n0.5_b16,D4,9,0.5,16,full_shuffled_generator_identities,0.14333333333333334,2.4578583614141385,0.2140208858793016,1.2531722996046568,1.400006035477217,-0.1468337358725602,8,56,0.008750008419156075,124.46875,True,c1c85c9d24ca96f48c324a12a1be6df29a7d155ed7c3fbb5d88fe20e55cc7730
D4_s9_n0.5_b16,D4,9,0.5,16,full_wrong_multiplication_order,0.12,2.4643267677533105,0.23735421921263503,1.2531722996046568,1.2864839549898008,-0.03331165538514402,7,56,0.008333008736371994,124.46875,True,c1c85c9d24ca96f48c324a12a1be6df29a7d155ed7c3fbb5d88fe20e55cc7730
D4_s9_n0.5_b16,D4,9,0.5,16,full_without_pooling,0.5075,1.7787196642278067,0.21382813011038043,1.2531722996046568,0.31329307490116437,0.9398792247034924,7,56,0.008292030543088913,124.46875,True,c1c85c9d24ca96f48c324a12a1be6df29a7d155ed7c3fbb5d88fe20e55cc7730
D4_s9_n0.5_b16,D4,9,0.5,16,full_without_retransport,0.17583333333333334,2.3495388202415386,0.18152088587930168,1.2531722996046568,1.2531722996046568,0.0,8,56,0.008416129276156425,124.46875,True,c1c85c9d24ca96f48c324a12a1be6df29a7d155ed7c3fbb5d88fe20e55cc7730
D4_s9_n0.5_b16,D4,9,0.5,16,full_followed_by_distillation,0.11666666666666667,2.181799532182644,0.12772949996283536,1.2531722996046568,1.0879584129428894,0.1652138866617674,8,56,0.008333008736371994,124.46875,True,c1c85c9d24ca96f48c324a12a1be6df29a7d155ed7c3fbb5d88fe20e55cc7730
D4_s9_n0.5_b64,D4,9,0.5,64,context_blind_strict_synchronization,0.17583333333333334,2.3495388202415386,0.1815208858793017,1.2502871951312617,1.2502871951312617,0.0,0,648,0.017791055142879486,124.46875,True,e8277040bb3604159bd400e63faf4ba6d8e262eed3f506514f91ed31ff0a073f
D4_s9_n0.5_b64,D4,9,0.5,64,group_retransport_without_hodge,0.5708333333333333,1.7597586279269137,0.23142235340367898,1.2502871951312617,0.0,1.2502871951312617,7,56,0.008292030543088913,124.46875,True,e8277040bb3604159bd400e63faf4ba6d8e262eed3f506514f91ed31ff0a073f
D4_s9_n0.5_b64,D4,9,0.5,64,weighted_hodge_without_low_rank,0.3233333333333333,1.872097360233284,0.07624165611880038,1.2502871951312617,0.6251435975656309,0.6251435975656309,7,56,0.009916955605149269,124.46875,True,e8277040bb3604159bd400e63faf4ba6d8e262eed3f506514f91ed31ff0a073f
D4_s9_n0.5_b64,D4,9,0.5,64,generic_low_rank_residual_correction,0.14083333333333334,2.7645899340063416,0.3024912110148241,1.2502871951312617,1.6029077916559777,-0.352620596524716,2,648,0.00833394005894661,124.46875,True,e8277040bb3604159bd400e63faf4ba6d8e262eed3f506514f91ed31ff0a073f
D4_s9_n0.5_b64,D4,9,0.5,64,hodge_low_rank_generic_retransport,0.27666666666666667,1.9985425917227766,0.042179273082460764,1.2502871951312617,0.8014538958279888,0.448833299303273,7,56,0.009917188435792923,124.46875,True,e8277040bb3604159bd400e63faf4ba6d8e262eed3f506514f91ed31ff0a073f
D4_s9_n0.5_b64,D4,9,0.5,64,group_retransport_without_low_rank,0.5708333333333333,1.7597586279269137,0.23142235340367898,1.2502871951312617,0.0,1.2502871951312617,7,648,0.00929180532693863,124.46875,True,e8277040bb3604159bd400e63faf4ba6d8e262eed3f506514f91ed31ff0a073f
D4_s9_n0.5_b64,D4,9,0.5,64,full_twistedmerge_hodge_lr,0.5708333333333333,1.7597586279269137,0.23142235340367892,1.2502871951312617,8.02315958352783e-16,1.2502871951312609,7,56,0.009165843948721886,124.46875,True,e8277040bb3604159bd400e63faf4ba6d8e262eed3f506514f91ed31ff0a073f
D4_s9_n0.5_b64,D4,9,0.5,64,full_random_group_law,0.11166666666666666,2.485485544676192,0.2456875525459683,1.2502871951312617,1.278367418202091,-0.028080223070829247,7,56,0.008542090654373169,124.46875,True,e8277040bb3604159bd400e63faf4ba6d8e262eed3f506514f91ed31ff0a073f
D4_s9_n0.5_b64,D4,9,0.5,64,full_shuffled_generator_identities,0.13666666666666666,2.432373409736089,0.2206875525459683,1.2502871951312617,1.4044273133538767,-0.15414011822261497,8,56,0.008333008736371994,124.46875,True,e8277040bb3604159bd400e63faf4ba6d8e262eed3f506514f91ed31ff0a073f
D4_s9_n0.5_b64,D4,9,0.5,64,full_wrong_multiplication_order,0.12,2.4643267677533105,0.23735421921263503,1.2502871951312617,1.2636946756742642,-0.013407480543002448,7,56,0.008666887879371643,124.46875,True,e8277040bb3604159bd400e63faf4ba6d8e262eed3f506514f91ed31ff0a073f
D4_s9_n0.5_b64,D4,9,0.5,64,full_without_pooling,0.505,1.7722779190361553,0.20998236833165995,1.2502871951312617,0.3125717987828152,0.9377153963484466,7,56,0.008750008419156075,124.46875,True,e8277040bb3604159bd400e63faf4ba6d8e262eed3f506514f91ed31ff0a073f
D4_s9_n0.5_b64,D4,9,0.5,64,full_without_retransport,0.17583333333333334,2.3495388202415386,0.1815208858793017,1.2502871951312617,1.2502871951312617,0.0,8,56,0.008832896128296852,124.46875,True,e8277040bb3604159bd400e63faf4ba6d8e262eed3f506514f91ed31ff0a073f
D4_s9_n0.5_b64,D4,9,0.5,64,full_followed_by_distillation,0.12833333333333333,4.716858866083346,0.5664006531152821,1.2502871951312617,3.0161188171978894,-1.7658316220666277,8,56,0.008291099220514297,124.46875,True,e8277040bb3604159bd400e63faf4ba6d8e262eed3f506514f91ed31ff0a073f
